"REPORT_ID","Suburb","LGA Name","Total Units","Total Cas","Total Fats","Total SI","Total MI","Year","Month","Day","Time","Area Speed","Road Surface","Moisture Cond","Weather Cond","DayNight","Crash Type","Unit Resp","DUI Involved","Drugs Involved","ACCLOC_X","ACCLOC_Y"
"2020-701-19/09/2025","NORWOOD","CC OF NORWOOD,PAYNEHAM & ST PETERS",2,1,0,0,1,2020,"January","Thursday","04:15 pm",60,"Sealed","Dry","Not Raining","Daylight","Right Angle",1,,,1330623.32,1670361.88
"2020-703-19/09/2025","MOUNT GAMBIER","CC MT.GAMBIER.",2,2,0,0,2,2020,"January","Saturday","02:00 pm",50,"Sealed","Dry","Not Raining","Daylight","Right Angle",2,,"Y",1510387.79,1340065.2
"2020-704-19/09/2025","MCLAREN VALE","CITY OF ONKAPARINGA",2,4,0,0,4,2020,"January","Saturday","04:15 pm",80,"Sealed","Dry","Not Raining","Daylight","Right Angle",1,,,1322263.95,1639474.19
"2020-707-19/09/2025","ANANGU PITJANTJATJARA YANKUNYTJATJARA",,1,1,0,0,1,2020,"January","Saturday","02:20 pm",100,"Unsealed","Dry","Not Raining","Daylight","Roll Over",1,,,704968.3,2594958.89
"2020-708-19/09/2025","PARA HILLS","CITY OF SALISBURY",2,1,0,0,1,2020,"January","Saturday","09:25 am",60,"Sealed","Dry","Not Raining","Daylight","Rear End",2,,,1334458.76,1682427.79
"2020-710-19/09/2025","GLENSIDE","CITY OF BURNSIDE",2,1,0,0,1,2020,"January","Saturday","05:52 pm",60,"Sealed","Dry","Not Raining","Daylight","Hit Fixed Object",1,"Y",,1331474.22,1669023.16
"2020-712-19/09/2025","COLLINSWOOD","CITY OF PROSPECT",2,1,0,0,1,2020,"January","Saturday","11:55 pm",60,"Sealed","Dry","Not Raining","Night","Right Angle",1,,,1330007.92,1674808.61
"2020-713-19/09/2025","MILE END","CITY OF WEST TORRENS",2,1,0,0,1,2020,"January","Sunday","12:09 am",50,"Sealed","Dry","Not Raining","Night","Hit Parked Vehicle",1,"Y",,1325325.91,1670546.27
"2020-715-19/09/2025","WILLIAMSTOWN","THE BAROSSA COUNCIL.",1,1,0,0,1,2020,"January","Saturday","11:10 pm",50,"Sealed","Dry","Not Raining","Night","Roll Over",1,"Y",,1356040.92,1697782.81
"2020-720-19/09/2025","WEST LAKES","CITY OF CHARLES STURT",2,1,0,0,1,2020,"January","Sunday","10:50 am",60,"Sealed","Dry","Not Raining","Daylight","Right Angle",1,,,1319894.09,1678291.82
"2020-725-19/09/2025","MONTACUTE","THE ADELAIDE HILLS COUNCIL",2,1,0,0,1,2020,"January","Sunday","12:15 pm",80,"Sealed","Dry","Not Raining","Daylight","Hit Fixed Object",1,,,1342041.55,1674862.88
"2020-730-19/09/2025","PARKSIDE","CITY OF UNLEY",2,1,0,0,1,2020,"January","Sunday","02:30 pm",60,"Sealed","Dry","Not Raining","Daylight","Rear End",2,,,1329061.8,1668820.24
"2020-738-19/09/2025","COROMANDEL VALLEY","CC MITCHAM.",3,1,0,0,1,2020,"January","Monday","01:50 am",60,"Sealed","Dry","Not Raining","Night","Hit Fixed Object",1,"Y",,1330343.8,1658605.52
"2020-740-19/09/2025","GEPPS CROSS","CITY OF PORT ADELAIDE ENFIELD",2,1,0,0,1,2020,"January","Sunday","11:56 am",60,"Sealed","Dry","Not Raining","Daylight","Rear End",1,,,1328029.1,1679246.21
"2020-743-19/09/2025","FULLARTON","CITY OF UNLEY",2,1,0,0,1,2020,"January","Sunday","01:30 pm",60,"Sealed","Dry","Not Raining","Daylight","Rear End",1,,,1330823.99,1668228.25
"2020-744-19/09/2025","MOUNT COMPASS","ALEXANDRINA COUNCIL",3,1,0,0,1,2020,"January","Monday","11:27 am",100,"Sealed","Dry","Not Raining","Daylight","Rear End",1,,,1329016.07,1622769.41
"2020-745-19/09/2025","HOUGHTON","THE ADELAIDE HILLS COUNCIL",2,1,0,1,0,2020,"January","Monday","11:13 am",80,"Sealed","Dry","Not Raining","Daylight","Hit Fixed Object",1,,,1343973.17,1681363.63
"2020-750-19/09/2025","SELLICKS HILL","CITY OF ONKAPARINGA",2,3,0,0,3,2020,"January","Monday","02:40 pm",90,"Sealed","Dry","Not Raining","Daylight","Rear End",1,,,1315621.24,1627141.72
"2020-751-19/09/2025","UNDERDALE","CITY OF WEST TORRENS",2,2,0,0,2,2020,"January","Monday","03:30 pm",60,"Sealed","Dry","Not Raining","Daylight","Right Turn",1,,,1323855.47,1670942.23
"2020-755-19/09/2025","PARRAKIE","SOUTHERN MALLEE DISTRICT COUNCIL",1,1,0,1,0,2020,"January","Monday","04:45 pm",110,"Sealed","Dry","Not Raining","Daylight","Roll Over",1,,"Y",1477034,1614484.06
"2020-760-19/09/2025","ADELAIDE","CITY OF ADELAIDE",2,1,0,0,1,2020,"January","Monday","02:40 pm",50,"Sealed","Dry","Not Raining","Daylight","Hit Pedestrian",2,"Y",,1328710.72,1671139.35
"2020-761-19/09/2025","ADELAIDE","CITY OF ADELAIDE",2,1,0,0,1,2020,"January","Monday","09:45 pm",50,"Sealed","Dry","Not Raining","Night","Right Angle",1,,,1329589.69,1670435.26
"2020-762-19/09/2025","NORMANVILLE","DC YANKALILLA.",2,1,0,0,1,2020,"January","Tuesday","02:24 am",60,"Sealed","Dry","Not Raining","Night","Hit Fixed Object",1,,,1300933.87,1613601.3
"2020-763-19/09/2025","PENFIELD GARDENS","CITY OF PLAYFORD.",2,1,0,0,1,2020,"January","Tuesday","06:10 am",90,"Sealed","Dry","Not Raining","Night","Right Turn",2,,"Y",1331551.01,1701744.86
"2020-764-19/09/2025","NEWTON","CC CAMPBELLTOWN.",2,1,0,0,1,2020,"January","Tuesday","07:19 am",50,"Sealed","Dry","Not Raining","Daylight","Right Angle",2,,,1336207.36,1674916.6
"2020-765-19/09/2025","SELLICKS HILL","CITY OF ONKAPARINGA",2,2,0,0,2,2020,"January","Tuesday","08:05 am",50,"Sealed","Dry","Not Raining","Daylight","Rear End",1,,,1315514.14,1626426.57
"2020-771-19/09/2025","WEST LAKES SHORE","CITY OF CHARLES STURT",2,1,0,0,1,2020,"January","Tuesday","10:38 am",60,"Sealed","Dry","Not Raining","Daylight","Side Swipe",2,,,1318002.4,1676880.44
"2020-772-19/09/2025","PARIS CREEK","ALEXANDRINA COUNCIL",2,1,0,0,1,2020,"January","Sunday","12:30 pm",100,"Unsealed","Dry","Not Raining","Daylight","Hit Fixed Object",1,,,1344678.69,1636405.67
"2020-779-19/09/2025","PAYNEHAM","CC OF NORWOOD,PAYNEHAM & ST PETERS",2,1,0,0,1,2020,"January","Wednesday","08:54 am",60,"Sealed","Dry","Not Raining","Daylight","Rear End",2,,,1332195.52,1673371.88
"2020-787-19/09/2025","KIDMAN PARK","CITY OF CHARLES STURT",2,1,0,0,1,2020,"January","Tuesday","03:26 pm",50,"Sealed","Dry","Not Raining","Daylight","Hit Fixed Object",1,,,1321409.48,1671871.85
"2020-791-19/09/2025","COWANDILLA","CITY OF WEST TORRENS",2,1,0,0,1,2020,"January","Tuesday","05:33 pm",60,"Sealed","Dry","Not Raining","Daylight","Side Swipe",1,,,1324360.75,1670045.22
"2020-794-19/09/2025","SEACLIFF PARK","CITY OF HOLDFAST BAY",2,1,0,0,1,2020,"January","Tuesday","05:40 pm",60,"Sealed","Dry","Not Raining","Daylight","Right Angle",2,,,1321206.92,1658737.96
"2020-795-19/09/2025","TANUNDA","LIGHT REGIONAL COUNCIL",2,2,0,0,2,2020,"January","Tuesday","03:50 pm",90,"Sealed","Dry","Not Raining","Daylight","Rear End",1,,,1359485.8,1712642.09
"2020-797-19/09/2025","SALISBURY NORTH","CITY OF SALISBURY",1,1,0,0,1,2020,"January","Tuesday","07:50 pm",60,"Unsealed","Dry","Not Raining","Daylight","Roll Over",9,,,1332609.95,1690193.38
"2020-798-19/09/2025","PARKSIDE","CITY OF UNLEY",3,1,0,0,1,2020,"January","Tuesday","05:05 pm",60,"Sealed","Dry","Not Raining","Daylight","Rear End",1,,,1329603.35,1668996.84
"2020-799-19/09/2025","MANNINGHAM","CITY OF PORT ADELAIDE ENFIELD",2,1,0,0,1,2020,"January","Tuesday","06:05 pm",60,"Sealed","Dry","Not Raining","Daylight","Rear End",2,,,1330587.34,1676574.47
"2020-800-19/09/2025","ELIZABETH","CITY OF PLAYFORD.",2,1,0,0,1,2020,"January","Tuesday","11:20 pm",50,"Sealed","Dry","Not Raining","Night","Hit Pedestrian",2,,,1335701.41,1693597.06
"2020-802-19/09/2025","PARADISE","CC CAMPBELLTOWN.",3,1,0,0,1,2020,"January","Wednesday","08:40 am",60,"Sealed","Dry","Not Raining","Daylight","Rear End",1,,,1334937.94,1676307.88
"2020-813-19/09/2025","GREENACRES","CITY OF PORT ADELAIDE ENFIELD",7,3,0,0,3,2020,"January","Wednesday","08:40 am",60,"Sealed","Dry","Not Raining","Daylight","Rear End",1,,,1330449.04,1676609.12
"2020-815-19/09/2025","WESTBOURNE PARK","CC MITCHAM.",3,1,0,1,0,2020,"January","Tuesday","12:45 pm",60,"Sealed","Dry","Not Raining","Daylight","Rear End",1,,"Y",1327508,1666198.52
"2020-827-19/09/2025","WILLASTON","CT GAWLER.",3,3,0,0,3,2020,"January","Wednesday","04:45 pm",50,"Sealed","Dry","Not Raining","Daylight","Hit Parked Vehicle",1,,,1342913.2,1707376.05
"2020-833-19/09/2025","KORUNYE","DC MALLALA.",2,1,0,0,1,2020,"January","Wednesday","03:16 pm",100,"Sealed","Dry","Not Raining","Daylight","Side Swipe",2,,,1325636.24,1710751.27
"2020-834-19/09/2025","PORT NOARLUNGA","CITY OF ONKAPARINGA",2,1,0,1,0,2020,"January","Wednesday","03:53 pm",60,"Sealed","Dry","Not Raining","Daylight","Side Swipe",1,,"Y",1316699.94,1646589.03
"2020-846-19/09/2025","PAYNEHAM","CC OF NORWOOD,PAYNEHAM & ST PETERS",2,1,0,0,1,2020,"January","Thursday","09:35 am",60,"Sealed","Dry","Not Raining","Daylight","Hit Pedestrian",2,,,1332302.52,1673858.37
"2020-855-19/09/2025","TROTT PARK","CC MARION.",3,2,0,0,2,2020,"January","Thursday","02:02 pm",100,"Sealed","Dry","Not Raining","Daylight","Rear End",2,,,1322829.81,1654154.51
"2020-859-19/09/2025","PLYMPTON PARK","CC MARION.",3,1,0,0,1,2020,"January","Thursday","02:55 pm",50,"Sealed","Dry","Not Raining","Daylight","Hit Parked Vehicle",1,,"Y",1323537.98,1665683.37
"2020-860-19/09/2025","GLENSIDE","CITY OF BURNSIDE",2,1,0,0,1,2020,"January","Wednesday","06:20 pm",60,"Sealed","Dry","Not Raining","Daylight","Rear End",2,,,1330673.28,1668997.6
"2020-863-19/09/2025","EVANSTON PARK","CT GAWLER.",2,1,0,1,0,2020,"January","Thursday","02:33 pm",50,"Sealed","Dry","Not Raining","Daylight","Hit Fixed Object",1,,,1342682.35,1702352.41
"2020-865-19/09/2025","CORUNNA STATION",,1,2,0,0,2,2020,"January","Thursday","01:15 pm",110,"Sealed","Dry","Not Raining","Daylight","Roll Over",1,,,1200068.55,1918532.58
"2020-866-19/09/2025","DARLINGTON","CC MARION.",2,1,0,0,1,2020,"January","Thursday","02:30 pm",70,"Sealed","Dry","Not Raining","Daylight","Rear End",2,,,1324224.24,1659406.89
"2020-867-19/09/2025","CUMBERLAND PARK","CC MITCHAM.",2,1,0,0,1,2020,"January","Thursday","03:25 pm",60,"Sealed","Dry","Not Raining","Daylight","Right Angle",2,,,1327514.82,1665944.74
"2020-868-19/09/2025","HOUGHTON","THE ADELAIDE HILLS COUNCIL",2,1,0,0,1,2020,"January","Thursday","04:35 pm",50,"Sealed","Dry","Not Raining","Daylight","Hit Fixed Object",1,,,1343629.05,1681132.01
"2020-870-19/09/2025","WAYVILLE","CITY OF UNLEY",2,1,0,0,1,2020,"January","Wednesday","07:30 pm",60,"Sealed","Dry","Not Raining","Daylight","Side Swipe",2,,,1327467.87,1668914.95
"2020-876-19/09/2025","PARAFIELD GARDENS","CITY OF SALISBURY",2,1,0,0,1,2020,"January","Friday","08:40 am",60,"Sealed","Dry","Not Raining","Daylight","Rear End",2,,,1330667.67,1685842.36
"2020-877-19/09/2025","FIRLE","CC OF NORWOOD,PAYNEHAM & ST PETERS",2,1,0,0,1,2020,"January","Friday","08:20 am",50,"Sealed","Dry","Not Raining","Daylight","Right Angle",2,,,1333699.61,1672694.21
"2020-879-19/09/2025","SALISBURY","CITY OF SALISBURY",4,1,0,0,1,2020,"January","Friday","10:00 am",60,"Sealed","Dry","Not Raining","Daylight","Right Angle",2,,,1332728.57,1688571.7
"2020-883-19/09/2025","NORWOOD","CC OF NORWOOD,PAYNEHAM & ST PETERS",2,1,0,0,1,2020,"January","Wednesday","08:45 am",50,"Unsealed","Dry","Not Raining","Daylight","Hit Pedestrian",1,,,1331018.27,1671450.68
"2020-886-19/09/2025","PENOLA","WATTLE RANGE COUNCIL",2,1,0,0,1,2020,"January","Thursday","07:45 pm",110,"Sealed","Dry","Not Raining","Daylight","Hit Fixed Object",1,,,1517829.02,1387961.11
"2020-887-19/09/2025","MORPHETT VALE","CITY OF ONKAPARINGA",2,1,0,0,1,2020,"January","Friday","08:55 am",60,"Sealed","Dry","Not Raining","Daylight","Rear End",1,,,1321423.24,1651036.46
"2020-888-19/09/2025","URRBRAE","CC MITCHAM.",2,1,0,0,1,2020,"January","Wednesday","07:45 pm",60,"Sealed","Dry","Not Raining","Daylight","Rear End",2,,,1332373.16,1666370.92
"2020-893-19/09/2025","SEFTON PARK","CITY OF PROSPECT",2,1,0,0,1,2020,"January","Friday","02:35 pm",60,"Sealed","Dry","Not Raining","Daylight","Rear End",2,,,1328877.8,1675936.78
"2020-895-19/09/2025","BOORS PLAIN","COPPER COAST DISTRICT COUNCIL",2,1,0,0,1,2020,"January","Friday","03:35 pm",100,"Sealed","Dry","Not Raining","Daylight","Rear End",2,,,1246680.57,1774167.94
"2020-896-19/09/2025","SEAVIEW DOWNS","CC MARION.",2,1,0,0,1,2020,"January","Friday","04:47 pm",60,"Sealed","Dry","Not Raining","Daylight","Hit Fixed Object",1,,"Y",1322424.1,1659366.59
"2020-900-19/09/2025","MURRAY BRIDGE","RC MURRAY BRIDGE.",2,2,0,0,2,2020,"January","Friday","05:15 pm",60,"Sealed","Wet","Raining","Daylight","Rear End",2,,,1389071.5,1644253.17
"2020-902-19/09/2025","SALISBURY DOWNS","CITY OF SALISBURY",2,1,0,0,1,2020,"January","Friday","06:30 pm",60,"Sealed","Wet","Raining","Daylight","Rear End",1,,,1331449.68,1686814.24
"2020-911-19/09/2025","CLINTON","YORKE PENINSULA COUNCIL",3,3,1,1,1,2020,"January","Friday","06:33 pm",100,"Sealed","Wet","Raining","Daylight","Head On",1,,"Y",1278767.02,1753507.51
"2020-919-19/09/2025","MARRYATVILLE","CC OF NORWOOD,PAYNEHAM & ST PETERS",2,1,0,0,1,2020,"February","Saturday","09:19 am",60,"Sealed","Wet","Raining","Daylight","Right Turn",2,,,1332269.85,1670409.71
"2020-920-19/09/2025","ONE TREE HILL","CITY OF PLAYFORD.",2,2,0,0,2,2020,"February","Saturday","09:45 am",100,"Sealed","Wet","Raining","Daylight","Hit Fixed Object",1,,,1342450.56,1693351.71
"2020-922-19/09/2025","FULHAM","CITY OF WEST TORRENS",2,2,0,0,2,2020,"February","Saturday","10:02 am",60,"Sealed","Wet","Raining","Daylight","Hit Parked Vehicle",1,,,1320639.9,1670849.7
"2020-924-19/09/2025","ONE TREE HILL","CITY OF PLAYFORD.",2,1,0,0,1,2020,"February","Saturday","10:30 am",80,"Sealed","Wet","Raining","Daylight","Right Angle",1,,,1345883.98,1693112.2
"2020-929-19/09/2025","FULHAM GARDENS","CITY OF CHARLES STURT",2,1,0,0,1,2020,"February","Saturday","12:35 pm",60,"Sealed","Wet","Raining","Daylight","Right Angle",1,,,1320649.93,1672375.82
"2020-930-19/09/2025","ADELAIDE","CITY OF ADELAIDE",4,2,0,0,2,2020,"February","Saturday","11:46 am",50,"Sealed","Wet","Raining","Daylight","Rear End",2,"Y",,1328677.27,1671410.49
"2020-934-19/09/2025","ELIZABETH","CITY OF PLAYFORD.",2,1,0,0,1,2020,"February","Saturday","02:01 pm",50,"Sealed","Wet","Raining","Daylight","Right Angle",1,,,1335488.4,1693732.57
"2020-935-19/09/2025","MODBURY","CITY OF TEA TREE GULLY",3,1,0,0,1,2020,"February","Saturday","02:15 pm",60,"Sealed","Wet","Raining","Daylight","Right Angle",2,,,1336395.9,1680602.76
"2020-938-19/09/2025","VIRGINIA","CITY OF PLAYFORD.",2,1,0,0,1,2020,"February","Saturday","03:05 pm",80,"Sealed","Wet","Raining","Daylight","Right Angle",1,,,1328371.64,1699225.45
"2020-940-19/09/2025","NORTH BRIGHTON","CITY OF HOLDFAST BAY",2,1,0,0,1,2020,"February","Saturday","03:45 pm",50,"Sealed","Wet","Raining","Daylight","Hit Fixed Object",1,,,1320769.68,1661801.51
"2020-944-19/09/2025","MOUNT MCINTYRE","WATTLE RANGE COUNCIL",1,1,0,1,0,2020,"February","Saturday","03:37 pm",100,"Unsealed","Dry","Not Raining","Daylight","Roll Over",1,,,1492273.78,1369539.71
"2020-945-19/09/2025","FORRESTON","THE ADELAIDE HILLS COUNCIL",2,1,0,0,1,2020,"February","Saturday","03:00 pm",80,"Sealed","Wet","Raining","Daylight","Hit Fixed Object",1,,,1356105.29,1686112.37
"2020-946-19/09/2025","HAMPSTEAD GARDENS","CITY OF PORT ADELAIDE ENFIELD",2,2,0,0,2,2020,"February","Saturday","05:30 pm",60,"Sealed","Wet","Raining","Daylight","Hit Fixed Object",1,,,1331810.42,1676594.49
"2020-950-19/09/2025","LOCKLEYS","CITY OF WEST TORRENS",2,1,0,0,1,2020,"February","Saturday","05:20 pm",60,"Sealed","Dry","Not Raining","Daylight","Right Angle",2,,,1321665.19,1670846.25
"2020-951-19/09/2025","CLARENDON","CITY OF ONKAPARINGA",2,3,0,0,3,2020,"February","Saturday","07:20 pm",80,"Sealed","Dry","Not Raining","Daylight","Rear End",2,,,1331157.34,1649353
"2020-953-19/09/2025","EDWARDSTOWN","CC MARION.",2,1,0,0,1,2020,"February","Saturday","07:50 pm",50,"Sealed","Dry","Not Raining","Daylight","Hit Parked Vehicle",2,,,1325331.96,1665174.55
"2020-963-19/09/2025","ADELAIDE","CITY OF ADELAIDE",2,1,0,0,1,2020,"February","Sunday","08:00 am",60,"Sealed","Dry","Not Raining","Daylight","Hit Pedestrian",2,,,1330191.55,1670399.41
"2020-965-19/09/2025","ELIZABETH SOUTH","CITY OF PLAYFORD.",2,1,0,0,1,2020,"February","Sunday","02:35 pm",60,"Sealed","Dry","Not Raining","Daylight","Side Swipe",2,,,1334715.85,1691529.55
"2020-967-19/09/2025","TAPEROO","CITY OF PORT ADELAIDE ENFIELD",2,1,0,1,0,2020,"February","Sunday","04:00 pm",60,"Sealed","Dry","Not Raining","Daylight","Hit Parked Vehicle",1,,,1319918.82,1684101.84
"2020-969-19/09/2025","BUNGAMA","PT.PIRIE CITY & DIST. COUNCIL",1,1,0,1,0,2020,"February","Sunday","02:45 pm",100,"Sealed","Dry","Not Raining","Daylight","Roll Over",1,,,1286175.29,1863542.7
"2020-970-19/09/2025","INGLE FARM","CITY OF SALISBURY",2,1,0,1,0,2020,"February","Sunday","04:10 pm",60,"Sealed","Dry","Not Raining","Daylight","Right Turn",2,,,1331651.67,1681192.56
"2020-972-19/09/2025","WALKERVILLE","WALKERVILLE TOWN COUNCIL",2,1,0,0,1,2020,"February","Sunday","03:30 pm",40,"Sealed","Dry","Not Raining","Daylight","Hit Pedestrian",2,,,1330175.66,1673982.85
"2020-973-19/09/2025","YANKALILLA","DC YANKALILLA.",2,2,0,0,2,2020,"January","Friday","08:45 pm",100,"Sealed","Wet","Raining","Night","Head On",2,,,1304900.68,1613162.88
"2020-975-19/09/2025","MCLAREN VALE","CITY OF ONKAPARINGA",2,1,0,0,1,2020,"February","Sunday","07:35 pm",80,"Sealed","Dry","Not Raining","Daylight","Hit Fixed Object",1,,,1326997.88,1636957.75
"2020-976-19/09/2025","ADELAIDE","CITY OF ADELAIDE",2,1,0,1,0,2020,"February","Sunday","05:35 pm",50,"Sealed","Dry","Not Raining","Daylight","Hit Fixed Object",1,,"Y",1329593.2,1669909.56
"2020-977-19/09/2025","SEAL BAY","KANGAROO ISLAND COUNCIL",2,1,1,0,0,2020,"February","Sunday","12:57 pm",110,"Sealed","Dry","Not Raining","Daylight","Side Swipe",1,,,1207882.42,1563622.87
"2020-979-19/09/2025","WEST LAKES","CITY OF CHARLES STURT",2,2,0,0,2,2020,"February","Sunday","08:55 pm",60,"Sealed","Dry","Not Raining","Night","Right Turn",2,,"Y",1319878.85,1675858.09
"2020-986-19/09/2025","KENSINGTON","CC OF NORWOOD,PAYNEHAM & ST PETERS",2,1,0,0,1,2020,"February","Monday","08:15 am",60,"Sealed","Dry","Not Raining","Daylight","Side Swipe",1,,,1332734.73,1671085.13
"2020-988-19/09/2025","GILLES PLAINS","CITY OF PORT ADELAIDE ENFIELD",3,1,0,0,1,2020,"February","Monday","09:12 am",60,"Sealed","Dry","Not Raining","Daylight","Right Turn",1,,,1333635.76,1678283.55
"2020-994-19/09/2025","RICHMOND","CITY OF WEST TORRENS",2,1,0,0,1,2020,"January","Monday","11:30 am",60,"Sealed","Dry","Not Raining","Daylight","Rear End",2,,,1325038.65,1668925.05
"2020-995-19/09/2025","MILE END","CITY OF WEST TORRENS",3,1,0,0,1,2020,"February","Monday","10:00 am",60,"Sealed","Dry","Not Raining","Daylight","Side Swipe",2,,,1325747.94,1670605.95
"2020-998-19/09/2025","ENFIELD","CITY OF PORT ADELAIDE ENFIELD",2,1,0,0,1,2020,"February","Monday","01:05 pm",60,"Sealed","Dry","Not Raining","Daylight","Rear End",2,,,1328829.44,1678299.86
"2020-1000-19/09/2025","WAYVILLE","CITY OF UNLEY",2,1,0,0,1,2020,"January","Tuesday","04:00 pm",60,"Sealed","Dry","Not Raining","Daylight","Rear End",2,,,1327969.17,1668950.29
"2020-1008-19/09/2025","HUNTFIELD HEIGHTS","CITY OF ONKAPARINGA",2,1,0,0,1,2020,"February","Monday","02:45 pm",60,"Sealed","Dry","Not Raining","Daylight","Right Turn",1,,,1320882.43,1646368.02
"2020-1012-19/09/2025","KESWICK TERMINAL","CITY OF WEST TORRENS",3,2,0,1,1,2020,"February","Monday","04:55 pm",60,"Sealed","Dry","Not Raining","Daylight","Right Turn",1,,,1326431.95,1668966.24
"2020-1014-19/09/2025","ELIZABETH VALE","CITY OF PLAYFORD.",2,1,0,0,1,2020,"February","Monday","02:10 pm",80,"Sealed","Dry","Not Raining","Daylight","Rear End",2,,,1336141.79,1690279.18
"2020-1019-19/09/2025","NOARLUNGA DOWNS","CITY OF ONKAPARINGA",3,1,0,0,1,2020,"February","Monday","05:50 pm",80,"Sealed","Dry","Not Raining","Daylight","Rear End",1,,,1319288.56,1644358.57
"2020-1024-19/09/2025","MURRAY BRIDGE","RC MURRAY BRIDGE.",2,2,0,0,2,2020,"February","Monday","06:14 pm",60,"Sealed","Dry","Not Raining","Daylight","Right Turn",1,,,1387586.7,1646248.9
"2020-1025-19/09/2025","BELAIR","CC MITCHAM.",2,1,0,0,1,2020,"February","Monday","11:20 pm",60,"Sealed","Dry","Not Raining","Night","Hit Fixed Object",1,,,1331696.95,1660543.62
"2020-1029-19/09/2025","KENT TOWN","CC OF NORWOOD,PAYNEHAM & ST PETERS",2,1,0,0,1,2020,"February","Tuesday","08:55 am",60,"Sealed","Dry","Not Raining","Daylight","Right Turn",1,,,1329919.02,1671181.83
"2020-1032-19/09/2025","SEMAPHORE SOUTH","CITY OF PORT ADELAIDE ENFIELD",1,1,0,0,1,2020,"February","Tuesday","11:30 am",50,"Sealed","Dry","Not Raining","Daylight","Roll Over",1,,,1317671.36,1679969.47
"2020-1036-19/09/2025","WESTBOURNE PARK","CC MITCHAM.",2,1,0,1,0,2020,"February","Tuesday","01:10 pm",60,"Sealed","Dry","Not Raining","Daylight","Hit Pedestrian",2,,,1327515.58,1665915.74
"2020-1037-19/09/2025","REGENCY PARK","CITY OF PORT ADELAIDE ENFIELD",2,1,0,0,1,2020,"February","Tuesday","01:15 pm",50,"Sealed","Dry","Not Raining","Daylight","Rear End",2,,,1325569.68,1677938.21
"2020-1039-19/09/2025","WILLUNGA","CITY OF ONKAPARINGA",2,2,0,1,1,2020,"February","Tuesday","01:07 pm",100,"Sealed","Dry","Not Raining","Daylight","Head On",1,,,1324688.37,1630770.24
"2020-1041-19/09/2025","PROSPECT","CITY OF PROSPECT",2,1,0,0,1,2020,"February","Tuesday","01:50 pm",40,"Sealed","Dry","Not Raining","Daylight","Right Angle",2,,,1328100.54,1674845.03
"2020-1042-19/09/2025","ARNO BAY","DC CLEVE.",1,1,0,1,0,2020,"February","Tuesday","11:55 am",110,"Sealed","Dry","Not Raining","Daylight","Roll Over",1,,,1153140.23,1793799.67
"2020-1048-19/09/2025","GREENACRES","CITY OF PORT ADELAIDE ENFIELD",2,1,0,0,1,2020,"February","Tuesday","04:30 pm",50,"Sealed","Dry","Not Raining","Daylight","Hit Parked Vehicle",1,,,1331497.38,1676975.55
"2020-1050-19/09/2025","GLENELG NORTH","CITY OF HOLDFAST BAY",2,1,0,0,1,2020,"February","Tuesday","05:38 pm",60,"Sealed","Dry","Not Raining","Daylight","Right Turn",2,,,1320921.63,1665551.92
"2020-1052-19/09/2025","VALLEY VIEW","CITY OF SALISBURY",3,1,0,0,1,2020,"February","Tuesday","03:00 pm",60,"Sealed","Dry","Not Raining","Daylight","Hit Parked Vehicle",1,,,1334531.48,1680240.7
"2020-1053-19/09/2025","HAMPSTEAD GARDENS","CITY OF PORT ADELAIDE ENFIELD",2,1,0,0,1,2020,"February","Tuesday","03:55 pm",60,"Sealed","Dry","Not Raining","Daylight","Right Angle",1,,,1331861.39,1676604.38
"2020-1056-19/09/2025","WINGFIELD","CITY OF PORT ADELAIDE ENFIELD",1,1,0,0,1,2020,"February","Monday","05:25 pm",60,"Sealed","Dry","Not Raining","Daylight","Roll Over",1,,,1325516.78,1680003.6
"2020-1057-19/09/2025","KENT TOWN","CC OF NORWOOD,PAYNEHAM & ST PETERS",2,1,0,0,1,2020,"February","Tuesday","08:30 am",50,"Sealed","Dry","Not Raining","Daylight","Head On",9,,,1330235.81,1671221.86
"2020-1058-19/09/2025","HINDMARSH","CITY OF CHARLES STURT",4,2,0,0,2,2020,"February","Tuesday","05:45 pm",60,"Sealed","Dry","Not Raining","Daylight","Rear End",1,,,1326440.13,1672689.09
"2020-1064-19/09/2025","MAWSON LAKES","CITY OF SALISBURY",2,1,0,0,1,2020,"February","Tuesday","10:50 pm",60,"Sealed","Dry","Not Raining","Night","Right Angle",1,,,1329466.98,1684471.98
"2020-1065-19/09/2025","FLINDERS PARK","CITY OF CHARLES STURT",3,2,0,0,2,2020,"February","Tuesday","10:30 pm",50,"Sealed","Dry","Not Raining","Night","Rear End",2,,,1323103.87,1672374.51
"2020-1066-19/09/2025","CLINTON","YORKE PENINSULA COUNCIL",1,1,0,1,0,2020,"February","Monday","09:15 am",100,"Sealed","Dry","Not Raining","Daylight","Roll Over",1,,,1276115.1,1749033.26
"2020-1070-19/09/2025","KENSINGTON","CC OF NORWOOD,PAYNEHAM & ST PETERS",2,1,0,0,1,2020,"February","Wednesday","09:19 am",60,"Sealed","Dry","Not Raining","Daylight","Side Swipe",2,,"Y",1332738.68,1671085.23