"REPORT_ID","Suburb","LGA Name","Total Units","Total Cas","Total Fats","Total SI","Total MI","Year","Month","Day","Time","Area Speed","Road Surface","Moisture Cond","Weather Cond","DayNight","Crash Type","Unit Resp","DUI Involved","Drugs Involved","ACCLOC_X","ACCLOC_Y"
"2020-1075-19/09/2025","COLONEL LIGHT GARDENS","CC MITCHAM.",2,1,0,0,1,2020,"February","Wednesday","09:15 am",60,"Sealed","Dry","Not Raining","Daylight","Rear End",2,,,1328145.5,1663504.11
"2020-1078-19/09/2025","FINNISS","ALEXANDRINA COUNCIL",2,1,0,0,1,2020,"February","Wednesday","08:59 am",100,"Sealed","Dry","Not Raining","Daylight","Hit Fixed Object",1,,"Y",1351405.84,1614339.18
"2020-1080-19/09/2025","MONTACUTE","THE ADELAIDE HILLS COUNCIL",2,1,0,1,0,2020,"February","Tuesday","06:50 am",80,"Sealed","Dry","Not Raining","Daylight","Hit Animal",2,,,1341790.23,1674445.25
"2020-1082-19/09/2025","GAWLER","CT GAWLER.",2,1,0,1,0,2020,"February","Tuesday","07:40 am",50,"Sealed","Dry","Not Raining","Daylight","Hit Fixed Object",1,,,1343297.22,1706269.26
"2020-1085-19/09/2025","MUNNO PARA","CITY OF PLAYFORD.",2,1,0,0,1,2020,"February","Wednesday","11:40 am",60,"Sealed","Dry","Not Raining","Daylight","Rear End",2,,,1336690.92,1698532.16
"2020-1086-19/09/2025","MAWSON LAKES","CITY OF SALISBURY",2,1,0,0,1,2020,"February","Wednesday","12:30 pm",50,"Sealed","Dry","Not Raining","Daylight","Rear End",2,,,1330491.72,1683868.8
"2020-1087-19/09/2025","SEFTON PARK","CITY OF PROSPECT",2,2,0,0,2,2020,"February","Wednesday","03:29 pm",60,"Sealed","Dry","Not Raining","Daylight","Side Swipe",2,,,1328885.97,1675966.5
"2020-1093-19/09/2025","SOUTH BRIGHTON","CITY OF HOLDFAST BAY",2,1,0,0,1,2020,"February","Wednesday","05:08 pm",60,"Sealed","Dry","Not Raining","Daylight","Right Angle",1,,,1321152.76,1660173.94
"2020-1094-19/09/2025","GLOBE DERBY PARK","CITY OF SALISBURY",3,1,0,0,1,2020,"February","Wednesday","04:35 pm",80,"Sealed","Dry","Not Raining","Daylight","Rear End",1,,,1328691.81,1685552.54
"2020-1098-19/09/2025","NARACOORTE","DC NARACOORTE & LUCINDALE.",2,1,0,1,0,2020,"February","Wednesday","05:15 pm",60,"Sealed","Dry","Not Raining","Daylight","Right Angle",1,,,1510835.06,1437206.47
"2020-1101-19/09/2025","LOCKLEYS","CITY OF WEST TORRENS",2,1,0,0,1,2020,"February","Wednesday","08:32 pm",60,"Sealed","Dry","Not Raining","Night","Rear End",2,,,1322632.15,1671121.51
"2020-1102-19/09/2025","ROSE PARK","CITY OF BURNSIDE",2,1,0,0,1,2020,"February","Wednesday","08:50 pm",50,"Sealed","Dry","Not Raining","Night","Hit Fixed Object",1,"Y",,1331465.19,1670267.75
"2020-1104-19/09/2025","REYNELLA EAST","CITY OF ONKAPARINGA",3,1,0,0,1,2020,"February","Wednesday","05:05 pm",80,"Sealed","Dry","Not Raining","Daylight","Rear End",1,,,1323029.08,1652284.61
"2020-1107-19/09/2025","HECTORVILLE","CC CAMPBELLTOWN.",4,1,0,0,1,2020,"February","Thursday","03:00 am",50,"Sealed","Dry","Not Raining","Night","Hit Parked Vehicle",1,"Y",,1335278.84,1673663.96
"2020-1116-19/09/2025","PARADISE","CC CAMPBELLTOWN.",2,1,0,0,1,2020,"February","Thursday","09:52 am",60,"Sealed","Dry","Not Raining","Daylight","Right Turn",2,,,1335449.75,1675918.3
"2020-1117-19/09/2025","NORTH ADELAIDE","CITY OF ADELAIDE",3,1,0,0,1,2020,"January","Friday","03:15 pm",50,"Sealed","Dry","Not Raining","Daylight","Rear End",1,,,1327944.4,1672141.81
"2020-1121-19/09/2025","BUTE","BARUNGA WEST DISTRICT COUNCIL",2,1,0,0,1,2020,"February","Tuesday","02:40 pm",100,"Sealed","Dry","Not Raining","Daylight","Hit Fixed Object",1,,,1275996.04,1791207.84
"2020-1128-19/09/2025","SALISBURY SOUTH","CITY OF SALISBURY",2,2,0,0,2,2020,"February","Thursday","02:55 pm",60,"Sealed","Dry","Not Raining","Daylight","Rear End",2,,,1332980.84,1685621.93
"2020-1130-19/09/2025","PENFIELD","CITY OF PLAYFORD.",3,1,0,0,1,2020,"February","Thursday","04:10 pm",80,"Sealed","Dry","Not Raining","Daylight","Roll Over",1,,,1333903.81,1696097.69
"2020-1133-19/09/2025","GLENELG EAST","CITY OF HOLDFAST BAY",3,1,0,0,1,2020,"February","Thursday","04:45 pm",60,"Sealed","Dry","Not Raining","Daylight","Rear End",1,,,1321004.73,1665279.3
"2020-1137-19/09/2025","TORRENS PARK","CC MITCHAM.",2,1,0,0,1,2020,"February","Thursday","08:20 am",60,"Sealed","Dry","Not Raining","Daylight","Hit Pedestrian",1,,,1329173.84,1664902.1
"2020-1139-19/09/2025","UNLEY","CITY OF UNLEY",2,1,0,0,1,2020,"February","Wednesday","08:30 am",50,"Sealed","Dry","Not Raining","Daylight","Side Swipe",1,,,1328917.2,1668920.71
"2020-1141-19/09/2025","WINDSOR GARDENS","CITY OF PORT ADELAIDE ENFIELD",2,1,0,0,1,2020,"February","Thursday","06:25 pm",60,"Sealed","Dry","Not Raining","Daylight","Roll Over",1,,,1333171.88,1677529.23
"2020-1146-19/09/2025","COONALPYN","COORONG DISTRICT COUNCIL",2,1,0,0,1,2020,"February","Wednesday","09:45 am",110,"Sealed","Dry","Not Raining","Daylight","Hit Fixed Object",1,,,1439709.46,1580169.98
"2020-1148-19/09/2025","WHYALLA NORRIE","CC WHYALLA.",1,1,0,1,0,2020,"February","Thursday","08:49 pm",60,"Sealed","Dry","Not Raining","Night","Roll Over",1,,,1237564.59,1883447.37
"2020-1149-19/09/2025","SEACLIFF PARK","CC MARION.",2,1,0,0,1,2020,"February","Friday","06:44 am",60,"Sealed","Dry","Not Raining","Daylight","Rear End",1,,,1321250.75,1658411.02
"2020-1151-19/09/2025","MILLBROOK","THE ADELAIDE HILLS COUNCIL",2,1,0,0,1,2020,"January","Saturday","04:30 pm",80,"Sealed","Dry","Not Raining","Daylight","Hit Fixed Object",1,,"Y",1349198.39,1681503.5
"2020-1156-19/09/2025","CLARENCE GARDENS","CC MITCHAM.",2,2,0,0,2,2020,"February","Friday","10:20 am",60,"Sealed","Dry","Not Raining","Daylight","Rear End",1,,,1325916.05,1664988.13
"2020-1157-19/09/2025","NEWTON","CC CAMPBELLTOWN.",3,2,0,0,2,2020,"February","Friday","10:33 am",60,"Sealed","Dry","Not Raining","Daylight","Right Angle",2,,,1335409.35,1674554.22
"2020-1159-19/09/2025","REDWOOD PARK","CITY OF TEA TREE GULLY",2,1,0,0,1,2020,"February","Friday","01:12 am",70,"Sealed","Dry","Not Raining","Night","Right Angle",2,,,1337585,1682912.72
"2020-1166-19/09/2025","FELIXSTOW","CC OF NORWOOD,PAYNEHAM & ST PETERS",2,1,0,0,1,2020,"February","Friday","01:50 pm",60,"Sealed","Dry","Not Raining","Daylight","Right Angle",1,,,1333512.38,1674404.2
"2020-1168-19/09/2025","KURRALTA PARK","CITY OF WEST TORRENS",2,1,0,0,1,2020,"February","Friday","02:30 pm",60,"Sealed","Dry","Not Raining","Daylight","Side Swipe",1,,,1325813.8,1668335
"2020-1170-19/09/2025","SALISBURY PLAIN","CITY OF SALISBURY",2,3,0,0,3,2020,"February","Friday","03:55 pm",80,"Sealed","Dry","Not Raining","Daylight","Rear End",1,,,1335378.53,1688031.1
"2020-1177-19/09/2025","EASTWOOD","CITY OF BURNSIDE",2,1,0,0,1,2020,"February","Friday","05:20 pm",60,"Sealed","Dry","Not Raining","Daylight","Side Swipe",2,,,1329949.99,1668986.87
"2020-1182-19/09/2025","UNLEY PARK","CITY OF UNLEY",2,1,0,0,1,2020,"February","Friday","09:45 pm",50,"Sealed","Dry","Not Raining","Night","Hit Parked Vehicle",1,,,1328984.03,1666678.97
"2020-1188-19/09/2025","PETERHEAD","CITY OF PORT ADELAIDE ENFIELD",2,1,0,0,1,2020,"February","Friday","03:15 pm",50,"Sealed","Dry","Not Raining","Daylight","Right Angle",1,,,1319430.33,1681200.44
"2020-1190-19/09/2025","MARLESTON","CITY OF WEST TORRENS",2,1,0,0,1,2020,"February","Saturday","09:15 am",60,"Sealed","Dry","Not Raining","Daylight","Right Turn",1,,,1324617.92,1668914.08
"2020-1194-19/09/2025","FULLARTON","CITY OF UNLEY",2,1,0,0,1,2020,"February","Saturday","10:53 am",60,"Sealed","Dry","Not Raining","Daylight","Right Angle",2,,,1330731.84,1667482.42
"2020-1201-19/09/2025","SALISBURY","CITY OF SALISBURY",2,1,0,0,1,2020,"February","Saturday","12:30 pm",20,"Sealed","Dry","Not Raining","Daylight","Hit Pedestrian",1,,,1333279.6,1688639.25
"2020-1206-19/09/2025","HINDMARSH TIERS","DC VICTOR HARBOR.",2,1,0,0,1,2020,"February","Saturday","10:24 am",100,"Unsealed","Dry","Not Raining","Daylight","Head On",2,,,1326401.1,1616890.8
"2020-1209-19/09/2025","PORT AUGUSTA","CC PT.AUGUSTA.",3,1,0,1,0,2020,"February","Saturday","04:30 pm",50,"Sealed","Dry","Not Raining","Daylight","Right Turn",2,,,1259219.01,1942479.84
"2020-1210-19/09/2025","ULEYBURY","CITY OF PLAYFORD.",3,1,0,1,0,2020,"February","Saturday","04:37 pm",100,"Sealed","Dry","Not Raining","Daylight","Hit Fixed Object",1,,"Y",1341331.77,1697669.57
"2020-1212-19/09/2025","EDWARDSTOWN","CC MARION.",2,1,0,0,1,2020,"February","Saturday","03:00 pm",50,"Sealed","Dry","Not Raining","Daylight","Right Angle",2,,,1325071.63,1665621.26
"2020-1214-19/09/2025","MYRTLE BANK","CITY OF UNLEY",2,1,0,0,1,2020,"February","Saturday","06:00 pm",60,"Sealed","Dry","Not Raining","Daylight","Hit Parked Vehicle",2,,,1331993.79,1666973.35
"2020-1215-19/09/2025","GLYNDE","CC OF NORWOOD,PAYNEHAM & ST PETERS",3,2,0,0,2,2020,"February","Saturday","07:10 pm",60,"Sealed","Dry","Not Raining","Daylight","Right Angle",2,,,1333815.17,1673244.73
"2020-1216-19/09/2025","SALISBURY NORTH","CITY OF SALISBURY",2,1,0,0,1,2020,"February","Saturday","06:39 pm",60,"Sealed","Dry","Not Raining","Daylight","Head On",1,"Y",,1331232.12,1689969.65
"2020-1217-19/09/2025","WAURALTEE","YORKE PENINSULA COUNCIL",1,1,0,1,0,2020,"February","Saturday","05:15 pm",40,"Unsealed","Wet","Not Raining","Daylight","Roll Over",1,"Y",,1229782.86,1709436.18
"2020-1219-19/09/2025","PROSPECT","CITY OF PROSPECT",2,2,0,1,1,2020,"February","Saturday","10:42 pm",60,"Sealed","Dry","Not Raining","Night","Right Angle",2,,,1328862.28,1676441.72
"2020-1228-19/09/2025","MOANA","CITY OF ONKAPARINGA",2,1,0,0,1,2020,"February","Sunday","12:15 pm",60,"Sealed","Dry","Not Raining","Daylight","Rear End",1,,,1316336.81,1641326.78
"2020-1230-19/09/2025","NOARLUNGA CENTRE","CITY OF ONKAPARINGA",1,1,0,0,1,2020,"February","Sunday","12:45 pm",60,"Sealed","Dry","Not Raining","Daylight","Roll Over",1,,,1318169.9,1647455.71
"2020-1231-19/09/2025","MITCHELL PARK","CC MARION.",2,1,0,0,1,2020,"February","Sunday","12:10 pm",60,"Sealed","Dry","Not Raining","Daylight","Right Turn",1,,,1324382.88,1661284.45
"2020-1232-19/09/2025","STRATHALBYN","ALEXANDRINA COUNCIL",1,1,0,0,1,2020,"February","Sunday","12:50 pm",80,"Sealed","Dry","Not Raining","Daylight","Left Road - Out of Control",1,,,1355077.07,1628649.43
"2020-1234-19/09/2025","SALISBURY NORTH","CITY OF SALISBURY",2,1,0,0,1,2020,"February","Sunday","03:50 pm",50,"Sealed","Dry","Not Raining","Daylight","Hit Pedestrian",2,,,1330992.3,1690504.33
"2020-1235-19/09/2025","POINT PEARCE","YORKE PENINSULA COUNCIL",1,1,0,1,0,2020,"February","Sunday","11:00 am",100,"Unsealed","Dry","Not Raining","Daylight","Roll Over",1,,,1225340.14,1728685.17
"2020-1236-19/09/2025","HILLCREST","CITY OF PORT ADELAIDE ENFIELD",3,1,0,0,1,2020,"February","Sunday","04:50 pm",50,"Sealed","Dry","Not Raining","Daylight","Right Angle",1,,,1332182.1,1676688.39
"2020-1240-19/09/2025","KILBURN","CITY OF PORT ADELAIDE ENFIELD",2,1,0,0,1,2020,"February","Sunday","04:25 pm",60,"Sealed","Dry","Not Raining","Daylight","Rear End",1,,,1327174.37,1678877.89
"2020-1245-19/09/2025","SALISBURY NORTH","CITY OF SALISBURY",3,1,0,0,1,2020,"February","Monday","06:45 am",60,"Sealed","Dry","Not Raining","Daylight","Right Angle",2,,,1331977.75,1689382.42
"2020-1247-19/09/2025","FULLARTON","CITY OF UNLEY",2,1,0,0,1,2020,"February","Monday","07:45 am",60,"Sealed","Dry","Not Raining","Daylight","Right Angle",1,,,1330731.84,1667482.42
"2020-1256-19/09/2025","SANDERSTON","MID MURRAY DISTRICT COUNCIL",2,1,0,1,0,2020,"February","Sunday","10:30 am",100,"Sealed","Dry","Not Raining","Daylight","Hit Fixed Object",1,,,1382295.57,1687279.52
"2020-1261-19/09/2025","GOOLWA","ALEXANDRINA COUNCIL",2,1,0,0,1,2020,"February","Monday","02:30 pm",80,"Unsealed","Dry","Not Raining","Daylight","Hit Fixed Object",1,,"Y",1339289.41,1608812.25
"2020-1262-19/09/2025","HIGHLAND VALLEY","ALEXANDRINA COUNCIL",1,1,0,0,1,2020,"February","Monday","08:50 am",50,"Unsealed","Dry","Not Raining","Daylight","Roll Over",1,,,1356443.48,1644207.33
"2020-1263-19/09/2025","HIGHBURY","CITY OF TEA TREE GULLY",2,1,0,0,1,2020,"February","Monday","03:15 pm",60,"Sealed","Dry","Not Raining","Daylight","Right Turn",1,,,1338113.52,1678461.9
"2020-1268-19/09/2025","WILLIAMSTOWN","THE BAROSSA COUNCIL.",2,2,0,0,2,2020,"February","Monday","04:12 pm",50,"Sealed","Dry","Not Raining","Daylight","Rear End",2,,,1356008.35,1698160.42
"2020-1271-19/09/2025","MAWSON LAKES","CITY OF SALISBURY",2,1,0,0,1,2020,"February","Monday","04:55 pm",80,"Sealed","Dry","Not Raining","Daylight","Rear End",2,,,1331219.28,1682775.26
"2020-1275-19/09/2025","NORTH ADELAIDE","CITY OF PROSPECT",4,1,0,0,1,2020,"February","Monday","06:06 pm",60,"Sealed","Dry","Not Raining","Daylight","Rear End",1,,,1327671.07,1673642.98
"2020-1277-19/09/2025","TOTNESS","DC MT.BARKER.",3,1,0,0,1,2020,"February","Monday","04:50 pm",60,"Sealed","Dry","Not Raining","Daylight","Rear End",2,,,1350988.05,1655305.02
"2020-1279-19/09/2025","LONG FLAT","RC MURRAY BRIDGE.",1,1,0,0,1,2020,"February","Monday","06:30 pm",80,"Unsealed","Dry","Not Raining","Daylight","Roll Over",1,,,1392848.64,1644688.74
"2020-1285-19/09/2025","CHELTENHAM","CITY OF CHARLES STURT",1,1,0,1,0,2020,"February","Monday","01:01 pm",60,"Sealed","Dry","Not Raining","Daylight","Roll Over",1,,,1321657.85,1676760.81
"2020-1287-19/09/2025","WHYALLA","CC WHYALLA.",2,2,0,1,1,2020,"February","Tuesday","05:50 am",30,"Sealed","Dry","Not Raining","Night","Hit Pedestrian",2,,,1241286.95,1882396.7
"2020-1288-19/09/2025","LOCKLEYS","CITY OF WEST TORRENS",4,2,0,0,2,2020,"February","Tuesday","06:45 am",60,"Sealed","Dry","Not Raining","Daylight","Head On",1,,,1320956,1670188.09
"2020-1291-19/09/2025","BLACK SPRINGS","CLARE AND GILBERT VALLEYS DISTRICT COUNCIL",2,1,0,0,1,2020,"February","Monday","08:15 am",110,"Sealed","Dry","Not Raining","Daylight","Rear End",2,,,1357761.75,1786733.96
"2020-1294-19/09/2025","MYRTLE BANK","CITY OF UNLEY",2,1,0,0,1,2020,"February","Tuesday","08:15 am",50,"Sealed","Dry","Not Raining","Daylight","Side Swipe",2,,,1331198.72,1667159.4
"2020-1296-19/09/2025","ENFIELD","CITY OF PORT ADELAIDE ENFIELD",2,1,0,0,1,2020,"February","Monday","08:30 am",60,"Sealed","Dry","Not Raining","Daylight","Rear End",1,,,1328859.45,1677079.43
"2020-1299-19/09/2025","BELAIR","CC MITCHAM.",2,1,0,0,1,2020,"February","Sunday","10:00 am",60,"Sealed","Dry","Not Raining","Daylight","Side Swipe",1,,,1330516.95,1661786.3
"2020-1300-19/09/2025","URRBRAE","CC MITCHAM.",3,1,0,0,1,2020,"February","Tuesday","07:55 am",60,"Sealed","Dry","Not Raining","Daylight","Rear End",1,,,1332373.16,1666370.92
"2020-1303-19/09/2025","YINKANIE","LOXTON WAIKERIE DISTRICT COUNCIL",2,1,0,1,0,2020,"February","Tuesday","08:00 am",100,"Unsealed","Dry","Not Raining","Daylight","Roll Over",1,,,1484378.32,1731142.67
"2020-1306-19/09/2025","SOUTH BRIGHTON","CITY OF HOLDFAST BAY",2,3,0,1,2,2020,"February","Tuesday","02:45 pm",60,"Sealed","Dry","Not Raining","Daylight","Rear End",1,,,1321174.39,1659794.42
"2020-1308-19/09/2025","PROSPECT","CITY OF PROSPECT",2,1,0,0,1,2020,"February","Monday","04:10 pm",60,"Sealed","Dry","Not Raining","Daylight","Rear End",2,,,1328862.28,1676441.72
"2020-1309-19/09/2025","FULHAM","CITY OF WEST TORRENS",3,1,0,0,1,2020,"February","Tuesday","03:39 pm",60,"Sealed","Dry","Not Raining","Daylight","Right Turn",1,,,1320972.99,1670677.04
"2020-1311-19/09/2025","MARION","CC MARION.",3,1,0,0,1,2020,"February","Tuesday","04:37 pm",60,"Sealed","Dry","Not Raining","Daylight","Right Angle",2,,,1324351.3,1662342.82
"2020-1312-19/09/2025","EDINBURGH","CITY OF SALISBURY",2,1,0,0,1,2020,"February","Tuesday","04:40 pm",80,"Sealed","Dry","Not Raining","Daylight","Right Angle",1,,,1333066.66,1692932.46
"2020-1313-19/09/2025","WILLUNGA HILL","ALEXANDRINA COUNCIL",2,1,0,0,1,2020,"February","Tuesday","04:43 pm",100,"Sealed","Dry","Not Raining","Daylight","Right Turn",2,,,1325443.37,1629605.5
"2020-1314-19/09/2025","MODBURY HEIGHTS","CITY OF TEA TREE GULLY",2,1,0,0,1,2020,"February","Tuesday","05:00 pm",60,"Sealed","Dry","Not Raining","Daylight","Hit Fixed Object",1,,,1336902.77,1682369.02
"2020-1318-19/09/2025","PARK HOLME","CC MARION.",2,1,0,0,1,2020,"February","Tuesday","05:00 pm",60,"Sealed","Dry","Not Raining","Daylight","Right Turn",1,,,1323973.99,1663128.96
"2020-1320-19/09/2025","MOUNT BARKER","DC MT.BARKER.",2,1,0,0,1,2020,"February","Tuesday","03:50 pm",110,"Sealed","Dry","Not Raining","Daylight","Rear End",2,,"Y",1350159.27,1655153.84
"2020-1321-19/09/2025","PROSPECT","CITY OF PROSPECT",3,1,0,0,1,2020,"February","Tuesday","08:05 am",60,"Sealed","Dry","Not Raining","Daylight","Rear End",1,,,1327267.92,1675131.04
"2020-1322-19/09/2025","EVANSTON","CT GAWLER.",2,1,0,0,1,2020,"February","Tuesday","09:30 am",50,"Sealed","Dry","Not Raining","Daylight","Side Swipe",2,,,1342238.77,1705199.56
"2020-1324-19/09/2025","MOONTA","COPPER COAST DISTRICT COUNCIL",5,3,0,1,2,2020,"February","Tuesday","05:05 pm",50,"Sealed","Dry","Not Raining","Daylight","Rear End",1,,,1238801.53,1768220.27
"2020-1325-19/09/2025","PARA HILLS","CITY OF SALISBURY",2,1,0,0,1,2020,"February","Tuesday","09:10 am",60,"Sealed","Dry","Not Raining","Daylight","Right Angle",2,,,1334430.35,1682999.4
"2020-1328-19/09/2025","FLINDERS PARK","CITY OF CHARLES STURT",2,1,0,0,1,2020,"February","Tuesday","07:15 pm",60,"Sealed","Dry","Not Raining","Daylight","Hit Fixed Object",1,,,1324033.11,1672879.88
"2020-1335-19/09/2025","MORPHETT VALE","CITY OF ONKAPARINGA",2,1,0,1,0,2020,"February","Wednesday","04:54 am",60,"Sealed","Dry","Not Raining","Night","Hit Fixed Object",1,"Y",,1320761.72,1649855.95
"2020-1336-19/09/2025","ADELAIDE","CITY OF ADELAIDE",2,1,0,0,1,2020,"February","Wednesday","08:25 am",50,"Sealed","Dry","Not Raining","Daylight","Hit Pedestrian",2,,,1328154.13,1670507.11
"2020-1344-19/09/2025","BROADVIEW","CITY OF PORT ADELAIDE ENFIELD",2,1,0,0,1,2020,"February","Wednesday","09:30 am",60,"Sealed","Dry","Not Raining","Daylight","Rear End",2,,,1330406.27,1676479.24
"2020-1353-19/09/2025","SALISBURY","CITY OF SALISBURY",2,1,0,0,1,2020,"February","Wednesday","04:10 pm",60,"Sealed","Dry","Not Raining","Daylight","Right Angle",1,,,1333181.63,1688424.69
"2020-1356-19/09/2025","TEA TREE GULLY","CITY OF TEA TREE GULLY",2,1,0,0,1,2020,"February","Wednesday","03:25 pm",60,"Sealed","Dry","Not Raining","Daylight","Right Angle",1,,,1339820.08,1681913.75
"2020-1358-19/09/2025","FLINDERS PARK","CITY OF CHARLES STURT",3,2,0,0,2,2020,"February","Wednesday","06:00 pm",60,"Sealed","Dry","Not Raining","Daylight","Rear End",1,,,1323541,1673158.47
"2020-1361-19/09/2025","HALLETT COVE","CC MARION.",2,1,0,0,1,2020,"February","Wednesday","02:20 pm",50,"Sealed","Dry","Not Raining","Daylight","Right Angle",2,,,1320147.08,1654448.14
"2020-1363-19/09/2025","ADELAIDE","CITY OF ADELAIDE",2,1,0,1,0,2020,"February","Wednesday","07:30 pm",50,"Sealed","Dry","Not Raining","Daylight","Right Angle",2,,,1327921.16,1670654.98
"2020-1364-19/09/2025","PARA HILLS","CITY OF SALISBURY",2,2,1,0,1,2020,"February","Wednesday","12:45 pm",60,"Sealed","Dry","Not Raining","Daylight","Right Turn",2,,"Y",1333113.01,1683278.98
"2020-1366-19/09/2025","NORTH ADELAIDE","CITY OF ADELAIDE",1,1,0,0,1,2020,"January","Wednesday","06:30 pm",50,"Sealed","Dry","Not Raining","Daylight","Roll Over",1,,"Y",1328121.65,1673133.16
"2020-1371-19/09/2025","ELIZABETH NORTH","CITY OF PLAYFORD.",2,1,0,0,1,2020,"February","Thursday","05:45 am",60,"Sealed","Dry","Not Raining","Night","Right Turn",2,,,1336972.07,1695458.34
"2020-1381-19/09/2025","KILBURN","CITY OF PORT ADELAIDE ENFIELD",2,1,0,0,1,2020,"February","Wednesday","01:40 pm",50,"Sealed","Dry","Not Raining","Daylight","Rear End",1,,,1328035.74,1677708.15
"2020-1385-19/09/2025","SMITHFIELD","CITY OF PLAYFORD.",2,1,0,0,1,2020,"February","Thursday","01:26 pm",50,"Sealed","Dry","Not Raining","Daylight","Right Angle",1,,,1337169.84,1697593.38
"2020-1389-19/09/2025","CLARENCE GARDENS","CC MITCHAM.",2,1,0,0,1,2020,"February","Thursday","07:45 am",60,"Sealed","Dry","Not Raining","Daylight","Right Angle",1,,,1325888.66,1665641.99
"2020-1390-19/09/2025","SHEIDOW PARK","CC MARION.",2,1,0,0,1,2020,"February","Thursday","10:33 am",50,"Sealed","Dry","Not Raining","Daylight","Hit Fixed Object",1,,,1320949.96,1653383.64
"2020-1397-19/09/2025","NORTH BRIGHTON","CITY OF HOLDFAST BAY",2,1,0,0,1,2020,"February","Thursday","03:20 pm",60,"Sealed","Dry","Not Raining","Daylight","Rear End",1,,,1321107.27,1662061.81
"2020-1400-19/09/2025","SALISBURY NORTH","CITY OF SALISBURY",2,1,0,0,1,2020,"February","Thursday","03:57 pm",60,"Sealed","Dry","Not Raining","Daylight","Rear End",2,,,1331881.16,1689456.87
"2020-1405-19/09/2025","MANNUM","MID MURRAY DISTRICT COUNCIL",2,1,0,0,1,2020,"February","Wednesday","03:15 pm",100,"Sealed","Dry","Not Raining","Daylight","Hit Fixed Object",1,,,1400532.84,1675699.75
"2020-1409-19/09/2025","THORNGATE","CITY OF PROSPECT",2,1,0,0,1,2020,"February","Thursday","05:15 pm",50,"Sealed","Dry","Not Raining","Daylight","Right Turn",2,,,1328126.62,1673676.17
"2020-1416-19/09/2025","NORTH ADELAIDE","CITY OF ADELAIDE",2,1,0,0,1,2020,"February","Thursday","04:15 pm",50,"Sealed","Dry","Not Raining","Daylight","Right Turn",2,,,1328589.54,1672064.81
"2020-1418-19/09/2025","HINDMARSH","CITY OF CHARLES STURT",2,1,0,0,1,2020,"February","Thursday","07:30 pm",60,"Sealed","Dry","Not Raining","Daylight","Hit Pedestrian",1,,,1326463.81,1672651.14
"2020-1419-19/09/2025","MOUNT GAMBIER","CC MT.GAMBIER.",2,2,0,1,1,2020,"February","Thursday","08:38 pm",60,"Sealed","Dry","Not Raining","Night","Right Turn",2,,,1507799.22,1340461.95
"2020-1420-19/09/2025","JERVOIS","RC MURRAY BRIDGE.",2,1,0,1,0,2020,"February","Thursday","09:50 pm",60,"Sealed","Dry","Not Raining","Night","Hit Fixed Object",1,"Y",,1403430.3,1629910.1
"2020-1421-19/09/2025","THEBARTON","CITY OF WEST TORRENS",2,4,0,4,0,2020,"February","Thursday","10:32 pm",60,"Sealed","Dry","Not Raining","Night","Right Angle",2,,,1326583.86,1671377.49
"2020-1422-19/09/2025","GLENELG NORTH","CITY OF HOLDFAST BAY",2,1,0,0,1,2020,"February","Friday","05:00 am",50,"Sealed","Dry","Not Raining","Night","Side Swipe",2,,,1320822.98,1665316.23
"2020-1427-19/09/2025","WEST CROYDON","CITY OF CHARLES STURT",2,1,0,0,1,2020,"February","Friday","10:05 am",60,"Sealed","Dry","Not Raining","Daylight","Hit Fixed Object",1,,,1324649.55,1674245.6
"2020-1430-19/09/2025","CURRAMULKA","YORKE PENINSULA COUNCIL",2,1,0,0,1,2020,"February","Thursday","02:45 pm",70,"Unsealed","Dry","Not Raining","Daylight","Hit Fixed Object",1,,,1250458.91,1700238.99
"2020-1431-19/09/2025","SALISBURY SOUTH","CITY OF SALISBURY",2,1,0,0,1,2020,"February","Friday","06:40 am",70,"Sealed","Dry","Not Raining","Night","Right Turn",2,,,1332063.06,1686332.62
"2020-1433-19/09/2025","PARA HILLS WEST","CITY OF SALISBURY",2,1,0,0,1,2020,"February","Friday","11:25 am",60,"Sealed","Dry","Not Raining","Daylight","Right Turn",1,,,1333442.68,1683696.42
"2020-1434-19/09/2025","GEPPS CROSS","CITY OF PORT ADELAIDE ENFIELD",2,1,0,0,1,2020,"February","Thursday","04:00 pm",60,"Sealed","Dry","Not Raining","Daylight","Side Swipe",2,,,1330377.17,1679315.41
"2020-1436-19/09/2025","UNLEY","CITY OF UNLEY",2,1,0,0,1,2020,"February","Friday","08:30 am",60,"Sealed","Dry","Not Raining","Daylight","Rear End",1,,,1328679.07,1668970.5
"2020-1437-19/09/2025","GUMERACHA","THE ADELAIDE HILLS COUNCIL",2,1,0,0,1,2020,"February","Friday","01:05 pm",50,"Sealed","Dry","Not Raining","Daylight","Hit Parked Vehicle",1,,"Y",1355173.48,1681313.86
"2020-1438-19/09/2025","BELAIR","CC MITCHAM.",1,1,0,1,0,2020,"February","Friday","01:57 pm",60,"Sealed","Dry","Not Raining","Daylight","Roll Over",1,,,1330680.21,1663151.02
"2020-1442-19/09/2025","MODBURY","CITY OF TEA TREE GULLY",2,2,0,0,2,2020,"February","Friday","03:35 pm",60,"Sealed","Dry","Not Raining","Daylight","Right Angle",2,,,1336900.35,1680030.92