"REPORT_ID","Suburb","LGA Name","Total Units","Total Cas","Total Fats","Total SI","Total MI","Year","Month","Day","Time","Area Speed","Road Surface","Moisture Cond","Weather Cond","DayNight","Crash Type","Unit Resp","DUI Involved","Drugs Involved","ACCLOC_X","ACCLOC_Y"
"2020-1445-19/09/2025","SEAFORD MEADOWS","CITY OF ONKAPARINGA",3,1,0,0,1,2020,"February","Friday","04:43 pm",60,"Sealed","Dry","Not Raining","Daylight","Rear End",1,,,1318248.12,1643046.57
"2020-1447-19/09/2025","WOODVILLE SOUTH","CITY OF CHARLES STURT",2,1,0,0,1,2020,"February","Friday","01:10 pm",50,"Sealed","Dry","Not Raining","Daylight","Rear End",2,,,1322556.5,1675598.55
"2020-1450-19/09/2025","MOUNT BARKER","DC MT.BARKER.",3,1,0,0,1,2020,"February","Friday","05:15 pm",60,"Sealed","Dry","Not Raining","Daylight","Side Swipe",2,,,1350984.75,1655023.92
"2020-1452-19/09/2025","KESWICK","CITY OF WEST TORRENS",5,1,0,0,1,2020,"February","Friday","05:45 pm",60,"Sealed","Dry","Not Raining","Daylight","Rear End",1,,,1326782.02,1668791.36
"2020-1454-19/09/2025","COONAWARRA","WATTLE RANGE COUNCIL",2,1,0,0,1,2020,"February","Friday","02:25 pm",110,"Sealed","Dry","Not Raining","Daylight","Hit Fixed Object",1,,,1518465.08,1400234.85
"2020-1459-19/09/2025","KILKENNY","CITY OF CHARLES STURT",2,1,0,0,1,2020,"February","Friday","08:00 pm",60,"Sealed","Dry","Not Raining","Daylight","Right Angle",2,,,1324780.56,1676335.3
"2020-1462-19/09/2025","MCLAREN VALE","CITY OF ONKAPARINGA",2,1,0,0,1,2020,"February","Friday","04:05 pm",50,"Sealed","Dry","Not Raining","Daylight","Hit Pedestrian",2,,,1321372.06,1639173.1
"2020-1465-19/09/2025","REDBANKS","DC MALLALA.",1,2,0,0,2,2020,"February","Friday","11:30 pm",100,"Unsealed","Dry","Not Raining","Night","Roll Over",1,"Y",,1323997.8,1723047.48
"2020-1467-19/09/2025","PORT AUGUSTA WEST","CC PT.AUGUSTA.",3,2,2,0,0,2020,"February","Saturday","02:18 am",80,"Sealed","Dry","Not Raining","Night","Hit Pedestrian",1,,,1257737.84,1942478.16
"2020-1468-19/09/2025","ANGLE VALE","CITY OF PLAYFORD.",2,3,0,0,3,2020,"February","Saturday","08:45 am",60,"Sealed","Dry","Not Raining","Daylight","Right Turn",2,,,1334147.95,1699973.1
"2020-1470-19/09/2025","GLENELG NORTH","CITY OF HOLDFAST BAY",1,1,0,1,0,2020,"February","Saturday","07:57 am",50,"Sealed","Dry","Not Raining","Daylight","Roll Over",1,,,1320504.3,1665863.66
"2020-1471-19/09/2025","MITCHELL PARK","CC MARION.",3,1,0,0,1,2020,"February","Saturday","10:04 am",60,"Sealed","Dry","Not Raining","Daylight","Rear End",1,,,1324355.83,1662215.29
"2020-1472-19/09/2025","HECTORVILLE","CC CAMPBELLTOWN.",2,1,0,0,1,2020,"February","Saturday","10:10 am",60,"Sealed","Dry","Not Raining","Daylight","Rear End",2,,,1333808.63,1673873.58
"2020-1480-19/09/2025","MALLALA","DC MALLALA.",2,1,0,0,1,2020,"February","Saturday","12:15 pm",100,"Sealed","Dry","Not Raining","Daylight","Side Swipe",2,,,1320437.07,1725012.38
"2020-1481-19/09/2025","ELIZABETH DOWNS","CITY OF PLAYFORD.",2,1,0,0,1,2020,"February","Saturday","10:25 am",50,"Sealed","Dry","Not Raining","Daylight","Hit Fixed Object",1,,"Y",1337800.24,1696065.53
"2020-1482-19/09/2025","LAMEROO","SOUTHERN MALLEE DISTRICT COUNCIL",1,1,0,0,1,2020,"February","Saturday","01:20 pm",110,"Sealed","Dry","Not Raining","Daylight","Roll Over",1,,,1504931.08,1619427.99
"2020-1484-19/09/2025","SEVENHILL","CLARE AND GILBERT VALLEYS DISTRICT COUNCIL",1,1,0,0,1,2020,"February","Saturday","02:50 pm",80,"Sealed","Dry","Not Raining","Daylight","Roll Over",1,,,1334374,1784105.26
"2020-1486-19/09/2025","CROYDON PARK","CITY OF PORT ADELAIDE ENFIELD",2,1,0,0,1,2020,"February","Saturday","12:10 pm",60,"Sealed","Dry","Not Raining","Daylight","Rear End",2,,,1325749.63,1676358.2
"2020-1490-19/09/2025","KILKENNY","CITY OF CHARLES STURT",2,1,0,0,1,2020,"February","Saturday","06:10 pm",50,"Sealed","Dry","Not Raining","Daylight","Side Swipe",2,,,1324318.36,1676528.21
"2020-1491-19/09/2025","OAKDEN","CITY OF PORT ADELAIDE ENFIELD",4,1,0,0,1,2020,"February","Saturday","07:11 pm",50,"Sealed","Dry","Not Raining","Daylight","Hit Fixed Object",1,,,1332472.45,1678214.51
"2020-1494-19/09/2025","HILTON","CITY OF WEST TORRENS",2,1,0,0,1,2020,"February","Saturday","09:22 pm",60,"Sealed","Dry","Not Raining","Night","Right Turn",2,,,1325766.21,1670076.38
"2020-1495-19/09/2025","LOXTON NORTH","LOXTON WAIKERIE DISTRICT COUNCIL",2,1,0,0,1,2020,"February","Saturday","10:20 pm",60,"Sealed","Dry","Not Raining","Night","Hit Fixed Object",1,,,1517814.47,1718465.54
"2020-1498-19/09/2025","NORWOOD","CC OF NORWOOD,PAYNEHAM & ST PETERS",2,1,0,0,1,2020,"February","Sunday","10:10 am",50,"Sealed","Dry","Not Raining","Daylight","Side Swipe",1,,,1331382.4,1671400.7
"2020-1499-19/09/2025","STURT","CC MARION.",2,1,0,0,1,2020,"February","Sunday","10:55 am",60,"Sealed","Dry","Not Raining","Daylight","Right Turn",2,,,1323836.78,1660653.43
"2020-1500-19/09/2025","GREENACRES","CITY OF PORT ADELAIDE ENFIELD",2,1,0,1,0,2020,"February","Friday","04:00 pm",60,"Sealed","Dry","Not Raining","Daylight","Rear End",1,,"Y",1330448.14,1676622.51
"2020-1502-19/09/2025","NORTH BRIGHTON","CITY OF HOLDFAST BAY",3,2,0,0,2,2020,"February","Sunday","01:00 pm",60,"Sealed","Dry","Not Raining","Daylight","Rear End",2,,,1321093.21,1662193.44
"2020-1506-19/09/2025","CHAIN OF PONDS","THE ADELAIDE HILLS COUNCIL",3,1,0,0,1,2020,"February","Sunday","01:15 pm",80,"Sealed","Dry","Not Raining","Daylight","Rear End",1,,,1351890.59,1681231.91
"2020-1508-19/09/2025","YOUNGHUSBAND","MID MURRAY DISTRICT COUNCIL",1,1,0,1,0,2020,"February","Sunday","06:30 pm",80,"Sealed","Dry","Not Raining","Daylight","Roll Over",1,"Y",,1399679.86,1673308.51
"2020-1509-19/09/2025","TEMPLERS","LIGHT REGIONAL COUNCIL",2,2,0,0,2,2020,"February","Sunday","08:40 pm",80,"Sealed","Dry","Not Raining","Night","Rear End",2,,,1343678.1,1720841.95
"2020-1510-19/09/2025","MOORAK","DISTRICT COUNCIL OF GRANT",2,1,0,1,0,2020,"February","Monday","01:37 am",100,"Sealed","Dry","Not Raining","Night","Hit Fixed Object",1,"Y","Y",1505923.25,1338707.85
"2020-1513-19/09/2025","BEULAH PARK","CITY OF BURNSIDE",2,1,0,0,1,2020,"February","Monday","08:40 am",60,"Sealed","Dry","Not Raining","Daylight","Right Turn",1,,,1332708.04,1671775.13
"2020-1515-19/09/2025","TUSMORE","CITY OF BURNSIDE",2,2,0,0,2,2020,"February","Monday","08:35 am",60,"Sealed","Dry","Not Raining","Daylight","Rear End",2,,,1332324.24,1669046.54
"2020-1520-19/09/2025","WINDSOR GARDENS","CITY OF PORT ADELAIDE ENFIELD",2,1,0,0,1,2020,"February","Monday","08:15 am",60,"Sealed","Dry","Not Raining","Daylight","Rear End",2,,,1333253.21,1677599.53
"2020-1522-19/09/2025","KENSINGTON GARDENS","CITY OF BURNSIDE",2,1,0,0,1,2020,"February","Monday","10:30 am",60,"Sealed","Dry","Not Raining","Daylight","Right Angle",1,,,1334151.21,1670468.53
"2020-1524-19/09/2025","PARACOMBE","THE ADELAIDE HILLS COUNCIL",2,1,0,0,1,2020,"February","Monday","09:10 am",80,"Sealed","Dry","Not Raining","Daylight","Hit Fixed Object",1,,,1346914.11,1678583.6
"2020-1528-19/09/2025","SALISBURY PLAIN","CITY OF SALISBURY",2,1,0,0,1,2020,"February","Monday","01:30 pm",80,"Sealed","Dry","Not Raining","Daylight","Rear End",1,,,1334851.45,1687365.4
"2020-1532-19/09/2025","NORWOOD","CC OF NORWOOD,PAYNEHAM & ST PETERS",2,1,0,0,1,2020,"February","Saturday","10:00 am",60,"Sealed","Dry","Not Raining","Daylight","Rear End",1,,,1330612.52,1671554.65
"2020-1536-19/09/2025","HAWTHORN","CC MITCHAM.",2,1,0,1,0,2020,"February","Monday","04:15 pm",50,"Sealed","Dry","Not Raining","Daylight","Side Swipe",2,,,1329111.17,1665345.23
"2020-1537-19/09/2025","MODBURY","CITY OF TEA TREE GULLY",2,1,0,0,1,2020,"February","Monday","04:40 pm",60,"Sealed","Dry","Not Raining","Daylight","Right Turn",1,,,1335391.12,1681167.19
"2020-1548-19/09/2025","SEAFORD MEADOWS","CITY OF ONKAPARINGA",2,1,0,0,1,2020,"February","Monday","07:20 pm",70,"Sealed","Dry","Not Raining","Daylight","Right Angle",2,,,1316320.88,1643820.51
"2020-1550-19/09/2025","URRBRAE","CC MITCHAM.",2,1,0,0,1,2020,"February","Monday","04:50 pm",60,"Sealed","Dry","Not Raining","Daylight","Right Turn",2,,,1330786.89,1665600.37
"2020-1551-19/09/2025","PAYNEHAM","CC OF NORWOOD,PAYNEHAM & ST PETERS",2,1,0,0,1,2020,"February","Friday","02:50 pm",60,"Sealed","Dry","Not Raining","Daylight","Right Angle",2,,,1332755.8,1674056.72
"2020-1552-19/09/2025","GRANGE","CITY OF CHARLES STURT",3,2,0,0,2,2020,"February","Monday","07:43 pm",60,"Sealed","Dry","Not Raining","Daylight","Hit Pedestrian",2,,,1318588.19,1673988.75
"2020-1553-19/09/2025","HILLIER","CT GAWLER.",3,1,0,0,1,2020,"February","Tuesday","05:30 am",80,"Sealed","Dry","Not Raining","Night","Hit Fixed Object",1,,,1336900.28,1702626.19
"2020-1554-19/09/2025","O'HALLORAN HILL","CITY OF ONKAPARINGA",1,1,0,1,0,2020,"February","Tuesday","05:30 am",80,"Sealed","Dry","Not Raining","Night","Roll Over",1,,,1324364.37,1658178.71
"2020-1556-19/09/2025","STEPNEY","CC OF NORWOOD,PAYNEHAM & ST PETERS",2,1,0,0,1,2020,"February","Tuesday","07:15 am",60,"Sealed","Dry","Not Raining","Daylight","Right Angle",1,,,1330600.73,1671714.93
"2020-1559-19/09/2025","SOMERTON PARK","CITY OF HOLDFAST BAY",2,1,0,0,1,2020,"February","Tuesday","08:18 am",50,"Sealed","Dry","Not Raining","Daylight","Side Swipe",1,,,1320672.76,1662887.2
"2020-1560-19/09/2025","MCLAREN VALE","CITY OF ONKAPARINGA",2,3,0,0,3,2020,"February","Tuesday","08:35 am",80,"Sealed","Wet","Raining","Daylight","Right Turn",1,,,1319434.14,1640949.27
"2020-1561-19/09/2025","HINDMARSH","CITY OF CHARLES STURT",2,1,0,0,1,2020,"February","Tuesday","08:41 am",60,"Sealed","Wet","Raining","Daylight","Right Angle",1,,,1326256.29,1672788.75
"2020-1567-19/09/2025","PINKERTON PLAINS","LIGHT REGIONAL COUNCIL",2,1,0,0,1,2020,"February","Tuesday","09:30 am",100,"Unsealed","Dry","Not Raining","Daylight","Hit Fixed Object",1,,,1329600.02,1725234.17
"2020-1569-19/09/2025","ADELAIDE","CITY OF ADELAIDE",3,1,0,0,1,2020,"February","Tuesday","08:50 am",60,"Sealed","Wet","Raining","Daylight","Rear End",1,,,1327398.09,1669937.77
"2020-1570-19/09/2025","PENFIELD GARDENS","CITY OF PLAYFORD.",2,1,0,0,1,2020,"February","Tuesday","11:35 am",80,"Sealed","Dry","Not Raining","Daylight","Right Angle",2,,,1333134.46,1700544.36
"2020-1571-19/09/2025","TEA TREE GULLY","CITY OF TEA TREE GULLY",2,1,0,0,1,2020,"February","Tuesday","09:09 am",80,"Sealed","Dry","Not Raining","Daylight","Hit Fixed Object",1,,,1342409.4,1681238.25
"2020-1572-19/09/2025","ELIZABETH","CITY OF PLAYFORD.",2,1,0,0,1,2020,"February","Wednesday","12:11 pm",60,"Sealed","Dry","Not Raining","Daylight","Hit Fixed Object",1,,,1335655.83,1693821.56
"2020-1573-19/09/2025","WAYVILLE","CITY OF UNLEY",2,1,0,0,1,2020,"February","Monday","05:15 pm",60,"Sealed","Dry","Not Raining","Daylight","Side Swipe",2,,,1327426.25,1668913.54
"2020-1581-19/09/2025","PORT WILLUNGA","CITY OF ONKAPARINGA",1,1,0,0,1,2020,"February","Monday","08:30 am",50,"Sealed","Dry","Not Raining","Daylight","Roll Over",1,,,1314176.72,1633236.83
"2020-1583-19/09/2025","GLENUNGA","CITY OF BURNSIDE",2,1,0,0,1,2020,"February","Tuesday","04:13 pm",50,"Sealed","Dry","Not Raining","Daylight","Hit Fixed Object",1,,,1331872.26,1667693.1
"2020-1584-19/09/2025","WAYVILLE","CITY OF UNLEY",3,1,0,0,1,2020,"February","Tuesday","03:05 pm",60,"Sealed","Dry","Not Raining","Daylight","Rear End",1,,,1327426.25,1668913.54
"2020-1586-19/09/2025","PELICAN LAGOON","KANGAROO ISLAND COUNCIL",2,1,0,0,1,2020,"February","Tuesday","06:30 am",100,"Sealed","Dry","Not Raining","Night","Hit Animal",2,,,1254231.05,1573065.42
"2020-1588-19/09/2025","CAVAN","CITY OF SALISBURY",2,1,0,0,1,2020,"February","Tuesday","04:10 pm",70,"Sealed","Dry","Not Raining","Daylight","Side Swipe",2,,,1328756.66,1681022.35
"2020-1591-19/09/2025","REYNELLA","CITY OF ONKAPARINGA",2,1,0,1,0,2020,"February","Tuesday","05:30 pm",50,"Sealed","Dry","Not Raining","Daylight","Right Angle",1,,"Y",1321349.22,1651650.55
"2020-1609-19/09/2025","PARILLA","SOUTHERN MALLEE DISTRICT COUNCIL",2,1,0,0,1,2020,"February","Wednesday","12:30 pm",110,"Sealed","Dry","Not Raining","Daylight","Hit Fixed Object",1,,"Y",1513269.04,1621667.74
"2020-1611-19/09/2025","FLINDERS PARK","CITY OF CHARLES STURT",3,1,0,0,1,2020,"February","Wednesday","03:05 pm",60,"Sealed","Dry","Not Raining","Daylight","Rear End",1,,,1322457.12,1673117.61
"2020-1612-19/09/2025","STURT","CC MARION.",2,1,0,0,1,2020,"February","Tuesday","03:00 pm",60,"Sealed","Dry","Not Raining","Daylight","Rear End",2,,,1324447.46,1659909.17
"2020-1615-19/09/2025","CARRICKALINGA","DC YANKALILLA.",2,1,0,1,0,2020,"February","Tuesday","03:00 pm",100,"Sealed","Dry","Not Raining","Daylight","Roll Over",1,,,1302611.7,1616039.78
"2020-1617-19/09/2025","WHITES VALLEY","CITY OF ONKAPARINGA",2,2,0,0,2,2020,"February","Tuesday","06:15 pm",80,"Sealed","Dry","Not Raining","Daylight","Right Angle",2,,,1320139.7,1632399.02
"2020-1618-19/09/2025","PROSPECT","CITY OF PROSPECT",1,1,0,0,1,2020,"February","Wednesday","05:00 pm",60,"Sealed","Dry","Not Raining","Daylight","Roll Over",1,,,1328517.18,1676433.05
"2020-1619-19/09/2025","DARLINGTON","CC MARION.",2,1,0,0,1,2020,"February","Wednesday","02:30 pm",100,"Sealed","Dry","Not Raining","Daylight","Hit Fixed Object",1,,,1324081.05,1659321.3
"2020-1621-19/09/2025","PENNINGTON","CITY OF CHARLES STURT",2,1,0,0,1,2020,"February","Wednesday","05:25 pm",60,"Sealed","Dry","Not Raining","Daylight","Right Angle",2,,,1322284.56,1678714.42
"2020-1622-19/09/2025","CROYDON PARK","CITY OF PORT ADELAIDE ENFIELD",1,1,0,0,1,2020,"February","Wednesday","05:20 pm",50,"Sealed","Dry","Not Raining","Daylight","Roll Over",9,,,1325612.39,1676108.67
"2020-1623-19/09/2025","OAKLANDS PARK","CC MARION.",3,1,0,0,1,2020,"February","Wednesday","04:30 pm",60,"Sealed","Dry","Not Raining","Daylight","Other",2,,,1323159.67,1661046.38
"2020-1625-19/09/2025","YATTALUNGA","CITY OF PLAYFORD.",2,2,0,0,2,2020,"February","Wednesday","05:29 pm",100,"Sealed","Dry","Not Raining","Daylight","Hit Fixed Object",1,,,1347132.69,1694317.49
"2020-1627-19/09/2025","ADELAIDE","CITY OF ADELAIDE",2,1,0,0,1,2020,"February","Wednesday","03:20 pm",50,"Sealed","Dry","Not Raining","Daylight","Hit Pedestrian",2,,,1329026.03,1670647.66
"2020-1629-19/09/2025","ST KITTS","LIGHT REGIONAL COUNCIL",1,1,0,0,1,2020,"February","Thursday","04:00 am",100,"Sealed","Dry","Not Raining","Night","Roll Over",1,"Y","Y",1371328.92,1727210.22
"2020-1630-19/09/2025","MORPHETT VALE","CITY OF ONKAPARINGA",3,1,0,1,0,2020,"February","Thursday","07:10 am",60,"Sealed","Dry","Not Raining","Daylight","Hit Parked Vehicle",2,,"Y",1320766.86,1649656.11
"2020-1632-19/09/2025","WARRADALE","CC MARION.",3,1,0,0,1,2020,"February","Thursday","08:25 am",60,"Sealed","Dry","Not Raining","Daylight","Right Turn",2,,,1322762.94,1661071.92
"2020-1633-19/09/2025","RIDGEHAVEN","CITY OF TEA TREE GULLY",2,1,0,0,1,2020,"February","Thursday","08:46 am",60,"Sealed","Dry","Not Raining","Daylight","Rear End",2,,,1339720.31,1682035.65
"2020-1636-19/09/2025","NORTH ADELAIDE","CITY OF ADELAIDE",2,1,0,1,0,2020,"February","Wednesday","11:30 am",50,"Sealed","Dry","Not Raining","Daylight","Rear End",2,,,1328530.79,1672177.23
"2020-1639-19/09/2025","BRAHMA LODGE","CITY OF SALISBURY",2,1,0,0,1,2020,"February","Thursday","10:04 am",60,"Sealed","Dry","Not Raining","Daylight","Right Angle",1,,,1334164.82,1687633.14
"2020-1646-19/09/2025","MONARTO SOUTH","RC MURRAY BRIDGE.",2,1,0,0,1,2020,"February","Wednesday","08:00 am",100,"Unsealed","Dry","Not Raining","Daylight","Hit Fixed Object",1,,,1370780.8,1636986.28
"2020-1651-19/09/2025","PARADISE","CC CAMPBELLTOWN.",1,1,0,0,1,2020,"February","Thursday","12:45 pm",40,"Sealed","Dry","Not Raining","Daylight","Roll Over",9,,,1334400.3,1676935.41
"2020-1653-19/09/2025","ROYAL PARK","CITY OF CHARLES STURT",2,2,0,0,2,2020,"February","Thursday","02:40 pm",60,"Sealed","Dry","Not Raining","Daylight","Right Angle",1,,,1320677.78,1677276.99
"2020-1654-19/09/2025","CHELTENHAM","CITY OF CHARLES STURT",2,1,0,0,1,2020,"February","Thursday","02:40 pm",50,"Sealed","Dry","Not Raining","Daylight","Right Angle",2,,,1322155.83,1677337.61
"2020-1657-19/09/2025","ANDREWS FARM","CITY OF PLAYFORD.",2,1,0,0,1,2020,"February","Thursday","03:30 pm",50,"Sealed","Dry","Not Raining","Daylight","Side Swipe",2,,,1335549.07,1698552.36
"2020-1660-19/09/2025","ADELAIDE","CITY OF ADELAIDE",2,1,0,0,1,2020,"February","Wednesday","08:35 pm",50,"Sealed","Dry","Not Raining","Night","Rear End",2,,,1329049.51,1669823.92
"2020-1661-19/09/2025","GEPPS CROSS","CITY OF PORT ADELAIDE ENFIELD",2,2,0,0,2,2020,"February","Thursday","04:05 pm",60,"Sealed","Dry","Not Raining","Daylight","Rear End",2,,,1328821.62,1679280.51
"2020-1664-19/09/2025","ELIZABETH","CITY OF PLAYFORD.",2,1,0,0,1,2020,"February","Thursday","05:26 pm",50,"Sealed","Dry","Not Raining","Daylight","Right Turn",1,,,1335504.79,1693087.9
"2020-1666-19/09/2025","SMITHFIELD","CITY OF PLAYFORD.",1,1,0,0,1,2020,"February","Thursday","05:45 pm",80,"Sealed","Dry","Not Raining","Daylight","Roll Over",1,,,1337946.94,1697207.09
"2020-1669-19/09/2025","MALVERN","CITY OF UNLEY",2,1,0,1,0,2020,"February","Thursday","07:30 pm",50,"Sealed","Dry","Not Raining","Daylight","Hit Pedestrian",1,,,1329732.38,1667123.38
"2020-1671-19/09/2025","NORWOOD","CC OF NORWOOD,PAYNEHAM & ST PETERS",3,1,0,0,1,2020,"February","Thursday","05:00 pm",60,"Sealed","Dry","Not Raining","Daylight","Right Angle",2,,,1331251.63,1670382.85
"2020-1672-19/09/2025","PORT ADELAIDE","CITY OF PORT ADELAIDE ENFIELD",2,1,0,0,1,2020,"February","Wednesday","10:15 pm",50,"Sealed","Dry","Not Raining","Night","Right Angle",2,,,1319937.71,1679679.74
"2020-1676-19/09/2025","PORT AUGUSTA","CC PT.AUGUSTA.",2,1,1,0,0,2020,"February","Friday","02:26 am",50,"Sealed","Dry","Not Raining","Night","Hit Pedestrian",2,"Y",,1260852.39,1943059.7
"2020-1681-19/09/2025","WYNN VALE","CITY OF TEA TREE GULLY",2,1,0,0,1,2020,"February","Thursday","02:51 pm",50,"Sealed","Dry","Not Raining","Daylight","Rear End",2,,,1336396.15,1684633.92
"2020-1683-19/09/2025","BALHANNAH","THE ADELAIDE HILLS COUNCIL",3,1,0,0,1,2020,"February","Friday","09:20 am",80,"Sealed","Dry","Not Raining","Daylight","Hit Pedestrian",2,,,1346131.52,1663474.3
"2020-1686-19/09/2025","SHEA-OAK LOG","LIGHT REGIONAL COUNCIL",2,1,0,0,1,2020,"February","Friday","09:25 am",90,"Sealed","Dry","Not Raining","Daylight","Hit Fixed Object",1,,,1354155.04,1714316.56
"2020-1688-19/09/2025","MACCLESFIELD","DC MT.BARKER.",2,1,0,0,1,2020,"February","Wednesday","06:30 pm",80,"Sealed","Dry","Not Raining","Daylight","Hit Fixed Object",1,,,1352474.71,1641750.33
"2020-1691-19/09/2025","WAYVILLE","CITY OF UNLEY",2,1,0,0,1,2020,"February","Wednesday","04:40 pm",60,"Sealed","Dry","Not Raining","Daylight","Rear End",2,,,1326865.31,1668904.7
"2020-1693-19/09/2025","MAWSON LAKES","CITY OF SALISBURY",2,1,0,0,1,2020,"February","Thursday","03:00 pm",50,"Sealed","Dry","Not Raining","Daylight","Right Angle",1,,,1330475.76,1683532.38
"2020-1694-19/09/2025","PARACOMBE","THE ADELAIDE HILLS COUNCIL",2,2,0,0,2,2020,"February","Friday","10:30 am",80,"Sealed","Dry","Not Raining","Daylight","Hit Fixed Object",1,,,1342759.92,1679386.52
"2020-1698-19/09/2025","SALISBURY NORTH","CITY OF SALISBURY",3,1,0,0,1,2020,"February","Friday","03:15 pm",60,"Sealed","Dry","Not Raining","Daylight","Rear End",1,,,1330498.49,1690548.46
"2020-1699-19/09/2025","WARRADALE","CC MARION.",3,2,0,0,2,2020,"February","Friday","03:29 pm",60,"Sealed","Dry","Not Raining","Daylight","Rear End",1,,,1322508.13,1661911.99
"2020-1702-19/09/2025","WINGFIELD","CITY OF PORT ADELAIDE ENFIELD",3,1,0,0,1,2020,"February","Friday","10:40 am",60,"Sealed","Dry","Not Raining","Daylight","Rear End",2,,,1325793.91,1679207.59
"2020-1705-19/09/2025","ADELAIDE","CITY OF ADELAIDE",2,2,0,0,2,2020,"February","Thursday","07:00 pm",60,"Sealed","Dry","Not Raining","Daylight","Right Turn",2,,,1327391.56,1670156.91
"2020-1706-19/09/2025","MORPHETT VALE","CITY OF ONKAPARINGA",2,1,0,0,1,2020,"February","Friday","04:47 pm",60,"Sealed","Dry","Not Raining","Daylight","Right Angle",2,,,1320315.29,1651001.19
"2020-1708-19/09/2025","PENNINGTON","CITY OF CHARLES STURT",2,1,0,0,1,2020,"February","Friday","05:30 pm",60,"Sealed","Dry","Not Raining","Daylight","Rear End",2,,,1322283,1677896.03
"2020-1712-19/09/2025","ALBERTON","CITY OF PORT ADELAIDE ENFIELD",2,1,0,0,1,2020,"February","Friday","05:50 pm",60,"Sealed","Dry","Not Raining","Daylight","Right Angle",2,,,1320670.78,1678561.55
"2020-1717-19/09/2025","KANGAROO FLAT","LIGHT REGIONAL COUNCIL",2,1,0,0,1,2020,"February","Friday","04:45 pm",100,"Sealed","Dry","Not Raining","Daylight","Roll Over",1,,,1338462.77,1711624.4
"2020-1719-19/09/2025","GLEN OSMOND","CITY OF BURNSIDE",3,2,0,0,2,2020,"February","Friday","04:00 pm",60,"Sealed","Dry","Not Raining","Daylight","Rear End",1,,,1332398.07,1666509.98
"2020-1721-19/09/2025","PASKEVILLE","BARUNGA WEST DISTRICT COUNCIL",2,1,0,0,1,2020,"February","Saturday","05:28 am",100,"Sealed","Dry","Not Raining","Night","Roll Over",1,,,1272544.11,1769757.19
"2020-1722-19/09/2025","MARLA",,2,2,0,0,2,2020,"February","Friday","09:16 pm",110,"Unsealed","Dry","Not Raining","Night","Hit Animal",2,,,862725.06,2519790.85
"2020-1723-19/09/2025","GLENELG NORTH","CITY OF HOLDFAST BAY",2,1,0,0,1,2020,"February","Saturday","09:10 am",60,"Sealed","Dry","Not Raining","Daylight","Rear End",1,,,1322071.41,1665351.54
"2020-1724-19/09/2025","GOLDEN GROVE","CITY OF TEA TREE GULLY",2,1,0,0,1,2020,"February","Friday","07:43 pm",60,"Sealed","Dry","Not Raining","Daylight","Rear End",2,,,1338995.83,1686245.12
"2020-1725-19/09/2025","MUNNO PARA","CITY OF PLAYFORD.",2,1,0,0,1,2020,"February","Saturday","10:56 am",60,"Sealed","Dry","Not Raining","Daylight","Right Turn",2,,,1336690.92,1698532.16
"2020-1726-19/09/2025","MORPHETT VALE","CITY OF ONKAPARINGA",2,2,0,0,2,2020,"February","Saturday","08:50 am",50,"Sealed","Dry","Not Raining","Daylight","Right Angle",2,,,1321117.25,1650442.14
"2020-1736-19/09/2025","SALISBURY NORTH","CITY OF SALISBURY",2,1,0,1,0,2020,"February","Saturday","04:30 pm",50,"Sealed","Dry","Not Raining","Daylight","Side Swipe",2,,"Y",1332487.42,1690027.36
"2020-1737-19/09/2025","EDWARDSTOWN","CC MARION.",2,1,0,0,1,2020,"February","Friday","07:33 pm",50,"Sealed","Dry","Not Raining","Daylight","Right Angle",1,,,1325689.36,1665269.62
"2020-1738-19/09/2025","KONGORONG","DISTRICT COUNCIL OF GRANT",2,1,0,0,1,2020,"February","Saturday","03:02 pm",100,"Sealed","Dry","Not Raining","Daylight","Hit Pedestrian",2,,,1492256.92,1338815.01
"2020-1742-19/09/2025","WATERLOO CORNER","CITY OF PLAYFORD.",2,3,0,0,3,2020,"February","Saturday","06:22 pm",60,"Sealed","Dry","Not Raining","Daylight","Rear End",2,,,1326903.53,1695112.6
"2020-1743-19/09/2025","SOLOMONTOWN","PT.PIRIE CITY & DIST. COUNCIL",2,1,0,0,1,2020,"February","Saturday","05:20 pm",50,"Sealed","Dry","Not Raining","Daylight","Hit Parked Vehicle",1,,,1280617.9,1865071.41
"2020-1744-19/09/2025","STEPNEY","CC OF NORWOOD,PAYNEHAM & ST PETERS",2,1,0,0,1,2020,"February","Saturday","05:20 pm",60,"Sealed","Dry","Not Raining","Daylight","Hit Pedestrian",1,,,1331248.26,1672123.2
"2020-1745-19/09/2025","PORT LINCOLN","CC PT.LINCOLN.",3,1,0,0,1,2020,"February","Saturday","08:30 pm",50,"Sealed","Dry","Not Raining","Night","Hit Fixed Object",1,"Y",,1080045.57,1696628.95
"2020-1748-19/09/2025","WILLUNGA SOUTH","CITY OF ONKAPARINGA",2,2,0,0,2,2020,"February","Sunday","03:50 am",100,"Sealed","Dry","Not Raining","Night","Hit Fixed Object",1,"Y",,1324068.11,1631214.52
"2020-1750-19/09/2025","GLENSIDE","CITY OF BURNSIDE",2,1,0,0,1,2020,"February","Friday","04:35 pm",60,"Sealed","Dry","Not Raining","Daylight","Rear End",2,,,1331469.19,1669031.63