"REPORT_ID","Suburb","LGA Name","Total Units","Total Cas","Total Fats","Total SI","Total MI","Year","Month","Day","Time","Area Speed","Road Surface","Moisture Cond","Weather Cond","DayNight","Crash Type","Unit Resp","DUI Involved","Drugs Involved","ACCLOC_X","ACCLOC_Y"
"2020-1754-19/09/2025","CHELTENHAM","CITY OF CHARLES STURT",3,1,0,0,1,2020,"February","Sunday","11:21 am",60,"Sealed","Dry","Not Raining","Daylight","Right Turn",2,,,1322282.82,1677760.1
"2020-1755-19/09/2025","NOARLUNGA DOWNS","CITY OF ONKAPARINGA",2,2,0,0,2,2020,"February","Sunday","11:48 am",60,"Sealed","Dry","Not Raining","Daylight","Right Angle",1,,,1317380.31,1646945.77
"2020-1759-19/09/2025","HUNTFIELD HEIGHTS","CITY OF ONKAPARINGA",1,2,0,1,1,2020,"February","Sunday","02:15 pm",50,"Unsealed","Dry","Not Raining","Daylight","Roll Over",1,,,1319365.03,1644593.45
"2020-1760-19/09/2025","FULLARTON","CITY OF UNLEY",2,1,0,0,1,2020,"February","Sunday","01:30 pm",50,"Sealed","Dry","Not Raining","Daylight","Hit Parked Vehicle",2,,,1331095.32,1667297.82
"2020-1761-19/09/2025","PORT NOARLUNGA SOUTH","CITY OF ONKAPARINGA",2,1,0,0,1,2020,"February","Saturday","06:20 pm",50,"Sealed","Dry","Not Raining","Daylight","Rear End",1,"Y",,1315499.91,1643930.85
"2020-1764-19/09/2025","CUDLEE CREEK","THE ADELAIDE HILLS COUNCIL",2,1,0,0,1,2020,"February","Sunday","12:48 pm",60,"Sealed","Dry","Not Raining","Daylight","Right Angle",1,,,1348611.75,1679494.85
"2020-1765-19/09/2025","PARILLA","SOUTHERN MALLEE DISTRICT COUNCIL",1,1,0,0,1,2020,"February","Sunday","11:30 am",110,"Sealed","Dry","Not Raining","Daylight","Roll Over",1,,,1509454.44,1621233.33
"2020-1767-19/09/2025","CLELAND","THE ADELAIDE HILLS COUNCIL",2,1,0,0,1,2020,"February","Sunday","02:38 pm",80,"Sealed","Dry","Not Raining","Daylight","Hit Fixed Object",1,,,1338764.96,1666062.85
"2020-1768-19/09/2025","SEMAPHORE PARK","CITY OF CHARLES STURT",2,1,0,0,1,2020,"February","Sunday","05:19 pm",50,"Sealed","Dry","Not Raining","Daylight","Rear End",2,,,1319110.2,1678703.13
"2020-1769-19/09/2025","PARALOWIE","CITY OF SALISBURY",2,1,0,1,0,2020,"February","Sunday","07:30 pm",50,"Sealed","Dry","Not Raining","Daylight","Hit Fixed Object",1,,,1331636.03,1689272.76
"2020-1776-19/09/2025","THORNGATE","CITY OF PROSPECT",2,1,0,1,0,2020,"February","Monday","08:34 am",50,"Sealed","Dry","Not Raining","Daylight","Hit Pedestrian",2,,,1328582.84,1673944.49
"2020-1777-19/09/2025","SEAFORD MEADOWS","CITY OF ONKAPARINGA",3,1,0,0,1,2020,"February","Monday","08:50 am",60,"Sealed","Dry","Not Raining","Daylight","Side Swipe",2,,,1318117.69,1642870.06
"2020-1783-19/09/2025","COLLINSWOOD","CITY OF PROSPECT",3,2,0,1,1,2020,"February","Monday","10:30 am",60,"Sealed","Dry","Not Raining","Daylight","Right Angle",1,,,1330007.92,1674808.61
"2020-1789-19/09/2025","CAMPBELLTOWN","CC CAMPBELLTOWN.",2,1,0,0,1,2020,"February","Monday","01:20 pm",60,"Sealed","Dry","Not Raining","Daylight","Hit Pedestrian",2,,,1334468.27,1675734.19
"2020-1792-19/09/2025","INMAN VALLEY","DC VICTOR HARBOR.",1,1,0,1,0,2020,"February","Monday","01:28 pm",100,"Sealed","Dry","Not Raining","Daylight","Roll Over",1,,,1315460.18,1608213.79
"2020-1794-19/09/2025","PARADISE","CC CAMPBELLTOWN.",2,1,0,0,1,2020,"February","Thursday","07:50 am",60,"Sealed","Dry","Not Raining","Daylight","Hit Pedestrian",2,,,1334408.85,1677048.14
"2020-1800-19/09/2025","WILLUNGA","CITY OF ONKAPARINGA",2,1,0,0,1,2020,"February","Monday","05:19 pm",50,"Sealed","Dry","Not Raining","Daylight","Hit Fixed Object",1,,,1323647.3,1632528.59
"2020-1802-19/09/2025","HINDMARSH","CITY OF CHARLES STURT",2,1,0,0,1,2020,"February","Monday","03:45 pm",60,"Sealed","Dry","Not Raining","Daylight","Rear End",2,,,1326032.78,1673048.8
"2020-1805-19/09/2025","PENFIELD","CITY OF PLAYFORD.",3,2,0,0,2,2020,"February","Monday","05:40 pm",80,"Sealed","Dry","Not Raining","Daylight","Rear End",1,,,1331363.62,1697593.57
"2020-1811-19/09/2025","TORRENS PARK","CC MITCHAM.",2,1,0,0,1,2020,"February","Tuesday","05:28 am",50,"Sealed","Dry","Not Raining","Night","Hit Parked Vehicle",1,"Y",,1329484.11,1665030.15
"2020-1812-19/09/2025","WALKLEY HEIGHTS","CITY OF SALISBURY",2,1,0,1,0,2020,"February","Tuesday","06:32 am",60,"Sealed","Dry","Not Raining","Night","Right Turn",1,,,1332971.13,1680497.42
"2020-1813-19/09/2025","PANITYA","DC KIMBA.",2,1,1,0,0,2020,"February","Tuesday","02:55 am",110,"Sealed","Dry","Not Raining","Night","Roll Over",1,,,1096511.64,1866379.46
"2020-1814-19/09/2025","LYNTON","CC MITCHAM.",3,1,0,0,1,2020,"February","Tuesday","06:57 am",60,"Sealed","Dry","Not Raining","Night","Hit Fixed Object",1,,,1329017.72,1662692.43
"2020-1819-19/09/2025","SALISBURY EAST","CITY OF SALISBURY",2,1,0,0,1,2020,"February","Tuesday","07:45 am",50,"Sealed","Dry","Not Raining","Daylight","Side Swipe",2,,,1335450.21,1686729.75
"2020-1821-19/09/2025","WALLAROO MINES","COPPER COAST DISTRICT COUNCIL",2,1,0,1,0,2020,"February","Tuesday","08:48 am",60,"Sealed","Dry","Not Raining","Daylight","Head On",1,,,1248379.26,1780301.81
"2020-1822-19/09/2025","WILLASTON","LIGHT REGIONAL COUNCIL",2,1,0,0,1,2020,"February","Tuesday","09:00 am",110,"Sealed","Dry","Not Raining","Daylight","Side Swipe",2,,,1342002.57,1708254.86
"2020-1825-19/09/2025","WILLYAROO","ALEXANDRINA COUNCIL",2,1,1,0,0,2020,"February","Tuesday","06:30 am",80,"Sealed","Dry","Not Raining","Night","Rear End",1,,"Y",1355369.85,1630904.25
"2020-1828-19/09/2025","CLAPHAM","CC MITCHAM.",2,1,0,0,1,2020,"February","Monday","08:00 am",50,"Sealed","Dry","Not Raining","Daylight","Hit Pedestrian",2,,,1328986.84,1663666.35
"2020-1831-19/09/2025","GEPPS CROSS","CITY OF PORT ADELAIDE ENFIELD",2,1,0,0,1,2020,"February","Tuesday","02:40 pm",70,"Sealed","Dry","Not Raining","Daylight","Rear End",1,,,1328795.21,1679758.32
"2020-1832-19/09/2025","ELIZABETH GROVE","CITY OF PLAYFORD.",2,1,0,0,1,2020,"February","Tuesday","02:51 pm",80,"Sealed","Dry","Not Raining","Daylight","Side Swipe",2,,,1336113.77,1691776.46
"2020-1833-19/09/2025","LOXTON","LOXTON WAIKERIE DISTRICT COUNCIL",1,1,0,0,1,2020,"February","Tuesday","03:25 pm",80,"Sealed","Dry","Not Raining","Daylight","Roll Over",9,,,1512817.5,1716723.7
"2020-1834-19/09/2025","PROSPECT","CITY OF PROSPECT",2,1,0,0,1,2020,"February","Tuesday","02:00 pm",60,"Sealed","Dry","Not Raining","Daylight","Side Swipe",2,,,1328461.73,1676422.68
"2020-1839-19/09/2025","ABERFOYLE PARK","CITY OF ONKAPARINGA",2,1,0,0,1,2020,"February","Tuesday","04:35 pm",50,"Sealed","Dry","Not Raining","Daylight","Hit Fixed Object",1,,,1327680.91,1654914.62
"2020-1841-19/09/2025","SEFTON PARK","CITY OF PROSPECT",2,1,0,0,1,2020,"February","Tuesday","05:24 pm",50,"Sealed","Dry","Not Raining","Daylight","Right Turn",1,,,1329038.63,1675970.21
"2020-1843-19/09/2025","NORTH PLYMPTON","CITY OF WEST TORRENS",4,1,0,0,1,2020,"February","Tuesday","05:55 pm",60,"Sealed","Dry","Not Raining","Daylight","Right Angle",2,,,1324217.15,1667394.67
"2020-1844-19/09/2025","BLACKWOOD","CC MITCHAM.",2,1,0,0,1,2020,"February","Tuesday","06:00 pm",50,"Sealed","Dry","Not Raining","Daylight","Right Angle",2,,,1329480.66,1660205.73
"2020-1845-19/09/2025","WOODCROFT","CITY OF ONKAPARINGA",2,1,0,0,1,2020,"February","Tuesday","04:55 pm",80,"Sealed","Dry","Not Raining","Daylight","Rear End",1,,,1323036.6,1652156.05
"2020-1848-19/09/2025","PLYMPTON","CITY OF WEST TORRENS",2,1,0,0,1,2020,"February","Tuesday","09:10 pm",60,"Sealed","Dry","Not Raining","Night","Rear End",2,,,1324231.24,1666867.11
"2020-1849-19/09/2025","PARK HOLME","CC MARION.",2,1,0,1,0,2020,"February","Tuesday","10:55 pm",60,"Sealed","Dry","Not Raining","Night","Hit Pedestrian",1,,,1324305.1,1663944.81
"2020-1850-19/09/2025","MONARTO SOUTH","RC MURRAY BRIDGE.",2,1,0,1,0,2020,"February","Tuesday","09:00 pm",100,"Sealed","Dry","Not Raining","Night","Hit Fixed Object",1,,,1381443.1,1646435.33
"2020-1852-19/09/2025","MEDINDIE","WALKERVILLE TOWN COUNCIL",3,4,0,2,2,2020,"February","Wednesday","06:18 am",60,"Sealed","Dry","Not Raining","Night","Side Swipe",2,,,1328826.86,1673508.12
"2020-1854-19/09/2025","BROOKLYN PARK","CITY OF WEST TORRENS",2,1,0,0,1,2020,"February","Wednesday","07:09 am",60,"Sealed","Dry","Not Raining","Daylight","Right Turn",2,,,1324123.03,1670938.82
"2020-1855-19/09/2025","ONE TREE HILL","CITY OF PLAYFORD.",2,4,0,1,3,2020,"February","Wednesday","06:25 am",100,"Sealed","Dry","Not Raining","Night","Right Angle",2,,,1342450.56,1693351.71
"2020-1859-19/09/2025","TATACHILLA","CITY OF ONKAPARINGA",2,1,0,0,1,2020,"February","Wednesday","09:02 am",90,"Sealed","Dry","Not Raining","Daylight","Side Swipe",2,,,1317691.78,1636669.88
"2020-1861-19/09/2025","SALISBURY DOWNS","CITY OF SALISBURY",2,1,0,0,1,2020,"February","Wednesday","09:03 am",60,"Sealed","Dry","Not Raining","Daylight","Right Turn",1,,,1332105.28,1687658.25
"2020-1863-19/09/2025","CHRISTIES BEACH","CITY OF ONKAPARINGA",1,1,0,0,1,2020,"February","Wednesday","10:30 am",60,"Sealed","Wet","Raining","Daylight","Roll Over",1,,,1316055.99,1647385.04
"2020-1864-19/09/2025","GLENELG","CITY OF HOLDFAST BAY",1,1,0,0,1,2020,"February","Wednesday","10:40 am",40,"Sealed","Wet","Not Raining","Daylight","Roll Over",1,,,1320375.75,1664881.97
"2020-1865-19/09/2025","PARAFIELD","CITY OF SALISBURY",2,1,0,0,1,2020,"February","Tuesday","10:15 am",50,"Sealed","Dry","Not Raining","Daylight","Hit Pedestrian",1,,,1332965.42,1685271.21
"2020-1866-19/09/2025","PARAFIELD","CITY OF SALISBURY",2,1,0,0,1,2020,"February","Wednesday","11:26 am",70,"Sealed","Wet","Raining","Daylight","Rear End",2,,,1332588.34,1685918.47
"2020-1868-19/09/2025","THEBARTON","CITY OF WEST TORRENS",3,1,0,0,1,2020,"February","Wednesday","12:15 pm",60,"Sealed","Dry","Not Raining","Daylight","Rear End",1,,,1326533.86,1672108.54
"2020-1874-19/09/2025","ADELAIDE","CITY OF ADELAIDE",2,1,0,0,1,2020,"February","Wednesday","11:58 am",50,"Sealed","Dry","Not Raining","Daylight","Hit Pedestrian",2,,,1327787.46,1670327.65
"2020-1875-19/09/2025","SOMERTON PARK","CITY OF HOLDFAST BAY",2,1,0,0,1,2020,"February","Wednesday","01:17 pm",50,"Sealed","Dry","Not Raining","Daylight","Right Angle",2,,,1321797.3,1662909.68
"2020-1877-19/09/2025","MURRAY BRIDGE EAST","RC MURRAY BRIDGE.",2,1,0,1,0,2020,"February","Wednesday","12:17 pm",110,"Sealed","Dry","Not Raining","Daylight","Hit Fixed Object",1,,"Y",1393811.42,1645015.85
"2020-1878-19/09/2025","WHYALLA STUART","CC WHYALLA.",2,1,0,0,1,2020,"February","Wednesday","10:30 am",50,"Sealed","Dry","Not Raining","Daylight","Hit Pedestrian",1,,,1235740.33,1883443
"2020-1879-19/09/2025","BIBARINGA","CITY OF PLAYFORD.",2,1,0,0,1,2020,"February","Monday","06:00 pm",80,"Sealed","Dry","Not Raining","Daylight","Hit Animal",2,,,1345084.2,1699358.49
"2020-1882-19/09/2025","PORT ADELAIDE","CITY OF PORT ADELAIDE ENFIELD",2,1,0,0,1,2020,"February","Wednesday","03:11 pm",60,"Sealed","Dry","Not Raining","Daylight","Hit Pedestrian",1,,,1320509.08,1679073.54
"2020-1883-19/09/2025","HEATHPOOL","CC OF NORWOOD,PAYNEHAM & ST PETERS",2,1,0,1,0,2020,"February","Wednesday","03:02 pm",50,"Sealed","Dry","Not Raining","Daylight","Hit Pedestrian",1,,,1333027.81,1669887.68
"2020-1885-19/09/2025","SALISBURY","CITY OF SALISBURY",2,1,0,0,1,2020,"February","Wednesday","03:35 pm",50,"Sealed","Dry","Not Raining","Daylight","Rear End",2,,,1333664.78,1688638.7
"2020-1890-19/09/2025","BRIGHTON","CITY OF HOLDFAST BAY",2,2,0,0,2,2020,"February","Wednesday","04:40 pm",60,"Sealed","Dry","Not Raining","Daylight","Right Angle",1,,,1321147.01,1660371.41
"2020-1894-19/09/2025","KENT TOWN","CC OF NORWOOD,PAYNEHAM & ST PETERS",2,1,0,0,1,2020,"February","Wednesday","05:10 pm",60,"Sealed","Dry","Not Raining","Daylight","Rear End",2,,,1329929.7,1671102.66
"2020-1899-19/09/2025","POORAKA","CITY OF SALISBURY",1,1,0,1,0,2020,"February","Friday","09:30 am",70,"Sealed","Dry","Not Raining","Daylight","Roll Over",1,,,1330444.03,1681762.52
"2020-1908-19/09/2025","GLENELG SOUTH","CITY OF HOLDFAST BAY",2,1,0,0,1,2020,"February","Thursday","08:08 am",50,"Sealed","Dry","Not Raining","Daylight","Right Angle",1,,,1320822.53,1664014.01
"2020-1909-19/09/2025","HYDE PARK","CITY OF UNLEY",4,1,0,0,1,2020,"February","Thursday","08:15 am",60,"Sealed","Dry","Not Raining","Daylight","Right Angle",1,,,1329109.48,1667279.04
"2020-1910-19/09/2025","PRICE","YORKE PENINSULA COUNCIL",2,2,0,0,2,2020,"February","Wednesday","04:15 pm",100,"Unsealed","Dry","Not Raining","Daylight","Right Angle",1,,,1272987.42,1745084.02
"2020-1912-19/09/2025","LITTLEHAMPTON","DC MT.BARKER.",3,1,0,0,1,2020,"February","Thursday","08:15 am",50,"Sealed","Dry","Not Raining","Daylight","Hit Pedestrian",1,,,1352479.63,1656327.96
"2020-1915-19/09/2025","PAYNEHAM","CC OF NORWOOD,PAYNEHAM & ST PETERS",2,1,0,0,1,2020,"February","Thursday","09:18 am",60,"Sealed","Dry","Not Raining","Daylight","Rear End",2,,,1332053.89,1673653.18
"2020-1917-19/09/2025","KILBURN","CITY OF PORT ADELAIDE ENFIELD",3,2,0,0,2,2020,"February","Thursday","09:14 am",50,"Sealed","Dry","Not Raining","Daylight","Rear End",2,,,1328027.15,1677780.4
"2020-1918-19/09/2025","ADELAIDE","CITY OF ADELAIDE",2,1,0,0,1,2020,"February","Wednesday","09:00 pm",50,"Sealed","Dry","Not Raining","Night","Hit Pedestrian",1,,,1328601.68,1670520.3
"2020-1919-19/09/2025","ADELAIDE","CITY OF ADELAIDE",2,1,0,1,0,2020,"February","Thursday","09:20 am",50,"Sealed","Dry","Not Raining","Daylight","Side Swipe",2,,,1328715.48,1670193.9
"2020-1922-19/09/2025","STEPNEY","CC OF NORWOOD,PAYNEHAM & ST PETERS",2,1,0,0,1,2020,"February","Tuesday","08:15 am",60,"Sealed","Dry","Not Raining","Daylight","Side Swipe",2,,,1331009.51,1671726.41
"2020-1923-19/09/2025","BALAKLAVA","WAKEFIELD REGIONAL COUNCIL",2,2,0,0,2,2020,"February","Thursday","12:05 pm",50,"Sealed","Dry","Not Raining","Daylight","Right Angle",2,"Y",,1314404.97,1757391.6
"2020-1929-19/09/2025","WINDSOR GARDENS","CITY OF PORT ADELAIDE ENFIELD",1,1,0,1,0,2020,"February","Thursday","02:55 pm",50,"Sealed","Dry","Not Raining","Daylight","Roll Over",1,,,1333559.6,1677417.21
"2020-1935-19/09/2025","NOARLUNGA CENTRE","CITY OF ONKAPARINGA",2,1,0,0,1,2020,"February","Wednesday","03:20 pm",60,"Sealed","Dry","Not Raining","Daylight","Rear End",2,,,1317377.02,1647008.33
"2020-1941-19/09/2025","BASKET RANGE","THE ADELAIDE HILLS COUNCIL",1,1,0,0,1,2020,"February","Thursday","04:20 pm",80,"Sealed","Dry","Not Raining","Daylight","Left Road - Out of Control",1,,,1345405.63,1668307.48
"2020-1943-19/09/2025","MOSQUITO HILL","ALEXANDRINA COUNCIL",1,1,0,0,1,2020,"February","Tuesday","11:30 am",100,"Sealed","Dry","Not Raining","Daylight","Roll Over",9,,,1334374.8,1616320.68
"2020-1944-19/09/2025","FLAGSTAFF HILL","CITY OF ONKAPARINGA",2,1,0,0,1,2020,"February","Thursday","06:00 pm",60,"Sealed","Dry","Not Raining","Daylight","Rear End",2,,,1326991.53,1656931.34
"2020-1945-19/09/2025","ALDINGA BEACH","CITY OF ONKAPARINGA",2,1,0,1,0,2020,"February","Thursday","06:50 pm",50,"Sealed","Dry","Not Raining","Daylight","Hit Parked Vehicle",1,,,1314573.82,1632965.59
"2020-1947-19/09/2025","UNLEY","CITY OF UNLEY",3,2,0,1,1,2020,"February","Friday","06:00 am",60,"Sealed","Dry","Not Raining","Night","Rear End",1,,,1329084.04,1668028.42
"2020-1949-19/09/2025","CHANDLERS HILL","CITY OF ONKAPARINGA",2,1,0,1,0,2020,"February","Friday","07:44 am",70,"Sealed","Wet","Not Raining","Daylight","Right Angle",1,,,1330043.68,1651828.2
"2020-1950-19/09/2025","ADELAIDE","CITY OF ADELAIDE",2,2,0,0,2,2020,"February","Friday","08:15 am",50,"Sealed","Wet","Raining","Daylight","Rear End",1,,,1328413.14,1670346.5
"2020-1951-19/09/2025","STURT","CC MARION.",3,1,0,0,1,2020,"February","Friday","06:50 am",70,"Sealed","Wet","Raining","Night","Rear End",2,,,1324289.38,1659814.67
"2020-1952-19/09/2025","TORRENSVILLE","CITY OF WEST TORRENS",2,1,0,0,1,2020,"February","Friday","08:00 am",60,"Sealed","Dry","Not Raining","Daylight","Rear End",2,,,1325609.25,1671572.25
"2020-1953-19/09/2025","SALISBURY DOWNS","CITY OF SALISBURY",2,2,0,0,2,2020,"February","Friday","08:30 am",60,"Sealed","Wet","Raining","Daylight","Head On",1,,,1330575.33,1687508.48
"2020-1954-19/09/2025","COROMANDEL VALLEY","CITY OF ONKAPARINGA",2,1,0,0,1,2020,"February","Friday","09:20 am",60,"Sealed","Dry","Not Raining","Daylight","Right Turn",1,,,1330410.74,1657807.82
"2020-1958-19/09/2025","KLEMZIG","CITY OF PORT ADELAIDE ENFIELD",2,1,0,0,1,2020,"February","Friday","11:20 am",60,"Sealed","Dry","Not Raining","Daylight","Hit Fixed Object",1,,,1332320.18,1676806.16
"2020-1959-19/09/2025","STURT","CC MARION.",2,1,0,0,1,2020,"February","Friday","11:27 am",60,"Sealed","Dry","Not Raining","Daylight","Right Angle",1,,,1324420,1660440.47
"2020-1961-19/09/2025","KURRALTA PARK","CITY OF WEST TORRENS",2,1,0,1,0,2020,"February","Friday","08:20 am",50,"Sealed","Dry","Not Raining","Daylight","Right Angle",2,,,1325602.58,1668467.91
"2020-1965-19/09/2025","GEPPS CROSS","CITY OF PORT ADELAIDE ENFIELD",2,1,0,0,1,2020,"February","Friday","08:05 am",60,"Sealed","Wet","Unknown","Daylight","Rear End",2,,,1328017.12,1679245.81
"2020-1968-19/09/2025","PROSPECT","CITY OF PROSPECT",2,1,0,0,1,2020,"February","Thursday","08:15 pm",60,"Sealed","Dry","Not Raining","Night","Right Angle",2,,,1328883.59,1676077.49
"2020-1970-19/09/2025","WEST RICHMOND","CITY OF WEST TORRENS",2,2,0,0,2,2020,"February","Friday","01:15 pm",60,"Sealed","Dry","Not Raining","Daylight","Right Angle",2,,,1324146.44,1669672.51
"2020-1971-19/09/2025","SALISBURY PLAIN","CITY OF SALISBURY",2,1,0,0,1,2020,"February","Tuesday","12:45 pm",80,"Sealed","Dry","Not Raining","Daylight","Rear End",2,,,1334718.19,1687196.62
"2020-1972-19/09/2025","EDEN HILLS","CC MITCHAM.",2,1,0,0,1,2020,"February","Friday","09:05 am",60,"Sealed","Dry","Not Raining","Daylight","Rear End",2,,,1328906.33,1659985.26
"2020-1973-19/09/2025","MOUNT MARY","MID MURRAY DISTRICT COUNCIL",1,1,0,0,1,2020,"February","Friday","01:50 pm",110,"Sealed","Dry","Not Raining","Daylight","Roll Over",1,,,1411493.07,1759563.1
"2020-1977-19/09/2025","WINGFIELD","CITY OF PORT ADELAIDE ENFIELD",2,1,0,0,1,2020,"February","Friday","02:48 pm",60,"Sealed","Dry","Not Raining","Daylight","Rear End",1,,,1325443.66,1680706.91
"2020-1978-19/09/2025","PENFIELD","CITY OF PLAYFORD.",2,1,0,0,1,2020,"February","Friday","03:50 pm",80,"Sealed","Dry","Not Raining","Daylight","Hit Parked Vehicle",2,,,1332761.3,1696741.75
"2020-1982-19/09/2025","HINDMARSH","CITY OF CHARLES STURT",2,1,0,0,1,2020,"February","Friday","03:16 pm",60,"Sealed","Dry","Not Raining","Daylight","Rear End",1,,,1325968.73,1673103.94
"2020-1984-19/09/2025","SHEIDOW PARK","CC MARION.",2,1,0,0,1,2020,"February","Friday","04:56 pm",80,"Sealed","Dry","Not Raining","Daylight","Hit Parked Vehicle",2,,,1321618.12,1655163.25
"2020-1985-19/09/2025","SEAFORD RISE","CITY OF ONKAPARINGA",2,2,0,0,2,2020,"February","Friday","02:45 pm",60,"Sealed","Dry","Not Raining","Daylight","Right Turn",2,,,1317537.2,1641650.26
"2020-1988-19/09/2025","SALISBURY EAST","CITY OF SALISBURY",2,1,0,1,0,2020,"February","Friday","05:35 pm",60,"Sealed","Dry","Not Raining","Daylight","Right Angle",2,,,1334545.89,1685116.02
"2020-1991-19/09/2025","ELIZABETH PARK","CITY OF PLAYFORD.",2,1,0,0,1,2020,"February","Friday","05:15 pm",60,"Sealed","Dry","Not Raining","Daylight","Rear End",2,,,1336482.32,1694632.45
"2020-1995-19/09/2025","HAWTHORN","CC MITCHAM.",2,1,0,0,1,2020,"February","Friday","07:02 pm",60,"Sealed","Dry","Not Raining","Daylight","Right Turn",1,,,1328577.62,1666238.33
"2020-1999-19/09/2025","IRONBANK","THE ADELAIDE HILLS COUNCIL",3,1,0,1,0,2020,"February","Friday","10:25 pm",80,"Sealed","Dry","Not Raining","Night","Hit Fixed Object",1,,,1336287.53,1656563.36
"2020-2007-19/09/2025","ST MORRIS","CC OF NORWOOD,PAYNEHAM & ST PETERS",2,1,0,1,0,2020,"February","Saturday","09:20 am",60,"Sealed","Dry","Not Raining","Daylight","Hit Pedestrian",2,,,1333711.9,1671800.94
"2020-2008-19/09/2025","TENNYSON","CITY OF CHARLES STURT",2,1,0,1,0,2020,"February","Saturday","10:25 am",60,"Sealed","Dry","Not Raining","Daylight","Hit Parked Vehicle",2,,,1318376.3,1674885.39
"2020-2010-19/09/2025","SEMAPHORE PARK","CITY OF CHARLES STURT",2,1,0,1,0,2020,"February","Saturday","11:15 am",60,"Sealed","Dry","Not Raining","Daylight","Right Angle",1,,,1317767.25,1679377.81
"2020-2011-19/09/2025","ADELAIDE","CITY OF ADELAIDE",2,1,0,0,1,2020,"February","Saturday","12:00 pm",50,"Sealed","Dry","Not Raining","Daylight","Hit Pedestrian",2,,,1329202.01,1671165.88
"2020-2012-19/09/2025","BURTON","CITY OF SALISBURY",2,1,0,0,1,2020,"February","Saturday","01:08 pm",60,"Sealed","Dry","Not Raining","Daylight","Right Angle",2,,,1329629.78,1691239.6
"2020-2016-19/09/2025","ROSTREVOR","CC CAMPBELLTOWN.",2,2,0,0,2,2020,"February","Saturday","03:48 pm",60,"Sealed","Dry","Not Raining","Daylight","Right Angle",2,,,1335433.77,1673694.71
"2020-2017-19/09/2025","MAGDALA","LIGHT REGIONAL COUNCIL",1,3,0,0,3,2020,"February","Saturday","02:45 pm",100,"Unsealed","Dry","Not Raining","Daylight","Roll Over",1,,,1337284.54,1726060.7
"2020-2021-19/09/2025","MURRAY BRIDGE EAST","RC MURRAY BRIDGE.",2,1,0,0,1,2020,"February","Friday","09:00 pm",100,"Unsealed","Dry","Not Raining","Night","Hit Fixed Object",1,,,1393433.19,1650104.3
"2020-2023-19/09/2025","HOLDEN HILL","CITY OF TEA TREE GULLY",2,1,0,0,1,2020,"February","Saturday","05:15 pm",60,"Sealed","Dry","Not Raining","Daylight","Right Angle",2,,,1335524.49,1679419.74
"2020-2024-19/09/2025","KILBURN","CITY OF PORT ADELAIDE ENFIELD",2,1,0,0,1,2020,"February","Saturday","06:30 pm",50,"Sealed","Dry","Not Raining","Daylight","Right Angle",2,,,1327799.83,1676974.4
"2020-2026-19/09/2025","WOODVILLE NORTH","CITY OF CHARLES STURT",2,1,0,0,1,2020,"February","Saturday","05:45 pm",50,"Unsealed","Dry","Not Raining","Daylight","Hit Parked Vehicle",2,,,1323919.32,1677938.77
"2020-2032-19/09/2025","CHAPEL HILL","DC MT.BARKER.",2,1,0,0,1,2020,"February","Saturday","08:10 pm",80,"Sealed","Dry","Not Raining","Night","Hit Fixed Object",1,"Y",,1343722.09,1653535.28
"2020-2034-19/09/2025","MAWSON LAKES","CITY OF SALISBURY",2,1,0,1,0,2020,"March","Sunday","02:30 am",80,"Sealed","Dry","Not Raining","Night","Hit Fixed Object",1,"Y","Y",1328714.44,1682508.2
"2020-2036-19/09/2025","PORT LINCOLN","DC LOWER EYRE PENINSULA",1,1,1,0,0,2020,"February","Saturday","11:30 pm",110,"Sealed","Dry","Not Raining","Night","Roll Over",1,"Y",,1074644.37,1697381.67
"2020-2037-19/09/2025","ENFIELD","CITY OF PORT ADELAIDE ENFIELD",2,1,0,0,1,2020,"March","Sunday","11:17 am",60,"Sealed","Dry","Not Raining","Daylight","Right Turn",1,,,1329039.94,1679271.97
"2020-2042-19/09/2025","NORTH ADELAIDE","CITY OF ADELAIDE",2,1,0,0,1,2020,"March","Sunday","02:32 pm",50,"Sealed","Dry","Not Raining","Daylight","Right Turn",2,,,1327944.4,1672141.81
"2020-2043-19/09/2025","OAKLANDS PARK","CC MARION.",2,1,0,0,1,2020,"March","Sunday","01:20 pm",60,"Sealed","Dry","Not Raining","Daylight","Rear End",2,,,1322736.09,1661965.47
"2020-2045-19/09/2025","WINGFIELD","CITY OF PORT ADELAIDE ENFIELD",2,1,0,1,0,2020,"March","Sunday","04:36 pm",90,"Sealed","Dry","Not Raining","Daylight","Hit Fixed Object",1,,,1325655.04,1681061.58
"2020-2046-19/09/2025","ADELAIDE AIRPORT","CITY OF WEST TORRENS",2,1,0,1,0,2020,"March","Sunday","04:48 pm",80,"Sealed","Dry","Not Raining","Daylight","Side Swipe",2,,,1320904.11,1669793.38
"2020-2047-19/09/2025","WARRADALE","CC MARION.",2,1,0,0,1,2020,"March","Sunday","07:10 pm",60,"Sealed","Wet","Raining","Daylight","Right Angle",2,,,1322655.42,1661624.06
"2020-2049-19/09/2025","SALISBURY","CITY OF SALISBURY",2,1,0,0,1,2020,"March","Monday","08:35 am",60,"Sealed","Dry","Not Raining","Daylight","Right Angle",1,,,1333389.6,1688248.34