"REPORT_ID","Suburb","LGA Name","Total Units","Total Cas","Total Fats","Total SI","Total MI","Year","Month","Day","Time","Area Speed","Road Surface","Moisture Cond","Weather Cond","DayNight","Crash Type","Unit Resp","DUI Involved","Drugs Involved","ACCLOC_X","ACCLOC_Y"
"2020-2053-19/09/2025","MARION","CC MARION.",2,2,0,0,2,2020,"March","Monday","08:15 am",50,"Sealed","Dry","Not Raining","Daylight","Rear End",2,,,1324340.13,1661854.15
"2020-2056-19/09/2025","OTTOWAY","CITY OF PORT ADELAIDE ENFIELD",2,1,0,0,1,2020,"March","Monday","10:12 am",60,"Sealed","Dry","Not Raining","Daylight","Right Angle",1,,,1322718.98,1679683.43
"2020-2057-19/09/2025","OTTOWAY","CITY OF PORT ADELAIDE ENFIELD",2,2,0,0,2,2020,"March","Sunday","03:30 pm",60,"Sealed","Dry","Not Raining","Daylight","Right Angle",1,,,1322882.11,1679348.41
"2020-2059-19/09/2025","WALKERVILLE","WALKERVILLE TOWN COUNCIL",4,1,0,0,1,2020,"March","Monday","07:45 am",60,"Sealed","Dry","Not Raining","Daylight","Rear End",2,,,1329495.38,1674243.17
"2020-2065-19/09/2025","GLENGOWRIE","CC MARION.",2,1,0,0,1,2020,"March","Monday","03:15 pm",60,"Sealed","Dry","Not Raining","Daylight","Side Swipe",2,,,1322700.04,1663387.81
"2020-2066-19/09/2025","WYE","DISTRICT COUNCIL OF GRANT",1,2,0,0,2,2020,"March","Monday","01:50 pm",100,"Sealed","Dry","Not Raining","Daylight","Roll Over",1,,,1520939.87,1318937.13
"2020-2068-19/09/2025","MODBURY HEIGHTS","CITY OF TEA TREE GULLY",2,1,0,0,1,2020,"March","Monday","08:35 am",60,"Sealed","Dry","Not Raining","Daylight","Rear End",2,,,1336902.77,1682369.02
"2020-2070-19/09/2025","SALISBURY DOWNS","CITY OF SALISBURY",7,1,0,0,1,2020,"March","Monday","03:37 pm",60,"Sealed","Dry","Not Raining","Daylight","Right Turn",2,,,1331820.09,1687283.3
"2020-2071-19/09/2025","ADELAIDE AIRPORT","CITY OF WEST TORRENS",2,1,0,0,1,2020,"February","Friday","05:35 pm",80,"Sealed","Dry","Not Raining","Daylight","Rear End",2,,,1320930.97,1668783.71
"2020-2072-19/09/2025","GLENELG EAST","CITY OF HOLDFAST BAY",2,1,0,0,1,2020,"March","Monday","04:00 pm",60,"Sealed","Dry","Not Raining","Daylight","Hit Pedestrian",2,,,1321325.23,1664064.91
"2020-2076-19/09/2025","MITCHELL PARK","CC MARION.",2,1,0,0,1,2020,"March","Monday","05:10 pm",50,"Sealed","Dry","Not Raining","Daylight","Rear End",2,,,1325068.15,1662241.5
"2020-2078-19/09/2025","WALKER FLAT","MID MURRAY DISTRICT COUNCIL",1,1,0,1,0,2020,"March","Monday","03:45 pm",100,"Sealed","Dry","Not Raining","Daylight","Roll Over",1,,,1414629.76,1676278.54
"2020-2086-19/09/2025","WOODVILLE PARK","CITY OF CHARLES STURT",3,1,0,0,1,2020,"March","Tuesday","08:00 am",60,"Sealed","Dry","Not Raining","Daylight","Rear End",2,,,1323799.32,1674977.81
"2020-2088-19/09/2025","BLACKWOOD","CC MITCHAM.",2,1,0,0,1,2020,"March","Tuesday","08:10 am",50,"Sealed","Dry","Not Raining","Daylight","Side Swipe",1,,,1329945.4,1660814.1
"2020-2090-19/09/2025","STURT","CC MARION.",1,1,0,1,0,2020,"March","Tuesday","09:05 am",70,"Sealed","Dry","Not Raining","Daylight","Other",1,,,1324348.45,1659634.12
"2020-2092-19/09/2025","KINGSWOOD","CC MITCHAM.",2,1,0,0,1,2020,"March","Tuesday","08:10 am",60,"Sealed","Dry","Not Raining","Daylight","Rear End",2,,,1329138.3,1666176.5
"2020-2095-19/09/2025","MOUNT COMPASS","ALEXANDRINA COUNCIL",2,4,0,0,4,2020,"March","Tuesday","08:15 am",100,"Sealed","Dry","Not Raining","Daylight","Right Angle",2,,,1325349.82,1626758.4
"2020-2098-19/09/2025","MAGILL","CC CAMPBELLTOWN.",2,1,0,0,1,2020,"March","Tuesday","11:21 am",60,"Sealed","Dry","Not Raining","Daylight","Side Swipe",1,,,1335160.39,1671839.51
"2020-2099-19/09/2025","NORWOOD","CC OF NORWOOD,PAYNEHAM & ST PETERS",2,1,0,0,1,2020,"March","Tuesday","10:36 am",60,"Sealed","Dry","Not Raining","Daylight","Right Turn",1,,,1330627.99,1671044.2
"2020-2101-19/09/2025","KINGSWOOD","CC MITCHAM.",2,1,0,0,1,2020,"March","Monday","05:00 pm",60,"Sealed","Dry","Not Raining","Daylight","Rear End",2,,,1329137.13,1666216.37
"2020-2103-19/09/2025","MOUNT GAMBIER","CC MT.GAMBIER.",2,1,0,0,1,2020,"March","Tuesday","12:20 pm",60,"Sealed","Dry","Not Raining","Daylight","Hit Fixed Object",1,,,1509581.16,1340031.64
"2020-2104-19/09/2025","PARK HOLME","CC MARION.",2,1,0,0,1,2020,"March","Tuesday","02:20 pm",60,"Sealed","Dry","Not Raining","Daylight","Right Turn",2,,"Y",1324333.22,1663274.32
"2020-2106-19/09/2025","CROYDON PARK","CITY OF PORT ADELAIDE ENFIELD",2,1,0,1,0,2020,"March","Tuesday","02:35 pm",50,"Sealed","Dry","Not Raining","Daylight","Hit Pedestrian",1,,,1325607.96,1676320.68
"2020-2115-19/09/2025","FINDON","CITY OF CHARLES STURT",2,1,0,0,1,2020,"March","Tuesday","05:30 pm",60,"Sealed","Dry","Not Raining","Daylight","Rear End",2,,,1322417.69,1673199.28
"2020-2119-19/09/2025","HECTORVILLE","CC CAMPBELLTOWN.",2,1,0,0,1,2020,"March","Tuesday","07:50 pm",50,"Sealed","Dry","Not Raining","Night","Right Angle",2,,,1335093.37,1673709.61
"2020-2121-19/09/2025","WHYALLA JENKINS","CC WHYALLA.",2,1,0,1,0,2020,"March","Tuesday","08:30 pm",50,"Sealed","Wet","Raining","Night","Side Swipe",2,,,1234415.05,1883914.07
"2020-2127-19/09/2025","CRAFERS WEST","THE ADELAIDE HILLS COUNCIL",2,1,0,0,1,2020,"March","Wednesday","07:00 am",90,"Sealed","Wet","Raining","Night","Rear End",2,,,1335964.57,1664153.13
"2020-2129-19/09/2025","MAGILL","CC CAMPBELLTOWN.",3,2,0,0,2,2020,"March","Wednesday","08:52 am",50,"Sealed","Dry","Not Raining","Daylight","Right Turn",1,,,1335968.63,1672131.53
"2020-2130-19/09/2025","ELIZABETH SOUTH","CITY OF PLAYFORD.",2,1,0,0,1,2020,"March","Wednesday","09:47 am",60,"Sealed","Dry","Not Raining","Daylight","Hit Pedestrian",1,,,1335015.1,1692063.41
"2020-2131-19/09/2025","WATERLOO CORNER","CITY OF SALISBURY",3,1,0,0,1,2020,"March","Wednesday","09:54 am",90,"Sealed","Dry","Not Raining","Daylight","Rear End",2,,,1327702.51,1691799.15
"2020-2133-19/09/2025","KIDMAN PARK","CITY OF CHARLES STURT",2,1,0,0,1,2020,"March","Wednesday","10:05 am",60,"Sealed","Dry","Not Raining","Daylight","Right Angle",2,,,1321925.33,1673102.36
"2020-2136-19/09/2025","BEACHPORT","WATTLE RANGE COUNCIL",1,1,0,0,1,2020,"February","Wednesday","10:00 am",40,"Unsealed","Dry","Not Raining","Daylight","Left Road - Out of Control",1,,,1438166.02,1390581.08
"2020-2137-19/09/2025","PARADISE","CC CAMPBELLTOWN.",2,1,0,0,1,2020,"March","Wednesday","10:50 am",60,"Sealed","Dry","Not Raining","Daylight","Hit Pedestrian",1,,,1335624.13,1676678.29
"2020-2141-19/09/2025","KERSBROOK","THE ADELAIDE HILLS COUNCIL",2,1,0,0,1,2020,"March","Wednesday","06:55 am",80,"Sealed","Wet","Raining","Night","Rear End",1,,,1354854.61,1686948.13
"2020-2142-19/09/2025","NORTH ADELAIDE","CITY OF ADELAIDE",3,1,0,0,1,2020,"February","Monday","04:30 pm",50,"Sealed","Dry","Not Raining","Daylight","Rear End",2,,,1328573.65,1672008.81
"2020-2143-19/09/2025","WHYALLA STUART","CC WHYALLA.",2,1,0,0,1,2020,"March","Wednesday","02:36 pm",60,"Sealed","Dry","Not Raining","Daylight","Right Turn",1,,,1234530.81,1884627.55
"2020-2146-19/09/2025","KURRALTA PARK","CITY OF WEST TORRENS",2,1,0,0,1,2020,"March","Wednesday","03:15 pm",60,"Sealed","Dry","Not Raining","Daylight","Right Turn",2,,,1325778.61,1667717.09
"2020-2149-19/09/2025","SALISBURY","CITY OF SALISBURY",2,1,0,0,1,2020,"March","Wednesday","02:30 pm",50,"Sealed","Dry","Not Raining","Daylight","Right Angle",2,,,1332728.57,1688571.7
"2020-2153-19/09/2025","MUNNO PARA","CITY OF PLAYFORD.",2,1,0,0,1,2020,"March","Wednesday","04:30 pm",80,"Sealed","Dry","Not Raining","Daylight","Rear End",2,,,1338210.83,1697712.55
"2020-2154-19/09/2025","VIRGINIA","CITY OF PLAYFORD.",2,4,0,3,1,2020,"March","Wednesday","04:10 pm",100,"Sealed","Dry","Not Raining","Daylight","Head On",2,,"Y",1325332,1701515.37
"2020-2155-19/09/2025","MORPHETT VALE","CITY OF ONKAPARINGA",2,1,0,0,1,2020,"March","Wednesday","04:50 pm",60,"Sealed","Dry","Not Raining","Daylight","Right Angle",1,,,1320512.65,1648685.06
"2020-2156-19/09/2025","PAYNEHAM","CC OF NORWOOD,PAYNEHAM & ST PETERS",2,1,0,0,1,2020,"March","Wednesday","05:05 pm",60,"Sealed","Dry","Not Raining","Daylight","Rear End",2,,,1332354.94,1673888.33
"2020-2157-19/09/2025","BUNGAREE","CLARE AND GILBERT VALLEYS DISTRICT COUNCIL",2,1,0,0,1,2020,"March","Tuesday","11:35 pm",100,"Sealed","Dry","Not Raining","Night","Roll Over",1,"Y",,1329204.08,1803198.66
"2020-2158-19/09/2025","FITZROY","CITY OF PROSPECT",2,1,0,0,1,2020,"March","Wednesday","02:50 pm",60,"Sealed","Dry","Not Raining","Daylight","Side Swipe",2,,,1327878.46,1673665.62
"2020-2168-19/09/2025","NORTON SUMMIT","THE ADELAIDE HILLS COUNCIL",3,3,0,0,3,2020,"March","Wednesday","11:20 pm",60,"Sealed","Dry","Not Raining","Night","Hit Fixed Object",1,"Y","Y",1339772.19,1670397.62
"2020-2178-19/09/2025","KESWICK","CITY OF UNLEY",2,1,0,0,1,2020,"March","Wednesday","06:05 pm",60,"Sealed","Dry","Not Raining","Daylight","Rear End",2,,,1326617.45,1668545.99
"2020-2181-19/09/2025","LEAWOOD GARDENS","CITY OF BURNSIDE",7,1,0,0,1,2020,"March","Thursday","07:25 am",90,"Sealed","Dry","Not Raining","Daylight","Rear End",1,,,1335284.12,1665210.63
"2020-2184-19/09/2025","SALISBURY HEIGHTS","CITY OF SALISBURY",3,2,0,0,2,2020,"March","Thursday","11:48 am",80,"Sealed","Dry","Not Raining","Daylight","Right Angle",1,,,1336322.43,1689391.78
"2020-2187-19/09/2025","WOODVILLE GARDENS","CITY OF PORT ADELAIDE ENFIELD",3,1,0,0,1,2020,"March","Thursday","12:20 pm",60,"Sealed","Dry","Not Raining","Daylight","Rear End",1,,,1323949.7,1677639.8
"2020-2189-19/09/2025","EDWARDSTOWN","CC MARION.",2,1,0,0,1,2020,"March","Wednesday","07:55 am",60,"Sealed","Wet","Raining","Daylight","Side Swipe",1,,,1325892.92,1665470.83
"2020-2190-19/09/2025","ELIZABETH VALE","CITY OF PLAYFORD.",2,1,0,0,1,2020,"March","Thursday","12:55 pm",50,"Sealed","Dry","Not Raining","Daylight","Right Turn",2,,,1335363.33,1690558.2
"2020-2194-19/09/2025","HINDMARSH VALLEY","DC VICTOR HARBOR.",2,1,0,0,1,2020,"March","Thursday","12:45 pm",60,"Sealed","Dry","Not Raining","Daylight","Right Angle",1,,,1330556.1,1604200.86
"2020-2196-19/09/2025","KEITH","DC TATIARA.",2,1,0,0,1,2020,"March","Thursday","11:45 am",110,"Sealed","Dry","Not Raining","Daylight","Side Swipe",1,,,1479547.72,1526945.96
"2020-2199-19/09/2025","ADELAIDE","CITY OF ADELAIDE",2,1,0,0,1,2020,"March","Thursday","04:33 pm",50,"Sealed","Dry","Not Raining","Daylight","Hit Pedestrian",1,,,1328693.74,1670423.6
"2020-2205-19/09/2025","WEST LAKES","CITY OF CHARLES STURT",2,1,0,0,1,2020,"March","Thursday","03:30 pm",60,"Sealed","Dry","Not Raining","Daylight","Rear End",2,,,1318994.81,1676350.16
"2020-2207-19/09/2025","STURT","CC MARION.",2,1,0,0,1,2020,"March","Thursday","06:10 pm",60,"Sealed","Dry","Not Raining","Daylight","Hit Parked Vehicle",1,,,1323808.78,1659872.48
"2020-2210-19/09/2025","O'SULLIVAN BEACH","CITY OF ONKAPARINGA",2,1,0,0,1,2020,"March","Thursday","07:45 pm",50,"Sealed","Dry","Not Raining","Daylight","Right Angle",1,,,1316423.57,1649901.41
"2020-2218-19/09/2025","TORRENSVILLE","CITY OF WEST TORRENS",2,1,0,0,1,2020,"March","Thursday","12:20 pm",50,"Sealed","Dry","Not Raining","Daylight","Right Angle",2,,,1325179.62,1671190.37
"2020-2221-19/09/2025","DRY CREEK","CITY OF SALISBURY",2,1,0,0,1,2020,"March","Thursday","03:30 pm",60,"Sealed","Dry","Not Raining","Daylight","Rear End",2,,,1325425.74,1682169.99
"2020-2222-19/09/2025","GLENSIDE","CITY OF BURNSIDE",2,1,0,0,1,2020,"March","Friday","10:31 am",60,"Sealed","Dry","Not Raining","Daylight","Right Turn",2,,,1331512.1,1669024.3
"2020-2223-19/09/2025","GLYNDE","CC OF NORWOOD,PAYNEHAM & ST PETERS",3,3,0,1,2,2020,"March","Friday","11:27 am",60,"Sealed","Dry","Not Raining","Daylight","Right Turn",1,,"Y",1333785.54,1674516.59
"2020-2226-19/09/2025","GLENELG NORTH","CITY OF HOLDFAST BAY",2,1,0,0,1,2020,"March","Friday","12:00 pm",60,"Sealed","Dry","Not Raining","Daylight","Rear End",2,,,1320776.36,1666068.12
"2020-2228-19/09/2025","MOUNT GAMBIER","CC MT.GAMBIER.",2,1,0,0,1,2020,"March","Friday","12:00 pm",50,"Sealed","Dry","Not Raining","Daylight","Hit Fixed Object",1,,,1509029.36,1339863.69
"2020-2229-19/09/2025","PORT ADELAIDE","CITY OF PORT ADELAIDE ENFIELD",2,1,0,0,1,2020,"March","Friday","01:10 pm",50,"Sealed","Dry","Not Raining","Daylight","Rear End",2,,,1319913.15,1679917.94
"2020-2233-19/09/2025","KILKENNY","CITY OF CHARLES STURT",2,1,0,0,1,2020,"March","Thursday","06:00 pm",60,"Sealed","Dry","Not Raining","Daylight","Side Swipe",2,,,1324785.32,1675791.35
"2020-2235-19/09/2025","TUNGKILLO","MID MURRAY DISTRICT COUNCIL",2,1,0,0,1,2020,"March","Friday","02:20 pm",100,"Unsealed","Dry","Not Raining","Daylight","Hit Object on Road",1,,,1373058.2,1673702.53
"2020-2236-19/09/2025","MURRAY BRIDGE","RC MURRAY BRIDGE.",2,1,0,1,0,2020,"March","Friday","03:15 pm",110,"Sealed","Dry","Not Raining","Daylight","Hit Fixed Object",1,,,1387484.51,1644056.86
"2020-2242-19/09/2025","MILLICENT","WATTLE RANGE COUNCIL",2,1,0,0,1,2020,"March","Friday","05:38 pm",60,"Sealed","Dry","Not Raining","Daylight","Right Angle",2,,,1473435.02,1367715.55
"2020-2249-19/09/2025","MOUNT BARKER","DC MT.BARKER.",2,1,0,0,1,2020,"March","Friday","03:40 pm",50,"Sealed","Dry","Not Raining","Daylight","Head On",2,,,1351619.69,1652631.24
"2020-2251-19/09/2025","OAKDEN","CITY OF PORT ADELAIDE ENFIELD",2,1,0,0,1,2020,"March","Friday","08:32 pm",50,"Sealed","Dry","Not Raining","Night","Hit Parked Vehicle",2,,,1332682.22,1678287.94
"2020-2254-19/09/2025","CULTANA",,2,5,0,3,2,2020,"March","Friday","04:35 pm",110,"Sealed","Dry","Not Raining","Daylight","Head On",2,,,1234774.69,1916854.24
"2020-2258-19/09/2025","MILE END","CITY OF WEST TORRENS",2,2,0,1,1,2020,"March","Saturday","04:00 am",60,"Sealed","Dry","Not Raining","Night","Hit Fixed Object",1,,,1325756.18,1670934.24
"2020-2259-19/09/2025","HUNTFIELD HEIGHTS","CITY OF ONKAPARINGA",2,3,0,0,3,2020,"March","Saturday","07:45 am",60,"Sealed","Dry","Not Raining","Daylight","Right Turn",2,,"Y",1319140.11,1646316.77
"2020-2260-19/09/2025","HAPPY VALLEY","CITY OF ONKAPARINGA",2,2,0,0,2,2020,"March","Saturday","07:45 am",80,"Sealed","Dry","Not Raining","Daylight","Right Angle",1,,,1323417.65,1654231
"2020-2263-19/09/2025","WALKLEY HEIGHTS","CITY OF SALISBURY",2,1,0,0,1,2020,"March","Friday","12:00 pm",60,"Sealed","Dry","Not Raining","Daylight","Rear End",1,,,1331258.29,1680682.96
"2020-2264-19/09/2025","FERRYDEN PARK","CITY OF PORT ADELAIDE ENFIELD",3,2,0,0,2,2020,"March","Saturday","10:50 am",60,"Sealed","Dry","Not Raining","Daylight","Right Angle",1,,,1325001.14,1676349.73
"2020-2265-19/09/2025","PLYMPTON","CITY OF WEST TORRENS",2,1,0,0,1,2020,"March","Saturday","11:36 am",60,"Sealed","Dry","Not Raining","Daylight","Right Turn",2,,,1325020,1667161.99
"2020-2266-19/09/2025","HINDMARSH","CITY OF CHARLES STURT",3,1,0,0,1,2020,"March","Saturday","11:45 am",60,"Sealed","Dry","Not Raining","Daylight","Right Angle",1,,,1326440.45,1672631.13
"2020-2267-19/09/2025","LAMEROO","SOUTHERN MALLEE DISTRICT COUNCIL",2,4,0,0,4,2020,"March","Saturday","12:00 pm",110,"Sealed","Dry","Not Raining","Daylight","Hit Fixed Object",1,,"Y",1487085.39,1617054.28
"2020-2268-19/09/2025","PORT LINCOLN","CC PT.LINCOLN.",2,1,0,0,1,2020,"March","Friday","03:30 pm",50,"Sealed","Dry","Not Raining","Daylight","Rear End",2,,,1077860.82,1696183.65
"2020-2269-19/09/2025","MARLESTON","CITY OF WEST TORRENS",2,1,0,0,1,2020,"March","Saturday","12:20 pm",50,"Sealed","Dry","Not Raining","Daylight","Hit Parked Vehicle",1,,,1324297.56,1668517.55
"2020-2270-19/09/2025","LEWISTON","DC MALLALA.",2,2,0,0,2,2020,"March","Saturday","11:15 am",100,"Sealed","Dry","Not Raining","Daylight","Right Angle",1,,,1329101.48,1707744.56
"2020-2272-19/09/2025","GREENOCK","LIGHT REGIONAL COUNCIL",2,1,0,0,1,2020,"March","Friday","10:36 pm",110,"Sealed","Dry","Not Raining","Night","Hit Fixed Object",1,,"Y",1358963.22,1720468.16
"2020-2275-19/09/2025","CEDUNA","DC CEDUNA",2,2,0,0,2,2020,"March","Saturday","03:05 pm",110,"Sealed","Dry","Not Raining","Daylight","Hit Fixed Object",1,,"Y",872433.64,1991832.95
"2020-2278-19/09/2025","PUKATJA",,3,1,1,0,0,2020,"March","Saturday","12:00 am",100,"Sealed","Dry","Not Raining","Night","Roll Over",1,"Y","Y",716420.05,2631105.63
"2020-2279-19/09/2025","ADELAIDE","CITY OF ADELAIDE",2,1,0,0,1,2020,"March","Saturday","06:05 pm",50,"Sealed","Dry","Not Raining","Daylight","Right Angle",2,,,1327696.37,1670334.24
"2020-2281-19/09/2025","CAMDEN PARK","CITY OF WEST TORRENS",2,1,0,0,1,2020,"March","Saturday","11:02 pm",60,"Sealed","Dry","Not Raining","Night","Hit Fixed Object",1,"Y",,1322615.66,1666104.64
"2020-2283-19/09/2025","KANGARILLA","CITY OF ONKAPARINGA",2,1,0,0,1,2020,"March","Sunday","09:05 am",80,"Sealed","Dry","Not Raining","Daylight","Hit Fixed Object",1,,,1331018.21,1642870.76
"2020-2285-19/09/2025","STOCKWELL","THE BAROSSA COUNCIL.",2,1,0,1,0,2020,"March","Sunday","10:30 am",80,"Sealed","Dry","Not Raining","Daylight","Right Turn",2,,,1370759.48,1720891.73
"2020-2288-19/09/2025","EUDUNDA","REGIONAL COUNCIL OF GOYDER",2,2,1,1,0,2020,"March","Sunday","09:50 am",110,"Sealed","Dry","Not Raining","Daylight","Hit Fixed Object",1,,,1374948.54,1756587.19
"2020-2290-19/09/2025","FIRLE","CC OF NORWOOD,PAYNEHAM & ST PETERS",2,1,0,0,1,2020,"March","Sunday","12:58 pm",50,"Sealed","Dry","Not Raining","Daylight","Right Turn",2,,,1333339.07,1673232.76
"2020-2291-19/09/2025","ADELAIDE","CITY OF ADELAIDE",2,2,0,0,2,2020,"March","Sunday","12:55 pm",50,"Sealed","Dry","Not Raining","Daylight","Rear End",2,,,1328601.68,1670520.3
"2020-2298-19/09/2025","OAKLANDS PARK","CC MARION.",2,1,0,0,1,2020,"March","Sunday","05:00 pm",60,"Sealed","Dry","Not Raining","Daylight","Rear End",1,,,1323159.67,1661046.38
"2020-2299-19/09/2025","MILLSWOOD","CITY OF UNLEY",2,1,0,0,1,2020,"March","Sunday","05:13 pm",40,"Sealed","Dry","Not Raining","Daylight","Hit Fixed Object",1,,,1327806.54,1667390.52
"2020-2300-19/09/2025","GLANVILLE","CITY OF PORT ADELAIDE ENFIELD",3,3,0,0,3,2020,"March","Sunday","05:15 pm",50,"Sealed","Dry","Not Raining","Daylight","Right Angle",2,"Y",,1318875.27,1679811.7
"2020-2302-19/09/2025","ANDREWS FARM","CITY OF PLAYFORD.",3,1,0,0,1,2020,"March","Sunday","05:25 pm",60,"Sealed","Dry","Not Raining","Daylight","Head On",2,,,1334589.22,1699563.5
"2020-2305-19/09/2025","VERDUN","THE ADELAIDE HILLS COUNCIL",2,2,0,1,1,2020,"March","Sunday","05:45 pm",110,"Sealed","Dry","Not Raining","Daylight","Hit Parked Vehicle",2,,,1344824.41,1660649.91
"2020-2306-19/09/2025","MIDDLETON","ALEXANDRINA COUNCIL",2,1,0,1,0,2020,"March","Sunday","05:30 pm",50,"Sealed","Dry","Not Raining","Daylight","Side Swipe",2,,"Y",1339002.83,1604999.08
"2020-2312-19/09/2025","WILLIAMSTOWN","THE BAROSSA COUNCIL.",1,1,0,0,1,2020,"March","Monday","09:00 am",100,"Sealed","Dry","Not Raining","Daylight","Roll Over",1,,,1354741.76,1696078.95
"2020-2319-19/09/2025","MOUNT GAMBIER","CC MT.GAMBIER.",2,2,0,1,1,2020,"March","Monday","02:22 pm",50,"Sealed","Dry","Not Raining","Daylight","Right Angle",2,,,1511078.5,1340908.7
"2020-2320-19/09/2025","CROYDON PARK","CITY OF PORT ADELAIDE ENFIELD",3,1,0,0,1,2020,"March","Monday","02:00 pm",60,"Sealed","Dry","Not Raining","Daylight","Rear End",1,,,1326072.19,1675556.17
"2020-2321-19/09/2025","WANDILO","DISTRICT COUNCIL OF GRANT",2,1,0,0,1,2020,"March","Monday","03:30 pm",100,"Unsealed","Dry","Not Raining","Daylight","Hit Fixed Object",1,,,1500697.8,1348947.8
"2020-2326-19/09/2025","ELIZABETH NORTH","CITY OF PLAYFORD.",2,1,0,0,1,2020,"March","Monday","08:45 pm",60,"Sealed","Dry","Not Raining","Night","Right Angle",2,,,1336094.96,1694851.09
"2020-2339-19/09/2025","KIDMAN PARK","CITY OF CHARLES STURT",2,1,0,0,1,2020,"March","Tuesday","09:15 am",60,"Sealed","Dry","Not Raining","Daylight","Side Swipe",1,,,1322425.63,1673073.84
"2020-2341-19/09/2025","NORWOOD","CC OF NORWOOD,PAYNEHAM & ST PETERS",2,1,0,0,1,2020,"March","Saturday","04:00 pm",40,"Sealed","Dry","Not Raining","Daylight","Hit Parked Vehicle",2,,,1331944.76,1671414.64
"2020-2342-19/09/2025","PAYNEHAM","CC OF NORWOOD,PAYNEHAM & ST PETERS",2,1,0,0,1,2020,"March","Tuesday","12:18 pm",60,"Sealed","Dry","Not Raining","Daylight","Hit Fixed Object",1,,,1332361.4,1673883.93
"2020-2343-19/09/2025","EYRE","CITY OF PLAYFORD.",2,1,0,0,1,2020,"March","Tuesday","11:00 am",60,"Sealed","Dry","Not Raining","Daylight","Right Angle",1,,,1334450.71,1695787.2
"2020-2348-19/09/2025","HINDMARSH","CITY OF CHARLES STURT",2,1,0,1,0,2020,"March","Tuesday","01:40 pm",60,"Sealed","Dry","Not Raining","Daylight","Right Angle",1,,,1326229.49,1672875.4
"2020-2349-19/09/2025","MIDDLETON","ALEXANDRINA COUNCIL",2,1,0,0,1,2020,"March","Tuesday","02:20 pm",100,"Sealed","Dry","Not Raining","Daylight","Rear End",2,,,1338600.33,1605701.49
"2020-2352-19/09/2025","SOUTH PLYMPTON","CC MARION.",2,1,0,0,1,2020,"March","Tuesday","03:28 pm",60,"Sealed","Dry","Not Raining","Daylight","Rear End",2,"Y",,1324279.5,1665142.24
"2020-2353-19/09/2025","GEPPS CROSS","CITY OF PORT ADELAIDE ENFIELD",4,2,0,1,1,2020,"March","Tuesday","04:12 pm",60,"Sealed","Dry","Not Raining","Daylight","Right Turn",1,,,1327996.81,1679245.21
"2020-2356-19/09/2025","SEAFORD RISE","CITY OF ONKAPARINGA",2,2,0,0,2,2020,"March","Tuesday","05:15 pm",70,"Sealed","Dry","Not Raining","Daylight","Right Turn",1,,,1316386.82,1641371.18
"2020-2359-19/09/2025","BARMERA","THE BERRI BARMERA COUNCIL",2,2,0,0,2,2020,"March","Tuesday","04:55 pm",90,"Sealed","Dry","Not Raining","Daylight","Right Turn",1,,"Y",1506040.78,1736401.52
"2020-2362-19/09/2025","NORA CREINA","DC ROBE.",2,2,0,0,2,2020,"March","Sunday","07:00 pm",100,"Unsealed","Dry","Not Raining","Daylight","Rear End",2,,,1430244.25,1404582.22
"2020-2366-19/09/2025","NORTH ADELAIDE","CITY OF ADELAIDE",2,1,0,0,1,2020,"March","Tuesday","05:55 pm",50,"Sealed","Dry","Not Raining","Daylight","Right Turn",1,,,1327703.97,1673074.33
"2020-2367-19/09/2025","INGLE FARM","CITY OF SALISBURY",2,1,0,0,1,2020,"March","Tuesday","04:30 pm",60,"Sealed","Dry","Not Raining","Daylight","Rear End",2,,,1334499.5,1681135.42
"2020-2368-19/09/2025","BEDFORD PARK","CC MITCHAM.",2,1,0,0,1,2020,"March","Tuesday","05:14 pm",60,"Sealed","Dry","Not Raining","Daylight","Right Turn",1,,,1326019.57,1661104.07
"2020-2370-19/09/2025","PARAFIELD GARDENS","CITY OF SALISBURY",2,1,0,0,1,2020,"March","Tuesday","08:25 pm",60,"Sealed","Dry","Not Raining","Night","Rear End",2,,,1330179.63,1687067.17
"2020-2375-19/09/2025","KERSBROOK","THE ADELAIDE HILLS COUNCIL",2,2,1,0,1,2020,"March","Tuesday","07:16 pm",100,"Sealed","Dry","Not Raining","Daylight","Head On",2,,"Y",1354517.54,1691307.57
"2020-2376-19/09/2025","KANGAROO INN","WATTLE RANGE COUNCIL",1,1,0,1,0,2020,"March","Monday","04:10 pm",110,"Sealed","Dry","Not Raining","Daylight","Roll Over",1,,,1459433.09,1397485.62
"2020-2378-19/09/2025","KENT TOWN","CC OF NORWOOD,PAYNEHAM & ST PETERS",2,1,0,0,1,2020,"March","Wednesday","08:27 am",50,"Sealed","Dry","Not Raining","Daylight","Right Turn",1,,,1330235.81,1671221.86
"2020-2379-19/09/2025","OAKLANDS PARK","CC MARION.",2,1,0,0,1,2020,"March","Tuesday","03:30 pm",60,"Sealed","Dry","Not Raining","Daylight","Right Angle",2,,,1323413.39,1660811.34
"2020-2381-19/09/2025","TORRENSVILLE","CITY OF WEST TORRENS",2,1,0,0,1,2020,"March","Tuesday","10:30 am",50,"Sealed","Dry","Not Raining","Daylight","Right Angle",2,,,1324724.38,1670744.02
"2020-2383-19/09/2025","ST MARYS","CC MITCHAM.",2,1,0,0,1,2020,"March","Wednesday","08:45 am",60,"Sealed","Dry","Not Raining","Daylight","Rear End",1,,,1325991.23,1662340.76
"2020-2387-19/09/2025","CHANDLERS HILL","CITY OF ONKAPARINGA",1,1,0,0,1,2020,"March","Wednesday","09:55 am",80,"Sealed","Dry","Not Raining","Daylight","Roll Over",1,,,1328952.59,1651890.28