"REPORT_ID","Suburb","LGA Name","Total Units","Total Cas","Total Fats","Total SI","Total MI","Year","Month","Day","Time","Area Speed","Road Surface","Moisture Cond","Weather Cond","DayNight","Crash Type","Unit Resp","DUI Involved","Drugs Involved","ACCLOC_X","ACCLOC_Y"
"2020-2391-19/09/2025","WAROOKA","YORKE PENINSULA COUNCIL",2,1,0,0,1,2020,"January","Wednesday","03:50 pm",50,"Sealed","Dry","Not Raining","Daylight","Right Angle",1,,,1219126.44,1666369.17
"2020-2394-19/09/2025","TEPKO","RC MURRAY BRIDGE.",2,1,1,0,0,2020,"March","Wednesday","08:15 am",100,"Sealed","Dry","Not Raining","Daylight","Hit Fixed Object",1,,,1386167.77,1661019.92
"2020-2399-19/09/2025","MURRAY BRIDGE","RC MURRAY BRIDGE.",2,1,0,1,0,2020,"March","Wednesday","03:30 pm",50,"Sealed","Dry","Not Raining","Daylight","Right Angle",2,,,1388901.7,1647113.72
"2020-2402-19/09/2025","NAILSWORTH","CITY OF PROSPECT",2,1,0,0,1,2020,"March","Wednesday","05:00 pm",50,"Sealed","Dry","Not Raining","Daylight","Right Angle",2,,,1329141.16,1675784.06
"2020-2407-19/09/2025","GLENELG NORTH","CITY OF HOLDFAST BAY",2,1,0,1,0,2020,"March","Wednesday","03:00 pm",60,"Sealed","Dry","Not Raining","Daylight","Hit Fixed Object",1,,,1321786.45,1665343.74
"2020-2408-19/09/2025","ROSE PARK","CITY OF BURNSIDE",2,1,0,1,0,2020,"March","Wednesday","05:40 pm",50,"Sealed","Dry","Not Raining","Daylight","Right Angle",1,,,1331485.25,1669885.89
"2020-2411-19/09/2025","HINDMARSH ISLAND","ALEXANDRINA COUNCIL",1,2,0,0,2,2020,"March","Wednesday","04:00 pm",100,"Sealed","Dry","Not Raining","Daylight","Roll Over",1,,,1351436.82,1600775.43
"2020-2412-19/09/2025","CHRISTIES BEACH","CITY OF ONKAPARINGA",2,1,0,0,1,2020,"March","Wednesday","08:40 am",60,"Sealed","Dry","Not Raining","Daylight","Rear End",2,,,1317315.06,1648320.35
"2020-2413-19/09/2025","COROMANDEL VALLEY","CITY OF ONKAPARINGA",2,1,0,0,1,2020,"March","Wednesday","09:51 pm",60,"Sealed","Dry","Not Raining","Night","Hit Fixed Object",1,,,1329857.01,1657066.51
"2020-2415-19/09/2025","NORWOOD","CC OF NORWOOD,PAYNEHAM & ST PETERS",2,1,0,0,1,2020,"March","Wednesday","09:15 pm",60,"Sealed","Dry","Not Raining","Night","Right Angle",1,,,1330623.32,1670361.88
"2020-2418-19/09/2025","WINGFIELD","CITY OF PORT ADELAIDE ENFIELD",1,1,0,1,0,2020,"March","Thursday","06:20 am",70,"Sealed","Dry","Not Raining","Night","Roll Over",1,,,1326521.96,1680245.08
"2020-2420-19/09/2025","PARK HOLME","CC MARION.",3,1,0,0,1,2020,"March","Thursday","08:55 am",60,"Sealed","Dry","Not Raining","Daylight","Rear End",1,,,1324316.48,1663540.5
"2020-2425-19/09/2025","WAYVILLE","CITY OF UNLEY",4,1,0,0,1,2020,"March","Thursday","10:05 am",60,"Sealed","Dry","Not Raining","Daylight","Side Swipe",1,,,1327489.68,1668915.68
"2020-2430-19/09/2025","REGENCY PARK","CITY OF PORT ADELAIDE ENFIELD",2,1,0,0,1,2020,"March","Tuesday","04:50 pm",50,"Sealed","Dry","Not Raining","Daylight","Side Swipe",2,,,1325588.3,1677162.4
"2020-2433-19/09/2025","SMITHFIELD","CITY OF PLAYFORD.",1,1,0,0,1,2020,"March","Thursday","02:00 pm",80,"Sealed","Dry","Not Raining","Daylight","Left Road - Out of Control",9,,,1337836.66,1697011.63
"2020-2435-19/09/2025","DOVER GARDENS","CC MARION.",2,1,0,0,1,2020,"March","Thursday","02:54 pm",60,"Sealed","Dry","Not Raining","Daylight","Rear End",1,,,1322790.62,1660191.55
"2020-2437-19/09/2025","ELIZABETH EAST","CITY OF PLAYFORD.",2,1,0,0,1,2020,"March","Thursday","03:39 pm",60,"Sealed","Dry","Not Raining","Daylight","Rear End",2,,,1336507.12,1693254.44
"2020-2439-19/09/2025","WIRRABARA","DC MT.REMARKABLE.",3,1,1,0,0,2020,"March","Thursday","06:49 am",110,"Sealed","Dry","Not Raining","Night","Hit Animal",2,,,1304240.81,1882004.4
"2020-2441-19/09/2025","CHRISTIES BEACH","CITY OF ONKAPARINGA",1,1,0,0,1,2020,"March","Thursday","04:00 pm",60,"Sealed","Dry","Not Raining","Daylight","Roll Over",1,,,1317169.51,1647417.64
"2020-2445-19/09/2025","PAYNEHAM","CC OF NORWOOD,PAYNEHAM & ST PETERS",3,1,0,0,1,2020,"March","Thursday","03:15 pm",60,"Sealed","Dry","Not Raining","Daylight","Rear End",2,,,1332162.99,1673774.81
"2020-2447-19/09/2025","ELIZABETH DOWNS","CITY OF PLAYFORD.",2,1,0,1,0,2020,"March","Thursday","05:36 pm",40,"Sealed","Dry","Not Raining","Daylight","Right Angle",2,,,1337971.57,1694867.23
"2020-2449-19/09/2025","DOVER GARDENS","CC MARION.",2,1,0,1,0,2020,"March","Thursday","02:00 pm",60,"Sealed","Dry","Not Raining","Daylight","Side Swipe",2,,,1322790.62,1660191.55
"2020-2455-19/09/2025","PARALOWIE","CITY OF SALISBURY",2,2,0,0,2,2020,"March","Thursday","07:27 pm",60,"Sealed","Dry","Not Raining","Daylight","Right Turn",2,,,1331067.07,1690098.86
"2020-2456-19/09/2025","RENOWN PARK","CITY OF CHARLES STURT",2,1,0,0,1,2020,"March","Thursday","05:00 pm",60,"Sealed","Dry","Not Raining","Daylight","Rear End",2,,,1325921.51,1675007.29
"2020-2458-19/09/2025","PROSPECT","CITY OF PROSPECT",2,1,0,0,1,2020,"March","Thursday","09:20 pm",60,"Sealed","Dry","Not Raining","Night","Rear End",2,,,1328712.85,1674024.58
"2020-2461-19/09/2025","WOODVILLE PARK","CITY OF CHARLES STURT",2,1,0,0,1,2020,"March","Friday","08:46 am",60,"Sealed","Dry","Not Raining","Daylight","Right Angle",1,,,1323201.1,1675493.66
"2020-2462-19/09/2025","WHYALLA PLAYFORD","CC WHYALLA.",2,1,0,0,1,2020,"March","Friday","09:12 am",50,"Sealed","Dry","Not Raining","Daylight","Right Angle",2,,,1238792.14,1883297.39
"2020-2465-19/09/2025","POORAKA","CITY OF SALISBURY",2,1,0,0,1,2020,"March","Friday","06:35 am",70,"Sealed","Dry","Not Raining","Night","Rear End",2,,,1330499.62,1681832.25
"2020-2470-19/09/2025","WOODVILLE SOUTH","CITY OF CHARLES STURT",3,1,0,1,0,2020,"March","Friday","11:46 am",60,"Sealed","Dry","Not Raining","Daylight","Rear End",2,,,1322735.23,1675828.1
"2020-2472-19/09/2025","MITCHELL PARK","CC MARION.",2,1,0,0,1,2020,"March","Friday","10:45 am",60,"Sealed","Dry","Not Raining","Daylight","Rear End",2,,,1324344.66,1662895.98
"2020-2473-19/09/2025","SELLICKS HILL","CITY OF ONKAPARINGA",2,1,0,1,0,2020,"March","Thursday","07:45 pm",80,"Sealed","Dry","Not Raining","Night","Hit Animal",2,,,1318600.42,1630017.62
"2020-2474-19/09/2025","GLENELG NORTH","CITY OF HOLDFAST BAY",2,1,0,0,1,2020,"March","Friday","12:15 pm",50,"Sealed","Dry","Not Raining","Daylight","Right Angle",2,,,1320539.99,1665291.53
"2020-2475-19/09/2025","FORESTVILLE","CITY OF UNLEY",2,1,0,0,1,2020,"March","Thursday","11:20 am",60,"Sealed","Dry","Not Raining","Daylight","Right Angle",2,,,1326423.1,1668286.76
"2020-2476-19/09/2025","NORTHFIELD","CITY OF PORT ADELAIDE ENFIELD",3,1,0,0,1,2020,"March","Friday","11:30 am",60,"Sealed","Dry","Not Raining","Daylight","Rear End",2,,,1330363.34,1679103.75
"2020-2484-19/09/2025","GAWLER BELT","LIGHT REGIONAL COUNCIL",2,1,0,0,1,2020,"March","Friday","04:37 pm",100,"Sealed","Dry","Not Raining","Daylight","Rear End",2,,,1343224.61,1709989.42
"2020-2485-19/09/2025","MAWSON LAKES","CITY OF SALISBURY",2,1,0,0,1,2020,"March","Tuesday","07:45 am",80,"Sealed","Dry","Not Raining","Daylight","Rear End",2,,,1328653.94,1684821.88
"2020-2487-19/09/2025","PROSPECT","CITY OF PROSPECT",2,1,0,0,1,2020,"March","Friday","06:10 pm",50,"Sealed","Dry","Not Raining","Daylight","Side Swipe",1,,,1328101.92,1674516.59
"2020-2488-19/09/2025","PARACOMBE","THE ADELAIDE HILLS COUNCIL",2,1,0,0,1,2020,"March","Thursday","12:00 pm",80,"Sealed","Dry","Not Raining","Daylight","Rear End",2,,,1346877.82,1678504.69
"2020-2497-19/09/2025","HILLCREST","CITY OF PORT ADELAIDE ENFIELD",2,1,0,0,1,2020,"March","Saturday","07:40 am",50,"Sealed","Dry","Not Raining","Daylight","Right Angle",1,,,1332182.1,1676688.39
"2020-2503-19/09/2025","HIGHGATE","CITY OF UNLEY",3,1,0,0,1,2020,"March","Saturday","10:15 am",60,"Sealed","Dry","Not Raining","Daylight","Rear End",1,,,1330748.05,1666915.48
"2020-2505-19/09/2025","STURT","CC MARION.",2,1,0,0,1,2020,"March","Friday","10:00 pm",60,"Sealed","Dry","Not Raining","Night","Rear End",2,,,1324427.33,1659975.1
"2020-2506-19/09/2025","CROMER","THE ADELAIDE HILLS COUNCIL",2,4,1,0,3,2020,"March","Saturday","12:43 pm",100,"Sealed","Dry","Not Raining","Daylight","Right Angle",2,,,1361394.91,1684498.8
"2020-2510-19/09/2025","HOLDEN HILL","CITY OF PORT ADELAIDE ENFIELD",2,1,0,0,1,2020,"March","Saturday","03:10 pm",60,"Sealed","Dry","Not Raining","Daylight","Hit Pedestrian",1,,,1333953.14,1677954.56
"2020-2511-19/09/2025","FINDON","CITY OF CHARLES STURT",3,2,0,0,2,2020,"March","Saturday","02:26 pm",60,"Sealed","Dry","Not Raining","Daylight","Rear End",1,,"Y",1322402.57,1673814.95
"2020-2513-19/09/2025","STIRLING","THE ADELAIDE HILLS COUNCIL",2,1,0,1,0,2020,"March","Saturday","03:20 pm",60,"Sealed","Dry","Not Raining","Daylight","Roll Over",1,,,1340714.95,1663381.78
"2020-2517-19/09/2025","MAWSON LAKES","CITY OF SALISBURY",2,1,0,0,1,2020,"March","Saturday","07:25 pm",50,"Sealed","Dry","Not Raining","Daylight","Hit Pedestrian",2,,,1330387.55,1683826.9
"2020-2521-19/09/2025","RENMARK NORTH","DC RENMARK PARINGA",2,1,1,0,0,2020,"March","Saturday","02:28 pm",80,"Sealed","Dry","Not Raining","Daylight","Hit Fixed Object",1,,,1527606.45,1748650.8
"2020-2522-19/09/2025","WHYALLA STUART","CC WHYALLA.",3,1,0,0,1,2020,"March","Sunday","12:50 am",60,"Sealed","Dry","Not Raining","Night","Hit Fixed Object",1,"Y",,1234352.23,1883572.38
"2020-2524-19/09/2025","ADELAIDE","CITY OF ADELAIDE",2,1,0,0,1,2020,"March","Sunday","09:10 am",50,"Sealed","Dry","Not Raining","Daylight","Rear End",2,,,1328456.65,1670979.49
"2020-2525-19/09/2025","TEA TREE GULLY","CITY OF TEA TREE GULLY",2,1,0,0,1,2020,"March","Sunday","09:20 am",60,"Sealed","Dry","Not Raining","Daylight","Side Swipe",1,,,1339868.38,1681914.22
"2020-2528-19/09/2025","HENLEY BEACH","CITY OF CHARLES STURT",2,1,0,0,1,2020,"March","Sunday","12:20 pm",50,"Sealed","Dry","Not Raining","Daylight","Hit Fixed Object",1,,,1318931.81,1671064.95
"2020-2530-19/09/2025","COLONEL LIGHT GARDENS","CC MITCHAM.",2,1,0,0,1,2020,"March","Sunday","01:05 pm",50,"Sealed","Dry","Not Raining","Daylight","Right Angle",1,,,1326740.57,1664207.98
"2020-2531-19/09/2025","DELAMERE","DC YANKALILLA.",2,1,0,1,0,2020,"March","Sunday","12:45 pm",100,"Sealed","Dry","Not Raining","Daylight","Hit Fixed Object",1,,,1293088.29,1599119.02
"2020-2532-19/09/2025","WATTLE FLAT","DC YANKALILLA.",1,1,0,0,1,2020,"January","Sunday","10:30 am",100,"Sealed","Dry","Not Raining","Daylight","Other",1,,,1308939.12,1616317.39
"2020-2533-19/09/2025","WINDSOR GARDENS","CITY OF PORT ADELAIDE ENFIELD",2,1,0,0,1,2020,"March","Sunday","01:30 pm",50,"Sealed","Dry","Not Raining","Daylight","Hit Parked Vehicle",2,,,1334163.94,1677576.61
"2020-2535-19/09/2025","HENLEY BEACH","CITY OF CHARLES STURT",2,1,0,0,1,2020,"March","Sunday","02:25 pm",50,"Sealed","Dry","Not Raining","Daylight","Right Angle",2,,,1318884.7,1672305.12
"2020-2539-19/09/2025","EVANSTON SOUTH","CT GAWLER.",2,1,0,0,1,2020,"March","Sunday","03:45 pm",90,"Sealed","Dry","Not Raining","Daylight","Side Swipe",1,,,1341151.98,1702270.92
"2020-2542-19/09/2025","PETWOOD","DC MT.BARKER.",2,1,0,0,1,2020,"March","Sunday","06:38 pm",110,"Sealed","Dry","Not Raining","Daylight","Side Swipe",2,,"Y",1359061.96,1654017.06
"2020-2547-19/09/2025","REEVES PLAINS","DC MALLALA.",2,1,0,0,1,2020,"March","Sunday","07:00 pm",80,"Unsealed","Dry","Not Raining","Daylight","Side Swipe",2,,,1332658.96,1713424.22
"2020-2548-19/09/2025","HAYBOROUGH","DC VICTOR HARBOR.",2,2,0,0,2,2020,"March","Friday","09:30 pm",50,"Sealed","Dry","Not Raining","Night","Hit Fixed Object",1,,,1329858.86,1603696.95
"2020-2551-19/09/2025","RENMARK","DC RENMARK PARINGA",2,1,0,0,1,2020,"March","Monday","06:35 am",60,"Sealed","Dry","Not Raining","Night","Hit Pedestrian",1,,,1528579.08,1745166.24
"2020-2552-19/09/2025","TOTNESS","DC MT.BARKER.",2,2,0,0,2,2020,"March","Thursday","06:00 pm",60,"Sealed","Dry","Not Raining","Daylight","Right Turn",1,,,1350979.54,1655304.8
"2020-2556-19/09/2025","ROSE PARK","CITY OF BURNSIDE",2,1,0,1,0,2020,"March","Monday","09:04 am",25,"Sealed","Dry","Not Raining","Daylight","Hit Pedestrian",1,,,1331128.99,1669875.62
"2020-2557-19/09/2025","MAGILL","CC CAMPBELLTOWN.",3,2,0,0,2,2020,"March","Monday","08:45 am",60,"Sealed","Dry","Not Raining","Daylight","Right Turn",2,,,1335465.09,1672536.89
"2020-2560-19/09/2025","GLENELG SOUTH","CITY OF HOLDFAST BAY",2,1,0,0,1,2020,"March","Monday","11:05 am",50,"Sealed","Dry","Not Raining","Daylight","Right Angle",1,,,1320398.15,1664002.19
"2020-2564-19/09/2025","HENLEY BEACH","CITY OF CHARLES STURT",2,1,0,0,1,2020,"March","Friday","04:30 pm",40,"Sealed","Dry","Not Raining","Daylight","Right Angle",2,,,1319135.05,1672003.56
"2020-2566-19/09/2025","BEDFORD PARK","CC MARION.",2,4,0,0,4,2020,"March","Monday","12:45 pm",60,"Sealed","Dry","Not Raining","Daylight","Right Turn",1,,,1325132.88,1660687.24
"2020-2571-19/09/2025","NEPABUNNA",,1,2,0,0,2,2020,"March","Monday","01:00 pm",100,"Unsealed","Dry","Not Raining","Daylight","Roll Over",1,,,1375861.44,2148537.27
"2020-2576-19/09/2025","SEACLIFF PARK","CITY OF HOLDFAST BAY",3,1,0,0,1,2020,"March","Monday","04:00 pm",60,"Sealed","Dry","Not Raining","Daylight","Rear End",1,,,1321206.92,1658737.96
"2020-2579-19/09/2025","HAPPY VALLEY","CITY OF ONKAPARINGA",2,1,0,1,0,2020,"March","Monday","05:35 pm",50,"Sealed","Dry","Not Raining","Daylight","Hit Fixed Object",1,,,1326529.02,1653509.1
"2020-2583-19/09/2025","O'HALLORAN HILL","CITY OF ONKAPARINGA",2,1,0,1,0,2020,"March","Monday","07:27 pm",50,"Sealed","Dry","Not Raining","Daylight","Right Turn",2,,,1323895.94,1654474.51
"2020-2585-19/09/2025","STRATHALBYN","ALEXANDRINA COUNCIL",2,1,0,0,1,2020,"March","Monday","04:45 pm",80,"Unsealed","Dry","Not Raining","Daylight","Hit Fixed Object",1,,,1352246.31,1638758.46
"2020-2586-19/09/2025","HECTORVILLE","CC CAMPBELLTOWN.",2,1,0,0,1,2020,"March","Monday","08:45 pm",60,"Sealed","Dry","Not Raining","Night","Rear End",2,,,1335008.81,1674552.05
"2020-2589-19/09/2025","MORPHETT VALE","CITY OF ONKAPARINGA",2,1,0,0,1,2020,"March","Tuesday","07:52 am",60,"Sealed","Dry","Not Raining","Daylight","Right Turn",1,,,1321628.51,1651042.69
"2020-2593-19/09/2025","ELIZABETH","CITY OF PLAYFORD.",3,1,0,0,1,2020,"March","Tuesday","08:58 am",60,"Sealed","Dry","Not Raining","Daylight","Rear End",1,,,1335516.34,1693924.97
"2020-2596-19/09/2025","WOODVILLE NORTH","CITY OF CHARLES STURT",2,1,0,0,1,2020,"March","Monday","04:40 pm",60,"Sealed","Dry","Not Raining","Daylight","Rear End",2,,,1323944.81,1677840.39
"2020-2597-19/09/2025","MOUNT BARKER","DC MT.BARKER.",2,1,0,0,1,2020,"March","Monday","08:00 am",50,"Sealed","Dry","Not Raining","Daylight","Hit Parked Vehicle",1,,,1350907.02,1651337.37
"2020-2598-19/09/2025","SALISBURY","CITY OF SALISBURY",2,1,0,0,1,2020,"March","Tuesday","12:21 pm",40,"Sealed","Dry","Not Raining","Daylight","Hit Fixed Object",1,,,1333056.3,1688606.99
"2020-2599-19/09/2025","STURT","CC MARION.",2,1,0,0,1,2020,"March","Tuesday","11:10 am",70,"Sealed","Dry","Not Raining","Daylight","Right Turn",1,,,1324428.84,1659884.95
"2020-2600-19/09/2025","LINDEN PARK","CITY OF BURNSIDE",2,1,0,0,1,2020,"February","Wednesday","03:40 pm",60,"Sealed","Dry","Not Raining","Daylight","Rear End",2,,,1332324.11,1668665.93
"2020-2602-19/09/2025","ELIZABETH","CITY OF PLAYFORD.",2,1,0,0,1,2020,"March","Tuesday","02:40 pm",50,"Sealed","Dry","Not Raining","Daylight","Right Turn",2,,,1335217.78,1693367.04
"2020-2603-19/09/2025","NURIOOTPA","LIGHT REGIONAL COUNCIL",3,1,0,0,1,2020,"March","Tuesday","12:44 pm",60,"Sealed","Dry","Not Raining","Daylight","Right Angle",2,,,1364772.29,1720072.41
"2020-2604-19/09/2025","GAWLER","CT GAWLER.",2,1,0,1,0,2020,"March","Tuesday","02:00 pm",50,"Sealed","Dry","Not Raining","Daylight","Right Turn",1,,,1343359.66,1706705.69
"2020-2606-19/09/2025","VALLEY VIEW","CITY OF TEA TREE GULLY",2,2,0,0,2,2020,"March","Tuesday","09:15 am",60,"Sealed","Dry","Not Raining","Daylight","Rear End",1,,,1334602,1679376.43
"2020-2607-19/09/2025","CHANDLERS HILL","CITY OF ONKAPARINGA",2,1,0,0,1,2020,"March","Tuesday","04:28 pm",80,"Sealed","Dry","Not Raining","Daylight","Rear End",2,,,1328990.87,1651888.16
"2020-2613-19/09/2025","PORT ADELAIDE","CITY OF PORT ADELAIDE ENFIELD",2,1,0,0,1,2020,"March","Tuesday","05:00 pm",40,"Sealed","Dry","Not Raining","Daylight","Rear End",2,,,1319853.74,1680094.01
"2020-2614-19/09/2025","FINDON","CITY OF CHARLES STURT",2,1,0,0,1,2020,"March","Tuesday","08:00 pm",60,"Sealed","Dry","Not Raining","Night","Right Angle",2,,,1322319.37,1674725.4
"2020-2615-19/09/2025","PAISLEY","LOXTON WAIKERIE DISTRICT COUNCIL",2,1,1,0,0,2020,"March","Tuesday","06:35 pm",110,"Sealed","Dry","Not Raining","Daylight","Hit Fixed Object",1,"Y",,1423377.98,1720906.26
"2020-2619-19/09/2025","NORTHFIELD","CITY OF PORT ADELAIDE ENFIELD",2,1,0,0,1,2020,"March","Tuesday","07:45 am",60,"Sealed","Dry","Not Raining","Daylight","Hit Pedestrian",1,,,1330405.28,1678177.75
"2020-2625-19/09/2025","INGLE FARM","CITY OF SALISBURY",4,1,0,0,1,2020,"March","Wednesday","09:50 am",60,"Sealed","Dry","Not Raining","Daylight","Rear End",1,,,1332095.99,1681749.87
"2020-2626-19/09/2025","SEFTON PARK","CITY OF PROSPECT",3,1,0,0,1,2020,"March","Tuesday","12:26 pm",60,"Sealed","Dry","Not Raining","Daylight","Rear End",1,,,1328880.62,1675833.9
"2020-2629-19/09/2025","NORTH ADELAIDE","CITY OF ADELAIDE",2,1,0,1,0,2020,"March","Wednesday","12:00 pm",50,"Sealed","Dry","Not Raining","Daylight","Hit Fixed Object",1,,,1328227.4,1672725.75
"2020-2632-19/09/2025","ALDGATE","THE ADELAIDE HILLS COUNCIL",2,1,0,0,1,2020,"March","Wednesday","12:00 pm",50,"Sealed","Dry","Not Raining","Daylight","Head On",1,,,1341193.85,1658959.65
"2020-2644-19/09/2025","GILLES DOWNS",,1,1,0,0,1,2020,"March","Wednesday","02:50 pm",110,"Sealed","Dry","Not Raining","Daylight","Roll Over",1,,,1180478.25,1896254.62
"2020-2659-19/09/2025","HILLCREST","CITY OF PORT ADELAIDE ENFIELD",2,2,0,0,2,2020,"March","Thursday","10:20 am",60,"Sealed","Dry","Not Raining","Daylight","Right Angle",2,,,1332695.39,1677117.95
"2020-2660-19/09/2025","BOOKPURNONG","LOXTON WAIKERIE DISTRICT COUNCIL",3,1,0,0,1,2020,"March","Thursday","07:50 am",110,"Sealed","Dry","Not Raining","Daylight","Hit Fixed Object",1,,,1514946.92,1729004.09
"2020-2670-19/09/2025","PORT ADELAIDE","CITY OF PORT ADELAIDE ENFIELD",2,1,0,0,1,2020,"March","Thursday","03:52 pm",60,"Sealed","Dry","Not Raining","Daylight","Right Angle",1,,,1320466.82,1679355.44
"2020-2671-19/09/2025","BEVERLEY","CITY OF CHARLES STURT",2,1,0,0,1,2020,"March","Thursday","04:10 pm",50,"Sealed","Dry","Not Raining","Daylight","Right Angle",1,,,1323992.11,1673551.12
"2020-2672-19/09/2025","WHYALLA NORRIE","CC WHYALLA.",2,2,0,1,1,2020,"March","Thursday","04:07 pm",60,"Sealed","Dry","Not Raining","Daylight","Right Angle",1,,"Y",1236587.68,1883547.3
"2020-2674-19/09/2025","GLENELG NORTH","CITY OF HOLDFAST BAY",2,1,1,0,0,2020,"March","Thursday","01:23 pm",50,"Sealed","Dry","Not Raining","Daylight","Roll Over",1,,,1321240.24,1665738.65
"2020-2682-19/09/2025","MOUNT BARKER","DC MT.BARKER.",2,1,0,0,1,2020,"March","Friday","07:00 am",50,"Sealed","Dry","Not Raining","Night","Rear End",2,,,1348835.93,1653013.11
"2020-2684-19/09/2025","ADELAIDE","CITY OF ADELAIDE",2,1,0,0,1,2020,"March","Tuesday","06:20 am",10,"Sealed","Dry","Not Raining","Night","Hit Pedestrian",1,,,1328233.16,1670450.23
"2020-2686-19/09/2025","WILLOW CREEK","DC YANKALILLA.",2,4,0,1,3,2020,"March","Friday","07:00 am",80,"Unsealed","Dry","Not Raining","Night","Hit Fixed Object",1,,,1307949.1,1599658.25
"2020-2687-19/09/2025","ONKAPARINGA HILLS","CITY OF ONKAPARINGA",2,1,0,1,0,2020,"March","Friday","09:45 am",80,"Sealed","Dry","Not Raining","Daylight","Head On",1,,,1324836.82,1649789.47
"2020-2694-19/09/2025","SMITHFIELD","CITY OF PLAYFORD.",2,2,0,0,2,2020,"March","Friday","01:35 pm",80,"Sealed","Dry","Not Raining","Daylight","Rear End",1,,,1337940,1697194.87
"2020-2701-19/09/2025","DARLINGTON","CC MARION.",4,1,0,0,1,2020,"March","Friday","04:07 pm",100,"Sealed","Dry","Not Raining","Daylight","Rear End",2,,,1324038.86,1659215.63
"2020-2702-19/09/2025","EDINBURGH NORTH","CITY OF PLAYFORD.",2,1,0,0,1,2020,"March","Friday","12:34 pm",60,"Sealed","Dry","Not Raining","Daylight","Head On",2,,"Y",1334154.28,1694639.35
"2020-2706-19/09/2025","BURRUNGULE","DISTRICT COUNCIL OF GRANT",1,1,0,0,1,2020,"March","Friday","03:56 pm",110,"Sealed","Dry","Not Raining","Daylight","Roll Over",1,,,1497190.57,1348751.29
"2020-2707-19/09/2025","ADELAIDE","CITY OF ADELAIDE",2,1,0,0,1,2020,"March","Friday","06:55 pm",50,"Sealed","Dry","Not Raining","Daylight","Side Swipe",1,,,1328509.64,1669574.68
"2020-2710-19/09/2025","WILLIAMSTOWN","THE BAROSSA COUNCIL.",2,1,0,0,1,2020,"March","Friday","09:10 pm",100,"Sealed","Dry","Not Raining","Night","Hit Fixed Object",1,,,1354556.09,1701650.54
"2020-2712-19/09/2025","DRY CREEK","CITY OF PORT ADELAIDE ENFIELD",2,1,0,1,0,2020,"March","Friday","09:56 pm",60,"Sealed","Dry","Not Raining","Night","Hit Fixed Object",1,"Y",,1327256.25,1680136.53
"2020-2714-19/09/2025","KILBURN","CITY OF PORT ADELAIDE ENFIELD",2,1,0,1,0,2020,"March","Friday","11:05 pm",50,"Sealed","Dry","Not Raining","Night","Right Angle",2,,,1328027.15,1677780.4
"2020-2722-19/09/2025","BROOKLYN PARK","CITY OF WEST TORRENS",2,1,0,1,0,2020,"March","Saturday","07:00 am",60,"Sealed","Dry","Not Raining","Night","Right Turn",1,,,1324123.03,1670938.82
"2020-2726-19/09/2025","ADELAIDE","CITY OF ADELAIDE",3,1,0,1,0,2020,"May","Thursday","01:00 pm",50,"Sealed","Dry","Not Raining","Daylight","Side Swipe",2,,,1329185.69,1670536.78
"2020-2729-19/09/2025","NORTON SUMMIT","THE ADELAIDE HILLS COUNCIL",1,1,0,0,1,2020,"March","Saturday","10:25 am",60,"Sealed","Dry","Not Raining","Daylight","Roll Over",1,,,1339378.23,1670191.38
"2020-2731-19/09/2025","ELLISTON","DC ELLISTON.",2,1,1,0,0,2020,"March","Saturday","10:30 am",110,"Sealed","Dry","Not Raining","Daylight","Hit Fixed Object",1,,,988410.36,1820864.39
"2020-2734-19/09/2025","ABERFOYLE PARK","CITY OF ONKAPARINGA",2,3,0,0,3,2020,"March","Saturday","03:18 pm",50,"Sealed","Dry","Not Raining","Daylight","Right Turn",1,,,1327899.01,1654460.12
"2020-2736-19/09/2025","ST MORRIS","CC OF NORWOOD,PAYNEHAM & ST PETERS",2,1,0,0,1,2020,"March","Saturday","02:05 pm",60,"Sealed","Dry","Not Raining","Daylight","Right Angle",2,,,1333739.03,1671801.66
"2020-2738-19/09/2025","NILDOTTIE","MID MURRAY DISTRICT COUNCIL",1,1,0,0,1,2020,"March","Saturday","06:25 pm",110,"Sealed","Dry","Not Raining","Daylight","Roll Over",1,,,1420683.76,1692696.92
"2020-2739-19/09/2025","WATERLOO CORNER","CITY OF SALISBURY",2,3,1,1,1,2020,"March","Saturday","03:17 pm",90,"Sealed","Dry","Not Raining","Daylight","Right Angle",1,,"Y",1327624.24,1692113.17
"2020-2740-19/09/2025","RIVERTON","CLARE AND GILBERT VALLEYS DISTRICT COUNCIL",2,1,0,1,0,2020,"March","Saturday","05:58 pm",100,"Unsealed","Dry","Not Raining","Daylight","Hit Fixed Object",1,,,1342668.8,1755945.73
"2020-2744-19/09/2025","WHYALLA NORRIE","CC WHYALLA.",2,4,0,2,2,2020,"March","Saturday","11:00 pm",50,"Sealed","Dry","Not Raining","Night","Hit Fixed Object",1,"Y","Y",1237052.1,1883760.04
"2020-2746-19/09/2025","COLLEY","DC STREAKY BAY.",2,2,1,1,0,2020,"March","Sunday","02:35 am",100,"Sealed","Dry","Not Raining","Night","Roll Over",1,"Y",,976280.68,1876819.56
"2020-2747-19/09/2025","TUSMORE","CITY OF BURNSIDE",2,1,0,0,1,2020,"March","Sunday","09:36 am",60,"Sealed","Dry","Not Raining","Daylight","Hit Object on Road",1,,,1332387.72,1669048.79
"2020-2748-19/09/2025","WILMINGTON","DC MT.REMARKABLE.",1,1,0,0,1,2020,"March","Saturday","07:50 pm",100,"Unsealed","Dry","Not Raining","Night","Roll Over",1,,,1289955.35,1929947.68