"REPORT_ID","Suburb","LGA Name","Total Units","Total Cas","Total Fats","Total SI","Total MI","Year","Month","Day","Time","Area Speed","Road Surface","Moisture Cond","Weather Cond","DayNight","Crash Type","Unit Resp","DUI Involved","Drugs Involved","ACCLOC_X","ACCLOC_Y"
"2020-2749-19/09/2025","HENLEY BEACH","CITY OF CHARLES STURT",2,1,0,0,1,2020,"March","Sunday","09:00 am",50,"Sealed","Dry","Not Raining","Daylight","Right Turn",2,,,1318817.37,1671996.21
"2020-2755-19/09/2025","DUBLIN","DC MALLALA.",2,4,1,3,0,2020,"March","Sunday","12:27 pm",110,"Sealed","Dry","Not Raining","Daylight","Side Swipe",1,,,1309815.12,1721207.78
"2020-2757-19/09/2025","DIREK","CITY OF SALISBURY",2,1,0,0,1,2020,"March","Friday","01:30 pm",90,"Sealed","Dry","Not Raining","Daylight","Rear End",2,,,1329120.97,1693448.18
"2020-2759-19/09/2025","SALISBURY EAST","CITY OF SALISBURY",2,1,0,0,1,2020,"March","Monday","06:00 am",60,"Sealed","Dry","Not Raining","Night","Right Angle",2,,,1334187.12,1684637.49
"2020-2764-19/09/2025","BUCKLAND PARK","CITY OF PLAYFORD.",1,1,0,0,1,2020,"March","Monday","10:05 am",110,"Sealed","Dry","Not Raining","Daylight","Roll Over",1,,,1324000.06,1701368.1
"2020-2766-19/09/2025","KILKENNY","CITY OF CHARLES STURT",2,1,0,1,0,2020,"March","Monday","01:15 pm",60,"Sealed","Dry","Not Raining","Daylight","Right Angle",2,,,1324091.3,1675775.57
"2020-2778-19/09/2025","PINERY","WAKEFIELD REGIONAL COUNCIL",2,2,0,2,0,2020,"March","Tuesday","03:02 am",100,"Sealed","Dry","Not Raining","Night","Hit Fixed Object",1,,"Y",1319938.29,1742068.42
"2020-2779-19/09/2025","MUNNO PARA","CITY OF PLAYFORD.",2,2,0,0,2,2020,"March","Tuesday","06:30 am",60,"Sealed","Dry","Not Raining","Night","Right Turn",2,,,1336690.92,1698532.16
"2020-2781-19/09/2025","WISTOW","DC MT.BARKER.",2,1,0,0,1,2020,"March","Tuesday","06:20 am",60,"Sealed","Dry","Not Raining","Night","Right Angle",1,,,1354182.46,1648999.01
"2020-2783-19/09/2025","TUSMORE","CITY OF BURNSIDE",2,1,0,0,1,2020,"March","Tuesday","09:50 am",60,"Sealed","Dry","Not Raining","Daylight","Right Angle",1,,,1332323.44,1669056.96
"2020-2789-19/09/2025","ELIZABETH VALE","CITY OF PLAYFORD.",2,1,0,0,1,2020,"March","Tuesday","12:40 pm",60,"Sealed","Dry","Not Raining","Daylight","Rear End",2,,,1335553.37,1690146.12
"2020-2790-19/09/2025","LARGS NORTH","CITY OF PORT ADELAIDE ENFIELD",3,1,0,0,1,2020,"March","Monday","03:30 pm",60,"Sealed","Dry","Not Raining","Daylight","Right Angle",2,,,1319884.73,1682925.39
"2020-2791-19/09/2025","WINGFIELD","CITY OF PORT ADELAIDE ENFIELD",2,1,0,0,1,2020,"March","Tuesday","03:35 pm",50,"Sealed","Dry","Not Raining","Daylight","Right Turn",2,,,1323900.67,1679670.46
"2020-2793-19/09/2025","KILBURN","CITY OF PORT ADELAIDE ENFIELD",2,1,0,0,1,2020,"March","Tuesday","04:25 pm",50,"Sealed","Dry","Not Raining","Daylight","Hit Parked Vehicle",1,,,1327621.44,1677281.53
"2020-2794-19/09/2025","TORRENSVILLE","CITY OF WEST TORRENS",2,2,0,0,2,2020,"March","Tuesday","03:50 pm",50,"Sealed","Dry","Not Raining","Daylight","Rear End",2,,,1325048.78,1672038.37
"2020-2797-19/09/2025","ADELAIDE","CITY OF ADELAIDE",2,1,0,0,1,2020,"March","Wednesday","12:01 am",50,"Sealed","Dry","Not Raining","Night","Hit Fixed Object",1,"Y",,1328850.15,1670197.71
"2020-2800-19/09/2025","KARKOO","DC LOWER EYRE PENINSULA",2,1,0,0,1,2020,"March","Tuesday","05:00 am",110,"Sealed","Dry","Not Raining","Night","Hit Fixed Object",1,,,1067124.19,1772299.19
"2020-2801-19/09/2025","EDWARDSTOWN","CC MARION.",2,1,0,0,1,2020,"March","Wednesday","08:37 am",50,"Sealed","Dry","Not Raining","Daylight","Right Angle",1,,,1325697.48,1665414.73
"2020-2804-19/09/2025","SOUTH PLYMPTON","CC MARION.",1,1,0,1,0,2020,"March","Wednesday","11:17 am",60,"Sealed","Dry","Not Raining","Daylight","Roll Over",1,,,1324237.08,1666136.92
"2020-2808-19/09/2025","CAMDEN PARK","CITY OF WEST TORRENS",2,1,0,0,1,2020,"March","Wednesday","11:20 am",60,"Sealed","Dry","Not Raining","Daylight","Side Swipe",2,,,1322588.76,1667003.62
"2020-2809-19/09/2025","STIRLING","THE ADELAIDE HILLS COUNCIL",2,1,0,0,1,2020,"March","Wednesday","09:40 am",110,"Sealed","Dry","Not Raining","Daylight","Hit Fixed Object",1,,,1340778.24,1662593.4
"2020-2811-19/09/2025","KURRALTA PARK","CITY OF WEST TORRENS",2,1,0,0,1,2020,"March","Wednesday","12:00 pm",50,"Sealed","Dry","Not Raining","Daylight","Right Angle",2,,,1325045.48,1667793.36
"2020-2813-19/09/2025","FULHAM","CITY OF WEST TORRENS",2,1,0,1,0,2020,"March","Wednesday","04:30 pm",60,"Sealed","Dry","Not Raining","Daylight","Right Turn",1,,,1320981.07,1670844.76
"2020-2816-19/09/2025","SEAFORD MEADOWS","CITY OF ONKAPARINGA",2,2,0,0,2,2020,"March","Wednesday","05:50 pm",50,"Sealed","Dry","Not Raining","Daylight","Hit Fixed Object",1,,,1316856.89,1643444.88
"2020-2817-19/09/2025","CROMER","THE ADELAIDE HILLS COUNCIL",2,3,0,1,2,2020,"March","Wednesday","05:50 pm",100,"Sealed","Dry","Not Raining","Daylight","Right Angle",2,,,1361394.91,1684498.8
"2020-2820-19/09/2025","ANDREWS FARM","CITY OF PLAYFORD.",2,1,0,0,1,2020,"March","Wednesday","06:10 pm",100,"Sealed","Dry","Not Raining","Daylight","Hit Pedestrian",1,"Y",,1334773.34,1697960.73
"2020-2825-19/09/2025","LARGS NORTH","CITY OF PORT ADELAIDE ENFIELD",2,1,0,0,1,2020,"March","Thursday","09:10 am",50,"Sealed","Dry","Not Raining","Daylight","Hit Fixed Object",1,,,1320516.66,1683149.77
"2020-2834-19/09/2025","MARION","CC MARION.",2,1,0,0,1,2020,"March","Thursday","03:25 pm",50,"Sealed","Dry","Not Raining","Daylight","Right Angle",1,,,1324208.92,1661702.62
"2020-2836-19/09/2025","GOLDEN GROVE","CITY OF TEA TREE GULLY",2,1,0,1,0,2020,"March","Thursday","04:00 pm",60,"Sealed","Dry","Not Raining","Daylight","Right Turn",1,,,1337889.71,1685361.47
"2020-2840-19/09/2025","CLELAND","THE ADELAIDE HILLS COUNCIL",3,1,0,0,1,2020,"March","Thursday","04:55 pm",80,"Sealed","Dry","Not Raining","Daylight","Head On",2,,,1336099.3,1667456.64
"2020-2852-19/09/2025","RISDON PARK","PT.PIRIE CITY & DIST. COUNCIL",2,1,0,1,0,2020,"March","Friday","10:20 am",50,"Sealed","Dry","Not Raining","Daylight","Right Angle",1,,,1279436.87,1863497.24
"2020-2853-19/09/2025","FLAXMAN VALLEY","THE BAROSSA COUNCIL.",1,1,0,1,0,2020,"March","Friday","11:10 am",60,"Unsealed","Dry","Not Raining","Daylight","Roll Over",1,,,1367989.5,1704946.79
"2020-2854-19/09/2025","ELIZABETH VALE","CITY OF PLAYFORD.",3,1,0,0,1,2020,"March","Friday","12:25 pm",60,"Sealed","Dry","Not Raining","Daylight","Rear End",1,,,1335092.33,1690006.61
"2020-2856-19/09/2025","KILKENNY","CITY OF CHARLES STURT",2,1,0,0,1,2020,"March","Thursday","03:18 pm",60,"Sealed","Dry","Not Raining","Daylight","Rear End",2,,,1324757.05,1675813.8
"2020-2858-19/09/2025","WALKERVILLE","WALKERVILLE TOWN COUNCIL",1,1,0,1,0,2020,"March","Friday","02:08 pm",60,"Sealed","Dry","Not Raining","Daylight","Roll Over",1,,,1329737.51,1674554.59
"2020-2860-19/09/2025","MOANA","CITY OF ONKAPARINGA",2,1,0,1,0,2020,"March","Wednesday","09:15 pm",50,"Sealed","Dry","Not Raining","Night","Hit Parked Vehicle",2,,,1315939.42,1639600.05
"2020-2861-19/09/2025","WALKERVILLE","WALKERVILLE TOWN COUNCIL",2,1,0,0,1,2020,"March","Thursday","05:00 pm",60,"Sealed","Dry","Not Raining","Daylight","Rear End",2,,,1329495.38,1674243.17
"2020-2863-19/09/2025","MARION","CC MARION.",5,1,0,1,0,2020,"March","Friday","03:32 pm",60,"Sealed","Dry","Not Raining","Daylight","Rear End",1,,,1324323.52,1663110.71
"2020-2864-19/09/2025","PORT WAKEFIELD","WAKEFIELD REGIONAL COUNCIL",2,2,0,0,2,2020,"March","Friday","12:58 pm",50,"Sealed","Dry","Not Raining","Daylight","Head On",2,,"Y",1290183.77,1754467.46
"2020-2870-19/09/2025","SOUTH HUMMOCKS","BARUNGA WEST DISTRICT COUNCIL",1,2,0,0,2,2020,"March","Friday","05:20 pm",100,"Unsealed","Dry","Not Raining","Daylight","Roll Over",1,,,1289413.3,1766289.93
"2020-2871-19/09/2025","MODBURY","CITY OF TEA TREE GULLY",2,2,0,0,2,2020,"March","Friday","06:00 pm",60,"Sealed","Dry","Not Raining","Daylight","Right Turn",2,,,1336876.15,1680848.77
"2020-2876-19/09/2025","NORTHGATE","CITY OF PORT ADELAIDE ENFIELD",2,1,0,0,1,2020,"March","Friday","09:30 pm",50,"Sealed","Dry","Not Raining","Night","Hit Fixed Object",1,,,1330876.59,1678057.55
"2020-2877-19/09/2025","KYANCUTTA","DC WUDINNA. (DC LE HUNTE.)",2,1,0,0,1,2020,"March","Friday","02:30 pm",80,"Sealed","Dry","Not Raining","Daylight","Hit Fixed Object",1,,,1051801.6,1874041.25
"2020-2879-19/09/2025","STEPNEY","CC OF NORWOOD,PAYNEHAM & ST PETERS",2,1,0,0,1,2020,"March","Saturday","08:47 am",60,"Sealed","Dry","Not Raining","Daylight","Hit Parked Vehicle",1,,,1331567.69,1671744.05
"2020-2881-19/09/2025","WALKERVILLE","WALKERVILLE TOWN COUNCIL",2,1,0,0,1,2020,"March","Friday","04:20 pm",60,"Sealed","Dry","Not Raining","Daylight","Side Swipe",2,,,1329515.59,1674241.96
"2020-2885-19/09/2025","ST MARYS","CC MITCHAM.",2,1,0,0,1,2020,"March","Saturday","12:00 pm",60,"Sealed","Dry","Not Raining","Daylight","Rear End",2,,,1325965.26,1663326.66
"2020-2887-19/09/2025","PASADENA","CC MITCHAM.",2,1,0,0,1,2020,"March","Saturday","01:55 pm",60,"Sealed","Dry","Not Raining","Daylight","Rear End",1,,,1327410.12,1662341.94
"2020-2889-19/09/2025","PORT ARTHUR","YORKE PENINSULA COUNCIL",3,2,0,0,2,2020,"March","Saturday","04:10 pm",80,"Sealed","Dry","Not Raining","Daylight","Hit Fixed Object",1,,,1287887.39,1761653.42
"2020-2890-19/09/2025","HOLDEN HILL","CITY OF PORT ADELAIDE ENFIELD",3,1,0,0,1,2020,"March","Saturday","03:30 pm",60,"Sealed","Dry","Not Raining","Daylight","Rear End",1,,,1333809.35,1678092.37
"2020-2891-19/09/2025","BIRDWOOD","THE ADELAIDE HILLS COUNCIL",2,1,1,0,0,2020,"March","Saturday","03:35 pm",100,"Sealed","Dry","Not Raining","Daylight","Hit Fixed Object",1,,,1361966.42,1679313.27
"2020-2897-19/09/2025","WOODCROFT","CITY OF ONKAPARINGA",2,1,0,0,1,2020,"March","Sunday","12:05 pm",50,"Sealed","Dry","Not Raining","Daylight","Head On",2,,"Y",1323180.66,1651770.73
"2020-2898-19/09/2025","BIRKENHEAD","CITY OF PORT ADELAIDE ENFIELD",2,1,0,0,1,2020,"March","Sunday","11:05 am",60,"Sealed","Dry","Not Raining","Daylight","Hit Fixed Object",1,,,1319872.87,1680902.2
"2020-2900-19/09/2025","NALYAPPA","YORKE PENINSULA COUNCIL",1,1,0,1,0,2020,"March","Sunday","01:00 pm",50,"Unsealed","Unknown","Not Raining","Daylight","Roll Over",1,,,1228577.28,1754666.24
"2020-2902-19/09/2025","PAYNEHAM","CC OF NORWOOD,PAYNEHAM & ST PETERS",1,1,0,0,1,2020,"March","Saturday","01:20 am",60,"Sealed","Dry","Not Raining","Night","Roll Over",1,,,1332175.6,1673708.55
"2020-2903-19/09/2025","SALISBURY DOWNS","CITY OF SALISBURY",2,1,0,0,1,2020,"March","Sunday","03:30 pm",60,"Sealed","Dry","Not Raining","Daylight","Rear End",2,,"Y",1331456.28,1686822.76
"2020-2904-19/09/2025","NALYAPPA","YORKE PENINSULA COUNCIL",1,1,0,1,0,2020,"March","Sunday","01:00 pm",50,"Unsealed","Dry","Not Raining","Daylight","Roll Over",1,,,1228577.28,1754666.24
"2020-2907-19/09/2025","YATTALUNGA","CITY OF PLAYFORD.",1,1,0,0,1,2020,"March","Sunday","06:32 pm",100,"Sealed","Dry","Not Raining","Daylight","Roll Over",1,,"Y",1348059.93,1695895.85
"2020-2908-19/09/2025","TANUNDA","THE BAROSSA COUNCIL.",2,1,0,0,1,2020,"March","Sunday","07:30 pm",50,"Sealed","Dry","Not Raining","Night","Right Turn",2,,,1363674.91,1714608.19
"2020-2912-19/09/2025","SMITHFIELD PLAINS","CITY OF PLAYFORD.",2,1,0,1,0,2020,"March","Monday","06:45 am",60,"Sealed","Dry","Not Raining","Night","Right Turn",2,,,1336899.06,1697749.75
"2020-2913-19/09/2025","WONGYARRA","DC MT.REMARKABLE.",2,1,0,0,1,2020,"March","Monday","08:05 am",100,"Sealed","Wet","Raining","Daylight","Hit Fixed Object",1,,,1299597.92,1888603.87
"2020-2915-19/09/2025","MODBURY","CITY OF TEA TREE GULLY",2,1,0,0,1,2020,"March","Thursday","11:30 am",60,"Sealed","Dry","Not Raining","Daylight","Rear End",2,,,1336414.7,1680599.87
"2020-2918-19/09/2025","HAPPY VALLEY","CITY OF ONKAPARINGA",2,1,0,0,1,2020,"March","Monday","04:15 pm",50,"Sealed","Dry","Not Raining","Daylight","Right Angle",2,,,1324174.32,1652733.94
"2020-2926-19/09/2025","NETHERBY","CC MITCHAM.",2,1,0,1,0,2020,"March","Tuesday","08:29 am",60,"Sealed","Dry","Not Raining","Daylight","Right Turn",1,,,1330372.63,1666280.13
"2020-2930-19/09/2025","GOODWOOD","CITY OF UNLEY",1,1,0,1,0,2020,"March","Tuesday","02:00 pm",60,"Sealed","Dry","Not Raining","Daylight","Roll Over",1,,,1327450.88,1668156.25
"2020-2931-19/09/2025","STRUAN","DC NARACOORTE & LUCINDALE.",2,1,0,1,0,2020,"March","Tuesday","11:15 am",110,"Sealed","Dry","Not Raining","Daylight","Head On",1,,,1512919.58,1427747.53
"2020-2933-19/09/2025","GLENSIDE","CITY OF BURNSIDE",2,1,0,0,1,2020,"March","Tuesday","01:55 pm",50,"Sealed","Dry","Not Raining","Daylight","Hit Parked Vehicle",1,,,1332066.89,1668691.9
"2020-2934-19/09/2025","ELIZABETH NORTH","CITY OF PLAYFORD.",2,1,0,0,1,2020,"March","Tuesday","04:11 pm",50,"Sealed","Dry","Not Raining","Daylight","Hit Parked Vehicle",1,,,1336279.19,1695783.56
"2020-2936-19/09/2025","MORPHETT VALE","CITY OF ONKAPARINGA",2,1,0,0,1,2020,"March","Tuesday","03:20 pm",60,"Sealed","Dry","Not Raining","Daylight","Rear End",2,,,1319620.44,1649363.62
"2020-2939-19/09/2025","HAZELWOOD PARK","CITY OF BURNSIDE",2,1,0,0,1,2020,"March","Tuesday","06:20 am",60,"Sealed","Dry","Not Raining","Night","Right Angle",1,,,1333935.99,1669099.19
"2020-2946-19/09/2025","BAGOT WELL","LIGHT REGIONAL COUNCIL",2,1,0,1,0,2020,"March","Tuesday","08:00 pm",100,"Unsealed","Dry","Not Raining","Night","Hit Animal",2,,,1366127.93,1736362.5
"2020-2949-19/09/2025","BURTON","CITY OF SALISBURY",2,1,0,0,1,2020,"April","Wednesday","01:00 pm",50,"Sealed","Dry","Not Raining","Daylight","Hit Fixed Object",9,,,1328639.39,1691159.69
"2020-2954-19/09/2025","BASKET RANGE","THE ADELAIDE HILLS COUNCIL",2,2,0,0,2,2020,"April","Wednesday","04:10 pm",80,"Sealed","Wet","Raining","Daylight","Head On",1,,,1344301.59,1668258.35
"2020-2957-19/09/2025","MOUNT BARKER","DC MT.BARKER.",2,1,0,0,1,2020,"April","Wednesday","11:15 pm",60,"Sealed","Wet","Raining","Night","Right Turn",1,,,1351140.64,1654571.45
"2020-2960-19/09/2025","MORPHETT VALE","CITY OF ONKAPARINGA",2,1,0,0,1,2020,"April","Thursday","06:20 am",60,"Sealed","Dry","Not Raining","Night","Right Turn",2,,,1320810.01,1648695.32
"2020-2963-19/09/2025","ADELAIDE","CITY OF ADELAIDE",1,1,0,1,0,2020,"April","Thursday","08:52 am",50,"Sealed","Dry","Not Raining","Daylight","Roll Over",1,,,1329557.85,1671014.14
"2020-2964-19/09/2025","BOLIVAR","CITY OF SALISBURY",2,1,0,0,1,2020,"April","Thursday","08:51 am",110,"Sealed","Dry","Not Raining","Daylight","Hit Fixed Object",1,,,1327956.2,1687300.48
"2020-2966-19/09/2025","FLAGSTAFF HILL","CITY OF ONKAPARINGA",2,1,0,0,1,2020,"April","Thursday","11:13 am",60,"Sealed","Dry","Not Raining","Daylight","Rear End",2,,,1327369.86,1656638.92
"2020-2969-19/09/2025","MURRAY BRIDGE","RC MURRAY BRIDGE.",3,1,0,0,1,2020,"April","Thursday","02:15 pm",50,"Sealed","Dry","Not Raining","Daylight","Hit Fixed Object",1,,,1389945.86,1646186.55
"2020-2972-19/09/2025","HILTON","CITY OF WEST TORRENS",2,1,0,0,1,2020,"April","Thursday","01:00 pm",60,"Sealed","Dry","Not Raining","Daylight","Hit Fixed Object",1,,,1325766.21,1670076.38
"2020-2973-19/09/2025","KLEMZIG","CITY OF PORT ADELAIDE ENFIELD",2,1,0,1,0,2020,"April","Thursday","02:34 pm",60,"Sealed","Dry","Not Raining","Daylight","Right Angle",1,,,1332080.32,1676585.35
"2020-2979-19/09/2025","PARADISE","CC CAMPBELLTOWN.",2,1,0,0,1,2020,"April","Thursday","05:58 pm",60,"Sealed","Dry","Not Raining","Daylight","Right Angle",1,,,1335624.13,1676678.29
"2020-2986-19/09/2025","ROSEWATER","CITY OF PORT ADELAIDE ENFIELD",5,1,0,0,1,2020,"April","Friday","08:10 am",60,"Sealed","Dry","Not Raining","Daylight","Right Turn",1,,,1322284.7,1679069.53
"2020-2987-19/09/2025","SMITHFIELD","CITY OF PLAYFORD.",2,1,0,0,1,2020,"April","Friday","08:40 am",80,"Sealed","Dry","Not Raining","Daylight","Rear End",2,,,1337639.53,1696642.01
"2020-2994-19/09/2025","GOOLWA","ALEXANDRINA COUNCIL",2,2,0,0,2,2020,"April","Friday","01:26 pm",80,"Sealed","Dry","Not Raining","Daylight","Right Angle",1,,,1341180.46,1606657.69
"2020-2997-19/09/2025","GOLDEN GROVE","CITY OF TEA TREE GULLY",2,1,0,0,1,2020,"April","Friday","04:39 pm",60,"Sealed","Wet","Raining","Daylight","Right Angle",1,,,1337859.71,1685518.84
"2020-2998-19/09/2025","HAPPY VALLEY","CITY OF ONKAPARINGA",2,1,0,0,1,2020,"April","Friday","04:32 pm",60,"Sealed","Wet","Raining","Daylight","Right Turn",2,,,1324779.24,1653447.75
"2020-2999-19/09/2025","HAPPY VALLEY","CITY OF ONKAPARINGA",2,1,0,0,1,2020,"April","Friday","03:42 pm",60,"Sealed","Wet","Raining","Daylight","Hit Fixed Object",1,,,1323332.84,1653413.41
"2020-3001-19/09/2025","HAMPSTEAD GARDENS","CITY OF PORT ADELAIDE ENFIELD",2,1,0,0,1,2020,"April","Friday","03:50 pm",60,"Sealed","Dry","Not Raining","Daylight","Right Angle",1,,,1331810.03,1676603.26
"2020-3007-19/09/2025","TORRENSVILLE","CITY OF WEST TORRENS",2,1,0,0,1,2020,"April","Friday","03:00 pm",50,"Sealed","Dry","Not Raining","Daylight","Right Turn",1,,,1324773.41,1672030.85
"2020-3011-19/09/2025","EDINBURGH","CITY OF SALISBURY",2,1,1,0,0,2020,"April","Friday","08:35 pm",80,"Sealed","Wet","Raining","Night","Hit Fixed Object",1,"Y","Y",1333566.96,1693745.12
"2020-3012-19/09/2025","MILLICENT","WATTLE RANGE COUNCIL",2,1,0,0,1,2020,"April","Friday","10:37 pm",110,"Sealed","Wet","Raining","Night","Right Angle",2,,,1479804.13,1359632.65
"2020-3013-19/09/2025","DINGABLEDINGA","ALEXANDRINA COUNCIL",2,1,0,0,1,2020,"April","Friday","10:50 pm",100,"Sealed","Wet","Raining","Night","Hit Fixed Object",1,,,1332245.35,1633102.07
"2020-3014-19/09/2025","CHAFFEY","DC RENMARK PARINGA",3,1,0,1,0,2020,"April","Friday","10:45 pm",80,"Sealed","Wet","Raining","Night","Hit Parked Vehicle",2,,,1526286.74,1753142.46
"2020-3015-19/09/2025","VIRGINIA","CITY OF PLAYFORD.",2,1,0,0,1,2020,"April","Saturday","07:20 am",110,"Sealed","Wet","Raining","Night","Hit Fixed Object",1,,,1326178.92,1696815.7
"2020-3016-19/09/2025","MORPHETT VALE","CITY OF ONKAPARINGA",3,1,0,0,1,2020,"April","Saturday","08:12 am",100,"Sealed","Wet","Not Raining","Daylight","Side Swipe",2,,,1319492.03,1649608.82
"2020-3017-19/09/2025","ALBERTON","CITY OF PORT ADELAIDE ENFIELD",2,1,0,0,1,2020,"April","Saturday","07:30 am",50,"Sealed","Wet","Not Raining","Night","Hit Parked Vehicle",1,,,1320818.89,1678734.32
"2020-3020-19/09/2025","WILLIAMSTOWN","THE BAROSSA COUNCIL.",2,1,0,0,1,2020,"April","Saturday","09:20 am",100,"Sealed","Wet","Raining","Daylight","Hit Fixed Object",1,,,1354301.28,1701880.88
"2020-3037-19/09/2025","SALISBURY NORTH","CITY OF SALISBURY",2,1,0,0,1,2020,"April","Saturday","06:55 pm",60,"Sealed","Wet","Not Raining","Daylight","Head On",1,"Y","Y",1330185.36,1690796.03
"2020-3039-19/09/2025","NORTH ADELAIDE","CITY OF ADELAIDE",1,1,0,1,0,2020,"April","Saturday","06:58 pm",60,"Sealed","Dry","Not Raining","Daylight","Roll Over",1,,"Y",1327958.7,1672080.31
"2020-3050-19/09/2025","SEMAPHORE","CITY OF PORT ADELAIDE ENFIELD",2,1,0,0,1,2020,"April","Sunday","12:40 pm",50,"Sealed","Dry","Not Raining","Daylight","Side Swipe",1,,,1318054.68,1681159.19
"2020-3051-19/09/2025","MURRAY BRIDGE","RC MURRAY BRIDGE.",2,1,0,0,1,2020,"April","Sunday","10:50 am",50,"Sealed","Dry","Not Raining","Daylight","Right Angle",2,,,1388758.76,1646394.12
"2020-3053-19/09/2025","SALISBURY EAST","CITY OF SALISBURY",2,1,0,0,1,2020,"April","Sunday","03:05 pm",60,"Sealed","Dry","Not Raining","Daylight","Hit Fixed Object",1,,,1333289.2,1685362.95
"2020-3054-19/09/2025","OTTOWAY","CITY OF PORT ADELAIDE ENFIELD",2,3,0,0,3,2020,"April","Sunday","02:55 pm",60,"Sealed","Dry","Not Raining","Daylight","Right Turn",2,,,1323003.13,1679140.86
"2020-3059-19/09/2025","REYNELLA","CITY OF ONKAPARINGA",2,2,0,0,2,2020,"April","Monday","07:20 am",50,"Sealed","Dry","Not Raining","Daylight","Rear End",2,,,1321762.21,1652606.01
"2020-3060-19/09/2025","NORTH ADELAIDE","CITY OF ADELAIDE",2,1,0,0,1,2020,"April","Monday","07:50 am",50,"Sealed","Dry","Not Raining","Daylight","Right Angle",1,,,1328882.35,1671981.92
"2020-3061-19/09/2025","REGENCY PARK","CITY OF PORT ADELAIDE ENFIELD",2,1,0,0,1,2020,"April","Monday","07:55 am",50,"Sealed","Dry","Not Raining","Daylight","Side Swipe",2,,,1326356.92,1677738.06
"2020-3074-19/09/2025","WALKERVILLE","CITY OF PROSPECT",2,1,0,0,1,2020,"April","Monday","04:00 pm",60,"Sealed","Dry","Not Raining","Daylight","Hit Pedestrian",2,,,1330446.56,1675188.69
"2020-3075-19/09/2025","GREENWITH","CITY OF TEA TREE GULLY",3,2,0,0,2,2020,"April","Monday","03:58 pm",60,"Sealed","Dry","Not Raining","Daylight","Hit Fixed Object",1,,,1340127.53,1687627.84
"2020-3079-19/09/2025","NARACOORTE","DC NARACOORTE & LUCINDALE.",1,1,0,0,1,2020,"April","Monday","09:45 pm",60,"Sealed","Dry","Not Raining","Night","Roll Over",1,,,1510879.78,1436885.2
"2020-3080-19/09/2025","ALDINGA","CITY OF ONKAPARINGA",2,1,0,1,0,2020,"April","Tuesday","05:00 am",90,"Sealed","Dry","Not Raining","Night","Hit Fixed Object",1,,,1317728.29,1635449.82
"2020-3081-19/09/2025","FERRYDEN PARK","CITY OF PORT ADELAIDE ENFIELD",3,1,0,0,1,2020,"April","Tuesday","07:10 am",50,"Sealed","Dry","Not Raining","Daylight","Hit Parked Vehicle",1,,,1325172.82,1677174.37
"2020-3087-19/09/2025","WALKLEY HEIGHTS","CITY OF PORT ADELAIDE ENFIELD",2,1,0,0,1,2020,"April","Monday","01:00 pm",60,"Sealed","Dry","Not Raining","Daylight","Side Swipe",2,,,1333300.24,1679346.95
"2020-3088-19/09/2025","MELROSE PARK","CC MITCHAM.",2,2,0,0,2,2020,"April","Tuesday","12:00 pm",50,"Sealed","Dry","Not Raining","Daylight","Right Angle",2,,,1326053.47,1664193.78
"2020-3095-19/09/2025","SEATON","CITY OF CHARLES STURT",2,1,0,0,1,2020,"April","Tuesday","04:10 pm",60,"Sealed","Dry","Not Raining","Daylight","Right Angle",2,,,1320779.63,1673572.5
"2020-3104-19/09/2025","ALDINGA BEACH","CITY OF ONKAPARINGA",2,1,0,1,0,2020,"April","Tuesday","09:20 pm",50,"Unsealed","Dry","Not Raining","Night","Hit Pedestrian",2,,,1313145.26,1629995.5
"2020-3105-19/09/2025","PORT PIRIE SOUTH","PT.PIRIE CITY & DIST. COUNCIL",2,1,0,1,0,2020,"April","Tuesday","11:48 pm",80,"Sealed","Dry","Not Raining","Night","Hit Fixed Object",1,,,1280006.69,1861849.28
"2020-3111-19/09/2025","MEDINDIE GARDENS","CITY OF PROSPECT",3,1,0,0,1,2020,"April","Wednesday","06:50 am",60,"Sealed","Dry","Not Raining","Daylight","Rear End",1,,,1329425.1,1674241.98
"2020-3112-19/09/2025","ST CLAIR","CITY OF CHARLES STURT",2,2,0,0,2,2020,"April","Wednesday","10:40 am",60,"Sealed","Dry","Not Raining","Daylight","Right Turn",2,,,1322226.5,1677238.33
"2020-3114-19/09/2025","GLENELG SOUTH","CITY OF HOLDFAST BAY",2,1,0,0,1,2020,"April","Tuesday","05:50 pm",60,"Sealed","Dry","Not Raining","Daylight","Rear End",2,,,1321041.86,1664341.37
"2020-3118-19/09/2025","PORT NOARLUNGA","CITY OF ONKAPARINGA",2,1,0,0,1,2020,"April","Wednesday","01:45 pm",50,"Sealed","Dry","Not Raining","Daylight","Right Turn",2,,,1315870.07,1646347.6
"2020-3121-19/09/2025","MUNNO PARA WEST","CITY OF PLAYFORD.",2,1,0,0,1,2020,"April","Wednesday","02:55 pm",60,"Sealed","Dry","Not Raining","Daylight","Right Angle",2,,,1335160.84,1699401.69
"2020-3122-19/09/2025","MCLAREN VALE","CITY OF ONKAPARINGA",1,1,0,0,1,2020,"April","Thursday","07:30 am",80,"Unsealed","Dry","Not Raining","Daylight","Roll Over",1,,,1324537.08,1636046.64
"2020-3130-19/09/2025","ELIZABETH DOWNS","CITY OF PLAYFORD.",2,1,0,0,1,2020,"April","Wednesday","11:30 am",60,"Unsealed","Dry","Not Raining","Daylight","Right Angle",2,,,1337491.3,1695157.87
"2020-3131-19/09/2025","MURRAY BRIDGE","RC MURRAY BRIDGE.",2,1,0,0,1,2020,"April","Wednesday","03:45 pm",50,"Sealed","Dry","Not Raining","Daylight","Right Angle",1,,,1389349.97,1646633.62
"2020-3132-19/09/2025","ASHFORD","CITY OF WEST TORRENS",2,1,0,0,1,2020,"April","Wednesday","05:15 pm",50,"Sealed","Dry","Not Raining","Daylight","Hit Fixed Object",1,,,1326211.71,1668257.71