"REPORT_ID","Suburb","LGA Name","Total Units","Total Cas","Total Fats","Total SI","Total MI","Year","Month","Day","Time","Area Speed","Road Surface","Moisture Cond","Weather Cond","DayNight","Crash Type","Unit Resp","DUI Involved","Drugs Involved","ACCLOC_X","ACCLOC_Y"
"2020-3134-19/09/2025","EDINBURGH NORTH","CITY OF PLAYFORD.",2,1,0,0,1,2020,"April","Wednesday","07:40 pm",60,"Sealed","Dry","Not Raining","Night","Right Turn",2,,,1334970.83,1694466.62
"2020-3135-19/09/2025","WUDINNA","DC WUDINNA. (DC LE HUNTE.)",2,1,1,0,0,2020,"April","Wednesday","07:00 pm",100,"Sealed","Dry","Not Raining","Night","Hit Pedestrian",2,,"Y",1044777.09,1884633.99
"2020-3136-19/09/2025","PORT WAKEFIELD","WAKEFIELD REGIONAL COUNCIL",3,2,0,0,2,2020,"April","Thursday","05:35 am",100,"Sealed","Dry","Not Raining","Night","Hit Animal",2,,,1296461.66,1756788.49
"2020-3137-19/09/2025","ADELAIDE","CITY OF ADELAIDE",2,1,0,0,1,2020,"March","Monday","12:25 pm",50,"Sealed","Dry","Not Raining","Daylight","Hit Pedestrian",2,,,1327978.27,1670807.29
"2020-3140-19/09/2025","VIRGINIA","CITY OF PLAYFORD.",2,1,0,0,1,2020,"April","Tuesday","10:45 am",90,"Sealed","Dry","Not Raining","Daylight","Rear End",2,,,1326421.71,1696569.21
"2020-3141-19/09/2025","ELIZABETH GROVE","CITY OF PLAYFORD.",2,1,0,1,0,2020,"April","Thursday","01:26 pm",50,"Sealed","Dry","Not Raining","Daylight","Right Angle",1,,,1335510.82,1691014.58
"2020-3143-19/09/2025","BALHANNAH","THE ADELAIDE HILLS COUNCIL",2,1,0,0,1,2020,"April","Thursday","11:45 am",80,"Sealed","Dry","Not Raining","Daylight","Right Angle",2,,,1347336.14,1664764.28
"2020-3155-19/09/2025","NEW TOWN","COPPER COAST DISTRICT COUNCIL",2,3,0,0,3,2020,"April","Wednesday","10:40 am",50,"Sealed","Dry","Not Raining","Daylight","Right Angle",1,,,1248765.55,1780295.3
"2020-3158-19/09/2025","WOODVILLE NORTH","CITY OF CHARLES STURT",2,1,0,0,1,2020,"April","Thursday","11:30 pm",60,"Sealed","Dry","Not Raining","Night","Rear End",2,,,1323965.46,1676423.83
"2020-3159-19/09/2025","KURRALTA PARK","CITY OF WEST TORRENS",2,1,0,0,1,2020,"April","Friday","12:50 am",60,"Sealed","Dry","Not Raining","Night","Hit Fixed Object",1,,"Y",1325808.51,1668480.07
"2020-3160-19/09/2025","WOODSIDE","THE ADELAIDE HILLS COUNCIL",2,1,0,0,1,2020,"April","Friday","12:35 am",100,"Sealed","Dry","Not Raining","Night","Hit Fixed Object",1,,,1360715.8,1666928.35
"2020-3161-19/09/2025","LAMEROO","SOUTHERN MALLEE DISTRICT COUNCIL",1,2,0,0,2,2020,"April","Friday","12:00 am",100,"Unsealed","Dry","Not Raining","Night","Roll Over",1,,,1505017.9,1647195.94
"2020-3171-19/09/2025","WILLIAMSTOWN","THE BAROSSA COUNCIL.",2,2,1,0,1,2020,"April","Friday","09:28 pm",100,"Sealed","Dry","Not Raining","Night","Hit Fixed Object",1,,,1355235.54,1700475.51
"2020-3173-19/09/2025","CAMPBELLTOWN","CC CAMPBELLTOWN.",3,1,0,0,1,2020,"April","Saturday","12:40 am",50,"Sealed","Dry","Not Raining","Night","Hit Parked Vehicle",1,,,1333819.06,1675665.62
"2020-3179-19/09/2025","WEST LAKES SHORE","CITY OF CHARLES STURT",2,1,0,0,1,2020,"April","Saturday","04:49 pm",60,"Sealed","Dry","Not Raining","Daylight","Side Swipe",1,,,1317947.1,1677022.93
"2020-3180-19/09/2025","CUDLEE CREEK","THE ADELAIDE HILLS COUNCIL",1,1,0,1,0,2020,"April","Saturday","05:25 pm",80,"Sealed","Dry","Not Raining","Daylight","Roll Over",1,,,1346813.82,1679211.7
"2020-3185-19/09/2025","ADELAIDE","CITY OF ADELAIDE",2,3,0,1,2,2020,"April","Saturday","11:00 pm",50,"Sealed","Dry","Not Raining","Night","Right Angle",1,,,1327377.74,1670639.77
"2020-3191-19/09/2025","HACKHAM WEST","CITY OF ONKAPARINGA",2,1,0,1,0,2020,"April","Sunday","12:02 pm",50,"Sealed","Dry","Not Raining","Daylight","Right Turn",1,,,1319632.88,1646893.59
"2020-3200-19/09/2025","BUGLE RANGES","DC MT.BARKER.",2,2,0,0,2,2020,"April","Sunday","01:15 pm",80,"Sealed","Dry","Not Raining","Daylight","Rear End",2,,,1348847.94,1649281.98
"2020-3202-19/09/2025","NETLEY","CITY OF WEST TORRENS",1,1,0,0,1,2020,"April","Monday","09:55 am",50,"Sealed","Dry","Not Raining","Daylight","Roll Over",1,,,1323467.66,1667677.01
"2020-3203-19/09/2025","ROYAL PARK","CITY OF CHARLES STURT",2,1,0,0,1,2020,"April","Monday","12:30 pm",60,"Sealed","Dry","Not Raining","Daylight","Right Angle",1,,,1320697.83,1676713.25
"2020-3204-19/09/2025","SEAFORD MEADOWS","CITY OF ONKAPARINGA",2,1,0,0,1,2020,"April","Monday","03:07 pm",70,"Sealed","Dry","Not Raining","Daylight","Hit Fixed Object",1,,,1316341.55,1642778.25
"2020-3210-19/09/2025","MUNNO PARA","CITY OF PLAYFORD.",2,1,0,1,0,2020,"April","Monday","05:10 pm",60,"Sealed","Dry","Not Raining","Daylight","Right Angle",1,,"Y",1336535.34,1698636.39
"2020-3211-19/09/2025","SEAVIEW DOWNS","CC MARION.",2,1,0,0,1,2020,"April","Monday","06:45 pm",60,"Sealed","Dry","Not Raining","Night","Hit Parked Vehicle",1,"Y",,1322257.86,1659361.43
"2020-3215-19/09/2025","BOORS PLAIN","COPPER COAST DISTRICT COUNCIL",3,1,0,0,1,2020,"April","Tuesday","01:41 am",100,"Sealed","Dry","Not Raining","Night","Hit Fixed Object",1,"Y",,1243423.66,1770088.93
"2020-3218-19/09/2025","NORTH ADELAIDE","CITY OF ADELAIDE",2,1,0,0,1,2020,"April","Tuesday","08:55 am",50,"Sealed","Dry","Not Raining","Daylight","Hit Pedestrian",1,,,1328238.86,1672728.63
"2020-3220-19/09/2025","MARINO","CC MARION.",2,1,0,0,1,2020,"April","Tuesday","09:13 am",50,"Sealed","Dry","Not Raining","Daylight","Hit Fixed Object",1,,,1320386.59,1657905.54
"2020-3221-19/09/2025","PORTER LAGOON","REGIONAL COUNCIL OF GOYDER",2,1,0,0,1,2020,"April","Tuesday","07:49 am",110,"Sealed","Dry","Not Raining","Daylight","Roll Over",9,,,1356499.82,1791282.41
"2020-3222-19/09/2025","SEMAPHORE PARK","CITY OF CHARLES STURT",1,1,0,0,1,2020,"April","Tuesday","11:08 am",60,"Sealed","Dry","Not Raining","Daylight","Roll Over",1,,,1317715.76,1678101.04
"2020-3223-19/09/2025","PARADISE","CC CAMPBELLTOWN.",2,1,0,1,0,2020,"April","Sunday","04:00 pm",60,"Sealed","Wet","Raining","Daylight","Side Swipe",1,,,1334958.54,1676255.62
"2020-3224-19/09/2025","ADELAIDE","CITY OF ADELAIDE",2,1,0,0,1,2020,"April","Monday","02:30 pm",50,"Sealed","Dry","Not Raining","Daylight","Rear End",2,,,1328457.33,1671414.22
"2020-3225-19/09/2025","ADELAIDE","CITY OF ADELAIDE",2,1,0,0,1,2020,"April","Tuesday","10:54 am",50,"Sealed","Dry","Not Raining","Daylight","Right Angle",1,,,1327925.66,1670500.3
"2020-3226-19/09/2025","WANGOLINA","DC KINGSTON.",1,1,0,0,1,2020,"April","Tuesday","12:30 pm",110,"Sealed","Dry","Not Raining","Daylight","Roll Over",1,,,1429362.99,1442380.23
"2020-3234-19/09/2025","SELLICKS BEACH","CITY OF ONKAPARINGA",3,1,0,0,1,2020,"April","Tuesday","05:00 pm",40,"Unsealed","Dry","Not Raining","Daylight","Hit Fixed Object",1,"Y",,1314447.23,1627349.19
"2020-3235-19/09/2025","NORTH ADELAIDE","CITY OF ADELAIDE",1,1,0,0,1,2020,"April","Tuesday","07:06 pm",50,"Sealed","Dry","Not Raining","Night","Roll Over",1,,,1328463.68,1672254.34
"2020-3237-19/09/2025","MEDINDIE","WALKERVILLE TOWN COUNCIL",3,1,0,1,0,2020,"April","Wednesday","07:21 am",60,"Sealed","Dry","Not Raining","Daylight","Rear End",1,,,1328746.17,1673528.95
"2020-3238-19/09/2025","TENNYSON","CITY OF CHARLES STURT",2,1,0,1,0,2020,"April","Wednesday","07:20 am",60,"Sealed","Dry","Not Raining","Daylight","Hit Parked Vehicle",2,,,1318357.58,1674958.33
"2020-3239-19/09/2025","MOUNT BARKER","DC MT.BARKER.",2,1,0,0,1,2020,"April","Wednesday","08:00 am",50,"Sealed","Dry","Not Raining","Daylight","Hit Fixed Object",1,,,1351458.52,1653188.17
"2020-3240-19/09/2025","CRAFERS WEST","THE ADELAIDE HILLS COUNCIL",2,1,0,1,0,2020,"April","Wednesday","07:05 am",60,"Sealed","Dry","Not Raining","Daylight","Hit Fixed Object",1,,,1335385.35,1664949.83
"2020-3241-19/09/2025","WALKERVILLE","WALKERVILLE TOWN COUNCIL",2,1,0,0,1,2020,"April","Wednesday","09:27 am",50,"Sealed","Dry","Not Raining","Daylight","Hit Parked Vehicle",1,,,1329765.35,1674262.83
"2020-3242-19/09/2025","BOWDEN","CITY OF CHARLES STURT",2,1,0,0,1,2020,"April","Tuesday","03:30 pm",60,"Sealed","Dry","Not Raining","Daylight","Rear End",2,,,1326670.12,1672818.54
"2020-3244-19/09/2025","PARAFIELD GARDENS","CITY OF SALISBURY",2,1,0,0,1,2020,"April","Wednesday","09:50 am",60,"Sealed","Dry","Not Raining","Daylight","Right Angle",1,,,1331146.46,1686731.19
"2020-3246-19/09/2025","WEST CROYDON","CITY OF CHARLES STURT",2,1,0,0,1,2020,"April","Wednesday","10:25 am",40,"Sealed","Dry","Not Raining","Daylight","Hit Parked Vehicle",1,,,1325037.22,1674252.47
"2020-3248-19/09/2025","EDWARDSTOWN","CC MARION.",1,1,0,0,1,2020,"April","Wednesday","12:07 pm",60,"Sealed","Dry","Not Raining","Daylight","Roll Over",1,,,1325535.51,1666142.75
"2020-3257-19/09/2025","HENLEY BEACH SOUTH","CITY OF CHARLES STURT",2,1,0,0,1,2020,"April","Wednesday","03:40 pm",50,"Sealed","Dry","Not Raining","Daylight","Hit Parked Vehicle",1,,"Y",1319167.96,1670896.42
"2020-3258-19/09/2025","HAHNDORF","DC MT.BARKER.",2,1,0,1,0,2020,"April","Tuesday","05:00 am",100,"Unsealed","Dry","Not Raining","Night","Hit Fixed Object",1,,,1345204.81,1656011.76
"2020-3259-19/09/2025","ADELAIDE","CITY OF ADELAIDE",1,1,0,0,1,2020,"April","Wednesday","07:28 pm",10,"Sealed","Dry","Not Raining","Night","Roll Over",1,,,1328293.09,1671003.83
"2020-3265-19/09/2025","THEBARTON","CITY OF WEST TORRENS",2,1,0,1,0,2020,"April","Thursday","07:10 am",50,"Sealed","Dry","Not Raining","Daylight","Side Swipe",2,,,1326570.84,1671527.41
"2020-3266-19/09/2025","REGENCY PARK","CITY OF PORT ADELAIDE ENFIELD",2,1,0,0,1,2020,"April","Thursday","08:30 am",60,"Sealed","Dry","Not Raining","Daylight","Right Turn",2,,,1325607.25,1676354.38
"2020-3268-19/09/2025","PENFIELD GARDENS","CITY OF PLAYFORD.",2,3,0,1,2,2020,"April","Thursday","09:45 am",80,"Sealed","Dry","Not Raining","Daylight","Right Angle",2,,,1332115.15,1701128.06
"2020-3275-19/09/2025","MOUNT BARKER","DC MT.BARKER.",2,1,1,0,0,2020,"April","Thursday","11:04 am",80,"Sealed","Dry","Not Raining","Daylight","Head On",1,,,1349222.06,1653148.96
"2020-3278-19/09/2025","GEPPS CROSS","CITY OF PORT ADELAIDE ENFIELD",2,1,0,0,1,2020,"April","Thursday","03:17 pm",70,"Sealed","Dry","Not Raining","Daylight","Hit Fixed Object",1,,"Y",1328035.33,1680043.11
"2020-3286-19/09/2025","GAWLER SOUTH","CT GAWLER.",2,1,0,0,1,2020,"April","Thursday","06:20 pm",50,"Sealed","Dry","Not Raining","Night","Right Angle",2,,,1342888.42,1705532.91
"2020-3287-19/09/2025","SEACOMBE HEIGHTS","CC MARION.",2,1,0,1,0,2020,"April","Thursday","06:47 pm",60,"Sealed","Dry","Not Raining","Night","Right Turn",1,,,1323483.64,1659420.61
"2020-3289-19/09/2025","KOOLUNGA","PT.PIRIE CITY & DIST. COUNCIL",2,1,0,1,0,2020,"April","Thursday","05:35 pm",100,"Unsealed","Dry","Not Raining","Daylight","Hit Fixed Object",1,"Y",,1312215.92,1821280.57
"2020-3290-19/09/2025","TEROWIE","REGIONAL COUNCIL OF GOYDER",1,1,0,0,1,2020,"April","Thursday","08:35 pm",110,"Sealed","Dry","Not Raining","Night","Roll Over",1,"Y",,1365629.61,1870206.92
"2020-3292-19/09/2025","HOPE VALLEY","CITY OF TEA TREE GULLY",2,1,0,0,1,2020,"April","Friday","06:15 am",60,"Sealed","Dry","Not Raining","Night","Right Angle",1,,,1336918.1,1679461.71
"2020-3293-19/09/2025","LENSWOOD","THE ADELAIDE HILLS COUNCIL",1,1,0,0,1,2020,"April","Friday","09:05 am",80,"Sealed","Dry","Not Raining","Daylight","Roll Over",1,,,1349271.32,1668467.85
"2020-3296-19/09/2025","MURRAY BRIDGE","RC MURRAY BRIDGE.",2,1,0,0,1,2020,"April","Thursday","02:00 pm",50,"Sealed","Dry","Not Raining","Daylight","Hit Pedestrian",1,,,1389087.55,1645642.81
"2020-3297-19/09/2025","PAYNEHAM","CC OF NORWOOD,PAYNEHAM & ST PETERS",2,1,0,0,1,2020,"April","Thursday","02:45 pm",60,"Sealed","Dry","Not Raining","Daylight","Right Angle",2,,,1332448.72,1673920.3
"2020-3302-19/09/2025","ST MORRIS","CC OF NORWOOD,PAYNEHAM & ST PETERS",2,1,0,0,1,2020,"April","Friday","01:25 pm",60,"Sealed","Dry","Not Raining","Daylight","Hit Pedestrian",2,,,1333527.83,1671796.02
"2020-3304-19/09/2025","ALFORD","BARUNGA WEST DISTRICT COUNCIL",2,1,0,0,1,2020,"April","Friday","01:15 pm",100,"Sealed","Dry","Not Raining","Daylight","Roll Over",1,,,1266272.66,1788500.13
"2020-3305-19/09/2025","EBENEZER","LIGHT REGIONAL COUNCIL",2,1,0,1,0,2020,"April","Friday","01:14 pm",100,"Sealed","Dry","Not Raining","Daylight","Hit Fixed Object",1,,,1367902.79,1726276.35
"2020-3308-19/09/2025","NORTH ADELAIDE","CITY OF ADELAIDE",2,1,0,0,1,2020,"April","Friday","04:45 pm",50,"Sealed","Dry","Not Raining","Daylight","Side Swipe",2,,,1329060.77,1672434.99
"2020-3315-19/09/2025","ULEYBURY","CITY OF PLAYFORD.",2,2,0,1,1,2020,"April","Friday","08:20 pm",100,"Sealed","Dry","Not Raining","Night","Hit Fixed Object",1,,,1341378.92,1697661.99
"2020-3323-19/09/2025","MEDINDIE","WALKERVILLE TOWN COUNCIL",2,2,0,0,2,2020,"February","Friday","09:00 am",60,"Sealed","Dry","Not Raining","Daylight","Rear End",2,,,1328912.72,1674237.63
"2020-3324-19/09/2025","GLENGOWRIE","CC MARION.",2,1,0,0,1,2020,"April","Saturday","10:55 am",60,"Sealed","Dry","Not Raining","Daylight","Right Angle",1,,,1322639.19,1665290.08
"2020-3330-19/09/2025","TOTNESS","DC MT.BARKER.",2,1,0,0,1,2020,"April","Friday","06:07 pm",80,"Sealed","Dry","Not Raining","Night","Hit Fixed Object",1,,,1349520.34,1656370.57
"2020-3332-19/09/2025","PARADISE","CC CAMPBELLTOWN.",3,2,0,0,2,2020,"April","Saturday","02:47 pm",60,"Sealed","Dry","Not Raining","Daylight","Right Turn",2,,,1335179.94,1675919.29
"2020-3333-19/09/2025","SEAFORD","CITY OF ONKAPARINGA",2,1,0,0,1,2020,"April","Saturday","04:22 pm",50,"Sealed","Wet","Raining","Daylight","Rear End",2,,,1315587.43,1642108.42
"2020-3336-19/09/2025","REGENCY PARK","CITY OF PORT ADELAIDE ENFIELD",2,1,0,0,1,2020,"April","Saturday","05:25 pm",60,"Sealed","Dry","Not Raining","Daylight","Hit Pedestrian",2,"Y",,1325607.25,1676354.38
"2020-3338-19/09/2025","SALISBURY PLAIN","CITY OF SALISBURY",2,1,0,0,1,2020,"April","Sunday","12:25 am",80,"Sealed","Wet","Not Raining","Night","Right Angle",2,,,1335434.47,1688134.74
"2020-3340-19/09/2025","MOORAK","DISTRICT COUNCIL OF GRANT",2,1,0,1,0,2020,"April","Sunday","12:15 am",100,"Sealed","Dry","Not Raining","Night","Head On",2,,,1501604.28,1337526.18
"2020-3344-19/09/2025","BOATSWAIN POINT","DC ROBE.",2,1,0,1,0,2020,"April","Sunday","03:30 am",50,"Sealed","Dry","Not Raining","Night","Hit Fixed Object",1,"Y",,1422665.74,1428727.28
"2020-3346-19/09/2025","MURRAY BRIDGE","RC MURRAY BRIDGE.",2,1,0,0,1,2020,"April","Sunday","03:34 am",60,"Sealed","Wet","Raining","Night","Hit Fixed Object",1,"Y",,1387339.49,1646643.56
"2020-3349-19/09/2025","WEST LAKES SHORE","CITY OF CHARLES STURT",1,1,0,0,1,2020,"April","Sunday","12:50 pm",50,"Sealed","Dry","Not Raining","Daylight","Roll Over",1,"Y","Y",1318317.91,1677846.1
"2020-3354-19/09/2025","PORT NEILL","DC TUMBY BAY.",1,1,0,0,1,2020,"April","Sunday","01:55 pm",110,"Sealed","Dry","Not Raining","Daylight","Roll Over",1,"Y","Y",1127257.9,1774313.58
"2020-3355-19/09/2025","MILLBROOK","THE ADELAIDE HILLS COUNCIL",2,1,0,0,1,2020,"April","Sunday","01:43 pm",80,"Sealed","Dry","Not Raining","Daylight","Head On",1,,,1348516.18,1682082.24
"2020-3356-19/09/2025","GUMERACHA","THE ADELAIDE HILLS COUNCIL",2,1,0,0,1,2020,"April","Friday","09:45 pm",80,"Sealed","Dry","Not Raining","Night","Hit Fixed Object",1,,,1353619.19,1681501.1
"2020-3357-19/09/2025","CULBURRA","COORONG DISTRICT COUNCIL",2,1,1,0,0,2020,"April","Sunday","12:15 pm",60,"Sealed","Dry","Not Raining","Daylight","Right Angle",1,,,1448146.68,1567610.73
"2020-3362-19/09/2025","SEMAPHORE","CITY OF PORT ADELAIDE ENFIELD",2,1,0,0,1,2020,"April","Monday","10:54 am",60,"Sealed","Dry","Not Raining","Daylight","Right Angle",2,,,1318317.55,1680892.28
"2020-3363-19/09/2025","HAPPY VALLEY","CITY OF ONKAPARINGA",2,1,0,0,1,2020,"April","Monday","10:40 am",50,"Sealed","Dry","Not Raining","Daylight","Right Angle",2,,,1323564.4,1653792.84
"2020-3366-19/09/2025","ADELAIDE","CITY OF ADELAIDE",2,1,0,0,1,2020,"February","Friday","05:25 pm",50,"Sealed","Dry","Not Raining","Daylight","Rear End",2,,,1329024.85,1670686.76
"2020-3367-19/09/2025","ALDINGA","CITY OF ONKAPARINGA",1,1,0,1,0,2020,"April","Sunday","01:15 pm",80,"Unsealed","Dry","Not Raining","Daylight","Other",1,,,1316234.56,1634336.45
"2020-3370-19/09/2025","BROOKLYN PARK","CITY OF WEST TORRENS",2,1,0,0,1,2020,"April","Monday","01:35 pm",60,"Sealed","Dry","Not Raining","Daylight","Right Angle",1,,,1322742.48,1670069.94
"2020-3376-19/09/2025","KENSINGTON GARDENS","CITY OF BURNSIDE",2,1,0,0,1,2020,"April","Monday","04:50 pm",60,"Sealed","Dry","Not Raining","Daylight","Right Angle",1,"Y",,1333871.12,1671401.93
"2020-3377-19/09/2025","PARALOWIE","CITY OF SALISBURY",2,2,0,0,2,2020,"April","Monday","03:50 pm",60,"Sealed","Dry","Not Raining","Daylight","Right Turn",1,,,1331067.07,1690098.86
"2020-3380-19/09/2025","FULLARTON","CITY OF UNLEY",2,1,0,0,1,2020,"April","Monday","02:30 pm",60,"Sealed","Dry","Not Raining","Daylight","Hit Fixed Object",1,,,1331543.59,1667679.12
"2020-3381-19/09/2025","EDINBURGH","CITY OF SALISBURY",2,1,0,0,1,2020,"April","Monday","07:30 pm",80,"Sealed","Dry","Not Raining","Night","Hit Fixed Object",1,,,1331647.3,1692435.74
"2020-3383-19/09/2025","MCLAREN VALE","CITY OF ONKAPARINGA",2,1,0,1,0,2020,"April","Monday","11:15 pm",60,"Sealed","Dry","Not Raining","Night","Hit Fixed Object",1,"Y",,1320672.33,1639700.22
"2020-3387-19/09/2025","POORAKA","CITY OF SALISBURY",2,1,0,0,1,2020,"April","Tuesday","10:40 am",70,"Sealed","Dry","Not Raining","Daylight","Rear End",1,,,1330527.64,1681866.99
"2020-3389-19/09/2025","MOUNT BARKER","DC MT.BARKER.",2,1,0,0,1,2020,"April","Tuesday","11:20 am",60,"Sealed","Dry","Not Raining","Daylight","Right Angle",2,,,1351233.24,1654406.51
"2020-3392-19/09/2025","MOUNT GAMBIER","CC MT.GAMBIER.",2,1,0,0,1,2020,"April","Tuesday","01:07 pm",60,"Sealed","Wet","Raining","Daylight","Right Turn",1,,,1510818.9,1341794.96
"2020-3393-19/09/2025","FREELING","LIGHT REGIONAL COUNCIL",2,1,0,0,1,2020,"April","Monday","12:00 pm",100,"Sealed","Dry","Not Raining","Daylight","Side Swipe",1,,,1350214.12,1721270.73
"2020-3394-19/09/2025","KANGARILLA","CITY OF ONKAPARINGA",2,1,0,0,1,2020,"April","Monday","06:00 am",50,"Unsealed","Dry","Not Raining","Night","Hit Fixed Object",1,,,1335355.79,1647269.14
"2020-3397-19/09/2025","WEST BEACH","CITY OF WEST TORRENS",2,1,0,0,1,2020,"April","Tuesday","03:30 pm",60,"Sealed","Dry","Not Raining","Daylight","Right Angle",1,,,1320066.72,1669835.84
"2020-3401-19/09/2025","HOLDEN HILL","CITY OF PORT ADELAIDE ENFIELD",2,1,0,0,1,2020,"April","Tuesday","05:00 pm",60,"Sealed","Dry","Not Raining","Daylight","Rear End",2,,,1333809.35,1678092.37
"2020-3402-19/09/2025","ELIZABETH GROVE","CITY OF PLAYFORD.",2,2,0,0,2,2020,"April","Tuesday","08:40 pm",50,"Sealed","Dry","Not Raining","Night","Right Angle",1,,,1335510.82,1691014.58
"2020-3406-19/09/2025","MURRAY BRIDGE","RC MURRAY BRIDGE.",2,1,0,0,1,2020,"April","Wednesday","07:45 am",50,"Sealed","Dry","Not Raining","Daylight","Hit Parked Vehicle",1,,"Y",1389575.62,1645674.46
"2020-3409-19/09/2025","CAMPBELLTOWN","CC CAMPBELLTOWN.",2,1,0,0,1,2020,"April","Wednesday","08:58 am",60,"Sealed","Dry","Not Raining","Daylight","Right Angle",1,,,1335384.89,1675584.08
"2020-3417-19/09/2025","NORTH ADELAIDE","WALKERVILLE TOWN COUNCIL",2,1,0,0,1,2020,"April","Wednesday","03:15 pm",60,"Sealed","Dry","Not Raining","Daylight","Rear End",1,,,1329722.84,1672656.97
"2020-3420-19/09/2025","GLENELG","CITY OF HOLDFAST BAY",1,1,0,0,1,2020,"April","Wednesday","05:00 pm",40,"Sealed","Dry","Not Raining","Daylight","Roll Over",1,,,1320671.07,1664890.4
"2020-3424-19/09/2025","MOCULTA","THE BAROSSA COUNCIL.",1,1,0,0,1,2020,"April","Wednesday","04:00 pm",50,"Unsealed","Dry","Not Raining","Daylight","Roll Over",1,,,1376183.28,1719919.11
"2020-3427-19/09/2025","HAYBOROUGH","DC VICTOR HARBOR.",2,1,0,0,1,2020,"April","Wednesday","04:30 pm",60,"Sealed","Dry","Not Raining","Daylight","Side Swipe",1,,,1330325.2,1602963.99
"2020-3428-19/09/2025","WISANGER","KANGAROO ISLAND COUNCIL",2,1,0,0,1,2020,"April","Wednesday","06:50 pm",100,"Unsealed","Dry","Not Raining","Night","Hit Fixed Object",1,,,1231621.47,1590538.91
"2020-3429-19/09/2025","PARALOWIE","CITY OF SALISBURY",2,1,0,0,1,2020,"April","Wednesday","09:00 pm",50,"Sealed","Dry","Not Raining","Night","Hit Fixed Object",1,,,1330661.06,1688928.58
"2020-3434-19/09/2025","SALISBURY EAST","CITY OF SALISBURY",2,1,0,0,1,2020,"April","Thursday","08:48 am",80,"Sealed","Dry","Not Raining","Daylight","Hit Fixed Object",1,,,1333521.97,1685651.16
"2020-3435-19/09/2025","GAWLER SOUTH","CT GAWLER.",2,1,0,0,1,2020,"April","Wednesday","11:50 am",50,"Sealed","Dry","Not Raining","Daylight","Rear End",2,,,1342774.15,1705235.9
"2020-3437-19/09/2025","ELIZABETH PARK","CITY OF PLAYFORD.",2,1,0,0,1,2020,"April","Thursday","12:02 pm",60,"Sealed","Wet","Raining","Daylight","Right Angle",1,,,1336652.22,1693682.38
"2020-3443-19/09/2025","ELIZABETH","CITY OF PLAYFORD.",2,1,0,0,1,2020,"April","Thursday","12:45 pm",50,"Sealed","Wet","Raining","Daylight","Rear End",2,,,1335337.57,1693201.94
"2020-3451-19/09/2025","ADELAIDE","CITY OF ADELAIDE",2,1,0,0,1,2020,"April","Thursday","03:35 pm",60,"Sealed","Wet","Not Raining","Daylight","Right Angle",1,,,1327136.43,1669229.22
"2020-3454-19/09/2025","MOUNT CRAWFORD","THE BAROSSA COUNCIL.",2,1,0,0,1,2020,"April","Thursday","04:15 pm",80,"Sealed","Wet","Not Raining","Daylight","Hit Fixed Object",1,,,1364037.73,1689563.01
"2020-3455-19/09/2025","TRANMERE","CC CAMPBELLTOWN.",2,1,0,0,1,2020,"April","Thursday","06:00 pm",60,"Sealed","Wet","Not Raining","Night","Right Angle",1,,,1333815.22,1673627.37
"2020-3457-19/09/2025","ST IVES","DC MT.BARKER.",3,1,0,0,1,2020,"April","Thursday","02:45 pm",110,"Sealed","Wet","Raining","Daylight","Hit Fixed Object",1,,,1363034.35,1648720.97
"2020-3459-19/09/2025","WHYALLA NORRIE","CC WHYALLA.",2,1,0,1,0,2020,"April","Thursday","10:20 pm",50,"Sealed","Dry","Not Raining","Night","Hit Pedestrian",1,,,1237436.55,1884843.56
"2020-3460-19/09/2025","CAVAN","CITY OF SALISBURY",2,1,0,0,1,2020,"April","Friday","07:47 am",60,"Sealed","Dry","Not Raining","Daylight","Right Turn",1,,,1328401.9,1681197.15
"2020-3465-19/09/2025","OUTER HARBOR","CITY OF PORT ADELAIDE ENFIELD",2,1,0,1,0,2020,"April","Thursday","04:35 pm",60,"Sealed","Wet","Not Raining","Daylight","Right Angle",1,,,1318856.83,1687538.42
"2020-3466-19/09/2025","CAMPBELLTOWN","CC CAMPBELLTOWN.",2,1,0,0,1,2020,"April","Thursday","02:15 pm",60,"Sealed","Dry","Not Raining","Daylight","Hit Parked Vehicle",2,,,1335177.83,1674556.9
"2020-3469-19/09/2025","KLEMZIG","CITY OF PORT ADELAIDE ENFIELD",2,1,0,1,0,2020,"April","Friday","11:10 am",60,"Sealed","Dry","Not Raining","Daylight","Hit Pedestrian",2,,,1331846.16,1675818.78
"2020-3471-19/09/2025","CRAFERS WEST","THE ADELAIDE HILLS COUNCIL",1,1,0,0,1,2020,"April","Friday","11:00 am",60,"Sealed","Dry","Not Raining","Daylight","Roll Over",1,,,1337163.23,1660929.84
"2020-3473-19/09/2025","ROSSLYN PARK","CITY OF BURNSIDE",2,1,0,0,1,2020,"April","Friday","02:20 pm",60,"Sealed","Dry","Not Raining","Daylight","Hit Parked Vehicle",1,,,1335506.02,1670935.91
"2020-3474-19/09/2025","INGLE FARM","CITY OF SALISBURY",2,1,0,0,1,2020,"April","Friday","02:20 pm",60,"Sealed","Dry","Not Raining","Daylight","Rear End",2,,,1333098.79,1681430.45
"2020-3476-19/09/2025","ST CLAIR","CITY OF CHARLES STURT",2,1,0,0,1,2020,"April","Friday","03:46 pm",50,"Sealed","Dry","Not Raining","Daylight","Right Angle",2,,,1322449.22,1677155.18
"2020-3480-19/09/2025","PORT ADELAIDE","CITY OF PORT ADELAIDE ENFIELD",2,2,0,0,2,2020,"April","Friday","04:00 pm",60,"Sealed","Dry","Not Raining","Daylight","Rear End",2,,,1321025.72,1680317.89