"REPORT_ID","Suburb","LGA Name","Total Units","Total Cas","Total Fats","Total SI","Total MI","Year","Month","Day","Time","Area Speed","Road Surface","Moisture Cond","Weather Cond","DayNight","Crash Type","Unit Resp","DUI Involved","Drugs Involved","ACCLOC_X","ACCLOC_Y"
"2020-3481-19/09/2025","MEADOWS","DC MT.BARKER.",3,2,0,0,2,2020,"April","Friday","04:50 pm",50,"Sealed","Dry","Not Raining","Daylight","Rear End",1,,,1341789.37,1642483.64
"2020-3482-19/09/2025","WILLUNGA","CITY OF ONKAPARINGA",2,1,0,0,1,2020,"April","Friday","05:26 pm",50,"Sealed","Dry","Not Raining","Daylight","Side Swipe",1,,,1323477.83,1632171.37
"2020-3484-19/09/2025","BALHANNAH","THE ADELAIDE HILLS COUNCIL",3,1,0,1,0,2020,"April","Friday","05:45 pm",60,"Sealed","Dry","Not Raining","Night","Hit Fixed Object",1,"Y",,1348301.18,1662178.28
"2020-3485-19/09/2025","GEPPS CROSS","CITY OF PORT ADELAIDE ENFIELD",2,1,0,0,1,2020,"April","Saturday","04:04 am",70,"Sealed","Dry","Not Raining","Night","Rear End",1,,"Y",1329558.69,1680405.02
"2020-3486-19/09/2025","PORT LINCOLN","CC PT.LINCOLN.",2,1,0,1,0,2020,"April","Saturday","03:15 am",50,"Sealed","Dry","Not Raining","Night","Hit Pedestrian",2,,,1078514.38,1698012.31
"2020-3492-19/09/2025","GLENELG","CITY OF HOLDFAST BAY",1,1,0,1,0,2020,"April","Saturday","11:45 am",40,"Sealed","Wet","Raining","Daylight","Roll Over",1,,,1320605.17,1664888.58
"2020-3496-19/09/2025","GLENELG","CITY OF HOLDFAST BAY",2,1,0,0,1,2020,"April","Saturday","11:42 am",50,"Sealed","Dry","Not Raining","Daylight","Hit Fixed Object",1,"Y",,1320487.03,1665086.41
"2020-3503-19/09/2025","URRBRAE","CC MITCHAM.",6,4,2,1,1,2020,"April","Saturday","01:40 pm",60,"Sealed","Dry","Not Raining","Daylight","Right Angle",1,,,1330765.11,1666293.95
"2020-3504-19/09/2025","PARAFIELD","CITY OF SALISBURY",3,1,0,0,1,2020,"April","Saturday","04:24 pm",80,"Sealed","Wet","Raining","Daylight","Hit Fixed Object",1,,,1331812.14,1683486.03
"2020-3505-19/09/2025","OTTOWAY","CITY OF PORT ADELAIDE ENFIELD",2,1,0,0,1,2020,"April","Saturday","04:45 pm",60,"Sealed","Wet","Raining","Daylight","Right Angle",2,,,1322699.67,1679670.33
"2020-3506-19/09/2025","PROSPECT","CITY OF PROSPECT",2,1,0,0,1,2020,"April","Saturday","03:30 pm",60,"Sealed","Wet","Raining","Daylight","Right Angle",2,,,1328726.42,1676429.12
"2020-3507-19/09/2025","MODBURY NORTH","CITY OF TEA TREE GULLY",2,1,0,0,1,2020,"April","Saturday","05:22 pm",60,"Sealed","Wet","Raining","Daylight","Head On",2,,,1335272.52,1681158.56
"2020-3509-19/09/2025","CHELTENHAM","CITY OF CHARLES STURT",2,1,0,1,0,2020,"April","Saturday","06:32 pm",60,"Sealed","Wet","Raining","Night","Hit Pedestrian",2,"Y",,1322044.67,1676427.35
"2020-3512-19/09/2025","KERSBROOK","THE ADELAIDE HILLS COUNCIL",2,1,0,0,1,2020,"April","Saturday","03:27 pm",60,"Sealed","Wet","Raining","Daylight","Side Swipe",2,,,1351739.49,1684778.78
"2020-3514-19/09/2025","LOBETHAL","THE ADELAIDE HILLS COUNCIL",3,1,0,0,1,2020,"April","Saturday","03:15 pm",80,"Sealed","Wet","Raining","Daylight","Hit Fixed Object",1,,,1355483.09,1673351.05
"2020-3515-19/09/2025","HENDON","CITY OF CHARLES STURT",2,1,0,0,1,2020,"April","Saturday","08:13 pm",60,"Sealed","Wet","Raining","Night","Hit Fixed Object",1,,"Y",1321038.45,1675896.77
"2020-3517-19/09/2025","MAWSON LAKES","CITY OF SALISBURY",2,1,0,0,1,2020,"April","Sunday","12:15 am",80,"Sealed","Wet","Raining","Night","Hit Fixed Object",1,,,1328705.51,1683122.22
"2020-3522-19/09/2025","CHANDADA","DC STREAKY BAY.",2,1,0,0,1,2020,"April","Saturday","04:45 pm",110,"Sealed","Dry","Not Raining","Daylight","Hit Fixed Object",1,,,957257.7,1915810.57
"2020-3524-19/09/2025","NAILSWORTH","CITY OF PROSPECT",2,1,0,0,1,2020,"April","Sunday","11:30 am",60,"Sealed","Dry","Not Raining","Daylight","Right Angle",2,,"Y",1328917.57,1674760.92
"2020-3527-19/09/2025","PARKSIDE","CITY OF UNLEY",2,1,0,0,1,2020,"March","Saturday","03:30 pm",60,"Sealed","Dry","Not Raining","Daylight","Rear End",2,,,1329057.06,1668981.6
"2020-3528-19/09/2025","MEDINDIE","WALKERVILLE TOWN COUNCIL",2,1,0,0,1,2020,"April","Sunday","04:15 pm",60,"Sealed","Dry","Not Raining","Daylight","Right Angle",1,,,1329427.23,1673281.86
"2020-3538-19/09/2025","CROMER","THE ADELAIDE HILLS COUNCIL",2,3,0,0,3,2020,"April","Monday","08:55 am",100,"Sealed","Dry","Not Raining","Daylight","Right Angle",1,,,1361394.91,1684498.8
"2020-3540-19/09/2025","NORWOOD","CC OF NORWOOD,PAYNEHAM & ST PETERS",2,2,0,0,2,2020,"April","Monday","11:13 am",60,"Sealed","Dry","Not Raining","Daylight","Right Angle",2,,,1331874.28,1670398.69
"2020-3543-19/09/2025","PROSPECT","CITY OF PROSPECT",2,1,0,0,1,2020,"April","Monday","01:00 pm",60,"Sealed","Dry","Not Raining","Daylight","Rear End",1,,,1327242.54,1676192.01
"2020-3548-19/09/2025","MOUNT GAMBIER","CC MT.GAMBIER.",3,4,0,1,3,2020,"April","Monday","02:17 pm",50,"Sealed","Dry","Not Raining","Daylight","Right Angle",1,,,1510094.23,1340202.19
"2020-3550-19/09/2025","CAMDEN PARK","CITY OF WEST TORRENS",1,1,0,0,1,2020,"April","Monday","04:16 pm",60,"Sealed","Dry","Not Raining","Daylight","Roll Over",1,,,1322603.38,1666590.72
"2020-3552-19/09/2025","HOLDEN HILL","CITY OF TEA TREE GULLY",2,1,0,0,1,2020,"April","Monday","06:45 pm",50,"Sealed","Dry","Not Raining","Night","Hit Pedestrian",1,,,1335301.05,1678921.82
"2020-3553-19/09/2025","MALVERN","CITY OF UNLEY",2,1,0,0,1,2020,"April","Monday","07:17 pm",60,"Sealed","Dry","Not Raining","Night","Right Turn",1,,,1329131.93,1666458.22
"2020-3554-19/09/2025","ALDINGA BEACH","CITY OF ONKAPARINGA",2,1,0,0,1,2020,"April","Monday","03:05 pm",50,"Sealed","Dry","Not Raining","Daylight","Right Angle",2,,,1314511.12,1633057.63
"2020-3556-19/09/2025","PARAMATTA","COPPER COAST DISTRICT COUNCIL",2,1,0,1,0,2020,"April","Monday","09:37 pm",100,"Unsealed","Dry","Not Raining","Night","Hit Fixed Object",1,,"Y",1243907.69,1771177.13
"2020-3559-19/09/2025","KINGSCOTE","KANGAROO ISLAND COUNCIL",2,1,0,0,1,2020,"April","Sunday","06:30 pm",100,"Sealed","Dry","Not Raining","Night","Hit Fixed Object",1,,"Y",1237852.56,1593409.63
"2020-3561-19/09/2025","KANGARILLA","CITY OF ONKAPARINGA",2,1,0,0,1,2020,"April","Tuesday","03:47 pm",80,"Sealed","Wet","Raining","Daylight","Hit Fixed Object",1,,,1332468.51,1647989.98
"2020-3564-19/09/2025","VIRGINIA","CITY OF PLAYFORD.",3,1,0,0,1,2020,"April","Tuesday","04:55 pm",80,"Sealed","Wet","Not Raining","Daylight","Right Angle",1,,,1328371.64,1699225.45
"2020-3568-19/09/2025","ECHUNGA","DC MT.BARKER.",2,1,0,0,1,2020,"April","Tuesday","04:20 pm",80,"Sealed","Wet","Not Raining","Daylight","Hit Fixed Object",1,,,1347372.93,1650747.17
"2020-3570-19/09/2025","MOUNT GAMBIER","CC MT.GAMBIER.",2,1,0,1,0,2020,"April","Tuesday","08:14 pm",50,"Unsealed","Wet","Raining","Night","Hit Fixed Object",1,"Y",,1508161.25,1341821.33
"2020-3574-19/09/2025","KENSINGTON PARK","CITY OF BURNSIDE",2,1,0,0,1,2020,"April","Tuesday","06:50 am",60,"Sealed","Dry","Not Raining","Daylight","Rear End",2,,,1333879.5,1671121.63
"2020-3576-19/09/2025","SALISBURY DOWNS","CITY OF SALISBURY",2,1,0,0,1,2020,"April","Wednesday","08:25 am",60,"Sealed","Wet","Not Raining","Daylight","Rear End",2,,,1330466.13,1687599.38
"2020-3587-19/09/2025","CHELTENHAM","CITY OF CHARLES STURT",2,3,0,0,3,2020,"April","Wednesday","03:05 pm",60,"Sealed","Wet","Raining","Daylight","Right Turn",2,,,1322282.82,1677760.1
"2020-3588-19/09/2025","WEST LAKES","CITY OF CHARLES STURT",2,3,0,0,3,2020,"April","Wednesday","03:14 pm",60,"Sealed","Wet","Raining","Daylight","Right Angle",1,,,1318842.91,1674473.86
"2020-3589-19/09/2025","GILLES PLAINS","CITY OF PORT ADELAIDE ENFIELD",2,1,0,0,1,2020,"April","Wednesday","03:55 pm",60,"Sealed","Wet","Not Raining","Daylight","Right Turn",2,,,1333635.76,1678283.55
"2020-3590-19/09/2025","SUTTONTOWN","DISTRICT COUNCIL OF GRANT",1,1,0,0,1,2020,"April","Wednesday","03:50 pm",60,"Sealed","Dry","Not Raining","Daylight","Left Road - Out of Control",1,,,1508671.67,1343982.44
"2020-3592-19/09/2025","MORPHETT VALE","CITY OF ONKAPARINGA",2,1,0,0,1,2020,"April","Wednesday","05:35 pm",60,"Sealed","Wet","Raining","Night","Right Angle",2,,,1321949.03,1649296.55
"2020-3594-19/09/2025","WILLUNGA","CITY OF ONKAPARINGA",3,1,0,1,0,2020,"April","Wednesday","07:20 pm",50,"Sealed","Wet","Raining","Night","Hit Fixed Object",1,"Y",,1323045.83,1633042
"2020-3605-19/09/2025","INGLE FARM","CITY OF SALISBURY",2,1,0,0,1,2020,"April","Wednesday","08:45 am",70,"Sealed","Wet","Raining","Daylight","Rear End",2,,,1332120.96,1681780.41
"2020-3606-19/09/2025","MEDINDIE","WALKERVILLE TOWN COUNCIL",2,1,0,0,1,2020,"April","Wednesday","02:00 pm",60,"Sealed","Wet","Not Raining","Daylight","Rear End",1,,,1328922,1674227.45
"2020-3607-19/09/2025","PARAFIELD GARDENS","CITY OF SALISBURY",2,1,0,0,1,2020,"April","Thursday","10:00 am",60,"Sealed","Wet","Raining","Daylight","Hit Fixed Object",1,,"Y",1330049.83,1685043.75
"2020-3609-19/09/2025","WOODVILLE WEST","CITY OF CHARLES STURT",2,1,0,0,1,2020,"April","Thursday","01:30 pm",60,"Sealed","Dry","Not Raining","Daylight","Right Angle",2,,,1322354.24,1676151.89
"2020-3610-19/09/2025","KATUNGA STATION",,1,1,0,1,0,2020,"April","Thursday","12:35 pm",110,"Sealed","Dry","Not Raining","Daylight","Roll Over",1,,,1195936.53,1913712.15
"2020-3611-19/09/2025","BLACKWOOD","CC MITCHAM.",2,1,0,0,1,2020,"April","Thursday","02:27 pm",50,"Sealed","Dry","Not Raining","Daylight","Right Angle",1,,,1329484.45,1660040.57
"2020-3612-19/09/2025","NELSHABY","PT.PIRIE CITY & DIST. COUNCIL",3,1,0,0,1,2020,"April","Thursday","04:30 pm",110,"Sealed","Wet","Raining","Daylight","Hit Fixed Object",1,,,1285660.11,1871469.71
"2020-3615-19/09/2025","ADELAIDE","CITY OF ADELAIDE",2,1,0,0,1,2020,"May","Friday","02:15 am",50,"Sealed","Wet","Not Raining","Night","Hit Fixed Object",1,"Y",,1329073.47,1671150.83
"2020-3616-19/09/2025","HILLCREST","CITY OF PORT ADELAIDE ENFIELD",4,1,0,1,0,2020,"May","Friday","07:00 am",50,"Sealed","Wet","Not Raining","Daylight","Rear End",2,,,1332052.89,1677864.63
"2020-3624-19/09/2025","SEATON","CITY OF CHARLES STURT",2,1,0,0,1,2020,"May","Friday","11:41 am",50,"Sealed","Wet","Not Raining","Daylight","Hit Pedestrian",2,,,1320819.82,1673572.96
"2020-3628-19/09/2025","BELAIR","CC MITCHAM.",2,1,0,1,0,2020,"May","Friday","03:38 pm",50,"Sealed","Wet","Raining","Daylight","Rear End",1,,,1330545.72,1662018.83
"2020-3629-19/09/2025","PARALOWIE","CITY OF SALISBURY",2,3,0,1,2,2020,"May","Friday","03:15 pm",60,"Sealed","Wet","Not Raining","Daylight","Head On",2,,,1330642.47,1690433.81
"2020-3637-19/09/2025","WILLUNGA","CITY OF ONKAPARINGA",1,1,0,0,1,2020,"May","Friday","06:10 pm",100,"Sealed","Wet","Raining","Night","Roll Over",1,,,1324455.68,1630960.31
"2020-3638-19/09/2025","MOUNT BARKER","DC MT.BARKER.",2,1,0,0,1,2020,"May","Friday","06:00 pm",60,"Sealed","Wet","Raining","Night","Rear End",2,,,1351146.94,1654575.02
"2020-3643-19/09/2025","GLYNDE","CC OF NORWOOD,PAYNEHAM & ST PETERS",2,1,0,0,1,2020,"May","Saturday","07:25 am",60,"Sealed","Wet","Not Raining","Daylight","Right Angle",2,,,1333785.54,1674516.59
"2020-3647-19/09/2025","WOODVILLE","CITY OF CHARLES STURT",2,1,0,0,1,2020,"May","Friday","03:10 pm",60,"Sealed","Wet","Raining","Daylight","Right Angle",1,,,1322523.03,1676010.64
"2020-3648-19/09/2025","CUDLEE CREEK","THE ADELAIDE HILLS COUNCIL",2,2,0,0,2,2020,"May","Saturday","11:45 am",80,"Sealed","Wet","Raining","Daylight","Hit Fixed Object",1,,,1352595.19,1675011.48
"2020-3650-19/09/2025","WEST HINDMARSH","CITY OF CHARLES STURT",1,1,0,0,1,2020,"May","Saturday","01:00 pm",60,"Sealed","Wet","Not Raining","Daylight","Roll Over",9,,,1325423.2,1673149.42
"2020-3653-19/09/2025","CHANDLERS HILL","CITY OF ONKAPARINGA",2,1,0,0,1,2020,"May","Friday","04:20 pm",70,"Sealed","Wet","Not Raining","Daylight","Hit Fixed Object",1,,,1329492.6,1652916.97
"2020-3656-19/09/2025","MOUNT JAGGED","ALEXANDRINA COUNCIL",2,3,2,1,0,2020,"May","Saturday","03:59 pm",100,"Sealed","Wet","Raining","Daylight","Head On",1,,"Y",1329692.28,1617515.3
"2020-3665-19/09/2025","DARLINGTON","CITY OF ONKAPARINGA",3,2,0,0,2,2020,"May","Sunday","10:25 am",70,"Sealed","Dry","Not Raining","Daylight","Rear End",2,,,1324237.62,1659433.28
"2020-3666-19/09/2025","TENNYSON","CITY OF CHARLES STURT",3,1,0,0,1,2020,"May","Sunday","12:20 pm",60,"Sealed","Dry","Not Raining","Daylight","Hit Parked Vehicle",1,,,1318368.51,1674915.46
"2020-3668-19/09/2025","ROYAL PARK","CITY OF CHARLES STURT",2,1,0,0,1,2020,"May","Sunday","02:00 pm",50,"Sealed","Dry","Not Raining","Daylight","Right Angle",2,,,1320451.26,1676874.99
"2020-3672-19/09/2025","WARRADALE","CC MARION.",2,1,0,0,1,2020,"April","Thursday","02:33 pm",60,"Sealed","Wet","Not Raining","Daylight","Side Swipe",1,,,1322740.46,1661817.67
"2020-3673-19/09/2025","LOWER LIGHT","DC MALLALA.",1,2,0,0,2,2020,"May","Sunday","02:00 pm",100,"Unsealed","Dry","Not Raining","Daylight","Roll Over",1,,,1315672.31,1718110.43
"2020-3676-19/09/2025","ELIZABETH PARK","CITY OF PLAYFORD.",8,3,0,1,2,2020,"May","Sunday","09:26 pm",80,"Sealed","Dry","Not Raining","Night","Rear End",1,"Y",,1336546.71,1694746.79
"2020-3677-19/09/2025","PARAFIELD GARDENS","CITY OF SALISBURY",2,1,0,0,1,2020,"May","Sunday","11:39 pm",50,"Sealed","Dry","Not Raining","Night","Hit Parked Vehicle",1,"Y",,1330120.3,1685311.68
"2020-3681-19/09/2025","CALCA","DC STREAKY BAY.",1,1,0,1,0,2020,"February","Sunday","07:30 am",100,"Unsealed","Dry","Not Raining","Daylight","Roll Over",1,,,940326.2,1883599.67
"2020-3683-19/09/2025","INGLE FARM","CITY OF SALISBURY",2,1,0,0,1,2020,"May","Monday","08:45 am",60,"Sealed","Dry","Not Raining","Daylight","Right Turn",2,,,1332135.16,1681789.77
"2020-3684-19/09/2025","MCLAREN VALE","CITY OF ONKAPARINGA",2,1,0,1,0,2020,"May","Monday","08:25 am",50,"Sealed","Dry","Not Raining","Daylight","Hit Fixed Object",1,,,1321596.94,1638953.3
"2020-3685-19/09/2025","ARMAGH","CLARE AND GILBERT VALLEYS DISTRICT COUNCIL",2,1,0,0,1,2020,"May","Monday","08:45 am",80,"Sealed","Dry","Not Raining","Daylight","Head On",2,,"Y",1331495.48,1792283.56
"2020-3686-19/09/2025","MOUNT COMPASS","ALEXANDRINA COUNCIL",2,1,0,1,0,2020,"May","Monday","09:47 am",100,"Unsealed","Dry","Not Raining","Daylight","Hit Fixed Object",1,,,1328163.72,1625014.29
"2020-3687-19/09/2025","MILLBROOK","THE ADELAIDE HILLS COUNCIL",1,1,0,1,0,2020,"May","Monday","11:15 am",80,"Sealed","Dry","Not Raining","Daylight","Roll Over",1,,,1349409.54,1680964.81
"2020-3688-19/09/2025","WATTLE PARK","CITY OF BURNSIDE",2,1,0,0,1,2020,"May","Monday","01:20 pm",50,"Sealed","Dry","Not Raining","Daylight","Rear End",2,,,1335536.22,1669828.56
"2020-3693-19/09/2025","ADELAIDE","CITY OF ADELAIDE",2,1,0,0,1,2020,"May","Monday","12:20 pm",60,"Sealed","Dry","Not Raining","Daylight","Right Angle",2,,,1327395.61,1669542.05
"2020-3695-19/09/2025","MEDINDIE","WALKERVILLE TOWN COUNCIL",2,1,0,0,1,2020,"May","Saturday","11:50 am",60,"Sealed","Wet","Raining","Daylight","Side Swipe",2,,,1328922,1674227.45
"2020-3696-19/09/2025","MUNNO PARA","CITY OF PLAYFORD.",3,1,0,0,1,2020,"May","Monday","02:30 pm",80,"Sealed","Dry","Not Raining","Daylight","Right Turn",1,,"Y",1338210.83,1697712.55
"2020-3698-19/09/2025","GLANDORE","CC MARION.",1,1,0,0,1,2020,"May","Monday","03:40 pm",60,"Sealed","Dry","Not Raining","Daylight","Roll Over",1,,,1325858.75,1667073.46
"2020-3702-19/09/2025","CHELTENHAM","CITY OF CHARLES STURT",2,1,0,0,1,2020,"May","Monday","05:15 pm",60,"Sealed","Dry","Not Raining","Daylight","Right Angle",2,,,1321457.27,1676998.96
"2020-3706-19/09/2025","MUNNO PARA","CITY OF PLAYFORD.",2,1,0,0,1,2020,"May","Monday","08:16 pm",80,"Sealed","Dry","Not Raining","Night","Right Angle",1,,,1338231.02,1697708.49
"2020-3708-19/09/2025","OVINGHAM","CITY OF CHARLES STURT",2,1,0,1,0,2020,"May","Tuesday","08:20 am",60,"Sealed","Dry","Not Raining","Daylight","Right Turn",1,,,1327131.58,1673269.49
"2020-3709-19/09/2025","WOODVILLE PARK","CITY OF CHARLES STURT",2,1,0,0,1,2020,"May","Tuesday","08:40 am",60,"Sealed","Dry","Not Raining","Daylight","Right Angle",2,,,1323610.09,1675074.42
"2020-3711-19/09/2025","CLOVELLY PARK","CC MARION.",2,1,0,0,1,2020,"May","Monday","03:40 pm",60,"Sealed","Dry","Not Raining","Daylight","Right Angle",1,,,1325460.63,1663302.73
"2020-3715-19/09/2025","PARA HILLS WEST","CITY OF SALISBURY",2,2,0,0,2,2020,"May","Tuesday","11:35 am",60,"Sealed","Dry","Not Raining","Daylight","Right Angle",2,,,1333434.52,1683702.92
"2020-3716-19/09/2025","ST MARYS","CC MITCHAM.",3,1,0,1,0,2020,"May","Tuesday","12:10 pm",50,"Sealed","Dry","Not Raining","Daylight","Hit Parked Vehicle",2,,,1326154.36,1661952.65
"2020-3719-19/09/2025","PARADISE","CC CAMPBELLTOWN.",2,1,0,0,1,2020,"May","Tuesday","02:25 pm",60,"Sealed","Dry","Not Raining","Daylight","Right Turn",2,,,1334461.82,1676974.32
"2020-3720-19/09/2025","WEST LAKES","CITY OF CHARLES STURT",3,2,0,0,2,2020,"May","Tuesday","03:03 pm",60,"Sealed","Dry","Not Raining","Daylight","Right Turn",1,,,1318994.81,1676350.16
"2020-3722-19/09/2025","ELIZABETH PARK","CITY OF PLAYFORD.",2,1,0,0,1,2020,"May","Tuesday","04:10 pm",60,"Sealed","Dry","Not Raining","Daylight","Right Angle",2,,,1337484.8,1694066.7
"2020-3727-19/09/2025","MOANA","CITY OF ONKAPARINGA",2,1,0,0,1,2020,"May","Tuesday","03:40 pm",70,"Sealed","Dry","Not Raining","Daylight","Right Angle",2,,,1316437.68,1639609.5
"2020-3728-19/09/2025","ONKAPARINGA HILLS","CITY OF ONKAPARINGA",2,1,0,1,0,2020,"May","Tuesday","04:48 pm",80,"Sealed","Dry","Not Raining","Daylight","Hit Fixed Object",1,"Y","Y",1325559.59,1646337.42
"2020-3730-19/09/2025","GILLES PLAINS","CITY OF PORT ADELAIDE ENFIELD",2,1,0,0,1,2020,"May","Tuesday","09:04 pm",60,"Sealed","Dry","Not Raining","Night","Right Angle",1,,,1333916.76,1678182.21
"2020-3732-19/09/2025","SALEM","ALEXANDRINA COUNCIL",2,1,0,0,1,2020,"May","Tuesday","08:25 pm",100,"Sealed","Dry","Not Raining","Night","Rear End",2,,,1366481.5,1644938.12
"2020-3733-19/09/2025","NURIOOTPA","LIGHT REGIONAL COUNCIL",2,1,0,0,1,2020,"May","Tuesday","09:40 pm",100,"Unsealed","Dry","Not Raining","Night","Hit Fixed Object",1,,,1364372.51,1723448.15
"2020-3734-19/09/2025","ADELAIDE","CITY OF ADELAIDE",3,2,0,0,2,2020,"May","Wednesday","12:38 am",50,"Sealed","Dry","Not Raining","Night","Right Turn",1,,,1329495.76,1671170.43
"2020-3740-19/09/2025","WESTBOURNE PARK","CC MITCHAM.",2,1,0,0,1,2020,"May","Tuesday","05:30 pm",60,"Sealed","Dry","Not Raining","Night","Side Swipe",2,,,1327524.7,1665609.38
"2020-3741-19/09/2025","SELLICKS HILL","CITY OF ONKAPARINGA",2,1,0,0,1,2020,"May","Wednesday","06:45 am",90,"Sealed","Dry","Not Raining","Night","Right Turn",2,,,1315579.2,1628763.99
"2020-3743-19/09/2025","MARDEN","CC OF NORWOOD,PAYNEHAM & ST PETERS",2,1,0,0,1,2020,"May","Wednesday","09:40 am",60,"Sealed","Dry","Not Raining","Daylight","Rear End",2,,,1332500.36,1673951.23
"2020-3750-19/09/2025","WEST LAKES","CITY OF CHARLES STURT",2,2,0,0,2,2020,"May","Wednesday","03:16 pm",60,"Sealed","Dry","Not Raining","Daylight","Right Turn",2,,,1318994.81,1676350.16
"2020-3751-19/09/2025","STURT","CC MARION.",2,1,0,0,1,2020,"May","Wednesday","04:12 pm",60,"Sealed","Dry","Not Raining","Daylight","Right Turn",2,,,1324418.54,1660680
"2020-3754-19/09/2025","MODBURY","CITY OF TEA TREE GULLY",2,1,0,0,1,2020,"May","Wednesday","06:10 pm",60,"Sealed","Dry","Not Raining","Night","Hit Fixed Object",1,,,1336865.11,1680632.32
"2020-3756-19/09/2025","WARRADALE","CC MARION.",2,1,0,0,1,2020,"May","Wednesday","06:15 pm",60,"Sealed","Wet","Not Raining","Night","Right Turn",1,,,1321888.91,1663030.01
"2020-3759-19/09/2025","PARA HILLS","CITY OF SALISBURY",2,1,0,0,1,2020,"May","Wednesday","07:29 pm",50,"Sealed","Dry","Not Raining","Night","Hit Parked Vehicle",1,,,1333734.16,1683464.89
"2020-3762-19/09/2025","MANNUM","MID MURRAY DISTRICT COUNCIL",4,2,0,0,2,2020,"May","Wednesday","05:48 pm",50,"Sealed","Dry","Not Raining","Night","Roll Over",1,,,1392604.61,1669679.69
"2020-3766-19/09/2025","NOARLUNGA CENTRE","CITY OF ONKAPARINGA",2,1,0,0,1,2020,"May","Thursday","08:40 am",60,"Sealed","Dry","Not Raining","Daylight","Right Angle",2,,,1317489.86,1647430.42
"2020-3767-19/09/2025","FULHAM GARDENS","CITY OF CHARLES STURT",2,1,0,0,1,2020,"May","Wednesday","06:00 pm",60,"Sealed","Dry","Not Raining","Night","Rear End",1,,,1320687.19,1672523.21
"2020-3772-19/09/2025","UNLEY","CITY OF UNLEY",2,1,0,0,1,2020,"May","Thursday","11:55 am",50,"Sealed","Dry","Not Raining","Daylight","Side Swipe",2,,,1329712.85,1667779.19
"2020-3774-19/09/2025","GLENCOE","WATTLE RANGE COUNCIL",2,1,0,0,1,2020,"May","Thursday","11:00 am",100,"Sealed","Dry","Not Raining","Daylight","Rear End",1,,,1492469.55,1360018.21
"2020-3777-19/09/2025","PORT ADELAIDE","CITY OF PORT ADELAIDE ENFIELD",2,1,0,0,1,2020,"May","Thursday","03:34 pm",60,"Sealed","Dry","Not Raining","Daylight","Side Swipe",2,,,1320486.5,1678923.84
"2020-3780-19/09/2025","HAZELWOOD PARK","CITY OF BURNSIDE",2,1,0,0,1,2020,"May","Thursday","04:52 pm",50,"Sealed","Dry","Not Raining","Daylight","Hit Pedestrian",2,,,1333152.49,1668579.58
"2020-3786-19/09/2025","LOCKLEYS","CITY OF WEST TORRENS",2,1,0,0,1,2020,"May","Thursday","06:00 pm",60,"Sealed","Dry","Not Raining","Night","Right Angle",2,,,1322509.96,1670075.81
"2020-3789-19/09/2025","ADELAIDE","CITY OF ADELAIDE",2,1,0,0,1,2020,"May","Thursday","06:06 pm",50,"Sealed","Dry","Not Raining","Night","Hit Fixed Object",1,,,1327864.43,1670830.96
"2020-3791-19/09/2025","PORT ELLIOT","ALEXANDRINA COUNCIL",2,1,0,0,1,2020,"May","Thursday","06:00 pm",60,"Sealed","Dry","Not Raining","Night","Hit Pedestrian",1,,,1332104.05,1603231.03
"2020-3793-19/09/2025","ADELAIDE","CITY OF ADELAIDE",2,1,0,0,1,2020,"May","Thursday","07:46 pm",50,"Sealed","Dry","Not Raining","Night","Right Angle",1,,,1328926.89,1670199.88
"2020-3798-19/09/2025","YUMALI","COORONG DISTRICT COUNCIL",2,1,0,0,1,2020,"May","Friday","07:30 am",100,"Unsealed","Wet","Not Raining","Daylight","Hit Fixed Object",1,,,1424011.11,1595454.68
"2020-3801-19/09/2025","DAW PARK","CC MITCHAM.",2,1,0,0,1,2020,"May","Thursday","03:03 pm",50,"Sealed","Dry","Not Raining","Daylight","Side Swipe",2,,,1326764.52,1663397.27
"2020-3803-19/09/2025","GLEN OSMOND","CITY OF BURNSIDE",2,1,0,0,1,2020,"May","Friday","08:15 am",60,"Sealed","Wet","Not Raining","Daylight","Rear End",2,,,1332367.7,1667069.58
"2020-3805-19/09/2025","SOMERTON PARK","CITY OF HOLDFAST BAY",2,1,0,0,1,2020,"May","Saturday","06:00 pm",50,"Sealed","Dry","Not Raining","Night","Hit Pedestrian",2,,,1320050.49,1663396.45
"2020-3806-19/09/2025","HACKHAM WEST","CITY OF ONKAPARINGA",3,1,0,0,1,2020,"May","Thursday","11:25 am",40,"Sealed","Dry","Not Raining","Daylight","Head On",2,,,1319148.27,1647154.72
"2020-3809-19/09/2025","SMITHFIELD PLAINS","CITY OF PLAYFORD.",2,1,0,0,1,2020,"May","Friday","08:15 am",60,"Sealed","Dry","Not Raining","Daylight","Right Angle",2,,,1336235.03,1697725.41
"2020-3817-19/09/2025","MAGILL","CC CAMPBELLTOWN.",2,1,0,0,1,2020,"May","Friday","03:20 pm",60,"Sealed","Dry","Not Raining","Daylight","Rear End",2,,,1335460.97,1672690.63
"2020-3818-19/09/2025","DAW PARK","CC MITCHAM.",2,1,0,0,1,2020,"May","Friday","04:45 pm",50,"Sealed","Dry","Not Raining","Daylight","Hit Fixed Object",1,,,1327388.97,1663735.29
"2020-3820-19/09/2025","MARDEN","CC OF NORWOOD,PAYNEHAM & ST PETERS",2,1,0,0,1,2020,"May","Friday","09:20 am",60,"Sealed","Wet","Not Raining","Daylight","Right Angle",1,,,1332045.03,1673933.83
"2020-3821-19/09/2025","OAKDEN","CITY OF PORT ADELAIDE ENFIELD",2,1,0,0,1,2020,"May","Friday","04:50 pm",70,"Sealed","Dry","Not Raining","Daylight","Rear End",2,,,1332015.37,1679307.05
"2020-3822-19/09/2025","BURTON","CITY OF SALISBURY",2,1,0,0,1,2020,"May","Friday","03:30 pm",70,"Sealed","Dry","Not Raining","Daylight","Side Swipe",2,,,1328302.11,1692146.3