"REPORT_ID","Suburb","LGA Name","Total Units","Total Cas","Total Fats","Total SI","Total MI","Year","Month","Day","Time","Area Speed","Road Surface","Moisture Cond","Weather Cond","DayNight","Crash Type","Unit Resp","DUI Involved","Drugs Involved","ACCLOC_X","ACCLOC_Y"
"2020-3823-19/09/2025","CURRENCY CREEK","ALEXANDRINA COUNCIL",2,1,0,0,1,2020,"May","Friday","05:15 pm",100,"Sealed","Dry","Not Raining","Daylight","Hit Fixed Object",1,,,1341626.3,1609559.24
"2020-3824-19/09/2025","SEMAPHORE","CITY OF PORT ADELAIDE ENFIELD",2,1,0,0,1,2020,"May","Friday","04:15 pm",60,"Sealed","Dry","Not Raining","Daylight","Hit Pedestrian",1,,,1317832.42,1680549.91
"2020-3825-19/09/2025","WINGFIELD","CITY OF PORT ADELAIDE ENFIELD",2,1,0,0,1,2020,"May","Friday","06:28 pm",90,"Sealed","Dry","Not Raining","Night","Rear End",2,,,1326399.92,1681043.46
"2020-3828-19/09/2025","CRAFERS","THE ADELAIDE HILLS COUNCIL",2,1,0,0,1,2020,"May","Friday","06:30 pm",100,"Sealed","Dry","Not Raining","Night","Side Swipe",2,,,1337964.62,1662317.98
"2020-3830-19/09/2025","PARALOWIE","CITY OF SALISBURY",3,2,0,0,2,2020,"May","Friday","08:20 pm",50,"Sealed","Wet","Raining","Night","Hit Parked Vehicle",1,,,1328255.64,1689773.19
"2020-3831-19/09/2025","HENLEY BEACH","CITY OF CHARLES STURT",2,1,0,0,1,2020,"May","Friday","09:05 pm",40,"Sealed","Wet","Raining","Night","Side Swipe",2,,,1318845.95,1671850.08
"2020-3836-19/09/2025","BLAKEVIEW","CITY OF PLAYFORD.",2,1,0,0,1,2020,"May","Saturday","10:52 am",60,"Sealed","Wet","Raining","Daylight","Hit Fixed Object",1,"Y",,1338804.24,1697334.29
"2020-3845-19/09/2025","MORPHETT VALE","CITY OF ONKAPARINGA",2,1,0,0,1,2020,"May","Saturday","12:00 pm",60,"Sealed","Dry","Not Raining","Daylight","Rear End",2,,,1321343.56,1649875.06
"2020-3846-19/09/2025","POORAKA","CITY OF SALISBURY",2,1,0,0,1,2020,"May","Saturday","04:00 pm",70,"Sealed","Wet","Not Raining","Daylight","Rear End",2,,,1330324.74,1681657.62
"2020-3847-19/09/2025","GILLES PLAINS","CITY OF PORT ADELAIDE ENFIELD",2,1,0,0,1,2020,"May","Saturday","04:00 pm",60,"Sealed","Wet","Not Raining","Daylight","Rear End",2,,,1333714.24,1678206.55
"2020-3854-19/09/2025","ULEYBURY","CITY OF PLAYFORD.",3,2,0,0,2,2020,"May","Saturday","09:10 pm",100,"Sealed","Wet","Raining","Night","Hit Fixed Object",1,,,1343709.83,1697195.62
"2020-3856-19/09/2025","EVANSTON SOUTH","CT GAWLER.",2,1,0,0,1,2020,"May","Saturday","10:40 pm",90,"Sealed","Wet","Not Raining","Night","Hit Pedestrian",2,,,1340142.83,1700918.92
"2020-3858-19/09/2025","HECTORVILLE","CC CAMPBELLTOWN.",2,1,0,0,1,2020,"May","Sunday","06:30 am",60,"Sealed","Dry","Not Raining","Night","Right Angle",1,,,1333808.63,1673873.58
"2020-3861-19/09/2025","GLYNDE","CC OF NORWOOD,PAYNEHAM & ST PETERS",2,2,0,0,2,2020,"May","Sunday","08:38 am",60,"Sealed","Wet","Raining","Daylight","Right Turn",1,,,1333785.54,1674516.59
"2020-3865-19/09/2025","ELIZABETH VALE","CITY OF PLAYFORD.",4,1,0,0,1,2020,"May","Sunday","03:55 pm",50,"Sealed","Dry","Not Raining","Daylight","Right Angle",2,,"Y",1334917.94,1690632.51
"2020-3868-19/09/2025","GLENELG NORTH","CITY OF HOLDFAST BAY",5,1,0,0,1,2020,"May","Sunday","06:25 pm",50,"Sealed","Wet","Not Raining","Night","Hit Parked Vehicle",2,,,1320394.35,1665287.26
"2020-3874-19/09/2025","CROYDON PARK","CITY OF PORT ADELAIDE ENFIELD",2,1,0,0,1,2020,"May","Sunday","10:46 pm",50,"Sealed","Dry","Not Raining","Night","Hit Parked Vehicle",1,,,1326344.02,1675561.38
"2020-3878-19/09/2025","GEPPS CROSS","CITY OF PORT ADELAIDE ENFIELD",2,1,0,0,1,2020,"May","Monday","08:20 am",60,"Sealed","Dry","Not Raining","Daylight","Side Swipe",2,,,1328657.02,1679275.69
"2020-3885-19/09/2025","KAPUNDA","LIGHT REGIONAL COUNCIL",2,1,0,0,1,2020,"May","Monday","07:40 am",100,"Sealed","Dry","Not Raining","Daylight","Hit Fixed Object",1,,,1355708.33,1737439.81
"2020-3887-19/09/2025","BALAKLAVA","WAKEFIELD REGIONAL COUNCIL",2,1,0,0,1,2020,"May","Sunday","04:30 pm",50,"Sealed","Dry","Not Raining","Daylight","Hit Pedestrian",1,,,1314430.64,1757301.84
"2020-3894-19/09/2025","SEDDON","KANGAROO ISLAND COUNCIL",2,1,0,1,0,2020,"May","Monday","04:45 pm",100,"Unsealed","Dry","Not Raining","Daylight","Right Angle",2,,,1202954.65,1568136.97
"2020-3895-19/09/2025","GAWLER","CT GAWLER.",2,2,0,0,2,2020,"May","Monday","05:30 pm",50,"Sealed","Dry","Not Raining","Night","Right Turn",2,,,1343360.57,1706588.67
"2020-3897-19/09/2025","ALDINGA BEACH","CITY OF ONKAPARINGA",3,2,0,1,1,2020,"May","Monday","04:55 pm",50,"Sealed","Dry","Not Raining","Daylight","Hit Fixed Object",1,"Y","Y",1313090.57,1630782.8
"2020-3900-19/09/2025","GAWLER WEST","CT GAWLER.",4,3,0,2,1,2020,"May","Tuesday","02:00 am",50,"Sealed","Dry","Not Raining","Night","Side Swipe",1,,,1341916.38,1705578.51
"2020-3904-19/09/2025","LAKE PLAINS","ALEXANDRINA COUNCIL",2,2,0,0,2,2020,"May","Sunday","12:45 pm",100,"Sealed","Dry","Not Raining","Daylight","Hit Fixed Object",1,,,1368151.25,1621078.99
"2020-3908-19/09/2025","KENSINGTON","CC OF NORWOOD,PAYNEHAM & ST PETERS",2,1,0,0,1,2020,"May","Monday","11:30 am",60,"Sealed","Dry","Not Raining","Daylight","Rear End",2,,,1332259.75,1671076.47
"2020-3909-19/09/2025","POORAKA","CITY OF SALISBURY",2,1,0,0,1,2020,"May","Tuesday","11:25 am",70,"Sealed","Dry","Not Raining","Daylight","Rear End",1,,,1330223.29,1681650.95
"2020-3913-19/09/2025","MOUNT GAMBIER","CC MT.GAMBIER.",2,1,0,0,1,2020,"May","Tuesday","01:20 pm",50,"Sealed","Wet","Raining","Daylight","Hit Pedestrian",2,,,1510065.76,1340141.32
"2020-3914-19/09/2025","KLEMZIG","CITY OF PORT ADELAIDE ENFIELD",2,1,0,0,1,2020,"May","Tuesday","02:50 pm",60,"Sealed","Dry","Not Raining","Daylight","Rear End",2,,,1332080.32,1676585.35
"2020-3915-19/09/2025","SALISBURY","CITY OF SALISBURY",3,3,0,0,3,2020,"May","Tuesday","03:00 pm",60,"Sealed","Dry","Not Raining","Daylight","Rear End",1,,,1332647.4,1688678.36
"2020-3916-19/09/2025","NORTH ADELAIDE","CITY OF ADELAIDE",2,1,0,0,1,2020,"May","Tuesday","02:40 pm",50,"Sealed","Dry","Not Raining","Daylight","Hit Pedestrian",1,,,1328435.22,1672204.38
"2020-3917-19/09/2025","MOUNT BARKER","DC MT.BARKER.",2,1,0,0,1,2020,"May","Monday","03:50 pm",60,"Sealed","Dry","Not Raining","Daylight","Rear End",2,,,1352252.8,1652720.12
"2020-3920-19/09/2025","SALISBURY EAST","CITY OF SALISBURY",1,1,0,0,1,2020,"May","Tuesday","05:00 pm",80,"Sealed","Dry","Not Raining","Daylight","Roll Over",1,,,1333381.46,1685479.83
"2020-3921-19/09/2025","SALISBURY PLAIN","CITY OF SALISBURY",3,1,0,0,1,2020,"May","Tuesday","05:56 pm",80,"Sealed","Dry","Not Raining","Night","Rear End",1,,,1334741.22,1687225.79
"2020-3922-19/09/2025","GAWLER WEST","CT GAWLER.",2,1,0,0,1,2020,"May","Tuesday","03:25 pm",50,"Sealed","Dry","Not Raining","Daylight","Rear End",2,,,1342244.82,1705475.87
"2020-3923-19/09/2025","CHRISTIES BEACH","CITY OF ONKAPARINGA",2,1,0,0,1,2020,"May","Tuesday","05:15 pm",50,"Sealed","Dry","Not Raining","Daylight","Right Angle",1,,,1316242.4,1647463.5
"2020-3927-19/09/2025","FISHER","MID MURRAY DISTRICT COUNCIL",1,1,0,0,1,2020,"May","Tuesday","02:45 pm",100,"Unsealed","Dry","Not Raining","Daylight","Roll Over",1,,,1418418.85,1714125.03
"2020-3928-19/09/2025","BROOKLYN PARK","CITY OF WEST TORRENS",2,1,0,0,1,2020,"May","Wednesday","09:00 am",60,"Sealed","Wet","Not Raining","Daylight","Side Swipe",1,,,1324120.17,1670629.09
"2020-3929-19/09/2025","HENLEY BEACH","CITY OF CHARLES STURT",2,1,0,0,1,2020,"May","Monday","10:20 am",50,"Sealed","Dry","Not Raining","Daylight","Rear End",2,,,1318933.36,1673027.28
"2020-3935-19/09/2025","GEPPS CROSS","CITY OF PORT ADELAIDE ENFIELD",4,3,0,0,3,2020,"May","Wednesday","10:00 am",60,"Sealed","Dry","Not Raining","Daylight","Right Angle",1,,,1330377.19,1679303.05
"2020-3940-19/09/2025","ELIZABETH VALE","CITY OF PLAYFORD.",2,3,0,0,3,2020,"May","Wednesday","02:52 pm",60,"Sealed","Dry","Not Raining","Daylight","Right Angle",2,,,1335254.54,1690056.88
"2020-3941-19/09/2025","PARAFIELD GARDENS","CITY OF SALISBURY",3,1,0,0,1,2020,"May","Wednesday","03:30 pm",60,"Sealed","Dry","Not Raining","Daylight","Hit Pedestrian",1,,,1330491.11,1685619.01
"2020-3942-19/09/2025","MORPHETT VALE","CITY OF ONKAPARINGA",3,1,0,0,1,2020,"May","Wednesday","05:16 pm",50,"Sealed","Dry","Not Raining","Daylight","Hit Pedestrian",1,,,1322854.23,1650715.93
"2020-3949-19/09/2025","WEST LAKES","CITY OF CHARLES STURT",2,1,0,0,1,2020,"May","Wednesday","07:20 pm",60,"Sealed","Dry","Not Raining","Night","Hit Pedestrian",2,"Y",,1319522.5,1679107.86
"2020-3953-19/09/2025","SEATON","CITY OF CHARLES STURT",2,1,0,0,1,2020,"May","Wednesday","09:30 pm",60,"Sealed","Dry","Not Raining","Night","Hit Fixed Object",1,,,1320558.17,1674692.79
"2020-3956-19/09/2025","PARADISE","CC CAMPBELLTOWN.",2,1,0,0,1,2020,"May","Thursday","09:29 am",60,"Sealed","Dry","Not Raining","Daylight","Rear End",2,,,1334471.29,1676983.1
"2020-3957-19/09/2025","BOLIVAR","CITY OF SALISBURY",1,1,0,0,1,2020,"May","Thursday","09:38 am",110,"Sealed","Dry","Not Raining","Daylight","Roll Over",1,,,1327859.73,1687154.87
"2020-3959-19/09/2025","MANNINGHAM","CITY OF PORT ADELAIDE ENFIELD",1,1,0,0,1,2020,"May","Thursday","10:23 am",60,"Sealed","Dry","Not Raining","Daylight","Roll Over",1,,,1330452.56,1676521.37
"2020-3963-19/09/2025","CAVAN","CITY OF SALISBURY",2,1,0,0,1,2020,"May","Thursday","03:40 am",50,"Sealed","Dry","Not Raining","Night","Hit Parked Vehicle",1,,,1329165.41,1682052.31
"2020-3967-19/09/2025","MOUNT GAMBIER","CC MT.GAMBIER.",2,1,0,0,1,2020,"May","Wednesday","08:30 am",50,"Sealed","Dry","Not Raining","Daylight","Hit Pedestrian",2,,,1509865.31,1340638.84
"2020-3968-19/09/2025","DOVER GARDENS","CC MARION.",2,3,0,0,3,2020,"May","Friday","02:30 pm",60,"Sealed","Dry","Not Raining","Daylight","Rear End",1,,,1322362.8,1660597.28
"2020-3969-19/09/2025","JAMESTOWN","NORTHERN AREAS DISTRICT COUNCIL",1,1,0,1,0,2020,"May","Thursday","10:50 am",50,"Sealed","Dry","Not Raining","Daylight","Roll Over",1,,,1335602.13,1861318.88
"2020-3972-19/09/2025","MITCHELL PARK","CC MARION.",2,1,0,0,1,2020,"May","Thursday","03:45 pm",40,"Sealed","Dry","Not Raining","Daylight","Hit Pedestrian",2,,,1324542.16,1660670.44
"2020-3973-19/09/2025","PARKSIDE","CITY OF UNLEY",2,1,0,0,1,2020,"May","Thursday","03:00 pm",60,"Sealed","Dry","Not Raining","Daylight","Right Turn",2,,,1329057.06,1668981.6
"2020-3980-19/09/2025","POORAKA","CITY OF SALISBURY",2,1,0,0,1,2020,"May","Thursday","05:40 pm",50,"Sealed","Dry","Not Raining","Night","Side Swipe",1,,,1330452.02,1680662.95
"2020-3982-19/09/2025","RIVERTON","CLARE AND GILBERT VALLEYS DISTRICT COUNCIL",2,1,1,0,0,2020,"May","Thursday","05:40 pm",100,"Sealed","Dry","Not Raining","Night","Rear End",2,,,1341999.76,1756403.98
"2020-3990-19/09/2025","PLYMPTON","CITY OF WEST TORRENS",2,1,0,0,1,2020,"May","Thursday","11:45 am",60,"Sealed","Dry","Not Raining","Daylight","Rear End",2,,,1324236.71,1666587.41
"2020-3991-19/09/2025","BORDERTOWN SOUTH","DC TATIARA.",2,1,0,0,1,2020,"May","Friday","09:50 am",110,"Sealed","Dry","Not Raining","Daylight","Right Angle",2,,,1514812.28,1500077.36
"2020-3995-19/09/2025","MITCHELL PARK","CC MARION.",2,1,0,0,1,2020,"May","Friday","12:46 pm",60,"Sealed","Dry","Not Raining","Daylight","Rear End",1,,,1324361.8,1662002.22
"2020-3996-19/09/2025","HILLIER","CT GAWLER.",2,2,0,0,2,2020,"May","Friday","10:07 am",80,"Sealed","Dry","Not Raining","Daylight","Right Angle",1,,,1337085.93,1703914.8
"2020-3997-19/09/2025","MUNNO PARA DOWNS","CITY OF PLAYFORD.",2,2,0,0,2,2020,"May","Friday","12:41 pm",110,"Sealed","Dry","Not Raining","Daylight","Head On",1,,,1335684.35,1701673.8
"2020-3998-19/09/2025","HAPPY VALLEY","CITY OF ONKAPARINGA",2,1,0,0,1,2020,"May","Friday","02:40 pm",70,"Sealed","Dry","Not Raining","Daylight","Right Angle",1,,,1324619.29,1653790.6
"2020-4000-19/09/2025","NORTH PLYMPTON","CITY OF WEST TORRENS",2,1,0,0,1,2020,"May","Friday","04:08 pm",50,"Sealed","Dry","Not Raining","Daylight","Right Angle",1,,,1325015.56,1668243.76
"2020-4001-19/09/2025","CAMPBELLTOWN","CC CAMPBELLTOWN.",3,2,0,0,2,2020,"May","Friday","04:17 pm",60,"Sealed","Dry","Not Raining","Daylight","Rear End",1,,,1334164.02,1675198.1
"2020-4003-19/09/2025","MORPHETT VALE","CITY OF ONKAPARINGA",2,2,0,0,2,2020,"May","Friday","03:00 pm",60,"Sealed","Dry","Not Raining","Daylight","Right Angle",2,,"Y",1319641.98,1648656.7
"2020-4004-19/09/2025","ROYAL PARK","CITY OF CHARLES STURT",2,1,0,1,0,2020,"May","Friday","06:14 pm",60,"Sealed","Dry","Not Raining","Night","Hit Pedestrian",2,,,1320693.48,1676505.82
"2020-4008-19/09/2025","POOGINOOK","LOXTON WAIKERIE DISTRICT COUNCIL",1,1,0,0,1,2020,"May","Friday","03:45 pm",100,"Sealed","Dry","Not Raining","Daylight","Roll Over",1,,,1469619.37,1748719.15
"2020-4009-19/09/2025","HILLBANK","CITY OF PLAYFORD.",2,2,2,0,0,2020,"May","Friday","07:46 pm",80,"Sealed","Dry","Not Raining","Night","Right Turn",1,,"Y",1336151.65,1690847.39
"2020-4011-19/09/2025","GILES CORNER","CLARE AND GILBERT VALLEYS DISTRICT COUNCIL",3,1,0,0,1,2020,"May","Friday","11:17 pm",100,"Sealed","Dry","Not Raining","Night","Hit Parked Vehicle",1,"Y",,1343002.6,1748007.66
"2020-4013-19/09/2025","BERRI","THE BERRI BARMERA COUNCIL",2,1,0,0,1,2020,"May","Saturday","06:11 am",80,"Sealed","Dry","Not Raining","Night","Hit Fixed Object",1,"Y",,1512609.14,1735190.55
"2020-4018-19/09/2025","ALBERTON","CITY OF PORT ADELAIDE ENFIELD",2,2,0,0,2,2020,"May","Saturday","10:30 am",60,"Sealed","Dry","Not Raining","Daylight","Right Angle",1,,,1320866.47,1678132.35
"2020-4021-19/09/2025","HARTLEY","ALEXANDRINA COUNCIL",2,1,0,1,0,2020,"May","Saturday","08:00 am",100,"Unsealed","Dry","Not Raining","Daylight","Hit Object on Road",1,,,1364877.42,1638169
"2020-4022-19/09/2025","BIBARINGA","CITY OF PLAYFORD.",2,1,0,0,1,2020,"May","Saturday","11:55 am",80,"Sealed","Dry","Not Raining","Daylight","Hit Fixed Object",1,,,1344626.51,1702940.35
"2020-4024-19/09/2025","PARKSIDE","CITY OF UNLEY",4,2,0,0,2,2020,"May","Saturday","12:20 pm",60,"Sealed","Dry","Not Raining","Daylight","Rear End",1,,,1329195.07,1668967.57
"2020-4025-19/09/2025","ABERFOYLE PARK","CITY OF ONKAPARINGA",2,1,0,0,1,2020,"May","Saturday","12:15 pm",50,"Sealed","Dry","Not Raining","Daylight","Right Angle",2,,,1327082.56,1653528.5
"2020-4028-19/09/2025","GREENACRES","CITY OF PORT ADELAIDE ENFIELD",2,1,0,0,1,2020,"May","Friday","03:10 pm",60,"Sealed","Dry","Not Raining","Daylight","Right Angle",2,,,1331373.33,1676583.97
"2020-4029-19/09/2025","MUNNO PARA","CITY OF PLAYFORD.",2,1,0,0,1,2020,"May","Saturday","02:10 pm",60,"Sealed","Dry","Not Raining","Daylight","Right Turn",2,,,1336692.66,1698550.18
"2020-4036-19/09/2025","BLANCHE HARBOR","CC PT.AUGUSTA.",1,1,0,0,1,2020,"May","Saturday","04:52 pm",100,"Sealed","Dry","Not Raining","Daylight","Roll Over",1,"Y","Y",1257510.6,1919991.19
"2020-4038-19/09/2025","MAYLANDS","CC OF NORWOOD,PAYNEHAM & ST PETERS",2,1,0,0,1,2020,"May","Friday","06:25 pm",60,"Sealed","Dry","Not Raining","Night","Right Angle",2,,,1332219.05,1672135.37
"2020-4040-19/09/2025","ALFORD","BARUNGA WEST DISTRICT COUNCIL",2,1,0,0,1,2020,"May","Saturday","05:25 pm",100,"Sealed","Dry","Not Raining","Night","Hit Fixed Object",1,,,1266692.8,1788488.33
"2020-4045-19/09/2025","HILLIER","CT GAWLER.",1,1,0,1,0,2020,"May","Sunday","12:00 am",80,"Sealed","Dry","Not Raining","Night","Left Road - Out of Control",1,"Y",,1339073.87,1703614.15
"2020-4049-19/09/2025","ALDINGA","CITY OF ONKAPARINGA",2,1,0,0,1,2020,"May","Sunday","08:26 am",60,"Sealed","Dry","Not Raining","Daylight","Roll Over",2,,,1315386.24,1635481.61
"2020-4053-19/09/2025","MAGILL","CC CAMPBELLTOWN.",1,1,0,0,1,2020,"May","Sunday","09:35 am",60,"Sealed","Wet","Not Raining","Daylight","Roll Over",1,,,1335960.87,1671878.02
"2020-4054-19/09/2025","PROSPECT","CITY OF PROSPECT",2,1,0,0,1,2020,"May","Sunday","10:35 am",50,"Sealed","Dry","Not Raining","Daylight","Hit Parked Vehicle",1,,,1328099.11,1674633.33
"2020-4056-19/09/2025","MIDDLETON","ALEXANDRINA COUNCIL",2,1,0,0,1,2020,"May","Sunday","10:34 am",100,"Sealed","Dry","Not Raining","Daylight","Hit Fixed Object",1,,,1338600.33,1605701.49
"2020-4057-19/09/2025","BRINKWORTH","WAKEFIELD REGIONAL COUNCIL",1,1,0,1,0,2020,"May","Saturday","08:30 pm",100,"Sealed","Dry","Not Raining","Night","Roll Over",1,,,1319220.71,1811361.43
"2020-4058-19/09/2025","BRIGHTON","CITY OF HOLDFAST BAY",4,1,0,1,0,2020,"May","Sunday","12:40 pm",60,"Sealed","Dry","Not Raining","Daylight","Rear End",1,,,1321146.01,1660723.68
"2020-4060-19/09/2025","REYNELLA EAST","CITY OF ONKAPARINGA",2,1,0,0,1,2020,"May","Sunday","03:15 pm",60,"Sealed","Wet","Not Raining","Daylight","Hit Object on Road",1,,,1323826.49,1653418.54
"2020-4064-19/09/2025","MONTACUTE","THE ADELAIDE HILLS COUNCIL",2,3,0,3,0,2020,"May","Sunday","03:20 pm",80,"Sealed","Dry","Not Raining","Daylight","Head On",2,,,1342635.8,1674896.04
"2020-4069-19/09/2025","PARACOMBE","THE ADELAIDE HILLS COUNCIL",2,1,0,1,0,2020,"May","Sunday","04:54 pm",80,"Sealed","Dry","Not Raining","Daylight","Head On",1,,"Y",1342770,1679382.54
"2020-4077-19/09/2025","OTTOWAY","CITY OF PORT ADELAIDE ENFIELD",2,1,0,0,1,2020,"May","Monday","09:20 am",60,"Sealed","Dry","Not Raining","Daylight","Hit Pedestrian",2,,,1323020.87,1679141.2
"2020-4078-19/09/2025","KENSINGTON","CC OF NORWOOD,PAYNEHAM & ST PETERS",2,1,0,0,1,2020,"May","Friday","11:00 am",50,"Sealed","Dry","Not Raining","Daylight","Rear End",2,,,1332250,1671075.27
"2020-4085-19/09/2025","PORT WILLUNGA","CITY OF ONKAPARINGA",2,1,0,0,1,2020,"May","Monday","03:10 pm",50,"Sealed","Dry","Not Raining","Daylight","Hit Pedestrian",2,,,1314743.62,1633127.7
"2020-4090-19/09/2025","MUNNO PARA","CITY OF PLAYFORD.",2,1,0,0,1,2020,"May","Monday","03:50 pm",50,"Sealed","Dry","Not Raining","Daylight","Right Angle",1,,,1338646.73,1698948.23
"2020-4097-19/09/2025","MORPHETT VALE","CITY OF ONKAPARINGA",2,1,0,0,1,2020,"May","Monday","08:25 am",70,"Sealed","Dry","Not Raining","Daylight","Side Swipe",1,,,1319834.97,1650999.78
"2020-4101-19/09/2025","PARINGA","DC RENMARK PARINGA",2,3,1,1,1,2020,"May","Tuesday","02:30 am",80,"Sealed","Dry","Not Raining","Night","Hit Fixed Object",1,,"Y",1532995.08,1744067.12
"2020-4102-19/09/2025","KUITPO","ALEXANDRINA COUNCIL",2,1,0,1,0,2020,"May","Saturday","01:30 pm",100,"Sealed","Dry","Not Raining","Daylight","Rear End",1,,,1336524.87,1638371.24
"2020-4107-19/09/2025","MILLBROOK","THE ADELAIDE HILLS COUNCIL",2,1,0,0,1,2020,"May","Tuesday","07:15 am",80,"Sealed","Dry","Not Raining","Daylight","Roll Over",1,,,1349409.04,1680962.47
"2020-4109-19/09/2025","MANOORA","CLARE AND GILBERT VALLEYS DISTRICT COUNCIL",2,1,0,0,1,2020,"May","Tuesday","06:00 am",110,"Sealed","Dry","Not Raining","Night","Hit Fixed Object",1,,"Y",1353666.22,1776666.42
"2020-4114-19/09/2025","CARRICKALINGA","DC YANKALILLA.",3,2,0,0,2,2020,"May","Tuesday","10:20 am",50,"Sealed","Dry","Not Raining","Daylight","Hit Fixed Object",1,,,1302135.27,1616189.92
"2020-4115-19/09/2025","PORT ARTHUR","YORKE PENINSULA COUNCIL",2,2,0,1,1,2020,"May","Tuesday","04:44 am",100,"Sealed","Dry","Not Raining","Night","Head On",1,,"Y",1284270.88,1761940.93
"2020-4117-19/09/2025","STIRLING NORTH","CC PT.AUGUSTA.",1,1,0,0,1,2020,"May","Tuesday","01:30 pm",110,"Sealed","Dry","Not Raining","Daylight","Roll Over",1,,,1264499.93,1938917.89
"2020-4119-19/09/2025","MURRAY BRIDGE EAST","RC MURRAY BRIDGE.",2,1,0,0,1,2020,"May","Tuesday","03:40 pm",50,"Sealed","Dry","Not Raining","Daylight","Rear End",2,,,1391298.83,1647826.41
"2020-4121-19/09/2025","HAPPY VALLEY","CITY OF ONKAPARINGA",2,1,0,0,1,2020,"May","Tuesday","03:53 pm",60,"Sealed","Dry","Not Raining","Daylight","Right Turn",1,,,1324569.46,1653439.77
"2020-4122-19/09/2025","BEDFORD PARK","CC MITCHAM.",2,1,0,0,1,2020,"May","Tuesday","03:18 pm",60,"Sealed","Dry","Not Raining","Daylight","Rear End",2,,,1325724.1,1660702.39
"2020-4131-19/09/2025","WANDILO","DISTRICT COUNCIL OF GRANT",1,2,0,0,2,2020,"May","Tuesday","11:09 pm",100,"Sealed","Wet","Raining","Night","Roll Over",1,,,1499852.49,1349744.79
"2020-4134-19/09/2025","UNDERDALE","CITY OF WEST TORRENS",2,1,0,0,1,2020,"May","Tuesday","05:00 pm",60,"Sealed","Wet","Raining","Daylight","Right Turn",2,,,1323829.19,1671602.14
"2020-4141-19/09/2025","ENFIELD","CITY OF PORT ADELAIDE ENFIELD",2,1,0,0,1,2020,"May","Tuesday","03:30 pm",60,"Sealed","Dry","Not Raining","Daylight","Rear End",2,,,1328796.46,1679218.83
"2020-4142-19/09/2025","CAMDEN PARK","CITY OF WEST TORRENS",2,1,0,0,1,2020,"May","Wednesday","07:40 am",60,"Sealed","Wet","Not Raining","Daylight","Hit Fixed Object",1,,,1323225.87,1665823.15
"2020-4143-19/09/2025","FREWVILLE","CITY OF UNLEY",2,1,0,0,1,2020,"May","Wednesday","12:06 pm",60,"Sealed","Wet","Raining","Daylight","Side Swipe",2,,,1330801.48,1668245.28
"2020-4151-19/09/2025","NEWTON","CC CAMPBELLTOWN.",2,1,0,0,1,2020,"May","Wednesday","03:43 pm",60,"Sealed","Wet","Raining","Daylight","Right Angle",1,,,1335745.01,1674572.72
"2020-4154-19/09/2025","WEST HINDMARSH","CITY OF CHARLES STURT",3,1,0,0,1,2020,"May","Wednesday","04:34 pm",80,"Sealed","Wet","Raining","Daylight","Rear End",1,,,1325485.42,1673372.26
"2020-4155-19/09/2025","BRAHMA LODGE","CITY OF SALISBURY",2,2,0,0,2,2020,"May","Wednesday","04:45 pm",60,"Sealed","Wet","Raining","Daylight","Rear End",1,,,1334610.28,1687285.97
"2020-4161-19/09/2025","ROSTREVOR","CC CAMPBELLTOWN.",2,1,0,0,1,2020,"May","Wednesday","06:04 pm",60,"Sealed","Wet","Raining","Night","Hit Parked Vehicle",1,,,1337046.89,1674260.24
"2020-4163-19/09/2025","MIDDLETON","ALEXANDRINA COUNCIL",2,1,0,0,1,2020,"May","Wednesday","04:38 pm",50,"Sealed","Wet","Raining","Daylight","Hit Fixed Object",1,,,1339199.23,1604944.45
"2020-4168-19/09/2025","KENSINGTON PARK","CITY OF BURNSIDE",2,1,0,0,1,2020,"May","Thursday","06:03 am",60,"Sealed","Dry","Not Raining","Night","Rear End",2,,,1333879.5,1671121.63
"2020-4170-19/09/2025","WYNN VALE","CITY OF TEA TREE GULLY",2,1,0,0,1,2020,"May","Thursday","07:25 am",60,"Sealed","Dry","Not Raining","Daylight","Rear End",2,,,1337363.58,1685007.41
"2020-4175-19/09/2025","DAVOREN PARK","CITY OF PLAYFORD.",2,2,0,0,2,2020,"May","Thursday","08:40 am",60,"Sealed","Dry","Not Raining","Daylight","Hit Fixed Object",1,,,1335438.08,1695899.23
"2020-4177-19/09/2025","EDEN HILLS","CC MITCHAM.",2,1,0,1,0,2020,"May","Tuesday","07:00 pm",50,"Sealed","Wet","Raining","Night","Hit Fixed Object",1,,,1327562.44,1660276.76
"2020-4178-19/09/2025","MOUNT GAMBIER","CC MT.GAMBIER.",3,1,0,0,1,2020,"May","Thursday","10:43 am",60,"Sealed","Wet","Raining","Daylight","Rear End",1,,"Y",1509805.52,1340997.45
"2020-4183-19/09/2025","SMITHFIELD","CITY OF PLAYFORD.",3,2,0,0,2,2020,"May","Thursday","02:24 pm",50,"Sealed","Dry","Not Raining","Daylight","Right Turn",1,,,1337169.84,1697593.38
"2020-4187-19/09/2025","RENOWN PARK","CITY OF CHARLES STURT",3,1,0,0,1,2020,"May","Thursday","03:50 pm",60,"Sealed","Dry","Not Raining","Daylight","Side Swipe",1,,,1326775.04,1674218.4
"2020-4192-19/09/2025","NORTH PLYMPTON","CITY OF WEST TORRENS",2,1,0,0,1,2020,"May","Thursday","04:30 pm",60,"Sealed","Dry","Not Raining","Daylight","Rear End",1,,,1324218.24,1667342.37
"2020-4194-19/09/2025","PORT LINCOLN","CC PT.LINCOLN.",2,2,0,2,0,2020,"May","Thursday","06:25 pm",60,"Sealed","Dry","Not Raining","Night","Rear End",2,,,1078008.51,1699336.27
"2020-4201-19/09/2025","SEATON","CITY OF CHARLES STURT",2,1,0,0,1,2020,"May","Friday","08:35 am",60,"Sealed","Wet","Not Raining","Daylight","Right Angle",1,,,1319895.4,1675570.39
"2020-4202-19/09/2025","UNLEY PARK","CITY OF UNLEY",2,1,0,0,1,2020,"May","Friday","08:45 am",60,"Sealed","Wet","Raining","Daylight","Rear End",1,,,1329123.45,1666856.32