"REPORT_ID","Suburb","LGA Name","Total Units","Total Cas","Total Fats","Total SI","Total MI","Year","Month","Day","Time","Area Speed","Road Surface","Moisture Cond","Weather Cond","DayNight","Crash Type","Unit Resp","DUI Involved","Drugs Involved","ACCLOC_X","ACCLOC_Y"
"2020-4207-19/09/2025","HOUGHTON","CITY OF TEA TREE GULLY",3,1,0,0,1,2020,"May","Friday","11:00 am",80,"Sealed","Wet","Not Raining","Daylight","Hit Fixed Object",1,,,1343030.89,1681789.68
"2020-4218-19/09/2025","COWANDILLA","CITY OF WEST TORRENS",2,1,0,0,1,2020,"May","Tuesday","02:45 pm",50,"Sealed","Dry","Not Raining","Daylight","Right Angle",2,,,1324415.96,1670378.43
"2020-4219-19/09/2025","HAPPY VALLEY","CITY OF ONKAPARINGA",2,1,0,0,1,2020,"May","Friday","03:22 pm",50,"Sealed","Wet","Raining","Daylight","Hit Fixed Object",1,,,1326172.96,1652403.4
"2020-4220-19/09/2025","CHANDLERS HILL","CITY OF ONKAPARINGA",2,1,0,0,1,2020,"May","Friday","03:04 pm",70,"Sealed","Wet","Raining","Daylight","Hit Fixed Object",1,,,1330304.6,1655209.73
"2020-4223-19/09/2025","BIRKENHEAD","CITY OF PORT ADELAIDE ENFIELD",4,1,0,0,1,2020,"May","Friday","03:30 pm",50,"Sealed","Wet","Not Raining","Daylight","Hit Parked Vehicle",1,"Y",,1319518.92,1680576.18
"2020-4226-19/09/2025","SEATON","CITY OF CHARLES STURT",2,1,0,0,1,2020,"May","Friday","06:01 pm",60,"Sealed","Wet","Raining","Night","Right Angle",1,,,1320713.46,1676070.15
"2020-4227-19/09/2025","INGLE FARM","CITY OF SALISBURY",2,2,0,1,1,2020,"May","Friday","05:36 pm",60,"Sealed","Dry","Not Raining","Night","Right Angle",2,,"Y",1331787.38,1681365.36
"2020-4228-19/09/2025","REYNELLA","CITY OF ONKAPARINGA",3,1,0,0,1,2020,"May","Friday","08:30 pm",100,"Sealed","Dry","Not Raining","Night","Rear End",2,,,1320964.03,1652431.58
"2020-4229-19/09/2025","BROOKLYN PARK","CITY OF WEST TORRENS",2,1,0,0,1,2020,"May","Friday","07:30 pm",50,"Sealed","Wet","Not Raining","Night","Hit Parked Vehicle",1,,,1323938.89,1669977.34
"2020-4231-19/09/2025","PORT HUGHES","COPPER COAST DISTRICT COUNCIL",1,1,0,0,1,2020,"May","Friday","06:00 pm",50,"Unsealed","Wet","Raining","Night","Roll Over",1,,,1236125.45,1767640.58
"2020-4235-19/09/2025","PLYMPTON PARK","CC MARION.",1,1,0,0,1,2020,"May","Saturday","07:20 am",60,"Sealed","Wet","Not Raining","Daylight","Roll Over",1,,,1324050.43,1666108.09
"2020-4236-19/09/2025","NEWTON","CC CAMPBELLTOWN.",2,1,0,0,1,2020,"May","Friday","08:40 am",60,"Sealed","Unknown","Unknown","Daylight","Rear End",2,,,1335409.35,1674554.22
"2020-4237-19/09/2025","OTTOWAY","CITY OF PORT ADELAIDE ENFIELD",2,2,0,0,2,2020,"May","Saturday","09:09 am",50,"Sealed","Dry","Not Raining","Daylight","Hit Fixed Object",1,"Y","Y",1323369.24,1679676.31
"2020-4240-19/09/2025","SOUTH PLYMPTON","CC MARION.",3,1,0,0,1,2020,"May","Saturday","11:10 am",60,"Sealed","Dry","Not Raining","Daylight","Right Angle",1,,,1324247.86,1666104.37
"2020-4242-19/09/2025","KILKENNY","CITY OF CHARLES STURT",2,1,0,0,1,2020,"May","Saturday","01:20 pm",50,"Sealed","Dry","Not Raining","Daylight","Rear End",2,,,1324270.06,1676433.14
"2020-4243-19/09/2025","ADELAIDE","CITY OF ADELAIDE",2,1,0,1,0,2020,"May","Saturday","02:15 pm",60,"Sealed","Wet","Raining","Daylight","Right Angle",2,,,1327378.83,1669847.56
"2020-4251-19/09/2025","ROYSTON PARK","CC OF NORWOOD,PAYNEHAM & ST PETERS",2,1,0,0,1,2020,"May","Sunday","03:15 am",50,"Sealed","Dry","Not Raining","Night","Hit Fixed Object",1,,"Y",1331414.06,1673919.06
"2020-4252-19/09/2025","WYNARKA","DC KAROONDA EAST MURRAY.",2,2,0,0,2,2020,"May","Saturday","10:00 am",110,"Sealed","Wet","Raining","Daylight","Roll Over",1,,,1427683.06,1644740.21
"2020-4258-19/09/2025","MODBURY","CITY OF TEA TREE GULLY",2,1,0,0,1,2020,"May","Saturday","04:05 pm",60,"Sealed","Dry","Not Raining","Daylight","Right Angle",2,,,1337051.21,1680632.37
"2020-4264-19/09/2025","ONKAPARINGA HILLS","CITY OF ONKAPARINGA",2,2,0,0,2,2020,"May","Sunday","08:25 pm",80,"Sealed","Wet","Raining","Night","Hit Fixed Object",1,,,1324818.03,1649792.45
"2020-4266-19/09/2025","MORPHETT VALE","CITY OF ONKAPARINGA",1,1,0,0,1,2020,"May","Sunday","11:00 pm",50,"Sealed","Dry","Not Raining","Night","Other",1,,,1321148.22,1648546.96
"2020-4273-19/09/2025","OAKBANK","THE ADELAIDE HILLS COUNCIL",2,1,0,0,1,2020,"May","Friday","06:00 pm",80,"Sealed","Wet","Raining","Night","Hit Fixed Object",1,,,1352084.5,1663268.26
"2020-4274-19/09/2025","WOODCROFT","CITY OF ONKAPARINGA",3,1,0,0,1,2020,"May","Monday","10:45 am",50,"Sealed","Dry","Not Raining","Daylight","Hit Parked Vehicle",1,,,1323113.82,1649217.93
"2020-4275-19/09/2025","MORPHETT VALE","CITY OF ONKAPARINGA",2,1,0,0,1,2020,"May","Monday","10:57 am",60,"Sealed","Dry","Not Raining","Daylight","Side Swipe",2,,,1319745.21,1648660.13
"2020-4276-19/09/2025","BLACKWOOD","CC MITCHAM.",2,1,0,0,1,2020,"May","Thursday","05:08 pm",60,"Sealed","Dry","Not Raining","Daylight","Right Angle",2,,,1329175.29,1660039.51
"2020-4277-19/09/2025","PAYNEHAM","CC OF NORWOOD,PAYNEHAM & ST PETERS",2,1,0,0,1,2020,"May","Thursday","02:50 pm",60,"Sealed","Dry","Not Raining","Daylight","Rear End",2,,,1332176.1,1673782.43
"2020-4281-19/09/2025","HOLDEN HILL","CITY OF PORT ADELAIDE ENFIELD",2,1,0,0,1,2020,"May","Monday","01:33 pm",60,"Sealed","Dry","Not Raining","Daylight","Rear End",2,,,1333898.68,1678155.44
"2020-4284-19/09/2025","CUMBERLAND PARK","CC MITCHAM.",2,1,0,0,1,2020,"May","Monday","02:28 pm",60,"Sealed","Dry","Not Raining","Daylight","Right Angle",1,,,1327533.08,1665338.2
"2020-4285-19/09/2025","WHYALLA NORRIE","CC WHYALLA.",2,1,0,0,1,2020,"May","Monday","02:00 pm",50,"Sealed","Dry","Not Raining","Daylight","Hit Pedestrian",2,,,1236277.21,1884288.92
"2020-4292-19/09/2025","ST PETERS","CC OF NORWOOD,PAYNEHAM & ST PETERS",2,1,0,0,1,2020,"May","Saturday","02:30 pm",60,"Sealed","Dry","Not Raining","Daylight","Rear End",2,,,1331000.86,1672251.3
"2020-4298-19/09/2025","WAYVILLE","CITY OF UNLEY",2,2,0,0,2,2020,"May","Tuesday","08:22 am",60,"Sealed","Dry","Not Raining","Daylight","Right Angle",2,,,1328088,1668934.15
"2020-4299-19/09/2025","CAMDEN PARK","CITY OF WEST TORRENS",2,2,0,0,2,2020,"May","Monday","01:20 pm",60,"Sealed","Dry","Not Raining","Daylight","Right Angle",2,,,1322588.76,1667003.62
"2020-4302-19/09/2025","FIRLE","CC OF NORWOOD,PAYNEHAM & ST PETERS",2,1,0,0,1,2020,"May","Tuesday","10:10 am",60,"Sealed","Dry","Not Raining","Daylight","Hit Pedestrian",2,,,1333833.36,1672557.19
"2020-4303-19/09/2025","PARALOWIE","CITY OF SALISBURY",2,1,0,0,1,2020,"May","Monday","04:15 pm",60,"Sealed","Dry","Not Raining","Daylight","Rear End",2,,,1329571.68,1688303.45
"2020-4305-19/09/2025","WEST BEACH","CITY OF WEST TORRENS",2,1,0,0,1,2020,"May","Tuesday","11:30 am",80,"Sealed","Dry","Not Raining","Daylight","Rear End",2,,,1320903.57,1669318.65
"2020-4309-19/09/2025","ADELAIDE","CITY OF ADELAIDE",2,1,0,0,1,2020,"May","Tuesday","04:00 pm",50,"Sealed","Dry","Not Raining","Daylight","Side Swipe",2,,,1327921.16,1670654.98
"2020-4311-19/09/2025","POORAKA","CITY OF SALISBURY",2,1,0,0,1,2020,"May","Tuesday","05:30 pm",70,"Sealed","Dry","Not Raining","Night","Rear End",2,,,1331973.64,1681813.31
"2020-4315-19/09/2025","RISDON PARK","PT.PIRIE CITY & DIST. COUNCIL",2,1,0,0,1,2020,"May","Tuesday","05:35 pm",50,"Sealed","Dry","Not Raining","Night","Hit Pedestrian",2,,,1279451.87,1864025.5
"2020-4318-19/09/2025","BLACK FOREST","CITY OF UNLEY",3,1,0,0,1,2020,"May","Wednesday","09:05 am",40,"Sealed","Dry","Not Raining","Daylight","Hit Fixed Object",1,,"Y",1326659.55,1667255.2
"2020-4320-19/09/2025","EDWARDSTOWN","CC MARION.",2,1,0,0,1,2020,"May","Monday","09:00 am",60,"Sealed","Dry","Not Raining","Daylight","Hit Pedestrian",2,,,1325923.86,1664392.42
"2020-4322-19/09/2025","ST MORRIS","CC OF NORWOOD,PAYNEHAM & ST PETERS",2,1,0,0,1,2020,"May","Wednesday","11:35 am",50,"Sealed","Dry","Not Raining","Daylight","Right Angle",2,,,1333232.03,1672244.19
"2020-4323-19/09/2025","UNLEY","CITY OF UNLEY",3,1,0,0,1,2020,"May","Wednesday","11:50 am",60,"Sealed","Dry","Not Raining","Daylight","Rear End",1,,,1328746.96,1668955.32
"2020-4325-19/09/2025","SALISBURY","CITY OF SALISBURY",2,1,0,0,1,2020,"May","Wednesday","01:00 pm",60,"Sealed","Dry","Not Raining","Daylight","Right Angle",1,,,1333601.36,1689549.53
"2020-4336-19/09/2025","ADELAIDE","CITY OF ADELAIDE",2,2,0,0,2,2020,"May","Wednesday","08:37 am",60,"Sealed","Dry","Not Raining","Daylight","Rear End",2,,,1326958.04,1668990.12
"2020-4340-19/09/2025","CAMDEN PARK","CITY OF WEST TORRENS",3,1,0,0,1,2020,"May","Wednesday","06:00 pm",60,"Sealed","Wet","Not Raining","Night","Rear End",1,,,1322735.44,1665458.2
"2020-4341-19/09/2025","CHELTENHAM","CITY OF CHARLES STURT",2,1,0,0,1,2020,"May","Wednesday","05:48 pm",60,"Sealed","Dry","Not Raining","Night","Side Swipe",1,,,1322124.41,1676400.68
"2020-4344-19/09/2025","YANKALILLA","DC YANKALILLA.",2,1,0,0,1,2020,"May","Tuesday","08:45 pm",100,"Sealed","Dry","Not Raining","Night","Hit Fixed Object",1,,,1305902.06,1609865.78
"2020-4345-19/09/2025","HILLBANK","CITY OF PLAYFORD.",2,1,0,0,1,2020,"May","Wednesday","11:08 pm",80,"Sealed","Dry","Not Raining","Night","Right Turn",1,,,1336151.65,1690847.39
"2020-4351-19/09/2025","PARILLA","SOUTHERN MALLEE DISTRICT COUNCIL",1,1,0,1,0,2020,"May","Wednesday","05:00 pm",100,"Unsealed","Dry","Not Raining","Daylight","Roll Over",1,"Y",,1518948.83,1599246.69
"2020-4353-19/09/2025","SPRINGFIELD","CC MITCHAM.",3,2,0,0,2,2020,"May","Thursday","08:45 am",60,"Sealed","Wet","Raining","Daylight","Rear End",1,,,1330800.99,1665042.46
"2020-4355-19/09/2025","FREWVILLE","CITY OF BURNSIDE",2,1,0,0,1,2020,"May","Thursday","01:30 pm",60,"Sealed","Dry","Not Raining","Daylight","Hit Pedestrian",2,,,1330849.96,1668208.61
"2020-4356-19/09/2025","ST MARYS","CC MITCHAM.",2,1,0,0,1,2020,"May","Thursday","02:00 pm",60,"Sealed","Dry","Not Raining","Daylight","Right Angle",2,,,1326615.08,1663338.81
"2020-4357-19/09/2025","GLENELG EAST","CITY OF HOLDFAST BAY",2,1,0,0,1,2020,"March","Saturday","03:00 pm",60,"Sealed","Dry","Not Raining","Daylight","Rear End",2,,,1322637.42,1665387.9
"2020-4371-19/09/2025","HAWTHORN","CC MITCHAM.",4,1,0,0,1,2020,"May","Thursday","11:15 pm",50,"Sealed","Wet","Not Raining","Night","Hit Fixed Object",1,"Y","Y",1328291.84,1665081.99
"2020-4377-19/09/2025","FLAGSTAFF HILL","CITY OF ONKAPARINGA",2,1,0,0,1,2020,"May","Friday","09:14 am",60,"Sealed","Dry","Not Raining","Daylight","Right Angle",1,,,1326991.53,1656931.34
"2020-4378-19/09/2025","GEPPS CROSS","CITY OF PORT ADELAIDE ENFIELD",2,1,0,0,1,2020,"May","Friday","09:20 am",60,"Sealed","Dry","Not Raining","Daylight","Rear End",2,,,1328960.26,1679487.75
"2020-4380-19/09/2025","WALKLEY HEIGHTS","CITY OF SALISBURY",2,1,0,0,1,2020,"May","Friday","09:50 am",60,"Sealed","Dry","Not Raining","Daylight","Hit Parked Vehicle",1,,,1332724.1,1680506.2
"2020-4382-19/09/2025","REYNELLA","CITY OF ONKAPARINGA",2,1,0,0,1,2020,"May","Friday","09:01 am",50,"Sealed","Dry","Not Raining","Daylight","Hit Parked Vehicle",1,,,1320361.59,1651724.2
"2020-4393-19/09/2025","TROTT PARK","CC MARION.",2,1,0,0,1,2020,"May","Thursday","07:50 am",50,"Sealed","Dry","Not Raining","Daylight","Right Angle",1,,,1322167.79,1653968
"2020-4394-19/09/2025","SEFTON PARK","CITY OF PROSPECT",1,1,0,0,1,2020,"May","Friday","03:15 pm",50,"Sealed","Dry","Not Raining","Daylight","Roll Over",1,,,1329233,1675975.37
"2020-4398-19/09/2025","WOODVILLE NORTH","CITY OF CHARLES STURT",2,1,0,0,1,2020,"May","Friday","01:20 pm",60,"Sealed","Dry","Not Raining","Daylight","Right Turn",2,,,1323975.82,1676568.77
"2020-4405-19/09/2025","MOUNT GAMBIER","CC MT.GAMBIER.",3,1,0,1,0,2020,"May","Friday","03:40 pm",60,"Sealed","Dry","Not Raining","Daylight","Rear End",1,,,1510394.93,1340837.94
"2020-4407-19/09/2025","EDWARDSTOWN","CC MARION.",2,1,0,1,0,2020,"May","Friday","06:15 pm",50,"Sealed","Dry","Not Raining","Night","Right Turn",1,,,1325590.12,1664022.62
"2020-4408-19/09/2025","ROSEWATER","CITY OF PORT ADELAIDE ENFIELD",2,3,0,0,3,2020,"May","Friday","06:26 pm",60,"Sealed","Dry","Not Raining","Night","Right Turn",2,,,1322117.88,1679120.17
"2020-4411-19/09/2025","MOUNT BARKER","DC MT.BARKER.",2,1,0,0,1,2020,"May","Friday","04:10 pm",60,"Sealed","Dry","Not Raining","Daylight","Rear End",2,,"Y",1351901.57,1653063.6
"2020-4413-19/09/2025","RENOWN PARK","CITY OF CHARLES STURT",3,1,0,0,1,2020,"May","Friday","09:15 pm",60,"Sealed","Dry","Not Raining","Night","Rear End",1,,,1326681.15,1674291.16
"2020-4416-19/09/2025","PORT ADELAIDE","CITY OF PORT ADELAIDE ENFIELD",2,1,0,0,1,2020,"May","Saturday","07:43 am",60,"Sealed","Dry","Not Raining","Daylight","Right Angle",1,,,1320486.5,1678923.84
"2020-4424-19/09/2025","WESTBOURNE PARK","CC MITCHAM.",2,1,0,0,1,2020,"May","Friday","03:00 pm",60,"Sealed","Dry","Not Raining","Daylight","Rear End",1,,,1327546.38,1664994.52
"2020-4425-19/09/2025","GEPPS CROSS","CITY OF PORT ADELAIDE ENFIELD",2,1,0,0,1,2020,"May","Saturday","08:28 am",70,"Sealed","Dry","Not Raining","Daylight","Hit Fixed Object",1,"Y",,1329540.02,1680415.9
"2020-4426-19/09/2025","HEWETT","LIGHT REGIONAL COUNCIL",2,2,0,0,2,2020,"May","Saturday","09:52 am",110,"Sealed","Dry","Not Raining","Daylight","Right Turn",1,,,1343223.02,1709324.57
"2020-4428-19/09/2025","TEA TREE GULLY","CITY OF TEA TREE GULLY",2,1,0,0,1,2020,"May","Saturday","11:30 am",60,"Sealed","Dry","Not Raining","Daylight","Side Swipe",1,,,1339868.65,1681906.2
"2020-4432-19/09/2025","ADELAIDE","CITY OF ADELAIDE",2,1,0,0,1,2020,"May","Saturday","02:29 pm",25,"Sealed","Wet","Raining","Daylight","Hit Pedestrian",1,,,1328242.27,1670128.24
"2020-4435-19/09/2025","CAMPBELLTOWN","CC CAMPBELLTOWN.",2,1,0,0,1,2020,"May","Friday","12:30 pm",60,"Sealed","Dry","Not Raining","Daylight","Rear End",2,,,1334822,1674538.11
"2020-4436-19/09/2025","GEPPS CROSS","CITY OF PORT ADELAIDE ENFIELD",2,1,0,0,1,2020,"May","Saturday","07:25 pm",60,"Sealed","Wet","Not Raining","Night","Right Turn",1,,,1330377.17,1679315.41
"2020-4441-19/09/2025","GAWLER","CT GAWLER.",2,1,0,0,1,2020,"May","Saturday","05:30 pm",50,"Sealed","Dry","Not Raining","Night","Right Angle",1,,,1343262.87,1705915.87
"2020-4442-19/09/2025","CALOOTE","RC MURRAY BRIDGE.",1,1,0,0,1,2020,"May","Saturday","09:40 pm",100,"Unsealed","Dry","Not Raining","Night","Roll Over",1,,,1388791.55,1660380.54
"2020-4446-19/09/2025","HENLEY BEACH","CITY OF CHARLES STURT",2,1,0,0,1,2020,"May","Sunday","08:34 am",60,"Sealed","Dry","Not Raining","Daylight","Right Angle",2,,,1319815.31,1673045.48
"2020-4447-19/09/2025","ECHUNGA","DC MT.BARKER.",2,1,0,0,1,2020,"May","Sunday","01:51 pm",80,"Sealed","Wet","Raining","Daylight","Hit Fixed Object",1,,,1347362.26,1650743.56
"2020-4451-19/09/2025","WANDILO","DISTRICT COUNCIL OF GRANT",2,1,0,1,0,2020,"May","Sunday","03:40 pm",100,"Sealed","Wet","Raining","Daylight","Hit Fixed Object",1,,,1499912.75,1350623.96
"2020-4453-19/09/2025","SALISBURY PLAIN","CITY OF SALISBURY",4,3,0,2,1,2020,"May","Sunday","04:48 pm",80,"Sealed","Dry","Not Raining","Daylight","Right Angle",1,,"Y",1334718.19,1687196.62
"2020-4454-19/09/2025","WEST HINDMARSH","CITY OF CHARLES STURT",2,2,1,1,0,2020,"May","Sunday","05:46 pm",40,"Sealed","Wet","Raining","Night","Hit Fixed Object",1,,,1325307.44,1673475.58
"2020-4458-19/09/2025","SOUTH PLYMPTON","CC MARION.",3,1,0,0,1,2020,"June","Monday","06:10 am",60,"Sealed","Wet","Raining","Night","Rear End",2,,,1324237.94,1666104.08
"2020-4459-19/09/2025","HOUGHTON","THE ADELAIDE HILLS COUNCIL",3,1,0,0,1,2020,"June","Monday","06:29 am",80,"Sealed","Wet","Raining","Night","Hit Fixed Object",1,,"Y",1344203.73,1681451.4
"2020-4461-19/09/2025","YANKALILLA","DC YANKALILLA.",1,1,0,1,0,2020,"May","Thursday","04:00 pm",50,"Sealed","Dry","Not Raining","Daylight","Roll Over",1,,,1304460.84,1611682.98
"2020-4462-19/09/2025","BELAIR","CC MITCHAM.",2,1,0,0,1,2020,"June","Monday","08:05 am",60,"Sealed","Wet","Not Raining","Daylight","Rear End",2,,,1330496.73,1662617.09
"2020-4468-19/09/2025","PROSPECT","CITY OF PROSPECT",2,1,0,0,1,2020,"June","Monday","10:00 am",60,"Sealed","Dry","Not Raining","Daylight","Rear End",2,,,1328862.6,1676432.75
"2020-4470-19/09/2025","BELAIR","CC MITCHAM.",2,1,0,1,0,2020,"June","Monday","11:55 am",50,"Sealed","Dry","Not Raining","Daylight","Right Angle",1,,,1330245.78,1662561.23
"2020-4471-19/09/2025","WOODVILLE NORTH","CITY OF CHARLES STURT",2,1,0,0,1,2020,"June","Monday","12:09 pm",60,"Sealed","Dry","Not Raining","Daylight","Rear End",1,,,1323535.02,1676767
"2020-4472-19/09/2025","WOODCROFT","CITY OF ONKAPARINGA",2,1,0,0,1,2020,"May","Monday","04:45 am",60,"Sealed","Dry","Not Raining","Night","Hit Animal",2,,,1323526.74,1649932.35
"2020-4476-19/09/2025","GOLDEN GROVE","CITY OF TEA TREE GULLY",3,2,0,0,2,2020,"June","Monday","02:34 pm",60,"Sealed","Dry","Not Raining","Daylight","Right Turn",1,,,1337574.11,1685175.27
"2020-4479-19/09/2025","WOODVILLE PARK","CITY OF CHARLES STURT",3,1,0,0,1,2020,"June","Monday","03:40 pm",60,"Sealed","Dry","Not Raining","Daylight","Rear End",1,,,1324106.59,1676312.34
"2020-4483-19/09/2025","MCLAREN VALE","CITY OF ONKAPARINGA",2,4,0,4,0,2020,"June","Monday","01:57 pm",80,"Sealed","Dry","Not Raining","Daylight","Head On",1,,,1319729.45,1640863.88
"2020-4489-19/09/2025","OAKDEN","CITY OF PORT ADELAIDE ENFIELD",2,1,0,0,1,2020,"June","Monday","05:11 pm",50,"Sealed","Dry","Not Raining","Daylight","Right Angle",1,,,1332046.12,1678084.56
"2020-4490-19/09/2025","PARALOWIE","CITY OF SALISBURY",2,1,0,0,1,2020,"June","Monday","06:05 pm",50,"Sealed","Wet","Raining","Night","Hit Parked Vehicle",1,"Y",,1328588.28,1689664.38
"2020-4491-19/09/2025","SALISBURY PLAIN","CITY OF SALISBURY",3,1,0,0,1,2020,"June","Monday","07:20 pm",60,"Sealed","Dry","Not Raining","Night","Hit Fixed Object",1,,"Y",1333833.08,1687896.99
"2020-4494-19/09/2025","MODBURY NORTH","CITY OF TEA TREE GULLY",2,1,0,0,1,2020,"June","Monday","09:17 pm",60,"Sealed","Wet","Raining","Night","Right Turn",1,,,1336150.87,1681195.09
"2020-4498-19/09/2025","MORPHETT VALE","CITY OF ONKAPARINGA",2,1,0,0,1,2020,"June","Tuesday","06:50 am",70,"Sealed","Wet","Not Raining","Night","Rear End",2,,,1319574.9,1650969.89
"2020-4499-19/09/2025","MODBURY HEIGHTS","CITY OF TEA TREE GULLY",4,3,0,0,3,2020,"June","Tuesday","08:30 am",80,"Sealed","Wet","Raining","Daylight","Rear End",1,,,1335760.39,1683050.67
"2020-4500-19/09/2025","CLARENCE GARDENS","CC MITCHAM.",2,1,0,0,1,2020,"June","Tuesday","10:05 am",50,"Sealed","Wet","Not Raining","Daylight","Side Swipe",1,,,1326470.5,1665306.66
"2020-4504-19/09/2025","NOARLUNGA DOWNS","CITY OF ONKAPARINGA",2,1,0,0,1,2020,"June","Tuesday","11:25 am",50,"Sealed","Dry","Not Raining","Daylight","Hit Fixed Object",1,,"Y",1318698.4,1645137.62
"2020-4505-19/09/2025","NOARLUNGA DOWNS","CITY OF ONKAPARINGA",4,1,0,0,1,2020,"June","Tuesday","10:00 am",100,"Sealed","Wet","Not Raining","Daylight","Rear End",1,,,1318650.91,1645135.65
"2020-4509-19/09/2025","MALVERN","CITY OF UNLEY",2,1,0,0,1,2020,"June","Tuesday","12:50 pm",60,"Sealed","Dry","Not Raining","Daylight","Right Angle",1,,,1329111.87,1667208.96
"2020-4511-19/09/2025","HILTON","CITY OF WEST TORRENS",2,1,0,0,1,2020,"June","Tuesday","01:15 pm",60,"Sealed","Dry","Not Raining","Daylight","Rear End",2,,,1324946.36,1670060.36
"2020-4512-19/09/2025","SEAFORD","CITY OF ONKAPARINGA",2,2,0,0,2,2020,"June","Tuesday","01:10 pm",70,"Sealed","Wet","Raining","Daylight","Rear End",2,,,1316371.66,1642084.36
"2020-4513-19/09/2025","SALISBURY","CITY OF SALISBURY",3,1,0,0,1,2020,"June","Tuesday","11:00 am",60,"Sealed","Dry","Not Raining","Daylight","Rear End",2,,,1332790.83,1688499.52
"2020-4514-19/09/2025","ADELAIDE","CITY OF ADELAIDE",2,1,0,0,1,2020,"June","Tuesday","02:37 pm",50,"Sealed","Dry","Not Raining","Daylight","Rear End",1,,,1328005.88,1670174.36
"2020-4522-19/09/2025","ELIZABETH SOUTH","CITY OF PLAYFORD.",2,2,0,0,2,2020,"June","Tuesday","06:00 pm",50,"Sealed","Unknown","Unknown","Night","Hit Fixed Object",1,,,1334321.97,1691576.33
"2020-4523-19/09/2025","GREENOCK","LIGHT REGIONAL COUNCIL",2,1,0,0,1,2020,"June","Tuesday","11:10 pm",100,"Sealed","Wet","Raining","Night","Hit Fixed Object",1,"Y","Y",1360726.72,1724192.4
"2020-4527-19/09/2025","THEBARTON","CITY OF WEST TORRENS",2,1,0,0,1,2020,"June","Wednesday","08:00 am",60,"Sealed","Dry","Not Raining","Daylight","Side Swipe",1,,,1326511.33,1672105.66
"2020-4536-19/09/2025","MUNNO PARA WEST","CITY OF PLAYFORD.",2,1,0,0,1,2020,"June","Wednesday","11:10 am",60,"Sealed","Dry","Not Raining","Daylight","Right Angle",2,,,1335158.21,1699396.86
"2020-4547-19/09/2025","CLARENDON","CITY OF ONKAPARINGA",2,1,0,0,1,2020,"June","Tuesday","07:35 pm",70,"Sealed","Wet","Raining","Night","Hit Fixed Object",1,,,1329822.43,1651499.44
"2020-4550-19/09/2025","TRANMERE","CC CAMPBELLTOWN.",3,3,0,0,3,2020,"June","Wednesday","02:20 pm",60,"Sealed","Dry","Not Raining","Daylight","Right Angle",2,,,1333815.22,1673627.37
"2020-4557-19/09/2025","EVANSTON PARK","CT GAWLER.",2,1,0,0,1,2020,"June","Thursday","06:30 am",80,"Sealed","Dry","Not Raining","Night","Rear End",2,,,1342434.42,1703799.59
"2020-4561-19/09/2025","CRAFERS","THE ADELAIDE HILLS COUNCIL",2,1,0,0,1,2020,"June","Thursday","09:10 am",100,"Sealed","Dry","Not Raining","Daylight","Side Swipe",2,,,1337228.33,1662763.36
"2020-4562-19/09/2025","VICTOR HARBOR","DC VICTOR HARBOR.",2,1,0,0,1,2020,"June","Thursday","08:25 am",60,"Sealed","Dry","Not Raining","Daylight","Right Angle",2,,,1328426.07,1601496.66
"2020-4564-19/09/2025","EYRE","CITY OF PLAYFORD.",3,1,0,0,1,2020,"June","Thursday","10:26 am",60,"Sealed","Dry","Not Raining","Daylight","Right Angle",1,,,1334450.71,1695787.2
"2020-4567-19/09/2025","WARRADALE","CC MARION.",2,1,0,0,1,2020,"April","Friday","12:00 pm",60,"Sealed","Dry","Not Raining","Daylight","Hit Fixed Object",1,,,1322636.1,1661814.82
"2020-4580-19/09/2025","SALISBURY NORTH","CITY OF SALISBURY",2,1,0,1,0,2020,"June","Thursday","04:50 pm",60,"Sealed","Dry","Not Raining","Daylight","Hit Pedestrian",2,,,1331096.98,1690075.53
"2020-4583-19/09/2025","SALISBURY DOWNS","CITY OF SALISBURY",2,1,0,0,1,2020,"June","Thursday","06:09 pm",50,"Sealed","Dry","Not Raining","Night","Hit Pedestrian",1,,,1331296.46,1688172.22
"2020-4584-19/09/2025","SEACLIFF PARK","CITY OF HOLDFAST BAY",3,1,0,1,0,2020,"June","Thursday","04:20 pm",60,"Sealed","Dry","Not Raining","Daylight","Hit Fixed Object",1,,"Y",1321207.31,1658719.44
"2020-4588-19/09/2025","NEW PORT","CITY OF PORT ADELAIDE ENFIELD",2,1,0,0,1,2020,"June","Friday","06:30 am",60,"Sealed","Dry","Not Raining","Night","Rear End",2,,,1319183.3,1679164.13
"2020-4591-19/09/2025","TANUNDA","THE BAROSSA COUNCIL.",2,1,0,0,1,2020,"June","Friday","08:35 am",50,"Sealed","Dry","Not Raining","Daylight","Right Turn",1,,,1363955.21,1714855.39
"2020-4594-19/09/2025","SEAFORD RISE","CITY OF ONKAPARINGA",2,1,0,0,1,2020,"June","Friday","08:19 am",60,"Sealed","Dry","Not Raining","Daylight","Hit Parked Vehicle",1,,,1316863.97,1641563.34
"2020-4602-19/09/2025","HILLBANK","CITY OF PLAYFORD.",2,1,0,1,0,2020,"June","Friday","12:10 pm",80,"Sealed","Dry","Not Raining","Daylight","Hit Fixed Object",1,,,1336155.32,1690564.52
"2020-4615-19/09/2025","PORT WAKEFIELD","WAKEFIELD REGIONAL COUNCIL",2,2,0,1,1,2020,"June","Friday","03:45 pm",80,"Sealed","Dry","Not Raining","Daylight","Rear End",2,,,1290291.96,1755198.48
"2020-4621-19/09/2025","NORTH ADELAIDE","CITY OF ADELAIDE",2,1,0,0,1,2020,"June","Thursday","12:05 pm",50,"Sealed","Dry","Not Raining","Daylight","Right Angle",2,,,1328882.35,1671981.92
"2020-4622-19/09/2025","CULTANA","CC WHYALLA.",1,1,0,0,1,2020,"June","Friday","03:20 pm",100,"Sealed","Dry","Not Raining","Daylight","Roll Over",9,,"Y",1255834.66,1892819.85