"REPORT_ID","Suburb","LGA Name","Total Units","Total Cas","Total Fats","Total SI","Total MI","Year","Month","Day","Time","Area Speed","Road Surface","Moisture Cond","Weather Cond","DayNight","Crash Type","Unit Resp","DUI Involved","Drugs Involved","ACCLOC_X","ACCLOC_Y"
"2020-4628-19/09/2025","HINDMARSH","CITY OF CHARLES STURT",2,1,0,0,1,2020,"June","Friday","07:35 pm",60,"Sealed","Dry","Not Raining","Night","Right Turn",2,,,1325550.84,1673459.95
"2020-4630-19/09/2025","OAKDEN","CITY OF PORT ADELAIDE ENFIELD",2,2,0,0,2,2020,"June","Friday","08:00 pm",60,"Sealed","Dry","Not Raining","Night","Right Turn",1,,,1333378.55,1678561.06
"2020-4633-19/09/2025","HORSNELL GULLY","THE ADELAIDE HILLS COUNCIL",2,1,0,0,1,2020,"June","Saturday","02:00 am",60,"Sealed","Dry","Not Raining","Night","Hit Fixed Object",1,"Y",,1338360.46,1670803.11
"2020-4635-19/09/2025","ADELAIDE","CITY OF WEST TORRENS",2,1,0,0,1,2020,"January","Tuesday","03:10 pm",60,"Sealed","Dry","Not Raining","Daylight","Side Swipe",2,,,1326500.2,1672377.8
"2020-4637-19/09/2025","KLEMZIG","CITY OF PORT ADELAIDE ENFIELD",2,2,0,0,2,2020,"June","Friday","04:30 pm",60,"Sealed","Dry","Not Raining","Daylight","Rear End",2,,,1331892.62,1675694.67
"2020-4638-19/09/2025","GAWLER BELT","LIGHT REGIONAL COUNCIL",2,1,0,0,1,2020,"June","Thursday","10:50 am",60,"Sealed","Dry","Not Raining","Daylight","Hit Fixed Object",1,,,1340135.4,1708896.22
"2020-4642-19/09/2025","PORT ADELAIDE","CITY OF PORT ADELAIDE ENFIELD",2,1,0,0,1,2020,"June","Friday","03:10 pm",60,"Sealed","Dry","Not Raining","Daylight","Rear End",2,,,1320479.91,1679175.96
"2020-4644-19/09/2025","EDWARDSTOWN","CC MITCHAM.",2,1,0,0,1,2020,"June","Saturday","11:30 am",60,"Sealed","Dry","Not Raining","Daylight","Rear End",2,,,1325916.22,1664980.75
"2020-4646-19/09/2025","MURRAY BRIDGE","RC MURRAY BRIDGE.",2,1,0,0,1,2020,"June","Saturday","11:50 am",50,"Sealed","Dry","Not Raining","Daylight","Right Turn",1,,,1390040.08,1644963.86
"2020-4647-19/09/2025","GEPPS CROSS","CITY OF PORT ADELAIDE ENFIELD",2,2,0,0,2,2020,"June","Friday","04:30 pm",60,"Sealed","Dry","Not Raining","Daylight","Rear End",2,,,1330377.19,1679303.05
"2020-4652-19/09/2025","MONASH","THE BERRI BARMERA COUNCIL",3,1,0,0,1,2020,"June","Saturday","02:10 pm",110,"Sealed","Dry","Not Raining","Daylight","Rear End",1,,,1516835.46,1738398.32
"2020-4654-19/09/2025","NORWOOD","CC OF NORWOOD,PAYNEHAM & ST PETERS",2,1,0,1,0,2020,"June","Saturday","03:10 pm",50,"Sealed","Dry","Not Raining","Daylight","Hit Pedestrian",1,,,1330692.21,1670614.51
"2020-4658-19/09/2025","NORTHFIELD","CITY OF PORT ADELAIDE ENFIELD",2,1,0,0,1,2020,"June","Saturday","04:50 pm",60,"Sealed","Dry","Not Raining","Daylight","Hit Parked Vehicle",1,,,1330405.7,1678155.9
"2020-4659-19/09/2025","MUNNO PARA WEST","CITY OF PLAYFORD.",2,1,0,0,1,2020,"June","Saturday","05:35 pm",50,"Sealed","Dry","Not Raining","Night","Hit Parked Vehicle",2,,,1336257.44,1699638.94
"2020-4664-19/09/2025","MIDDLETON","ALEXANDRINA COUNCIL",2,1,0,0,1,2020,"June","Saturday","08:15 pm",50,"Sealed","Dry","Not Raining","Night","Hit Parked Vehicle",1,,,1339006.79,1604997.87
"2020-4665-19/09/2025","CHRISTIES BEACH","CITY OF ONKAPARINGA",2,1,0,0,1,2020,"June","Saturday","08:00 pm",50,"Sealed","Dry","Not Raining","Night","Hit Fixed Object",1,,,1315943.76,1648526.61
"2020-4669-19/09/2025","ADELAIDE","CITY OF ADELAIDE",2,1,0,1,0,2020,"June","Sunday","12:05 am",50,"Sealed","Dry","Not Raining","Night","Hit Fixed Object",1,,"Y",1327930.12,1670340.86
"2020-4671-19/09/2025","DRY CREEK","CITY OF PORT ADELAIDE ENFIELD",1,1,0,0,1,2020,"June","Saturday","11:30 am",60,"Sealed","Dry","Not Raining","Daylight","Roll Over",1,,,1323869.25,1681061.9
"2020-4674-19/09/2025","COOBER PEDY","DC COOBER PEDY",1,1,0,0,1,2020,"June","Sunday","10:30 am",110,"Sealed","Dry","Not Raining","Daylight","Roll Over",1,,,974955.59,2329347
"2020-4677-19/09/2025","BALAKLAVA","WAKEFIELD REGIONAL COUNCIL",2,1,0,0,1,2020,"June","Sunday","11:45 am",50,"Sealed","Dry","Not Raining","Daylight","Right Angle",2,,,1313960.69,1757619.58
"2020-4679-19/09/2025","CLARENDON","CITY OF ONKAPARINGA",2,3,0,1,2,2020,"June","Saturday","08:40 pm",50,"Unsealed","Dry","Not Raining","Night","Hit Fixed Object",1,,,1332362.47,1650727.52
"2020-4682-19/09/2025","NORWOOD","CC OF NORWOOD,PAYNEHAM & ST PETERS",2,1,0,0,1,2020,"June","Monday","03:55 pm",50,"Sealed","Wet","Raining","Daylight","Hit Pedestrian",1,,,1331854.55,1671066.92
"2020-4683-19/09/2025","TERINGIE","THE ADELAIDE HILLS COUNCIL",1,1,0,0,1,2020,"June","Sunday","04:20 pm",60,"Sealed","Dry","Not Raining","Daylight","Roll Over",1,,,1337304.19,1672057.95
"2020-4684-19/09/2025","COWELL","DC FRANKLIN HARBOR.",2,1,0,1,0,2020,"June","Sunday","01:00 pm",100,"Sealed","Dry","Not Raining","Daylight","Side Swipe",1,,,1174583.7,1817371.18
"2020-4688-19/09/2025","WINDSOR GARDENS","CITY OF PORT ADELAIDE ENFIELD",2,1,0,0,1,2020,"May","Friday","05:15 pm",60,"Sealed","Dry","Not Raining","Daylight","Hit Fixed Object",1,,,1333130.73,1677505.32
"2020-4689-19/09/2025","MODBURY","CITY OF TEA TREE GULLY",2,1,0,0,1,2020,"June","Saturday","03:28 pm",60,"Sealed","Wet","Not Raining","Daylight","Side Swipe",1,"Y",,1336660.92,1680823.38
"2020-4690-19/09/2025","FOUNTAIN","DC LOWER EYRE PENINSULA",3,1,0,1,0,2020,"June","Sunday","08:00 pm",110,"Sealed","Dry","Not Raining","Night","Hit Fixed Object",1,,,1059874.49,1711389.7
"2020-4691-19/09/2025","HORSNELL GULLY","THE ADELAIDE HILLS COUNCIL",3,1,0,0,1,2020,"June","Monday","11:35 am",60,"Sealed","Dry","Not Raining","Daylight","Head On",2,,,1339357.59,1670169.79
"2020-4694-19/09/2025","PORT ADELAIDE","CITY OF PORT ADELAIDE ENFIELD",2,1,0,0,1,2020,"June","Monday","01:20 pm",60,"Sealed","Dry","Not Raining","Daylight","Rear End",1,,,1321034.94,1680308.84
"2020-4700-19/09/2025","KURRALTA PARK","CITY OF WEST TORRENS",2,1,0,1,0,2020,"June","Monday","11:40 pm",50,"Sealed","Dry","Not Raining","Night","Hit Fixed Object",1,"Y",,1325648.14,1667955.35
"2020-4703-19/09/2025","MAGILL","CITY OF BURNSIDE",1,1,0,0,1,2020,"June","Tuesday","08:21 am",60,"Sealed","Dry","Not Raining","Daylight","Roll Over",1,,,1334971.89,1671834.86
"2020-4710-19/09/2025","GOODWOOD","CITY OF UNLEY",2,1,0,0,1,2020,"June","Tuesday","12:00 pm",50,"Sealed","Dry","Not Raining","Daylight","Rear End",2,,,1327461.02,1667778.18
"2020-4711-19/09/2025","MOUNT BARKER","DC MT.BARKER.",3,1,0,0,1,2020,"June","Tuesday","11:00 am",60,"Sealed","Dry","Not Raining","Daylight","Rear End",1,,,1351868.48,1653096.03
"2020-4712-19/09/2025","MUNNO PARA","CITY OF PLAYFORD.",2,1,0,0,1,2020,"June","Tuesday","01:42 pm",60,"Sealed","Dry","Not Raining","Daylight","Rear End",1,,,1336692.66,1698550.18
"2020-4713-19/09/2025","SHEA-OAK LOG","LIGHT REGIONAL COUNCIL",1,1,0,0,1,2020,"June","Tuesday","12:10 pm",100,"Unsealed","Dry","Not Raining","Daylight","Roll Over",1,,,1351132.72,1718039.41
"2020-4714-19/09/2025","FINDON","CITY OF CHARLES STURT",2,1,0,0,1,2020,"June","Tuesday","03:00 pm",40,"Sealed","Dry","Not Raining","Daylight","Hit Pedestrian",1,,,1321868.07,1674251.19
"2020-4718-19/09/2025","WHYALLA NORRIE","CC WHYALLA.",4,1,1,0,0,2020,"June","Tuesday","10:35 am",50,"Sealed","Dry","Not Raining","Daylight","Hit Fixed Object",1,,"Y",1237293.41,1884602.62
"2020-4720-19/09/2025","GLENELG NORTH","CITY OF HOLDFAST BAY",2,1,0,0,1,2020,"June","Wednesday","07:03 am",60,"Sealed","Dry","Not Raining","Night","Right Angle",1,,,1320810.08,1665705.31
"2020-4723-19/09/2025","LONSDALE","CITY OF ONKAPARINGA",3,1,0,0,1,2020,"June","Wednesday","08:24 am",80,"Sealed","Dry","Not Raining","Daylight","Rear End",1,,,1318249.46,1650581.17
"2020-4739-19/09/2025","PROSPECT","CITY OF PROSPECT",2,1,0,0,1,2020,"June","Wednesday","02:37 pm",50,"Sealed","Dry","Not Raining","Daylight","Right Angle",1,,,1327838.43,1676673.62
"2020-4740-19/09/2025","GLENELG NORTH","CITY OF HOLDFAST BAY",2,1,0,1,0,2020,"June","Wednesday","03:33 pm",50,"Sealed","Dry","Not Raining","Daylight","Side Swipe",1,,,1320786.94,1665298.76
"2020-4742-19/09/2025","GILBERTON","WALKERVILLE TOWN COUNCIL",4,1,0,0,1,2020,"June","Wednesday","03:35 pm",50,"Sealed","Dry","Not Raining","Daylight","Rear End",1,,,1329798.95,1673653.78
"2020-4743-19/09/2025","WHYALLA PLAYFORD","CC WHYALLA.",2,1,0,0,1,2020,"June","Wednesday","04:30 pm",50,"Sealed","Dry","Not Raining","Daylight","Right Angle",2,,,1238792.14,1883297.39
"2020-4747-19/09/2025","BLETCHLEY","ALEXANDRINA COUNCIL",2,1,0,0,1,2020,"June","Wednesday","08:00 pm",100,"Sealed","Dry","Not Raining","Night","Hit Fixed Object",1,"Y",,1359679.99,1632776.96
"2020-4750-19/09/2025","WOODVILLE NORTH","CITY OF PORT ADELAIDE ENFIELD",2,1,0,0,1,2020,"June","Thursday","07:25 am",60,"Sealed","Dry","Not Raining","Daylight","Hit Fixed Object",1,,,1323967.78,1676891.39
"2020-4751-19/09/2025","BROADVIEW","CITY OF PORT ADELAIDE ENFIELD",2,1,0,0,1,2020,"June","Thursday","08:25 am",60,"Sealed","Dry","Not Raining","Daylight","Rear End",1,,,1329855.72,1676458.49
"2020-4753-19/09/2025","MILE END","CITY OF WEST TORRENS",3,2,0,0,2,2020,"June","Thursday","08:30 am",60,"Sealed","Dry","Not Raining","Daylight","Rear End",1,,,1326418.42,1670992.64
"2020-4761-19/09/2025","KENSINGTON PARK","CITY OF BURNSIDE",2,1,0,0,1,2020,"June","Wednesday","05:17 pm",60,"Sealed","Dry","Not Raining","Night","Rear End",2,,,1333880.62,1671085.13
"2020-4766-19/09/2025","BROADVIEW","CITY OF PROSPECT",2,1,0,0,1,2020,"June","Thursday","02:30 pm",50,"Sealed","Dry","Not Raining","Daylight","Hit Fixed Object",1,,,1329703.04,1675532.63
"2020-4768-19/09/2025","WYNN VALE","CITY OF TEA TREE GULLY",2,1,0,0,1,2020,"June","Thursday","03:16 pm",60,"Sealed","Dry","Not Raining","Daylight","Right Angle",2,,,1336900.41,1683892.88
"2020-4770-19/09/2025","KENSINGTON PARK","CITY OF BURNSIDE",4,1,0,0,1,2020,"June","Thursday","04:27 pm",60,"Sealed","Dry","Not Raining","Daylight","Rear End",1,,,1333880.92,1671075.39
"2020-4771-19/09/2025","KILBURN","CITY OF PORT ADELAIDE ENFIELD",2,1,0,0,1,2020,"June","Thursday","06:00 pm",50,"Sealed","Dry","Not Raining","Night","Hit Pedestrian",2,,,1328029.71,1677669.34
"2020-4773-19/09/2025","TANTANOOLA","WATTLE RANGE COUNCIL",2,1,0,1,0,2020,"June","Thursday","03:50 pm",100,"Unsealed","Dry","Not Raining","Daylight","Hit Pedestrian",2,,,1484032.38,1360696.04
"2020-4778-19/09/2025","MORPHETT VALE","CITY OF ONKAPARINGA",2,1,0,0,1,2020,"June","Thursday","09:20 pm",60,"Sealed","Dry","Not Raining","Night","Right Turn",2,,,1320772.94,1649856.29
"2020-4779-19/09/2025","RENMARK","DC RENMARK PARINGA",2,1,0,0,1,2020,"June","Friday","12:30 am",50,"Sealed","Dry","Not Raining","Night","Hit Pedestrian",1,,,1527469.26,1744330.81
"2020-4788-19/09/2025","KENT TOWN","CC OF NORWOOD,PAYNEHAM & ST PETERS",2,1,0,0,1,2020,"June","Friday","01:29 pm",50,"Sealed","Dry","Not Raining","Daylight","Side Swipe",1,,,1330235.81,1671221.86
"2020-4789-19/09/2025","MOUNT BARKER","DC MT.BARKER.",2,1,0,0,1,2020,"June","Friday","08:55 am",60,"Sealed","Dry","Not Raining","Daylight","Right Angle",2,,,1352129.66,1652839.33
"2020-4790-19/09/2025","KIDMAN PARK","CITY OF CHARLES STURT",3,2,0,0,2,2020,"June","Friday","01:50 pm",60,"Sealed","Dry","Not Raining","Daylight","Head On",1,,,1322537.88,1672228.09
"2020-4794-19/09/2025","GOOLWA","ALEXANDRINA COUNCIL",2,1,0,0,1,2020,"June","Thursday","01:40 pm",50,"Sealed","Dry","Not Raining","Daylight","Hit Fixed Object",1,,,1343523.38,1606794.16
"2020-4798-19/09/2025","PROSPECT","CITY OF PROSPECT",2,1,0,0,1,2020,"June","Monday","11:44 am",60,"Sealed","Dry","Not Raining","Daylight","Rear End",2,,,1328862.28,1676441.72
"2020-4801-19/09/2025","CLEARVIEW","CITY OF PORT ADELAIDE ENFIELD",2,1,0,0,1,2020,"June","Friday","09:00 pm",50,"Sealed","Dry","Not Raining","Night","Hit Fixed Object",1,,"Y",1330054.4,1677107.8
"2020-4802-19/09/2025","WISTOW","DC MT.BARKER.",2,1,0,0,1,2020,"June","Friday","09:30 pm",60,"Sealed","Dry","Not Raining","Night","Hit Fixed Object",1,,,1354182.46,1648999.01
"2020-4805-19/09/2025","HILTON","CITY OF WEST TORRENS",3,5,0,1,4,2020,"June","Saturday","12:20 am",60,"Sealed","Dry","Not Raining","Night","Right Turn",2,,"Y",1325777.47,1670088.72
"2020-4806-19/09/2025","HILLIER","CITY OF PLAYFORD.",2,1,0,1,0,2020,"June","Saturday","02:28 am",90,"Sealed","Dry","Not Raining","Night","Hit Fixed Object",1,,"Y",1336839.68,1702610.64
"2020-4811-19/09/2025","BOORS PLAIN","COPPER COAST DISTRICT COUNCIL",3,1,0,0,1,2020,"June","Saturday","09:50 am",100,"Sealed","Wet","Raining","Daylight","Side Swipe",1,,,1245558.52,1772493.69
"2020-4817-19/09/2025","NOARLUNGA DOWNS","CITY OF ONKAPARINGA",2,1,0,0,1,2020,"June","Saturday","10:40 am",60,"Sealed","Wet","Raining","Daylight","Right Angle",1,,,1318339.24,1646732.9
"2020-4822-19/09/2025","ARDROSSAN","YORKE PENINSULA COUNCIL",3,2,0,1,1,2020,"June","Wednesday","06:15 pm",80,"Sealed","Dry","Not Raining","Night","Hit Fixed Object",1,,,1267419.77,1729135.62
"2020-4828-19/09/2025","SMITHFIELD","CITY OF PLAYFORD.",2,1,0,0,1,2020,"June","Friday","03:15 pm",80,"Sealed","Dry","Not Raining","Daylight","Right Turn",2,,,1338013.89,1697325.11
"2020-4829-19/09/2025","MAGILL","CITY OF BURNSIDE",2,1,0,0,1,2020,"June","Saturday","06:04 pm",60,"Sealed","Wet","Not Raining","Night","Rear End",2,,,1335495.35,1671369.82
"2020-4832-19/09/2025","SAMPSON FLAT","CITY OF PLAYFORD.",3,1,0,0,1,2020,"June","Saturday","09:16 pm",100,"Sealed","Wet","Raining","Night","Hit Fixed Object",1,,,1347392.7,1691004.81
"2020-4834-19/09/2025","HORSNELL GULLY","THE ADELAIDE HILLS COUNCIL",2,1,0,0,1,2020,"June","Saturday","10:40 pm",60,"Sealed","Dry","Not Raining","Night","Hit Fixed Object",1,,,1339165.71,1670765.12
"2020-4837-19/09/2025","MILANG","ALEXANDRINA COUNCIL",2,1,0,1,0,2020,"June","Sunday","12:10 am",100,"Sealed","Wet","Not Raining","Night","Hit Fixed Object",1,"Y",,1359214.26,1617559.41
"2020-4842-19/09/2025","STURT","CC MARION.",3,1,0,0,1,2020,"June","Sunday","11:50 am",60,"Sealed","Dry","Not Raining","Daylight","Rear End",1,,,1323549.08,1660655.07
"2020-4843-19/09/2025","HENLEY BEACH","CITY OF CHARLES STURT",2,1,0,0,1,2020,"June","Sunday","11:45 am",50,"Sealed","Dry","Not Raining","Daylight","Right Angle",1,,,1318803.14,1672069.57
"2020-4848-19/09/2025","MILLBROOK","THE ADELAIDE HILLS COUNCIL",3,1,0,0,1,2020,"June","Saturday","07:50 pm",80,"Sealed","Wet","Raining","Night","Hit Fixed Object",1,,,1347644.79,1681925.16
"2020-4849-19/09/2025","KIDMAN PARK","CITY OF CHARLES STURT",2,1,0,0,1,2020,"June","Sunday","03:00 pm",50,"Sealed","Wet","Raining","Daylight","Rear End",2,,,1322443.43,1672225.39
"2020-4851-19/09/2025","MUNNO PARA DOWNS","CITY OF PLAYFORD.",2,1,0,1,0,2020,"June","Sunday","04:52 pm",90,"Sealed","Wet","Raining","Daylight","Hit Fixed Object",1,,,1339243.47,1699679.16
"2020-4852-19/09/2025","TWO WELLS","DC MALLALA.",2,1,0,0,1,2020,"June","Sunday","05:25 pm",80,"Sealed","Wet","Raining","Night","Head On",2,,,1324141.39,1706540.61
"2020-4855-19/09/2025","LONSDALE","CITY OF ONKAPARINGA",2,1,0,0,1,2020,"June","Sunday","05:10 pm",80,"Sealed","Wet","Not Raining","Daylight","Right Turn",2,,,1317823.83,1649782.83
"2020-4858-19/09/2025","BLYTH","WAKEFIELD REGIONAL COUNCIL",2,1,0,1,0,2020,"June","Sunday","05:50 pm",100,"Sealed","Wet","Raining","Night","Hit Fixed Object",1,"Y","Y",1321199.95,1786823.77
"2020-4860-19/09/2025","WEST BEACH","CITY OF WEST TORRENS",2,1,0,0,1,2020,"June","Tuesday","05:30 pm",60,"Sealed","Dry","Not Raining","Night","Rear End",2,,,1320908.53,1669846.23
"2020-4863-19/09/2025","HOLDEN HILL","CITY OF PORT ADELAIDE ENFIELD",2,1,0,0,1,2020,"June","Sunday","09:24 pm",60,"Sealed","Wet","Raining","Night","Hit Parked Vehicle",1,,,1334629.77,1678494.51
"2020-4867-19/09/2025","ADELAIDE","CITY OF ADELAIDE",3,1,0,0,1,2020,"June","Monday","04:35 am",50,"Sealed","Wet","Raining","Night","Hit Fixed Object",1,"Y","Y",1328328,1671047.48
"2020-4874-19/09/2025","FULLARTON","CITY OF UNLEY",2,1,0,0,1,2020,"June","Saturday","04:45 pm",50,"Sealed","Wet","Raining","Daylight","Hit Parked Vehicle",1,,,1331282.32,1667815.77
"2020-4879-19/09/2025","MILE END","CITY OF WEST TORRENS",4,1,0,0,1,2020,"June","Monday","11:18 am",60,"Sealed","Dry","Not Raining","Daylight","Rear End",1,,,1326613.31,1671159.5
"2020-4881-19/09/2025","PROSPECT","CITY OF PROSPECT",2,1,0,0,1,2020,"June","Monday","12:20 pm",60,"Sealed","Dry","Not Raining","Daylight","Right Turn",2,,,1328059.62,1676423.15
"2020-4882-19/09/2025","NOARLUNGA CENTRE","CITY OF ONKAPARINGA",2,1,0,0,1,2020,"June","Monday","12:20 pm",60,"Sealed","Dry","Not Raining","Daylight","Rear End",1,,,1318884.01,1647476.11
"2020-4883-19/09/2025","FULLARTON","CITY OF UNLEY",1,1,0,0,1,2020,"June","Monday","08:40 am",60,"Sealed","Wet","Not Raining","Daylight","Roll Over",9,,,1331652.33,1667508.79
"2020-4885-19/09/2025","GEPPS CROSS","CITY OF PORT ADELAIDE ENFIELD",3,1,0,0,1,2020,"June","Monday","01:00 pm",70,"Sealed","Dry","Not Raining","Daylight","Rear End",2,,,1329259.67,1679946.26
"2020-4886-19/09/2025","HOPE VALLEY","CITY OF TEA TREE GULLY",2,1,0,0,1,2020,"June","Monday","01:30 pm",60,"Sealed","Dry","Not Raining","Daylight","Right Angle",2,,,1338490.16,1679538.76
"2020-4888-19/09/2025","CLELAND","THE ADELAIDE HILLS COUNCIL",3,2,0,0,2,2020,"June","Monday","11:40 am",80,"Sealed","Wet","Raining","Daylight","Hit Fixed Object",1,,,1338658.82,1666024.49
"2020-4890-19/09/2025","REGENCY PARK","CITY OF PORT ADELAIDE ENFIELD",2,1,0,0,1,2020,"June","Monday","03:30 pm",60,"Sealed","Dry","Not Raining","Daylight","Rear End",2,,,1326053.17,1676365.57
"2020-4894-19/09/2025","OLD NOARLUNGA","CITY OF ONKAPARINGA",2,1,0,1,0,2020,"June","Monday","06:35 pm",60,"Sealed","Wet","Raining","Night","Right Turn",1,,"Y",1317641.26,1642097.35
"2020-4896-19/09/2025","CAMDEN PARK","CITY OF WEST TORRENS",6,1,0,0,1,2020,"June","Monday","06:57 pm",60,"Sealed","Dry","Not Raining","Night","Rear End",1,,"Y",1323316.56,1665889.65
"2020-4898-19/09/2025","ALDGATE","THE ADELAIDE HILLS COUNCIL",1,1,0,1,0,2020,"June","Monday","07:00 pm",60,"Sealed","Wet","Raining","Night","Roll Over",1,,,1341732.66,1658382.46
"2020-4900-19/09/2025","KILBURN","CITY OF PORT ADELAIDE ENFIELD",2,1,0,0,1,2020,"June","Tuesday","07:20 am",60,"Sealed","Wet","Raining","Night","Hit Fixed Object",1,,,1327179.98,1678615.75
"2020-4909-19/09/2025","UNDERDALE","CITY OF WEST TORRENS",2,2,0,0,2,2020,"June","Tuesday","09:57 am",60,"Sealed","Wet","Not Raining","Daylight","Right Angle",1,,,1323836.68,1671456.66
"2020-4912-19/09/2025","MCLAREN VALE","CITY OF ONKAPARINGA",2,1,0,1,0,2020,"June","Tuesday","01:56 pm",50,"Sealed","Wet","Raining","Daylight","Side Swipe",2,,,1322533.4,1638229.94
"2020-4923-19/09/2025","CAMDEN PARK","CITY OF WEST TORRENS",1,1,0,0,1,2020,"June","Tuesday","04:11 pm",50,"Sealed","Wet","Raining","Daylight","Roll Over",1,,,1323383.81,1666127.73
"2020-4925-19/09/2025","WAYVILLE","CITY OF UNLEY",2,2,0,0,2,2020,"June","Tuesday","03:59 pm",60,"Sealed","Wet","Not Raining","Daylight","Right Angle",2,,,1327438.13,1668547.32
"2020-4926-19/09/2025","ELIZABETH GROVE","CITY OF PLAYFORD.",5,1,0,0,1,2020,"June","Tuesday","03:50 pm",80,"Sealed","Wet","Raining","Daylight","Rear End",1,,,1336092.04,1692149.73
"2020-4929-19/09/2025","ELIZABETH NORTH","CITY OF PLAYFORD.",2,2,0,0,2,2020,"June","Tuesday","05:40 pm",80,"Sealed","Wet","Raining","Night","Rear End",1,,,1336845.59,1695303.26
"2020-4931-19/09/2025","ADELAIDE","CITY OF ADELAIDE",2,1,0,0,1,2020,"June","Tuesday","05:41 pm",60,"Sealed","Wet","Raining","Night","Side Swipe",1,,,1330000.54,1670394.81
"2020-4932-19/09/2025","MUNNO PARA","CITY OF PLAYFORD.",5,1,0,0,1,2020,"June","Tuesday","05:50 pm",60,"Sealed","Wet","Raining","Night","Rear End",1,,"Y",1336690.92,1698532.16
"2020-4933-19/09/2025","KIDMAN PARK","CITY OF CHARLES STURT",2,1,0,0,1,2020,"June","Tuesday","05:45 pm",60,"Sealed","Wet","Not Raining","Night","Right Angle",1,,,1321925.33,1673102.36
"2020-4936-19/09/2025","STURT","CC MARION.",3,1,0,0,1,2020,"June","Tuesday","06:20 pm",60,"Sealed","Dry","Not Raining","Night","Right Turn",1,,,1324418.54,1660680
"2020-4941-19/09/2025","ROSEWORTHY","LIGHT REGIONAL COUNCIL",2,1,0,0,1,2020,"June","Tuesday","11:53 pm",100,"Sealed","Wet","Not Raining","Night","Hit Fixed Object",1,,,1343582.62,1712479.74
"2020-4944-19/09/2025","ECHUNGA","DC MT.BARKER.",2,1,0,0,1,2020,"June","Wednesday","07:53 am",80,"Sealed","Dry","Not Raining","Daylight","Right Turn",1,,,1348290.78,1652918.51
"2020-4945-19/09/2025","STEPNEY","CC OF NORWOOD,PAYNEHAM & ST PETERS",2,1,0,0,1,2020,"June","Tuesday","08:30 am",60,"Sealed","Dry","Not Raining","Daylight","Rear End",2,,,1330600.73,1671714.93
"2020-4949-19/09/2025","ETTRICK","RC MURRAY BRIDGE.",1,1,0,0,1,2020,"June","Wednesday","09:45 am",100,"Unsealed","Dry","Not Raining","Daylight","Roll Over",1,,,1416464.01,1652232.4
"2020-4951-19/09/2025","SALISBURY DOWNS","CITY OF SALISBURY",2,1,0,0,1,2020,"June","Wednesday","11:30 am",60,"Sealed","Dry","Not Raining","Daylight","Hit Fixed Object",1,,"Y",1331629.15,1686674.79
"2020-4954-19/09/2025","ARTHURTON","YORKE PENINSULA COUNCIL",2,2,0,1,1,2020,"June","Wednesday","11:30 am",100,"Sealed","Dry","Not Raining","Daylight","Side Swipe",2,,,1253628.94,1749226.5
"2020-4955-19/09/2025","FAIRVIEW PARK","CITY OF TEA TREE GULLY",1,1,0,0,1,2020,"June","Wednesday","02:14 pm",50,"Sealed","Dry","Not Raining","Daylight","Roll Over",1,,,1340519.18,1684715.54
"2020-4964-19/09/2025","GILBERTON","WALKERVILLE TOWN COUNCIL",2,1,0,0,1,2020,"June","Wednesday","06:51 pm",60,"Sealed","Dry","Not Raining","Night","Right Turn",2,,,1329707.81,1672509.77
"2020-4967-19/09/2025","CRAFERS WEST","THE ADELAIDE HILLS COUNCIL",2,1,0,0,1,2020,"June","Wednesday","07:50 pm",90,"Sealed","Dry","Not Raining","Night","Hit Fixed Object",1,"Y","Y",1337066.11,1662844.88
"2020-4968-19/09/2025","STURT","CC MARION.",2,1,0,0,1,2020,"June","Thursday","07:15 am",60,"Sealed","Dry","Not Raining","Night","Right Turn",2,,,1324404.88,1660668.91
"2020-4971-19/09/2025","WHYALLA PLAYFORD","CC WHYALLA.",2,1,0,0,1,2020,"June","Thursday","08:30 am",60,"Sealed","Dry","Not Raining","Daylight","Right Angle",2,,,1239087.68,1882940.12
"2020-4973-19/09/2025","WEST BEACH","CITY OF WEST TORRENS",2,1,0,0,1,2020,"June","Tuesday","11:00 am",80,"Sealed","Wet","Raining","Daylight","Rear End",1,,,1320917.14,1668827.15
"2020-4975-19/09/2025","HOVE","CITY OF HOLDFAST BAY",3,3,0,0,3,2020,"June","Thursday","10:00 am",60,"Sealed","Dry","Not Raining","Daylight","Rear End",1,,,1321129.59,1661304.53
"2020-4979-19/09/2025","KENSINGTON PARK","CITY OF BURNSIDE",3,1,0,0,1,2020,"June","Thursday","12:55 pm",60,"Sealed","Dry","Not Raining","Daylight","Hit Parked Vehicle",1,,,1333215.13,1671101.77
"2020-4980-19/09/2025","HINDMARSH","CITY OF CHARLES STURT",2,1,0,0,1,2020,"June","Thursday","07:45 am",60,"Sealed","Dry","Not Raining","Daylight","Rear End",2,,,1326432.45,1672642.16
"2020-4981-19/09/2025","ROSTREVOR","CC CAMPBELLTOWN.",2,1,0,0,1,2020,"June","Thursday","03:13 pm",60,"Sealed","Dry","Not Raining","Daylight","Right Angle",1,,,1335441.89,1673376.99
"2020-4982-19/09/2025","NORTH BRIGHTON","CITY OF HOLDFAST BAY",2,1,0,1,0,2020,"June","Thursday","02:50 pm",60,"Sealed","Dry","Not Raining","Daylight","Hit Fixed Object",1,,,1321107.64,1662047.93
"2020-4984-19/09/2025","SELLICKS BEACH","CITY OF ONKAPARINGA",2,2,0,0,2,2020,"June","Thursday","04:25 pm",90,"Sealed","Dry","Not Raining","Daylight","Hit Fixed Object",1,,,1314447.17,1625141.23
"2020-4986-19/09/2025","MANNUM","MID MURRAY DISTRICT COUNCIL",2,1,0,0,1,2020,"June","Thursday","02:00 pm",100,"Unsealed","Dry","Not Raining","Daylight","Hit Fixed Object",1,,,1402859.41,1677217.78
"2020-4987-19/09/2025","COFFIN BAY","DC LOWER EYRE PENINSULA",3,1,0,0,1,2020,"June","Thursday","02:05 pm",110,"Sealed","Dry","Not Raining","Daylight","Hit Animal",2,,,1046931.37,1709847.16