"REPORT_ID","Suburb","LGA Name","Total Units","Total Cas","Total Fats","Total SI","Total MI","Year","Month","Day","Time","Area Speed","Road Surface","Moisture Cond","Weather Cond","DayNight","Crash Type","Unit Resp","DUI Involved","Drugs Involved","ACCLOC_X","ACCLOC_Y"
"2020-4990-19/09/2025","GLENELG EAST","CITY OF HOLDFAST BAY",2,2,0,0,2,2020,"June","Thursday","05:19 pm",60,"Sealed","Dry","Not Raining","Night","Right Angle",2,,,1321286.95,1664158.42
"2020-4991-19/09/2025","MITCHELL PARK","CC MARION.",2,1,0,0,1,2020,"June","Wednesday","06:20 pm",60,"Sealed","Dry","Not Raining","Night","Right Turn",2,,,1324380.03,1661734.89
"2020-4995-19/09/2025","HAZELWOOD PARK","CITY OF BURNSIDE",2,1,0,0,1,2020,"June","Friday","08:30 am",50,"Sealed","Dry","Not Raining","Daylight","Right Angle",1,,,1333757.87,1668402.61
"2020-4996-19/09/2025","PARADISE","CC CAMPBELLTOWN.",2,1,0,0,1,2020,"June","Friday","11:07 am",60,"Sealed","Dry","Not Raining","Daylight","Right Turn",2,,,1335179.94,1675919.29
"2020-4998-19/09/2025","TANUNDA","THE BAROSSA COUNCIL.",2,1,0,0,1,2020,"June","Thursday","01:05 pm",50,"Sealed","Dry","Not Raining","Daylight","Hit Pedestrian",2,,,1363052.9,1714058.43
"2020-5000-19/09/2025","FULHAM GARDENS","CITY OF CHARLES STURT",2,1,0,0,1,2020,"June","Friday","01:12 pm",60,"Sealed","Dry","Not Raining","Daylight","Right Angle",2,,,1320548.62,1673074.11
"2020-5002-19/09/2025","SEAFORD RISE","CITY OF ONKAPARINGA",2,1,0,0,1,2020,"June","Friday","02:25 pm",70,"Sealed","Wet","Raining","Daylight","Right Angle",2,,,1316449.21,1639296.46
"2020-5007-19/09/2025","VALLEY VIEW","CITY OF SALISBURY",2,1,0,0,1,2020,"June","Friday","03:28 pm",60,"Sealed","Wet","Raining","Daylight","Rear End",2,,,1334550.53,1680534.84
"2020-5008-19/09/2025","MODBURY HEIGHTS","CITY OF TEA TREE GULLY",2,1,0,0,1,2020,"May","Friday","03:20 pm",60,"Sealed","Dry","Not Raining","Daylight","Right Angle",2,,,1336100.94,1682348.18
"2020-5011-19/09/2025","GLYNDE","CC OF NORWOOD,PAYNEHAM & ST PETERS",2,1,0,0,1,2020,"June","Friday","03:15 pm",50,"Sealed","Wet","Raining","Daylight","Right Angle",2,,,1333604.62,1673348.3
"2020-5012-19/09/2025","WELLAND","CITY OF CHARLES STURT",2,1,0,0,1,2020,"June","Friday","03:53 pm",60,"Sealed","Wet","Raining","Daylight","Right Angle",1,,,1324861.57,1673197.21
"2020-5013-19/09/2025","NEWTON","CC CAMPBELLTOWN.",2,1,0,0,1,2020,"June","Friday","01:45 pm",60,"Sealed","Dry","Not Raining","Daylight","Rear End",2,,,1335409.35,1674554.22
"2020-5016-19/09/2025","NORTH PLYMPTON","CITY OF WEST TORRENS",2,1,0,0,1,2020,"June","Friday","04:45 pm",60,"Sealed","Dry","Not Raining","Daylight","Rear End",2,,,1324226.07,1667078.92
"2020-5018-19/09/2025","KENSINGTON","CC OF NORWOOD,PAYNEHAM & ST PETERS",3,1,0,0,1,2020,"June","Friday","04:17 pm",60,"Sealed","Wet","Not Raining","Daylight","Rear End",1,,,1332266.65,1670778.26
"2020-5029-19/09/2025","LEWISTON","DC MALLALA.",2,1,0,1,0,2020,"June","Saturday","02:54 am",100,"Sealed","Dry","Not Raining","Night","Hit Fixed Object",1,"Y",,1327161.96,1707745.77
"2020-5030-19/09/2025","GLENELG SOUTH","CITY OF HOLDFAST BAY",2,1,0,0,1,2020,"June","Friday","11:36 pm",50,"Sealed","Wet","Raining","Night","Hit Fixed Object",1,,,1320207.65,1664157.81
"2020-5037-19/09/2025","ALMA","WAKEFIELD REGIONAL COUNCIL",1,2,0,0,2,2020,"June","Saturday","11:33 am",100,"Unsealed","Dry","Not Raining","Daylight","Roll Over",1,,,1330791.43,1743621.83
"2020-5041-19/09/2025","MUNNO PARA","CITY OF PLAYFORD.",3,1,0,0,1,2020,"June","Saturday","01:26 pm",60,"Sealed","Dry","Not Raining","Daylight","Rear End",1,,,1338181.21,1697742.08
"2020-5044-19/09/2025","HILLIER","CT GAWLER.",2,1,0,0,1,2020,"June","Friday","04:30 pm",90,"Sealed","Dry","Not Raining","Daylight","Right Angle",2,,,1336900.28,1702626.19
"2020-5046-19/09/2025","UMUWA",,1,1,0,0,1,2020,"June","Saturday","12:00 pm",110,"Unsealed","Dry","Not Raining","Daylight","Roll Over",1,,,704661.88,2608379.29
"2020-5050-19/09/2025","GEPPS CROSS","CITY OF PORT ADELAIDE ENFIELD",2,1,0,0,1,2020,"June","Saturday","05:00 pm",60,"Sealed","Wet","Raining","Daylight","Rear End",2,,"Y",1330377.17,1679315.41
"2020-5051-19/09/2025","ST MORRIS","CC OF NORWOOD,PAYNEHAM & ST PETERS",3,1,0,0,1,2020,"June","Saturday","04:33 pm",60,"Sealed","Wet","Not Raining","Daylight","Side Swipe",2,,,1333309.65,1671790.2
"2020-5053-19/09/2025","POORAKA","CITY OF SALISBURY",3,1,0,0,1,2020,"June","Saturday","07:01 pm",50,"Sealed","Wet","Raining","Night","Hit Pedestrian",1,,,1331108.92,1682400.41
"2020-5062-19/09/2025","PORT ARTHUR","YORKE PENINSULA COUNCIL",2,1,0,0,1,2020,"June","Saturday","04:55 pm",100,"Sealed","Wet","Not Raining","Daylight","Hit Fixed Object",1,"Y",,1284195.45,1761909.03
"2020-5063-19/09/2025","PRICE","YORKE PENINSULA COUNCIL",2,1,0,0,1,2020,"June","Saturday","08:30 pm",50,"Sealed","Wet","Raining","Night","Hit Fixed Object",1,"Y",,1275465.16,1743141.21
"2020-5075-19/09/2025","SOUTH BRIGHTON","CITY OF HOLDFAST BAY",5,1,0,1,0,2020,"June","Sunday","02:24 pm",50,"Sealed","Dry","Not Raining","Daylight","Hit Fixed Object",1,,,1321074.75,1660171.26
"2020-5078-19/09/2025","NANGKITA","ALEXANDRINA COUNCIL",1,1,0,0,1,2020,"June","Saturday","03:52 pm",100,"Sealed","Wet","Raining","Daylight","Left Road - Out of Control",1,,,1332430.15,1624737.71
"2020-5079-19/09/2025","ELIZABETH PARK","CITY OF PLAYFORD.",2,1,0,0,1,2020,"June","Sunday","04:40 pm",80,"Sealed","Dry","Not Raining","Daylight","Rear End",2,,,1335998.94,1693731.34
"2020-5080-19/09/2025","SALISBURY DOWNS","CITY OF SALISBURY",2,2,0,0,2,2020,"June","Sunday","06:30 pm",60,"Sealed","Dry","Not Raining","Night","Right Turn",2,,,1332175.04,1687728.73
"2020-5082-19/09/2025","MAWSON LAKES","CITY OF SALISBURY",2,1,0,0,1,2020,"June","Sunday","07:40 pm",70,"Sealed","Dry","Not Raining","Night","Right Angle",2,,,1329252.14,1684034.21
"2020-5084-19/09/2025","GEMMELLS","ALEXANDRINA COUNCIL",2,1,0,0,1,2020,"June","Sunday","06:25 pm",100,"Sealed","Wet","Not Raining","Night","Head On",1,,,1353965.75,1642131.22
"2020-5085-19/09/2025","WARRADALE","CC MARION.",2,1,0,0,1,2020,"June","Sunday","07:40 pm",60,"Sealed","Wet","Raining","Night","Hit Fixed Object",1,"Y",,1322755.06,1661461.49
"2020-5090-19/09/2025","DAVOREN PARK","CITY OF PLAYFORD.",2,1,0,0,1,2020,"June","Monday","06:40 am",60,"Sealed","Wet","Not Raining","Night","Rear End",2,,,1335424.27,1695238.74
"2020-5099-19/09/2025","STEPNEY","CC OF NORWOOD,PAYNEHAM & ST PETERS",2,2,0,0,2,2020,"June","Monday","09:10 am",60,"Sealed","Wet","Raining","Daylight","Rear End",1,,,1330956.97,1672192.55
"2020-5105-19/09/2025","ELIZABETH GROVE","CITY OF PLAYFORD.",1,1,0,0,1,2020,"June","Monday","11:45 am",50,"Sealed","Dry","Not Raining","Daylight","Other",1,,,1335680.92,1691869.35
"2020-5110-19/09/2025","TORRENSVILLE","CITY OF WEST TORRENS",2,1,0,0,1,2020,"June","Friday","01:35 pm",50,"Sealed","Wet","Raining","Daylight","Right Angle",1,,,1324746.26,1671390.05
"2020-5113-19/09/2025","NOVAR GARDENS","CITY OF HOLDFAST BAY",2,1,0,0,1,2020,"June","Monday","03:14 pm",60,"Sealed","Dry","Not Raining","Daylight","Rear End",2,,,1322339.4,1665342.8
"2020-5114-19/09/2025","WOODVILLE SOUTH","CITY OF CHARLES STURT",2,1,0,0,1,2020,"June","Monday","03:28 pm",40,"Sealed","Dry","Not Raining","Daylight","Right Angle",1,,,1322612.93,1675200.54
"2020-5115-19/09/2025","ST AGNES","CITY OF TEA TREE GULLY",2,1,0,0,1,2020,"June","Monday","03:15 pm",60,"Sealed","Wet","Not Raining","Daylight","Right Angle",2,,,1338584.03,1681287.55
"2020-5120-19/09/2025","REEVES PLAINS","DC MALLALA.",2,1,0,0,1,2020,"June","Monday","04:12 pm",100,"Unsealed","Dry","Not Raining","Daylight","Hit Fixed Object",1,,,1328988.28,1714256.55
"2020-5121-19/09/2025","FITZROY","CITY OF PROSPECT",1,1,0,0,1,2020,"June","Monday","04:15 pm",50,"Sealed","Wet","Raining","Daylight","Roll Over",1,,,1328110.37,1674141.27
"2020-5124-19/09/2025","EDINBURGH NORTH","CITY OF PLAYFORD.",2,2,0,0,2,2020,"June","Monday","05:30 pm",60,"Sealed","Wet","Raining","Night","Hit Fixed Object",1,,,1335244.84,1695358.22
"2020-5127-19/09/2025","MEDINDIE","WALKERVILLE TOWN COUNCIL",2,1,0,1,0,2020,"June","Monday","09:10 pm",60,"Sealed","Wet","Raining","Night","Hit Fixed Object",1,,,1329460.71,1673982.04
"2020-5132-19/09/2025","STEPNEY","CC OF NORWOOD,PAYNEHAM & ST PETERS",2,1,0,0,1,2020,"June","Tuesday","07:55 am",60,"Sealed","Wet","Raining","Daylight","Right Angle",2,,,1330850.4,1672049.36
"2020-5136-19/09/2025","MEDINDIE","WALKERVILLE TOWN COUNCIL",2,1,0,0,1,2020,"June","Tuesday","09:05 am",60,"Sealed","Wet","Raining","Daylight","Right Angle",2,,,1329427.23,1673281.86
"2020-5140-19/09/2025","NORTH ADELAIDE","CITY OF ADELAIDE",2,1,0,0,1,2020,"June","Thursday","05:30 pm",50,"Sealed","Dry","Not Raining","Night","Hit Parked Vehicle",2,,,1328215.1,1672773.02
"2020-5141-19/09/2025","SOMERTON PARK","CITY OF HOLDFAST BAY",2,2,0,0,2,2020,"June","Tuesday","11:07 am",60,"Sealed","Wet","Not Raining","Daylight","Right Angle",2,,,1321086.32,1662780.29
"2020-5142-19/09/2025","BEVERLEY","CITY OF CHARLES STURT",2,1,0,0,1,2020,"June","Tuesday","11:20 am",60,"Sealed","Wet","Raining","Daylight","Rear End",2,,,1324158.31,1674600.99
"2020-5144-19/09/2025","MYRTLE BANK","CITY OF UNLEY",3,1,0,0,1,2020,"June","Tuesday","12:30 pm",60,"Sealed","Wet","Raining","Daylight","Rear End",1,,,1330740.33,1667146.25
"2020-5146-19/09/2025","LITTLEHAMPTON","DC MT.BARKER.",2,3,0,3,0,2020,"June","Tuesday","01:35 pm",110,"Sealed","Wet","Not Raining","Daylight","Rear End",1,,,1352749.47,1655683.61
"2020-5151-19/09/2025","MOUNT GAMBIER","CC MT.GAMBIER.",2,1,0,0,1,2020,"June","Tuesday","03:46 pm",60,"Sealed","Dry","Not Raining","Daylight","Hit Pedestrian",2,,,1509992.89,1338959.59
"2020-5152-19/09/2025","SOUTH PLYMPTON","CC MARION.",2,1,0,0,1,2020,"June","Tuesday","05:45 pm",60,"Sealed","Wet","Not Raining","Night","Right Angle",1,,,1324261.14,1665691.56
"2020-5154-19/09/2025","GLEN OSMOND","CITY OF BURNSIDE",2,1,0,0,1,2020,"June","Tuesday","06:50 pm",60,"Sealed","Dry","Not Raining","Night","Side Swipe",2,,,1332382.06,1666934.62
"2020-5155-19/09/2025","HILLIER","CITY OF PLAYFORD.",2,1,0,1,0,2020,"June","Tuesday","05:58 pm",80,"Sealed","Dry","Not Raining","Night","Head On",2,,"Y",1336058.27,1702533.14
"2020-5156-19/09/2025","HOLDEN HILL","CITY OF PORT ADELAIDE ENFIELD",2,1,0,0,1,2020,"June","Saturday","03:40 pm",60,"Sealed","Wet","Raining","Daylight","Rear End",1,,,1333861.76,1678124.53
"2020-5158-19/09/2025","WATERLOO CORNER","CITY OF SALISBURY",2,1,0,0,1,2020,"June","Tuesday","06:40 pm",90,"Sealed","Dry","Not Raining","Night","Right Turn",2,,,1327645.93,1692118.06
"2020-5164-19/09/2025","BLAKEVIEW","CITY OF PLAYFORD.",1,1,0,0,1,2020,"June","Wednesday","08:46 am",50,"Sealed","Wet","Not Raining","Daylight","Roll Over",1,,,1338517.46,1697035.91
"2020-5171-19/09/2025","SALISBURY EAST","CITY OF SALISBURY",2,2,0,0,2,2020,"June","Wednesday","10:24 am",80,"Sealed","Dry","Not Raining","Daylight","Rear End",1,,,1333298.13,1685374.25
"2020-5176-19/09/2025","CROYDON PARK","CITY OF PORT ADELAIDE ENFIELD",2,1,0,0,1,2020,"June","Wednesday","01:35 pm",60,"Sealed","Dry","Not Raining","Daylight","Rear End",2,,,1326061.89,1676183.45
"2020-5177-19/09/2025","GEPPS CROSS","CITY OF PORT ADELAIDE ENFIELD",3,1,0,0,1,2020,"June","Wednesday","02:45 pm",70,"Sealed","Dry","Not Raining","Daylight","Rear End",1,,,1329500.82,1680356.12
"2020-5182-19/09/2025","HAMPSTEAD GARDENS","CITY OF PORT ADELAIDE ENFIELD",2,1,0,0,1,2020,"June","Wednesday","04:09 pm",60,"Sealed","Dry","Not Raining","Daylight","Rear End",2,,,1332044.59,1676608.58
"2020-5185-19/09/2025","MAITLAND","YORKE PENINSULA COUNCIL",6,1,0,1,0,2020,"June","Wednesday","03:50 pm",50,"Sealed","Dry","Not Raining","Daylight","Hit Fixed Object",1,,,1245540.4,1734444.99
"2020-5188-19/09/2025","PARAFIELD GARDENS","CITY OF SALISBURY",2,1,0,0,1,2020,"June","Wednesday","06:50 pm",50,"Sealed","Dry","Not Raining","Night","Hit Fixed Object",1,,,1330285.14,1687156.3
"2020-5189-19/09/2025","MODBURY NORTH","CITY OF TEA TREE GULLY",2,1,0,0,1,2020,"June","Wednesday","06:15 pm",80,"Sealed","Dry","Not Raining","Night","Rear End",2,,,1335957.53,1682318.25
"2020-5191-19/09/2025","SALISBURY","CITY OF SALISBURY",2,1,0,0,1,2020,"June","Wednesday","09:15 pm",50,"Sealed","Dry","Not Raining","Night","Right Angle",1,,,1333286.26,1688533.47
"2020-5196-19/09/2025","PAYNEHAM","CC OF NORWOOD,PAYNEHAM & ST PETERS",3,1,0,0,1,2020,"June","Thursday","09:40 am",60,"Sealed","Dry","Not Raining","Daylight","Rear End",1,,,1332529.33,1673954.14
"2020-5198-19/09/2025","GOLDEN GROVE","CITY OF TEA TREE GULLY",3,1,0,0,1,2020,"June","Thursday","11:15 am",60,"Sealed","Dry","Not Raining","Daylight","Hit Pedestrian",1,,,1337574.11,1685175.27
"2020-5202-19/09/2025","MILLICENT","WATTLE RANGE COUNCIL",2,1,0,0,1,2020,"June","Thursday","11:00 am",60,"Sealed","Dry","Not Raining","Daylight","Hit Parked Vehicle",1,,,1473698.96,1367523.3
"2020-5203-19/09/2025","OAKDEN","CITY OF PORT ADELAIDE ENFIELD",2,1,0,0,1,2020,"June","Thursday","01:46 pm",70,"Sealed","Dry","Not Raining","Daylight","Rear End",2,,,1332015.37,1679307.05
"2020-5206-19/09/2025","RIVERTON","CLARE AND GILBERT VALLEYS DISTRICT COUNCIL",1,1,0,1,0,2020,"June","Thursday","02:40 pm",100,"Sealed","Dry","Not Raining","Daylight","Roll Over",1,,,1340944.14,1753243.47
"2020-5208-19/09/2025","CAMPBELLTOWN","CC CAMPBELLTOWN.",2,1,0,0,1,2020,"June","Wednesday","04:30 pm",60,"Sealed","Dry","Not Raining","Daylight","Rear End",1,,,1334450.22,1675701.92
"2020-5210-19/09/2025","FELIXSTOW","CC OF NORWOOD,PAYNEHAM & ST PETERS",3,2,0,0,2,2020,"June","Thursday","03:35 pm",60,"Sealed","Dry","Not Raining","Daylight","Right Turn",2,,,1333333.8,1674325.01
"2020-5211-19/09/2025","STEPNEY","CC OF NORWOOD,PAYNEHAM & ST PETERS",2,1,0,0,1,2020,"June","Thursday","04:12 pm",60,"Sealed","Dry","Not Raining","Daylight","Right Turn",1,,,1331410.34,1671738.59
"2020-5213-19/09/2025","HACKNEY","CC OF NORWOOD,PAYNEHAM & ST PETERS",2,1,0,1,0,2020,"June","Thursday","05:03 pm",60,"Sealed","Dry","Not Raining","Daylight","Right Turn",2,,,1329888.83,1671303.98
"2020-5215-19/09/2025","LEABROOK","CITY OF BURNSIDE",2,2,0,0,2,2020,"June","Thursday","05:44 pm",60,"Sealed","Dry","Not Raining","Night","Right Turn",2,,,1333899.19,1670462.72
"2020-5217-19/09/2025","MOUNT GAMBIER","CC MT.GAMBIER.",2,1,0,0,1,2020,"June","Thursday","07:30 pm",50,"Sealed","Dry","Not Raining","Night","Hit Parked Vehicle",2,,,1509685.99,1340392.59
"2020-5221-19/09/2025","GRACE PLAINS","DC MALLALA.",2,2,0,0,2,2020,"June","Thursday","11:02 pm",100,"Sealed","Dry","Not Raining","Night","Roll Over",1,,,1320702.45,1733963.42
"2020-5226-19/09/2025","EVANSTON","CT GAWLER.",3,1,0,0,1,2020,"June","Friday","08:35 am",50,"Sealed","Dry","Not Raining","Daylight","Right Angle",1,,,1341985.39,1703540.23
"2020-5227-19/09/2025","MANNINGHAM","CITY OF PORT ADELAIDE ENFIELD",2,1,0,0,1,2020,"June","Friday","09:22 am",60,"Sealed","Dry","Not Raining","Daylight","Right Angle",1,,,1330449.38,1676140.76
"2020-5228-19/09/2025","PASADENA","CC MITCHAM.",2,1,0,0,1,2020,"June","Thursday","04:25 pm",60,"Sealed","Dry","Not Raining","Daylight","Rear End",2,,,1327392.63,1662323.9
"2020-5236-19/09/2025","POINT TURTON","YORKE PENINSULA COUNCIL",2,1,0,0,1,2020,"June","Friday","11:20 am",100,"Unsealed","Wet","Not Raining","Daylight","Hit Fixed Object",1,,,1211711.7,1670341.59
"2020-5238-19/09/2025","MITCHELL PARK","CC MARION.",2,1,0,0,1,2020,"June","Friday","12:55 pm",60,"Sealed","Dry","Not Raining","Daylight","Right Angle",1,,,1324405.57,1660898.16
"2020-5243-19/09/2025","BRIGHTON","CITY OF HOLDFAST BAY",2,1,0,0,1,2020,"June","Friday","03:50 pm",60,"Sealed","Dry","Not Raining","Daylight","Rear End",2,,,1321133.01,1660807.27
"2020-5245-19/09/2025","ROYSTON PARK","CC OF NORWOOD,PAYNEHAM & ST PETERS",2,1,0,0,1,2020,"June","Friday","04:10 pm",60,"Sealed","Dry","Not Raining","Daylight","Right Angle",1,,,1332018.48,1673607.78
"2020-5251-19/09/2025","SOUTH BRIGHTON","CITY OF HOLDFAST BAY",2,1,0,1,0,2020,"June","Friday","07:55 pm",60,"Sealed","Dry","Not Raining","Night","Right Turn",2,,,1321152.76,1660173.94
"2020-5254-19/09/2025","KERSBROOK","THE ADELAIDE HILLS COUNCIL",2,1,0,1,0,2020,"June","Saturday","10:25 am",100,"Unsealed","Dry","Not Raining","Daylight","Head On",1,,,1357755.56,1690382.95
"2020-5261-19/09/2025","CUMBERLAND PARK","CC MITCHAM.",3,1,0,0,1,2020,"June","Saturday","11:43 am",50,"Sealed","Dry","Not Raining","Daylight","Rear End",1,,,1326712.51,1665185.89
"2020-5265-19/09/2025","SALISBURY EAST","CITY OF SALISBURY",4,1,0,0,1,2020,"June","Saturday","03:00 pm",60,"Sealed","Dry","Not Raining","Daylight","Rear End",1,,,1333943.58,1684838.65
"2020-5266-19/09/2025","BALHANNAH","THE ADELAIDE HILLS COUNCIL",1,2,0,0,2,2020,"June","Friday","11:00 am",80,"Sealed","Wet","Not Raining","Daylight","Left Road - Out of Control",1,,,1349084.44,1662131.3
"2020-5267-19/09/2025","ELIZABETH VALE","CITY OF PLAYFORD.",2,2,0,0,2,2020,"June","Saturday","02:30 pm",80,"Sealed","Dry","Not Raining","Daylight","Rear End",2,,,1336141.79,1690279.18
"2020-5268-19/09/2025","TROTT PARK","CC MARION.",3,1,0,0,1,2020,"June","Saturday","02:21 pm",100,"Sealed","Dry","Not Raining","Daylight","Hit Fixed Object",1,,,1322828.01,1654316.06
"2020-5269-19/09/2025","BIRDWOOD","THE ADELAIDE HILLS COUNCIL",2,1,0,1,0,2020,"June","Saturday","03:25 pm",100,"Sealed","Dry","Not Raining","Daylight","Hit Fixed Object",1,,,1363937.6,1682694.38
"2020-5270-19/09/2025","GOODWOOD","CITY OF UNLEY",2,1,0,0,1,2020,"June","Saturday","04:40 pm",50,"Sealed","Dry","Not Raining","Daylight","Hit Fixed Object",1,,,1327461.9,1667745.53
"2020-5272-19/09/2025","KESWICK","CITY OF WEST TORRENS",2,1,0,0,1,2020,"June","Saturday","06:11 pm",60,"Sealed","Dry","Not Raining","Night","Right Turn",1,,,1325805.32,1668947.85
"2020-5273-19/09/2025","PETERHEAD","CITY OF PORT ADELAIDE ENFIELD",2,1,0,0,1,2020,"June","Saturday","07:11 pm",50,"Sealed","Dry","Not Raining","Night","Hit Fixed Object",1,"Y","Y",1318997.19,1681426.41
"2020-5274-19/09/2025","LITTLEHAMPTON","DC MT.BARKER.",2,1,0,0,1,2020,"June","Saturday","08:50 pm",50,"Sealed","Dry","Not Raining","Night","Hit Parked Vehicle",1,,"Y",1351547.2,1655934.25
"2020-5275-19/09/2025","SOUTH PLYMPTON","CC MARION.",3,1,0,0,1,2020,"June","Saturday","11:15 pm",60,"Sealed","Dry","Not Raining","Night","Rear End",2,"Y","Y",1324236.4,1666173.08
"2020-5276-19/09/2025","KOONGAWA","DC WUDINNA. (DC LE HUNTE.)",2,2,0,0,2,2020,"June","Sunday","02:00 am",110,"Sealed","Dry","Not Raining","Night","Hit Parked Vehicle",2,,,1076503.61,1871923.01
"2020-5280-19/09/2025","OLD REYNELLA","CITY OF ONKAPARINGA",2,1,0,0,1,2020,"June","Sunday","11:11 am",50,"Sealed","Dry","Not Raining","Daylight","Right Angle",1,,,1322349.71,1652220.86
"2020-5281-19/09/2025","MYPONGA","DC YANKALILLA.",2,2,0,0,2,2020,"June","Sunday","11:36 am",100,"Sealed","Dry","Not Raining","Daylight","Head On",2,,"Y",1317791.58,1622860.6
"2020-5282-19/09/2025","SEMAPHORE PARK","CITY OF CHARLES STURT",2,1,0,1,0,2020,"June","Sunday","12:13 pm",60,"Sealed","Dry","Not Raining","Daylight","Rear End",1,,,1318450.25,1679271.3
"2020-5284-19/09/2025","FLINDERS PARK","CITY OF CHARLES STURT",1,1,0,0,1,2020,"June","Sunday","12:11 pm",40,"Sealed","Dry","Not Raining","Daylight","Roll Over",1,,,1323962.72,1672357.47
"2020-5287-19/09/2025","HENLEY BEACH SOUTH","CITY OF CHARLES STURT",2,1,0,0,1,2020,"June","Sunday","03:16 pm",50,"Sealed","Dry","Not Raining","Daylight","Right Angle",2,,,1319224.2,1670085.92
"2020-5288-19/09/2025","MONTACUTE","THE ADELAIDE HILLS COUNCIL",1,1,0,0,1,2020,"June","Sunday","01:20 pm",80,"Sealed","Dry","Not Raining","Daylight","Roll Over",1,,,1340845.45,1673827.75
"2020-5291-19/09/2025","HECTORVILLE","CC CAMPBELLTOWN.",2,1,0,0,1,2020,"June","Sunday","05:05 pm",50,"Sealed","Dry","Not Raining","Daylight","Right Angle",2,,,1334286.91,1673836.18
"2020-5295-19/09/2025","LOCKLEYS","CITY OF WEST TORRENS",2,1,1,0,0,2020,"June","Sunday","02:20 pm",60,"Sealed","Dry","Not Raining","Daylight","Right Angle",1,,"Y",1321516.01,1670852.29
"2020-5296-19/09/2025","SALISBURY SOUTH","CITY OF SALISBURY",2,1,0,0,1,2020,"June","Sunday","09:01 pm",50,"Sealed","Dry","Not Raining","Night","Rear End",2,,,1333254.7,1686072.69
"2020-5298-19/09/2025","PORT LINCOLN","CC PT.LINCOLN.",2,1,0,1,0,2020,"June","Sunday","05:45 pm",50,"Sealed","Dry","Not Raining","Night","Right Turn",1,,"Y",1077946.74,1698147.41
"2020-5299-19/09/2025","MONASH","THE BERRI BARMERA COUNCIL",1,1,0,0,1,2020,"June","Monday","03:49 am",110,"Sealed","Dry","Not Raining","Night","Roll Over",1,,"Y",1517841.66,1738545.27
"2020-5300-19/09/2025","STURT","CC MARION.",2,1,0,0,1,2020,"June","Monday","06:10 am",60,"Sealed","Dry","Not Raining","Night","Right Turn",1,,,1323555.33,1660645.06
"2020-5302-19/09/2025","RICHMOND","CITY OF WEST TORRENS",1,1,0,0,1,2020,"June","Monday","07:45 am",60,"Sealed","Dry","Not Raining","Daylight","Roll Over",1,,,1325338.11,1668942.11
"2020-5307-19/09/2025","KLEMZIG","CITY OF PORT ADELAIDE ENFIELD",3,1,0,0,1,2020,"June","Sunday","12:00 pm",60,"Unsealed","Dry","Not Raining","Daylight","Rear End",1,,,1331891.4,1675697.89
"2020-5309-19/09/2025","MCLAREN VALE","CITY OF ONKAPARINGA",1,1,0,1,0,2020,"June","Sunday","12:00 pm",60,"Sealed","Dry","Not Raining","Daylight","Roll Over",1,,,1323143.36,1637168.11
"2020-5310-19/09/2025","MILE END","CITY OF WEST TORRENS",2,1,0,0,1,2020,"June","Monday","10:00 am",60,"Sealed","Dry","Not Raining","Daylight","Side Swipe",1,,,1326588.07,1670627.57
"2020-5314-19/09/2025","MARION","CC MARION.",2,1,0,0,1,2020,"June","Monday","07:20 am",60,"Sealed","Dry","Not Raining","Night","Right Angle",2,,,1324366.05,1661874.49
"2020-5315-19/09/2025","EDWARDSTOWN","CC MARION.",2,1,0,0,1,2020,"June","Monday","11:52 am",50,"Sealed","Dry","Not Raining","Daylight","Right Angle",1,,,1325710.69,1665415.7
"2020-5318-19/09/2025","OAKDEN","CITY OF PORT ADELAIDE ENFIELD",2,1,0,0,1,2020,"June","Tuesday","07:00 am",70,"Sealed","Dry","Not Raining","Night","Rear End",2,,,1332593.51,1679324.38
"2020-5325-19/09/2025","COLONEL LIGHT GARDENS","CC MITCHAM.",2,1,0,0,1,2020,"June","Monday","04:05 pm",50,"Sealed","Dry","Not Raining","Daylight","Head On",2,,"Y",1326739.13,1664258.17
"2020-5326-19/09/2025","BLAIR ATHOL","CITY OF PORT ADELAIDE ENFIELD",2,2,0,0,2,2020,"June","Monday","04:45 pm",60,"Sealed","Dry","Not Raining","Daylight","Right Turn",1,,,1328805.81,1678802.93
"2020-5330-19/09/2025","CROYDON","CITY OF CHARLES STURT",2,1,0,0,1,2020,"June","Monday","04:35 pm",40,"Sealed","Dry","Not Raining","Daylight","Right Angle",1,,,1325513.54,1674230.33
"2020-5333-19/09/2025","SEAFORD","CITY OF ONKAPARINGA",3,1,0,0,1,2020,"June","Monday","06:40 pm",70,"Sealed","Dry","Not Raining","Night","Right Angle",2,,,1316371.66,1642084.36
"2020-5336-19/09/2025","MILE END SOUTH","CITY OF WEST TORRENS",4,1,0,0,1,2020,"June","Tuesday","06:55 am",60,"Sealed","Dry","Not Raining","Night","Rear End",1,,,1325795.41,1669257.26
"2020-5337-19/09/2025","ROYAL PARK","CITY OF CHARLES STURT",2,1,0,0,1,2020,"June","Tuesday","07:36 am",60,"Sealed","Dry","Not Raining","Daylight","Right Angle",1,,"Y",1320681.7,1677608.59
"2020-5338-19/09/2025","TANUNDA","THE BAROSSA COUNCIL.",2,1,0,0,1,2020,"June","Tuesday","07:30 am",50,"Sealed","Dry","Not Raining","Daylight","Right Angle",1,,,1363848.13,1715514.39
"2020-5339-19/09/2025","HAPPY VALLEY","CITY OF ONKAPARINGA",4,4,0,0,4,2020,"June","Tuesday","08:55 am",80,"Sealed","Dry","Not Raining","Daylight","Right Turn",2,,,1323417.65,1654231
"2020-5341-19/09/2025","PROSPECT","CITY OF PROSPECT",2,1,0,0,1,2020,"June","Tuesday","11:44 am",60,"Sealed","Dry","Not Raining","Daylight","Right Turn",1,,,1327254.77,1675711.13