"REPORT_ID","Suburb","LGA Name","Total Units","Total Cas","Total Fats","Total SI","Total MI","Year","Month","Day","Time","Area Speed","Road Surface","Moisture Cond","Weather Cond","DayNight","Crash Type","Unit Resp","DUI Involved","Drugs Involved","ACCLOC_X","ACCLOC_Y"
"2020-5343-19/09/2025","TROTT PARK","CC MARION.",1,1,0,1,0,2020,"June","Tuesday","11:51 am",50,"Sealed","Dry","Not Raining","Daylight","Roll Over",1,,,1322129.86,1653655.53
"2020-5347-19/09/2025","GOLDEN GROVE","CITY OF TEA TREE GULLY",2,2,0,0,2,2020,"June","Saturday","10:30 am",60,"Sealed","Dry","Not Raining","Daylight","Rear End",1,,,1338747.55,1685924.49
"2020-5349-19/09/2025","MUNNO PARA","CITY OF PLAYFORD.",2,1,0,0,1,2020,"June","Tuesday","02:01 pm",60,"Sealed","Dry","Not Raining","Daylight","Right Turn",2,,,1336690.92,1698532.16
"2020-5358-19/09/2025","WOODVILLE PARK","CITY OF CHARLES STURT",4,3,0,0,3,2020,"June","Tuesday","06:05 pm",60,"Sealed","Dry","Not Raining","Night","Hit Fixed Object",1,,,1324105.93,1675848.79
"2020-5361-19/09/2025","MUNNO PARA","CITY OF PLAYFORD.",2,1,0,0,1,2020,"June","Thursday","06:00 pm",10,"Sealed","Dry","Not Raining","Night","Hit Pedestrian",2,,,1337385.8,1699288.86
"2020-5364-19/09/2025","BUGLE RANGES","DC MT.BARKER.",1,1,0,1,0,2020,"June","Tuesday","11:25 pm",100,"Sealed","Dry","Not Raining","Night","Roll Over",1,,,1353609.36,1645198.97
"2020-5366-19/09/2025","FREELING","LIGHT REGIONAL COUNCIL",2,1,0,1,0,2020,"June","Monday","12:50 pm",100,"Sealed","Dry","Not Raining","Daylight","Hit Fixed Object",1,,,1351981.66,1723968.62
"2020-5369-19/09/2025","WOODVILLE GARDENS","CITY OF PORT ADELAIDE ENFIELD",2,1,0,0,1,2020,"July","Wednesday","08:35 am",25,"Sealed","Dry","Not Raining","Daylight","Hit Pedestrian",2,,,1324358.49,1677713.07
"2020-5377-19/09/2025","MITCHELL PARK","CC MARION.",2,1,0,1,0,2020,"July","Wednesday","11:42 am",60,"Sealed","Dry","Not Raining","Daylight","Right Angle",1,,,1325114.04,1663292.52
"2020-5378-19/09/2025","KESWICK","CITY OF WEST TORRENS",2,2,0,0,2,2020,"July","Wednesday","08:35 am",60,"Sealed","Dry","Not Raining","Daylight","Right Angle",2,,,1325794.33,1668947.63
"2020-5384-19/09/2025","HACKHAM WEST","CITY OF ONKAPARINGA",1,1,0,1,0,2020,"July","Wednesday","06:00 pm",50,"Sealed","Wet","Raining","Night","Roll Over",1,,,1320752.52,1647075.21
"2020-5387-19/09/2025","KURRALTA PARK","CITY OF WEST TORRENS",2,1,0,0,1,2020,"July","Wednesday","08:50 am",60,"Sealed","Dry","Not Raining","Daylight","Rear End",2,,,1325812.97,1668172.12
"2020-5391-19/09/2025","MODBURY","CITY OF TEA TREE GULLY",2,2,0,0,2,2020,"July","Wednesday","08:39 pm",60,"Sealed","Wet","Raining","Night","Right Turn",1,,,1336424.78,1680609.96
"2020-5392-19/09/2025","PARALOWIE","CITY OF SALISBURY",2,1,0,0,1,2020,"July","Wednesday","08:45 pm",50,"Sealed","Wet","Raining","Night","Rear End",2,,,1329983.98,1688722.5
"2020-5395-19/09/2025","NORTH ADELAIDE","CITY OF ADELAIDE",2,1,0,0,1,2020,"July","Wednesday","11:20 pm",50,"Sealed","Wet","Raining","Night","Right Angle",1,,,1329586.59,1672940.18
"2020-5396-19/09/2025","PARA HILLS WEST","CITY OF SALISBURY",2,1,0,1,0,2020,"July","Wednesday","11:20 pm",60,"Sealed","Wet","Raining","Night","Hit Fixed Object",1,,,1332990.78,1683143.51
"2020-5397-19/09/2025","ALDINGA","CITY OF ONKAPARINGA",2,1,0,1,0,2020,"July","Thursday","12:30 am",70,"Sealed","Wet","Raining","Night","Hit Fixed Object",1,,"Y",1316186.01,1632187.24
"2020-5398-19/09/2025","BELAIR","CC MITCHAM.",3,1,0,0,1,2020,"July","Wednesday","11:50 pm",60,"Sealed","Wet","Not Raining","Night","Hit Fixed Object",1,,,1328734.09,1662366.5
"2020-5405-19/09/2025","SEAFORD MEADOWS","CITY OF ONKAPARINGA",2,3,0,0,3,2020,"July","Thursday","08:40 am",50,"Sealed","Wet","Raining","Daylight","Right Turn",2,,,1317101.84,1643647.4
"2020-5406-19/09/2025","ROSTREVOR","CC CAMPBELLTOWN.",4,1,0,0,1,2020,"July","Thursday","09:33 am",50,"Sealed","Dry","Not Raining","Daylight","Right Angle",2,,,1335649.29,1673767.55
"2020-5407-19/09/2025","NORWOOD","CC OF NORWOOD,PAYNEHAM & ST PETERS",2,1,0,0,1,2020,"July","Thursday","08:27 am",50,"Sealed","Dry","Not Raining","Daylight","Right Angle",2,,,1331241.45,1670715.28
"2020-5414-19/09/2025","WOODVILLE NORTH","CITY OF CHARLES STURT",2,1,0,0,1,2020,"July","Thursday","01:00 pm",60,"Sealed","Dry","Not Raining","Daylight","Right Angle",2,,,1323810.07,1676548.7
"2020-5416-19/09/2025","NORTH BRIGHTON","CITY OF HOLDFAST BAY",2,1,0,0,1,2020,"July","Thursday","01:20 pm",50,"Sealed","Dry","Not Raining","Daylight","Rear End",2,,,1320765.06,1661979.21
"2020-5417-19/09/2025","WARRADALE","CC MARION.",2,1,0,0,1,2020,"July","Thursday","01:45 pm",60,"Sealed","Wet","Not Raining","Daylight","Right Turn",1,,,1322704.55,1663058.82
"2020-5420-19/09/2025","MODBURY","CITY OF TEA TREE GULLY",3,1,0,0,1,2020,"July","Thursday","03:30 pm",60,"Sealed","Wet","Not Raining","Daylight","Rear End",1,,,1335686.56,1681146.21
"2020-5421-19/09/2025","MAWSON LAKES","CITY OF SALISBURY",2,1,0,0,1,2020,"July","Thursday","03:10 pm",80,"Sealed","Wet","Not Raining","Daylight","Side Swipe",1,,,1328646.14,1684295.36
"2020-5422-19/09/2025","SALISBURY NORTH","CITY OF SALISBURY",2,1,0,0,1,2020,"July","Thursday","03:57 pm",60,"Sealed","Wet","Not Raining","Daylight","Other",9,,,1330482.1,1690561.51
"2020-5423-19/09/2025","EXETER","CITY OF PORT ADELAIDE ENFIELD",2,1,0,0,1,2020,"July","Thursday","02:00 pm",50,"Sealed","Dry","Not Raining","Daylight","Hit Pedestrian",2,,,1318777.1,1680500.6
"2020-5428-19/09/2025","SOUTH PLYMPTON","CC MARION.",2,1,0,1,0,2020,"July","Thursday","04:00 pm",60,"Sealed","Dry","Not Raining","Daylight","Hit Pedestrian",2,,,1324274.65,1665249.89
"2020-5431-19/09/2025","CAVAN","CITY OF SALISBURY",4,1,0,0,1,2020,"July","Thursday","05:48 pm",70,"Sealed","Wet","Not Raining","Night","Rear End",1,,,1328721.63,1681496.52
"2020-5432-19/09/2025","ELIZABETH","CITY OF PLAYFORD.",2,1,0,0,1,2020,"July","Thursday","05:50 pm",50,"Sealed","Wet","Not Raining","Night","Right Angle",1,,,1335277.57,1693292.96
"2020-5433-19/09/2025","BOLIVAR","CITY OF SALISBURY",2,1,0,0,1,2020,"July","Thursday","07:18 pm",90,"Sealed","Wet","Not Raining","Night","Right Angle",2,,,1328471.89,1688636.97
"2020-5434-19/09/2025","SEACLIFF","CITY OF HOLDFAST BAY",2,1,0,0,1,2020,"July","Thursday","07:00 pm",50,"Sealed","Dry","Not Raining","Night","Hit Parked Vehicle",1,,,1321108.63,1658275.64
"2020-5440-19/09/2025","NEWTON","CC CAMPBELLTOWN.",2,2,0,0,2,2020,"July","Friday","06:50 am",60,"Sealed","Wet","Raining","Night","Right Turn",2,,,1335409.35,1674554.22
"2020-5444-19/09/2025","MAWSON LAKES","CITY OF SALISBURY",2,1,0,0,1,2020,"July","Thursday","05:10 pm",70,"Sealed","Dry","Not Raining","Daylight","Rear End",2,,,1329569.95,1684428.06
"2020-5445-19/09/2025","MUNNO PARA","CITY OF PLAYFORD.",2,1,0,0,1,2020,"July","Friday","08:50 am",15,"Sealed","Wet","Not Raining","Daylight","Right Angle",1,,,1336850.38,1698798.61
"2020-5446-19/09/2025","WALLAROO","COPPER COAST DISTRICT COUNCIL",2,2,0,0,2,2020,"July","Friday","10:05 am",50,"Sealed","Dry","Not Raining","Daylight","Right Angle",1,,,1243436.57,1782931.04
"2020-5449-19/09/2025","HAZELWOOD PARK","CITY OF BURNSIDE",1,1,0,0,1,2020,"June","Thursday","10:43 am",60,"Sealed","Dry","Not Raining","Daylight","Roll Over",1,"Y",,1333938.62,1669039.15
"2020-5451-19/09/2025","GAWLER","CT GAWLER.",4,1,0,0,1,2020,"July","Friday","08:30 am",50,"Sealed","Dry","Not Raining","Daylight","Head On",1,,,1343361.92,1706317.52
"2020-5455-19/09/2025","TORRENSVILLE","CITY OF WEST TORRENS",2,1,0,0,1,2020,"July","Friday","01:40 pm",50,"Sealed","Dry","Not Raining","Daylight","Right Angle",1,,,1324746.26,1671390.05
"2020-5456-19/09/2025","SALISBURY NORTH","CITY OF SALISBURY",2,1,0,0,1,2020,"July","Thursday","08:40 am",50,"Sealed","Dry","Not Raining","Daylight","Rear End",2,,,1332609.95,1690193.38
"2020-5457-19/09/2025","PORT ADELAIDE","CITY OF PORT ADELAIDE ENFIELD",2,1,0,0,1,2020,"July","Friday","03:04 pm",60,"Sealed","Dry","Not Raining","Daylight","Right Angle",2,,,1320486.5,1678923.84
"2020-5458-19/09/2025","THORNGATE","CITY OF PROSPECT",2,1,0,0,1,2020,"July","Friday","03:42 pm",60,"Sealed","Dry","Not Raining","Daylight","Right Turn",1,,,1328116.31,1673675.73
"2020-5462-19/09/2025","SHEIDOW PARK","CC MARION.",1,1,0,0,1,2020,"July","Friday","03:35 pm",80,"Sealed","Dry","Not Raining","Daylight","Roll Over",1,,,1320343.3,1653904.34
"2020-5465-19/09/2025","ADELAIDE","CITY OF ADELAIDE",2,1,0,0,1,2020,"July","Thursday","06:30 pm",50,"Sealed","Wet","Raining","Night","Right Angle",1,,,1328889.52,1670370.33
"2020-5468-19/09/2025","ADELAIDE","CITY OF ADELAIDE",2,1,0,0,1,2020,"July","Friday","06:00 pm",50,"Sealed","Dry","Not Raining","Night","Rear End",2,,,1328686.97,1670675.73
"2020-5469-19/09/2025","ADELAIDE","CITY OF ADELAIDE",2,1,0,1,0,2020,"July","Friday","09:09 pm",60,"Sealed","Wet","Raining","Night","Hit Pedestrian",2,"Y",,1327901.22,1670976.47
"2020-5475-19/09/2025","LINDEN PARK","CITY OF BURNSIDE",2,1,0,0,1,2020,"July","Saturday","09:20 am",60,"Sealed","Wet","Not Raining","Daylight","Side Swipe",1,,,1332318.98,1668827.98
"2020-5478-19/09/2025","FLAXLEY","DC MT.BARKER.",1,1,0,1,0,2020,"July","Saturday","10:00 am",80,"Sealed","Wet","Not Raining","Daylight","Roll Over",1,,,1346843.72,1648008.34
"2020-5479-19/09/2025","TWO WELLS","DC MALLALA.",2,1,0,1,0,2020,"July","Saturday","09:00 am",80,"Sealed","Dry","Not Raining","Daylight","Right Angle",2,,,1322481.28,1706989.94
"2020-5482-19/09/2025","UNDERDALE","CITY OF WEST TORRENS",2,1,0,0,1,2020,"July","Saturday","12:30 pm",60,"Sealed","Wet","Not Raining","Daylight","Rear End",2,,,1323829.19,1671602.14
"2020-5488-19/09/2025","CLARENCE GARDENS","CC MITCHAM.",2,1,0,0,1,2020,"July","Friday","06:05 pm",60,"Sealed","Dry","Not Raining","Night","Rear End",2,,,1325891.34,1666162.37
"2020-5495-19/09/2025","ALDINGA BEACH","CITY OF ONKAPARINGA",2,1,0,1,0,2020,"July","Saturday","06:23 pm",50,"Sealed","Dry","Not Raining","Night","Head On",1,"Y",,1313180.7,1629955.35
"2020-5496-19/09/2025","POLISH HILL RIVER","CLARE AND GILBERT VALLEYS DISTRICT COUNCIL",2,1,0,1,0,2020,"July","Saturday","08:30 pm",100,"Sealed","Wet","Raining","Night","Hit Fixed Object",1,"Y",,1338022.81,1783704.64
"2020-5500-19/09/2025","HILLBANK","CITY OF PLAYFORD.",2,1,0,1,0,2020,"July","Sunday","06:00 am",80,"Sealed","Dry","Not Raining","Night","Hit Fixed Object",1,"Y","Y",1336346.43,1689862.31
"2020-5502-19/09/2025","ELIZABETH GROVE","CITY OF PLAYFORD.",2,1,0,1,0,2020,"July","Sunday","08:03 am",50,"Sealed","Dry","Not Raining","Daylight","Hit Parked Vehicle",1,"Y","Y",1336028.06,1691516.96
"2020-5507-19/09/2025","THEBARTON","CITY OF WEST TORRENS",3,1,0,0,1,2020,"July","Sunday","12:30 pm",60,"Sealed","Dry","Not Raining","Daylight","Rear End",1,,,1325687.29,1671374.32
"2020-5509-19/09/2025","WANGARY","DC LOWER EYRE PENINSULA",2,1,0,0,1,2020,"July","Sunday","11:45 am",110,"Sealed","Dry","Not Raining","Daylight","Hit Fixed Object",1,,,1054630.2,1713235.74
"2020-5512-19/09/2025","HIGHBURY","CITY OF TEA TREE GULLY",2,1,0,0,1,2020,"July","Sunday","03:45 pm",60,"Sealed","Dry","Not Raining","Daylight","Rear End",2,,,1337582.95,1678245.96
"2020-5513-19/09/2025","MORGAN","MID MURRAY DISTRICT COUNCIL",1,1,0,1,0,2020,"July","Sunday","03:40 pm",60,"Unsealed","Dry","Not Raining","Daylight","Roll Over",1,,,1424598.66,1756636.57
"2020-5516-19/09/2025","HAPPY VALLEY","CITY OF ONKAPARINGA",2,4,0,1,3,2020,"July","Sunday","06:05 pm",80,"Sealed","Dry","Not Raining","Night","Right Turn",1,,,1323446.95,1654232.01
"2020-5517-19/09/2025","BURTON","CITY OF SALISBURY",2,1,0,0,1,2020,"July","Sunday","10:03 pm",60,"Sealed","Dry","Not Raining","Night","Right Angle",2,,,1330151.76,1690822.54
"2020-5518-19/09/2025","LINDEN PARK","CITY OF BURNSIDE",2,1,0,0,1,2020,"July","Monday","02:20 am",60,"Sealed","Dry","Not Raining","Night","Hit Parked Vehicle",1,,,1332324.78,1668646.4
"2020-5522-19/09/2025","BEAUFORT","WAKEFIELD REGIONAL COUNCIL",2,1,0,0,1,2020,"July","Monday","07:00 am",110,"Sealed","Dry","Not Raining","Night","Right Angle",2,,,1294855.18,1765187.72
"2020-5528-19/09/2025","STIRLING","THE ADELAIDE HILLS COUNCIL",3,1,0,0,1,2020,"July","Monday","09:42 am",110,"Sealed","Dry","Not Raining","Daylight","Rear End",1,,,1339860.37,1662240.83
"2020-5531-19/09/2025","GAWLER BELT","LIGHT REGIONAL COUNCIL",2,1,0,0,1,2020,"July","Sunday","04:15 pm",60,"Sealed","Dry","Not Raining","Daylight","Right Angle",2,,,1342144.11,1709413.39
"2020-5533-19/09/2025","DAW PARK","CC MITCHAM.",3,1,0,0,1,2020,"July","Monday","11:58 am",50,"Sealed","Dry","Not Raining","Daylight","Hit Parked Vehicle",1,,,1327123.88,1664734.46
"2020-5536-19/09/2025","KILKENNY","CITY OF CHARLES STURT",2,1,0,1,0,2020,"July","Monday","01:30 pm",60,"Unsealed","Dry","Not Raining","Daylight","Hit Pedestrian",2,,,1324676.65,1675865.71
"2020-5539-19/09/2025","GOLDEN GROVE","CITY OF TEA TREE GULLY",3,1,0,0,1,2020,"July","Monday","03:15 pm",60,"Sealed","Dry","Not Raining","Daylight","Right Turn",1,,,1337574.11,1685175.27
"2020-5540-19/09/2025","ELIZABETH SOUTH","CITY OF PLAYFORD.",2,1,0,0,1,2020,"July","Monday","03:40 pm",50,"Sealed","Dry","Not Raining","Daylight","Right Turn",1,,,1334576.7,1690421.73
"2020-5541-19/09/2025","WINGFIELD","CITY OF PORT ADELAIDE ENFIELD",2,1,0,0,1,2020,"July","Monday","04:45 pm",60,"Sealed","Dry","Not Raining","Daylight","Rear End",1,,,1325259.31,1679195.65
"2020-5542-19/09/2025","SALISBURY HEIGHTS","CITY OF SALISBURY",2,1,0,1,0,2020,"July","Monday","04:43 pm",60,"Sealed","Dry","Not Raining","Daylight","Right Angle",1,,,1336258.37,1687698.86
"2020-5545-19/09/2025","HACKNEY","CC OF NORWOOD,PAYNEHAM & ST PETERS",4,1,0,0,1,2020,"July","Monday","05:28 pm",60,"Sealed","Dry","Not Raining","Night","Rear End",1,,,1329794.99,1671923.82
"2020-5549-19/09/2025","ADELAIDE","CITY OF ADELAIDE",3,1,0,0,1,2020,"July","Tuesday","06:42 am",60,"Sealed","Dry","Not Raining","Night","Rear End",1,,,1327369.29,1670156.24
"2020-5550-19/09/2025","OLD NOARLUNGA","CITY OF ONKAPARINGA",2,1,0,1,0,2020,"July","Tuesday","07:15 am",60,"Sealed","Dry","Not Raining","Night","Hit Fixed Object",1,,"Y",1318578.68,1642552.36
"2020-5560-19/09/2025","SOMERTON PARK","CITY OF HOLDFAST BAY",2,1,0,0,1,2020,"July","Monday","09:37 pm",60,"Sealed","Dry","Not Raining","Night","Right Angle",2,,,1321093.55,1662524.92
"2020-5561-19/09/2025","ELIZABETH","CITY OF PLAYFORD.",2,1,0,0,1,2020,"July","Tuesday","02:15 am",60,"Sealed","Dry","Not Raining","Night","Hit Parked Vehicle",1,,,1335507.89,1692927.14
"2020-5564-19/09/2025","WHYALLA","CC WHYALLA.",2,1,0,0,1,2020,"July","Tuesday","03:45 pm",60,"Sealed","Dry","Not Raining","Daylight","Right Angle",2,,,1240441.39,1883176.69
"2020-5566-19/09/2025","VIRGINIA","CITY OF PLAYFORD.",2,1,0,0,1,2020,"July","Tuesday","03:30 pm",90,"Sealed","Dry","Not Raining","Daylight","Right Angle",2,,,1324127.47,1701207.09
"2020-5568-19/09/2025","NOARLUNGA CENTRE","CITY OF ONKAPARINGA",2,1,0,0,1,2020,"July","Tuesday","02:55 pm",60,"Sealed","Dry","Not Raining","Daylight","Right Turn",1,,,1317362.94,1647424.75
"2020-5573-19/09/2025","RUDALL","DC CLEVE.",2,3,1,1,1,2020,"July","Tuesday","09:20 am",110,"Sealed","Dry","Not Raining","Daylight","Head On",1,,,1118200.68,1811865.32
"2020-5576-19/09/2025","SEATON","CITY OF CHARLES STURT",2,1,0,0,1,2020,"July","Tuesday","07:20 pm",60,"Sealed","Dry","Not Raining","Night","Rear End",2,,,1320788.26,1673142.07
"2020-5578-19/09/2025","MODBURY NORTH","CITY OF TEA TREE GULLY",2,1,0,0,1,2020,"July","Tuesday","11:36 pm",80,"Sealed","Dry","Not Raining","Night","Right Turn",1,,,1335966.45,1682345.59
"2020-5581-19/09/2025","REGENCY PARK","CITY OF PORT ADELAIDE ENFIELD",2,1,0,1,0,2020,"July","Wednesday","06:20 am",50,"Sealed","Dry","Not Raining","Night","Right Turn",1,,,1326014.7,1678562.05
"2020-5582-19/09/2025","GEPPS CROSS","CITY OF PORT ADELAIDE ENFIELD",3,1,0,0,1,2020,"July","Wednesday","06:23 am",60,"Sealed","Wet","Not Raining","Night","Right Turn",2,,,1330377.19,1679303.05
"2020-5587-19/09/2025","MANSFIELD PARK","CITY OF PORT ADELAIDE ENFIELD",2,1,0,0,1,2020,"July","Wednesday","11:32 am",60,"Sealed","Dry","Not Raining","Daylight","Hit Fixed Object",1,,"Y",1323936.68,1678186.89
"2020-5591-19/09/2025","PORT BROUGHTON","BARUNGA WEST DISTRICT COUNCIL",2,1,0,1,0,2020,"July","Wednesday","12:30 pm",100,"Sealed","Dry","Not Raining","Daylight","Hit Fixed Object",1,,,1272099.7,1816600.78
"2020-5593-19/09/2025","ELIZABETH NORTH","CITY OF PLAYFORD.",2,1,0,0,1,2020,"July","Wednesday","12:28 pm",80,"Sealed","Dry","Not Raining","Daylight","Right Turn",2,,,1336972.07,1695458.34
"2020-5596-19/09/2025","MUNNO PARA","CITY OF PLAYFORD.",2,1,0,0,1,2020,"July","Wednesday","02:20 pm",60,"Sealed","Dry","Not Raining","Daylight","Right Turn",2,,,1336690.92,1698532.16
"2020-5597-19/09/2025","HOVE","CITY OF HOLDFAST BAY",2,1,0,0,1,2020,"July","Wednesday","03:09 pm",60,"Sealed","Dry","Not Raining","Daylight","Side Swipe",2,,,1321109.59,1661621.22
"2020-5606-19/09/2025","WHYALLA STUART","CC WHYALLA.",1,3,1,2,0,2020,"July","Wednesday","11:40 am",100,"Unsealed","Dry","Not Raining","Daylight","Roll Over",1,,,1235092.21,1881792.52
"2020-5612-19/09/2025","ELIZABETH PARK","CITY OF PLAYFORD.",2,1,0,0,1,2020,"July","Thursday","07:30 am",80,"Sealed","Dry","Not Raining","Daylight","Rear End",1,,,1336500.9,1694621.89
"2020-5617-19/09/2025","MILE END","CITY OF WEST TORRENS",2,1,0,0,1,2020,"July","Thursday","08:30 am",60,"Sealed","Dry","Not Raining","Daylight","Rear End",1,,,1326418.42,1670992.64
"2020-5622-19/09/2025","STURT","CC MARION.",3,1,0,0,1,2020,"July","Thursday","10:13 am",80,"Sealed","Dry","Not Raining","Daylight","Rear End",1,,"Y",1324229.27,1659675.61
"2020-5623-19/09/2025","BURNSIDE","CITY OF BURNSIDE",2,1,0,0,1,2020,"July","Thursday","09:45 am",60,"Sealed","Dry","Not Raining","Daylight","Right Angle",2,,,1334752.82,1669124.21
"2020-5631-19/09/2025","WEST BEACH","CITY OF CHARLES STURT",2,1,0,0,1,2020,"July","Thursday","08:15 am",60,"Sealed","Dry","Not Raining","Daylight","Right Angle",2,,,1319503.5,1669661.43
"2020-5634-19/09/2025","NETLEY","CITY OF WEST TORRENS",4,1,0,0,1,2020,"July","Thursday","06:08 pm",60,"Sealed","Dry","Not Raining","Night","Right Turn",2,,"Y",1324166.39,1668906.15
"2020-5635-19/09/2025","ROSE PARK","CITY OF BURNSIDE",4,1,0,0,1,2020,"July","Thursday","06:00 pm",60,"Sealed","Dry","Not Raining","Night","Rear End",1,,,1330658.62,1670038.11
"2020-5636-19/09/2025","TORRENSVILLE","CITY OF WEST TORRENS",2,1,0,0,1,2020,"July","Thursday","05:10 pm",50,"Sealed","Dry","Not Raining","Daylight","Rear End",1,,,1325065.98,1671399.16
"2020-5637-19/09/2025","SPRING FARM","CLARE AND GILBERT VALLEYS DISTRICT COUNCIL",3,1,0,0,1,2020,"July","Thursday","11:55 am",80,"Sealed","Dry","Not Raining","Daylight","Roll Over",1,"Y",,1335167.38,1788609.03
"2020-5638-19/09/2025","MYRTLE BANK","CITY OF UNLEY",2,1,0,0,1,2020,"July","Thursday","04:00 pm",60,"Sealed","Dry","Not Raining","Daylight","Rear End",1,,,1332334.94,1666422.36
"2020-5642-19/09/2025","NOARLUNGA CENTRE","CITY OF ONKAPARINGA",2,1,0,0,1,2020,"July","Thursday","10:15 pm",60,"Sealed","Dry","Not Raining","Night","Rear End",2,,"Y",1318337.56,1647460.97
"2020-5643-19/09/2025","CHRISTIES BEACH","CITY OF ONKAPARINGA",6,2,0,0,2,2020,"July","Thursday","11:10 pm",50,"Sealed","Dry","Not Raining","Night","Hit Parked Vehicle",1,,,1316761.96,1647819.23
"2020-5647-19/09/2025","GLYNDE","CC OF NORWOOD,PAYNEHAM & ST PETERS",2,1,0,0,1,2020,"July","Friday","08:36 am",60,"Sealed","Wet","Not Raining","Daylight","Side Swipe",1,,,1333191.27,1674250.06
"2020-5652-19/09/2025","NEW PORT","CITY OF PORT ADELAIDE ENFIELD",2,2,0,0,2,2020,"July","Friday","09:56 am",60,"Sealed","Dry","Not Raining","Daylight","Right Turn",1,,,1319183.3,1679164.13
"2020-5654-19/09/2025","STRATHALBYN","ALEXANDRINA COUNCIL",2,1,0,0,1,2020,"July","Friday","09:15 am",100,"Sealed","Dry","Not Raining","Daylight","Hit Fixed Object",1,,"Y",1354206.36,1636460.51
"2020-5656-19/09/2025","COROMANDEL VALLEY","CITY OF ONKAPARINGA",4,1,0,1,0,2020,"July","Friday","12:30 pm",60,"Sealed","Wet","Raining","Daylight","Hit Fixed Object",1,,,1329817.44,1656095.71
"2020-5658-19/09/2025","POORAKA","CITY OF SALISBURY",3,1,0,0,1,2020,"July","Friday","01:28 pm",70,"Sealed","Dry","Not Raining","Daylight","Rear End",1,"Y",,1329900.19,1681008.79
"2020-5659-19/09/2025","WEST LAKES","CITY OF CHARLES STURT",2,1,0,0,1,2020,"July","Thursday","03:15 pm",60,"Unsealed","Dry","Not Raining","Daylight","Right Angle",1,,,1318684.08,1676662.29
"2020-5660-19/09/2025","WESTBOURNE PARK","CC MITCHAM.",2,1,0,0,1,2020,"July","Friday","01:15 pm",60,"Sealed","Dry","Not Raining","Daylight","Right Angle",2,,,1327522.5,1665690.03
"2020-5661-19/09/2025","CROYDON PARK","CITY OF PORT ADELAIDE ENFIELD",2,1,0,0,1,2020,"July","Friday","02:11 pm",60,"Sealed","Dry","Not Raining","Daylight","Side Swipe",2,,,1326064.34,1676084.42
"2020-5666-19/09/2025","GLANDORE","CITY OF UNLEY",4,1,0,0,1,2020,"July","Friday","02:45 pm",60,"Sealed","Dry","Not Raining","Daylight","Hit Fixed Object",1,,,1325862.93,1666896.35
"2020-5670-19/09/2025","BLACK SPRINGS","CLARE AND GILBERT VALLEYS DISTRICT COUNCIL",1,2,0,0,2,2020,"July","Friday","12:55 pm",110,"Sealed","Dry","Not Raining","Daylight","Roll Over",1,,,1357375.02,1784304.4
"2020-5676-19/09/2025","WILLUNGA","CITY OF ONKAPARINGA",1,1,0,0,1,2020,"July","Friday","04:19 pm",50,"Sealed","Dry","Not Raining","Daylight","Roll Over",1,,,1323029.78,1633674.36
"2020-5689-19/09/2025","KILBURN","CITY OF PORT ADELAIDE ENFIELD",2,1,0,0,1,2020,"July","Friday","09:40 am",60,"Sealed","Dry","Not Raining","Daylight","Right Angle",2,,,1327214.23,1677501.5
"2020-5690-19/09/2025","MODBURY","CITY OF TEA TREE GULLY",2,2,0,0,2,2020,"July","Saturday","02:15 pm",60,"Sealed","Wet","Raining","Daylight","Right Angle",2,,,1336881.64,1680619.77
"2020-5694-19/09/2025","TORRENSVILLE","CITY OF WEST TORRENS",2,1,0,0,1,2020,"May","Wednesday","05:40 pm",60,"Sealed","Wet","Not Raining","Night","Rear End",2,,,1325754.03,1670993.72
"2020-5695-19/09/2025","SOMERTON PARK","CITY OF HOLDFAST BAY",3,1,0,0,1,2020,"July","Saturday","05:55 pm",60,"Sealed","Wet","Not Raining","Night","Hit Parked Vehicle",1,,,1321058,1663429.11
"2020-5696-19/09/2025","REYNELLA","CITY OF ONKAPARINGA",2,2,0,0,2,2020,"July","Saturday","06:43 pm",100,"Sealed","Dry","Not Raining","Night","Side Swipe",1,,,1320657.61,1652205.65
"2020-5698-19/09/2025","TWO WELLS","DC MALLALA.",2,1,0,0,1,2020,"July","Saturday","07:30 pm",80,"Sealed","Dry","Not Raining","Night","Hit Fixed Object",1,,"Y",1325632.44,1704121.83
"2020-5700-19/09/2025","BALGOWAN","YORKE PENINSULA COUNCIL",1,1,1,0,0,2020,"July","Saturday","05:30 pm",100,"Sealed","Dry","Not Raining","Night","Roll Over",1,"Y",,1231891.14,1740976.55
"2020-5701-19/09/2025","MUNNO PARA WEST","CITY OF PLAYFORD.",2,1,0,0,1,2020,"July","Saturday","09:00 pm",50,"Sealed","Wet","Raining","Night","Hit Fixed Object",1,,,1336006.26,1700723.19
"2020-5704-19/09/2025","YANKALILLA","DC YANKALILLA.",3,1,0,1,0,2020,"July","Sunday","12:15 am",60,"Sealed","Wet","Not Raining","Night","Hit Fixed Object",1,"Y",,1303243.42,1612488.48
"2020-5710-19/09/2025","GLENELG NORTH","CITY OF HOLDFAST BAY",2,1,0,0,1,2020,"July","Sunday","08:00 am",50,"Sealed","Dry","Not Raining","Daylight","Right Angle",2,,,1320786.94,1665298.76
"2020-5711-19/09/2025","ADELAIDE","CITY OF ADELAIDE",5,1,0,0,1,2020,"July","Sunday","08:29 am",50,"Sealed","Wet","Not Raining","Daylight","Hit Fixed Object",1,,,1328095.92,1670969.48
"2020-5720-19/09/2025","CROYDON","CITY OF CHARLES STURT",3,1,0,0,1,2020,"July","Sunday","02:36 pm",60,"Sealed","Dry","Not Raining","Daylight","Right Angle",1,,,1325500.48,1673450.96