"REPORT_ID","Suburb","LGA Name","Total Units","Total Cas","Total Fats","Total SI","Total MI","Year","Month","Day","Time","Area Speed","Road Surface","Moisture Cond","Weather Cond","DayNight","Crash Type","Unit Resp","DUI Involved","Drugs Involved","ACCLOC_X","ACCLOC_Y"
"2020-5721-19/09/2025","ENFIELD","CITY OF PORT ADELAIDE ENFIELD",2,1,0,0,1,2020,"July","Sunday","01:30 pm",60,"Sealed","Dry","Not Raining","Daylight","Rear End",2,,,1328821.62,1678606.27
"2020-5723-19/09/2025","MAWSON LAKES","CITY OF SALISBURY",2,1,0,0,1,2020,"July","Sunday","03:45 pm",50,"Sealed","Dry","Not Raining","Daylight","Hit Fixed Object",1,,,1330343.25,1683539.33
"2020-5730-19/09/2025","JAMESTOWN","NORTHERN AREAS DISTRICT COUNCIL",4,2,0,2,0,2020,"July","Sunday","09:20 pm",50,"Sealed","Wet","Raining","Night","Hit Fixed Object",1,"Y",,1336062.48,1862284.07
"2020-5732-19/09/2025","WINDSOR GARDENS","CITY OF PORT ADELAIDE ENFIELD",2,1,0,0,1,2020,"July","Sunday","10:00 pm",60,"Sealed","Dry","Not Raining","Night","Rear End",2,,,1333460.35,1677778.25
"2020-5735-19/09/2025","KONGAL","DC TATIARA.",2,1,0,0,1,2020,"July","Sunday","03:30 am",100,"Unsealed","Wet","Raining","Night","Hit Fixed Object",1,,"Y",1492451.63,1505838.85
"2020-5738-19/09/2025","PLYMPTON","CITY OF WEST TORRENS",2,1,0,0,1,2020,"July","Monday","01:00 pm",60,"Sealed","Dry","Not Raining","Daylight","Hit Fixed Object",1,,,1324227.3,1666580.54
"2020-5739-19/09/2025","SALISBURY EAST","CITY OF TEA TREE GULLY",2,1,0,0,1,2020,"July","Monday","09:40 am",80,"Sealed","Dry","Not Raining","Daylight","Side Swipe",2,,,1337577.12,1685956.04
"2020-5740-19/09/2025","SALISBURY","CITY OF SALISBURY",2,1,0,0,1,2020,"July","Monday","12:05 pm",50,"Sealed","Dry","Not Raining","Daylight","Right Angle",1,,,1333205.58,1688503.27
"2020-5741-19/09/2025","CRAIGMORE","CITY OF PLAYFORD.",2,1,0,0,1,2020,"July","Monday","12:50 pm",60,"Sealed","Dry","Not Raining","Daylight","Rear End",2,,,1338583.29,1694831.09
"2020-5748-19/09/2025","ELIZABETH GROVE","CITY OF PLAYFORD.",2,1,0,0,1,2020,"July","Monday","03:37 pm",80,"Sealed","Dry","Not Raining","Daylight","Rear End",2,,,1336080.31,1692236.44
"2020-5749-19/09/2025","PARA HILLS","CITY OF SALISBURY",2,1,0,0,1,2020,"July","Monday","03:45 pm",60,"Sealed","Dry","Not Raining","Daylight","Right Angle",2,,,1333968.94,1684359.8
"2020-5755-19/09/2025","BURTON","CITY OF SALISBURY",2,1,0,0,1,2020,"July","Monday","03:13 pm",60,"Sealed","Dry","Not Raining","Daylight","Rear End",2,,,1330151.76,1690822.54
"2020-5757-19/09/2025","LEASINGHAM","CLARE AND GILBERT VALLEYS DISTRICT COUNCIL",3,3,0,2,1,2020,"July","Monday","10:45 am",80,"Sealed","Dry","Not Raining","Daylight","Right Angle",2,,,1336687.88,1774959.12
"2020-5763-19/09/2025","TENNYSON","CITY OF CHARLES STURT",2,1,0,0,1,2020,"July","Tuesday","07:14 am",60,"Sealed","Wet","Raining","Night","Right Angle",1,,,1318464.7,1674469.93
"2020-5764-19/09/2025","TORRENSVILLE","CITY OF WEST TORRENS",2,1,0,0,1,2020,"July","Monday","07:10 am",50,"Sealed","Dry","Not Raining","Night","Right Angle",2,,,1324719.54,1670956.15
"2020-5767-19/09/2025","GEPPS CROSS","CITY OF PORT ADELAIDE ENFIELD",2,1,0,0,1,2020,"July","Tuesday","07:02 am",60,"Sealed","Dry","Not Raining","Night","Right Turn",1,,,1328821.62,1679280.51
"2020-5777-19/09/2025","OVINGHAM","CITY OF CHARLES STURT",2,1,0,0,1,2020,"July","Monday","05:40 pm",60,"Sealed","Dry","Not Raining","Night","Rear End",2,,,1327121.41,1673280.8
"2020-5781-19/09/2025","ROSEWATER","CITY OF PORT ADELAIDE ENFIELD",2,1,0,1,0,2020,"July","Tuesday","02:26 pm",60,"Sealed","Dry","Not Raining","Daylight","Hit Pedestrian",2,,,1322253.18,1679124.59
"2020-5792-19/09/2025","CHERRY GARDENS","CITY OF ONKAPARINGA",3,1,0,0,1,2020,"July","Tuesday","04:50 pm",70,"Sealed","Wet","Not Raining","Daylight","Hit Fixed Object",1,,"Y",1335188.55,1655637.59
"2020-5796-19/09/2025","PAYNEHAM","CC OF NORWOOD,PAYNEHAM & ST PETERS",2,1,0,0,1,2020,"July","Wednesday","07:50 am",60,"Sealed","Dry","Not Raining","Daylight","Rear End",2,,,1332471.1,1673929.36
"2020-5800-19/09/2025","MOUNT GAMBIER","CC MT.GAMBIER.",2,2,0,0,2,2020,"July","Wednesday","09:10 am",60,"Sealed","Dry","Not Raining","Daylight","Right Angle",1,,,1512301.1,1339185.27
"2020-5803-19/09/2025","OAKDEN","CITY OF PORT ADELAIDE ENFIELD",2,1,0,0,1,2020,"July","Wednesday","12:20 pm",50,"Sealed","Dry","Not Raining","Daylight","Right Angle",1,,,1332919.09,1678381.79
"2020-5805-19/09/2025","GERANIUM","SOUTHERN MALLEE DISTRICT COUNCIL",2,1,0,0,1,2020,"July","Tuesday","12:20 pm",110,"Sealed","Dry","Not Raining","Daylight","Hit Fixed Object",1,,,1467879.39,1614849.9
"2020-5808-19/09/2025","GREENWITH","CITY OF TEA TREE GULLY",2,1,0,1,0,2020,"July","Wednesday","01:57 pm",60,"Sealed","Dry","Not Raining","Daylight","Hit Fixed Object",1,,,1337153.23,1687471.73
"2020-5811-19/09/2025","GOLDEN GROVE","CITY OF TEA TREE GULLY",2,2,0,0,2,2020,"July","Wednesday","03:20 pm",60,"Sealed","Dry","Not Raining","Daylight","Rear End",2,,,1337574.11,1685175.27
"2020-5816-19/09/2025","SHEA-OAK LOG","LIGHT REGIONAL COUNCIL",2,3,1,2,0,2020,"July","Wednesday","10:43 am",110,"Sealed","Dry","Not Raining","Daylight","Hit Parked Vehicle",1,,,1350070.46,1716006.65
"2020-5820-19/09/2025","WINDSOR GARDENS","CITY OF PORT ADELAIDE ENFIELD",2,1,0,0,1,2020,"July","Wednesday","03:00 pm",60,"Sealed","Dry","Not Raining","Daylight","Right Turn",2,,,1333433.85,1677755.39
"2020-5826-19/09/2025","HALLETT COVE","CC MARION.",2,2,0,0,2,2020,"July","Wednesday","05:45 pm",80,"Sealed","Dry","Not Raining","Night","Rear End",2,,,1320547.62,1654071.98
"2020-5829-19/09/2025","ELIZABETH EAST","CITY OF PLAYFORD.",3,1,0,0,1,2020,"July","Wednesday","08:35 pm",50,"Sealed","Dry","Not Raining","Night","Hit Parked Vehicle",1,,,1336313.18,1693235
"2020-5833-19/09/2025","CHAFFEY","DC RENMARK PARINGA",1,1,0,0,1,2020,"July","Thursday","04:30 am",100,"Sealed","Dry","Not Raining","Night","Roll Over",1,,,1524280.86,1751581.46
"2020-5836-19/09/2025","ELIZABETH PARK","CITY OF PLAYFORD.",2,1,0,0,1,2020,"July","Thursday","09:37 am",80,"Sealed","Dry","Not Raining","Daylight","Rear End",1,,,1335998.94,1693731.34
"2020-5838-19/09/2025","FLAGSTAFF HILL","CITY OF ONKAPARINGA",2,1,0,0,1,2020,"July","Thursday","10:40 am",60,"Sealed","Dry","Not Raining","Daylight","Right Angle",2,,,1328176.66,1656016.1
"2020-5840-19/09/2025","WAYVILLE","CITY OF UNLEY",2,1,0,0,1,2020,"July","Thursday","12:30 pm",60,"Sealed","Dry","Not Raining","Daylight","Side Swipe",2,,,1327426.25,1668913.54
"2020-5854-19/09/2025","MUNNO PARA","CITY OF PLAYFORD.",2,1,0,0,1,2020,"July","Thursday","05:35 pm",60,"Sealed","Dry","Not Raining","Night","Side Swipe",2,,,1336598.34,1698600.92
"2020-5857-19/09/2025","OLD NOARLUNGA","CITY OF ONKAPARINGA",2,3,0,0,3,2020,"July","Thursday","06:15 pm",60,"Sealed","Dry","Not Raining","Night","Right Angle",2,,,1318300.61,1641707.54
"2020-5859-19/09/2025","EDWARDSTOWN","CC MARION.",1,1,0,1,0,2020,"July","Thursday","07:05 pm",50,"Sealed","Dry","Not Raining","Night","Roll Over",1,,,1325539.79,1665264.22
"2020-5863-19/09/2025","MOANA","CITY OF ONKAPARINGA",2,2,0,1,1,2020,"July","Thursday","08:54 pm",70,"Sealed","Dry","Not Raining","Night","Head On",1,,,1316413.58,1640533.28
"2020-5864-19/09/2025","ELIZABETH GROVE","CITY OF PLAYFORD.",2,1,0,0,1,2020,"July","Friday","01:20 am",80,"Sealed","Dry","Not Raining","Night","Right Angle",1,,,1336102.24,1692239.97
"2020-5871-19/09/2025","DAW PARK","CC MITCHAM.",2,1,0,0,1,2020,"July","Wednesday","02:15 pm",50,"Sealed","Dry","Not Raining","Daylight","Right Angle",2,,,1326726,1664722.5
"2020-5873-19/09/2025","MODBURY NORTH","CITY OF TEA TREE GULLY",3,1,0,0,1,2020,"July","Thursday","12:50 pm",50,"Sealed","Dry","Not Raining","Daylight","Hit Parked Vehicle",1,,,1336425.94,1681959.63
"2020-5876-19/09/2025","GAWLER SOUTH","CT GAWLER.",2,1,0,0,1,2020,"July","Thursday","05:15 pm",50,"Sealed","Dry","Not Raining","Daylight","Rear End",2,,,1343088.4,1705805.71
"2020-5879-19/09/2025","SELLICKS BEACH","CITY OF ONKAPARINGA",2,1,0,1,0,2020,"July","Friday","10:55 am",90,"Sealed","Dry","Not Raining","Daylight","Hit Fixed Object",1,,,1314447.17,1625141.23
"2020-5880-19/09/2025","BURTON","CITY OF SALISBURY",2,1,0,0,1,2020,"July","Thursday","03:50 pm",70,"Sealed","Dry","Not Raining","Daylight","Rear End",2,,,1328713.72,1691957
"2020-5881-19/09/2025","GILLES PLAINS","CITY OF PORT ADELAIDE ENFIELD",2,2,0,0,2,2020,"July","Friday","12:40 pm",60,"Sealed","Dry","Not Raining","Daylight","Hit Fixed Object",1,,,1334025.98,1678234.34
"2020-5885-19/09/2025","ADELAIDE","CITY OF ADELAIDE",2,1,0,0,1,2020,"July","Thursday","01:15 pm",50,"Sealed","Dry","Not Raining","Daylight","Right Turn",1,,,1327368.09,1671398.94
"2020-5887-19/09/2025","SNOWTOWN","WAKEFIELD REGIONAL COUNCIL",3,1,0,0,1,2020,"July","Friday","01:17 pm",110,"Sealed","Dry","Not Raining","Daylight","Other",1,,,1296930.22,1799378.88
"2020-5891-19/09/2025","NORTH ADELAIDE","CITY OF ADELAIDE",1,1,0,0,1,2020,"July","Saturday","09:30 pm",50,"Sealed","Wet","Raining","Night","Roll Over",1,,,1328150.15,1673023.7
"2020-5892-19/09/2025","DARLINGTON","CC MARION.",1,1,0,1,0,2020,"July","Friday","02:55 pm",80,"Sealed","Dry","Not Raining","Daylight","Roll Over",1,,,1324082.85,1659366.83
"2020-5893-19/09/2025","ADELAIDE","CITY OF ADELAIDE",2,2,0,0,2,2020,"July","Friday","04:05 pm",50,"Sealed","Dry","Not Raining","Daylight","Hit Fixed Object",1,,,1327363.68,1670328.29
"2020-5894-19/09/2025","MILE END","CITY OF WEST TORRENS",2,1,0,0,1,2020,"July","Friday","04:25 pm",60,"Sealed","Dry","Not Raining","Daylight","Rear End",2,,,1325764.35,1670372.48
"2020-5897-19/09/2025","MOUNT GAMBIER","CC MT.GAMBIER.",2,1,0,0,1,2020,"July","Friday","06:00 pm",50,"Sealed","Dry","Not Raining","Night","Right Angle",2,,,1510293.37,1342042.91
"2020-5898-19/09/2025","GLYNDE","CC OF NORWOOD,PAYNEHAM & ST PETERS",2,1,0,0,1,2020,"July","Friday","02:45 pm",60,"Sealed","Dry","Not Raining","Daylight","Rear End",2,,,1333785.54,1674516.59
"2020-5899-19/09/2025","PENFIELD","CITY OF PLAYFORD.",2,2,1,1,0,2020,"July","Friday","06:06 pm",90,"Sealed","Dry","Not Raining","Night","Head On",2,,,1329771.45,1694607.35
"2020-5900-19/09/2025","WATERLOO CORNER","CITY OF SALISBURY",2,1,0,0,1,2020,"July","Friday","10:02 pm",90,"Sealed","Dry","Not Raining","Night","Right Angle",2,,,1327624.24,1692113.17
"2020-5901-19/09/2025","MONTACUTE","THE ADELAIDE HILLS COUNCIL",2,2,0,2,0,2020,"July","Friday","10:35 pm",80,"Sealed","Wet","Raining","Night","Hit Fixed Object",1,,,1338633.8,1674513.05
"2020-5904-19/09/2025","GEPPS CROSS","CITY OF PORT ADELAIDE ENFIELD",2,1,0,0,1,2020,"July","Saturday","08:10 am",70,"Sealed","Dry","Not Raining","Daylight","Rear End",2,,,1328790.31,1679845.91
"2020-5909-19/09/2025","WAYVILLE","CITY OF UNLEY",2,1,0,0,1,2020,"July","Thursday","06:00 pm",60,"Sealed","Dry","Not Raining","Night","Rear End",2,,,1327426.25,1668913.54
"2020-5911-19/09/2025","BELAIR","CC MITCHAM.",1,1,0,0,1,2020,"July","Saturday","12:51 pm",50,"Sealed","Dry","Not Raining","Daylight","Roll Over",1,,,1329637.58,1662270.64
"2020-5912-19/09/2025","COLONEL LIGHT GARDENS","CC MITCHAM.",2,2,0,0,2,2020,"July","Saturday","01:31 pm",50,"Sealed","Dry","Not Raining","Daylight","Hit Fixed Object",1,,,1326737.68,1664308.37
"2020-5915-19/09/2025","PROSPECT","CITY OF PROSPECT",2,2,0,0,2,2020,"July","Saturday","01:00 pm",60,"Sealed","Dry","Not Raining","Daylight","Rear End",2,,,1327239.04,1676303.69
"2020-5916-19/09/2025","BLAIR ATHOL","CITY OF PORT ADELAIDE ENFIELD",2,1,0,0,1,2020,"July","Saturday","04:15 pm",50,"Sealed","Dry","Not Raining","Daylight","Right Angle",1,,,1328029.14,1677985.5
"2020-5920-19/09/2025","CLARENCE GARDENS","CC MITCHAM.",2,1,0,0,1,2020,"July","Saturday","05:10 pm",60,"Sealed","Dry","Not Raining","Daylight","Right Turn",1,,,1325894.17,1665420.64
"2020-5921-19/09/2025","THORNGATE","CITY OF PROSPECT",4,1,0,0,1,2020,"July","Saturday","06:58 pm",50,"Sealed","Dry","Not Raining","Night","Rear End",1,,,1328123.65,1673816.41
"2020-5924-19/09/2025","RISDON PARK SOUTH","PT.PIRIE CITY & DIST. COUNCIL",2,2,0,0,2,2020,"July","Saturday","08:38 pm",50,"Sealed","Dry","Not Raining","Night","Right Angle",1,,,1278833.64,1862926.74
"2020-5925-19/09/2025","TRURO","MID MURRAY DISTRICT COUNCIL",2,1,0,0,1,2020,"July","Saturday","11:45 pm",50,"Sealed","Dry","Not Raining","Night","Hit Fixed Object",1,"Y",,1378090.72,1726259.31
"2020-5930-19/09/2025","HINDMARSH","CITY OF CHARLES STURT",2,2,0,1,1,2020,"July","Sunday","05:39 am",60,"Sealed","Dry","Not Raining","Night","Right Angle",1,,,1326468.95,1672639.58
"2020-5933-19/09/2025","GLENELG EAST","CITY OF HOLDFAST BAY",2,1,0,0,1,2020,"July","Sunday","12:18 pm",60,"Sealed","Dry","Not Raining","Daylight","Side Swipe",1,,,1321012.86,1665063.13
"2020-5935-19/09/2025","CHOWILLA","UNINCORP (EASTERN)",1,1,0,0,1,2020,"July","Sunday","10:30 am",100,"Unsealed","Dry","Not Raining","Daylight","Roll Over",1,,,1552725.09,1772967.31
"2020-5937-19/09/2025","MURRAY BRIDGE","RC MURRAY BRIDGE.",2,1,0,0,1,2020,"July","Sunday","02:00 pm",100,"Sealed","Dry","Not Raining","Daylight","Hit Fixed Object",1,,,1388079.09,1643944.9
"2020-5941-19/09/2025","FITZROY","CITY OF PROSPECT",2,1,0,0,1,2020,"July","Sunday","02:15 pm",60,"Sealed","Dry","Not Raining","Daylight","Rear End",1,,,1327952.82,1673668.78
"2020-5945-19/09/2025","SALISBURY EAST","CITY OF SALISBURY",2,1,0,0,1,2020,"July","Sunday","04:15 pm",60,"Sealed","Dry","Not Raining","Daylight","Right Angle",2,,,1333610.1,1685123.47
"2020-5946-19/09/2025","TROTT PARK","CC MARION.",2,1,0,0,1,2020,"July","Sunday","04:15 pm",100,"Sealed","Dry","Not Raining","Daylight","Side Swipe",2,,,1322976.94,1654861.88
"2020-5948-19/09/2025","WATERLOO CORNER","CITY OF SALISBURY",2,1,1,0,0,2020,"July","Sunday","04:38 pm",90,"Sealed","Dry","Not Raining","Daylight","Roll Over",1,"Y",,1327719.43,1691729.94
"2020-5949-19/09/2025","SALISBURY PLAIN","CITY OF SALISBURY",2,1,0,0,1,2020,"July","Sunday","06:11 pm",60,"Sealed","Dry","Not Raining","Night","Hit Pedestrian",2,,,1334196.71,1687607.92
"2020-5950-19/09/2025","PARALOWIE","CITY OF SALISBURY",2,1,0,1,0,2020,"July","Sunday","04:45 pm",50,"Sealed","Dry","Not Raining","Daylight","Right Turn",1,,,1330556.36,1689450.06
"2020-5952-19/09/2025","BROADVIEW","CITY OF PORT ADELAIDE ENFIELD",2,2,0,0,2,2020,"July","Sunday","07:23 pm",60,"Sealed","Dry","Not Raining","Night","Right Angle",1,,,1329957.66,1676460.66
"2020-5954-19/09/2025","PANORAMA","CC MITCHAM.",2,1,0,0,1,2020,"July","Sunday","05:10 pm",60,"Sealed","Dry","Not Raining","Daylight","Rear End",1,,,1327610.77,1662760.97
"2020-5956-19/09/2025","CHRISTIE DOWNS","CITY OF ONKAPARINGA",2,2,0,0,2,2020,"July","Monday","07:57 am",70,"Sealed","Dry","Not Raining","Daylight","Right Angle",1,,,1317497.61,1648350.78
"2020-5965-19/09/2025","MARDEN","CC OF NORWOOD,PAYNEHAM & ST PETERS",2,1,0,0,1,2020,"June","Tuesday","02:00 pm",60,"Sealed","Dry","Not Raining","Daylight","Side Swipe",2,,,1332396.09,1674158.55
"2020-5969-19/09/2025","BUTE","BARUNGA WEST DISTRICT COUNCIL",2,1,0,1,0,2020,"July","Monday","12:18 pm",100,"Sealed","Dry","Not Raining","Daylight","Hit Fixed Object",1,,"Y",1278663.84,1788090.01
"2020-5974-19/09/2025","NEWTON","CC CAMPBELLTOWN.",2,1,0,0,1,2020,"July","Monday","03:50 pm",60,"Sealed","Dry","Not Raining","Daylight","Rear End",2,,,1335398.76,1674949.98
"2020-5975-19/09/2025","ELIZABETH PARK","CITY OF PLAYFORD.",2,1,0,0,1,2020,"July","Monday","02:30 pm",80,"Sealed","Dry","Not Raining","Daylight","Rear End",2,,,1336482.32,1694632.45
"2020-5976-19/09/2025","GOLDEN GROVE","CITY OF TEA TREE GULLY",2,2,0,0,2,2020,"July","Monday","06:19 pm",60,"Sealed","Dry","Not Raining","Night","Right Turn",1,,,1337859.71,1685518.84
"2020-5978-19/09/2025","NORTH ADELAIDE","CITY OF ADELAIDE",2,1,0,0,1,2020,"July","Monday","08:05 pm",50,"Sealed","Dry","Not Raining","Night","Right Angle",2,,,1327857.85,1672477.76
"2020-5981-19/09/2025","KINGSWOOD","CC MITCHAM.",2,2,0,0,2,2020,"July","Monday","11:13 pm",60,"Sealed","Dry","Not Raining","Night","Right Turn",2,,,1329135.99,1666253.56
"2020-5985-19/09/2025","WALKERVILLE","WALKERVILLE TOWN COUNCIL",3,1,0,0,1,2020,"July","Tuesday","09:15 am",60,"Sealed","Dry","Not Raining","Daylight","Rear End",1,,,1329977.65,1674770.73
"2020-5986-19/09/2025","WALLAROO MINES","COPPER COAST DISTRICT COUNCIL",2,1,0,0,1,2020,"July","Monday","01:00 pm",60,"Sealed","Dry","Not Raining","Daylight","Right Angle",1,,,1249149.97,1779920.26
"2020-5988-19/09/2025","ABERFOYLE PARK","CITY OF ONKAPARINGA",4,1,0,1,0,2020,"July","Tuesday","08:30 am",15,"Sealed","Dry","Not Raining","Daylight","Hit Fixed Object",1,,,1327144.98,1654072.09
"2020-5989-19/09/2025","GLANDORE","CC MARION.",2,1,0,0,1,2020,"July","Monday","02:00 pm",60,"Sealed","Dry","Not Raining","Daylight","Side Swipe",2,,,1325850.99,1667008.54
"2020-5994-19/09/2025","GLENELG","CITY OF HOLDFAST BAY",2,1,0,0,1,2020,"July","Tuesday","11:13 am",50,"Sealed","Dry","Not Raining","Daylight","Right Angle",2,,,1320706.38,1665092.82
"2020-6000-19/09/2025","SALISBURY EAST","CITY OF SALISBURY",2,1,0,0,1,2020,"July","Tuesday","07:00 am",60,"Sealed","Dry","Not Raining","Night","Hit Pedestrian",2,,,1335180.08,1686826.61
"2020-6003-19/09/2025","COWANDILLA","CITY OF WEST TORRENS",2,1,0,0,1,2020,"July","Monday","09:25 pm",60,"Sealed","Dry","Not Raining","Night","Hit Pedestrian",1,"Y",,1324487.5,1670051.35
"2020-6013-19/09/2025","LARGS NORTH","CITY OF PORT ADELAIDE ENFIELD",2,1,0,1,0,2020,"July","Tuesday","03:30 pm",60,"Sealed","Dry","Not Raining","Daylight","Right Angle",2,,,1319167.62,1682813.65
"2020-6024-19/09/2025","MOUNT GAMBIER","CC MT.GAMBIER.",2,1,0,0,1,2020,"July","Tuesday","06:26 pm",50,"Sealed","Dry","Not Raining","Night","Hit Pedestrian",2,,,1510394.18,1338983.3
"2020-6031-19/09/2025","GILLMAN","CITY OF PORT ADELAIDE ENFIELD",2,1,0,0,1,2020,"July","Wednesday","08:35 am",90,"Sealed","Dry","Not Raining","Daylight","Hit Parked Vehicle",2,,,1322127.62,1680791.6
"2020-6032-19/09/2025","WOODVILLE PARK","CITY OF CHARLES STURT",2,1,0,0,1,2020,"July","Wednesday","09:44 am",60,"Sealed","Dry","Not Raining","Daylight","Hit Pedestrian",2,,,1324121.04,1675925.81
"2020-6034-19/09/2025","PORT ADELAIDE","CITY OF PORT ADELAIDE ENFIELD",3,1,0,0,1,2020,"July","Wednesday","08:15 am",40,"Sealed","Dry","Not Raining","Daylight","Rear End",1,,,1319858.19,1680073.28
"2020-6037-19/09/2025","MELROSE PARK","CC MITCHAM.",2,1,0,0,1,2020,"July","Wednesday","11:15 am",60,"Sealed","Dry","Not Raining","Daylight","Rear End",2,,,1326094.13,1663321.14
"2020-6039-19/09/2025","GLYNDE","CC OF NORWOOD,PAYNEHAM & ST PETERS",2,1,0,0,1,2020,"July","Tuesday","02:40 pm",60,"Sealed","Dry","Not Raining","Daylight","Rear End",1,,,1333642.38,1674462.46
"2020-6041-19/09/2025","ADELAIDE","CITY OF ADELAIDE",2,1,0,0,1,2020,"July","Wednesday","01:10 pm",50,"Sealed","Dry","Not Raining","Daylight","Hit Pedestrian",1,,,1329607.71,1669605.79
"2020-6043-19/09/2025","EDINBURGH","CITY OF SALISBURY",2,1,1,0,0,2020,"July","Wednesday","08:44 am",60,"Sealed","Dry","Not Raining","Daylight","Rear End",1,,,1332535.61,1691183.92
"2020-6047-19/09/2025","NORTHGATE","CITY OF PORT ADELAIDE ENFIELD",2,1,0,0,1,2020,"July","Wednesday","02:15 pm",50,"Sealed","Dry","Not Raining","Daylight","Hit Parked Vehicle",1,,,1331199.45,1678737.11
"2020-6052-19/09/2025","KENT TOWN","CC OF NORWOOD,PAYNEHAM & ST PETERS",3,1,0,0,1,2020,"July","Wednesday","04:01 pm",60,"Sealed","Dry","Not Raining","Daylight","Right Turn",2,,,1330364.15,1670594.31
"2020-6053-19/09/2025","SALISBURY DOWNS","CITY OF SALISBURY",2,1,0,1,0,2020,"July","Wednesday","03:10 pm",50,"Sealed","Dry","Not Raining","Daylight","Hit Pedestrian",2,,,1331174.79,1688120.27
"2020-6054-19/09/2025","TEA TREE GULLY","CITY OF TEA TREE GULLY",2,1,0,0,1,2020,"July","Wednesday","03:00 pm",80,"Sealed","Dry","Not Raining","Daylight","Hit Fixed Object",1,,,1341946.48,1681436.23
"2020-6055-19/09/2025","FINDON","CITY OF CHARLES STURT",2,1,0,0,1,2020,"July","Wednesday","04:44 pm",60,"Sealed","Dry","Not Raining","Daylight","Right Angle",2,,,1322377.99,1674581.6
"2020-6058-19/09/2025","ENFIELD","CITY OF PORT ADELAIDE ENFIELD",2,2,0,0,2,2020,"July","Wednesday","05:21 pm",60,"Sealed","Dry","Not Raining","Daylight","Side Swipe",2,,,1328816.76,1678782.29
"2020-6064-19/09/2025","ELIZABETH DOWNS","CITY OF PLAYFORD.",2,1,0,1,0,2020,"July","Thursday","04:18 am",50,"Sealed","Dry","Not Raining","Night","Roll Over",1,,"Y",1338218.22,1695557.79
"2020-6071-19/09/2025","HOPE VALLEY","CITY OF TEA TREE GULLY",2,1,0,0,1,2020,"July","Thursday","09:12 am",60,"Sealed","Dry","Not Raining","Daylight","Rear End",1,,,1336438.92,1679439.3
"2020-6077-19/09/2025","ST MARYS","CC MITCHAM.",2,1,0,0,1,2020,"July","Thursday","12:10 pm",60,"Sealed","Dry","Not Raining","Daylight","Right Angle",1,,,1325999.46,1662052.15
"2020-6085-19/09/2025","CUMBERLAND PARK","CC MITCHAM.",3,2,0,0,2,2020,"July","Thursday","03:42 pm",50,"Sealed","Dry","Not Raining","Daylight","Rear End",1,,,1326694.82,1665876.89
"2020-6090-19/09/2025","MOUNT BARKER","DC MT.BARKER.",3,2,0,0,2,2020,"July","Thursday","03:55 pm",60,"Sealed","Dry","Not Raining","Daylight","Rear End",1,,,1352662.78,1652200.03
"2020-6091-19/09/2025","INGLE FARM","CITY OF SALISBURY",2,1,0,0,1,2020,"July","Thursday","05:00 pm",50,"Sealed","Dry","Not Raining","Daylight","Right Angle",1,,,1333482.28,1681972.14
"2020-6092-19/09/2025","RENMARK","DC RENMARK PARINGA",2,4,0,0,4,2020,"July","Thursday","04:50 pm",50,"Sealed","Dry","Not Raining","Daylight","Right Angle",2,,,1528500.83,1745458.12
"2020-6093-19/09/2025","RENMARK","DC RENMARK PARINGA",2,1,0,0,1,2020,"July","Monday","04:05 pm",60,"Sealed","Dry","Not Raining","Daylight","Rear End",1,,,1528500.83,1745458.12
"2020-6096-19/09/2025","PICCADILLY","THE ADELAIDE HILLS COUNCIL",2,1,0,0,1,2020,"July","Thursday","08:28 pm",80,"Sealed","Dry","Not Raining","Night","Hit Fixed Object",1,,,1341005.67,1665195.55
"2020-6099-19/09/2025","SEATON","CITY OF CHARLES STURT",2,1,0,0,1,2020,"July","Friday","03:00 am",60,"Sealed","Dry","Not Raining","Night","Hit Parked Vehicle",1,,,1321256.15,1675332.7
"2020-6102-19/09/2025","CUMBERLAND PARK","CC MITCHAM.",3,1,0,0,1,2020,"July","Friday","08:20 am",60,"Sealed","Dry","Not Raining","Daylight","Rear End",1,,,1326888.04,1666189.97
"2020-6103-19/09/2025","TRANMERE","CC CAMPBELLTOWN.",2,1,0,0,1,2020,"July","Friday","08:30 am",60,"Sealed","Dry","Not Raining","Daylight","Right Turn",2,,,1333828.08,1673152
"2020-6104-19/09/2025","WILLUNGA","CITY OF ONKAPARINGA",2,1,0,0,1,2020,"July","Thursday","09:00 pm",80,"Sealed","Dry","Not Raining","Night","Hit Animal",2,,,1323461.63,1634853.43
"2020-6107-19/09/2025","WOODVILLE GARDENS","CITY OF PORT ADELAIDE ENFIELD",2,1,0,0,1,2020,"July","Friday","11:08 am",60,"Sealed","Dry","Not Raining","Daylight","Rear End",2,,,1323940.05,1677639.62
"2020-6109-19/09/2025","EYRE","CITY OF PLAYFORD.",2,2,0,1,1,2020,"July","Friday","12:43 pm",60,"Sealed","Dry","Not Raining","Daylight","Right Angle",1,,,1334450.71,1695787.2
"2020-6111-19/09/2025","MAYLANDS","CC OF NORWOOD,PAYNEHAM & ST PETERS",2,1,0,0,1,2020,"July","Friday","10:40 am",50,"Sealed","Dry","Not Raining","Daylight","Rear End",2,,,1331945.41,1672038.47
"2020-6112-19/09/2025","MCLAREN VALE","CITY OF ONKAPARINGA",2,1,0,0,1,2020,"July","Friday","01:10 pm",80,"Sealed","Dry","Not Raining","Daylight","Hit Fixed Object",1,,,1324702.38,1635892.57
"2020-6116-19/09/2025","SMITHFIELD","CITY OF PLAYFORD.",2,1,0,0,1,2020,"July","Friday","02:45 pm",50,"Sealed","Dry","Not Raining","Daylight","Hit Pedestrian",1,,,1337644.85,1696958.48
"2020-6119-19/09/2025","PORT ADELAIDE","CITY OF PORT ADELAIDE ENFIELD",4,1,0,0,1,2020,"July","Friday","03:00 pm",60,"Sealed","Dry","Not Raining","Daylight","Right Angle",1,,,1320505.35,1679172.98