"REPORT_ID","Suburb","LGA Name","Total Units","Total Cas","Total Fats","Total SI","Total MI","Year","Month","Day","Time","Area Speed","Road Surface","Moisture Cond","Weather Cond","DayNight","Crash Type","Unit Resp","DUI Involved","Drugs Involved","ACCLOC_X","ACCLOC_Y"
"2020-6122-19/09/2025","ST PETERS","CC OF NORWOOD,PAYNEHAM & ST PETERS",2,1,0,0,1,2020,"July","Friday","04:16 pm",50,"Sealed","Dry","Not Raining","Daylight","Right Angle",1,,,1330854.13,1673153.68
"2020-6123-19/09/2025","THORNGATE","CITY OF PROSPECT",2,1,0,0,1,2020,"July","Thursday","05:30 pm",60,"Sealed","Dry","Not Raining","Night","Right Turn",1,,,1328116.31,1673675.73
"2020-6125-19/09/2025","MUNNO PARA","CITY OF PLAYFORD.",1,1,0,0,1,2020,"July","Friday","03:45 pm",80,"Sealed","Dry","Not Raining","Daylight","Roll Over",1,,,1338305.72,1697841.07
"2020-6127-19/09/2025","HINDMARSH","CITY OF CHARLES STURT",2,1,0,0,1,2020,"July","Friday","04:25 pm",60,"Sealed","Dry","Not Raining","Daylight","Hit Pedestrian",2,,,1326440.45,1672631.13
"2020-6129-19/09/2025","PORT ADELAIDE","CITY OF PORT ADELAIDE ENFIELD",3,1,0,0,1,2020,"July","Friday","05:45 pm",50,"Sealed","Dry","Not Raining","Night","Rear End",1,,,1320313.05,1679998.39
"2020-6130-19/09/2025","ELIZABETH VALE","CITY OF PLAYFORD.",2,1,0,0,1,2020,"July","Friday","05:40 pm",60,"Sealed","Dry","Not Raining","Night","Rear End",1,,,1335846.89,1690233.88
"2020-6131-19/09/2025","PARILLA","SOUTHERN MALLEE DISTRICT COUNCIL",2,2,0,0,2,2020,"July","Friday","04:54 pm",100,"Unsealed","Dry","Not Raining","Daylight","Head On",1,,,1515040.15,1599483.59
"2020-6142-19/09/2025","NORWOOD","CC OF NORWOOD,PAYNEHAM & ST PETERS",2,1,0,0,1,2020,"July","Thursday","06:00 pm",50,"Sealed","Dry","Not Raining","Night","Right Turn",2,,,1331854.55,1671066.92
"2020-6146-19/09/2025","GREENHILL","CITY OF BURNSIDE",2,1,0,0,1,2020,"July","Saturday","11:45 am",60,"Sealed","Dry","Not Raining","Daylight","Head On",2,,,1335051.31,1668316.04
"2020-6147-19/09/2025","ENFIELD","CITY OF PORT ADELAIDE ENFIELD",3,1,0,0,1,2020,"July","Saturday","12:55 pm",60,"Sealed","Dry","Not Raining","Daylight","Rear End",1,,,1328820.34,1678647.38
"2020-6149-19/09/2025","PARIS CREEK","DC MT.BARKER.",2,1,0,1,0,2020,"July","Saturday","11:00 am",80,"Sealed","Dry","Not Raining","Daylight","Right Angle",2,,,1343065.43,1637306.2
"2020-6150-19/09/2025","ETHELTON","CITY OF PORT ADELAIDE ENFIELD",2,1,0,0,1,2020,"July","Saturday","01:25 pm",60,"Sealed","Dry","Not Raining","Daylight","Rear End",1,,,1319160.55,1679650.22
"2020-6151-19/09/2025","PLYMPTON","CITY OF WEST TORRENS",2,2,0,0,2,2020,"July","Saturday","01:20 pm",60,"Sealed","Dry","Not Raining","Daylight","Rear End",2,,,1324422.38,1666702.19
"2020-6156-19/09/2025","MYLOR","THE ADELAIDE HILLS COUNCIL",1,1,0,0,1,2020,"July","Friday","10:30 pm",80,"Sealed","Dry","Not Raining","Night","Left Road - Out of Control",1,,,1341614.3,1657355.99
"2020-6157-19/09/2025","HILTON","CITY OF WEST TORRENS",2,1,0,0,1,2020,"July","Saturday","03:25 pm",60,"Sealed","Dry","Not Raining","Daylight","Right Angle",1,,,1325240.58,1670077.2
"2020-6158-19/09/2025","WINDSOR GARDENS","CITY OF PORT ADELAIDE ENFIELD",2,1,0,0,1,2020,"July","Saturday","03:44 pm",50,"Sealed","Dry","Not Raining","Daylight","Hit Pedestrian",2,,,1333263.56,1677250.66
"2020-6160-19/09/2025","PORT NOARLUNGA SOUTH","CITY OF ONKAPARINGA",2,1,0,0,1,2020,"July","Saturday","03:50 pm",50,"Sealed","Dry","Not Raining","Daylight","Right Turn",1,,,1315500.48,1643963.9
"2020-6162-19/09/2025","MYPONGA","DC YANKALILLA.",2,1,0,0,1,2020,"July","Saturday","04:45 pm",100,"Unsealed","Dry","Not Raining","Daylight","Hit Fixed Object",1,,,1310553.88,1617433.32
"2020-6165-19/09/2025","NORTH ADELAIDE","CITY OF ADELAIDE",2,4,0,0,4,2020,"July","Saturday","06:30 pm",50,"Sealed","Dry","Not Raining","Night","Rear End",2,,,1329133.8,1672479.65
"2020-6167-19/09/2025","JAMESTOWN","NORTHERN AREAS DISTRICT COUNCIL",1,2,0,2,0,2020,"July","Saturday","09:20 pm",60,"Sealed","Dry","Not Raining","Night","Roll Over",1,,"Y",1335829.29,1862631.53
"2020-6168-19/09/2025","BURNSIDE","CITY OF BURNSIDE",2,1,0,0,1,2020,"July","Saturday","11:30 pm",60,"Sealed","Dry","Not Raining","Night","Hit Fixed Object",1,,,1334927.49,1668168.02
"2020-6170-19/09/2025","LANGHORNE CREEK","ALEXANDRINA COUNCIL",2,1,0,0,1,2020,"July","Sunday","12:00 am",100,"Sealed","Dry","Not Raining","Night","Hit Fixed Object",1,"Y",,1365178.9,1628211.72
"2020-6176-19/09/2025","BIGGS FLAT","DC MT.BARKER.",2,1,1,0,0,2020,"July","Sunday","10:17 am",80,"Sealed","Dry","Not Raining","Daylight","Hit Fixed Object",1,,,1344424.94,1652787.03
"2020-6179-19/09/2025","MELROSE PARK","CC MITCHAM.",4,1,0,0,1,2020,"July","Sunday","12:30 pm",60,"Sealed","Dry","Not Raining","Daylight","Rear End",1,,,1325918.82,1664858.78
"2020-6184-19/09/2025","REYNELLA","CITY OF ONKAPARINGA",2,1,0,0,1,2020,"July","Sunday","01:25 pm",60,"Sealed","Dry","Not Raining","Daylight","Rear End",2,,,1320114.77,1651007.37
"2020-6186-19/09/2025","PONDE","MID MURRAY DISTRICT COUNCIL",2,1,0,0,1,2020,"July","Sunday","12:10 pm",100,"Unsealed","Dry","Not Raining","Daylight","Hit Animal",2,,,1395887.3,1664141.93
"2020-6189-19/09/2025","BLAKISTON","DC MT.BARKER.",2,1,0,0,1,2020,"July","Sunday","04:19 pm",80,"Sealed","Dry","Not Raining","Daylight","Right Angle",1,,,1353553.01,1657333.21
"2020-6191-19/09/2025","ADELAIDE","CITY OF ADELAIDE",2,1,0,0,1,2020,"July","Saturday","09:32 pm",60,"Sealed","Dry","Not Raining","Night","Rear End",2,,,1327901.33,1670963.7
"2020-6194-19/09/2025","BLANCHETOWN","MID MURRAY DISTRICT COUNCIL",2,2,1,1,0,2020,"July","Sunday","06:50 pm",110,"Sealed","Dry","Not Raining","Night","Head On",1,,,1414824.81,1728240.16
"2020-6195-19/09/2025","KEITH","DC TATIARA.",2,1,0,1,0,2020,"July","Sunday","03:30 pm",100,"Unsealed","Dry","Not Raining","Daylight","Hit Fixed Object",1,,,1482356.26,1530572.05
"2020-6198-19/09/2025","NORTH ADELAIDE","CITY OF ADELAIDE",1,1,0,0,1,2020,"July","Monday","06:20 am",50,"Sealed","Wet","Not Raining","Night","Roll Over",1,,,1328276.35,1672578.74
"2020-6199-19/09/2025","ST MARYS","CC MITCHAM.",2,1,0,0,1,2020,"July","Monday","06:45 am",60,"Sealed","Dry","Not Raining","Night","Right Turn",1,,"Y",1325999.46,1662052.15
"2020-6200-19/09/2025","PINERY","WAKEFIELD REGIONAL COUNCIL",2,1,0,0,1,2020,"July","Monday","05:45 am",80,"Sealed","Wet","Raining","Night","Hit Fixed Object",1,,,1320102.19,1741091.88
"2020-6203-19/09/2025","PORT NOARLUNGA","CITY OF ONKAPARINGA",2,1,0,0,1,2020,"July","Monday","08:37 am",60,"Sealed","Dry","Not Raining","Daylight","Right Angle",2,,,1317365.9,1646629.51
"2020-6209-19/09/2025","ANNA CREEK",,1,1,0,0,1,2020,"July","Saturday","01:15 pm",100,"Unsealed","Dry","Not Raining","Daylight","Roll Over",1,,,1131575.06,2341077.21
"2020-6210-19/09/2025","DAVOREN PARK","CITY OF PLAYFORD.",2,1,0,0,1,2020,"July","Monday","10:35 am",60,"Sealed","Dry","Not Raining","Daylight","Rear End",2,,,1335433.84,1695882.61
"2020-6213-19/09/2025","SALISBURY PLAIN","CITY OF SALISBURY",3,1,0,0,1,2020,"July","Monday","12:15 pm",80,"Sealed","Dry","Not Raining","Daylight","Side Swipe",2,,,1334978.83,1687559.7
"2020-6216-19/09/2025","WOODVILLE GARDENS","CITY OF PORT ADELAIDE ENFIELD",3,1,0,0,1,2020,"July","Monday","03:20 pm",50,"Sealed","Dry","Not Raining","Daylight","Right Angle",2,,,1324295.75,1677156.19
"2020-6217-19/09/2025","PORT AUGUSTA","CC PT.AUGUSTA.",2,1,0,0,1,2020,"July","Monday","03:50 pm",60,"Sealed","Dry","Not Raining","Daylight","Rear End",2,,,1259502.9,1942326.31
"2020-6223-19/09/2025","NORWOOD","CC OF NORWOOD,PAYNEHAM & ST PETERS",2,1,0,0,1,2020,"July","Monday","05:06 pm",50,"Sealed","Dry","Not Raining","Daylight","Right Angle",1,,,1330838.6,1670704.69
"2020-6225-19/09/2025","HOPE VALLEY","CITY OF TEA TREE GULLY",2,3,0,0,3,2020,"July","Monday","04:45 pm",60,"Sealed","Dry","Not Raining","Daylight","Right Angle",2,,,1338490.16,1679538.76
"2020-6227-19/09/2025","COMPTON","DISTRICT COUNCIL OF GRANT",2,1,0,0,1,2020,"July","Monday","03:30 pm",60,"Sealed","Dry","Not Raining","Daylight","Hit Fixed Object",1,,,1506831.9,1341092.6
"2020-6231-19/09/2025","MEADOWS","DC MT.BARKER.",2,2,0,1,1,2020,"July","Monday","04:04 pm",100,"Sealed","Dry","Not Raining","Daylight","Right Angle",1,,,1342717.86,1645829.26
"2020-6232-19/09/2025","HOVE","CITY OF HOLDFAST BAY",2,1,0,0,1,2020,"July","Monday","08:47 pm",50,"Sealed","Dry","Not Raining","Night","Hit Parked Vehicle",1,,"Y",1321573.54,1661592.27
"2020-6241-19/09/2025","BEVERLEY","CITY OF CHARLES STURT",2,1,0,0,1,2020,"July","Tuesday","08:25 am",60,"Sealed","Dry","Not Raining","Daylight","Right Angle",1,,,1324199.28,1673363.11
"2020-6243-19/09/2025","WESTBOURNE PARK","CC MITCHAM.",3,1,0,0,1,2020,"July","Tuesday","08:45 am",60,"Sealed","Dry","Not Raining","Daylight","Rear End",1,,,1327546.38,1664994.52
"2020-6247-19/09/2025","PARALOWIE","CITY OF SALISBURY",2,1,0,0,1,2020,"July","Monday","08:30 am",50,"Sealed","Dry","Not Raining","Daylight","Right Angle",2,,,1330692.96,1689586.83
"2020-6248-19/09/2025","OSBORNE","CITY OF PORT ADELAIDE ENFIELD",2,1,0,0,1,2020,"July","Tuesday","12:24 pm",60,"Sealed","Dry","Not Raining","Daylight","Hit Parked Vehicle",1,,,1319085.84,1685214.93
"2020-6250-19/09/2025","CLARENCE PARK","CITY OF UNLEY",1,1,0,0,1,2020,"July","Tuesday","09:40 am",40,"Sealed","Dry","Not Raining","Daylight","Roll Over",1,,,1327313.39,1666596
"2020-6257-19/09/2025","THRINGTON","COPPER COAST DISTRICT COUNCIL",2,1,0,0,1,2020,"July","Tuesday","02:35 pm",100,"Sealed","Dry","Not Raining","Daylight","Hit Fixed Object",1,,,1259566.49,1775086.85
"2020-6258-19/09/2025","GLENELG EAST","CITY OF HOLDFAST BAY",2,1,0,0,1,2020,"July","Wednesday","11:35 am",60,"Sealed","Dry","Not Raining","Daylight","Rear End",2,,,1321025.87,1664943.43
"2020-6262-19/09/2025","NORTHGATE","CITY OF PORT ADELAIDE ENFIELD",2,1,0,0,1,2020,"July","Tuesday","05:00 pm",50,"Sealed","Dry","Not Raining","Daylight","Right Turn",1,,,1331724.51,1678163.63
"2020-6269-19/09/2025","ELIZABETH","CITY OF PLAYFORD.",2,1,0,1,0,2020,"July","Tuesday","06:03 pm",50,"Sealed","Dry","Not Raining","Night","Hit Pedestrian",2,,,1335563.71,1692783.13
"2020-6271-19/09/2025","FIRLE","CC OF NORWOOD,PAYNEHAM & ST PETERS",4,2,0,0,2,2020,"July","Tuesday","08:56 pm",50,"Sealed","Dry","Not Raining","Night","Hit Parked Vehicle",1,,,1333271.12,1672542.87
"2020-6276-19/09/2025","WAYVILLE","CITY OF UNLEY",2,1,0,0,1,2020,"July","Tuesday","05:00 pm",60,"Sealed","Dry","Not Raining","Daylight","Rear End",2,,,1327443.17,1668410.03
"2020-6277-19/09/2025","HAWTHORNDENE","CC MITCHAM.",1,1,0,0,1,2020,"July","Wednesday","08:56 am",50,"Sealed","Dry","Not Raining","Daylight","Roll Over",1,,,1330530.83,1659056.42
"2020-6278-19/09/2025","ADELAIDE","CITY OF ADELAIDE",2,1,0,0,1,2020,"July","Wednesday","09:25 am",50,"Sealed","Dry","Not Raining","Daylight","Right Angle",1,,,1328848.42,1670681.71
"2020-6280-19/09/2025","ST MARYS","CC MARION.",2,1,0,0,1,2020,"July","Monday","04:10 pm",60,"Sealed","Dry","Not Raining","Daylight","Rear End",2,,,1325961.39,1663068.3
"2020-6282-19/09/2025","NAILSWORTH","CITY OF PROSPECT",3,2,0,0,2,2020,"July","Tuesday","01:30 pm",60,"Sealed","Dry","Not Raining","Daylight","Rear End",2,,,1328895.28,1675626.01
"2020-6285-19/09/2025","SMITHFIELD","CITY OF PLAYFORD.",2,1,0,0,1,2020,"July","Wednesday","08:45 am",80,"Sealed","Dry","Not Raining","Daylight","Rear End",2,,,1337904.44,1697173.62
"2020-6286-19/09/2025","WOODVILLE PARK","CITY OF CHARLES STURT",2,1,0,0,1,2020,"July","Tuesday","06:20 pm",60,"Sealed","Dry","Not Raining","Night","Right Angle",1,,,1323166.37,1675455.08
"2020-6290-19/09/2025","HAPPY VALLEY","CITY OF ONKAPARINGA",2,1,0,0,1,2020,"July","Wednesday","02:40 pm",80,"Sealed","Dry","Not Raining","Daylight","Rear End",2,,,1323015.41,1653414.07
"2020-6292-19/09/2025","DAVOREN PARK","CITY OF PLAYFORD.",2,1,0,0,1,2020,"July","Wednesday","08:20 am",60,"Sealed","Dry","Not Raining","Daylight","Right Angle",2,,,1335599.18,1696373.36
"2020-6295-19/09/2025","ALLENBY GARDENS","CITY OF CHARLES STURT",2,1,0,1,0,2020,"July","Wednesday","03:55 pm",60,"Sealed","Dry","Not Raining","Daylight","Right Turn",1,,,1324483.08,1673177.99
"2020-6298-19/09/2025","ELIZABETH NORTH","CITY OF PLAYFORD.",2,1,0,0,1,2020,"July","Wednesday","06:04 pm",60,"Sealed","Dry","Not Raining","Night","Rear End",1,,,1335889.86,1694972.42
"2020-6299-19/09/2025","MILLSWOOD","CITY OF UNLEY",2,1,0,0,1,2020,"July","Wednesday","06:14 pm",50,"Sealed","Dry","Not Raining","Night","Hit Parked Vehicle",1,"Y",,1328070.21,1666952.94
"2020-6301-19/09/2025","MOUNT BARKER","DC MT.BARKER.",2,1,0,0,1,2020,"July","Wednesday","05:10 pm",80,"Unsealed","Dry","Not Raining","Daylight","Hit Fixed Object",1,,,1352321.59,1652520.07
"2020-6303-19/09/2025","WINDSOR","DC MALLALA.",2,4,1,3,0,2020,"July","Wednesday","06:26 pm",110,"Sealed","Dry","Not Raining","Night","Right Angle",1,,,1306873.21,1724854.07
"2020-6307-19/09/2025","UNLEY","CITY OF UNLEY",2,1,0,0,1,2020,"July","Wednesday","06:44 pm",60,"Sealed","Dry","Not Raining","Night","Rear End",2,,,1328488.62,1668945.86
"2020-6311-19/09/2025","MELROSE PARK","CC MITCHAM.",3,1,0,0,1,2020,"July","Thursday","06:50 am",60,"Sealed","Dry","Not Raining","Night","Right Turn",2,,,1325938.63,1664190.98
"2020-6313-19/09/2025","CAMPBELLTOWN","CC CAMPBELLTOWN.",2,2,0,0,2,2020,"July","Thursday","07:32 am",60,"Sealed","Dry","Not Raining","Daylight","Right Angle",1,"Y",,1334468.27,1675734.19
"2020-6314-19/09/2025","KESWICK","CITY OF WEST TORRENS",2,1,0,0,1,2020,"July","Thursday","09:15 am",60,"Sealed","Dry","Not Raining","Daylight","Right Turn",2,,,1325794.33,1668947.63
"2020-6315-19/09/2025","CLARE","CLARE AND GILBERT VALLEYS DISTRICT COUNCIL",2,1,0,0,1,2020,"July","Thursday","08:30 am",50,"Sealed","Dry","Not Raining","Daylight","Right Turn",2,,,1332802.75,1792321.56
"2020-6324-19/09/2025","TOTNESS","DC MT.BARKER.",2,1,0,1,0,2020,"July","Thursday","12:20 pm",80,"Sealed","Dry","Not Raining","Daylight","Head On",1,,,1349536.57,1656376.95
"2020-6326-19/09/2025","KURRALTA PARK","CITY OF WEST TORRENS",2,1,0,1,0,2020,"July","Thursday","02:50 pm",60,"Sealed","Dry","Not Raining","Daylight","Right Turn",2,,,1325778.61,1667717.09
"2020-6329-19/09/2025","MOUNT BARKER","DC MT.BARKER.",2,1,0,0,1,2020,"July","Thursday","03:45 pm",80,"Sealed","Dry","Not Raining","Daylight","Hit Fixed Object",1,,,1348676.62,1652979.08
"2020-6333-19/09/2025","FULHAM GARDENS","CITY OF CHARLES STURT",3,1,0,0,1,2020,"July","Thursday","04:50 pm",60,"Sealed","Dry","Not Raining","Daylight","Rear End",1,,,1320666.34,1672410.15
"2020-6334-19/09/2025","SALISBURY NORTH","CITY OF SALISBURY",2,1,0,0,1,2020,"July","Thursday","04:40 pm",50,"Sealed","Dry","Not Raining","Daylight","Hit Parked Vehicle",1,,,1331547.05,1690859.67
"2020-6336-19/09/2025","FINDON","CITY OF CHARLES STURT",2,1,0,0,1,2020,"July","Thursday","04:55 pm",60,"Sealed","Dry","Not Raining","Daylight","Right Angle",1,,,1322636.67,1673123.36
"2020-6337-19/09/2025","LEWISTON","DC MALLALA.",2,2,0,0,2,2020,"July","Thursday","04:56 pm",100,"Sealed","Dry","Not Raining","Daylight","Right Turn",2,,,1326778.62,1707745.62
"2020-6340-19/09/2025","GREENHILL","THE ADELAIDE HILLS COUNCIL",1,1,0,0,1,2020,"July","Thursday","04:26 pm",80,"Sealed","Dry","Not Raining","Daylight","Roll Over",1,,,1338183.61,1666817.21
"2020-6341-19/09/2025","SALISBURY HEIGHTS","CITY OF SALISBURY",2,1,0,1,0,2020,"July","Thursday","07:05 pm",80,"Sealed","Dry","Not Raining","Night","Right Angle",2,,,1335937.64,1688754.16
"2020-6344-19/09/2025","PARA HILLS WEST","CITY OF SALISBURY",2,1,0,0,1,2020,"July","Thursday","04:45 pm",80,"Sealed","Dry","Not Raining","Daylight","Side Swipe",2,,,1332562.2,1684438.52
"2020-6347-19/09/2025","BIRDWOOD","THE ADELAIDE HILLS COUNCIL",3,2,0,1,1,2020,"July","Thursday","05:35 pm",100,"Sealed","Dry","Not Raining","Night","Hit Fixed Object",1,,,1368164.57,1682064.28
"2020-6351-19/09/2025","PARACOMBE","THE ADELAIDE HILLS COUNCIL",2,1,0,0,1,2020,"July","Friday","01:30 am",80,"Sealed","Dry","Not Raining","Night","Hit Fixed Object",1,,,1346166.22,1677814.39
"2020-6352-19/09/2025","HEWETT","LIGHT REGIONAL COUNCIL",2,1,0,1,0,2020,"July","Friday","06:10 am",110,"Sealed","Dry","Not Raining","Night","Right Turn",1,,,1343223.02,1709324.57
"2020-6357-19/09/2025","GRANGE","CITY OF CHARLES STURT",2,1,0,0,1,2020,"July","Friday","10:20 am",60,"Sealed","Dry","Not Raining","Daylight","Right Angle",2,,,1319901.52,1674883.02
"2020-6359-19/09/2025","DAVOREN PARK","CITY OF PLAYFORD.",2,1,0,0,1,2020,"July","Friday","11:10 am",50,"Sealed","Dry","Not Raining","Daylight","Hit Fixed Object",1,,,1335861.94,1695761.09
"2020-6362-19/09/2025","EDINBURGH","CITY OF SALISBURY",2,2,0,0,2,2020,"July","Friday","11:05 am",80,"Sealed","Dry","Not Raining","Daylight","Rear End",2,,,1332506.81,1691943.52
"2020-6365-19/09/2025","HINDMARSH","CITY OF CHARLES STURT",2,1,0,0,1,2020,"July","Tuesday","04:00 pm",60,"Sealed","Dry","Not Raining","Daylight","Rear End",2,,,1325588.81,1673032.48
"2020-6366-19/09/2025","RICHMOND","CITY OF WEST TORRENS",2,1,0,0,1,2020,"July","Friday","02:00 pm",60,"Sealed","Dry","Not Raining","Daylight","Rear End",2,,,1324996.68,1668923.98
"2020-6368-19/09/2025","MUNNO PARA","CITY OF PLAYFORD.",3,1,0,0,1,2020,"July","Friday","02:40 pm",60,"Sealed","Dry","Not Raining","Daylight","Rear End",1,,,1336653.77,1698573.03
"2020-6369-19/09/2025","ROSEWORTHY","LIGHT REGIONAL COUNCIL",1,1,0,0,1,2020,"July","Thursday","10:00 pm",100,"Sealed","Dry","Not Raining","Night","Roll Over",1,,,1344236.05,1711489.37
"2020-6370-19/09/2025","FREELING","LIGHT REGIONAL COUNCIL",1,1,0,0,1,2020,"July","Thursday","10:51 pm",100,"Sealed","Dry","Not Raining","Night","Roll Over",1,"Y","Y",1351213.79,1722850.9
"2020-6371-19/09/2025","SALISBURY NORTH","CITY OF SALISBURY",4,1,0,0,1,2020,"July","Friday","03:40 pm",60,"Sealed","Dry","Not Raining","Daylight","Rear End",1,,,1330970.82,1690176.03
"2020-6372-19/09/2025","EDWARDSTOWN","CC MARION.",2,1,0,0,1,2020,"July","Friday","03:35 pm",60,"Sealed","Dry","Not Raining","Daylight","Right Angle",2,,,1325781.39,1666149.81
"2020-6375-19/09/2025","POORAKA","CITY OF SALISBURY",2,1,0,0,1,2020,"July","Friday","04:15 pm",70,"Sealed","Dry","Not Raining","Daylight","Rear End",2,"Y",,1330489.22,1681819.14
"2020-6377-19/09/2025","ST MORRIS","CC OF NORWOOD,PAYNEHAM & ST PETERS",3,1,0,0,1,2020,"July","Friday","06:11 pm",60,"Sealed","Dry","Not Raining","Night","Right Angle",2,,,1333859.33,1671805.1
"2020-6379-19/09/2025","NORTH ADELAIDE","CITY OF ADELAIDE",2,1,0,0,1,2020,"July","Friday","11:00 am",50,"Sealed","Dry","Not Raining","Daylight","Rear End",2,,,1328228.33,1671580.89
"2020-6380-19/09/2025","ELIZABETH VALE","CITY OF PLAYFORD.",3,1,0,0,1,2020,"July","Friday","06:15 pm",80,"Sealed","Dry","Not Raining","Night","Rear End",1,,,1336127.78,1690812.95
"2020-6381-19/09/2025","ELIZABETH VALE","CITY OF PLAYFORD.",2,1,0,0,1,2020,"July","Friday","06:20 pm",80,"Sealed","Dry","Not Raining","Night","Rear End",2,,,1336127.78,1690812.95
"2020-6388-19/09/2025","MOUNT BARKER","DC MT.BARKER.",2,1,0,0,1,2020,"August","Saturday","06:30 am",100,"Unsealed","Dry","Not Raining","Night","Hit Fixed Object",1,"Y","Y",1350174.05,1650254.64
"2020-6392-19/09/2025","PORT LINCOLN","CC PT.LINCOLN.",3,2,0,1,1,2020,"August","Saturday","09:45 am",60,"Sealed","Dry","Not Raining","Daylight","Right Angle",1,,,1078362.36,1697562.34
"2020-6393-19/09/2025","WYNN VALE","CITY OF TEA TREE GULLY",2,1,0,0,1,2020,"July","Thursday","04:00 pm",80,"Sealed","Dry","Not Raining","Daylight","Right Angle",2,,,1335764.06,1683093.59
"2020-6394-19/09/2025","GLENALTA","CC MITCHAM.",2,1,0,0,1,2020,"August","Saturday","10:46 am",60,"Sealed","Dry","Not Raining","Daylight","Right Turn",1,,,1330463.5,1661580.06
"2020-6395-19/09/2025","HENLEY BEACH","CITY OF CHARLES STURT",2,1,0,0,1,2020,"August","Saturday","10:55 am",50,"Sealed","Dry","Not Raining","Daylight","Right Angle",2,,,1318884.7,1672305.12
"2020-6400-19/09/2025","STIRLING","THE ADELAIDE HILLS COUNCIL",1,1,0,0,1,2020,"August","Saturday","11:30 am",100,"Sealed","Dry","Not Raining","Daylight","Roll Over",1,,,1338989.03,1661907.48
"2020-6402-19/09/2025","MAWSON LAKES","CITY OF SALISBURY",2,1,0,0,1,2020,"July","Tuesday","01:45 pm",50,"Sealed","Dry","Not Raining","Daylight","Right Angle",2,,,1329936.6,1684776.18
"2020-6404-19/09/2025","BARMERA","THE BERRI BARMERA COUNCIL",3,1,0,0,1,2020,"August","Saturday","12:05 pm",100,"Sealed","Dry","Not Raining","Daylight","Side Swipe",2,,,1505052.76,1734282.72
"2020-6405-19/09/2025","GLENELG","CITY OF HOLDFAST BAY",2,1,0,0,1,2020,"August","Saturday","01:50 pm",40,"Sealed","Dry","Not Raining","Daylight","Hit Pedestrian",2,,,1320898.36,1664896.99
"2020-6410-19/09/2025","WAIKERIE","LOXTON WAIKERIE DISTRICT COUNCIL",1,1,0,0,1,2020,"August","Saturday","04:05 pm",60,"Sealed","Dry","Not Raining","Daylight","Roll Over",1,,,1458766.13,1748132.33
"2020-6411-19/09/2025","DEVON PARK","CITY OF CHARLES STURT",1,1,0,0,1,2020,"August","Saturday","04:15 pm",50,"Sealed","Dry","Not Raining","Daylight","Roll Over",1,,,1326722.3,1674734.25
"2020-6416-19/09/2025","O'HALLORAN HILL","CITY OF ONKAPARINGA",4,1,0,0,1,2020,"August","Saturday","07:45 pm",80,"Sealed","Dry","Not Raining","Night","Hit Fixed Object",1,,"Y",1324364.25,1658184.74
"2020-6420-19/09/2025","CAMDEN PARK","CITY OF WEST TORRENS",2,1,0,0,1,2020,"August","Sunday","11:17 am",60,"Sealed","Dry","Not Raining","Daylight","Right Angle",2,,,1322673.03,1665409.91
"2020-6421-19/09/2025","SALISBURY","CITY OF SALISBURY",2,1,0,0,1,2020,"August","Sunday","12:30 pm",60,"Sealed","Dry","Not Raining","Daylight","Right Turn",2,,,1333601.36,1689549.53
"2020-6422-19/09/2025","BAUDIN BEACH","KANGAROO ISLAND COUNCIL",1,1,0,1,0,2020,"August","Sunday","11:16 am",20,"Sealed","Dry","Not Raining","Daylight","Roll Over",1,,,1259385.3,1578449.48
"2020-6423-19/09/2025","TORRENSVILLE","CITY OF WEST TORRENS",3,1,0,0,1,2020,"August","Sunday","01:00 pm",50,"Sealed","Dry","Not Raining","Daylight","Side Swipe",1,,,1324956.98,1670960.34
"2020-6425-19/09/2025","HENLEY BEACH","CITY OF CHARLES STURT",2,1,0,0,1,2020,"August","Sunday","03:06 pm",50,"Sealed","Dry","Not Raining","Daylight","Right Angle",2,,,1319073.68,1671372.06
"2020-6426-19/09/2025","ULEYBURY","CITY OF PLAYFORD.",1,1,0,1,0,2020,"August","Sunday","03:35 pm",100,"Sealed","Dry","Not Raining","Daylight","Roll Over",1,,,1344758.94,1697723.9
"2020-6429-19/09/2025","ROYSTON PARK","CC OF NORWOOD,PAYNEHAM & ST PETERS",2,1,0,0,1,2020,"August","Sunday","04:25 pm",60,"Sealed","Dry","Not Raining","Daylight","Right Turn",1,,,1331903.53,1673452.04
"2020-6431-19/09/2025","MOUNT BARKER","DC MT.BARKER.",1,1,0,0,1,2020,"July","Thursday","10:05 am",50,"Sealed","Dry","Not Raining","Daylight","Left Road - Out of Control",1,,"Y",1352539.57,1652980.94
"2020-6433-19/09/2025","GUMERACHA","THE ADELAIDE HILLS COUNCIL",1,1,0,0,1,2020,"July","Monday","10:00 am",80,"Sealed","Dry","Not Raining","Daylight","Roll Over",1,,,1351918.1,1681213.43
"2020-6440-19/09/2025","TOORAK GARDENS","CITY OF BURNSIDE",2,1,0,0,1,2020,"August","Monday","10:03 am",60,"Sealed","Dry","Not Raining","Daylight","Hit Parked Vehicle",1,,,1331738.4,1669039.65
"2020-6449-19/09/2025","VALLEY VIEW","CITY OF TEA TREE GULLY",2,1,0,0,1,2020,"July","Wednesday","06:00 am",60,"Sealed","Dry","Not Raining","Night","Right Turn",2,,,1335394.91,1679592.08
"2020-6451-19/09/2025","MENINGIE","COORONG DISTRICT COUNCIL",3,1,0,1,0,2020,"February","Saturday","08:30 pm",15,"Unsealed","Dry","Not Raining","Night","Hit Pedestrian",2,,,1385111.51,1577941.54
"2020-6453-19/09/2025","NORTH ADELAIDE","CITY OF ADELAIDE",3,1,0,0,1,2020,"August","Monday","04:30 pm",50,"Sealed","Dry","Not Raining","Daylight","Right Angle",1,,,1327742.09,1672924.74