"REPORT_ID","Suburb","LGA Name","Total Units","Total Cas","Total Fats","Total SI","Total MI","Year","Month","Day","Time","Area Speed","Road Surface","Moisture Cond","Weather Cond","DayNight","Crash Type","Unit Resp","DUI Involved","Drugs Involved","ACCLOC_X","ACCLOC_Y"
"2020-6459-19/09/2025","MILLBROOK","THE ADELAIDE HILLS COUNCIL",3,1,0,0,1,2020,"August","Saturday","05:30 pm",80,"Sealed","Dry","Not Raining","Daylight","Hit Fixed Object",1,,,1347732.76,1682040.18
"2020-6460-19/09/2025","HANSON","REGIONAL COUNCIL OF GOYDER",2,1,0,1,0,2020,"August","Monday","05:35 pm",110,"Sealed","Dry","Not Raining","Daylight","Roll Over",1,,,1355676.8,1801267.8
"2020-6464-19/09/2025","ADELAIDE","CITY OF ADELAIDE",3,1,0,0,1,2020,"August","Tuesday","08:05 am",60,"Sealed","Dry","Not Raining","Daylight","Rear End",1,,,1329544.54,1671174.25
"2020-6465-19/09/2025","FULHAM","CITY OF WEST TORRENS",2,1,0,0,1,2020,"August","Tuesday","07:52 am",60,"Sealed","Dry","Not Raining","Daylight","Right Turn",1,,,1320981.07,1670844.76
"2020-6466-19/09/2025","NORWOOD","CC OF NORWOOD,PAYNEHAM & ST PETERS",2,1,0,0,1,2020,"August","Monday","07:00 am",50,"Sealed","Dry","Not Raining","Night","Right Angle",1,,,1331844.74,1671411.97
"2020-6480-19/09/2025","PLYMPTON","CITY OF WEST TORRENS",2,1,0,0,1,2020,"August","Tuesday","10:08 am",60,"Sealed","Dry","Not Raining","Daylight","Side Swipe",2,,,1324225.72,1666668.53
"2020-6482-19/09/2025","HAZELWOOD PARK","CITY OF BURNSIDE",2,1,0,0,1,2020,"August","Tuesday","03:15 pm",60,"Sealed","Dry","Not Raining","Daylight","Side Swipe",1,,,1333954.14,1668571.49
"2020-6489-19/09/2025","GEPPS CROSS","CITY OF PORT ADELAIDE ENFIELD",2,2,0,0,2,2020,"August","Tuesday","02:45 pm",60,"Sealed","Dry","Not Raining","Daylight","Rear End",2,,,1328805.37,1679280.73
"2020-6490-19/09/2025","WOODCROFT","CITY OF ONKAPARINGA",2,2,0,0,2,2020,"August","Tuesday","06:08 pm",80,"Sealed","Dry","Not Raining","Night","Rear End",2,,,1323044.76,1651931.43
"2020-6491-19/09/2025","COROMANDEL VALLEY","CITY OF ONKAPARINGA",2,1,0,1,0,2020,"August","Tuesday","03:13 pm",50,"Sealed","Dry","Not Raining","Daylight","Roll Over",1,,,1330506.26,1658103.29
"2020-6492-19/09/2025","WAYVILLE","CITY OF UNLEY",3,2,0,0,2,2020,"August","Tuesday","05:41 pm",40,"Sealed","Dry","Not Raining","Night","Rear End",1,,,1327046.05,1668165.91
"2020-6494-19/09/2025","WARRADALE","CC MARION.",2,1,1,0,0,2020,"August","Tuesday","07:23 pm",60,"Sealed","Dry","Not Raining","Night","Hit Pedestrian",2,,,1322454.13,1661990.82
"2020-6498-19/09/2025","MEDINDIE","WALKERVILLE TOWN COUNCIL",2,1,0,0,1,2020,"August","Wednesday","07:44 am",60,"Sealed","Dry","Not Raining","Daylight","Right Angle",1,,,1328746.17,1673528.95
"2020-6502-19/09/2025","ELIZABETH SOUTH","CITY OF PLAYFORD.",2,1,0,0,1,2020,"August","Wednesday","08:51 am",25,"Sealed","Dry","Not Raining","Daylight","Hit Pedestrian",1,,,1334871.39,1691985.37
"2020-6504-19/09/2025","WALKERVILLE","WALKERVILLE TOWN COUNCIL",3,1,0,0,1,2020,"August","Wednesday","08:30 am",60,"Sealed","Dry","Not Raining","Daylight","Rear End",1,,,1329495.38,1674243.17
"2020-6508-19/09/2025","MAYLANDS","CC OF NORWOOD,PAYNEHAM & ST PETERS",3,1,0,0,1,2020,"August","Wednesday","12:40 pm",60,"Sealed","Dry","Not Raining","Daylight","Right Turn",2,,,1331812.95,1671751.27
"2020-6520-19/09/2025","NOARLUNGA DOWNS","CITY OF ONKAPARINGA",2,1,0,1,0,2020,"August","Wednesday","02:45 pm",60,"Sealed","Dry","Not Raining","Daylight","Hit Pedestrian",2,,,1318828.27,1646931.73
"2020-6521-19/09/2025","GAWLER EAST","CT GAWLER.",2,2,0,0,2,2020,"August","Wednesday","03:40 pm",50,"Sealed","Dry","Not Raining","Daylight","Hit Parked Vehicle",1,,"Y",1343731.06,1706185.8
"2020-6522-19/09/2025","WYNN VALE","CITY OF TEA TREE GULLY",2,1,0,0,1,2020,"August","Wednesday","04:12 pm",70,"Sealed","Dry","Not Raining","Daylight","Right Angle",1,,,1336754.92,1684333.83
"2020-6523-19/09/2025","SEAFORD","CITY OF ONKAPARINGA",3,1,0,0,1,2020,"August","Wednesday","04:16 pm",70,"Sealed","Dry","Not Raining","Daylight","Rear End",1,,,1316371.66,1642084.36
"2020-6524-19/09/2025","RICHMOND","CITY OF WEST TORRENS",2,1,0,0,1,2020,"August","Wednesday","06:12 am",60,"Sealed","Dry","Not Raining","Night","Right Angle",2,,,1325789.86,1669480.18
"2020-6527-19/09/2025","MELROSE PARK","CC MARION.",2,1,0,0,1,2020,"August","Tuesday","05:00 pm",60,"Sealed","Dry","Not Raining","Daylight","Rear End",2,,,1325935.26,1664002.89
"2020-6528-19/09/2025","NEWTON","CC CAMPBELLTOWN.",2,1,0,0,1,2020,"August","Wednesday","04:30 pm",60,"Sealed","Dry","Not Raining","Daylight","Hit Pedestrian",2,,,1335393.34,1675160.67
"2020-6531-19/09/2025","DOVER GARDENS","CC MARION.",2,1,0,0,1,2020,"August","Thursday","01:10 am",60,"Sealed","Dry","Not Raining","Night","Hit Parked Vehicle",1,,"Y",1322788.45,1660260.51
"2020-6532-19/09/2025","MARRABEL","CLARE AND GILBERT VALLEYS DISTRICT COUNCIL",2,1,0,0,1,2020,"August","Thursday","04:30 am",60,"Unsealed","Dry","Not Raining","Night","Hit Fixed Object",1,,,1356093.52,1752036.49
"2020-6536-19/09/2025","NORTHFIELD","CITY OF PORT ADELAIDE ENFIELD",2,1,0,0,1,2020,"August","Thursday","08:30 am",60,"Sealed","Dry","Not Raining","Daylight","Right Angle",2,,,1330859.68,1680068.64
"2020-6540-19/09/2025","PIRIE EAST","PT.PIRIE CITY & DIST. COUNCIL",3,2,0,1,1,2020,"August","Thursday","11:40 am",110,"Sealed","Wet","Raining","Daylight","Head On",1,,,1280376.85,1859353.57
"2020-6541-19/09/2025","DRY CREEK","CITY OF SALISBURY",2,2,0,0,2,2020,"August","Thursday","01:43 pm",90,"Sealed","Dry","Not Raining","Daylight","Hit Fixed Object",1,,,1328008.55,1682484.4
"2020-6551-19/09/2025","HAPPY VALLEY","CITY OF ONKAPARINGA",2,1,0,0,1,2020,"August","Thursday","08:40 am",80,"Sealed","Dry","Not Raining","Daylight","Right Angle",1,,,1325603.37,1656854
"2020-6557-19/09/2025","ADELAIDE","CITY OF ADELAIDE",2,1,0,0,1,2020,"August","Thursday","10:15 pm",60,"Sealed","Dry","Not Raining","Night","Right Angle",1,,,1329884.53,1670392.01
"2020-6559-19/09/2025","SALISBURY PLAIN","CITY OF SALISBURY",4,1,0,0,1,2020,"August","Friday","07:26 am",80,"Sealed","Dry","Not Raining","Daylight","Hit Parked Vehicle",2,,,1335132.03,1687719.27
"2020-6560-19/09/2025","CUMMINS","DC LOWER EYRE PENINSULA",1,1,0,0,1,2020,"August","Thursday","08:00 pm",110,"Sealed","Dry","Not Raining","Night","Roll Over",1,"Y",,1066993.44,1750464.36
"2020-6569-19/09/2025","GEPPS CROSS","CITY OF PORT ADELAIDE ENFIELD",2,1,0,0,1,2020,"August","Friday","12:30 pm",60,"Sealed","Dry","Not Raining","Daylight","Rear End",2,,,1328042.72,1679246.73
"2020-6575-19/09/2025","CUMMINS","DC LOWER EYRE PENINSULA",2,1,0,1,0,2020,"May","Wednesday","09:00 pm",100,"Unsealed","Dry","Not Raining","Night","Hit Fixed Object",1,"Y",,1060843.1,1737459.59
"2020-6576-19/09/2025","PANORAMA","CC MITCHAM.",2,1,0,0,1,2020,"August","Saturday","01:25 pm",60,"Sealed","Dry","Not Raining","Daylight","Rear End",2,,,1327627.47,1663488.43
"2020-6579-19/09/2025","THEBARTON","CITY OF WEST TORRENS",3,2,0,0,2,2020,"August","Friday","05:24 pm",50,"Sealed","Wet","Raining","Daylight","Right Angle",1,,,1325485.66,1672011.45
"2020-6585-19/09/2025","TATACHILLA","CITY OF ONKAPARINGA",2,1,0,0,1,2020,"August","Friday","05:30 pm",90,"Sealed","Wet","Raining","Daylight","Right Angle",1,,,1317681.62,1637008.33
"2020-6586-19/09/2025","MODBURY","CITY OF TEA TREE GULLY",2,1,0,0,1,2020,"August","Friday","06:05 pm",60,"Sealed","Wet","Raining","Night","Right Turn",1,,,1336876.15,1680848.77
"2020-6588-19/09/2025","MITCHAM","CC MITCHAM.",3,1,0,0,1,2020,"August","Friday","06:10 pm",60,"Sealed","Wet","Raining","Night","Head On",1,,,1330108.04,1663968.16
"2020-6589-19/09/2025","TAPEROO","CITY OF PORT ADELAIDE ENFIELD",2,1,0,0,1,2020,"August","Friday","05:50 pm",60,"Sealed","Dry","Not Raining","Night","Right Angle",1,,,1319467.94,1683563.08
"2020-6591-19/09/2025","WAYVILLE","CITY OF UNLEY",1,1,0,0,1,2020,"August","Friday","03:25 pm",60,"Sealed","Wet","Not Raining","Daylight","Roll Over",1,,,1327426.25,1668913.54
"2020-6598-19/09/2025","GLENELG","CITY OF HOLDFAST BAY",2,1,0,0,1,2020,"August","Saturday","08:05 am",50,"Sealed","Dry","Not Raining","Daylight","Right Angle",1,,,1320791.35,1665095.28
"2020-6599-19/09/2025","SEAFORD MEADOWS","CITY OF ONKAPARINGA",2,1,0,0,1,2020,"August","Saturday","08:36 am",60,"Sealed","Wet","Not Raining","Daylight","Hit Fixed Object",1,,,1316661.51,1642784.33
"2020-6601-19/09/2025","BUCKLAND PARK","CITY OF PLAYFORD.",1,1,0,1,0,2020,"August","Saturday","10:10 am",30,"Sealed","Dry","Not Raining","Daylight","Roll Over",1,,,1323724.95,1698420.94
"2020-6605-19/09/2025","GLENELG EAST","CITY OF HOLDFAST BAY",2,1,0,1,0,2020,"August","Saturday","12:01 pm",60,"Sealed","Dry","Not Raining","Daylight","Hit Pedestrian",2,,,1321015.17,1664985.07
"2020-6608-19/09/2025","BALHANNAH","THE ADELAIDE HILLS COUNCIL",2,1,0,1,0,2020,"August","Saturday","09:35 am",80,"Sealed","Wet","Raining","Daylight","Hit Fixed Object",1,,,1348985.11,1661957.64
"2020-6611-19/09/2025","MAGILL","CC CAMPBELLTOWN.",2,2,0,0,2,2020,"August","Saturday","01:25 pm",60,"Sealed","Dry","Not Raining","Daylight","Hit Fixed Object",1,,,1335617.52,1671852.54
"2020-6612-19/09/2025","MEADOWS","DC MT.BARKER.",2,1,0,0,1,2020,"August","Friday","05:00 pm",50,"Unsealed","Wet","Raining","Daylight","Hit Fixed Object",1,,,1341681.29,1639021.75
"2020-6614-19/09/2025","GLENUNGA","CITY OF BURNSIDE",2,1,0,0,1,2020,"August","Friday","07:20 pm",60,"Sealed","Wet","Raining","Night","Right Angle",2,,,1332358.27,1667705.71
"2020-6620-19/09/2025","CLARE","CLARE AND GILBERT VALLEYS DISTRICT COUNCIL",2,1,0,0,1,2020,"August","Saturday","05:17 pm",50,"Sealed","Wet","Raining","Daylight","Right Turn",2,,,1333628.59,1791539.39
"2020-6623-19/09/2025","NURIOOTPA","LIGHT REGIONAL COUNCIL",2,1,0,0,1,2020,"August","Saturday","06:40 pm",80,"Sealed","Wet","Raining","Night","Hit Fixed Object",1,,,1363526.12,1717527.49
"2020-6630-19/09/2025","PEKINA","DC OF ORROROO/CARRIETON",2,2,0,1,1,2020,"August","Sunday","04:35 am",100,"Sealed","Wet","Raining","Night","Roll Over",1,"Y",,1333738.73,1907568.65
"2020-6640-19/09/2025","MODBURY NORTH","CITY OF TEA TREE GULLY",2,1,0,0,1,2020,"August","Sunday","03:00 pm",60,"Sealed","Dry","Not Raining","Daylight","Right Angle",1,,,1337551.32,1681925.35
"2020-6644-19/09/2025","BEDFORD PARK","CC MITCHAM.",2,1,0,0,1,2020,"August","Sunday","05:55 pm",70,"Sealed","Dry","Not Raining","Night","Hit Fixed Object",1,,,1325439.1,1660699.12
"2020-6646-19/09/2025","CUDLEE CREEK","THE ADELAIDE HILLS COUNCIL",1,1,0,0,1,2020,"August","Sunday","06:50 pm",80,"Sealed","Wet","Raining","Night","Roll Over",1,,,1350436.07,1674015.29
"2020-6652-19/09/2025","ELIZABETH","CITY OF PLAYFORD.",2,1,0,0,1,2020,"August","Sunday","02:37 pm",60,"Sealed","Dry","Not Raining","Daylight","Hit Pedestrian",2,,,1335738.18,1693227.37
"2020-6655-19/09/2025","RENMARK","DC RENMARK PARINGA",2,3,0,2,1,2020,"August","Monday","02:25 am",80,"Sealed","Dry","Not Raining","Night","Hit Fixed Object",1,,"Y",1527264.19,1744216.98
"2020-6661-19/09/2025","TROTT PARK","CC MARION.",2,1,0,1,0,2020,"August","Monday","01:18 pm",70,"Sealed","Dry","Not Raining","Daylight","Side Swipe",2,,,1322513.36,1656566.95
"2020-6663-19/09/2025","WISTOW","DC MT.BARKER.",3,1,0,0,1,2020,"August","Monday","03:50 pm",80,"Sealed","Dry","Not Raining","Daylight","Rear End",2,,,1353777.94,1649394.23
"2020-6664-19/09/2025","COWANDILLA","CITY OF WEST TORRENS",2,1,0,0,1,2020,"August","Monday","03:40 pm",60,"Sealed","Dry","Not Raining","Daylight","Right Angle",2,,,1324474.32,1670059.55
"2020-6665-19/09/2025","PENNINGTON","CITY OF CHARLES STURT",2,1,0,0,1,2020,"August","Monday","04:00 pm",60,"Sealed","Dry","Not Raining","Daylight","Rear End",2,,,1322283.4,1678106.48
"2020-6670-19/09/2025","GLANDORE","CITY OF UNLEY",2,1,0,0,1,2020,"August","Monday","07:54 pm",60,"Sealed","Dry","Not Raining","Night","Hit Fixed Object",1,,"Y",1325872.07,1666576.4
"2020-6672-19/09/2025","MULLAQUANA","CC WHYALLA.",2,1,0,0,1,2020,"August","Monday","09:15 pm",100,"Sealed","Dry","Not Raining","Night","Hit Fixed Object",1,,,1237163.73,1881473.73
"2020-6674-19/09/2025","MAWSON LAKES","CITY OF SALISBURY",2,1,0,0,1,2020,"August","Tuesday","03:34 am",70,"Sealed","Dry","Not Raining","Night","Hit Fixed Object",1,"Y","Y",1329219.1,1683992.64
"2020-6680-19/09/2025","NORTH BRIGHTON","CITY OF HOLDFAST BAY",2,1,0,0,1,2020,"August","Monday","03:30 pm",50,"Sealed","Dry","Not Raining","Daylight","Right Angle",2,,,1320686.99,1662457.64
"2020-6681-19/09/2025","GLENCOE","WATTLE RANGE COUNCIL",2,1,0,1,0,2020,"August","Monday","07:40 pm",100,"Sealed","Dry","Not Raining","Night","Hit Fixed Object",1,,,1495927.38,1358558.52
"2020-6682-19/09/2025","WEST HINDMARSH","CITY OF CHARLES STURT",3,1,0,0,1,2020,"August","Tuesday","10:47 am",60,"Sealed","Wet","Raining","Daylight","Right Angle",1,,,1325467.16,1673137.63
"2020-6684-19/09/2025","SMITHFIELD","CITY OF PLAYFORD.",2,1,0,0,1,2020,"August","Tuesday","11:40 am",80,"Sealed","Wet","Raining","Daylight","Rear End",2,,,1337904.44,1697173.62
"2020-6685-19/09/2025","HALLETT COVE","CC MARION.",3,3,0,0,3,2020,"August","Tuesday","01:05 pm",80,"Sealed","Wet","Raining","Daylight","Hit Fixed Object",1,,,1319511.08,1653308.88
"2020-6695-19/09/2025","PORT ADELAIDE","CITY OF PORT ADELAIDE ENFIELD",2,1,0,0,1,2020,"August","Tuesday","03:40 pm",40,"Sealed","Wet","Not Raining","Daylight","Hit Pedestrian",2,,,1319811.56,1679978.63
"2020-6701-19/09/2025","MOUNT GAMBIER","CC MT.GAMBIER.",3,1,0,0,1,2020,"August","Tuesday","06:35 pm",50,"Sealed","Wet","Raining","Night","Right Angle",1,,,1510769.06,1339887.34
"2020-6702-19/09/2025","EASTWOOD","CITY OF BURNSIDE",2,1,0,0,1,2020,"August","Tuesday","06:15 pm",50,"Sealed","Dry","Not Raining","Night","Hit Fixed Object",1,,,1330028.95,1668894.19
"2020-6703-19/09/2025","ELIZABETH GROVE","CITY OF PLAYFORD.",3,2,0,0,2,2020,"August","Tuesday","07:21 pm",80,"Sealed","Dry","Not Raining","Night","Rear End",2,,,1336122.49,1691146.4
"2020-6705-19/09/2025","SEACOMBE GARDENS","CC MARION.",2,1,0,0,1,2020,"August","Tuesday","08:55 pm",50,"Sealed","Wet","Not Raining","Night","Hit Fixed Object",1,,,1323275.28,1659811.03
"2020-6706-19/09/2025","TUSMORE","CITY OF BURNSIDE",2,1,0,0,1,2020,"August","Wednesday","05:27 am",60,"Sealed","Wet","Not Raining","Night","Hit Pedestrian",1,,,1332324.24,1669046.54
"2020-6709-19/09/2025","PARAFIELD GARDENS","CITY OF SALISBURY",2,1,0,0,1,2020,"August","Tuesday","08:27 pm",60,"Sealed","Dry","Not Raining","Night","Right Angle",1,,,1330094.59,1686962.84
"2020-6711-19/09/2025","UNLEY PARK","CITY OF UNLEY",2,1,0,0,1,2020,"August","Wednesday","09:30 am",40,"Sealed","Dry","Not Raining","Daylight","Hit Parked Vehicle",1,,,1328345.02,1666816.76
"2020-6712-19/09/2025","KILKENNY","CITY OF CHARLES STURT",2,1,0,0,1,2020,"August","Wednesday","09:45 am",60,"Sealed","Dry","Not Raining","Daylight","Rear End",2,,,1324319.06,1676493.54
"2020-6713-19/09/2025","ELIZABETH DOWNS","CITY OF PLAYFORD.",2,1,0,0,1,2020,"August","Wednesday","09:38 am",50,"Sealed","Wet","Raining","Daylight","Hit Parked Vehicle",1,,,1338346.58,1695596
"2020-6718-19/09/2025","GREENACRES","CITY OF PORT ADELAIDE ENFIELD",2,1,0,0,1,2020,"August","Wednesday","08:40 am",60,"Sealed","Dry","Not Raining","Daylight","Right Angle",1,,,1331211.78,1676588.99
"2020-6721-19/09/2025","NOARLUNGA CENTRE","CITY OF ONKAPARINGA",2,1,0,0,1,2020,"August","Wednesday","02:50 pm",60,"Sealed","Dry","Not Raining","Daylight","Right Angle",2,,,1317491.03,1646945.11
"2020-6724-19/09/2025","OAKDEN","CITY OF PORT ADELAIDE ENFIELD",2,1,0,0,1,2020,"August","Wednesday","03:40 pm",50,"Sealed","Dry","Not Raining","Daylight","Hit Pedestrian",2,,,1332045.98,1678151.8
"2020-6726-19/09/2025","PARALOWIE","CITY OF SALISBURY",2,1,0,0,1,2020,"August","Wednesday","03:30 pm",50,"Sealed","Dry","Not Raining","Daylight","Rear End",2,,,1330571.58,1688999.57
"2020-6728-19/09/2025","NOARLUNGA CENTRE","CITY OF ONKAPARINGA",3,3,0,0,3,2020,"August","Wednesday","04:10 pm",60,"Sealed","Dry","Not Raining","Daylight","Right Turn",2,,,1318337.56,1647460.97
"2020-6729-19/09/2025","PORT AUGUSTA","CC PT.AUGUSTA.",2,2,0,0,2,2020,"August","Wednesday","04:00 pm",60,"Sealed","Wet","Raining","Daylight","Rear End",1,,,1260303.17,1941439.83
"2020-6731-19/09/2025","SALISBURY EAST","CITY OF SALISBURY",2,1,0,0,1,2020,"August","Wednesday","05:14 pm",50,"Sealed","Dry","Not Raining","Daylight","Hit Parked Vehicle",1,,,1334177.83,1684969.86
"2020-6739-19/09/2025","ADELAIDE","CITY OF ADELAIDE",2,1,0,0,1,2020,"August","Monday","09:00 am",50,"Sealed","Dry","Not Raining","Daylight","Rear End",2,,,1328680.32,1671138.4
"2020-6741-19/09/2025","POORAKA","CITY OF SALISBURY",3,2,0,0,2,2020,"August","Wednesday","10:23 pm",70,"Sealed","Dry","Not Raining","Night","Rear End",2,,,1331152.03,1681826.77
"2020-6744-19/09/2025","CLARENCE PARK","CITY OF UNLEY",2,1,0,1,0,2020,"August","Thursday","08:45 am",50,"Sealed","Dry","Not Raining","Daylight","Right Angle",1,,,1327091.27,1666818.86
"2020-6747-19/09/2025","ADELAIDE","CITY OF ADELAIDE",2,1,0,0,1,2020,"August","Thursday","09:45 am",50,"Sealed","Dry","Not Raining","Daylight","Side Swipe",1,,,1328776.58,1670679.6
"2020-6750-19/09/2025","MITCHELL PARK","CC MARION.",2,2,0,0,2,2020,"August","Thursday","10:50 am",60,"Sealed","Dry","Not Raining","Daylight","Right Angle",2,,,1324365.27,1662237.21
"2020-6751-19/09/2025","PALMER","MID MURRAY DISTRICT COUNCIL",2,1,0,0,1,2020,"August","Thursday","09:50 am",100,"Sealed","Wet","Raining","Daylight","Hit Fixed Object",1,,,1377818.19,1678662.23
"2020-6758-19/09/2025","STURT","CC MARION.",2,1,0,0,1,2020,"August","Thursday","01:30 pm",70,"Sealed","Dry","Not Raining","Daylight","Right Turn",2,,,1324428.84,1659884.95
"2020-6763-19/09/2025","ELIZABETH","CITY OF PLAYFORD.",2,1,0,0,1,2020,"August","Thursday","03:15 pm",80,"Sealed","Dry","Not Raining","Daylight","Right Angle",1,,,1335919.34,1693542.18
"2020-6764-19/09/2025","ADELAIDE","CITY OF ADELAIDE",2,1,0,0,1,2020,"August","Thursday","03:29 pm",50,"Sealed","Dry","Not Raining","Daylight","Side Swipe",2,,"Y",1328131.97,1670177.94
"2020-6768-19/09/2025","TORRENSVILLE","CITY OF WEST TORRENS",2,1,0,0,1,2020,"August","Thursday","03:21 pm",50,"Sealed","Dry","Not Raining","Daylight","Hit Parked Vehicle",1,,,1324695.9,1670955.6
"2020-6770-19/09/2025","O'HALLORAN HILL","CC MARION.",2,1,0,0,1,2020,"August","Thursday","05:17 pm",80,"Sealed","Dry","Not Raining","Daylight","Hit Fixed Object",1,,,1324323.5,1657058.08
"2020-6773-19/09/2025","UNLEY","CITY OF UNLEY",3,3,0,0,3,2020,"August","Thursday","03:40 pm",50,"Sealed","Dry","Not Raining","Daylight","Hit Parked Vehicle",1,,,1328425.34,1668135.47
"2020-6776-19/09/2025","SALISBURY PARK","CITY OF SALISBURY",2,1,0,0,1,2020,"August","Thursday","09:16 pm",80,"Sealed","Dry","Not Raining","Night","Side Swipe",2,,,1335659.53,1688427.19
"2020-6779-19/09/2025","THEBARTON","CITY OF WEST TORRENS",3,1,0,0,1,2020,"August","Thursday","04:00 pm",60,"Sealed","Dry","Not Raining","Daylight","Rear End",1,,,1326511.33,1672105.66
"2020-6782-19/09/2025","PAYNEHAM SOUTH","CC OF NORWOOD,PAYNEHAM & ST PETERS",3,1,0,0,1,2020,"August","Thursday","12:30 pm",60,"Sealed","Dry","Not Raining","Daylight","Rear End",2,,,1332195.48,1673034.84
"2020-6791-19/09/2025","MURRAY BRIDGE","RC MURRAY BRIDGE.",2,1,0,0,1,2020,"August","Friday","03:30 pm",60,"Sealed","Wet","Raining","Daylight","Rear End",2,,,1389231.81,1645573.96
"2020-6793-19/09/2025","MYRTLE BANK","CITY OF UNLEY",3,1,0,0,1,2020,"August","Friday","03:35 pm",60,"Sealed","Dry","Not Raining","Daylight","Right Angle",1,,,1330761.23,1666473.39
"2020-6798-19/09/2025","CAMPBELLTOWN","CC CAMPBELLTOWN.",4,1,0,0,1,2020,"August","Friday","04:00 pm",60,"Sealed","Dry","Not Raining","Daylight","Rear End",1,,,1333836.44,1674512.81
"2020-6799-19/09/2025","WHITES VALLEY","CITY OF ONKAPARINGA",3,1,0,0,1,2020,"August","Friday","02:20 pm",80,"Sealed","Dry","Not Raining","Daylight","Hit Fixed Object",1,,,1318382.13,1634697.14
"2020-6803-19/09/2025","MILLBROOK","THE ADELAIDE HILLS COUNCIL",1,1,0,0,1,2020,"August","Friday","06:40 pm",80,"Unsealed","Dry","Not Raining","Night","Roll Over",1,,,1348075.62,1683821.67
"2020-6808-19/09/2025","EDEN HILLS","CC MITCHAM.",3,3,0,0,3,2020,"August","Saturday","09:55 am",60,"Sealed","Dry","Not Raining","Daylight","Head On",2,,,1328422.92,1659504.22
"2020-6812-19/09/2025","BURRA","REGIONAL COUNCIL OF GOYDER",2,1,0,0,1,2020,"August","Saturday","10:26 am",60,"Sealed","Wet","Not Raining","Daylight","Right Angle",1,,"Y",1363932.55,1808550.15
"2020-6814-19/09/2025","CROYDON PARK","CITY OF PORT ADELAIDE ENFIELD",1,1,0,1,0,2020,"August","Saturday","12:20 pm",40,"Sealed","Dry","Not Raining","Daylight","Roll Over",1,,,1326057.11,1675879.94
"2020-6816-19/09/2025","BURTON","CITY OF SALISBURY",3,3,0,1,2,2020,"August","Saturday","01:01 pm",50,"Sealed","Dry","Not Raining","Daylight","Right Turn",1,,,1329591.33,1691190.08
"2020-6819-19/09/2025","ANGLE VALE","CITY OF PLAYFORD.",2,1,0,0,1,2020,"August","Saturday","01:50 pm",60,"Sealed","Dry","Not Raining","Daylight","Rear End",1,,"Y",1334328.84,1702160.26
"2020-6822-19/09/2025","MITCHELL PARK","CC MARION.",2,1,0,0,1,2020,"August","Saturday","05:00 pm",50,"Sealed","Dry","Not Raining","Daylight","Hit Parked Vehicle",1,"Y",,1324506.87,1661981.53
"2020-6833-19/09/2025","KENSINGTON","CC OF NORWOOD,PAYNEHAM & ST PETERS",2,1,0,0,1,2020,"August","Sunday","10:05 am",50,"Sealed","Dry","Not Raining","Daylight","Hit Parked Vehicle",1,,,1332434.73,1670965.81
"2020-6838-19/09/2025","INGLE FARM","CITY OF SALISBURY",2,1,0,0,1,2020,"August","Sunday","12:20 pm",60,"Sealed","Dry","Not Raining","Daylight","Right Angle",2,,,1332471.19,1682210.87
"2020-6843-19/09/2025","KILKENNY","CITY OF CHARLES STURT",4,1,0,0,1,2020,"August","Sunday","02:40 pm",60,"Sealed","Dry","Not Raining","Daylight","Right Angle",1,,,1324798.82,1676344.57
"2020-6845-19/09/2025","CUDLEE CREEK","THE ADELAIDE HILLS COUNCIL",2,1,0,0,1,2020,"August","Sunday","03:15 pm",80,"Sealed","Dry","Not Raining","Daylight","Hit Fixed Object",1,,,1350822.33,1676506.58
"2020-6847-19/09/2025","ELIZABETH NORTH","CITY OF PLAYFORD.",2,1,0,1,0,2020,"August","Sunday","05:53 pm",50,"Sealed","Dry","Not Raining","Night","Hit Pedestrian",2,,,1336276.79,1695979.72
"2020-6850-19/09/2025","MUNNO PARA","CITY OF PLAYFORD.",2,1,0,0,1,2020,"August","Sunday","09:40 pm",50,"Sealed","Dry","Not Raining","Night","Right Angle",1,,,1337543.98,1698922.39
"2020-6854-19/09/2025","GLENELG EAST","CITY OF HOLDFAST BAY",2,1,0,0,1,2020,"August","Monday","09:28 am",60,"Sealed","Wet","Raining","Daylight","Right Angle",2,,,1321031.75,1664610.26
"2020-6859-19/09/2025","MITCHAM","CC MITCHAM.",2,1,0,0,1,2020,"August","Monday","10:25 am",60,"Sealed","Wet","Not Raining","Daylight","Hit Fixed Object",1,,"Y",1330099.37,1663977.93
"2020-6863-19/09/2025","EDINBURGH NORTH","CITY OF PLAYFORD.",2,1,0,0,1,2020,"August","Monday","11:05 am",60,"Sealed","Dry","Not Raining","Daylight","Right Angle",1,,,1335277.93,1695343.49
"2020-6864-19/09/2025","ELIZABETH VALE","CITY OF PLAYFORD.",2,2,0,0,2,2020,"August","Monday","11:56 am",50,"Sealed","Dry","Not Raining","Daylight","Right Angle",1,,,1335237.1,1690122.65
"2020-6867-19/09/2025","ECHUNGA","DC MT.BARKER.",2,1,0,0,1,2020,"August","Monday","08:40 am",50,"Sealed","Dry","Not Raining","Daylight","Rear End",2,,,1345670.81,1650238.28
"2020-6869-19/09/2025","ELIZABETH","CITY OF PLAYFORD.",2,1,0,0,1,2020,"August","Monday","02:30 pm",50,"Sealed","Dry","Not Raining","Daylight","Right Turn",1,,,1335443.67,1693144.79
"2020-6873-19/09/2025","DRY CREEK","CITY OF SALISBURY",2,1,0,0,1,2020,"August","Friday","03:45 pm",110,"Sealed","Dry","Not Raining","Daylight","Side Swipe",2,,,1326034.92,1683717.8