"REPORT_ID","Suburb","LGA Name","Total Units","Total Cas","Total Fats","Total SI","Total MI","Year","Month","Day","Time","Area Speed","Road Surface","Moisture Cond","Weather Cond","DayNight","Crash Type","Unit Resp","DUI Involved","Drugs Involved","ACCLOC_X","ACCLOC_Y"
"2020-6875-19/09/2025","MODBURY","CITY OF TEA TREE GULLY",2,1,0,0,1,2020,"August","Monday","02:05 pm",60,"Sealed","Wet","Raining","Daylight","Rear End",2,,,1337204.02,1680624.42
"2020-6876-19/09/2025","SANDERGROVE","ALEXANDRINA COUNCIL",2,3,0,3,0,2020,"August","Monday","09:17 am",100,"Sealed","Wet","Raining","Daylight","Head On",1,,,1350888.82,1628938.6
"2020-6877-19/09/2025","BLAIR ATHOL","CITY OF PORT ADELAIDE ENFIELD",2,1,0,0,1,2020,"August","Monday","03:25 pm",60,"Sealed","Dry","Not Raining","Daylight","Right Turn",2,,,1328852.8,1676903.19
"2020-6879-19/09/2025","FERRYDEN PARK","CITY OF PORT ADELAIDE ENFIELD",2,1,0,0,1,2020,"August","Monday","04:18 pm",50,"Sealed","Dry","Not Raining","Daylight","Right Angle",2,,,1324928.71,1676963.87
"2020-6881-19/09/2025","POORAKA","CITY OF SALISBURY",2,1,0,0,1,2020,"August","Monday","05:15 pm",70,"Sealed","Wet","Not Raining","Daylight","Rear End",2,,,1330465.1,1681818.42
"2020-6885-19/09/2025","TANUNDA","THE BAROSSA COUNCIL.",2,1,0,0,1,2020,"August","Monday","02:45 pm",60,"Sealed","Wet","Raining","Daylight","Rear End",2,,,1361925.92,1713185.21
"2020-6886-19/09/2025","MAGILL","CC CAMPBELLTOWN.",2,1,0,0,1,2020,"August","Monday","09:00 pm",60,"Sealed","Dry","Not Raining","Night","Right Turn",1,,,1335465.32,1672528.65
"2020-6889-19/09/2025","FINNISS","ALEXANDRINA COUNCIL",2,1,0,0,1,2020,"August","Tuesday","06:00 am",100,"Sealed","Dry","Not Raining","Night","Hit Fixed Object",1,,"Y",1346827.19,1621787.76
"2020-6890-19/09/2025","HINDMARSH","CITY OF CHARLES STURT",2,1,0,0,1,2020,"August","Tuesday","07:50 am",60,"Sealed","Dry","Not Raining","Daylight","Rear End",2,,,1326517.46,1672673.34
"2020-6891-19/09/2025","GEPPS CROSS","CITY OF PORT ADELAIDE ENFIELD",4,2,0,0,2,2020,"August","Tuesday","08:03 am",60,"Sealed","Dry","Not Raining","Daylight","Right Angle",2,,"Y",1330377.17,1679315.41
"2020-6895-19/09/2025","WAYVILLE","CITY OF UNLEY",2,1,0,0,1,2020,"August","Friday","04:07 pm",60,"Sealed","Dry","Not Raining","Daylight","Rear End",2,,,1326865.31,1668904.7
"2020-6897-19/09/2025","OAKLANDS PARK","CC MARION.",2,1,0,0,1,2020,"August","Tuesday","01:17 pm",60,"Sealed","Dry","Not Raining","Daylight","Right Turn",2,,,1322768.82,1660878.17
"2020-6898-19/09/2025","ADELAIDE","CITY OF ADELAIDE",3,2,0,0,2,2020,"August","Tuesday","09:03 am",50,"Sealed","Dry","Not Raining","Daylight","Rear End",2,,,1328231.21,1670814.73
"2020-6899-19/09/2025","GLYNDE","CC OF NORWOOD,PAYNEHAM & ST PETERS",2,1,0,0,1,2020,"August","Tuesday","06:05 am",60,"Sealed","Wet","Not Raining","Night","Right Turn",2,,,1333785.54,1674516.59
"2020-6900-19/09/2025","COWANDILLA","CITY OF WEST TORRENS",2,2,0,0,2,2020,"August","Tuesday","02:42 pm",60,"Sealed","Dry","Not Raining","Daylight","Rear End",2,,"Y",1324138.84,1669941.9
"2020-6901-19/09/2025","NURIOOTPA","THE BAROSSA COUNCIL.",2,1,0,0,1,2020,"August","Tuesday","02:56 pm",50,"Sealed","Dry","Not Raining","Daylight","Hit Parked Vehicle",1,,,1366380.61,1720136.35
"2020-6902-19/09/2025","WINGFIELD","CITY OF PORT ADELAIDE ENFIELD",2,3,0,0,3,2020,"August","Tuesday","03:20 pm",60,"Sealed","Dry","Not Raining","Daylight","Right Angle",1,,,1327051.65,1680247.54
"2020-6907-19/09/2025","CLARENCE PARK","CITY OF UNLEY",4,1,0,0,1,2020,"August","Tuesday","05:35 pm",40,"Sealed","Wet","Raining","Daylight","Rear End",1,,,1326667.66,1666759.08
"2020-6908-19/09/2025","SMITHFIELD","CITY OF PLAYFORD.",2,1,0,0,1,2020,"August","Tuesday","03:30 pm",50,"Sealed","Dry","Not Raining","Daylight","Rear End",2,,,1337539.39,1697379.42
"2020-6909-19/09/2025","MANSFIELD PARK","CITY OF PORT ADELAIDE ENFIELD",2,2,0,1,1,2020,"August","Tuesday","05:25 pm",60,"Sealed","Wet","Raining","Daylight","Right Turn",2,,,1324115.22,1679157.85
"2020-6910-19/09/2025","MODBURY HEIGHTS","CITY OF TEA TREE GULLY",4,1,0,0,1,2020,"August","Tuesday","06:05 pm",80,"Sealed","Wet","Raining","Night","Rear End",2,,,1335810.47,1682864.35
"2020-6911-19/09/2025","HACKHAM","CITY OF ONKAPARINGA",3,1,0,0,1,2020,"August","Tuesday","06:09 pm",80,"Sealed","Wet","Raining","Night","Rear End",2,,,1319217.92,1644269.8
"2020-6912-19/09/2025","PAYNEHAM","CC OF NORWOOD,PAYNEHAM & ST PETERS",3,2,0,0,2,2020,"August","Tuesday","06:10 pm",60,"Sealed","Wet","Raining","Night","Rear End",1,,"Y",1332176.1,1673782.43
"2020-6917-19/09/2025","EDINBURGH NORTH","CITY OF PLAYFORD.",1,2,0,1,1,2020,"August","Tuesday","11:00 pm",60,"Sealed","Wet","Raining","Night","Roll Over",1,,"Y",1335721.52,1695067.79
"2020-6919-19/09/2025","BROOKLYN PARK","CITY OF WEST TORRENS",2,1,0,0,1,2020,"August","Wednesday","02:30 am",60,"Sealed","Wet","Raining","Night","Hit Fixed Object",1,,,1323154.89,1670213.31
"2020-6925-19/09/2025","SEAFORD RISE","CITY OF ONKAPARINGA",2,1,0,0,1,2020,"August","Sunday","01:30 pm",70,"Sealed","Dry","Not Raining","Daylight","Rear End",2,,,1316420.5,1640461.94
"2020-6926-19/09/2025","WYNN VALE","CITY OF TEA TREE GULLY",2,1,0,0,1,2020,"August","Wednesday","08:25 am",50,"Unsealed","Wet","Not Raining","Daylight","Rear End",2,,,1336985.44,1685100.65
"2020-6933-19/09/2025","PROSPECT","CITY OF PROSPECT",3,1,0,0,1,2020,"August","Wednesday","12:20 pm",60,"Sealed","Dry","Not Raining","Daylight","Rear End",2,,,1327480.75,1676398.96
"2020-6936-19/09/2025","MIRANDA","CC PT.AUGUSTA.",1,2,0,2,0,2020,"August","Wednesday","10:45 am",80,"Unsealed","Dry","Not Raining","Daylight","Roll Over",1,,,1271596.44,1919276.29
"2020-6937-19/09/2025","TAPEROO","CITY OF PORT ADELAIDE ENFIELD",2,1,0,0,1,2020,"August","Wednesday","01:58 pm",60,"Sealed","Dry","Not Raining","Daylight","Hit Fixed Object",1,"Y",,1319025.24,1684294.65
"2020-6938-19/09/2025","HAWTHORN","CITY OF UNLEY",3,1,0,0,1,2020,"August","Wednesday","02:51 pm",60,"Sealed","Wet","Not Raining","Daylight","Rear End",1,,,1329068.76,1666251.89
"2020-6939-19/09/2025","PLYMPTON","CITY OF WEST TORRENS",2,1,0,1,0,2020,"August","Wednesday","02:47 pm",60,"Sealed","Dry","Not Raining","Daylight","Right Turn",1,,,1325025.08,1667143.05
"2020-6941-19/09/2025","ADELAIDE","CITY OF ADELAIDE",2,1,0,0,1,2020,"July","Thursday","08:45 pm",50,"Sealed","Dry","Not Raining","Night","Rear End",2,,,1327543.17,1670954.19
"2020-6946-19/09/2025","ELIZABETH EAST","CITY OF PLAYFORD.",2,1,0,0,1,2020,"August","Wednesday","04:50 pm",80,"Sealed","Dry","Not Raining","Daylight","Hit Fixed Object",1,,,1336065.32,1692511.04
"2020-6950-19/09/2025","NAILSWORTH","CITY OF PROSPECT",2,1,0,0,1,2020,"August","Wednesday","06:25 pm",60,"Sealed","Wet","Not Raining","Night","Rear End",2,,,1328899.02,1675133.89
"2020-6952-19/09/2025","POORAKA","CITY OF SALISBURY",3,1,0,0,1,2020,"August","Wednesday","07:56 pm",70,"Sealed","Dry","Not Raining","Night","Rear End",1,,,1330499.62,1681832.25
"2020-6953-19/09/2025","THEBARTON","CITY OF WEST TORRENS",2,1,0,0,1,2020,"August","Wednesday","09:00 pm",60,"Sealed","Wet","Not Raining","Night","Rear End",1,,,1326555.4,1671678.49
"2020-6956-19/09/2025","EVANSTON","CT GAWLER.",2,2,0,0,2,2020,"August","Wednesday","10:00 pm",110,"Sealed","Wet","Raining","Night","Hit Fixed Object",1,,,1341597.36,1703062.59
"2020-6960-19/09/2025","ST MARYS","CC MITCHAM.",3,1,0,0,1,2020,"August","Thursday","06:35 am",60,"Sealed","Dry","Not Raining","Night","Rear End",1,,,1325957.71,1663214.73
"2020-6964-19/09/2025","LIGHTSVIEW","CITY OF PORT ADELAIDE ENFIELD",2,1,0,0,1,2020,"August","Thursday","08:36 am",60,"Sealed","Dry","Not Raining","Daylight","Side Swipe",2,,,1330401.98,1677949.93
"2020-6967-19/09/2025","MYRTLE BANK","CITY OF UNLEY",2,1,0,0,1,2020,"August","Thursday","07:55 am",60,"Sealed","Dry","Not Raining","Daylight","Right Angle",2,,,1330752.74,1666735.72
"2020-6968-19/09/2025","HACKNEY","CC OF NORWOOD,PAYNEHAM & ST PETERS",2,1,0,0,1,2020,"August","Thursday","08:40 am",60,"Sealed","Wet","Raining","Daylight","Rear End",1,,,1329895.98,1671349.91
"2020-6971-19/09/2025","GILBERTON","WALKERVILLE TOWN COUNCIL",2,1,0,0,1,2020,"August","Thursday","10:28 am",60,"Sealed","Wet","Raining","Daylight","Right Turn",2,,,1329707.81,1672509.77
"2020-6974-19/09/2025","BRIGHTON","CITY OF HOLDFAST BAY",2,2,0,0,2,2020,"August","Wednesday","08:45 pm",60,"Sealed","Dry","Not Raining","Night","Right Turn",1,,,1321149.37,1660558.32
"2020-6976-19/09/2025","CUSTON","DC TATIARA.",1,1,0,0,1,2020,"August","Wednesday","09:30 am",100,"Unsealed","Dry","Not Raining","Daylight","Left Road - Out of Control",1,,,1531572.78,1490433.12
"2020-6982-19/09/2025","NOARLUNGA CENTRE","CITY OF ONKAPARINGA",2,1,0,0,1,2020,"August","Thursday","04:59 pm",60,"Sealed","Wet","Not Raining","Daylight","Rear End",1,,,1317377.87,1646998.61
"2020-6991-19/09/2025","NAIDIA","LOXTON WAIKERIE DISTRICT COUNCIL",2,2,0,2,0,2020,"August","Thursday","03:30 pm",110,"Sealed","Wet","Raining","Daylight","Hit Fixed Object",1,,"Y",1445594.25,1713600.74
"2020-6992-19/09/2025","VALE PARK","WALKERVILLE TOWN COUNCIL",2,1,0,0,1,2020,"August","Thursday","07:55 pm",60,"Sealed","Dry","Not Raining","Night","Rear End",1,,,1331204.6,1674756.32
"2020-6993-19/09/2025","SOLOMON","DC KIMBA.",1,1,0,1,0,2020,"August","Thursday","07:30 pm",110,"Sealed","Wet","Raining","Night","Roll Over",1,,,1129818.26,1870005.9
"2020-6995-19/09/2025","VALLEY VIEW","CITY OF TEA TREE GULLY",3,1,0,0,1,2020,"August","Friday","08:30 am",60,"Sealed","Wet","Raining","Daylight","Rear End",1,,,1335653.31,1679888.59
"2020-6999-19/09/2025","INGLE FARM","CITY OF SALISBURY",2,1,0,0,1,2020,"August","Thursday","05:15 pm",60,"Sealed","Wet","Not Raining","Daylight","Rear End",2,,,1334393.41,1681140.02
"2020-7000-19/09/2025","HOLDEN HILL","CITY OF PORT ADELAIDE ENFIELD",2,1,0,0,1,2020,"August","Friday","09:15 am",60,"Sealed","Wet","Raining","Daylight","Rear End",2,,,1334435.7,1678401.75
"2020-7006-19/09/2025","DRY CREEK","CITY OF PORT ADELAIDE ENFIELD",2,2,0,0,2,2020,"August","Friday","11:03 am",70,"Sealed","Wet","Raining","Daylight","Right Angle",1,,,1328116.47,1680141.29
"2020-7007-19/09/2025","MORPHETT VALE","CITY OF ONKAPARINGA",2,2,0,0,2,2020,"August","Friday","12:31 pm",80,"Sealed","Dry","Not Raining","Daylight","Right Turn",2,,,1323125.76,1648769.35
"2020-7008-19/09/2025","NOARLUNGA CENTRE","CITY OF ONKAPARINGA",2,1,0,0,1,2020,"August","Friday","01:25 pm",60,"Sealed","Dry","Not Raining","Daylight","Right Angle",1,,,1317445.17,1647428.42
"2020-7017-19/09/2025","OAKBANK","THE ADELAIDE HILLS COUNCIL",2,1,0,0,1,2020,"August","Friday","03:50 pm",60,"Sealed","Wet","Not Raining","Daylight","Rear End",1,,,1350969.64,1663725.37
"2020-7022-19/09/2025","DAVOREN PARK","CITY OF PLAYFORD.",2,1,0,0,1,2020,"August","Friday","05:15 pm",60,"Sealed","Wet","Raining","Daylight","Rear End",1,,,1335780.13,1696044.97
"2020-7023-19/09/2025","ALDGATE","THE ADELAIDE HILLS COUNCIL",1,1,0,0,1,2020,"August","Friday","04:50 pm",60,"Sealed","Wet","Raining","Daylight","Left Road - Out of Control",1,"Y",,1340669.83,1660407.67
"2020-7025-19/09/2025","ADELAIDE","CITY OF ADELAIDE",2,1,0,0,1,2020,"August","Friday","06:10 pm",50,"Sealed","Wet","Raining","Night","Hit Pedestrian",2,,,1327546.38,1670804.3
"2020-7027-19/09/2025","STURT","CC MARION.",2,2,0,1,1,2020,"August","Friday","07:01 pm",60,"Sealed","Wet","Raining","Night","Right Turn",2,,,1324404.88,1660668.91
"2020-7028-19/09/2025","HAMPSTEAD GARDENS","CITY OF PORT ADELAIDE ENFIELD",2,1,0,0,1,2020,"August","Friday","06:50 pm",60,"Sealed","Wet","Not Raining","Night","Right Angle",2,,,1330955.27,1675627.79
"2020-7033-19/09/2025","GOULD CREEK","CITY OF PLAYFORD.",3,2,0,0,2,2020,"August","Friday","10:49 pm",100,"Sealed","Wet","Raining","Night","Hit Animal",1,,,1337289.26,1690562.68
"2020-7037-19/09/2025","MOOROOK","LOXTON WAIKERIE DISTRICT COUNCIL",3,2,0,1,1,2020,"August","Saturday","01:00 am",110,"Sealed","Dry","Not Raining","Night","Rear End",2,,,1491848.47,1738617.14
"2020-7039-19/09/2025","GOODWOOD","CITY OF UNLEY",2,1,0,0,1,2020,"August","Saturday","08:15 am",60,"Sealed","Dry","Not Raining","Daylight","Rear End",1,,,1327451.53,1668131.97
"2020-7042-19/09/2025","MUNNO PARA","CITY OF PLAYFORD.",2,1,0,0,1,2020,"August","Saturday","05:07 am",60,"Sealed","Wet","Raining","Night","Hit Fixed Object",1,,,1337173.84,1698251.31
"2020-7046-19/09/2025","CAMPBELLTOWN","CC CAMPBELLTOWN.",2,1,0,0,1,2020,"August","Saturday","12:10 pm",60,"Sealed","Dry","Not Raining","Daylight","Right Angle",2,,,1333967.93,1674851.01
"2020-7051-19/09/2025","MURRAY BRIDGE","RC MURRAY BRIDGE.",2,1,0,0,1,2020,"August","Saturday","03:34 pm",50,"Sealed","Dry","Not Raining","Daylight","Right Angle",2,,,1387734.61,1647231.23
"2020-7052-19/09/2025","ENFIELD","CITY OF PORT ADELAIDE ENFIELD",2,1,0,0,1,2020,"August","Saturday","03:45 pm",50,"Sealed","Dry","Not Raining","Daylight","Hit Fixed Object",1,,,1329298.74,1677670.94
"2020-7055-19/09/2025","MAGILL","CC CAMPBELLTOWN.",2,1,0,0,1,2020,"August","Friday","04:10 pm",60,"Sealed","Wet","Raining","Daylight","Right Angle",2,,,1335465.32,1672528.65
"2020-7060-19/09/2025","COPLEY",,2,1,0,1,0,2020,"August","Saturday","01:30 pm",100,"Unsealed","Dry","Not Raining","Daylight","Right Angle",2,,,1328284.08,2154323.89
"2020-7062-19/09/2025","IRONBANK","THE ADELAIDE HILLS COUNCIL",2,2,0,2,0,2020,"August","Saturday","05:15 pm",60,"Sealed","Wet","Raining","Daylight","Hit Fixed Object",1,"Y","Y",1336005.05,1657434.12
"2020-7068-19/09/2025","MOORLANDS","COORONG DISTRICT COUNCIL",2,1,0,1,0,2020,"August","Sunday","11:30 am",100,"Unsealed","Wet","Raining","Daylight","Roll Over",1,,,1422659.11,1627740.41
"2020-7069-19/09/2025","NORTH ADELAIDE","CITY OF ADELAIDE",3,1,0,0,1,2020,"August","Sunday","11:50 am",60,"Sealed","Dry","Not Raining","Daylight","Right Angle",1,,,1327586.43,1673508.68
"2020-7071-19/09/2025","WINDSOR GARDENS","CITY OF PORT ADELAIDE ENFIELD",2,1,0,1,0,2020,"August","Sunday","01:25 pm",50,"Sealed","Dry","Not Raining","Daylight","Right Turn",1,,,1332583.67,1676872.77
"2020-7072-19/09/2025","FLAGSTAFF HILL","CITY OF ONKAPARINGA",2,1,0,0,1,2020,"August","Sunday","08:50 am",60,"Sealed","Dry","Not Raining","Daylight","Right Angle",2,,,1328176.66,1656016.1
"2020-7085-19/09/2025","GLENELG NORTH","CITY OF HOLDFAST BAY",2,1,0,0,1,2020,"August","Sunday","10:00 pm",50,"Sealed","Wet","Raining","Night","Hit Fixed Object",1,,,1320360.85,1666325.95
"2020-7087-19/09/2025","WINGFIELD","CITY OF PORT ADELAIDE ENFIELD",2,1,0,0,1,2020,"August","Monday","07:18 am",60,"Sealed","Dry","Not Raining","Daylight","Rear End",1,,"Y",1325423.83,1679203.39
"2020-7091-19/09/2025","MANNINGHAM","CITY OF PORT ADELAIDE ENFIELD",2,1,0,0,1,2020,"July","Friday","08:30 pm",60,"Sealed","Wet","Not Raining","Night","Rear End",2,,,1330439.44,1676495.16
"2020-7096-19/09/2025","MITCHAM","CC MITCHAM.",3,1,0,0,1,2020,"August","Monday","07:30 am",60,"Sealed","Dry","Not Raining","Daylight","Rear End",1,,,1330284.7,1664435.19
"2020-7097-19/09/2025","KINGSWOOD","CC MITCHAM.",1,1,0,0,1,2020,"August","Wednesday","04:30 pm",50,"Sealed","Wet","Raining","Daylight","Roll Over",9,,,1329581.19,1665350.48
"2020-7103-19/09/2025","MOONTA BAY","COPPER COAST DISTRICT COUNCIL",2,2,0,0,2,2020,"August","Monday","10:29 am",50,"Sealed","Dry","Not Raining","Daylight","Hit Fixed Object",1,,"Y",1236541.26,1768701.41
"2020-7112-19/09/2025","ECHUNGA","DC MT.BARKER.",3,2,0,0,2,2020,"August","Monday","03:05 pm",80,"Sealed","Dry","Not Raining","Daylight","Right Angle",1,,,1345466.37,1651650.49
"2020-7115-19/09/2025","ADELAIDE","CITY OF ADELAIDE",1,1,0,0,1,2020,"August","Monday","05:14 pm",50,"Sealed","Dry","Not Raining","Daylight","Roll Over",9,,,1328591.65,1669727.13
"2020-7121-19/09/2025","EASTWOOD","CITY OF BURNSIDE",1,1,0,0,1,2020,"August","Monday","05:15 pm",60,"Sealed","Dry","Not Raining","Daylight","Roll Over",1,,,1330156.06,1668990.87
"2020-7123-19/09/2025","NORTON SUMMIT","THE ADELAIDE HILLS COUNCIL",2,1,0,1,0,2020,"August","Monday","08:20 pm",60,"Sealed","Dry","Not Raining","Night","Hit Object on Road",1,,,1339532.83,1671094.67
"2020-7139-19/09/2025","MALVERN","CITY OF UNLEY",2,2,0,0,2,2020,"August","Tuesday","12:10 pm",50,"Sealed","Dry","Not Raining","Daylight","Head On",1,,,1329742.25,1666757.56
"2020-7142-19/09/2025","ADELAIDE","CITY OF ADELAIDE",2,1,0,0,1,2020,"August","Sunday","06:30 pm",50,"Sealed","Dry","Not Raining","Night","Hit Pedestrian",2,,,1328251.99,1671126.1
"2020-7149-19/09/2025","BUCKLAND PARK","CITY OF PLAYFORD.",2,1,0,0,1,2020,"August","Tuesday","04:15 pm",110,"Sealed","Dry","Not Raining","Daylight","Right Angle",1,,,1325235.15,1697599.62
"2020-7150-19/09/2025","NORWOOD","CC OF NORWOOD,PAYNEHAM & ST PETERS",2,1,0,0,1,2020,"August","Friday","07:10 pm",60,"Sealed","Wet","Raining","Night","Right Angle",2,,,1330623.32,1670361.88
"2020-7158-19/09/2025","PORT PIRIE SOUTH","PT.PIRIE CITY & DIST. COUNCIL",2,1,0,0,1,2020,"July","Friday","01:05 pm",50,"Sealed","Dry","Not Raining","Daylight","Right Angle",2,,,1280040.95,1864069.59
"2020-7159-19/09/2025","ANGLE VALE","CITY OF PLAYFORD.",2,1,0,0,1,2020,"August","Tuesday","06:35 pm",60,"Sealed","Dry","Not Raining","Night","Rear End",1,,,1332421.45,1701875.23
"2020-7161-19/09/2025","EYRE","CITY OF PLAYFORD.",2,2,0,0,2,2020,"August","Tuesday","07:20 pm",60,"Sealed","Dry","Not Raining","Night","Right Angle",2,,,1334450.71,1695787.2
"2020-7162-19/09/2025","SOMERTON PARK","CITY OF HOLDFAST BAY",2,1,0,0,1,2020,"August","Tuesday","03:35 pm",50,"Sealed","Dry","Not Raining","Daylight","Right Angle",2,,,1320684.13,1662557.92
"2020-7164-19/09/2025","MODBURY","CITY OF TEA TREE GULLY",2,2,0,0,2,2020,"August","Wednesday","08:27 am",60,"Sealed","Dry","Not Raining","Daylight","Side Swipe",1,,,1336882.27,1680600.89
"2020-7180-19/09/2025","INGLE FARM","CITY OF SALISBURY",3,1,0,0,1,2020,"August","Wednesday","02:45 pm",60,"Sealed","Dry","Not Raining","Daylight","Rear End",2,,,1334241.29,1681123.32
"2020-7183-19/09/2025","MODBURY","CITY OF TEA TREE GULLY",2,2,0,1,1,2020,"August","Wednesday","03:22 pm",60,"Sealed","Dry","Not Raining","Daylight","Right Turn",1,,,1337056.82,1680951.37
"2020-7185-19/09/2025","MYRTLE BANK","CITY OF UNLEY",3,2,0,0,2,2020,"August","Wednesday","04:32 pm",60,"Sealed","Dry","Not Raining","Daylight","Rear End",1,,,1331410.78,1666309.93
"2020-7186-19/09/2025","PENFIELD","CITY OF PLAYFORD.",1,1,0,1,0,2020,"August","Wednesday","10:30 am",110,"Sealed","Dry","Not Raining","Daylight","Roll Over",1,,,1329619.13,1697461.17
"2020-7189-19/09/2025","GLENELG NORTH","CITY OF HOLDFAST BAY",2,2,1,1,0,2020,"August","Wednesday","06:25 pm",60,"Sealed","Dry","Not Raining","Night","Hit Fixed Object",1,,,1322152.51,1665353.52
"2020-7190-19/09/2025","FITZROY","CITY OF PROSPECT",2,2,0,0,2,2020,"August","Wednesday","06:11 pm",60,"Sealed","Dry","Not Raining","Night","Rear End",2,,,1327987.97,1673658.24
"2020-7195-19/09/2025","MURRAY BRIDGE SOUTH","RC MURRAY BRIDGE.",1,1,0,0,1,2020,"August","Thursday","01:10 am",100,"Sealed","Dry","Not Raining","Night","Roll Over",1,,,1390909.8,1640290.72
"2020-7197-19/09/2025","CAMPBELLTOWN","CC CAMPBELLTOWN.",2,1,0,0,1,2020,"August","Thursday","06:00 am",60,"Sealed","Dry","Not Raining","Night","Right Angle",1,,,1334476.65,1675729.32
"2020-7198-19/09/2025","SALISBURY EAST","CITY OF SALISBURY",2,1,0,0,1,2020,"August","Wednesday","10:41 pm",80,"Sealed","Dry","Not Raining","Night","Rear End",2,,,1333980.46,1686298.22
"2020-7209-19/09/2025","PLYMPTON","CITY OF WEST TORRENS",2,1,0,0,1,2020,"August","Thursday","06:40 am",60,"Sealed","Dry","Not Raining","Night","Rear End",1,,,1324228.86,1666515.39
"2020-7211-19/09/2025","WARRADALE","CC MARION.",2,4,0,0,4,2020,"August","Thursday","09:40 am",60,"Sealed","Dry","Not Raining","Daylight","Right Angle",1,,,1322655.42,1661624.06
"2020-7212-19/09/2025","PETWOOD","DC MT.BARKER.",2,3,0,0,3,2020,"August","Thursday","09:00 am",80,"Unsealed","Dry","Not Raining","Daylight","Rear End",2,,,1359870.27,1651213.97
"2020-7213-19/09/2025","STEPNEY","CC OF NORWOOD,PAYNEHAM & ST PETERS",3,1,0,0,1,2020,"August","Thursday","09:40 am",60,"Sealed","Dry","Not Raining","Daylight","Rear End",2,,,1331113.37,1672400.35
"2020-7214-19/09/2025","POORAKA","CITY OF SALISBURY",2,1,0,0,1,2020,"August","Thursday","10:10 am",70,"Sealed","Dry","Not Raining","Daylight","Rear End",2,,,1330324.74,1681657.62
"2020-7217-19/09/2025","LONSDALE","CITY OF ONKAPARINGA",1,1,0,0,1,2020,"August","Thursday","11:25 am",80,"Sealed","Dry","Not Raining","Daylight","Roll Over",1,,"Y",1318651.25,1650962.37
"2020-7227-19/09/2025","SMITHFIELD","CITY OF PLAYFORD.",3,1,0,0,1,2020,"August","Thursday","03:30 pm",80,"Sealed","Dry","Not Raining","Daylight","Rear End",1,,,1337308.71,1696117.91
"2020-7230-19/09/2025","SEATON","CITY OF CHARLES STURT",2,1,0,0,1,2020,"August","Thursday","04:50 pm",60,"Sealed","Dry","Not Raining","Daylight","Right Angle",2,,,1320937.58,1674688.54
"2020-7233-19/09/2025","ADELAIDE","CITY OF ADELAIDE",2,1,0,0,1,2020,"August","Monday","05:50 pm",50,"Sealed","Dry","Not Raining","Daylight","Side Swipe",1,,,1329038.86,1670203.05
"2020-7234-19/09/2025","WATTLE PARK","CITY OF BURNSIDE",2,1,0,0,1,2020,"August","Wednesday","02:53 pm",60,"Sealed","Dry","Not Raining","Daylight","Rear End",2,,,1334704.64,1670493.07
"2020-7238-19/09/2025","ONKAPARINGA HILLS","CITY OF ONKAPARINGA",2,1,0,0,1,2020,"August","Thursday","06:30 pm",50,"Sealed","Dry","Not Raining","Night","Hit Fixed Object",1,"Y",,1324746.25,1645778.78
"2020-7239-19/09/2025","KADINA","COPPER COAST DISTRICT COUNCIL",2,1,0,0,1,2020,"August","Thursday","08:35 pm",50,"Sealed","Dry","Not Raining","Night","Hit Fixed Object",1,,,1250715.79,1779756.62
"2020-7241-19/09/2025","OSBORNE","CITY OF PORT ADELAIDE ENFIELD",1,1,0,0,1,2020,"August","Thursday","09:54 pm",50,"Sealed","Dry","Not Raining","Night","Roll Over",1,,"Y",1320818.31,1687974.74
"2020-7245-19/09/2025","MAYLANDS","CC OF NORWOOD,PAYNEHAM & ST PETERS",2,2,0,1,1,2020,"August","Friday","04:14 am",60,"Sealed","Dry","Not Raining","Night","Hit Fixed Object",1,,"Y",1332063.98,1671757.51
"2020-7246-19/09/2025","SKYE","CITY OF BURNSIDE",1,1,0,1,0,2020,"August","Thursday","10:46 am",50,"Sealed","Dry","Not Raining","Daylight","Roll Over",1,,,1336446.28,1670414.34
"2020-7247-19/09/2025","WOODCROFT","CITY OF ONKAPARINGA",2,2,0,0,2,2020,"August","Friday","06:54 am",80,"Sealed","Dry","Not Raining","Daylight","Right Angle",1,,"Y",1323076.95,1650638.84
"2020-7248-19/09/2025","ST IVES","DC MT.BARKER.",2,1,0,0,1,2020,"August","Friday","06:46 am",110,"Sealed","Dry","Not Raining","Daylight","Rear End",2,,"Y",1361584.5,1650024.64
"2020-7251-19/09/2025","MUNNO PARA","CITY OF PLAYFORD.",2,1,0,0,1,2020,"August","Friday","08:06 am",50,"Sealed","Dry","Not Raining","Daylight","Right Angle",1,,,1337629.14,1699138.78
"2020-7257-19/09/2025","TORRENSVILLE","CITY OF WEST TORRENS",2,1,0,0,1,2020,"August","Friday","10:00 am",60,"Sealed","Dry","Not Raining","Daylight","Side Swipe",1,,,1325737.87,1671065.54
"2020-7259-19/09/2025","PENFIELD GARDENS","CITY OF PLAYFORD.",2,3,0,1,2,2020,"August","Friday","10:52 am",80,"Sealed","Dry","Not Raining","Daylight","Right Angle",1,,,1332115.15,1701128.06
"2020-7260-19/09/2025","ADELAIDE","CITY OF ADELAIDE",2,2,0,0,2,2020,"August","Friday","11:04 am",50,"Sealed","Dry","Not Raining","Daylight","Rear End",2,,,1328456.72,1671432.4
"2020-7262-19/09/2025","WEST CROYDON","CITY OF CHARLES STURT",2,1,0,0,1,2020,"August","Friday","08:45 am",60,"Sealed","Dry","Not Raining","Daylight","Hit Pedestrian",1,,,1325202.78,1675450.25