"REPORT_ID","Suburb","LGA Name","Total Units","Total Cas","Total Fats","Total SI","Total MI","Year","Month","Day","Time","Area Speed","Road Surface","Moisture Cond","Weather Cond","DayNight","Crash Type","Unit Resp","DUI Involved","Drugs Involved","ACCLOC_X","ACCLOC_Y"
"2020-7263-19/09/2025","WILD DOG VALLEY","DC NARACOORTE & LUCINDALE.",2,1,0,0,1,2020,"August","Wednesday","02:50 pm",100,"Sealed","Dry","Not Raining","Daylight","Right Angle",1,,,1516399.35,1452195.24
"2020-7266-19/09/2025","BRIGHTON","CITY OF HOLDFAST BAY",2,2,0,0,2,2020,"August","Friday","01:25 pm",60,"Sealed","Dry","Not Raining","Daylight","Right Turn",1,,,1321149.37,1660558.32
"2020-7268-19/09/2025","MORPHETT VALE","CITY OF ONKAPARINGA",2,1,0,0,1,2020,"August","Friday","01:55 pm",60,"Sealed","Dry","Not Raining","Daylight","Rear End",2,,,1321778.77,1649886.23
"2020-7272-19/09/2025","ALBERT PARK","CITY OF CHARLES STURT",2,2,0,0,2,2020,"August","Friday","02:43 pm",60,"Sealed","Dry","Not Raining","Daylight","Rear End",2,,,1321382.96,1676998.16
"2020-7273-19/09/2025","ST PETERS","CC OF NORWOOD,PAYNEHAM & ST PETERS",2,2,0,0,2,2020,"August","Friday","02:45 pm",60,"Sealed","Dry","Not Raining","Daylight","Right Angle",1,,,1330420.98,1673251.04
"2020-7275-19/09/2025","STRATHALBYN","ALEXANDRINA COUNCIL",3,3,2,0,1,2020,"August","Friday","02:38 pm",100,"Sealed","Dry","Not Raining","Daylight","Head On",1,,,1354012.42,1639285.16
"2020-7277-19/09/2025","HAPPY VALLEY","CITY OF ONKAPARINGA",2,1,0,0,1,2020,"August","Thursday","07:00 pm",80,"Sealed","Dry","Not Raining","Night","Rear End",2,,,1323055.71,1653604.59
"2020-7295-19/09/2025","ELIZABETH SOUTH","CITY OF PLAYFORD.",3,1,0,0,1,2020,"August","Friday","07:08 pm",60,"Sealed","Dry","Not Raining","Night","Rear End",1,,,1333989.9,1691336.99
"2020-7298-19/09/2025","EVANSTON GARDENS","CT GAWLER.",1,1,1,0,0,2020,"August","Friday","05:06 pm",50,"Sealed","Dry","Not Raining","Daylight","Roll Over",1,"Y","Y",1341180.06,1703752.28
"2020-7303-19/09/2025","BURNSIDE","CITY OF BURNSIDE",2,1,0,0,1,2020,"August","Saturday","12:17 am",60,"Sealed","Dry","Not Raining","Night","Hit Fixed Object",1,,,1335012.33,1668113.11
"2020-7312-19/09/2025","MOUNT COMPASS","ALEXANDRINA COUNCIL",2,3,0,0,3,2020,"August","Saturday","09:15 am",100,"Sealed","Dry","Not Raining","Daylight","Right Angle",2,,,1329478.33,1620451.93
"2020-7316-19/09/2025","OAKLANDS PARK","CC MARION.",2,1,0,0,1,2020,"August","Saturday","10:20 am",50,"Sealed","Dry","Not Raining","Daylight","Side Swipe",2,,,1323579.59,1660724.91
"2020-7321-19/09/2025","GEPPS CROSS","CITY OF PORT ADELAIDE ENFIELD",1,1,0,0,1,2020,"August","Friday","03:00 pm",70,"Sealed","Dry","Not Raining","Daylight","Roll Over",1,,,1329238.32,1679952.49
"2020-7325-19/09/2025","ADELAIDE","CITY OF ADELAIDE",1,1,0,0,1,2020,"August","Thursday","11:05 pm",60,"Sealed","Dry","Not Raining","Night","Roll Over",1,,,1327365.26,1670278.69
"2020-7329-19/09/2025","HOLDEN HILL","CITY OF TEA TREE GULLY",3,1,0,0,1,2020,"August","Saturday","04:35 pm",60,"Sealed","Dry","Not Raining","Daylight","Rear End",1,,,1335152.81,1679026.35
"2020-7335-19/09/2025","SMITHFIELD PLAINS","CITY OF PLAYFORD.",2,1,0,0,1,2020,"August","Saturday","08:05 pm",60,"Sealed","Dry","Not Raining","Night","Right Angle",2,,,1336899.06,1697749.75
"2020-7338-19/09/2025","COCKATOO VALLEY","THE BAROSSA COUNCIL.",2,1,0,1,0,2020,"August","Saturday","03:48 pm",80,"Sealed","Dry","Not Raining","Daylight","Right Angle",2,,"Y",1352070.8,1703135.24
"2020-7340-19/09/2025","BIRDWOOD","THE ADELAIDE HILLS COUNCIL",2,1,0,1,0,2020,"August","Saturday","12:00 pm",100,"Sealed","Dry","Not Raining","Daylight","Hit Fixed Object",1,,,1365009.72,1683149.08
"2020-7341-19/09/2025","GLENELG EAST","CITY OF HOLDFAST BAY",2,1,0,0,1,2020,"August","Sunday","07:06 am",60,"Sealed","Dry","Not Raining","Daylight","Right Angle",1,,,1321778.66,1664916.1
"2020-7342-19/09/2025","SALISBURY EAST","CITY OF SALISBURY",2,1,0,0,1,2020,"August","Sunday","09:48 am",60,"Sealed","Dry","Not Raining","Daylight","Right Turn",1,,"Y",1336487.28,1687416.1
"2020-7343-19/09/2025","ENFIELD","CITY OF PORT ADELAIDE ENFIELD",2,1,0,1,0,2020,"August","Sunday","10:15 am",60,"Sealed","Dry","Not Raining","Daylight","Hit Fixed Object",1,,,1329234.97,1676451.6
"2020-7349-19/09/2025","WAMI KATA","CC PT.AUGUSTA.",1,1,0,0,1,2020,"August","Sunday","11:04 am",60,"Unsealed","Dry","Not Raining","Daylight","Roll Over",1,,,1262042.6,1946192.58
"2020-7355-19/09/2025","KESWICK","CITY OF WEST TORRENS",2,2,0,0,2,2020,"August","Sunday","01:52 pm",60,"Sealed","Dry","Not Raining","Daylight","Right Turn",2,,,1325794.33,1668947.63
"2020-7367-19/09/2025","GLENELG NORTH","CITY OF WEST TORRENS",2,1,0,0,1,2020,"August","Sunday","05:22 pm",60,"Sealed","Dry","Not Raining","Daylight","Right Turn",1,,,1320773.5,1666832.01
"2020-7372-19/09/2025","MUNNO PARA","CITY OF PLAYFORD.",2,1,0,0,1,2020,"August","Sunday","12:23 pm",60,"Sealed","Wet","Raining","Daylight","Rear End",2,,,1336725.5,1698512.49
"2020-7375-19/09/2025","MODBURY","CITY OF TEA TREE GULLY",2,1,0,0,1,2020,"August","Sunday","10:30 am",60,"Sealed","Wet","Raining","Daylight","Rear End",2,,,1336871.01,1680834.51
"2020-7379-19/09/2025","WOODVILLE NORTH","CITY OF CHARLES STURT",2,1,0,0,1,2020,"August","Sunday","05:00 pm",60,"Sealed","Dry","Not Raining","Daylight","Right Turn",1,,,1323961.84,1676737.94
"2020-7384-19/09/2025","PORT ELLIOT","ALEXANDRINA COUNCIL",2,1,0,0,1,2020,"July","Wednesday","04:30 pm",50,"Sealed","Dry","Not Raining","Daylight","Hit Pedestrian",1,,,1333821.02,1603515.41
"2020-7385-19/09/2025","STURT","CC MARION.",2,1,0,0,1,2020,"August","Sunday","04:00 pm",60,"Sealed","Dry","Not Raining","Daylight","Hit Pedestrian",2,,,1323804.34,1660662.74
"2020-7391-19/09/2025","SNOWTOWN","WAKEFIELD REGIONAL COUNCIL",2,1,0,0,1,2020,"August","Monday","03:10 pm",50,"Sealed","Dry","Not Raining","Daylight","Right Angle",2,,,1296674.13,1797921.38
"2020-7404-19/09/2025","WEST HINDMARSH","CITY OF CHARLES STURT",2,1,0,0,1,2020,"September","Tuesday","08:54 am",60,"Sealed","Dry","Not Raining","Daylight","Right Angle",2,,,1324994.09,1673199.93
"2020-7406-19/09/2025","TORRENS PARK","CC MITCHAM.",2,1,0,0,1,2020,"August","Monday","11:40 am",60,"Sealed","Dry","Not Raining","Daylight","Rear End",2,,,1329163.75,1665286.3
"2020-7407-19/09/2025","WOODSIDE","THE ADELAIDE HILLS COUNCIL",2,1,0,0,1,2020,"September","Tuesday","08:45 am",60,"Sealed","Dry","Not Raining","Daylight","Rear End",2,,,1353974.47,1667954.35
"2020-7408-19/09/2025","PROSPECT","CITY OF PROSPECT",2,1,0,0,1,2020,"September","Tuesday","08:50 am",50,"Sealed","Dry","Not Raining","Daylight","Rear End",2,,,1328107.03,1674579.73
"2020-7409-19/09/2025","DAVOREN PARK","CITY OF PLAYFORD.",2,1,0,0,1,2020,"September","Tuesday","09:10 am",50,"Sealed","Dry","Not Raining","Daylight","Right Angle",2,,,1335715.46,1697275.34
"2020-7410-19/09/2025","LONSDALE","CITY OF ONKAPARINGA",3,4,0,2,2,2020,"September","Tuesday","08:05 am",80,"Sealed","Dry","Not Raining","Daylight","Right Angle",1,,,1318632.32,1650955.58
"2020-7411-19/09/2025","GAWLER RIVER","LIGHT REGIONAL COUNCIL",2,1,0,0,1,2020,"September","Tuesday","09:30 am",100,"Sealed","Dry","Not Raining","Daylight","Hit Fixed Object",1,,,1332927.44,1704151.49
"2020-7413-19/09/2025","WARRADALE","CC MARION.",2,1,0,0,1,2020,"August","Saturday","12:30 pm",60,"Sealed","Dry","Not Raining","Daylight","Right Angle",1,,,1322775.05,1660672.63
"2020-7415-19/09/2025","MANNINGHAM","CITY OF PORT ADELAIDE ENFIELD",3,1,0,0,1,2020,"September","Tuesday","12:00 pm",60,"Sealed","Dry","Not Raining","Daylight","Rear End",1,,,1330442.11,1676422.09
"2020-7422-19/09/2025","MAYLANDS","CC OF NORWOOD,PAYNEHAM & ST PETERS",2,1,0,0,1,2020,"September","Tuesday","04:55 pm",60,"Sealed","Dry","Not Raining","Daylight","Rear End",1,,,1332227.63,1671761.35
"2020-7424-19/09/2025","MOUNT GAMBIER","CC MT.GAMBIER.",2,1,0,0,1,2020,"September","Tuesday","05:20 pm",50,"Sealed","Dry","Not Raining","Daylight","Hit Parked Vehicle",2,,,1510054.8,1341970.25
"2020-7430-19/09/2025","FIRLE","CC OF NORWOOD,PAYNEHAM & ST PETERS",2,1,0,0,1,2020,"September","Tuesday","07:43 pm",50,"Sealed","Dry","Not Raining","Night","Right Angle",2,"Y",,1333507.56,1672937.09
"2020-7433-19/09/2025","OVINGHAM","CITY OF PROSPECT",2,2,0,0,2,2020,"September","Tuesday","11:35 pm",60,"Sealed","Dry","Not Raining","Night","Right Turn",2,,,1327256.43,1673859.73
"2020-7434-19/09/2025","WHYALLA PLAYFORD","CC WHYALLA.",2,1,0,0,1,2020,"September","Wednesday","02:00 am",50,"Sealed","Dry","Not Raining","Night","Hit Fixed Object",1,,,1239082.13,1883226.99
"2020-7436-19/09/2025","NORTHFIELD","CITY OF PORT ADELAIDE ENFIELD",2,1,0,0,1,2020,"September","Wednesday","06:50 am",60,"Sealed","Dry","Not Raining","Daylight","Right Turn",1,,,1330655.84,1679290.52
"2020-7437-19/09/2025","MEADOWS","DC MT.BARKER.",2,1,0,0,1,2020,"September","Tuesday","02:24 pm",100,"Sealed","Dry","Not Raining","Daylight","Side Swipe",2,,,1339752.63,1641950.05
"2020-7438-19/09/2025","MILLICENT","WATTLE RANGE COUNCIL",2,1,0,0,1,2020,"September","Wednesday","06:08 am",50,"Sealed","Dry","Not Raining","Night","Hit Parked Vehicle",1,,,1474153.14,1367497.84
"2020-7440-19/09/2025","POORAKA","CITY OF SALISBURY",4,1,0,0,1,2020,"September","Wednesday","08:33 am",70,"Sealed","Dry","Not Raining","Daylight","Rear End",1,,,1332111.88,1683261.6
"2020-7445-19/09/2025","CLEARVIEW","CITY OF PORT ADELAIDE ENFIELD",2,1,0,0,1,2020,"September","Tuesday","05:40 pm",50,"Sealed","Dry","Not Raining","Daylight","Right Angle",1,,,1330166.67,1678625.9
"2020-7451-19/09/2025","GLYNDE","CC OF NORWOOD,PAYNEHAM & ST PETERS",2,1,0,0,1,2020,"July","Friday","05:00 pm",60,"Sealed","Dry","Not Raining","Daylight","Right Turn",2,,,1333785.54,1674516.59
"2020-7455-19/09/2025","LEABROOK","CITY OF BURNSIDE",2,1,0,0,1,2020,"September","Wednesday","02:20 pm",50,"Sealed","Dry","Not Raining","Daylight","Hit Fixed Object",1,,,1333241.88,1669847.69
"2020-7459-19/09/2025","BLACKWOOD","CC MITCHAM.",2,1,0,0,1,2020,"September","Wednesday","03:30 pm",50,"Sealed","Dry","Not Raining","Daylight","Hit Pedestrian",1,,,1329373.61,1660037.43
"2020-7466-19/09/2025","CAVAN","CITY OF SALISBURY",2,1,0,1,0,2020,"September","Wednesday","04:40 pm",70,"Sealed","Dry","Not Raining","Daylight","Side Swipe",2,,,1328738.64,1681544.36
"2020-7475-19/09/2025","SALISBURY","CITY OF SALISBURY",2,1,0,0,1,2020,"September","Thursday","09:50 am",50,"Sealed","Wet","Raining","Daylight","Right Angle",1,,,1334109.3,1688308.43
"2020-7477-19/09/2025","HAHNDORF","DC MT.BARKER.",2,2,0,0,2,2020,"September","Thursday","10:30 am",80,"Sealed","Dry","Not Raining","Daylight","Head On",1,,,1348685.43,1657004.86
"2020-7481-19/09/2025","MEDINDIE","CITY OF PROSPECT",2,1,0,0,1,2020,"September","Tuesday","03:30 pm",60,"Sealed","Dry","Not Raining","Daylight","Rear End",2,,,1329447.13,1674242.51
"2020-7499-19/09/2025","MAYLANDS","CC OF NORWOOD,PAYNEHAM & ST PETERS",2,1,0,0,1,2020,"September","Thursday","05:05 pm",60,"Sealed","Dry","Not Raining","Daylight","Rear End",2,,,1332193.55,1671760.68
"2020-7500-19/09/2025","HAWTHORN","CC MITCHAM.",2,1,0,0,1,2020,"September","Thursday","05:10 pm",50,"Sealed","Dry","Not Raining","Daylight","Right Angle",1,,,1328284.52,1665318.96
"2020-7503-19/09/2025","PARKSIDE","CITY OF UNLEY",2,1,0,0,1,2020,"September","Thursday","01:25 pm",60,"Sealed","Dry","Not Raining","Daylight","Rear End",2,,,1330297.42,1668644.93
"2020-7505-19/09/2025","EDEN HILLS","CC MITCHAM.",2,1,0,1,0,2020,"September","Thursday","06:10 pm",60,"Sealed","Dry","Not Raining","Night","Right Angle",2,,,1327003.91,1659631.8
"2020-7507-19/09/2025","HACKHAM","CITY OF ONKAPARINGA",2,1,0,0,1,2020,"September","Thursday","06:50 pm",50,"Sealed","Dry","Not Raining","Night","Hit Parked Vehicle",1,,,1321613.69,1647249.7
"2020-7511-19/09/2025","CHRISTIES BEACH","CITY OF ONKAPARINGA",2,1,0,0,1,2020,"September","Thursday","08:10 pm",60,"Sealed","Dry","Not Raining","Night","Right Angle",2,,,1317124,1647416.2
"2020-7514-19/09/2025","STURT","CC MARION.",2,1,0,0,1,2020,"September","Friday","08:10 am",60,"Sealed","Dry","Not Raining","Daylight","Right Turn",1,,,1324418.54,1660680
"2020-7516-19/09/2025","ELIZABETH SOUTH","CITY OF PLAYFORD.",1,1,0,1,0,2020,"August","Wednesday","10:30 am",50,"Sealed","Dry","Not Raining","Daylight","Roll Over",1,,,1335337.8,1692344.85
"2020-7517-19/09/2025","LEASINGHAM","CLARE AND GILBERT VALLEYS DISTRICT COUNCIL",2,1,0,0,1,2020,"September","Friday","07:44 am",100,"Sealed","Dry","Not Raining","Daylight","Hit Fixed Object",1,,"Y",1337157.47,1773227.09
"2020-7519-19/09/2025","MORPHETT VALE","CITY OF ONKAPARINGA",2,1,0,0,1,2020,"September","Friday","10:13 am",60,"Sealed","Dry","Not Raining","Daylight","Right Angle",2,,,1320810.01,1648695.32
"2020-7523-19/09/2025","CLARENCE GARDENS","CC MITCHAM.",2,1,0,0,1,2020,"September","Friday","11:20 am",60,"Sealed","Dry","Not Raining","Daylight","Rear End",2,,"Y",1325910.01,1665215.09
"2020-7526-19/09/2025","ATHELSTONE","CC CAMPBELLTOWN.",2,1,0,0,1,2020,"September","Friday","12:29 pm",50,"Sealed","Dry","Not Raining","Daylight","Hit Parked Vehicle",1,,,1337692.25,1675315.59
"2020-7528-19/09/2025","BUCHFELDE","LIGHT REGIONAL COUNCIL",2,1,0,0,1,2020,"September","Friday","11:24 am",80,"Sealed","Dry","Not Raining","Daylight","Head On",1,,,1337667.25,1705372.16
"2020-7530-19/09/2025","GLENELG EAST","CITY OF HOLDFAST BAY",2,1,0,0,1,2020,"September","Friday","01:23 pm",50,"Sealed","Dry","Not Raining","Daylight","Hit Pedestrian",1,,,1321056.8,1665103.05
"2020-7535-19/09/2025","PROSPECT","CITY OF PROSPECT",2,1,0,0,1,2020,"September","Friday","03:25 pm",60,"Sealed","Dry","Not Raining","Daylight","Hit Parked Vehicle",2,,,1328241.79,1676427.54
"2020-7549-19/09/2025","CLEARVIEW","CITY OF PORT ADELAIDE ENFIELD",2,1,0,0,1,2020,"September","Saturday","08:22 am",50,"Sealed","Wet","Not Raining","Daylight","Hit Fixed Object",1,,,1330307.3,1677476.16
"2020-7554-19/09/2025","HAZELWOOD PARK","CITY OF BURNSIDE",1,1,0,1,0,2020,"September","Saturday","11:00 am",60,"Sealed","Dry","Not Raining","Daylight","Roll Over",1,,,1333136.92,1669072.77
"2020-7556-19/09/2025","CLEARVIEW","CITY OF PORT ADELAIDE ENFIELD",2,1,0,0,1,2020,"September","Saturday","12:16 pm",60,"Sealed","Dry","Not Raining","Daylight","Hit Pedestrian",2,,,1330307.3,1677476.16
"2020-7559-19/09/2025","ST MARYS","CC MITCHAM.",2,1,0,0,1,2020,"September","Saturday","03:03 pm",70,"Sealed","Dry","Not Raining","Daylight","Hit Pedestrian",2,,,1326634.44,1661295.04
"2020-7560-19/09/2025","WATERLOO CORNER","CITY OF PLAYFORD.",3,1,0,0,1,2020,"September","Saturday","02:44 pm",80,"Sealed","Dry","Not Raining","Daylight","Hit Fixed Object",1,,,1325778.08,1694782.79
"2020-7561-19/09/2025","NARACOORTE","DC NARACOORTE & LUCINDALE.",2,2,0,1,1,2020,"September","Saturday","05:27 pm",50,"Sealed","Dry","Not Raining","Daylight","Right Angle",1,,,1511289.84,1437548.14
"2020-7570-19/09/2025","ROSSLYN PARK","CITY OF BURNSIDE",2,1,0,0,1,2020,"September","Saturday","01:00 pm",60,"Sealed","Dry","Not Raining","Daylight","Hit Pedestrian",2,,,1335671.55,1670590.77
"2020-7574-19/09/2025","GLADSTONE","NORTHERN AREAS DISTRICT COUNCIL",2,1,0,0,1,2020,"September","Saturday","03:18 pm",110,"Sealed","Dry","Not Raining","Daylight","Hit Animal",2,,,1308195.95,1859199.75
"2020-7580-19/09/2025","CLARE","CLARE AND GILBERT VALLEYS DISTRICT COUNCIL",2,1,0,0,1,2020,"September","Saturday","11:30 am",50,"Sealed","Dry","Not Raining","Daylight","Other",1,,"Y",1333911.41,1791118.5
"2020-7582-19/09/2025","ELIZABETH NORTH","CITY OF PLAYFORD.",1,1,0,1,0,2020,"September","Sunday","11:06 am",50,"Sealed","Dry","Not Raining","Daylight","Roll Over",1,,"Y",1336703.02,1695928.22
"2020-7586-19/09/2025","MITCHELL PARK","CC MARION.",3,2,0,0,2,2020,"September","Sunday","12:05 pm",60,"Sealed","Dry","Not Raining","Daylight","Rear End",1,,,1324350.89,1662359.34
"2020-7587-19/09/2025","MUNNO PARA","CITY OF PLAYFORD.",2,1,0,0,1,2020,"September","Sunday","11:45 am",60,"Sealed","Dry","Not Raining","Daylight","Rear End",2,,,1336692.66,1698550.18
"2020-7592-19/09/2025","ALDINGA BEACH","CITY OF ONKAPARINGA",2,2,0,1,1,2020,"September","Sunday","02:40 pm",50,"Sealed","Dry","Not Raining","Daylight","Right Angle",2,,,1313389.77,1631990.86
"2020-7594-19/09/2025","CARPENTER ROCKS","DISTRICT COUNCIL OF GRANT",2,1,0,0,1,2020,"September","Sunday","02:00 pm",110,"Sealed","Dry","Not Raining","Daylight","Hit Fixed Object",1,,,1478996.64,1334072.99
"2020-7595-19/09/2025","CROYDON","CITY OF CHARLES STURT",2,1,0,0,1,2020,"September","Sunday","03:33 pm",60,"Sealed","Dry","Not Raining","Daylight","Right Turn",2,,,1325500.48,1673450.96
"2020-7596-19/09/2025","HOPE VALLEY","CITY OF TEA TREE GULLY",2,1,0,0,1,2020,"September","Sunday","03:47 pm",60,"Sealed","Dry","Not Raining","Daylight","Hit Parked Vehicle",1,,"Y",1336792.59,1679459.15
"2020-7600-19/09/2025","SEMAPHORE SOUTH","CITY OF PORT ADELAIDE ENFIELD",2,1,0,0,1,2020,"September","Sunday","04:35 pm",50,"Sealed","Dry","Not Raining","Daylight","Side Swipe",2,,,1317557.96,1679455.32
"2020-7601-19/09/2025","CLARE","CLARE AND GILBERT VALLEYS DISTRICT COUNCIL",2,1,0,0,1,2020,"September","Sunday","04:35 pm",50,"Sealed","Dry","Not Raining","Daylight","Hit Fixed Object",1,"Y","Y",1334106.47,1792129.26
"2020-7602-19/09/2025","GRANGE","CITY OF CHARLES STURT",2,1,0,0,1,2020,"September","Sunday","07:00 pm",60,"Sealed","Dry","Not Raining","Night","Right Angle",1,,,1319945.36,1673616.46
"2020-7605-19/09/2025","NORTH BRIGHTON","CITY OF HOLDFAST BAY",2,1,0,0,1,2020,"September","Sunday","03:20 pm",50,"Sealed","Dry","Not Raining","Daylight","Hit Parked Vehicle",1,,,1321678.78,1662464.54
"2020-7606-19/09/2025","GLOSSOP","THE BERRI BARMERA COUNCIL",1,1,0,1,0,2020,"September","Monday","05:00 am",100,"Unsealed","Dry","Not Raining","Night","Roll Over",1,,,1509971.35,1732435.47
"2020-7609-19/09/2025","CHELTENHAM","CITY OF CHARLES STURT",2,1,0,0,1,2020,"September","Monday","08:34 am",60,"Sealed","Dry","Not Raining","Daylight","Rear End",2,,"Y",1322271.75,1677711.35
"2020-7610-19/09/2025","SALISBURY PARK","CITY OF SALISBURY",3,1,0,0,1,2020,"September","Monday","08:47 am",80,"Sealed","Dry","Not Raining","Daylight","Rear End",2,,,1335471.38,1688149.37
"2020-7612-19/09/2025","OAKLANDS PARK","CC MARION.",2,1,0,0,1,2020,"August","Wednesday","10:10 am",50,"Sealed","Dry","Not Raining","Daylight","Hit Pedestrian",2,,,1322946.18,1661096.66
"2020-7615-19/09/2025","GAWLER RANGES",,1,1,0,1,0,2020,"September","Sunday","10:30 am",100,"Unsealed","Dry","Not Raining","Daylight","Roll Over",1,,,994534.37,1962451.72
"2020-7616-19/09/2025","MOUNT BENSON","DC ROBE.",1,1,0,0,1,2020,"September","Monday","07:45 am",110,"Sealed","Dry","Not Raining","Daylight","Left Road - Out of Control",1,,,1427509.82,1430617.97
"2020-7617-19/09/2025","SCOTT CREEK","THE ADELAIDE HILLS COUNCIL",1,1,0,0,1,2020,"September","Monday","11:13 am",60,"Sealed","Dry","Not Raining","Daylight","Left Road - Out of Control",1,,,1337910.14,1657372.17
"2020-7618-19/09/2025","MOUNT GAMBIER","CC MT.GAMBIER.",2,1,0,0,1,2020,"September","Monday","08:25 am",50,"Unsealed","Dry","Not Raining","Daylight","Side Swipe",1,,,1511230.98,1341242.01
"2020-7620-19/09/2025","LEWISTON","DC MALLALA.",2,2,1,0,1,2020,"September","Monday","10:10 am",100,"Sealed","Dry","Not Raining","Daylight","Right Angle",1,,,1332377.6,1705410.07
"2020-7627-19/09/2025","HIGHBURY","CITY OF TEA TREE GULLY",1,3,0,0,3,2020,"September","Monday","02:45 pm",60,"Sealed","Dry","Not Raining","Daylight","Left Road - Out of Control",1,,,1340244.67,1679787.31
"2020-7631-19/09/2025","ADELAIDE","CITY OF ADELAIDE",2,1,0,0,1,2020,"September","Monday","08:50 am",50,"Sealed","Dry","Not Raining","Daylight","Side Swipe",2,,,1329296.2,1671157.76
"2020-7634-19/09/2025","MILE END","CITY OF WEST TORRENS",3,1,0,0,1,2020,"September","Monday","05:17 pm",60,"Sealed","Dry","Not Raining","Daylight","Rear End",1,,,1325769.74,1670247.21
"2020-7638-19/09/2025","STEPNEY","CC OF NORWOOD,PAYNEHAM & ST PETERS",2,1,0,0,1,2020,"September","Monday","07:00 pm",60,"Sealed","Dry","Not Raining","Night","Right Angle",2,,,1331423.77,1671738.91
"2020-7643-19/09/2025","WALKERVILLE","WALKERVILLE TOWN COUNCIL",2,1,0,0,1,2020,"September","Monday","08:25 pm",50,"Sealed","Dry","Not Raining","Night","Hit Object on Road",1,,"Y",1330833.13,1674500.99
"2020-7644-19/09/2025","BLAIR ATHOL","CITY OF PORT ADELAIDE ENFIELD",2,1,0,0,1,2020,"September","Monday","08:11 pm",60,"Sealed","Dry","Not Raining","Night","Right Angle",2,,,1328820.2,1678260.17
"2020-7646-19/09/2025","HILLBANK","CITY OF PLAYFORD.",2,1,0,0,1,2020,"September","Monday","08:25 pm",50,"Sealed","Dry","Not Raining","Night","Hit Parked Vehicle",1,,,1336985.21,1691847.83
"2020-7651-19/09/2025","HAMPSTEAD GARDENS","CITY OF PORT ADELAIDE ENFIELD",2,1,0,0,1,2020,"September","Tuesday","09:15 am",60,"Sealed","Dry","Not Raining","Daylight","Right Angle",1,,,1331810.03,1676603.26
"2020-7652-19/09/2025","PENFIELD","CITY OF PLAYFORD.",2,1,0,0,1,2020,"September","Tuesday","08:55 am",80,"Sealed","Dry","Not Raining","Daylight","Side Swipe",2,,,1331401.54,1697660.52
"2020-7657-19/09/2025","MITCHELL PARK","CC MARION.",2,1,0,0,1,2020,"September","Tuesday","07:45 am",50,"Sealed","Dry","Not Raining","Daylight","Right Angle",2,,,1325071.12,1662148.5
"2020-7663-19/09/2025","SALISBURY DOWNS","CITY OF SALISBURY",2,2,0,0,2,2020,"September","Monday","03:40 pm",60,"Sealed","Dry","Not Raining","Daylight","Rear End",2,,,1331486.74,1686802.37
"2020-7666-19/09/2025","KENSINGTON PARK","CITY OF BURNSIDE",3,1,0,0,1,2020,"September","Tuesday","03:44 pm",60,"Sealed","Dry","Not Raining","Daylight","Right Angle",1,,,1333889.74,1670787.76
"2020-7670-19/09/2025","MUNNO PARA","CITY OF PLAYFORD.",2,1,0,0,1,2020,"September","Wednesday","03:15 pm",60,"Sealed","Dry","Not Raining","Daylight","Rear End",2,,,1336441.83,1698689.39
"2020-7671-19/09/2025","GLYNDE","CC OF NORWOOD,PAYNEHAM & ST PETERS",3,3,0,0,3,2020,"September","Tuesday","03:15 pm",60,"Sealed","Dry","Not Raining","Daylight","Rear End",2,,,1333752.23,1674512.7
"2020-7678-19/09/2025","ST IVES","DC MT.BARKER.",2,2,0,2,0,2020,"September","Tuesday","06:55 pm",110,"Sealed","Dry","Not Raining","Night","Hit Fixed Object",1,,,1362288.93,1649160.82
"2020-7680-19/09/2025","VIRGINIA","CITY OF PLAYFORD.",2,2,0,0,2,2020,"September","Wednesday","05:25 am",80,"Sealed","Dry","Not Raining","Night","Right Angle",2,,,1327795.16,1698211.19
"2020-7682-19/09/2025","ASHFORD","CITY OF WEST TORRENS",4,1,0,0,1,2020,"September","Tuesday","01:50 pm",60,"Sealed","Dry","Not Raining","Daylight","Rear End",1,,,1325829.36,1668030.1
"2020-7683-19/09/2025","SEMAPHORE","CITY OF PORT ADELAIDE ENFIELD",1,1,0,0,1,2020,"September","Wednesday","07:44 am",50,"Sealed","Dry","Not Raining","Daylight","Roll Over",9,,,1317846.01,1680592.66
"2020-7688-19/09/2025","HALLETT COVE","CC MARION.",2,1,0,0,1,2020,"September","Wednesday","08:15 am",60,"Sealed","Dry","Not Raining","Daylight","Rear End",1,,,1319077.27,1654622.45
"2020-7690-19/09/2025","GAWLER","CT GAWLER.",2,1,0,0,1,2020,"September","Wednesday","09:00 am",50,"Sealed","Dry","Not Raining","Daylight","Rear End",2,,,1343360.44,1706814.3
"2020-7691-19/09/2025","FELIXSTOW","CC OF NORWOOD,PAYNEHAM & ST PETERS",2,1,0,0,1,2020,"September","Wednesday","08:15 am",50,"Sealed","Dry","Not Raining","Daylight","Right Angle",1,,,1332953.84,1674389.47
"2020-7695-19/09/2025","INGLEWOOD","THE ADELAIDE HILLS COUNCIL",2,1,1,0,0,2020,"September","Wednesday","12:04 pm",80,"Sealed","Dry","Not Raining","Daylight","Hit Fixed Object",1,,,1346363.93,1681731.25
"2020-7696-19/09/2025","REYNELLA","CITY OF ONKAPARINGA",2,1,0,0,1,2020,"September","Wednesday","01:30 pm",50,"Sealed","Dry","Not Raining","Daylight","Hit Pedestrian",1,,,1320848.65,1652058.28