"REPORT_ID","Suburb","LGA Name","Total Units","Total Cas","Total Fats","Total SI","Total MI","Year","Month","Day","Time","Area Speed","Road Surface","Moisture Cond","Weather Cond","DayNight","Crash Type","Unit Resp","DUI Involved","Drugs Involved","ACCLOC_X","ACCLOC_Y"
"2020-7697-19/09/2025","NEWTON","CC CAMPBELLTOWN.",2,1,0,1,0,2020,"September","Wednesday","02:30 pm",60,"Sealed","Dry","Not Raining","Daylight","Hit Pedestrian",1,,,1335398.01,1674978.91
"2020-7700-19/09/2025","OTTOWAY","CITY OF PORT ADELAIDE ENFIELD",2,3,0,0,3,2020,"September","Wednesday","03:18 pm",60,"Sealed","Dry","Not Raining","Daylight","Rear End",2,,,1323230.45,1679146.07
"2020-7702-19/09/2025","NOARLUNGA CENTRE","CITY OF ONKAPARINGA",1,1,0,0,1,2020,"September","Wednesday","01:35 pm",60,"Unsealed","Dry","Not Raining","Daylight","Roll Over",9,,,1318235.96,1647457.79
"2020-7705-19/09/2025","CURRENCY CREEK","ALEXANDRINA COUNCIL",2,1,0,0,1,2020,"September","Wednesday","02:00 pm",80,"Sealed","Dry","Not Raining","Daylight","Hit Fixed Object",1,,,1342698.83,1613629.6
"2020-7712-19/09/2025","HOPE VALLEY","CITY OF TEA TREE GULLY",2,1,0,0,1,2020,"September","Wednesday","07:15 pm",60,"Sealed","Dry","Not Raining","Night","Right Angle",1,,,1338490.16,1679538.76
"2020-7714-19/09/2025","KULPARA","BARUNGA WEST DISTRICT COUNCIL",2,3,0,0,3,2020,"September","Wednesday","05:28 pm",60,"Sealed","Dry","Not Raining","Daylight","Right Angle",2,,,1279752.16,1768167.31
"2020-7715-19/09/2025","LEABROOK","CITY OF BURNSIDE",2,1,0,1,0,2020,"September","Wednesday","07:36 pm",60,"Sealed","Dry","Not Raining","Night","Side Swipe",1,,,1333221,1670441.53
"2020-7718-19/09/2025","FLINDERS PARK","CITY OF CHARLES STURT",2,1,0,1,0,2020,"September","Wednesday","07:36 pm",60,"Sealed","Dry","Not Raining","Night","Right Angle",1,,"Y",1324317.23,1673172.77
"2020-7721-19/09/2025","REYNELLA","CITY OF ONKAPARINGA",2,2,0,0,2,2020,"September","Thursday","05:00 am",50,"Sealed","Dry","Not Raining","Night","Hit Fixed Object",1,,,1321651.69,1652200.91
"2020-7724-19/09/2025","ADELAIDE","CITY OF ADELAIDE",2,1,0,0,1,2020,"September","Thursday","06:55 am",50,"Sealed","Dry","Not Raining","Daylight","Right Turn",1,,,1329604.68,1669909.47
"2020-7725-19/09/2025","FINDON","CITY OF CHARLES STURT",2,1,0,1,0,2020,"September","Thursday","08:28 am",60,"Sealed","Dry","Not Raining","Daylight","Hit Pedestrian",2,,,1322282.64,1674724.43
"2020-7729-19/09/2025","SEMAPHORE PARK","CITY OF CHARLES STURT",2,1,0,0,1,2020,"September","Wednesday","04:15 pm",60,"Sealed","Dry","Not Raining","Daylight","Rear End",2,,,1317767.25,1679377.81
"2020-7732-19/09/2025","SEAFORD","CITY OF ONKAPARINGA",2,1,0,0,1,2020,"September","Thursday","11:30 am",70,"Sealed","Dry","Not Raining","Daylight","Right Turn",2,,,1316362.9,1642084.21
"2020-7740-19/09/2025","ADELAIDE","CITY OF ADELAIDE",2,1,0,0,1,2020,"September","Thursday","09:23 am",50,"Sealed","Dry","Not Raining","Daylight","Hit Pedestrian",1,,,1327860.32,1670813.48
"2020-7741-19/09/2025","KILBURN","CITY OF PORT ADELAIDE ENFIELD",3,1,0,0,1,2020,"September","Thursday","02:45 pm",60,"Sealed","Dry","Not Raining","Daylight","Rear End",1,,,1327204.74,1677885.94
"2020-7742-19/09/2025","SALISBURY PLAIN","CITY OF SALISBURY",2,1,0,1,0,2020,"September","Thursday","02:05 pm",80,"Sealed","Dry","Not Raining","Daylight","Right Angle",2,,"Y",1334910.64,1687473.34
"2020-7744-19/09/2025","WHITES VALLEY","CITY OF ONKAPARINGA",2,4,0,0,4,2020,"September","Thursday","02:51 pm",80,"Sealed","Dry","Not Raining","Daylight","Right Angle",1,,"Y",1320078.81,1634748.22
"2020-7747-19/09/2025","SALISBURY EAST","CITY OF SALISBURY",4,1,0,0,1,2020,"September","Thursday","03:30 pm",60,"Sealed","Dry","Not Raining","Daylight","Rear End",1,,,1333806.22,1684947.3
"2020-7748-19/09/2025","NORWOOD","CITY OF BURNSIDE",3,1,0,0,1,2020,"September","Thursday","03:31 pm",60,"Sealed","Dry","Not Raining","Daylight","Rear End",1,,,1332238.77,1671742.3
"2020-7751-19/09/2025","ROSE PARK","CITY OF BURNSIDE",2,1,0,0,1,2020,"September","Thursday","05:38 pm",60,"Sealed","Dry","Not Raining","Daylight","Hit Pedestrian",1,,,1330648.6,1669865.48
"2020-7754-19/09/2025","ASCOT PARK","CC MARION.",2,1,0,0,1,2020,"September","Thursday","02:30 pm",50,"Sealed","Dry","Not Raining","Daylight","Head On",1,,,1324506.44,1664154.2
"2020-7756-19/09/2025","ADELAIDE","CITY OF ADELAIDE",2,1,0,0,1,2020,"September","Thursday","07:00 pm",50,"Sealed","Dry","Not Raining","Night","Right Angle",2,,,1328901.98,1671145.37
"2020-7757-19/09/2025","WATERLOO CORNER","CITY OF SALISBURY",2,4,0,0,4,2020,"September","Thursday","06:35 pm",60,"Sealed","Dry","Not Raining","Night","Right Angle",2,,,1326466.74,1692052.38
"2020-7761-19/09/2025","KIANA","DC LOWER EYRE PENINSULA",1,1,0,1,0,2020,"September","Thursday","07:30 pm",110,"Sealed","Dry","Not Raining","Night","Roll Over",1,"Y",,1027568.19,1772621.69
"2020-7767-19/09/2025","WALKERVILLE","WALKERVILLE TOWN COUNCIL",5,1,0,0,1,2020,"September","Friday","08:30 am",60,"Sealed","Dry","Not Raining","Daylight","Side Swipe",1,,,1329658.11,1674453.89
"2020-7769-19/09/2025","MOANA","CITY OF ONKAPARINGA",1,1,0,0,1,2020,"September","Thursday","07:00 pm",50,"Sealed","Dry","Not Raining","Night","Roll Over",1,,,1316124.82,1639156.35
"2020-7774-19/09/2025","PENFIELD","CITY OF PLAYFORD.",3,1,0,0,1,2020,"September","Friday","10:41 am",80,"Sealed","Dry","Not Raining","Daylight","Right Angle",1,,,1333441.32,1696359.08
"2020-7775-19/09/2025","MYRTLE BANK","CITY OF UNLEY",2,1,0,0,1,2020,"September","Thursday","07:50 am",60,"Sealed","Dry","Not Raining","Daylight","Right Angle",1,,,1331863.19,1667177.87
"2020-7778-19/09/2025","EYRE","CITY OF PLAYFORD.",2,1,0,0,1,2020,"September","Friday","06:50 am",60,"Sealed","Dry","Not Raining","Daylight","Right Turn",2,,,1334450.71,1695787.2
"2020-7779-19/09/2025","FELIXSTOW","CC OF NORWOOD,PAYNEHAM & ST PETERS",2,1,0,0,1,2020,"September","Friday","02:40 pm",50,"Sealed","Dry","Not Raining","Daylight","Hit Fixed Object",1,,,1332888.74,1674864.07
"2020-7788-19/09/2025","ST PETERS","CC OF NORWOOD,PAYNEHAM & ST PETERS",2,1,0,0,1,2020,"September","Friday","04:55 pm",60,"Sealed","Dry","Not Raining","Daylight","Right Turn",1,,,1331000.86,1672251.3
"2020-7793-19/09/2025","EYRE","CITY OF PLAYFORD.",2,1,0,1,0,2020,"September","Friday","07:41 pm",60,"Sealed","Dry","Not Raining","Night","Right Angle",1,,,1334450.71,1695787.2
"2020-7798-19/09/2025","TILLEY SWAMP","DC KINGSTON.",2,1,0,1,0,2020,"September","Saturday","03:00 am",110,"Sealed","Wet","Raining","Night","Hit Fixed Object",1,"Y",,1427729.9,1509086.63
"2020-7804-19/09/2025","URRBRAE","CC MITCHAM.",2,1,0,0,1,2020,"September","Friday","09:30 am",60,"Sealed","Dry","Not Raining","Daylight","Rear End",2,,,1330765.11,1666293.95
"2020-7805-19/09/2025","GUM CREEK STATION",,2,1,0,1,0,2020,"September","Thursday","10:30 am",90,"Sealed","Dry","Not Raining","Daylight","Hit Animal",2,,,1347750.43,2080881.68
"2020-7808-19/09/2025","HENLEY BEACH","CITY OF CHARLES STURT",1,1,0,0,1,2020,"September","Sunday","03:45 pm",50,"Sealed","Dry","Not Raining","Daylight","Roll Over",1,,,1318939.94,1671368.13
"2020-7809-19/09/2025","WILLUNGA","CITY OF ONKAPARINGA",2,1,0,0,1,2020,"September","Saturday","11:15 am",80,"Sealed","Dry","Not Raining","Daylight","Hit Animal",2,,,1322391.65,1634821.65
"2020-7813-19/09/2025","LONG PLAINS","DC MALLALA.",2,1,0,0,1,2020,"September","Friday","09:00 pm",100,"Unsealed","Dry","Not Raining","Night","Roll Over",1,,,1307379.35,1735082.95
"2020-7816-19/09/2025","PORT LINCOLN","CC PT.LINCOLN.",2,1,0,0,1,2020,"September","Saturday","02:20 pm",40,"Sealed","Wet","Raining","Daylight","Right Angle",1,,,1078112.18,1698858.5
"2020-7817-19/09/2025","DOWLINGVILLE","YORKE PENINSULA COUNCIL",2,1,0,0,1,2020,"September","Friday","06:30 pm",100,"Sealed","Dry","Not Raining","Night","Hit Fixed Object",1,,,1268782.51,1734241.54
"2020-7818-19/09/2025","MAWSON LAKES","CITY OF SALISBURY",1,1,0,1,0,2020,"August","Monday","06:00 pm",50,"Sealed","Dry","Not Raining","Night","Roll Over",1,,,1329643.68,1684036.8
"2020-7829-19/09/2025","TATACHILLA","CITY OF ONKAPARINGA",2,1,0,0,1,2020,"September","Saturday","08:45 pm",80,"Sealed","Wet","Raining","Night","Hit Fixed Object",1,,,1320308.71,1637088.73
"2020-7830-19/09/2025","EYRE","CITY OF PLAYFORD.",2,1,0,0,1,2020,"September","Saturday","09:00 pm",60,"Sealed","Wet","Raining","Night","Right Angle",2,,,1334450.71,1695787.2
"2020-7833-19/09/2025","BARMERA","THE BERRI BARMERA COUNCIL",2,1,0,0,1,2020,"September","Saturday","09:00 pm",100,"Sealed","Wet","Raining","Night","Roll Over",1,"Y",,1500876.23,1737598.19
"2020-7835-19/09/2025","PORT WAKEFIELD","WAKEFIELD REGIONAL COUNCIL",2,1,0,0,1,2020,"September","Saturday","10:30 pm",110,"Sealed","Wet","Raining","Night","Hit Fixed Object",1,"Y",,1295262.04,1747946.42
"2020-7839-19/09/2025","WAYVILLE","CITY OF UNLEY",2,1,0,1,0,2020,"September","Sunday","09:10 am",60,"Sealed","Dry","Not Raining","Daylight","Hit Pedestrian",2,,,1327620.41,1668940.2
"2020-7842-19/09/2025","ELIZABETH VALE","CITY OF PLAYFORD.",2,2,0,0,2,2020,"September","Sunday","10:55 am",80,"Sealed","Dry","Not Raining","Daylight","Rear End",2,,,1336162.73,1690282.12
"2020-7846-19/09/2025","WILLIAMSTOWN","THE BAROSSA COUNCIL.",2,1,0,0,1,2020,"September","Sunday","12:00 pm",100,"Sealed","Dry","Not Raining","Daylight","Hit Fixed Object",1,,,1359297.43,1697672.99
"2020-7868-19/09/2025","OLD NOARLUNGA","CITY OF ONKAPARINGA",2,1,0,0,1,2020,"September","Sunday","12:15 pm",60,"Sealed","Dry","Not Raining","Daylight","Rear End",2,,,1318034.75,1642706.75
"2020-7873-19/09/2025","PORT NOARLUNGA SOUTH","CITY OF ONKAPARINGA",2,1,0,0,1,2020,"September","Monday","12:20 pm",50,"Sealed","Dry","Not Raining","Daylight","Hit Parked Vehicle",1,,,1315466.78,1643776.07
"2020-7877-19/09/2025","PENFIELD","CITY OF PLAYFORD.",5,1,0,0,1,2020,"September","Monday","04:28 pm",90,"Sealed","Dry","Not Raining","Daylight","Rear End",1,,,1330860.52,1696543.62
"2020-7882-19/09/2025","COORONG","COORONG DISTRICT COUNCIL",2,2,0,0,2,2020,"September","Monday","03:10 pm",110,"Sealed","Dry","Not Raining","Daylight","Hit Fixed Object",1,,,1420072.67,1528629.62
"2020-7887-19/09/2025","ELIZABETH PARK","CITY OF PLAYFORD.",2,1,0,0,1,2020,"September","Tuesday","07:50 am",80,"Sealed","Dry","Not Raining","Daylight","Rear End",2,,,1336519.86,1694655.78
"2020-7892-19/09/2025","NORWOOD","CC OF NORWOOD,PAYNEHAM & ST PETERS",2,1,0,0,1,2020,"September","Tuesday","08:32 am",50,"Sealed","Dry","Not Raining","Daylight","Right Turn",2,,,1331854.55,1671066.92
"2020-7896-19/09/2025","WINDSOR GARDENS","CITY OF PORT ADELAIDE ENFIELD",2,1,0,0,1,2020,"September","Tuesday","08:20 am",50,"Sealed","Dry","Not Raining","Daylight","Rear End",2,,,1333556.16,1677424.4
"2020-7898-19/09/2025","HAHNDORF","DC MT.BARKER.",1,1,0,1,0,2020,"September","Tuesday","10:00 am",80,"Sealed","Dry","Not Raining","Daylight","Roll Over",1,,,1348776.7,1659527.76
"2020-7900-19/09/2025","EDWARDSTOWN","CC MARION.",2,1,0,1,0,2020,"September","Tuesday","11:35 am",60,"Sealed","Dry","Not Raining","Daylight","Right Angle",1,,"Y",1325953.46,1663383.38
"2020-7902-19/09/2025","BARMERA","THE BERRI BARMERA COUNCIL",2,2,0,0,2,2020,"September","Monday","04:00 pm",90,"Sealed","Dry","Not Raining","Daylight","Rear End",1,,,1503404.48,1737061.16
"2020-7904-19/09/2025","GLOSSOP","THE BERRI BARMERA COUNCIL",2,1,0,1,0,2020,"September","Tuesday","10:45 am",60,"Sealed","Dry","Not Raining","Daylight","Right Angle",2,,,1508537.44,1735229.52
"2020-7905-19/09/2025","ST MORRIS","CC OF NORWOOD,PAYNEHAM & ST PETERS",2,1,0,0,1,2020,"September","Tuesday","01:03 pm",60,"Sealed","Dry","Not Raining","Daylight","Right Angle",1,,,1333281.46,1671789.44
"2020-7906-19/09/2025","ADELAIDE","CITY OF ADELAIDE",2,1,0,0,1,2020,"September","Tuesday","01:59 pm",50,"Sealed","Dry","Not Raining","Daylight","Right Turn",1,,,1329582.9,1670709.31
"2020-7911-19/09/2025","OAKDEN HILLS",,1,1,0,0,1,2020,"September","Tuesday","03:00 pm",110,"Sealed","Dry","Not Raining","Daylight","Left Road - Out of Control",1,,,1190039.94,2060100.56
"2020-7912-19/09/2025","ELIZABETH","CITY OF PLAYFORD.",2,1,0,0,1,2020,"September","Tuesday","05:00 pm",60,"Sealed","Dry","Not Raining","Daylight","Rear End",2,,,1335570.41,1693051.39
"2020-7917-19/09/2025","SEFTON PARK","CITY OF PROSPECT",3,1,0,0,1,2020,"September","Tuesday","04:30 pm",60,"Sealed","Dry","Not Raining","Daylight","Rear End",2,,,1328872.97,1676100.28
"2020-7918-19/09/2025","BRIGHTON","CITY OF HOLDFAST BAY",2,1,0,0,1,2020,"September","Tuesday","08:45 am",60,"Sealed","Dry","Not Raining","Daylight","Rear End",2,,,1321135.74,1660737.8
"2020-7924-19/09/2025","CEDUNA","DC CEDUNA",2,1,0,0,1,2020,"September","Tuesday","07:20 pm",60,"Sealed","Dry","Not Raining","Night","Hit Fixed Object",1,,,875161.5,1985659.16
"2020-7929-19/09/2025","MITCHELL PARK","CC MARION.",3,1,0,0,1,2020,"September","Wednesday","07:30 am",60,"Sealed","Dry","Not Raining","Daylight","Rear End",1,,,1324348.99,1662435.81
"2020-7932-19/09/2025","SOUTH PLYMPTON","CC MARION.",2,1,0,0,1,2020,"September","Tuesday","04:50 pm",50,"Sealed","Dry","Not Raining","Daylight","Hit Parked Vehicle",1,,,1324841.15,1665708.05
"2020-7935-19/09/2025","KUDLA","CT GAWLER.",2,1,0,0,1,2020,"September","Wednesday","09:00 am",80,"Sealed","Wet","Not Raining","Daylight","Right Angle",1,,"Y",1337680.92,1701807.18
"2020-7946-19/09/2025","CONMURRA","DC NARACOORTE & LUCINDALE.",1,1,0,0,1,2020,"September","Wednesday","12:25 pm",110,"Sealed","Dry","Not Raining","Daylight","Roll Over",1,,,1469158.59,1419489.48
"2020-7947-19/09/2025","SALISBURY EAST","CITY OF SALISBURY",2,1,0,0,1,2020,"September","Wednesday","02:30 pm",60,"Sealed","Dry","Not Raining","Daylight","Right Turn",2,,,1336487.28,1687416.1
"2020-7950-19/09/2025","LOWER LIGHT","DC MALLALA.",3,1,0,1,0,2020,"September","Wednesday","03:50 pm",100,"Unsealed","Dry","Not Raining","Daylight","Roll Over",1,,,1314043.93,1711187.25
"2020-7951-19/09/2025","AYERS RANGE SOUTH",,1,2,0,0,2,2020,"September","Wednesday","01:00 pm",110,"Sealed","Dry","Not Raining","Daylight","Roll Over",1,,,819233.86,2653090.02
"2020-7952-19/09/2025","LARGS BAY","CITY OF PORT ADELAIDE ENFIELD",3,1,0,0,1,2020,"September","Wednesday","04:00 pm",60,"Sealed","Dry","Not Raining","Daylight","Right Turn",1,"Y",,1319732.61,1682101.1
"2020-7953-19/09/2025","CUDLEE CREEK","THE ADELAIDE HILLS COUNCIL",2,1,0,0,1,2020,"September","Wednesday","04:20 pm",60,"Sealed","Dry","Not Raining","Daylight","Right Angle",1,,,1348611.75,1679494.85
"2020-7955-19/09/2025","WYNN VALE","CITY OF TEA TREE GULLY",2,1,0,0,1,2020,"September","Wednesday","05:13 pm",70,"Sealed","Dry","Not Raining","Daylight","Right Angle",1,,,1336880.89,1684611.96
"2020-7957-19/09/2025","PARADISE","CC CAMPBELLTOWN.",2,1,0,0,1,2020,"September","Wednesday","05:15 pm",60,"Sealed","Dry","Not Raining","Daylight","Right Turn",1,,,1334812.09,1676500.53
"2020-7960-19/09/2025","SALISBURY","CITY OF SALISBURY",2,1,0,1,0,2020,"September","Wednesday","06:43 pm",60,"Sealed","Dry","Not Raining","Night","Right Turn",1,,,1333600.19,1688085.5
"2020-7962-19/09/2025","PROSPECT","CITY OF PROSPECT",2,1,0,0,1,2020,"September","Wednesday","07:05 pm",50,"Sealed","Dry","Not Raining","Night","Hit Parked Vehicle",1,,,1328109.83,1674461.87
"2020-7966-19/09/2025","O'HALLORAN HILL","CC MARION.",3,1,0,1,0,2020,"September","Wednesday","07:17 pm",100,"Sealed","Dry","Not Raining","Night","Hit Pedestrian",1,,,1323528.39,1657460.25
"2020-7970-19/09/2025","TOOPERANG","ALEXANDRINA COUNCIL",2,1,0,0,1,2020,"September","Thursday","04:05 am",100,"Sealed","Dry","Not Raining","Night","Hit Fixed Object",1,,"Y",1338858.19,1621262.88
"2020-7972-19/09/2025","UNDERDALE","CITY OF WEST TORRENS",2,1,0,0,1,2020,"September","Thursday","08:25 am",60,"Sealed","Dry","Not Raining","Daylight","Side Swipe",2,,,1323850.64,1671077.04
"2020-7973-19/09/2025","KURRALTA PARK","CITY OF WEST TORRENS",2,1,0,0,1,2020,"September","Thursday","08:35 am",50,"Sealed","Dry","Not Raining","Daylight","Right Angle",2,,,1325689.7,1667801.75
"2020-7977-19/09/2025","KILKENNY","CITY OF CHARLES STURT",2,1,0,0,1,2020,"September","Thursday","09:30 am",50,"Sealed","Dry","Not Raining","Daylight","Side Swipe",1,,,1324555.35,1676271.4
"2020-7978-19/09/2025","HILLIER","CT GAWLER.",2,1,0,0,1,2020,"September","Thursday","12:15 pm",80,"Sealed","Dry","Not Raining","Daylight","Hit Fixed Object",1,,,1340816.75,1704523.54
"2020-7981-19/09/2025","ADELAIDE","CITY OF ADELAIDE",2,1,0,0,1,2020,"September","Thursday","01:05 pm",50,"Sealed","Dry","Not Raining","Daylight","Rear End",2,,,1328331.9,1670975.92
"2020-7983-19/09/2025","WOODVILLE","CITY OF CHARLES STURT",2,1,0,0,1,2020,"September","Thursday","01:25 pm",50,"Sealed","Dry","Not Raining","Daylight","Rear End",2,,,1322958.74,1676105.22
"2020-7985-19/09/2025","PROSPECT","CITY OF PROSPECT",2,2,0,0,2,2020,"September","Thursday","03:15 pm",60,"Sealed","Dry","Not Raining","Daylight","Rear End",2,,,1327239.75,1676498.16
"2020-7986-19/09/2025","PORT WILLUNGA","CITY OF ONKAPARINGA",2,1,0,0,1,2020,"September","Wednesday","05:00 pm",60,"Sealed","Dry","Not Raining","Daylight","Rear End",2,,,1315438.74,1633607.8
"2020-7988-19/09/2025","KLEMZIG","CITY OF PORT ADELAIDE ENFIELD",2,1,0,1,0,2020,"September","Thursday","02:50 pm",60,"Sealed","Dry","Not Raining","Daylight","Hit Pedestrian",1,,,1331846.16,1675818.78
"2020-7989-19/09/2025","EDWARDSTOWN","CC MITCHAM.",3,1,0,0,1,2020,"September","Friday","01:40 pm",60,"Sealed","Dry","Not Raining","Daylight","Rear End",1,,,1325904.73,1665386.93
"2020-7990-19/09/2025","PANITYA","DC KIMBA.",2,1,0,0,1,2020,"September","Thursday","08:48 am",110,"Sealed","Dry","Not Raining","Daylight","Head On",1,,,1099324.27,1865769.91
"2020-7995-19/09/2025","HAPPY VALLEY","CITY OF ONKAPARINGA",2,2,0,0,2,2020,"September","Thursday","05:07 pm",60,"Sealed","Dry","Not Raining","Daylight","Right Angle",2,,,1326281.49,1653501.44
"2020-7998-19/09/2025","DULWICH","CITY OF BURNSIDE",2,1,0,0,1,2020,"September","Thursday","03:00 pm",60,"Sealed","Dry","Not Raining","Daylight","Hit Fixed Object",1,,,1330656.29,1669532.66
"2020-7999-19/09/2025","ADELAIDE","CITY OF ADELAIDE",2,1,0,0,1,2020,"September","Thursday","08:20 am",50,"Sealed","Dry","Not Raining","Daylight","Side Swipe",1,,,1327969.99,1670680.93
"2020-8003-19/09/2025","KINGSWOOD","CC MITCHAM.",1,1,0,0,1,2020,"September","Thursday","05:40 pm",60,"Sealed","Dry","Not Raining","Daylight","Roll Over",1,,,1329576.53,1666256.99
"2020-8007-19/09/2025","WATERLOO CORNER","CITY OF SALISBURY",3,1,0,0,1,2020,"September","Thursday","01:00 pm",110,"Sealed","Dry","Not Raining","Daylight","Other",1,,,1326872.26,1693263.77
"2020-8009-19/09/2025","NORWOOD","CC OF NORWOOD,PAYNEHAM & ST PETERS",2,1,0,0,1,2020,"September","Friday","07:40 am",60,"Sealed","Dry","Not Raining","Daylight","Side Swipe",2,,,1330623.32,1670361.88
"2020-8011-19/09/2025","ONE TREE HILL","CITY OF PLAYFORD.",2,1,0,0,1,2020,"September","Friday","07:50 am",100,"Sealed","Dry","Not Raining","Daylight","Hit Object on Road",1,,,1342943.47,1693623
"2020-8017-19/09/2025","SEMAPHORE","CITY OF PORT ADELAIDE ENFIELD",2,1,0,0,1,2020,"September","Friday","12:35 pm",60,"Sealed","Dry","Not Raining","Daylight","Right Angle",2,,,1318317.55,1680892.28
"2020-8021-19/09/2025","TORRENSVILLE","CITY OF WEST TORRENS",2,1,0,0,1,2020,"August","Friday","07:30 pm",50,"Sealed","Wet","Not Raining","Night","Right Angle",2,,,1324864.29,1670958.11
"2020-8023-19/09/2025","DUDLEY WEST","KANGAROO ISLAND COUNCIL",2,1,0,0,1,2020,"September","Friday","05:10 am",100,"Sealed","Dry","Not Raining","Night","Hit Object on Road",1,,,1260649.37,1579392.06
"2020-8025-19/09/2025","BRIDGEWATER","THE ADELAIDE HILLS COUNCIL",2,1,0,0,1,2020,"September","Friday","08:35 am",60,"Sealed","Dry","Not Raining","Daylight","Right Angle",1,,,1342785.13,1661271.99
"2020-8030-19/09/2025","WHYALLA NORRIE","CC WHYALLA.",2,2,0,0,2,2020,"September","Friday","02:30 pm",60,"Sealed","Dry","Not Raining","Daylight","Right Angle",1,,,1236705.19,1883513.23
"2020-8031-19/09/2025","PARAFIELD","CITY OF SALISBURY",2,1,0,0,1,2020,"March","Tuesday","04:37 pm",60,"Sealed","Dry","Not Raining","Daylight","Rear End",2,,,1331328.28,1683698.81
"2020-8032-19/09/2025","LONSDALE","CITY OF ONKAPARINGA",3,1,0,0,1,2020,"September","Friday","04:14 pm",100,"Sealed","Dry","Not Raining","Daylight","Rear End",1,,,1319548.04,1650337.9
"2020-8035-19/09/2025","BULGUNNIA",,1,1,0,1,0,2020,"September","Friday","02:32 pm",110,"Sealed","Wet","Raining","Daylight","Roll Over",1,,,1018768.99,2205450.57
"2020-8037-19/09/2025","WINGFIELD","CITY OF PORT ADELAIDE ENFIELD",2,1,0,0,1,2020,"September","Friday","06:10 pm",60,"Sealed","Dry","Not Raining","Night","Side Swipe",2,,,1324036.53,1679155.83
"2020-8042-19/09/2025","FINDON","CITY OF CHARLES STURT",2,1,0,0,1,2020,"September","Friday","07:16 pm",50,"Sealed","Dry","Not Raining","Night","Hit Parked Vehicle",1,"Y",,1321628.5,1674558.05
"2020-8043-19/09/2025","SOLOMONTOWN","PT.PIRIE CITY & DIST. COUNCIL",1,1,0,0,1,2020,"September","Friday","12:00 am",60,"Sealed","Dry","Not Raining","Night","Roll Over",1,,,1281103.47,1864995.61
"2020-8045-19/09/2025","TROTT PARK","CC MARION.",2,1,0,0,1,2020,"September","Friday","08:40 pm",50,"Sealed","Dry","Not Raining","Night","Hit Fixed Object",9,,,1322909.8,1656277.58
"2020-8047-19/09/2025","RISDON PARK SOUTH","PT.PIRIE CITY & DIST. COUNCIL",2,1,0,0,1,2020,"September","Friday","02:50 pm",50,"Sealed","Dry","Not Raining","Daylight","Right Angle",2,,,1279421.87,1862910.82
"2020-8048-19/09/2025","TORRENSVILLE","CITY OF WEST TORRENS",2,1,0,0,1,2020,"September","Friday","12:15 pm",60,"Sealed","Dry","Not Raining","Daylight","Rear End",2,,,1325754.03,1670993.72
"2020-8052-19/09/2025","GAWLER EAST","CT GAWLER.",2,1,0,0,1,2020,"September","Saturday","09:50 am",50,"Sealed","Dry","Not Raining","Daylight","Rear End",2,,,1343512.68,1706662.11
"2020-8054-19/09/2025","PARKSIDE","CITY OF UNLEY",3,1,0,0,1,2020,"September","Saturday","11:58 am",60,"Sealed","Dry","Not Raining","Daylight","Rear End",1,,,1330707.08,1668319.59
"2020-8055-19/09/2025","WATERVALE","CLARE AND GILBERT VALLEYS DISTRICT COUNCIL",3,2,0,1,1,2020,"September","Saturday","09:40 am",100,"Sealed","Dry","Not Raining","Daylight","Hit Animal",2,,,1336337.38,1776078.69
"2020-8058-19/09/2025","TRANMERE","CC CAMPBELLTOWN.",2,1,0,0,1,2020,"September","Friday","11:08 am",60,"Sealed","Dry","Not Raining","Daylight","Hit Pedestrian",1,,,1333836.51,1672814.97
"2020-8064-19/09/2025","ELIZABETH PARK","CITY OF PLAYFORD.",2,1,0,0,1,2020,"September","Saturday","03:28 pm",50,"Sealed","Dry","Not Raining","Daylight","Hit Parked Vehicle",1,,,1337747.03,1693945.35
"2020-8067-19/09/2025","MARION BAY","YORKE PENINSULA COUNCIL",1,2,0,0,2,2020,"September","Saturday","04:45 pm",100,"Sealed","Dry","Not Raining","Daylight","Roll Over",1,,,1182127.45,1642194.12
"2020-8070-19/09/2025","FULLARTON","CITY OF UNLEY",2,1,0,0,1,2020,"September","Saturday","07:20 pm",60,"Sealed","Dry","Not Raining","Night","Right Angle",2,,,1331044.13,1668061.65
"2020-8071-19/09/2025","LOXTON","LOXTON WAIKERIE DISTRICT COUNCIL",4,4,0,0,4,2020,"September","Saturday","09:36 pm",60,"Sealed","Wet","Raining","Night","Rear End",1,,,1510962.43,1715471.91
"2020-8073-19/09/2025","MURRAY BRIDGE NORTH","RC MURRAY BRIDGE.",1,1,0,1,0,2020,"September","Sunday","02:50 am",100,"Sealed","Dry","Not Raining","Night","Left Road - Out of Control",1,"Y","Y",1387453.58,1650141.64
"2020-8074-19/09/2025","THEBARTON","CITY OF WEST TORRENS",3,3,0,2,1,2020,"September","Sunday","01:11 am",60,"Sealed","Dry","Not Raining","Night","Right Angle",1,"Y",,1326533.86,1672108.54