"REPORT_ID","Suburb","LGA Name","Total Units","Total Cas","Total Fats","Total SI","Total MI","Year","Month","Day","Time","Area Speed","Road Surface","Moisture Cond","Weather Cond","DayNight","Crash Type","Unit Resp","DUI Involved","Drugs Involved","ACCLOC_X","ACCLOC_Y"
"2020-8079-19/09/2025","GLENELG NORTH","CITY OF HOLDFAST BAY",2,1,0,0,1,2020,"September","Sunday","10:25 am",60,"Sealed","Dry","Not Raining","Daylight","Hit Fixed Object",1,,,1321014.42,1665321.69
"2020-8082-19/09/2025","VERDUN","THE ADELAIDE HILLS COUNCIL",1,1,0,1,0,2020,"September","Sunday","11:00 am",110,"Sealed","Dry","Not Raining","Daylight","Roll Over",1,,,1344656.16,1660921.36
"2020-8083-19/09/2025","YUNDI","ALEXANDRINA COUNCIL",2,1,0,1,0,2020,"September","Sunday","04:10 am",100,"Sealed","Dry","Not Raining","Night","Hit Fixed Object",1,,"Y",1331266.77,1627344.63
"2020-8084-19/09/2025","ADELAIDE","CITY OF ADELAIDE",2,1,0,0,1,2020,"September","Saturday","09:30 pm",50,"Sealed","Dry","Not Raining","Night","Right Angle",2,,,1329033.89,1670373.94
"2020-8089-19/09/2025","WARRADALE","CC MARION.",2,1,0,1,0,2020,"September","Sunday","02:15 pm",60,"Sealed","Dry","Not Raining","Daylight","Right Turn",2,,,1322704.55,1663058.82
"2020-8090-19/09/2025","PAYNEHAM","CC OF NORWOOD,PAYNEHAM & ST PETERS",2,1,0,0,1,2020,"September","Sunday","10:00 am",60,"Sealed","Dry","Not Raining","Daylight","Right Turn",2,,,1332755.8,1674056.72
"2020-8092-19/09/2025","BELAIR","CC MITCHAM.",2,1,0,0,1,2020,"September","Sunday","04:40 pm",60,"Sealed","Dry","Not Raining","Daylight","Right Turn",2,,,1330347.17,1662511.22
"2020-8097-19/09/2025","BUNGAMA","PT.PIRIE CITY & DIST. COUNCIL",2,2,1,1,0,2020,"September","Sunday","08:10 pm",100,"Sealed","Dry","Not Raining","Night","Right Angle",1,,,1286175.29,1863542.7
"2020-8099-19/09/2025","TARATAP","DC KINGSTON.",2,1,0,1,0,2020,"September","Sunday","02:15 pm",100,"Unsealed","Dry","Not Raining","Daylight","Side Swipe",1,,,1442366.38,1482934.44
"2020-8101-19/09/2025","CASTAMBUL","THE ADELAIDE HILLS COUNCIL",3,1,0,0,1,2020,"September","Sunday","08:05 pm",70,"Sealed","Wet","Not Raining","Night","Hit Fixed Object",1,,,1342539.33,1676785
"2020-8102-19/09/2025","CLEVE","DC CLEVE.",2,1,0,0,1,2020,"September","Monday","06:00 am",110,"Sealed","Dry","Not Raining","Night","Roll Over",1,,"Y",1141273.04,1811063.9
"2020-8103-19/09/2025","MONTACUTE","THE ADELAIDE HILLS COUNCIL",2,1,0,1,0,2020,"September","Sunday","12:30 pm",80,"Sealed","Dry","Not Raining","Daylight","Roll Over",1,,,1342428.35,1673844.88
"2020-8106-19/09/2025","MORPHETT VALE","CITY OF ONKAPARINGA",3,1,0,0,1,2020,"September","Monday","08:25 am",80,"Unsealed","Dry","Not Raining","Daylight","Rear End",1,,,1323078.42,1650029.3
"2020-8108-19/09/2025","SEACOMBE GARDENS","CC MARION.",2,2,0,0,2,2020,"September","Monday","08:56 am",50,"Sealed","Dry","Not Raining","Daylight","Right Angle",2,,,1323002.12,1660170.21
"2020-8111-19/09/2025","WELBOURN HILL",,1,2,0,0,2,2020,"September","Monday","05:45 am",110,"Sealed","Dry","Not Raining","Night","Roll Over",1,,,858830.5,2524410.58
"2020-8112-19/09/2025","WEST LAKES","CITY OF CHARLES STURT",2,1,0,0,1,2020,"September","Monday","11:45 am",60,"Sealed","Dry","Not Raining","Daylight","Hit Fixed Object",1,,,1318836.6,1674536.89
"2020-8113-19/09/2025","SHEIDOW PARK","CC MARION.",2,1,0,0,1,2020,"September","Monday","12:50 pm",80,"Sealed","Dry","Not Raining","Daylight","Rear End",1,,,1320449.14,1653991.17
"2020-8121-19/09/2025","LEWISTON","DC MALLALA.",2,1,0,0,1,2020,"September","Monday","03:20 pm",80,"Sealed","Dry","Not Raining","Daylight","Right Angle",2,,,1325663.6,1706591.43
"2020-8126-19/09/2025","MCLAREN FLAT","CITY OF ONKAPARINGA",2,2,0,0,2,2020,"September","Monday","05:00 pm",50,"Sealed","Wet","Raining","Daylight","Right Angle",2,,,1326919.12,1639611.16
"2020-8128-19/09/2025","COONDAMBO",,1,1,0,1,0,2020,"September","Monday","12:30 pm",110,"Sealed","Dry","Not Raining","Daylight","Roll Over",1,,,1071356,2113760.73
"2020-8129-19/09/2025","BOLIVAR","CITY OF SALISBURY",2,1,0,0,1,2020,"September","Monday","06:42 pm",90,"Sealed","Dry","Not Raining","Night","Right Angle",1,,,1328471.89,1688636.97
"2020-8131-19/09/2025","KAPUNDA","LIGHT REGIONAL COUNCIL",1,1,0,0,1,2020,"September","Monday","06:18 pm",100,"Sealed","Dry","Not Raining","Night","Roll Over",1,,,1354368.06,1738579.73
"2020-8138-19/09/2025","PASADENA","CC MITCHAM.",2,1,0,0,1,2020,"September","Tuesday","07:37 am",60,"Sealed","Wet","Not Raining","Daylight","Rear End",1,,,1327605.07,1662641.15
"2020-8140-19/09/2025","SALISBURY","CITY OF SALISBURY",2,2,0,0,2,2020,"September","Tuesday","07:49 am",60,"Sealed","Wet","Raining","Daylight","Rear End",1,,,1332223.53,1687789.87
"2020-8141-19/09/2025","HAZELWOOD PARK","CITY OF BURNSIDE",2,1,0,0,1,2020,"September","Tuesday","08:20 am",60,"Sealed","Wet","Not Raining","Daylight","Right Turn",2,,,1333327.15,1669080.98
"2020-8145-19/09/2025","ADELAIDE","CITY OF ADELAIDE",2,1,0,0,1,2020,"September","Tuesday","08:45 am",50,"Sealed","Dry","Not Raining","Daylight","Roll Over",1,,,1328507.78,1669446.3
"2020-8146-19/09/2025","PARALOWIE","CITY OF SALISBURY",1,1,0,0,1,2020,"September","Tuesday","08:40 am",60,"Sealed","Wet","Raining","Daylight","Roll Over",1,,,1328632.06,1688769.49
"2020-8148-19/09/2025","CRAIGMORE","CITY OF PLAYFORD.",2,1,0,0,1,2020,"September","Tuesday","08:30 am",60,"Sealed","Wet","Raining","Daylight","Rear End",2,,,1340234.08,1696487.13
"2020-8151-19/09/2025","HAPPY VALLEY","CITY OF ONKAPARINGA",2,1,0,0,1,2020,"September","Tuesday","12:47 pm",80,"Sealed","Wet","Raining","Daylight","Right Angle",1,,,1323015.41,1653414.07
"2020-8154-19/09/2025","GILLMAN","CITY OF PORT ADELAIDE ENFIELD",2,1,0,0,1,2020,"September","Tuesday","02:53 pm",90,"Sealed","Dry","Not Raining","Daylight","Hit Fixed Object",1,,,1322170.82,1680814.42
"2020-8158-19/09/2025","LARGS NORTH","CITY OF PORT ADELAIDE ENFIELD",2,1,0,0,1,2020,"September","Tuesday","04:01 pm",60,"Sealed","Dry","Not Raining","Daylight","Right Angle",1,,,1319884.73,1682925.39
"2020-8160-19/09/2025","LEWISTON","DC MALLALA.",2,2,0,0,2,2020,"September","Tuesday","03:45 pm",80,"Sealed","Dry","Not Raining","Daylight","Right Angle",2,,,1327932.39,1705425.86
"2020-8162-19/09/2025","ELIZABETH","CITY OF PLAYFORD.",2,1,0,0,1,2020,"September","Tuesday","04:30 pm",60,"Sealed","Dry","Not Raining","Daylight","Rear End",2,,,1335570.41,1693051.39
"2020-8163-19/09/2025","GLENSIDE","CITY OF BURNSIDE",3,1,0,0,1,2020,"September","Tuesday","03:30 pm",60,"Sealed","Wet","Not Raining","Daylight","Rear End",2,,,1330711.45,1668385.03
"2020-8165-19/09/2025","EASTWOOD","CITY OF UNLEY",3,1,0,0,1,2020,"September","Tuesday","03:55 pm",60,"Sealed","Wet","Raining","Daylight","Hit Parked Vehicle",1,,,1330406.73,1668558.12
"2020-8169-19/09/2025","CUMBERLAND PARK","CC MITCHAM.",2,1,0,0,1,2020,"September","Tuesday","07:50 am",60,"Sealed","Dry","Not Raining","Daylight","Rear End",2,,,1326683.7,1666184.46
"2020-8172-19/09/2025","CRAFERS","THE ADELAIDE HILLS COUNCIL",2,1,0,0,1,2020,"September","Tuesday","08:02 pm",100,"Sealed","Wet","Raining","Night","Side Swipe",1,,,1338275.3,1662229.05
"2020-8177-19/09/2025","GLANDORE","CITY OF UNLEY",2,1,0,0,1,2020,"September","Wednesday","07:11 am",60,"Sealed","Wet","Raining","Daylight","Head On",1,,,1325879.79,1666255.55
"2020-8179-19/09/2025","ADELAIDE","CITY OF ADELAIDE",2,1,0,0,1,2020,"September","Tuesday","08:39 am",50,"Sealed","Dry","Not Raining","Daylight","Rear End",2,,,1329020.91,1670834.63
"2020-8185-19/09/2025","MOUNT BARKER","DC MT.BARKER.",2,1,0,0,1,2020,"September","Tuesday","07:45 pm",50,"Sealed","Dry","Not Raining","Night","Hit Parked Vehicle",2,,,1350508.37,1653736.78
"2020-8187-19/09/2025","MODBURY","CITY OF TEA TREE GULLY",7,1,0,0,1,2020,"September","Wednesday","08:45 am",60,"Sealed","Wet","Raining","Daylight","Rear End",2,,,1336147.28,1680364.06
"2020-8188-19/09/2025","PARA VISTA","CITY OF SALISBURY",4,2,0,0,2,2020,"September","Wednesday","08:50 am",60,"Sealed","Wet","Not Raining","Daylight","Rear End",1,,,1334516.01,1680759.72
"2020-8195-19/09/2025","BELAIR","CC MITCHAM.",2,1,0,0,1,2020,"September","Wednesday","08:00 am",60,"Sealed","Wet","Not Raining","Daylight","Rear End",2,,,1330487.19,1663008.8
"2020-8197-19/09/2025","MAYLANDS","CC OF NORWOOD,PAYNEHAM & ST PETERS",2,1,0,0,1,2020,"September","Wednesday","09:00 am",60,"Sealed","Dry","Not Raining","Daylight","Rear End",2,,,1332237.23,1671801.97
"2020-8199-19/09/2025","LIGHTSVIEW","CITY OF PORT ADELAIDE ENFIELD",2,3,0,0,3,2020,"September","Wednesday","12:15 pm",60,"Sealed","Dry","Not Raining","Daylight","Right Angle",2,,,1330415.54,1677781.45
"2020-8204-19/09/2025","SALISBURY EAST","CITY OF SALISBURY",2,1,0,0,1,2020,"September","Wednesday","01:55 pm",80,"Sealed","Dry","Not Raining","Daylight","Rear End",2,,,1334457.55,1686867.84
"2020-8207-19/09/2025","SALISBURY DOWNS","CITY OF SALISBURY",2,1,0,0,1,2020,"September","Wednesday","03:50 pm",60,"Sealed","Dry","Not Raining","Daylight","Rear End",2,,,1330487.69,1687582.14
"2020-8211-19/09/2025","ELIZABETH NORTH","CITY OF PLAYFORD.",6,2,0,0,2,2020,"September","Wednesday","04:30 pm",80,"Sealed","Dry","Not Raining","Daylight","Side Swipe",2,,,1336913.59,1695423.33
"2020-8213-19/09/2025","UNLEY","CITY OF UNLEY",3,1,0,0,1,2020,"September","Tuesday","08:18 am",60,"Sealed","Wet","Raining","Daylight","Rear End",2,,,1328489.37,1668964.8
"2020-8218-19/09/2025","HOPE VALLEY","CITY OF TEA TREE GULLY",2,1,0,0,1,2020,"September","Wednesday","06:50 pm",50,"Sealed","Wet","Not Raining","Night","Hit Fixed Object",1,,,1338760.46,1679052.5
"2020-8219-19/09/2025","MODBURY NORTH","CITY OF TEA TREE GULLY",2,1,0,0,1,2020,"September","Wednesday","07:55 pm",80,"Sealed","Dry","Not Raining","Night","Right Turn",2,,,1336150.87,1681195.09
"2020-8222-19/09/2025","MIDDLEBACK RANGE",,1,1,0,0,1,2020,"September","Wednesday","03:00 pm",110,"Sealed","Dry","Not Raining","Daylight","Roll Over",1,,,1209516.02,1862839.8
"2020-8233-19/09/2025","ELIZABETH","CITY OF PLAYFORD.",2,1,0,0,1,2020,"September","Thursday","11:25 am",50,"Sealed","Dry","Not Raining","Daylight","Right Turn",1,,,1335277.57,1693292.96
"2020-8235-19/09/2025","CHANDLERS HILL","CITY OF ONKAPARINGA",2,1,0,1,0,2020,"September","Sunday","08:30 am",70,"Sealed","Dry","Not Raining","Daylight","Right Angle",2,,,1330043.68,1651828.2
"2020-8237-19/09/2025","PASADENA","CC MITCHAM.",2,1,0,0,1,2020,"September","Wednesday","05:15 pm",60,"Sealed","Dry","Not Raining","Daylight","Rear End",2,,,1327582.64,1663353.57
"2020-8238-19/09/2025","GLENELG","CITY OF HOLDFAST BAY",2,1,0,0,1,2020,"September","Thursday","01:12 pm",50,"Sealed","Wet","Raining","Daylight","Right Angle",1,,,1320301.15,1665294.06
"2020-8241-19/09/2025","MOUNT GAMBIER","CC MT.GAMBIER.",2,1,0,0,1,2020,"September","Thursday","05:45 am",50,"Sealed","Wet","Not Raining","Night","Hit Pedestrian",2,,,1510126.67,1340744.74
"2020-8250-19/09/2025","KINGSWOOD","CC MITCHAM.",3,1,0,0,1,2020,"September","Thursday","02:00 pm",60,"Sealed","Dry","Not Raining","Daylight","Rear End",1,,,1329136.35,1666242.69
"2020-8253-19/09/2025","WATERLOO CORNER","CITY OF SALISBURY",3,3,0,1,2,2020,"September","Thursday","03:21 pm",90,"Sealed","Wet","Raining","Daylight","Right Turn",1,,"Y",1327624.24,1692113.17
"2020-8254-19/09/2025","HOPE FOREST","ALEXANDRINA COUNCIL",2,1,0,0,1,2020,"September","Thursday","04:15 pm",100,"Sealed","Wet","Raining","Daylight","Hit Fixed Object",1,,,1328564.18,1630115.17
"2020-8260-19/09/2025","MILANG","ALEXANDRINA COUNCIL",2,1,0,1,0,2020,"September","Thursday","04:41 pm",100,"Sealed","Wet","Unknown","Daylight","Hit Fixed Object",1,,"Y",1357826.61,1617711.19
"2020-8262-19/09/2025","NORWOOD","CC OF NORWOOD,PAYNEHAM & ST PETERS",2,2,0,0,2,2020,"September","Thursday","06:15 pm",60,"Sealed","Wet","Not Raining","Night","Right Angle",1,,,1331874.28,1670398.69
"2020-8266-19/09/2025","PORT AUGUSTA WEST","CC PT.AUGUSTA.",2,1,0,0,1,2020,"September","Thursday","06:45 pm",50,"Sealed","Wet","Not Raining","Night","Hit Pedestrian",2,"Y",,1258722.94,1943818.33
"2020-8271-19/09/2025","LOBETHAL","THE ADELAIDE HILLS COUNCIL",2,1,0,0,1,2020,"September","Thursday","09:40 pm",50,"Sealed","Wet","Raining","Night","Hit Fixed Object",1,,,1353314.61,1671608.85
"2020-8275-19/09/2025","HACKHAM","CITY OF ONKAPARINGA",2,1,0,0,1,2020,"September","Friday","08:40 am",25,"Sealed","Dry","Not Raining","Daylight","Side Swipe",2,,,1321616.2,1647138.27
"2020-8279-19/09/2025","VICTOR HARBOR","DC VICTOR HARBOR.",2,1,0,0,1,2020,"September","Thursday","09:45 am",50,"Sealed","Wet","Unknown","Daylight","Right Angle",1,,,1327131.14,1599785
"2020-8287-19/09/2025","PARALOWIE","CITY OF SALISBURY",2,1,0,0,1,2020,"September","Thursday","03:30 pm",60,"Sealed","Wet","Raining","Daylight","Rear End",2,,,1329576.72,1688299.63
"2020-8288-19/09/2025","CROYDON PARK","CITY OF PORT ADELAIDE ENFIELD",2,1,0,0,1,2020,"September","Friday","11:50 am",50,"Sealed","Dry","Not Raining","Daylight","Side Swipe",2,,,1325446.25,1675369.33
"2020-8289-19/09/2025","RAMSAY","YORKE PENINSULA COUNCIL",2,1,0,0,1,2020,"September","Friday","12:25 pm",100,"Sealed","Wet","Raining","Daylight","Hit Fixed Object",1,,,1250919.75,1692323.07
"2020-8293-19/09/2025","KESWICK","CITY OF WEST TORRENS",2,1,0,0,1,2020,"September","Thursday","02:30 pm",60,"Sealed","Wet","Raining","Daylight","Rear End",2,,,1325794.33,1668947.63
"2020-8297-19/09/2025","PARA HILLS","CITY OF SALISBURY",2,1,0,0,1,2020,"September","Friday","02:10 pm",50,"Sealed","Dry","Not Raining","Daylight","Head On",1,,,1334557.14,1682610.87
"2020-8298-19/09/2025","MAWSON LAKES","CITY OF SALISBURY",2,1,0,0,1,2020,"September","Thursday","11:45 am",50,"Sealed","Dry","Not Raining","Daylight","Side Swipe",2,,,1330477.81,1683572.74
"2020-8306-19/09/2025","STIRLING","THE ADELAIDE HILLS COUNCIL",2,1,0,0,1,2020,"September","Friday","03:07 pm",60,"Sealed","Wet","Not Raining","Daylight","Rear End",2,,,1338783.47,1661765.64
"2020-8313-19/09/2025","HALLETT COVE","CC MARION.",2,1,0,1,0,2020,"September","Saturday","12:09 am",50,"Sealed","Wet","Not Raining","Night","Hit Fixed Object",1,"Y",,1320363.97,1655567.73
"2020-8314-19/09/2025","ST AGNES","CITY OF TEA TREE GULLY",2,1,0,0,1,2020,"September","Friday","09:26 pm",60,"Sealed","Wet","Raining","Night","Hit Fixed Object",1,,,1339724.44,1681901.93
"2020-8315-19/09/2025","ADELAIDE","CITY OF ADELAIDE",2,1,0,0,1,2020,"September","Saturday","05:45 am",50,"Sealed","Dry","Not Raining","Night","Hit Pedestrian",2,"Y",,1327860.67,1670728.51
"2020-8317-19/09/2025","GAWLER","CT GAWLER.",2,1,0,0,1,2020,"September","Friday","04:05 pm",50,"Sealed","Dry","Not Raining","Daylight","Right Angle",1,,,1343197.11,1706368.53
"2020-8321-19/09/2025","GLOBE DERBY PARK","CITY OF SALISBURY",2,1,0,0,1,2020,"September","Saturday","09:28 am",80,"Sealed","Wet","Raining","Daylight","Hit Fixed Object",1,,,1328657.52,1684640.32
"2020-8322-19/09/2025","MURRAY BRIDGE","RC MURRAY BRIDGE.",2,1,0,0,1,2020,"September","Saturday","09:03 am",60,"Sealed","Dry","Not Raining","Daylight","Right Turn",1,,,1387586.7,1646248.9
"2020-8326-19/09/2025","GAWLER SOUTH","CT GAWLER.",2,2,0,0,2,2020,"September","Saturday","01:38 pm",60,"Sealed","Dry","Not Raining","Daylight","Rear End",2,,,1342765.34,1704646.58
"2020-8327-19/09/2025","BEDFORD PARK","CC MITCHAM.",2,1,0,0,1,2020,"September","Friday","03:30 pm",50,"Sealed","Wet","Not Raining","Daylight","Hit Pedestrian",1,,,1325725.43,1660631.89
"2020-8329-19/09/2025","MOUNT JAGGED","ALEXANDRINA COUNCIL",2,5,0,0,5,2020,"September","Saturday","12:54 pm",100,"Sealed","Wet","Not Raining","Daylight","Right Angle",1,,,1330458.25,1612589.5
"2020-8330-19/09/2025","GLENELG SOUTH","CITY OF HOLDFAST BAY",2,2,0,0,2,2020,"September","Saturday","02:40 pm",60,"Sealed","Wet","Not Raining","Daylight","Right Angle",1,,,1321040.2,1664020.39
"2020-8332-19/09/2025","ELIZABETH NORTH","CITY OF PLAYFORD.",2,1,0,0,1,2020,"September","Saturday","03:31 pm",60,"Sealed","Dry","Not Raining","Daylight","Right Angle",1,,,1336094.96,1694851.09
"2020-8338-19/09/2025","DAW PARK","CC MITCHAM.",2,1,0,0,1,2020,"September","Saturday","07:55 pm",50,"Sealed","Dry","Not Raining","Night","Right Turn",2,,,1326717.86,1664971.41
"2020-8341-19/09/2025","HAPPY VALLEY","CITY OF ONKAPARINGA",3,1,0,0,1,2020,"September","Saturday","12:48 pm",80,"Sealed","Dry","Not Raining","Daylight","Right Angle",1,,,1325603.37,1656854
"2020-8344-19/09/2025","STIRLING","THE ADELAIDE HILLS COUNCIL",2,1,0,0,1,2020,"September","Sunday","09:48 am",60,"Sealed","Dry","Not Raining","Daylight","Right Angle",1,,,1337535.02,1662266.53
"2020-8350-19/09/2025","GLENELG","CITY OF HOLDFAST BAY",1,1,0,0,1,2020,"September","Sunday","11:00 am",40,"Sealed","Dry","Not Raining","Daylight","Roll Over",1,,,1320444.69,1664883.81
"2020-8353-19/09/2025","LONSDALE","CITY OF ONKAPARINGA",3,4,0,0,4,2020,"September","Saturday","08:50 pm",60,"Sealed","Dry","Not Raining","Night","Hit Fixed Object",1,"Y",,1317290.76,1649752.57
"2020-8354-19/09/2025","YANTANABIE","DC STREAKY BAY.",1,1,0,0,1,2020,"September","Sunday","01:00 pm",110,"Sealed","Dry","Not Raining","Daylight","Roll Over",1,,,966672.57,1943061.58
"2020-8355-19/09/2025","LONG FLAT","RC MURRAY BRIDGE.",2,1,0,0,1,2020,"September","Sunday","11:44 am",110,"Sealed","Dry","Not Raining","Daylight","Hit Animal",2,,,1393023.77,1643884.65
"2020-8358-19/09/2025","LOXTON","LOXTON WAIKERIE DISTRICT COUNCIL",1,2,0,0,2,2020,"September","Sunday","04:40 pm",80,"Sealed","Dry","Not Raining","Daylight","Left Road - Out of Control",1,,,1513225.23,1716164.22
"2020-8364-19/09/2025","MEADOWS","DC MT.BARKER.",2,1,0,0,1,2020,"September","Sunday","11:20 pm",100,"Sealed","Dry","Not Raining","Night","Hit Fixed Object",1,,"Y",1342665.5,1645767.81
"2020-8365-19/09/2025","WILLUNGA HILL","ALEXANDRINA COUNCIL",2,1,0,1,0,2020,"September","Sunday","11:00 am",100,"Sealed","Dry","Not Raining","Daylight","Rear End",2,,,1326105.73,1630251.61
"2020-8368-19/09/2025","NAIRNE","DC MT.BARKER.",2,1,0,0,1,2020,"September","Sunday","12:30 pm",50,"Sealed","Dry","Not Raining","Daylight","Right Turn",1,,,1356658.49,1657395.72
"2020-8369-19/09/2025","PROSPECT","CITY OF PROSPECT",2,1,0,0,1,2020,"September","Sunday","12:05 pm",60,"Sealed","Dry","Not Raining","Daylight","Rear End",2,,,1327227.25,1676403.1
"2020-8371-19/09/2025","SUNNYBRAE","DC OF PETERBOROUGH",2,2,0,0,2,2020,"September","Monday","09:40 am",110,"Sealed","Dry","Not Raining","Daylight","Right Angle",2,,,1352504.78,1889573.32
"2020-8375-19/09/2025","GAWLER","CT GAWLER.",2,1,0,1,0,2020,"September","Monday","01:21 pm",50,"Sealed","Dry","Not Raining","Daylight","Right Angle",2,,,1343362.03,1706273.87
"2020-8378-19/09/2025","WOODVILLE SOUTH","CITY OF CHARLES STURT",2,1,0,0,1,2020,"September","Monday","09:15 am",50,"Sealed","Dry","Not Raining","Daylight","Rear End",1,,,1322385.51,1675355.89
"2020-8380-19/09/2025","FULHAM","CITY OF WEST TORRENS",2,1,0,0,1,2020,"September","Monday","03:13 pm",60,"Sealed","Dry","Not Raining","Daylight","Hit Pedestrian",1,,,1320990.35,1670844.64
"2020-8382-19/09/2025","PROSPECT","CITY OF PROSPECT",2,1,0,0,1,2020,"September","Sunday","08:00 am",60,"Sealed","Dry","Not Raining","Daylight","Right Angle",2,,,1328059.86,1676413.62
"2020-8384-19/09/2025","STEPNEY","CC OF NORWOOD,PAYNEHAM & ST PETERS",3,1,0,1,0,2020,"September","Monday","04:00 pm",60,"Sealed","Dry","Not Raining","Daylight","Right Turn",1,,,1330711.28,1671718.03
"2020-8385-19/09/2025","HACKHAM","CITY OF ONKAPARINGA",2,2,0,0,2,2020,"September","Monday","05:02 pm",60,"Sealed","Dry","Not Raining","Daylight","Rear End",2,,,1321666.97,1646395.45
"2020-8389-19/09/2025","HORSNELL GULLY","THE ADELAIDE HILLS COUNCIL",2,1,0,0,1,2020,"September","Monday","05:09 pm",60,"Sealed","Dry","Not Raining","Daylight","Head On",1,,,1339214.45,1670753.42
"2020-8396-19/09/2025","MORGAN","MID MURRAY DISTRICT COUNCIL",1,1,0,0,1,2020,"September","Sunday","04:00 pm",110,"Sealed","Dry","Not Raining","Daylight","Left Road - Out of Control",1,,"Y",1426545.18,1763515.25
"2020-8397-19/09/2025","TRURO","LIGHT REGIONAL COUNCIL",1,1,0,0,1,2020,"September","Monday","05:55 pm",110,"Sealed","Dry","Not Raining","Daylight","Roll Over",1,,,1374384.83,1725143.76
"2020-8402-19/09/2025","NAILSWORTH","CITY OF PROSPECT",2,1,0,0,1,2020,"September","Tuesday","09:22 am",60,"Sealed","Dry","Not Raining","Daylight","Right Angle",1,,,1328917.57,1674760.92
"2020-8405-19/09/2025","WOODVILLE SOUTH","CITY OF CHARLES STURT",2,1,0,0,1,2020,"September","Thursday","08:30 am",50,"Sealed","Dry","Not Raining","Daylight","Right Angle",2,,,1322419.56,1675411.9
"2020-8413-19/09/2025","MAWSON LAKES","CITY OF SALISBURY",2,2,0,0,2,2020,"September","Tuesday","03:25 pm",70,"Sealed","Wet","Raining","Daylight","Rear End",2,,,1329173.14,1683953.03
"2020-8419-19/09/2025","BERRI","THE BERRI BARMERA COUNCIL",2,1,0,0,1,2020,"September","Tuesday","05:40 pm",50,"Sealed","Dry","Not Raining","Daylight","Right Angle",2,,,1515375.56,1734389.5
"2020-8426-19/09/2025","WALKERVILLE","WALKERVILLE TOWN COUNCIL",1,1,0,1,0,2020,"September","Monday","07:01 pm",60,"Sealed","Dry","Not Raining","Night","Roll Over",1,,"Y",1330050.56,1673648
"2020-8428-19/09/2025","GLENELG SOUTH","CITY OF HOLDFAST BAY",2,1,0,0,1,2020,"September","Friday","04:40 pm",50,"Sealed","Dry","Not Raining","Daylight","Right Angle",2,,,1320398.15,1664002.19
"2020-8430-19/09/2025","GLENSIDE","CITY OF BURNSIDE",2,1,0,0,1,2020,"September","Tuesday","07:34 pm",60,"Unsealed","Wet","Raining","Night","Side Swipe",2,,,1330673.28,1668997.6
"2020-8432-19/09/2025","BOLIVAR","CITY OF SALISBURY",2,1,0,0,1,2020,"September","Tuesday","05:15 pm",110,"Sealed","Wet","Raining","Daylight","Hit Fixed Object",1,,"Y",1327669.73,1686868.08
"2020-8437-19/09/2025","MONTEITH","RC MURRAY BRIDGE.",2,1,0,1,0,2020,"September","Tuesday","11:00 pm",110,"Sealed","Wet","Raining","Night","Hit Fixed Object",1,,"Y",1394110.45,1643498.87
"2020-8440-19/09/2025","MONARTO SOUTH","RC MURRAY BRIDGE.",2,1,0,0,1,2020,"September","Wednesday","06:15 am",100,"Sealed","Dry","Not Raining","Daylight","Roll Over",1,,,1380683.01,1646842.26
"2020-8442-19/09/2025","WHITE HILL","RC MURRAY BRIDGE.",2,1,0,1,0,2020,"September","Wednesday","05:57 am",100,"Sealed","Dry","Not Raining","Daylight","Right Angle",1,,,1384636.25,1644890.55
"2020-8443-19/09/2025","PENFIELD GARDENS","CITY OF PLAYFORD.",2,1,0,0,1,2020,"September","Wednesday","09:15 am",110,"Sealed","Dry","Not Raining","Daylight","Hit Fixed Object",1,,,1330769.55,1697941.95
"2020-8444-19/09/2025","NORTHFIELD","CITY OF PORT ADELAIDE ENFIELD",3,2,0,0,2,2020,"September","Wednesday","09:57 am",60,"Sealed","Dry","Not Raining","Daylight","Right Turn",1,,,1330407.78,1678042.15
"2020-8446-19/09/2025","PARA HILLS","CITY OF SALISBURY",2,1,0,0,1,2020,"September","Wednesday","11:08 am",50,"Sealed","Dry","Not Raining","Daylight","Hit Fixed Object",1,,,1333767.55,1683373.47
"2020-8447-19/09/2025","ALBERTON","CITY OF PORT ADELAIDE ENFIELD",2,1,0,0,1,2020,"September","Tuesday","05:00 pm",60,"Sealed","Wet","Raining","Daylight","Right Angle",2,,,1320866.47,1678132.35
"2020-8453-19/09/2025","ATHELSTONE","CC CAMPBELLTOWN.",2,1,0,0,1,2020,"September","Wednesday","01:50 pm",60,"Sealed","Dry","Not Raining","Daylight","Right Turn",2,,,1337527.43,1676071.34
"2020-8457-19/09/2025","DRY CREEK","CITY OF PORT ADELAIDE ENFIELD",2,1,0,1,0,2020,"September","Wednesday","03:40 pm",60,"Sealed","Dry","Not Raining","Daylight","Right Angle",2,,,1327885.55,1680719.11
"2020-8459-19/09/2025","ADELAIDE","CITY OF ADELAIDE",2,1,0,0,1,2020,"September","Wednesday","03:55 pm",50,"Sealed","Wet","Raining","Daylight","Hit Fixed Object",1,,"Y",1328552.57,1670359.47
"2020-8460-19/09/2025","PORT ADELAIDE","CITY OF PORT ADELAIDE ENFIELD",2,1,0,0,1,2020,"September","Wednesday","03:55 pm",50,"Sealed","Wet","Raining","Daylight","Side Swipe",2,,,1320195.89,1679883.22