"REPORT_ID","Suburb","LGA Name","Total Units","Total Cas","Total Fats","Total SI","Total MI","Year","Month","Day","Time","Area Speed","Road Surface","Moisture Cond","Weather Cond","DayNight","Crash Type","Unit Resp","DUI Involved","Drugs Involved","ACCLOC_X","ACCLOC_Y"
"2020-8469-19/09/2025","SEAFORD RISE","CITY OF ONKAPARINGA",2,1,0,0,1,2020,"September","Wednesday","05:53 pm",70,"Sealed","Dry","Not Raining","Daylight","Right Angle",2,,,1316420.5,1640461.94
"2020-8470-19/09/2025","ADELAIDE","CITY OF ADELAIDE",3,1,0,0,1,2020,"September","Wednesday","05:15 pm",60,"Sealed","Wet","Raining","Daylight","Rear End",2,,,1327369.06,1670949.09
"2020-8471-19/09/2025","THEBARTON","CITY OF WEST TORRENS",2,1,0,0,1,2020,"September","Wednesday","05:40 pm",60,"Sealed","Wet","Raining","Daylight","Right Angle",2,,,1326583.86,1671377.49
"2020-8477-19/09/2025","HILLCREST","CITY OF PORT ADELAIDE ENFIELD",2,1,0,0,1,2020,"September","Wednesday","05:07 pm",50,"Sealed","Wet","Raining","Daylight","Right Angle",1,,,1332080.67,1676989.91
"2020-8478-19/09/2025","REDWOOD PARK","CITY OF TEA TREE GULLY",2,1,0,0,1,2020,"September","Wednesday","08:55 pm",60,"Sealed","Wet","Not Raining","Night","Hit Fixed Object",1,,,1338980.43,1682734.83
"2020-8480-19/09/2025","SEATON","CITY OF CHARLES STURT",2,1,0,0,1,2020,"October","Thursday","06:50 am",60,"Sealed","Dry","Not Raining","Daylight","Right Angle",2,,,1320713.46,1676070.15
"2020-8483-19/09/2025","CHELTENHAM","CITY OF CHARLES STURT",3,3,0,0,3,2020,"October","Thursday","09:50 am",60,"Sealed","Dry","Not Raining","Daylight","Right Angle",2,,,1322282.82,1677760.1
"2020-8484-19/09/2025","BURTON","CITY OF SALISBURY",2,1,0,0,1,2020,"September","Wednesday","07:35 pm",60,"Sealed","Wet","Raining","Night","Right Angle",1,,,1330151.76,1690822.54
"2020-8485-19/09/2025","LONSDALE","CITY OF ONKAPARINGA",2,1,0,0,1,2020,"October","Thursday","08:35 am",50,"Sealed","Dry","Not Raining","Daylight","Hit Fixed Object",1,,,1317995.92,1650084.06
"2020-8486-19/09/2025","PROSPECT","CITY OF PROSPECT",2,1,0,0,1,2020,"October","Thursday","11:25 am",60,"Sealed","Dry","Not Raining","Daylight","Right Angle",1,,,1327257.89,1675579.74
"2020-8489-19/09/2025","SURREY DOWNS","CITY OF TEA TREE GULLY",2,2,0,0,2,2020,"October","Thursday","12:00 pm",60,"Sealed","Dry","Not Raining","Daylight","Side Swipe",2,,,1339676.17,1683865.6
"2020-8490-19/09/2025","KIDMAN PARK","CITY OF CHARLES STURT",1,1,0,1,0,2020,"October","Thursday","12:30 pm",60,"Sealed","Dry","Not Raining","Daylight","Roll Over",9,,,1322307.24,1673121.93
"2020-8492-19/09/2025","HOLDEN HILL","CITY OF PORT ADELAIDE ENFIELD",2,1,0,0,1,2020,"October","Thursday","01:15 pm",60,"Sealed","Dry","Not Raining","Daylight","Rear End",2,,,1333825.9,1678094.42
"2020-8493-19/09/2025","MARRABEL","CLARE AND GILBERT VALLEYS DISTRICT COUNCIL",1,1,0,0,1,2020,"October","Thursday","01:00 pm",80,"Sealed","Dry","Not Raining","Daylight","Left Road - Out of Control",1,,,1356926.67,1755863.33
"2020-8495-19/09/2025","IRONBANK","THE ADELAIDE HILLS COUNCIL",2,1,0,0,1,2020,"October","Thursday","12:57 pm",80,"Sealed","Dry","Not Raining","Daylight","Hit Fixed Object",1,,,1337435.5,1657098.18
"2020-8496-19/09/2025","KENT TOWN","CC OF NORWOOD,PAYNEHAM & ST PETERS",2,1,0,0,1,2020,"October","Thursday","12:00 pm",60,"Sealed","Dry","Not Raining","Daylight","Rear End",2,,,1330239.67,1670687.13
"2020-8497-19/09/2025","ST MORRIS","CC OF NORWOOD,PAYNEHAM & ST PETERS",2,1,0,1,0,2020,"October","Thursday","04:55 pm",50,"Sealed","Dry","Not Raining","Daylight","Rear End",2,,,1333232.03,1672244.19
"2020-8498-19/09/2025","TRINITY GARDENS","CC OF NORWOOD,PAYNEHAM & ST PETERS",2,1,0,0,1,2020,"October","Thursday","04:50 pm",60,"Sealed","Dry","Not Raining","Daylight","Hit Pedestrian",2,,,1332573.31,1671771.21
"2020-8500-19/09/2025","ALBERT PARK","CITY OF CHARLES STURT",2,1,0,0,1,2020,"October","Thursday","04:26 pm",60,"Sealed","Dry","Not Raining","Daylight","Side Swipe",2,,,1321444.17,1675569.1
"2020-8502-19/09/2025","GILBERTON","WALKERVILLE TOWN COUNCIL",2,1,0,0,1,2020,"October","Thursday","06:05 pm",60,"Sealed","Dry","Not Raining","Daylight","Hit Fixed Object",1,,,1330123.2,1673554.54
"2020-8503-19/09/2025","MAGILL","CC CAMPBELLTOWN.",2,1,0,0,1,2020,"October","Thursday","05:30 pm",60,"Sealed","Dry","Not Raining","Daylight","Right Angle",2,,,1335465.32,1672528.65
"2020-8506-19/09/2025","PARKSIDE","CITY OF UNLEY",2,1,0,0,1,2020,"October","Thursday","08:13 pm",60,"Sealed","Dry","Not Raining","Night","Right Turn",2,,,1329842.03,1669002.14
"2020-8507-19/09/2025","TROTT PARK","CC MARION.",3,2,0,0,2,2020,"October","Thursday","07:19 pm",80,"Sealed","Dry","Not Raining","Night","Rear End",1,"Y",,1322095.93,1656549.56
"2020-8508-19/09/2025","MOUNT GAMBIER","CC MT.GAMBIER.",2,1,0,0,1,2020,"October","Thursday","08:36 pm",40,"Sealed","Dry","Not Raining","Night","Roll Over",1,,,1509512.48,1338965.74
"2020-8509-19/09/2025","SALISBURY HEIGHTS","CITY OF SALISBURY",2,1,0,1,0,2020,"October","Thursday","08:50 pm",60,"Sealed","Dry","Not Raining","Night","Right Turn",2,,,1335850.62,1687913.91
"2020-8510-19/09/2025","HENLEY BEACH","CITY OF CHARLES STURT",2,1,0,0,1,2020,"October","Friday","02:15 pm",40,"Sealed","Dry","Not Raining","Daylight","Side Swipe",1,,,1318892.34,1671269.13
"2020-8512-19/09/2025","MARION","CC MARION.",3,1,0,0,1,2020,"October","Friday","08:30 am",60,"Sealed","Dry","Not Raining","Daylight","Right Turn",1,,,1324366.05,1661874.49
"2020-8516-19/09/2025","SALISBURY PLAIN","CITY OF SALISBURY",2,1,0,0,1,2020,"October","Friday","10:42 am",50,"Sealed","Dry","Not Raining","Daylight","Hit Fixed Object",1,,,1333884.35,1688018.54
"2020-8518-19/09/2025","WINGFIELD","CITY OF PORT ADELAIDE ENFIELD",2,1,0,0,1,2020,"October","Friday","11:08 am",60,"Sealed","Dry","Not Raining","Daylight","Side Swipe",1,,,1325127.17,1679192.45
"2020-8519-19/09/2025","ADELAIDE","CITY OF ADELAIDE",2,1,0,0,1,2020,"October","Friday","09:25 am",50,"Sealed","Dry","Not Raining","Daylight","Rear End",2,,,1327600.04,1670331.95
"2020-8523-19/09/2025","TORRENSVILLE","CITY OF WEST TORRENS",3,1,0,0,1,2020,"October","Friday","02:49 pm",50,"Sealed","Dry","Not Raining","Daylight","Side Swipe",1,,,1325005.2,1672037.11
"2020-8525-19/09/2025","BALHANNAH","THE ADELAIDE HILLS COUNCIL",2,1,0,0,1,2020,"October","Friday","01:46 pm",80,"Sealed","Dry","Not Raining","Daylight","Hit Fixed Object",1,,"Y",1347119.89,1665773.61
"2020-8526-19/09/2025","NORWOOD","CC OF NORWOOD,PAYNEHAM & ST PETERS",2,1,0,0,1,2020,"October","Friday","03:25 pm",60,"Sealed","Dry","Not Raining","Daylight","Hit Parked Vehicle",1,,,1330990.1,1670372.01
"2020-8527-19/09/2025","VALLEY VIEW","CITY OF PORT ADELAIDE ENFIELD",2,3,0,0,3,2020,"October","Friday","03:40 pm",60,"Sealed","Dry","Not Raining","Daylight","Right Turn",2,,,1334550.17,1679386.94
"2020-8528-19/09/2025","KINGSCOTE","KANGAROO ISLAND COUNCIL",2,1,0,0,1,2020,"October","Friday","03:25 pm",60,"Sealed","Dry","Not Raining","Daylight","Right Angle",1,,,1238768.96,1592573.99
"2020-8531-19/09/2025","FELIXSTOW","CC OF NORWOOD,PAYNEHAM & ST PETERS",2,1,0,0,1,2020,"October","Friday","05:18 pm",60,"Sealed","Dry","Not Raining","Daylight","Right Turn",1,,,1333825.04,1674598.89
"2020-8532-19/09/2025","SALISBURY DOWNS","CITY OF SALISBURY",2,1,0,0,1,2020,"October","Friday","05:20 pm",60,"Sealed","Dry","Not Raining","Daylight","Rear End",2,,,1331710.62,1687161.65
"2020-8533-19/09/2025","SALISBURY EAST","CITY OF SALISBURY",2,1,0,0,1,2020,"October","Friday","05:45 pm",60,"Sealed","Dry","Not Raining","Daylight","Rear End",2,,"Y",1333806.01,1684961.23
"2020-8534-19/09/2025","MENINGIE","COORONG DISTRICT COUNCIL",4,2,0,0,2,2020,"October","Friday","04:15 pm",50,"Sealed","Dry","Not Raining","Daylight","Right Angle",2,,"Y",1392469.63,1583855.64
"2020-8536-19/09/2025","WEST HINDMARSH","CITY OF CHARLES STURT",2,1,0,0,1,2020,"October","Friday","06:55 pm",60,"Sealed","Dry","Not Raining","Night","Right Angle",2,,"Y",1324994.32,1673190.34
"2020-8540-19/09/2025","SOMERTON PARK","CITY OF HOLDFAST BAY",2,1,0,0,1,2020,"October","Saturday","12:30 am",60,"Sealed","Dry","Not Raining","Night","Rear End",2,,,1321070.79,1663002.72
"2020-8543-19/09/2025","GEPPS CROSS","CITY OF PORT ADELAIDE ENFIELD",2,1,0,0,1,2020,"October","Saturday","10:15 am",60,"Sealed","Dry","Not Raining","Daylight","Rear End",1,,,1329818.9,1679306.28
"2020-8548-19/09/2025","ST GEORGES","CITY OF BURNSIDE",3,2,0,0,2,2020,"October","Saturday","11:45 am",60,"Sealed","Dry","Not Raining","Daylight","Rear End",1,,,1332371.04,1667270.98
"2020-8552-19/09/2025","SALISBURY","CITY OF SALISBURY",2,1,0,0,1,2020,"October","Saturday","12:50 pm",60,"Sealed","Dry","Not Raining","Daylight","Side Swipe",2,,,1333126.64,1688469.42
"2020-8555-19/09/2025","UNDERDALE","CITY OF WEST TORRENS",2,1,0,0,1,2020,"October","Saturday","02:38 pm",50,"Sealed","Dry","Not Raining","Daylight","Hit Fixed Object",1,"Y","Y",1324102.12,1672010.81
"2020-8559-19/09/2025","BIRDWOOD","THE ADELAIDE HILLS COUNCIL",2,1,0,0,1,2020,"October","Saturday","03:30 pm",80,"Sealed","Dry","Not Raining","Daylight","Roll Over",1,,,1362166.72,1681894.93
"2020-8564-19/09/2025","FULHAM","CITY OF WEST TORRENS",2,2,0,0,2,2020,"October","Saturday","06:45 pm",60,"Sealed","Dry","Not Raining","Night","Right Angle",2,,,1320061.03,1670821.58
"2020-8566-19/09/2025","MITCHAM","CC MITCHAM.",3,1,0,0,1,2020,"October","Saturday","07:05 pm",60,"Sealed","Dry","Not Raining","Night","Roll Over",1,"Y",,1330368.35,1664598.01
"2020-8570-19/09/2025","PARKSIDE","CITY OF UNLEY",2,1,0,0,1,2020,"October","Sunday","11:00 am",60,"Sealed","Dry","Not Raining","Daylight","Rear End",1,,,1329057.07,1668963.89
"2020-8573-19/09/2025","HAMILTON","LIGHT REGIONAL COUNCIL",2,2,0,0,2,2020,"October","Sunday","10:55 am",100,"Unsealed","Dry","Not Raining","Daylight","Hit Fixed Object",1,,,1362599.56,1744550.29
"2020-8591-19/09/2025","INGLE FARM","CITY OF SALISBURY",3,1,0,0,1,2020,"October","Sunday","10:45 pm",50,"Sealed","Wet","Raining","Night","Hit Parked Vehicle",1,,,1332062.68,1680616.22
"2020-8593-19/09/2025","WALLAROO","COPPER COAST DISTRICT COUNCIL",1,1,0,0,1,2020,"October","Sunday","08:30 pm",80,"Sealed","Wet","Raining","Night","Roll Over",1,"Y",,1244286.87,1785089
"2020-8594-19/09/2025","NAIDIA","LOXTON WAIKERIE DISTRICT COUNCIL",1,1,0,1,0,2020,"October","Sunday","12:15 pm",100,"Unsealed","Dry","Not Raining","Daylight","Roll Over",1,,,1436087.39,1709863.71
"2020-8596-19/09/2025","THORNGATE","CITY OF PROSPECT",2,1,0,0,1,2020,"October","Monday","04:29 am",60,"Sealed","Wet","Not Raining","Night","Right Turn",2,,,1328116.31,1673675.73
"2020-8597-19/09/2025","REGENCY PARK","CITY OF PORT ADELAIDE ENFIELD",3,1,0,0,1,2020,"October","Monday","09:35 am",60,"Sealed","Dry","Not Raining","Daylight","Right Angle",1,,,1326067.84,1676371.99
"2020-8598-19/09/2025","WALKER FLAT","MID MURRAY DISTRICT COUNCIL",2,1,0,1,0,2020,"October","Monday","10:00 am",100,"Sealed","Dry","Not Raining","Daylight","Roll Over",1,,,1417421.91,1684874.43
"2020-8604-19/09/2025","ROSSLYN PARK","CITY OF BURNSIDE",2,2,0,0,2,2020,"October","Monday","12:30 pm",50,"Sealed","Dry","Not Raining","Daylight","Right Angle",2,,,1335365.07,1670870.58
"2020-8605-19/09/2025","YOUNGHUSBAND","MID MURRAY DISTRICT COUNCIL",2,1,0,0,1,2020,"October","Sunday","07:00 pm",100,"Unsealed","Dry","Not Raining","Daylight","Hit Animal",2,,,1405534.49,1672421.65
"2020-8608-19/09/2025","MOORAK","DISTRICT COUNCIL OF GRANT",3,1,0,0,1,2020,"October","Monday","03:10 pm",100,"Sealed","Dry","Not Raining","Daylight","Hit Fixed Object",1,,,1507637.27,1334858.25
"2020-8610-19/09/2025","BELAIR","CC MITCHAM.",2,1,0,1,0,2020,"October","Monday","04:55 pm",60,"Sealed","Wet","Not Raining","Daylight","Head On",2,,,1330775.89,1663102.94
"2020-8613-19/09/2025","MORPHETT VALE","CITY OF ONKAPARINGA",2,1,0,0,1,2020,"October","Monday","07:32 pm",60,"Sealed","Dry","Not Raining","Night","Rear End",2,,,1321299.62,1651034.36
"2020-8616-19/09/2025","PETWOOD","DC MT.BARKER.",2,1,1,0,0,2020,"October","Monday","05:08 pm",80,"Unsealed","Dry","Not Raining","Daylight","Hit Fixed Object",1,,,1360634.65,1652147.13
"2020-8621-19/09/2025","MEADOWS","DC MT.BARKER.",2,1,0,0,1,2020,"October","Tuesday","04:07 am",100,"Sealed","Dry","Not Raining","Night","Hit Fixed Object",1,,,1339384.13,1640864.05
"2020-8622-19/09/2025","CUDLEE CREEK","THE ADELAIDE HILLS COUNCIL",3,1,0,0,1,2020,"October","Tuesday","06:30 am",80,"Sealed","Dry","Not Raining","Night","Rear End",1,,,1351741.05,1676928.35
"2020-8623-19/09/2025","WILLASTON","CT GAWLER.",2,1,0,0,1,2020,"October","Tuesday","09:45 am",110,"Sealed","Dry","Not Raining","Daylight","Hit Fixed Object",1,,,1341805.86,1707827.23
"2020-8625-19/09/2025","NORTH ADELAIDE","CITY OF ADELAIDE",2,1,0,0,1,2020,"October","Tuesday","09:00 am",50,"Sealed","Dry","Not Raining","Daylight","Right Angle",1,,,1328450.62,1672245.93
"2020-8628-19/09/2025","ANGAS PLAINS","ALEXANDRINA COUNCIL",2,2,0,0,2,2020,"October","Tuesday","10:45 am",100,"Sealed","Dry","Not Raining","Daylight","Right Angle",2,,"Y",1361740.33,1624070.03
"2020-8629-19/09/2025","CHRISTIES BEACH","CITY OF ONKAPARINGA",3,2,0,0,2,2020,"October","Tuesday","12:30 pm",50,"Sealed","Dry","Not Raining","Daylight","Rear End",1,,,1316988.94,1648332.66
"2020-8630-19/09/2025","THEBARTON","CITY OF WEST TORRENS",2,1,0,0,1,2020,"October","Friday","02:20 pm",50,"Sealed","Dry","Not Raining","Daylight","Hit Pedestrian",2,,,1326089.6,1672427.71
"2020-8632-19/09/2025","ENCOUNTER BAY","DC VICTOR HARBOR.",2,1,0,0,1,2020,"October","Tuesday","04:45 am",50,"Sealed","Dry","Not Raining","Night","Hit Fixed Object",1,,,1325864.38,1598364.87
"2020-8634-19/09/2025","WELBOURN HILL",,1,2,1,1,0,2020,"October","Tuesday","07:15 am",110,"Sealed","Unknown","Unknown","Daylight","Roll Over",1,"Y","Y",853835.61,2535576.97
"2020-8637-19/09/2025","ELIZABETH VALE","CITY OF PLAYFORD.",2,1,0,0,1,2020,"October","Tuesday","03:23 pm",60,"Sealed","Dry","Not Raining","Daylight","Right Turn",1,,,1335254.54,1690056.88
"2020-8639-19/09/2025","GOOLWA","ALEXANDRINA COUNCIL",2,1,0,1,0,2020,"October","Monday","02:45 pm",50,"Sealed","Dry","Not Raining","Daylight","Hit Pedestrian",1,,,1342932.63,1606293.77
"2020-8643-19/09/2025","MAGILL","CC CAMPBELLTOWN.",2,1,0,0,1,2020,"October","Tuesday","04:10 pm",60,"Sealed","Dry","Not Raining","Daylight","Hit Fixed Object",1,,,1335308.64,1671844.34
"2020-8644-19/09/2025","NARACOORTE","DC NARACOORTE & LUCINDALE.",2,1,0,0,1,2020,"October","Tuesday","04:25 pm",50,"Sealed","Dry","Not Raining","Daylight","Right Turn",1,,,1511998.92,1437323.98
"2020-8645-19/09/2025","MODBURY NORTH","CITY OF TEA TREE GULLY",2,1,0,0,1,2020,"October","Tuesday","04:50 pm",80,"Sealed","Dry","Not Raining","Daylight","Right Turn",2,,,1336150.87,1681195.09
"2020-8660-19/09/2025","DUDLEY EAST","KANGAROO ISLAND COUNCIL",2,1,0,1,0,2020,"October","Tuesday","07:00 pm",80,"Unsealed","Unknown","Unknown","Daylight","Hit Fixed Object",1,,,1273219.58,1572522.22
"2020-8662-19/09/2025","PENFIELD GARDENS","CITY OF PLAYFORD.",2,2,0,0,2,2020,"October","Saturday","08:30 am",80,"Sealed","Dry","Not Raining","Daylight","Rear End",2,,,1331551.01,1701744.86
"2020-8663-19/09/2025","KAPUNDA","LIGHT REGIONAL COUNCIL",2,1,0,1,0,2020,"October","Wednesday","11:15 am",60,"Sealed","Wet","Raining","Daylight","Right Angle",2,,,1359244.23,1733890.27
"2020-8674-19/09/2025","ADELAIDE","CITY OF ADELAIDE",2,1,0,0,1,2020,"October","Wednesday","01:30 pm",50,"Sealed","Wet","Raining","Daylight","Right Angle",1,,,1327947.46,1669708.15
"2020-8677-19/09/2025","TORRENSVILLE","CITY OF WEST TORRENS",2,1,0,0,1,2020,"October","Wednesday","03:41 pm",60,"Sealed","Wet","Raining","Daylight","Rear End",2,,,1325400.85,1672092.11
"2020-8679-19/09/2025","BRIDGEWATER","THE ADELAIDE HILLS COUNCIL",2,1,0,1,0,2020,"October","Wednesday","04:05 pm",80,"Sealed","Wet","Raining","Daylight","Hit Fixed Object",1,,,1342737.03,1659020.44
"2020-8680-19/09/2025","GOODWOOD","CITY OF UNLEY",4,2,0,0,2,2020,"October","Tuesday","08:40 pm",50,"Sealed","Dry","Not Raining","Night","Head On",1,,,1327398.22,1667624.33
"2020-8683-19/09/2025","PARUNA","LOXTON WAIKERIE DISTRICT COUNCIL",1,1,0,0,1,2020,"October","Wednesday","12:30 pm",100,"Unsealed","Wet","Raining","Daylight","Roll Over",1,,,1524052.64,1689088.94
"2020-8686-19/09/2025","STEPNEY","CC OF NORWOOD,PAYNEHAM & ST PETERS",2,2,0,0,2,2020,"October","Tuesday","01:53 pm",60,"Sealed","Dry","Not Raining","Daylight","Rear End",1,,,1331573.6,1671744.3
"2020-8690-19/09/2025","MAGILL","CC CAMPBELLTOWN.",3,1,0,0,1,2020,"October","Wednesday","03:55 pm",50,"Sealed","Dry","Not Raining","Daylight","Hit Fixed Object",1,,,1335493.77,1672874.94
"2020-8698-19/09/2025","COLLINSWOOD","CITY OF PROSPECT",2,1,0,0,1,2020,"October","Wednesday","10:10 pm",50,"Sealed","Wet","Raining","Night","Right Angle",2,,,1329605.18,1674829.73
"2020-8702-19/09/2025","WHYALLA BARSON","CC WHYALLA.",2,1,0,0,1,2020,"October","Thursday","06:30 am",110,"Sealed","Dry","Not Raining","Night","Hit Animal",2,,,1244379.79,1895415.8
"2020-8706-19/09/2025","WALKERVILLE","WALKERVILLE TOWN COUNCIL",2,1,0,0,1,2020,"October","Thursday","08:35 am",50,"Sealed","Wet","Not Raining","Daylight","Hit Pedestrian",1,,,1329936.35,1673777.08
"2020-8708-19/09/2025","NEWTON","CC CAMPBELLTOWN.",3,2,0,0,2,2020,"October","Thursday","09:44 am",60,"Sealed","Wet","Raining","Daylight","Side Swipe",1,,,1335409.35,1674554.22
"2020-8709-19/09/2025","TRANMERE","CC CAMPBELLTOWN.",2,1,0,0,1,2020,"October","Thursday","07:05 am",60,"Sealed","Wet","Raining","Daylight","Right Angle",2,,,1333815.22,1673627.37
"2020-8710-19/09/2025","WILLUNGA SOUTH","CITY OF ONKAPARINGA",2,1,0,1,0,2020,"October","Thursday","12:15 am",80,"Unsealed","Wet","Raining","Night","Hit Fixed Object",1,"Y",,1324269.73,1629338.18
"2020-8715-19/09/2025","NEWTON","CC CAMPBELLTOWN.",2,1,0,0,1,2020,"October","Wednesday","12:45 pm",60,"Sealed","Wet","Raining","Daylight","Rear End",2,,,1335406.33,1674690.91
"2020-8716-19/09/2025","BERRI","THE BERRI BARMERA COUNCIL",2,1,0,0,1,2020,"October","Thursday","12:45 pm",60,"Sealed","Dry","Not Raining","Daylight","Right Turn",1,,,1513882.36,1734081.51
"2020-8720-19/09/2025","ADELAIDE","CITY OF ADELAIDE",3,1,0,0,1,2020,"October","Thursday","01:40 pm",60,"Sealed","Dry","Not Raining","Daylight","Side Swipe",2,,,1327350.53,1670803.1
"2020-8721-19/09/2025","STEPNEY","CC OF NORWOOD,PAYNEHAM & ST PETERS",2,1,0,0,1,2020,"October","Thursday","12:15 pm",60,"Sealed","Dry","Not Raining","Daylight","Rear End",2,,,1331229.08,1672552.27
"2020-8723-19/09/2025","BOCONNOC PARK","CLARE AND GILBERT VALLEYS DISTRICT COUNCIL",2,1,0,0,1,2020,"October","Thursday","03:30 pm",100,"Sealed","Dry","Not Raining","Daylight","Hit Fixed Object",1,,,1328747.98,1790927.25
"2020-8735-19/09/2025","MALVERN","CITY OF UNLEY",2,1,0,0,1,2020,"October","Thursday","08:30 pm",50,"Sealed","Dry","Not Raining","Night","Hit Fixed Object",1,,,1329508.55,1667279.49
"2020-8736-19/09/2025","ALLENDALE NORTH","LIGHT REGIONAL COUNCIL",2,1,0,0,1,2020,"October","Thursday","08:50 pm",100,"Sealed","Dry","Not Raining","Night","Hit Fixed Object",1,,,1356939.64,1742737.85
"2020-8737-19/09/2025","MILLICENT","WATTLE RANGE COUNCIL",2,1,0,0,1,2020,"October","Thursday","10:20 pm",60,"Sealed","Wet","Raining","Night","Right Angle",1,,,1472695.53,1368784.47
"2020-8739-19/09/2025","ONKAPARINGA HILLS","CITY OF ONKAPARINGA",2,4,0,1,3,2020,"October","Friday","12:30 am",50,"Sealed","Dry","Not Raining","Night","Roll Over",1,,,1325408.3,1650597.38
"2020-8745-19/09/2025","INGLE FARM","CITY OF SALISBURY",2,1,0,1,0,2020,"October","Friday","11:48 am",60,"Sealed","Dry","Not Raining","Daylight","Hit Parked Vehicle",1,,"Y",1331533.72,1681043.62
"2020-8746-19/09/2025","SALISBURY HEIGHTS","CITY OF SALISBURY",2,1,0,0,1,2020,"October","Friday","12:10 pm",60,"Sealed","Dry","Not Raining","Daylight","Right Angle",2,,,1336249.19,1687691.05
"2020-8747-19/09/2025","SEAFORD MEADOWS","CITY OF ONKAPARINGA",2,1,0,0,1,2020,"October","Friday","10:50 am",60,"Sealed","Dry","Not Raining","Daylight","Rear End",2,,,1317908.33,1642798.91
"2020-8749-19/09/2025","OAKLANDS PARK","CC MARION.",4,1,0,1,0,2020,"October","Friday","12:45 pm",60,"Sealed","Dry","Not Raining","Daylight","Side Swipe",1,,,1323166.81,1661054.13
"2020-8752-19/09/2025","GLOBE DERBY PARK","CITY OF SALISBURY",2,1,0,0,1,2020,"October","Wednesday","05:00 pm",80,"Sealed","Wet","Raining","Daylight","Rear End",2,,,1328695.88,1685378.3
"2020-8754-19/09/2025","DULWICH","CITY OF BURNSIDE",2,1,0,0,1,2020,"September","Monday","08:30 am",50,"Sealed","Dry","Not Raining","Daylight","Right Angle",2,,,1330685.83,1669106.58
"2020-8755-19/09/2025","ADELAIDE","CITY OF WEST TORRENS",2,1,0,0,1,2020,"October","Friday","03:05 pm",60,"Sealed","Dry","Not Raining","Daylight","Rear End",2,,,1326525.71,1672167.8
"2020-8757-19/09/2025","MOUNT BARKER","DC MT.BARKER.",2,1,0,0,1,2020,"October","Friday","03:00 pm",50,"Sealed","Dry","Not Raining","Daylight","Right Angle",2,,,1351983.8,1653394.68
"2020-8764-19/09/2025","SUMMERTOWN","THE ADELAIDE HILLS COUNCIL",3,1,0,0,1,2020,"October","Friday","04:38 pm",50,"Sealed","Dry","Not Raining","Daylight","Rear End",1,,,1340606.89,1666510.46
"2020-8767-19/09/2025","NORTH PLYMPTON","CITY OF WEST TORRENS",2,1,0,0,1,2020,"October","Friday","07:02 pm",50,"Sealed","Dry","Not Raining","Daylight","Hit Fixed Object",1,,,1325015.56,1668243.76
"2020-8768-19/09/2025","LEABROOK","CITY OF BURNSIDE",3,2,0,0,2,2020,"October","Friday","04:48 pm",60,"Sealed","Dry","Not Raining","Daylight","Right Turn",1,,,1333899.19,1670462.72
"2020-8771-19/09/2025","SEATON","CITY OF CHARLES STURT",2,1,0,0,1,2020,"October","Friday","07:10 pm",60,"Sealed","Dry","Not Raining","Daylight","Rear End",2,,,1320702.94,1676060.67
"2020-8772-19/09/2025","NOARLUNGA DOWNS","CITY OF ONKAPARINGA",3,1,0,0,1,2020,"October","Friday","05:40 pm",100,"Sealed","Dry","Not Raining","Daylight","Rear End",2,,,1319096.39,1646399.3
"2020-8776-19/09/2025","SALISBURY PLAIN","CITY OF SALISBURY",2,2,0,0,2,2020,"October","Saturday","01:47 am",60,"Sealed","Dry","Not Raining","Night","Hit Fixed Object",1,"Y",,1335242.98,1688279.15
"2020-8777-19/09/2025","ECHUNGA","DC MT.BARKER.",2,1,0,1,0,2020,"October","Saturday","01:00 am",80,"Sealed","Dry","Not Raining","Night","Hit Fixed Object",1,,"Y",1347384.25,1650753.94
"2020-8778-19/09/2025","PENOLA","WATTLE RANGE COUNCIL",2,1,0,1,0,2020,"October","Friday","11:09 pm",50,"Sealed","Dry","Not Raining","Night","Hit Fixed Object",1,"Y","Y",1517922.08,1390995.69
"2020-8782-19/09/2025","OLD NOARLUNGA","CITY OF ONKAPARINGA",2,1,0,0,1,2020,"October","Tuesday","06:20 am",60,"Sealed","Dry","Not Raining","Night","Right Turn",2,,,1317781.72,1642316.44
"2020-8784-19/09/2025","URRBRAE","CC MITCHAM.",2,1,0,0,1,2020,"October","Saturday","12:15 pm",60,"Sealed","Dry","Not Raining","Daylight","Rear End",2,,,1330765.11,1666293.95
"2020-8788-19/09/2025","HOPE VALLEY","CITY OF TEA TREE GULLY",2,1,0,0,1,2020,"October","Saturday","12:30 pm",60,"Sealed","Dry","Not Raining","Daylight","Right Angle",1,,,1337697.97,1679221.1
"2020-8789-19/09/2025","SEAFORD","CITY OF ONKAPARINGA",3,1,0,0,1,2020,"October","Friday","05:00 pm",60,"Sealed","Dry","Not Raining","Daylight","Rear End",2,,,1317538.58,1641757.66
"2020-8790-19/09/2025","PARA HILLS","CITY OF SALISBURY",2,2,0,0,2,2020,"October","Saturday","02:40 pm",60,"Sealed","Dry","Not Raining","Daylight","Right Angle",1,,,1333968.94,1684359.8
"2020-8792-19/09/2025","ADELAIDE","CITY OF ADELAIDE",2,1,0,0,1,2020,"October","Saturday","04:45 pm",60,"Sealed","Dry","Not Raining","Daylight","Hit Parked Vehicle",1,,,1330263.98,1670401.15