"REPORT_ID","Suburb","LGA Name","Total Units","Total Cas","Total Fats","Total SI","Total MI","Year","Month","Day","Time","Area Speed","Road Surface","Moisture Cond","Weather Cond","DayNight","Crash Type","Unit Resp","DUI Involved","Drugs Involved","ACCLOC_X","ACCLOC_Y"
"2020-8795-19/09/2025","SALISBURY NORTH","CITY OF SALISBURY",2,1,0,0,1,2020,"October","Saturday","06:26 pm",60,"Sealed","Dry","Not Raining","Daylight","Rear End",1,,,1331977.75,1689382.42
"2020-8796-19/09/2025","PARALOWIE","CITY OF SALISBURY",2,1,0,0,1,2020,"October","Saturday","06:57 pm",60,"Sealed","Dry","Not Raining","Daylight","Hit Fixed Object",1,"Y",,1329395.92,1689042.53
"2020-8797-19/09/2025","WALKER FLAT","MID MURRAY DISTRICT COUNCIL",3,2,0,0,2,2020,"October","Saturday","06:30 pm",110,"Sealed","Dry","Not Raining","Daylight","Hit Fixed Object",1,,,1415163.93,1686015.88
"2020-8798-19/09/2025","MORPHETT VALE","CITY OF ONKAPARINGA",4,3,1,0,2,2020,"October","Saturday","03:25 pm",50,"Sealed","Dry","Not Raining","Daylight","Hit Pedestrian",1,,,1319970.08,1650181.89
"2020-8799-19/09/2025","PARA HILLS","CITY OF SALISBURY",2,1,0,0,1,2020,"October","Saturday","08:24 pm",60,"Sealed","Dry","Not Raining","Night","Hit Fixed Object",1,"Y","Y",1334422.25,1683205.68
"2020-8800-19/09/2025","CLELAND","THE ADELAIDE HILLS COUNCIL",2,2,0,0,2,2020,"October","Saturday","10:30 pm",80,"Sealed","Dry","Not Raining","Night","Hit Fixed Object",1,,,1338401.45,1665145.97
"2020-8810-19/09/2025","VIRGINIA","CITY OF PLAYFORD.",1,1,0,1,0,2020,"October","Sunday","12:44 pm",110,"Sealed","Dry","Not Raining","Daylight","Roll Over",1,,,1324987.54,1698027.56
"2020-8814-19/09/2025","WEST LAKES","CITY OF CHARLES STURT",2,1,0,0,1,2020,"October","Wednesday","11:00 am",50,"Sealed","Dry","Not Raining","Daylight","Rear End",1,,,1318757.5,1674735.7
"2020-8816-19/09/2025","LENSWOOD","THE ADELAIDE HILLS COUNCIL",2,1,0,0,1,2020,"October","Sunday","10:45 am",80,"Sealed","Dry","Not Raining","Daylight","Hit Fixed Object",1,,"Y",1348496.46,1670676.29
"2020-8819-19/09/2025","SANDERSTON","MID MURRAY DISTRICT COUNCIL",2,1,0,1,0,2020,"October","Sunday","12:10 pm",100,"Sealed","Dry","Not Raining","Daylight","Hit Fixed Object",1,,,1383185.55,1687160.4
"2020-8822-19/09/2025","HIGHBURY","CITY OF TEA TREE GULLY",2,1,0,0,1,2020,"October","Sunday","02:35 pm",60,"Sealed","Dry","Not Raining","Daylight","Head On",2,,,1339397.09,1678889.69
"2020-8840-19/09/2025","CAMPBELLTOWN","CC CAMPBELLTOWN.",2,1,0,0,1,2020,"October","Monday","10:06 am",60,"Sealed","Dry","Not Raining","Daylight","Rear End",2,,,1335148.27,1675909.54
"2020-8842-19/09/2025","PLYMPTON","CITY OF WEST TORRENS",2,1,0,0,1,2020,"October","Sunday","03:00 pm",60,"Sealed","Dry","Not Raining","Daylight","Rear End",1,,,1324235.88,1666635.54
"2020-8844-19/09/2025","CHRISTIE DOWNS","CITY OF ONKAPARINGA",2,2,0,0,2,2020,"October","Monday","11:40 am",100,"Sealed","Dry","Not Raining","Daylight","Side Swipe",2,,,1319369.77,1649207.25
"2020-8846-19/09/2025","STRATHALBYN","ALEXANDRINA COUNCIL",2,1,0,1,0,2020,"October","Friday","12:15 pm",50,"Sealed","Dry","Not Raining","Daylight","Hit Fixed Object",1,,,1354585.51,1632759.76
"2020-8848-19/09/2025","STIRLING","THE ADELAIDE HILLS COUNCIL",2,1,1,0,0,2020,"October","Monday","12:45 pm",80,"Sealed","Dry","Not Raining","Daylight","Roll Over",1,,,1340926.55,1663301.16
"2020-8857-19/09/2025","HINDMARSH VALLEY","DC VICTOR HARBOR.",1,1,0,1,0,2020,"October","Monday","05:05 pm",80,"Sealed","Dry","Not Raining","Daylight","Roll Over",1,"Y","Y",1329434.97,1604821.74
"2020-8859-19/09/2025","ST AGNES","CITY OF TEA TREE GULLY",1,1,0,1,0,2020,"October","Monday","07:30 pm",50,"Sealed","Dry","Not Raining","Night","Roll Over",1,,,1338703.08,1680441
"2020-8861-19/09/2025","WARBURTO","COPPER COAST DISTRICT COUNCIL",1,5,0,0,5,2020,"October","Monday","07:00 pm",100,"Unsealed","Wet","Not Raining","Daylight","Roll Over",1,,"Y",1239131.87,1776473.09
"2020-8863-19/09/2025","MILLBROOK","THE ADELAIDE HILLS COUNCIL",3,2,0,0,2,2020,"October","Monday","06:55 pm",80,"Sealed","Dry","Not Raining","Daylight","Head On",2,,,1348924.2,1681367.9
"2020-8865-19/09/2025","PARAFIELD GARDENS","CITY OF SALISBURY",2,1,0,1,0,2020,"October","Tuesday","07:37 am",50,"Sealed","Dry","Not Raining","Daylight","Head On",1,,,1330213.99,1687706.1
"2020-8867-19/09/2025","KENT TOWN","CC OF NORWOOD,PAYNEHAM & ST PETERS",2,1,0,0,1,2020,"October","Tuesday","08:45 am",50,"Sealed","Dry","Not Raining","Daylight","Right Turn",1,,,1330235.81,1671221.86
"2020-8868-19/09/2025","KESWICK","CITY OF UNLEY",2,2,0,0,2,2020,"October","Tuesday","09:06 am",60,"Sealed","Dry","Not Raining","Daylight","Rear End",2,,,1326443.98,1668341.57
"2020-8871-19/09/2025","TARLEE","CLARE AND GILBERT VALLEYS DISTRICT COUNCIL",2,1,0,0,1,2020,"October","Sunday","09:00 am",100,"Sealed","Dry","Not Raining","Daylight","Hit Animal",2,,,1345582.08,1743548.55
"2020-8879-19/09/2025","VICTOR HARBOR","DC VICTOR HARBOR.",2,1,0,0,1,2020,"October","Tuesday","12:50 pm",50,"Sealed","Dry","Not Raining","Daylight","Rear End",1,,,1328042.46,1600789.66
"2020-8881-19/09/2025","REGENCY PARK","CITY OF PORT ADELAIDE ENFIELD",3,1,0,0,1,2020,"October","Tuesday","02:45 pm",40,"Sealed","Dry","Not Raining","Daylight","Rear End",1,,,1326089.54,1676409.93
"2020-8882-19/09/2025","ADELAIDE","CITY OF ADELAIDE",2,1,0,1,0,2020,"October","Tuesday","02:20 pm",50,"Sealed","Dry","Not Raining","Daylight","Right Turn",1,,,1329570.16,1670701.85
"2020-8883-19/09/2025","KENT TOWN","CC OF NORWOOD,PAYNEHAM & ST PETERS",2,1,0,0,1,2020,"October","Tuesday","01:00 pm",60,"Sealed","Dry","Not Raining","Daylight","Right Angle",2,,,1329928.03,1671115.02
"2020-8884-19/09/2025","PORT ADELAIDE","CITY OF PORT ADELAIDE ENFIELD",4,1,0,0,1,2020,"October","Tuesday","03:21 pm",60,"Sealed","Dry","Not Raining","Daylight","Rear End",1,,,1319801.59,1679089.2
"2020-8885-19/09/2025","EVERARD PARK","CITY OF UNLEY",3,3,0,3,0,2020,"October","Tuesday","01:50 pm",60,"Sealed","Dry","Not Raining","Daylight","Right Angle",1,,,1326185.74,1667995.63
"2020-8888-19/09/2025","MANNINGHAM","CITY OF PORT ADELAIDE ENFIELD",2,1,0,0,1,2020,"October","Tuesday","05:03 pm",60,"Sealed","Dry","Not Raining","Daylight","Rear End",2,,,1330452.56,1676521.37
"2020-8889-19/09/2025","SEAVIEW DOWNS","CC MARION.",2,1,0,0,1,2020,"October","Tuesday","04:55 pm",60,"Sealed","Dry","Not Raining","Daylight","Right Turn",1,,,1322097.08,1659356.44
"2020-8890-19/09/2025","STANLEY FLAT","CLARE AND GILBERT VALLEYS DISTRICT COUNCIL",3,1,0,0,1,2020,"October","Tuesday","12:40 pm",100,"Sealed","Dry","Not Raining","Daylight","Hit Fixed Object",1,"Y",,1331659.57,1798441.71
"2020-8891-19/09/2025","MUNNO PARA DOWNS","CITY OF PLAYFORD.",2,1,0,1,0,2020,"October","Tuesday","05:02 pm",80,"Sealed","Dry","Not Raining","Daylight","Head On",2,,,1336750.63,1702375.03
"2020-8897-19/09/2025","ST AGNES","CITY OF TEA TREE GULLY",2,1,0,0,1,2020,"October","Tuesday","07:11 pm",50,"Sealed","Dry","Not Raining","Daylight","Rear End",1,,,1338368.96,1680125.84
"2020-8903-19/09/2025","GAWLER EAST","CT GAWLER.",2,1,0,0,1,2020,"October","Tuesday","10:00 pm",80,"Sealed","Dry","Not Raining","Night","Hit Fixed Object",1,,,1345343.93,1706648.72
"2020-8906-19/09/2025","FINDON","CITY OF CHARLES STURT",3,1,1,0,0,2020,"October","Tuesday","11:45 pm",60,"Sealed","Dry","Not Raining","Night","Hit Fixed Object",1,,,1322673.53,1674030.26
"2020-8920-19/09/2025","HOLDEN HILL","CITY OF PORT ADELAIDE ENFIELD",3,1,0,0,1,2020,"October","Wednesday","10:00 am",60,"Sealed","Dry","Not Raining","Daylight","Rear End",1,,,1334372.66,1678371.57
"2020-8921-19/09/2025","FINNISS","ALEXANDRINA COUNCIL",1,1,0,0,1,2020,"October","Monday","01:50 pm",100,"Sealed","Dry","Not Raining","Daylight","Roll Over",1,,,1347836.53,1619272.29
"2020-8922-19/09/2025","PAYNEHAM","CC OF NORWOOD,PAYNEHAM & ST PETERS",1,1,0,1,0,2020,"October","Wednesday","07:30 am",60,"Sealed","Dry","Not Raining","Daylight","Roll Over",1,,,1332172.02,1673790.11
"2020-8929-19/09/2025","LONSDALE","CITY OF ONKAPARINGA",2,1,0,1,0,2020,"October","Wednesday","04:00 pm",80,"Sealed","Dry","Not Raining","Daylight","Side Swipe",1,,"Y",1317806.84,1649705.8
"2020-8936-19/09/2025","COWANDILLA","CITY OF WEST TORRENS",2,1,0,0,1,2020,"October","Wednesday","09:35 am",50,"Sealed","Dry","Not Raining","Daylight","Rear End",2,,,1324936.47,1670405.52
"2020-8937-19/09/2025","LOCKLEYS","CITY OF WEST TORRENS",2,1,0,0,1,2020,"October","Tuesday","05:00 pm",50,"Sealed","Dry","Not Raining","Daylight","Rear End",1,,,1321888.03,1669990.23
"2020-8942-19/09/2025","GLENELG EAST","CITY OF HOLDFAST BAY",2,1,0,0,1,2020,"October","Wednesday","06:02 pm",80,"Sealed","Dry","Not Raining","Daylight","Rear End",2,,,1322637.42,1665387.9
"2020-8943-19/09/2025","TORRENS PARK","CC MITCHAM.",4,2,0,0,2,2020,"October","Thursday","05:18 pm",60,"Sealed","Dry","Not Raining","Daylight","Rear End",1,,,1329595.9,1664219.64
"2020-8944-19/09/2025","SALISBURY DOWNS","CITY OF SALISBURY",2,1,0,1,0,2020,"October","Wednesday","06:27 pm",50,"Sealed","Dry","Not Raining","Daylight","Head On",1,,,1330673.04,1688072.64
"2020-8945-19/09/2025","HOUGHTON","CITY OF TEA TREE GULLY",3,1,0,0,1,2020,"October","Wednesday","05:30 pm",80,"Sealed","Dry","Not Raining","Daylight","Rear End",1,,,1342690.41,1681434.44
"2020-8950-19/09/2025","ELIZABETH PARK","CITY OF PLAYFORD.",2,1,1,0,0,2020,"October","Thursday","02:00 am",80,"Sealed","Dry","Not Raining","Night","Hit Fixed Object",1,,,1335948.11,1693533.02
"2020-8953-19/09/2025","MORPHETT VALE","CITY OF ONKAPARINGA",2,1,0,0,1,2020,"October","Tuesday","04:30 pm",60,"Sealed","Dry","Not Raining","Daylight","Rear End",2,,,1322915.51,1649915.05
"2020-8954-19/09/2025","HINDMARSH","CITY OF CHARLES STURT",2,1,0,1,0,2020,"October","Thursday","07:30 am",60,"Sealed","Dry","Not Raining","Daylight","Right Angle",1,,,1325751.39,1673287.71
"2020-8957-19/09/2025","WILLUNGA","CITY OF ONKAPARINGA",2,2,0,0,2,2020,"October","Thursday","10:00 am",80,"Sealed","Dry","Not Raining","Daylight","Right Angle",2,,,1322995.94,1634841.72
"2020-8963-19/09/2025","OLD NOARLUNGA","CITY OF ONKAPARINGA",2,1,0,0,1,2020,"October","Thursday","01:45 pm",60,"Sealed","Dry","Not Raining","Daylight","Hit Fixed Object",1,,,1317881.36,1642498.35
"2020-8964-19/09/2025","LEABROOK","CITY OF BURNSIDE",2,1,0,0,1,2020,"October","Thursday","02:50 pm",60,"Sealed","Dry","Not Raining","Daylight","Right Angle",2,,,1333907.29,1670185.95
"2020-8965-19/09/2025","SOUTH PLYMPTON","CC MARION.",2,2,0,0,2,2020,"October","Thursday","03:00 pm",60,"Sealed","Dry","Not Raining","Daylight","Right Angle",1,,,1324295.13,1664582.36
"2020-8966-19/09/2025","MOUNT GAMBIER","CC MT.GAMBIER.",2,1,0,0,1,2020,"October","Thursday","03:45 pm",50,"Sealed","Wet","Raining","Daylight","Right Angle",2,,,1509909.86,1340288.13
"2020-8970-19/09/2025","MOUNT GAMBIER","CC MT.GAMBIER.",3,1,0,0,1,2020,"October","Thursday","03:34 pm",60,"Sealed","Wet","Raining","Daylight","Rear End",1,,,1511346.39,1338735.81
"2020-8973-19/09/2025","REGENCY PARK","CITY OF PORT ADELAIDE ENFIELD",2,1,0,0,1,2020,"October","Friday","02:30 pm",60,"Sealed","Dry","Not Raining","Daylight","Side Swipe",2,,,1326783.69,1676381.26
"2020-8978-19/09/2025","ADELAIDE","CITY OF ADELAIDE",2,1,0,0,1,2020,"October","Thursday","05:55 pm",50,"Sealed","Dry","Not Raining","Daylight","Hit Pedestrian",1,,,1328497.65,1670033.56
"2020-8979-19/09/2025","ADELAIDE","CITY OF ADELAIDE",2,1,0,0,1,2020,"October","Thursday","08:45 pm",50,"Sealed","Dry","Not Raining","Night","Hit Parked Vehicle",1,,,1329423.98,1671006.47
"2020-8983-19/09/2025","INMAN VALLEY","DC YANKALILLA.",2,1,0,0,1,2020,"October","Thursday","10:58 pm",100,"Sealed","Dry","Not Raining","Night","Hit Fixed Object",1,"Y",,1311570.45,1607583.17
"2020-8987-19/09/2025","MEADOWS","DC MT.BARKER.",2,1,1,0,0,2020,"October","Thursday","11:00 pm",100,"Sealed","Dry","Not Raining","Night","Hit Fixed Object",1,,,1339095.28,1640530.77
"2020-8991-19/09/2025","EDEN HILLS","CC MITCHAM.",2,1,0,0,1,2020,"October","Friday","08:30 am",50,"Sealed","Wet","Raining","Daylight","Hit Pedestrian",2,,,1328437.75,1659411.37
"2020-8992-19/09/2025","PENFIELD","CITY OF PLAYFORD.",3,2,0,0,2,2020,"October","Friday","06:15 am",110,"Sealed","Dry","Not Raining","Night","Hit Fixed Object",1,,,1329513.93,1697419.14
"2020-8993-19/09/2025","CHANDLERS HILL","CITY OF ONKAPARINGA",2,1,0,0,1,2020,"October","Friday","09:13 am",60,"Sealed","Wet","Not Raining","Daylight","Right Angle",1,,,1328795.87,1652854.18
"2020-8996-19/09/2025","WALLAROO MINES","COPPER COAST DISTRICT COUNCIL",2,1,0,0,1,2020,"October","Friday","08:56 am",60,"Sealed","Dry","Not Raining","Daylight","Right Angle",1,,,1248842.96,1780055.87
"2020-8997-19/09/2025","PENWORTHAM","CLARE AND GILBERT VALLEYS DISTRICT COUNCIL",2,1,0,0,1,2020,"October","Friday","10:00 am",100,"Sealed","Wet","Raining","Daylight","Hit Fixed Object",1,,,1335652.48,1782952.43
"2020-9001-19/09/2025","MURRAY BRIDGE","RC MURRAY BRIDGE.",2,1,0,0,1,2020,"October","Friday","09:30 am",50,"Sealed","Wet","Raining","Daylight","Rear End",2,,,1389097.6,1646913.83
"2020-9002-19/09/2025","PORT NOARLUNGA","CITY OF ONKAPARINGA",2,1,0,1,0,2020,"October","Thursday","04:50 pm",60,"Sealed","Dry","Not Raining","Daylight","Rear End",2,,,1316055.78,1646116.35
"2020-9003-19/09/2025","VIRGINIA","CITY OF PLAYFORD.",3,1,0,1,0,2020,"October","Friday","12:20 pm",110,"Sealed","Wet","Raining","Daylight","Rear End",1,,,1324564.59,1699672.46
"2020-9008-19/09/2025","HACKHAM WEST","CITY OF ONKAPARINGA",2,1,0,0,1,2020,"October","Friday","03:00 pm",60,"Sealed","Wet","Not Raining","Daylight","Side Swipe",1,,,1320358.17,1647515.3
"2020-9011-19/09/2025","KESWICK","CITY OF WEST TORRENS",2,1,0,0,1,2020,"October","Friday","03:25 pm",50,"Sealed","Wet","Raining","Daylight","Right Angle",1,,,1326455.47,1668497.87
"2020-9014-19/09/2025","EVERARD PARK","CITY OF UNLEY",2,1,0,1,0,2020,"October","Friday","01:35 pm",60,"Sealed","Dry","Not Raining","Daylight","Hit Pedestrian",2,,,1326127.08,1667973.27
"2020-9020-19/09/2025","PROSPECT","CITY OF PROSPECT",2,1,0,0,1,2020,"October","Friday","05:32 pm",60,"Sealed","Wet","Raining","Daylight","Rear End",1,,,1327971.23,1676420.09
"2020-9025-19/09/2025","LUCINDALE","DC NARACOORTE & LUCINDALE.",1,2,0,0,2,2020,"October","Friday","06:10 pm",100,"Unsealed","Dry","Not Raining","Daylight","Roll Over",1,,,1485849.21,1437698.42
"2020-9026-19/09/2025","PORT GERMEIN","DC MT.REMARKABLE.",1,1,0,1,0,2020,"October","Friday","05:30 pm",50,"Unsealed","Wet","Not Raining","Daylight","Roll Over",1,,,1280415.1,1882361.24
"2020-9028-19/09/2025","ELIZABETH","CITY OF PLAYFORD.",2,1,0,0,1,2020,"October","Friday","08:25 pm",60,"Sealed","Wet","Raining","Night","Rear End",2,,,1335595.62,1693056.41
"2020-9034-19/09/2025","KANGARILLA","CITY OF ONKAPARINGA",2,1,0,0,1,2020,"October","Saturday","02:15 am",80,"Sealed","Dry","Not Raining","Night","Hit Fixed Object",1,"Y",,1335852.17,1644197.81
"2020-9035-19/09/2025","TAPEROO","CITY OF PORT ADELAIDE ENFIELD",2,1,0,0,1,2020,"October","Saturday","08:43 am",60,"Sealed","Dry","Not Raining","Daylight","Hit Fixed Object",1,,,1319909.19,1683886.25
"2020-9038-19/09/2025","BRAHMA LODGE","CITY OF SALISBURY",3,1,0,0,1,2020,"October","Friday","02:50 pm",80,"Sealed","Wet","Raining","Daylight","Rear End",2,,,1334682.56,1687185.31
"2020-9039-19/09/2025","INGLE FARM","CITY OF SALISBURY",2,1,0,0,1,2020,"October","Saturday","09:58 am",60,"Sealed","Dry","Not Raining","Daylight","Right Angle",1,,,1332697.18,1682687.97
"2020-9044-19/09/2025","MITCHELL PARK","CC MARION.",3,1,0,0,1,2020,"October","Saturday","11:08 am",60,"Sealed","Dry","Not Raining","Daylight","Rear End",1,,,1324416.21,1660713.49
"2020-9047-19/09/2025","ELIZABETH VALE","CITY OF PLAYFORD.",2,1,0,1,0,2020,"October","Saturday","12:54 pm",50,"Sealed","Dry","Not Raining","Daylight","Right Turn",1,,,1335723.18,1690006.7
"2020-9049-19/09/2025","KLEMZIG","CITY OF PORT ADELAIDE ENFIELD",3,1,0,0,1,2020,"October","Saturday","12:58 pm",60,"Sealed","Dry","Not Raining","Daylight","Hit Pedestrian",2,"Y",,1331653.16,1676219.01
"2020-9051-19/09/2025","MAGILL","CC CAMPBELLTOWN.",2,1,0,1,0,2020,"October","Saturday","02:45 pm",60,"Sealed","Dry","Not Raining","Daylight","Hit Pedestrian",1,,,1335410.95,1671846.13
"2020-9054-19/09/2025","WISTOW","DC MT.BARKER.",1,1,0,0,1,2020,"October","Saturday","02:30 pm",100,"Sealed","Dry","Not Raining","Daylight","Left Road - Out of Control",1,,,1355634.19,1647371.9
"2020-9057-19/09/2025","SEATON","CITY OF CHARLES STURT",2,1,0,0,1,2020,"October","Saturday","04:47 pm",60,"Sealed","Dry","Not Raining","Daylight","Rear End",1,,,1319918.78,1674697.69
"2020-9062-19/09/2025","KENSINGTON","CC OF NORWOOD,PAYNEHAM & ST PETERS",4,1,0,0,1,2020,"October","Friday","07:10 pm",50,"Sealed","Wet","Raining","Daylight","Hit Parked Vehicle",1,"Y",,1332662.36,1670955.45
"2020-9063-19/09/2025","CUDLEE CREEK","THE ADELAIDE HILLS COUNCIL",2,1,0,0,1,2020,"October","Saturday","04:55 pm",80,"Sealed","Dry","Not Raining","Daylight","Roll Over",1,,,1352608.51,1675177.72
"2020-9065-19/09/2025","NEWTON","CC CAMPBELLTOWN.",2,1,0,0,1,2020,"October","Saturday","11:00 pm",60,"Sealed","Dry","Not Raining","Night","Right Turn",2,,,1335398.01,1674978.91
"2020-9068-19/09/2025","MILLBROOK","THE ADELAIDE HILLS COUNCIL",3,2,0,1,1,2020,"October","Saturday","11:57 am",80,"Sealed","Dry","Not Raining","Daylight","Head On",1,,,1349408.2,1680995.06
"2020-9074-19/09/2025","ANGASTON","THE BAROSSA COUNCIL.",1,1,0,0,1,2020,"October","Sunday","12:30 pm",100,"Sealed","Dry","Not Raining","Daylight","Roll Over",1,,,1370851.42,1714247.65
"2020-9077-19/09/2025","PARADISE","CC CAMPBELLTOWN.",2,1,0,0,1,2020,"October","Sunday","02:45 pm",60,"Sealed","Dry","Not Raining","Daylight","Rear End",1,,,1334946.74,1676213.98
"2020-9078-19/09/2025","BLACKWOOD","CC MITCHAM.",2,1,0,0,1,2020,"October","Sunday","04:10 pm",50,"Sealed","Dry","Not Raining","Daylight","Right Angle",2,,,1329678.48,1660052.36
"2020-9079-19/09/2025","COOLTONG","DC RENMARK PARINGA",1,1,0,0,1,2020,"October","Sunday","04:00 pm",100,"Unsealed","Dry","Not Raining","Daylight","Roll Over",1,,,1524092.5,1754315.22
"2020-9081-19/09/2025","WALKLEY HEIGHTS","CITY OF PORT ADELAIDE ENFIELD",2,1,0,0,1,2020,"October","Sunday","06:25 pm",70,"Sealed","Dry","Not Raining","Daylight","Right Angle",1,,,1333185.8,1679655.25
"2020-9085-19/09/2025","VIRGINIA","CITY OF PLAYFORD.",2,1,0,0,1,2020,"October","Sunday","09:00 pm",80,"Sealed","Dry","Not Raining","Night","Hit Fixed Object",1,,,1326188.55,1697991.01
"2020-9088-19/09/2025","KANGARILLA","CITY OF ONKAPARINGA",2,1,0,0,1,2020,"October","Monday","07:00 am",80,"Sealed","Dry","Not Raining","Daylight","Right Turn",1,,"Y",1332460.79,1647228.39
"2020-9089-19/09/2025","HIGHGATE","CITY OF UNLEY",2,1,0,0,1,2020,"October","Monday","08:45 am",25,"Sealed","Dry","Not Raining","Daylight","Hit Pedestrian",1,,,1330402.25,1666545.83
"2020-9090-19/09/2025","GILLES PLAINS","CITY OF PORT ADELAIDE ENFIELD",2,1,0,0,1,2020,"October","Monday","08:35 am",60,"Sealed","Dry","Not Raining","Daylight","Rear End",2,,,1333635.76,1678283.55
"2020-9094-19/09/2025","GLENELG EAST","CITY OF HOLDFAST BAY",3,1,0,0,1,2020,"October","Monday","07:10 am",60,"Sealed","Dry","Not Raining","Daylight","Rear End",1,,,1321464.53,1663808.8
"2020-9097-19/09/2025","VIRGINIA","CITY OF PLAYFORD.",1,1,0,0,1,2020,"September","Thursday","06:50 am",80,"Sealed","Wet","Raining","Daylight","Roll Over",1,,,1327795.16,1698211.19
"2020-9098-19/09/2025","LENSWOOD","THE ADELAIDE HILLS COUNCIL",2,3,0,0,3,2020,"October","Monday","08:35 am",80,"Sealed","Dry","Not Raining","Daylight","Head On",2,,,1347949.17,1666746.11
"2020-9108-19/09/2025","BURNSIDE","CITY OF BURNSIDE",2,1,0,0,1,2020,"October","Monday","03:46 pm",60,"Sealed","Dry","Not Raining","Daylight","Right Angle",1,,,1334752.82,1669124.21
"2020-9109-19/09/2025","FLINDERS PARK","CITY OF CHARLES STURT",2,1,0,0,1,2020,"October","Monday","03:30 pm",60,"Sealed","Dry","Not Raining","Daylight","Right Turn",2,,,1323556.74,1673149.94
"2020-9110-19/09/2025","MORPHETT VALE","CITY OF ONKAPARINGA",2,1,0,0,1,2020,"October","Monday","04:39 pm",60,"Sealed","Dry","Not Raining","Daylight","Right Angle",1,,,1321935.14,1649890.39
"2020-9117-19/09/2025","NOVAR GARDENS","CITY OF WEST TORRENS",2,1,0,0,1,2020,"October","Friday","04:00 pm",60,"Sealed","Dry","Not Raining","Daylight","Rear End",2,,,1322635.45,1665439.53
"2020-9123-19/09/2025","GLYNDE","CC OF NORWOOD,PAYNEHAM & ST PETERS",2,1,0,0,1,2020,"October","Monday","09:30 pm",60,"Sealed","Dry","Not Raining","Night","Hit Fixed Object",1,,,1333266.66,1674295.31
"2020-9129-19/09/2025","NAILSWORTH","CITY OF PROSPECT",3,1,0,0,1,2020,"October","Tuesday","07:53 am",60,"Sealed","Dry","Not Raining","Daylight","Rear End",1,,,1328921.02,1674620.16
"2020-9130-19/09/2025","DUDLEY PARK","CITY OF PORT ADELAIDE ENFIELD",2,1,0,0,1,2020,"October","Tuesday","08:28 am",40,"Sealed","Dry","Not Raining","Daylight","Hit Fixed Object",1,,,1326477.09,1676231.87
"2020-9133-19/09/2025","WESTBOURNE PARK","CC MITCHAM.",2,1,0,0,1,2020,"October","Tuesday","09:51 am",60,"Sealed","Dry","Not Raining","Daylight","Right Angle",1,,,1327596.52,1666201.66
"2020-9134-19/09/2025","GOLDEN GROVE","CITY OF TEA TREE GULLY",2,1,0,0,1,2020,"October","Sunday","04:56 pm",50,"Sealed","Dry","Not Raining","Daylight","Right Angle",1,,,1337669.84,1685519.37
"2020-9138-19/09/2025","MONARTO SOUTH","RC MURRAY BRIDGE.",2,1,0,0,1,2020,"October","Tuesday","11:45 am",100,"Sealed","Dry","Not Raining","Daylight","Side Swipe",2,,,1375777.51,1645762.38
"2020-9140-19/09/2025","COROMANDEL VALLEY","CITY OF ONKAPARINGA",2,1,0,0,1,2020,"October","Monday","04:30 pm",60,"Sealed","Dry","Not Raining","Daylight","Rear End",2,,,1329841.78,1656454.19
"2020-9144-19/09/2025","FLAGSTAFF HILL","CITY OF ONKAPARINGA",2,1,0,0,1,2020,"October","Tuesday","02:15 pm",50,"Sealed","Dry","Not Raining","Daylight","Right Angle",2,,,1327049.59,1655437.78
"2020-9146-19/09/2025","TORRENS PARK","CC MITCHAM.",2,1,0,0,1,2020,"October","Tuesday","08:14 am",60,"Sealed","Dry","Not Raining","Daylight","Right Turn",1,,,1329171.51,1665029.05
"2020-9155-19/09/2025","ADELAIDE","CITY OF ADELAIDE",2,1,0,0,1,2020,"October","Tuesday","05:00 pm",50,"Sealed","Dry","Not Raining","Daylight","Hit Pedestrian",2,,,1328370.08,1670184.7
"2020-9156-19/09/2025","REGENCY PARK","CITY OF PORT ADELAIDE ENFIELD",2,2,0,0,2,2020,"October","Tuesday","05:00 pm",60,"Sealed","Dry","Not Raining","Daylight","Right Turn",1,,,1325607.25,1676354.38
"2020-9158-19/09/2025","PORT PIRIE","PT.PIRIE CITY & DIST. COUNCIL",2,1,0,0,1,2020,"October","Tuesday","04:54 pm",50,"Sealed","Dry","Not Raining","Daylight","Side Swipe",2,,,1280044.82,1865537.82
"2020-9162-19/09/2025","PROSPECT","CITY OF PROSPECT",2,1,0,0,1,2020,"October","Tuesday","07:05 pm",50,"Sealed","Dry","Not Raining","Daylight","Hit Parked Vehicle",1,,"Y",1327143.72,1675636.84
"2020-9166-19/09/2025","HAWTHORN","CC MITCHAM.",2,1,0,0,1,2020,"October","Monday","10:45 am",50,"Sealed","Dry","Not Raining","Daylight","Right Angle",1,,,1329000.16,1666042.72
"2020-9168-19/09/2025","URRBRAE","CC MITCHAM.",2,1,0,0,1,2020,"October","Tuesday","09:50 am",60,"Sealed","Dry","Not Raining","Daylight","Right Turn",1,,,1330786.89,1665600.37
"2020-9171-19/09/2025","BROADVIEW","CITY OF PORT ADELAIDE ENFIELD",4,1,0,0,1,2020,"October","Wednesday","08:05 am",60,"Sealed","Dry","Not Raining","Daylight","Right Turn",2,,,1329973.8,1676460.9
"2020-9179-19/09/2025","PARADISE","CC CAMPBELLTOWN.",4,2,0,0,2,2020,"October","Wednesday","12:14 pm",60,"Sealed","Dry","Not Raining","Daylight","Rear End",1,,,1334586.96,1675908.54