"REPORT_ID","Suburb","LGA Name","Total Units","Total Cas","Total Fats","Total SI","Total MI","Year","Month","Day","Time","Area Speed","Road Surface","Moisture Cond","Weather Cond","DayNight","Crash Type","Unit Resp","DUI Involved","Drugs Involved","ACCLOC_X","ACCLOC_Y"
"2020-9183-19/09/2025","STEPNEY","CC OF NORWOOD,PAYNEHAM & ST PETERS",2,1,0,1,0,2020,"October","Tuesday","12:30 pm",60,"Sealed","Dry","Not Raining","Daylight","Right Angle",2,,,1331150.89,1671732.93
"2020-9185-19/09/2025","MODBURY","CITY OF TEA TREE GULLY",2,1,0,0,1,2020,"October","Tuesday","07:28 pm",60,"Sealed","Dry","Not Raining","Daylight","Rear End",2,,,1336879.26,1680835.19
"2020-9186-19/09/2025","WEST LAKES SHORE","CITY OF CHARLES STURT",1,1,0,0,1,2020,"October","Wednesday","09:45 am",60,"Sealed","Dry","Not Raining","Daylight","Other",9,,,1317747.35,1677791.95
"2020-9187-19/09/2025","STURT","CC MARION.",3,4,0,0,4,2020,"October","Wednesday","03:15 pm",60,"Sealed","Dry","Not Raining","Daylight","Right Turn",2,,,1324404.88,1660668.91
"2020-9201-19/09/2025","NOARLUNGA DOWNS","CITY OF ONKAPARINGA",2,1,0,0,1,2020,"October","Wednesday","05:30 pm",60,"Sealed","Dry","Not Raining","Daylight","Rear End",1,,,1318339.24,1646732.9
"2020-9203-19/09/2025","CHERRYVILLE","THE ADELAIDE HILLS COUNCIL",2,1,0,0,1,2020,"October","Wednesday","04:45 pm",50,"Sealed","Dry","Not Raining","Daylight","Hit Fixed Object",1,"Y",,1344313.15,1671945.54
"2020-9210-19/09/2025","POORAKA","CITY OF SALISBURY",2,1,0,0,1,2020,"October","Thursday","08:11 am",70,"Sealed","Dry","Not Raining","Daylight","Right Angle",2,,,1331418,1681822.24
"2020-9211-19/09/2025","HINDMARSH","CITY OF CHARLES STURT",2,1,0,0,1,2020,"October","Thursday","08:00 am",40,"Sealed","Dry","Not Raining","Daylight","Right Angle",1,,,1326406.9,1672854.67
"2020-9213-19/09/2025","TAILEM BEND","COORONG DISTRICT COUNCIL",1,2,0,0,2,2020,"October","Wednesday","10:33 pm",110,"Sealed","Dry","Not Raining","Night","Roll Over",1,,,1408874.75,1625620.07
"2020-9214-19/09/2025","DAVOREN PARK","CITY OF PLAYFORD.",2,1,0,0,1,2020,"October","Thursday","08:55 am",60,"Sealed","Dry","Not Raining","Daylight","Right Angle",2,,,1335835.55,1697025.04
"2020-9216-19/09/2025","NARACOORTE","DC NARACOORTE & LUCINDALE.",2,2,0,0,2,2020,"October","Thursday","08:50 am",50,"Sealed","Dry","Not Raining","Daylight","Right Angle",1,,,1512361.67,1437298.52
"2020-9218-19/09/2025","GEPPS CROSS","CITY OF PORT ADELAIDE ENFIELD",4,2,0,1,1,2020,"October","Thursday","10:55 am",60,"Sealed","Dry","Not Raining","Daylight","Rear End",1,,,1328791.33,1679280.13
"2020-9222-19/09/2025","NORTH ADELAIDE","CITY OF ADELAIDE",2,1,0,0,1,2020,"October","Thursday","08:50 am",50,"Sealed","Dry","Not Raining","Daylight","Hit Pedestrian",1,,,1329544.17,1672539.76
"2020-9223-19/09/2025","ADELAIDE","CITY OF ADELAIDE",2,1,0,0,1,2020,"October","Wednesday","06:05 am",60,"Sealed","Dry","Not Raining","Night","Side Swipe",1,,,1327377.63,1669896.73
"2020-9226-19/09/2025","CLARENCE GARDENS","CC MITCHAM.",2,1,0,0,1,2020,"October","Wednesday","04:55 pm",60,"Sealed","Dry","Not Raining","Daylight","Rear End",2,,,1325897.42,1665642.24
"2020-9227-19/09/2025","PARIS CREEK","ALEXANDRINA COUNCIL",3,1,0,1,0,2020,"October","Wednesday","04:19 pm",80,"Sealed","Dry","Not Raining","Daylight","Hit Fixed Object",1,"Y",,1346960.38,1637334.13
"2020-9228-19/09/2025","KENT TOWN","CC OF NORWOOD,PAYNEHAM & ST PETERS",2,1,0,0,1,2020,"October","Thursday","01:35 pm",60,"Sealed","Dry","Not Raining","Daylight","Right Angle",2,,,1330555.43,1670400.29
"2020-9233-19/09/2025","NOARLUNGA CENTRE","CITY OF ONKAPARINGA",2,2,0,0,2,2020,"October","Thursday","03:00 pm",50,"Sealed","Dry","Not Raining","Daylight","Rear End",2,,,1317867.36,1646927.27
"2020-9237-19/09/2025","NORTHGATE","CITY OF PORT ADELAIDE ENFIELD",2,1,0,0,1,2020,"October","Thursday","05:30 pm",50,"Sealed","Dry","Not Raining","Daylight","Right Angle",1,,,1331424.98,1678713.34
"2020-9246-19/09/2025","MODBURY","CITY OF TEA TREE GULLY",2,1,0,0,1,2020,"October","Thursday","10:03 pm",60,"Sealed","Dry","Not Raining","Night","Hit Fixed Object",1,"Y",,1335790.75,1680022.46
"2020-9259-19/09/2025","YANKALILLA","DC YANKALILLA.",1,1,0,1,0,2020,"October","Thursday","12:00 pm",100,"Unsealed","Dry","Not Raining","Daylight","Roll Over",1,,,1305902.05,1611744.47
"2020-9260-19/09/2025","TOTNESS","DC MT.BARKER.",2,1,0,0,1,2020,"October","Friday","08:35 am",60,"Sealed","Dry","Not Raining","Daylight","Rear End",2,,,1350989.7,1655195.15
"2020-9262-19/09/2025","SEAVIEW DOWNS","CC MARION.",4,1,0,0,1,2020,"October","Friday","01:44 pm",50,"Sealed","Dry","Not Raining","Daylight","Hit Fixed Object",1,,,1322849.35,1658226.58
"2020-9264-19/09/2025","URRBRAE","CC MITCHAM.",2,1,0,0,1,2020,"October","Friday","09:00 am",60,"Sealed","Dry","Not Raining","Daylight","Rear End",2,,,1332373.16,1666370.92
"2020-9266-19/09/2025","REYNELLA","CITY OF ONKAPARINGA",2,1,0,0,1,2020,"October","Friday","03:01 pm",60,"Sealed","Dry","Not Raining","Daylight","Right Angle",1,,,1320114.77,1651007.37
"2020-9267-19/09/2025","SALISBURY NORTH","CITY OF SALISBURY",2,1,0,0,1,2020,"October","Friday","02:23 pm",50,"Sealed","Dry","Not Raining","Daylight","Hit Fixed Object",1,,,1332668.51,1689311.72
"2020-9268-19/09/2025","COWANDILLA","CITY OF WEST TORRENS",2,1,0,0,1,2020,"October","Friday","04:14 pm",60,"Sealed","Dry","Not Raining","Daylight","Right Turn",1,,,1324360.75,1670045.22
"2020-9269-19/09/2025","STURT","CC MARION.",2,1,0,0,1,2020,"October","Friday","01:50 pm",50,"Sealed","Dry","Not Raining","Daylight","Right Angle",1,,,1324417.86,1660096.04
"2020-9274-19/09/2025","ELIZABETH SOUTH","CITY OF PLAYFORD.",2,1,0,0,1,2020,"October","Friday","07:00 pm",60,"Sealed","Dry","Not Raining","Daylight","Right Turn",1,,,1334852.25,1691772.94
"2020-9281-19/09/2025","GLANDORE","CITY OF WEST TORRENS",2,1,0,0,1,2020,"October","Saturday","02:50 am",60,"Sealed","Dry","Not Raining","Night","Hit Fixed Object",1,"Y",,1325815.69,1667467.52
"2020-9283-19/09/2025","ST MARYS","CC MITCHAM.",3,2,0,0,2,2020,"October","Saturday","10:50 am",60,"Sealed","Dry","Not Raining","Daylight","Rear End",2,,,1325999.46,1662052.15
"2020-9285-19/09/2025","ASCOT PARK","CC MARION.",2,1,0,0,1,2020,"October","Saturday","11:45 am",60,"Sealed","Dry","Not Raining","Daylight","Right Angle",1,,,1324447.13,1663275.03
"2020-9286-19/09/2025","SEFTON PARK","CITY OF PORT ADELAIDE ENFIELD",2,1,0,1,0,2020,"October","Saturday","12:11 pm",60,"Sealed","Dry","Not Raining","Daylight","Right Angle",2,,"Y",1329030.84,1676437.2
"2020-9288-19/09/2025","MAWSON LAKES","CITY OF SALISBURY",2,1,0,0,1,2020,"October","Saturday","12:27 pm",80,"Sealed","Dry","Not Raining","Daylight","Rear End",1,,,1331190.78,1682739.34
"2020-9289-19/09/2025","PORT ADELAIDE","CITY OF PORT ADELAIDE ENFIELD",2,1,0,0,1,2020,"October","Saturday","01:25 pm",40,"Sealed","Dry","Not Raining","Daylight","Rear End",2,,,1320072.91,1679953.61
"2020-9290-19/09/2025","MOUNT BARKER SUMMIT","DC MT.BARKER.",2,1,0,1,0,2020,"October","Saturday","12:39 pm",80,"Sealed","Dry","Not Raining","Daylight","Hit Fixed Object",1,,,1357178.28,1652435.91
"2020-9292-19/09/2025","MODBURY","CITY OF TEA TREE GULLY",3,1,0,0,1,2020,"October","Saturday","12:30 pm",60,"Sealed","Dry","Not Raining","Daylight","Rear End",2,,,1335811.5,1680022.22
"2020-9293-19/09/2025","ROYAL PARK","CITY OF CHARLES STURT",2,1,0,0,1,2020,"October","Saturday","01:36 pm",60,"Sealed","Dry","Not Raining","Daylight","Right Angle",2,,,1320689.85,1676682.3
"2020-9304-19/09/2025","ASCOT PARK","CC MARION.",2,3,0,0,3,2020,"October","Sunday","03:25 am",50,"Sealed","Dry","Not Raining","Night","Hit Parked Vehicle",1,,,1324779.32,1664496.69
"2020-9308-19/09/2025","CUDLEE CREEK","THE ADELAIDE HILLS COUNCIL",3,1,0,0,1,2020,"October","Sunday","08:48 am",80,"Sealed","Wet","Raining","Daylight","Hit Fixed Object",1,,,1351185.2,1679439.24
"2020-9309-19/09/2025","ROSTREVOR","CC CAMPBELLTOWN.",1,1,0,1,0,2020,"October","Sunday","10:30 am",50,"Sealed","Dry","Not Raining","Daylight","Roll Over",1,,,1336274.8,1673212.84
"2020-9314-19/09/2025","VALLEY VIEW","CITY OF PORT ADELAIDE ENFIELD",2,1,0,0,1,2020,"October","Sunday","01:49 pm",60,"Sealed","Dry","Not Raining","Daylight","Hit Fixed Object",1,,,1334550.17,1679386.94
"2020-9315-19/09/2025","TWO WELLS","DC MALLALA.",1,1,0,0,1,2020,"October","Sunday","09:40 pm",100,"Sealed","Dry","Not Raining","Night","Left Road - Out of Control",1,"Y",,1324179,1704411.92
"2020-9318-19/09/2025","ELIZABETH DOWNS","CITY OF PLAYFORD.",2,1,0,0,1,2020,"October","Monday","07:38 am",60,"Sealed","Dry","Not Raining","Daylight","Right Angle",2,,,1337350.45,1695241.25
"2020-9319-19/09/2025","ADELAIDE","CITY OF ADELAIDE",2,2,0,0,2,2020,"October","Monday","08:58 am",50,"Sealed","Dry","Not Raining","Daylight","Right Turn",2,,,1329593.2,1669909.56
"2020-9320-19/09/2025","MUNDOORA","PT.PIRIE CITY & DIST. COUNCIL",2,1,0,0,1,2020,"October","Saturday","01:00 pm",100,"Sealed","Dry","Not Raining","Daylight","Hit Fixed Object",1,,,1290193.16,1818029.23
"2020-9322-19/09/2025","CHOWILLA","UNINCORP (EASTERN)",2,1,0,0,1,2020,"October","Monday","11:50 am",100,"Unsealed","Wet","Raining","Daylight","Hit Fixed Object",1,,,1539908.84,1769938.69
"2020-9327-19/09/2025","NORWOOD","CC OF NORWOOD,PAYNEHAM & ST PETERS",2,2,0,1,1,2020,"October","Monday","01:07 pm",60,"Sealed","Dry","Not Raining","Daylight","Right Angle",2,,,1331874.28,1670398.69
"2020-9330-19/09/2025","COORONG","DC KINGSTON.",1,1,0,0,1,2020,"October","Monday","11:45 am",110,"Sealed","Dry","Not Raining","Daylight","Left Road - Out of Control",1,,,1423745.65,1519192.51
"2020-9333-19/09/2025","CAMPBELLTOWN","CC CAMPBELLTOWN.",2,1,0,0,1,2020,"October","Monday","04:30 pm",60,"Sealed","Dry","Not Raining","Daylight","Right Angle",2,,,1334201.44,1675244.18
"2020-9334-19/09/2025","KINGSFORD","LIGHT REGIONAL COUNCIL",2,1,0,0,1,2020,"October","Monday","05:04 pm",110,"Sealed","Wet","Raining","Daylight","Hit Fixed Object",1,,,1345544.91,1711510.5
"2020-9337-19/09/2025","PLYMPTON","CITY OF WEST TORRENS",2,1,0,0,1,2020,"October","Friday","01:45 pm",60,"Sealed","Dry","Not Raining","Daylight","Rear End",1,,,1324236.71,1666587.41
"2020-9339-19/09/2025","NORTH PLYMPTON","CITY OF WEST TORRENS",2,1,0,0,1,2020,"October","Monday","06:15 pm",60,"Sealed","Dry","Not Raining","Daylight","Hit Fixed Object",1,,,1324203.92,1667517.21
"2020-9340-19/09/2025","MORPHETT VALE","CITY OF ONKAPARINGA",3,1,0,0,1,2020,"October","Monday","08:10 pm",60,"Sealed","Dry","Not Raining","Night","Hit Fixed Object",1,,,1320801.48,1649057.22
"2020-9342-19/09/2025","HENLEY BEACH SOUTH","CITY OF CHARLES STURT",2,1,0,0,1,2020,"October","Monday","08:40 pm",50,"Sealed","Dry","Not Raining","Night","Right Angle",1,,,1319125.61,1670999.07
"2020-9344-19/09/2025","ADELAIDE","CITY OF ADELAIDE",2,1,0,0,1,2020,"October","Thursday","11:30 pm",60,"Sealed","Dry","Not Raining","Night","Side Swipe",2,,,1327912.09,1671051.11
"2020-9347-19/09/2025","KURRALTA PARK","CITY OF WEST TORRENS",3,2,0,0,2,2020,"October","Tuesday","07:30 am",60,"Sealed","Dry","Not Raining","Daylight","Right Turn",2,,,1325808.51,1668480.07
"2020-9350-19/09/2025","ADELAIDE","CITY OF ADELAIDE",2,1,0,0,1,2020,"October","Tuesday","08:44 am",50,"Sealed","Dry","Not Raining","Daylight","Right Turn",1,,,1329254.44,1670209.14
"2020-9351-19/09/2025","NORWOOD","CC OF NORWOOD,PAYNEHAM & ST PETERS",2,1,0,0,1,2020,"October","Tuesday","08:40 am",60,"Sealed","Dry","Not Raining","Daylight","Right Turn",1,,,1331874.28,1670398.69
"2020-9352-19/09/2025","NORWOOD","CC OF NORWOOD,PAYNEHAM & ST PETERS",2,1,0,0,1,2020,"October","Tuesday","08:30 am",50,"Sealed","Dry","Not Raining","Daylight","Right Angle",1,,,1332044.77,1671417.32
"2020-9353-19/09/2025","ADELAIDE","CITY OF UNLEY",2,1,0,0,1,2020,"October","Tuesday","09:20 am",60,"Sealed","Dry","Not Raining","Daylight","Right Angle",2,,,1329337.07,1668989.14
"2020-9354-19/09/2025","PASADENA","CC MITCHAM.",2,1,0,0,1,2020,"October","Friday","07:35 am",60,"Sealed","Wet","Not Raining","Daylight","Right Turn",2,,,1327593.23,1663023.71
"2020-9355-19/09/2025","ANGLE VALE","CITY OF PLAYFORD.",2,2,0,0,2,2020,"October","Tuesday","10:16 am",80,"Sealed","Dry","Not Raining","Daylight","Rear End",2,,,1335361.66,1702314.86
"2020-9356-19/09/2025","YAHL","DISTRICT COUNCIL OF GRANT",2,1,0,1,0,2020,"October","Monday","05:30 pm",100,"Unsealed","Dry","Not Raining","Daylight","Hit Fixed Object",1,,,1515287.78,1329551.52
"2020-9357-19/09/2025","FERRYDEN PARK","CITY OF PORT ADELAIDE ENFIELD",4,1,0,0,1,2020,"October","Tuesday","01:25 pm",60,"Sealed","Dry","Not Raining","Daylight","Hit Parked Vehicle",1,,,1325114.9,1676343.03
"2020-9361-19/09/2025","KILBURN","CITY OF PORT ADELAIDE ENFIELD",2,1,0,0,1,2020,"October","Tuesday","02:04 pm",50,"Sealed","Dry","Not Raining","Daylight","Right Turn",2,,,1328027.15,1677780.4
"2020-9362-19/09/2025","EDWARDSTOWN","CC MARION.",2,1,0,1,0,2020,"October","Tuesday","02:17 pm",50,"Sealed","Dry","Not Raining","Daylight","Right Angle",2,,,1325071.63,1665621.26
"2020-9364-19/09/2025","HOLDEN HILL","CITY OF PORT ADELAIDE ENFIELD",2,1,0,0,1,2020,"October","Tuesday","03:30 pm",60,"Sealed","Dry","Not Raining","Daylight","Rear End",2,,,1333809.35,1678092.37
"2020-9373-19/09/2025","MORPHETT VALE","CITY OF ONKAPARINGA",2,1,0,0,1,2020,"October","Wednesday","04:25 pm",60,"Sealed","Dry","Not Raining","Daylight","Hit Pedestrian",2,,,1320791.4,1648693.6
"2020-9376-19/09/2025","TATACHILLA","CITY OF ONKAPARINGA",2,1,0,0,1,2020,"October","Tuesday","03:30 pm",90,"Sealed","Dry","Not Raining","Daylight","Right Angle",1,,,1317681.62,1637008.33
"2020-9377-19/09/2025","KENT TOWN","CC OF NORWOOD,PAYNEHAM & ST PETERS",2,1,0,0,1,2020,"October","Tuesday","07:30 am",50,"Sealed","Wet","Raining","Daylight","Right Angle",2,,,1330317.82,1671410.85
"2020-9381-19/09/2025","WOODVILLE GARDENS","CITY OF PORT ADELAIDE ENFIELD",2,1,0,0,1,2020,"October","Wednesday","06:31 am",60,"Sealed","Dry","Not Raining","Daylight","Hit Fixed Object",1,,,1323967.78,1676891.39
"2020-9390-19/09/2025","GLYNDE","CC OF NORWOOD,PAYNEHAM & ST PETERS",2,1,0,0,1,2020,"October","Tuesday","05:30 pm",60,"Sealed","Dry","Not Raining","Daylight","Side Swipe",2,,,1333793.82,1674108
"2020-9391-19/09/2025","COLONEL LIGHT GARDENS","CC MITCHAM.",2,1,0,0,1,2020,"October","Wednesday","07:50 am",50,"Sealed","Dry","Not Raining","Daylight","Right Angle",1,,,1328174.94,1664780
"2020-9396-19/09/2025","LINWOOD","LIGHT REGIONAL COUNCIL",2,1,0,1,0,2020,"October","Tuesday","04:00 pm",100,"Unsealed","Dry","Not Raining","Daylight","Right Angle",2,,,1343511.07,1731271.82
"2020-9400-19/09/2025","KILBURN","CITY OF PORT ADELAIDE ENFIELD",2,1,0,0,1,2020,"October","Wednesday","02:35 pm",60,"Sealed","Dry","Not Raining","Daylight","Right Turn",2,,,1327198.93,1677719.85
"2020-9401-19/09/2025","CLARENCE GARDENS","CC MITCHAM.",2,1,0,0,1,2020,"October","Wednesday","01:00 pm",60,"Sealed","Dry","Not Raining","Daylight","Rear End",1,,,1325915.85,1664996.64
"2020-9402-19/09/2025","ADELAIDE","CITY OF ADELAIDE",2,1,0,0,1,2020,"October","Wednesday","02:00 pm",50,"Sealed","Dry","Not Raining","Daylight","Right Angle",1,,,1328773.59,1670367.15
"2020-9408-19/09/2025","OAKLANDS PARK","CC MARION.",3,2,0,0,2,2020,"October","Wednesday","04:45 pm",60,"Sealed","Dry","Not Raining","Daylight","Rear End",1,,,1322844.64,1661367.62
"2020-9409-19/09/2025","TAILEM BEND","COORONG DISTRICT COUNCIL",2,1,0,0,1,2020,"October","Wednesday","05:10 pm",50,"Sealed","Dry","Not Raining","Daylight","Hit Fixed Object",1,,,1405158.53,1631458.06
"2020-9412-19/09/2025","PARKSIDE","CITY OF UNLEY",2,1,0,0,1,2020,"October","Wednesday","03:25 pm",60,"Sealed","Dry","Not Raining","Daylight","Rear End",1,,,1329068.79,1668591.38
"2020-9413-19/09/2025","ELIZABETH VALE","CITY OF PLAYFORD.",2,1,0,0,1,2020,"October","Wednesday","08:30 am",60,"Sealed","Dry","Not Raining","Daylight","Rear End",2,,,1334450.22,1689811.49
"2020-9414-19/09/2025","MILLSWOOD","CITY OF UNLEY",1,1,0,1,0,2020,"October","Wednesday","06:00 pm",50,"Sealed","Dry","Not Raining","Daylight","Roll Over",1,,,1326953.45,1667134.22
"2020-9419-19/09/2025","KOPPIO","DC TUMBY BAY.",2,1,0,0,1,2020,"October","Thursday","02:30 am",100,"Unsealed","Dry","Not Raining","Night","Hit Fixed Object",1,,,1081569.54,1728921.5
"2020-9420-19/09/2025","EDWARDSTOWN","CC MARION.",2,1,0,0,1,2020,"October","Thursday","06:40 am",50,"Sealed","Dry","Not Raining","Daylight","Head On",1,"Y",,1325674.61,1665837.52
"2020-9421-19/09/2025","ELIZABETH VALE","CITY OF PLAYFORD.",2,1,0,0,1,2020,"October","Thursday","07:45 am",80,"Sealed","Dry","Not Raining","Daylight","Side Swipe",1,,,1336362.43,1689747.2
"2020-9428-19/09/2025","CAMPBELLTOWN","CC CAMPBELLTOWN.",2,1,0,0,1,2020,"October","Thursday","08:35 am",60,"Sealed","Dry","Not Raining","Daylight","Rear End",2,,,1334008.65,1674902.94
"2020-9429-19/09/2025","TUSMORE","CITY OF BURNSIDE",2,1,0,0,1,2020,"October","Thursday","09:00 am",60,"Sealed","Wet","Raining","Daylight","Right Angle",1,,,1332439.61,1669049.78
"2020-9433-19/09/2025","PARAFIELD","CITY OF SALISBURY",2,1,0,0,1,2020,"October","Wednesday","06:35 pm",70,"Sealed","Dry","Not Raining","Daylight","Rear End",2,,,1331812.14,1683486.03
"2020-9434-19/09/2025","PENNESHAW","KANGAROO ISLAND COUNCIL",2,1,0,0,1,2020,"October","Thursday","11:30 am",50,"Sealed","Dry","Not Raining","Daylight","Hit Pedestrian",1,,,1265719.41,1584679.73
"2020-9439-19/09/2025","BROADVIEW","CITY OF PORT ADELAIDE ENFIELD",2,2,0,1,1,2020,"October","Thursday","03:07 pm",60,"Sealed","Dry","Not Raining","Daylight","Right Angle",1,,,1330164.43,1676475.8
"2020-9440-19/09/2025","RISDON PARK","PT.PIRIE CITY & DIST. COUNCIL",2,2,0,0,2,2020,"October","Thursday","03:40 pm",50,"Sealed","Dry","Not Raining","Daylight","Rear End",1,,,1279452.86,1864085.01
"2020-9446-19/09/2025","KINGS PARK","CITY OF UNLEY",2,1,0,0,1,2020,"October","Thursday","01:35 pm",60,"Sealed","Dry","Not Raining","Daylight","Rear End",2,,,1327491.17,1666770.37
"2020-9448-19/09/2025","MITCHELL PARK","CC MARION.",3,1,0,0,1,2020,"October","Wednesday","03:35 pm",60,"Sealed","Dry","Not Raining","Daylight","Side Swipe",1,,,1324332.16,1662917.44
"2020-9456-19/09/2025","ADELAIDE","CITY OF ADELAIDE",1,1,0,1,0,2020,"October","Thursday","08:40 pm",50,"Sealed","Wet","Raining","Night","Roll Over",1,,,1329397.54,1671172.08
"2020-9459-19/09/2025","BORDERTOWN","DC TATIARA.",3,1,0,1,0,2020,"October","Friday","04:45 am",110,"Sealed","Wet","Raining","Night","Hit Fixed Object",1,,,1516177.91,1510999.06
"2020-9464-19/09/2025","SEAFORD RISE","CITY OF ONKAPARINGA",2,2,0,1,1,2020,"October","Friday","10:00 am",60,"Sealed","Dry","Not Raining","Daylight","Head On",1,,,1317539.69,1641602.5
"2020-9465-19/09/2025","NOARLUNGA DOWNS","CITY OF ONKAPARINGA",1,1,0,0,1,2020,"October","Wednesday","05:02 pm",60,"Sealed","Dry","Not Raining","Daylight","Other",1,,,1317666.13,1646901.97
"2020-9466-19/09/2025","STURT","CC MARION.",2,1,0,0,1,2020,"October","Friday","09:20 am",60,"Sealed","Wet","Raining","Daylight","Rear End",2,,,1324418.54,1660680
"2020-9470-19/09/2025","LOXTON","LOXTON WAIKERIE DISTRICT COUNCIL",2,2,0,1,1,2020,"October","Friday","11:35 am",60,"Sealed","Wet","Not Raining","Daylight","Right Angle",2,,,1511219.2,1714498.17
"2020-9477-19/09/2025","LINDEN PARK","CITY OF BURNSIDE",2,1,0,0,1,2020,"July","Wednesday","05:50 pm",60,"Sealed","Dry","Not Raining","Night","Rear End",2,,,1332313.93,1668990.77
"2020-9481-19/09/2025","KINGS PARK","CITY OF UNLEY",2,1,0,0,1,2020,"October","Friday","05:15 pm",60,"Sealed","Dry","Not Raining","Daylight","Right Angle",2,,,1328053.53,1666223.99
"2020-9483-19/09/2025","MURRAY BRIDGE","RC MURRAY BRIDGE.",2,1,0,0,1,2020,"October","Friday","06:35 pm",50,"Sealed","Dry","Not Raining","Daylight","Hit Parked Vehicle",2,,,1389169.37,1646284.75
"2020-9490-19/09/2025","MURRAY BRIDGE","RC MURRAY BRIDGE.",3,1,0,1,0,2020,"October","Friday","11:55 pm",50,"Sealed","Dry","Not Raining","Night","Hit Fixed Object",1,,"Y",1386055.37,1645402.78
"2020-9494-19/09/2025","TRANMERE","CC CAMPBELLTOWN.",2,2,0,0,2,2020,"October","Saturday","08:35 am",60,"Sealed","Dry","Not Raining","Daylight","Right Angle",2,,,1334373.98,1671818.37
"2020-9499-19/09/2025","ST MARYS","CC MITCHAM.",3,1,0,0,1,2020,"October","Saturday","11:10 am",60,"Sealed","Dry","Not Raining","Daylight","Rear End",1,,,1325997.62,1662136.78
"2020-9501-19/09/2025","ADELAIDE","CITY OF ADELAIDE",2,1,0,0,1,2020,"October","Saturday","11:53 am",50,"Sealed","Dry","Not Raining","Daylight","Right Turn",1,,,1329235.96,1670842.02
"2020-9506-19/09/2025","OLD NOARLUNGA","CITY OF ONKAPARINGA",3,4,0,1,3,2020,"October","Saturday","03:40 pm",60,"Sealed","Dry","Not Raining","Daylight","Head On",2,,,1317979.43,1642320.58
"2020-9507-19/09/2025","EVANSTON PARK","CT GAWLER.",2,2,0,0,2,2020,"October","Saturday","04:14 pm",60,"Sealed","Dry","Not Raining","Daylight","Right Angle",1,,,1342138.85,1703567.57
"2020-9508-19/09/2025","LONG PLAINS","DC MALLALA.",2,1,0,0,1,2020,"October","Saturday","04:46 pm",80,"Unsealed","Dry","Not Raining","Daylight","Right Angle",2,,,1307944.79,1732277.97
"2020-9509-19/09/2025","HINDMARSH","CITY OF CHARLES STURT",2,1,0,0,1,2020,"October","Saturday","05:28 pm",60,"Sealed","Dry","Not Raining","Daylight","Hit Parked Vehicle",1,,,1325674.55,1673291.38
"2020-9512-19/09/2025","MOUNT GAMBIER","CC MT.GAMBIER.",2,1,0,0,1,2020,"October","Saturday","08:00 pm",50,"Sealed","Dry","Not Raining","Night","Right Turn",1,,,1510681.82,1342593.2
"2020-9514-19/09/2025","KINGSTON PARK","CITY OF HOLDFAST BAY",2,1,0,0,1,2020,"October","Saturday","10:30 pm",50,"Sealed","Dry","Not Raining","Night","Hit Fixed Object",1,,,1320777.98,1658284.69
"2020-9516-19/09/2025","NOARLUNGA CENTRE","CITY OF ONKAPARINGA",2,1,0,1,0,2020,"November","Sunday","01:35 am",60,"Sealed","Dry","Not Raining","Night","Right Angle",2,,,1318337.56,1647460.97
"2020-9527-19/09/2025","CLAPHAM","CC MITCHAM.",2,1,0,0,1,2020,"October","Saturday","06:15 pm",50,"Sealed","Dry","Not Raining","Daylight","Side Swipe",2,,,1328598.05,1663795.22
"2020-9529-19/09/2025","WOODCROFT","CITY OF ONKAPARINGA",2,1,0,0,1,2020,"November","Sunday","11:15 am",50,"Sealed","Dry","Not Raining","Daylight","Hit Parked Vehicle",1,,,1323681.24,1650209.02
"2020-9531-19/09/2025","KILKENNY","CITY OF CHARLES STURT",2,1,0,0,1,2020,"November","Sunday","12:17 pm",60,"Sealed","Dry","Not Raining","Daylight","Rear End",2,,,1324588.45,1675935.67
"2020-9532-19/09/2025","PORT NOARLUNGA","CITY OF ONKAPARINGA",2,1,0,0,1,2020,"November","Sunday","01:01 pm",50,"Sealed","Dry","Not Raining","Daylight","Hit Fixed Object",1,,"Y",1315698.59,1646337
"2020-9533-19/09/2025","NEWTON","CC CAMPBELLTOWN.",2,1,0,0,1,2020,"November","Sunday","12:25 pm",60,"Sealed","Dry","Not Raining","Daylight","Hit Pedestrian",2,,,1335378.48,1675643.65
"2020-9535-19/09/2025","ADELAIDE","CITY OF ADELAIDE",2,1,0,0,1,2020,"November","Sunday","02:30 pm",50,"Sealed","Dry","Not Raining","Daylight","Rear End",2,,,1327665.78,1670010.46
"2020-9537-19/09/2025","HILTON","CITY OF WEST TORRENS",2,2,0,0,2,2020,"November","Sunday","08:45 am",60,"Sealed","Dry","Not Raining","Daylight","Rear End",2,,,1325766.21,1670076.38
"2020-9539-19/09/2025","MOANA","CITY OF ONKAPARINGA",2,1,0,0,1,2020,"November","Sunday","02:42 pm",50,"Sealed","Dry","Not Raining","Daylight","Side Swipe",2,,,1315723.57,1641134.64
"2020-9542-19/09/2025","MEADOWS","DC MT.BARKER.",2,1,0,0,1,2020,"November","Sunday","03:10 pm",100,"Sealed","Dry","Not Raining","Daylight","Hit Fixed Object",1,,"Y",1338933.46,1642312.5
"2020-9543-19/09/2025","CHRISTIES BEACH","CITY OF ONKAPARINGA",1,1,0,0,1,2020,"November","Sunday","05:58 pm",50,"Sealed","Dry","Not Raining","Daylight","Roll Over",1,,,1316571.57,1648201.34