"REPORT_ID","Suburb","LGA Name","Total Units","Total Cas","Total Fats","Total SI","Total MI","Year","Month","Day","Time","Area Speed","Road Surface","Moisture Cond","Weather Cond","DayNight","Crash Type","Unit Resp","DUI Involved","Drugs Involved","ACCLOC_X","ACCLOC_Y"
"2020-9544-19/09/2025","CROMER","THE ADELAIDE HILLS COUNCIL",2,2,0,0,2,2020,"November","Sunday","03:15 pm",100,"Sealed","Dry","Not Raining","Daylight","Right Angle",1,,,1361394.91,1684498.8
"2020-9545-19/09/2025","SALISBURY DOWNS","CITY OF SALISBURY",2,1,0,0,1,2020,"November","Sunday","04:48 pm",50,"Sealed","Dry","Not Raining","Daylight","Right Angle",1,,,1331466.66,1688289.85
"2020-9548-19/09/2025","KENSINGTON GARDENS","CITY OF BURNSIDE",2,1,0,0,1,2020,"November","Sunday","08:15 pm",60,"Sealed","Dry","Not Raining","Night","Rear End",2,,"Y",1334151.21,1670468.53
"2020-9552-19/09/2025","KYANCUTTA","DC WUDINNA. (DC LE HUNTE.)",3,2,0,1,1,2020,"November","Sunday","03:30 pm",110,"Sealed","Dry","Not Raining","Daylight","Head On",2,,,1063097.11,1873947.24
"2020-9555-19/09/2025","BURRA","REGIONAL COUNCIL OF GOYDER",2,2,1,0,1,2020,"November","Sunday","03:10 pm",110,"Sealed","Dry","Not Raining","Daylight","Other",1,,,1356829.78,1816035.75
"2020-9559-19/09/2025","GLENELG EAST","CITY OF HOLDFAST BAY",2,1,0,0,1,2020,"November","Monday","08:51 am",60,"Sealed","Dry","Not Raining","Daylight","Rear End",1,,,1321274.47,1664158.07
"2020-9560-19/09/2025","HENLEY BEACH","CITY OF CHARLES STURT",2,1,0,0,1,2020,"November","Monday","08:35 am",50,"Sealed","Dry","Not Raining","Daylight","Right Turn",1,,,1319109.66,1673032.14
"2020-9561-19/09/2025","NORTH ADELAIDE","CITY OF ADELAIDE",3,1,0,0,1,2020,"November","Monday","08:15 am",50,"Sealed","Dry","Not Raining","Daylight","Rear End",1,,,1329051.49,1672201.93
"2020-9564-19/09/2025","UNDERDALE","CITY OF WEST TORRENS",2,1,0,0,1,2020,"November","Monday","09:48 am",60,"Sealed","Dry","Not Raining","Daylight","Right Angle",1,,,1324328.3,1670954.65
"2020-9567-19/09/2025","BROOKLYN PARK","CITY OF WEST TORRENS",2,1,0,0,1,2020,"November","Monday","11:05 am",60,"Sealed","Dry","Not Raining","Daylight","Rear End",2,,,1323461.92,1670094
"2020-9569-19/09/2025","POORAKA","CITY OF SALISBURY",2,1,0,0,1,2020,"November","Monday","01:40 pm",60,"Sealed","Dry","Not Raining","Daylight","Right Turn",2,,,1331015.05,1680310.68
"2020-9571-19/09/2025","TORRENSVILLE","CITY OF WEST TORRENS",2,1,0,0,1,2020,"November","Monday","08:20 am",50,"Sealed","Dry","Not Raining","Daylight","Right Angle",2,,,1325620.4,1671202.58
"2020-9575-19/09/2025","HOVE","CITY OF HOLDFAST BAY",2,1,0,0,1,2020,"November","Monday","02:20 pm",60,"Sealed","Dry","Not Raining","Daylight","Right Angle",2,,,1321113.15,1661543.36
"2020-9580-19/09/2025","WEST HINDMARSH","CITY OF CHARLES STURT",2,1,0,0,1,2020,"November","Monday","04:30 pm",50,"Sealed","Dry","Not Raining","Daylight","Hit Parked Vehicle",1,,,1325277.22,1672878.55
"2020-9582-19/09/2025","CUDLEE CREEK","THE ADELAIDE HILLS COUNCIL",2,2,0,0,2,2020,"November","Monday","05:05 pm",80,"Sealed","Dry","Not Raining","Daylight","Rear End",2,,,1350915.28,1677819.34
"2020-9586-19/09/2025","VALLEY VIEW","CITY OF PORT ADELAIDE ENFIELD",2,1,0,0,1,2020,"November","Monday","05:25 pm",60,"Sealed","Dry","Not Raining","Daylight","Right Turn",2,,,1334550.17,1679386.94
"2020-9587-19/09/2025","SEMAPHORE","CITY OF PORT ADELAIDE ENFIELD",2,1,0,0,1,2020,"November","Monday","05:57 pm",60,"Sealed","Dry","Not Raining","Daylight","Right Angle",2,,,1318097.31,1680285.61
"2020-9588-19/09/2025","SALISBURY EAST","CITY OF SALISBURY",2,1,0,0,1,2020,"November","Monday","03:40 pm",60,"Sealed","Dry","Not Raining","Daylight","Rear End",1,,,1334189.82,1684652.72
"2020-9590-19/09/2025","MONARTO SOUTH","RC MURRAY BRIDGE.",2,1,0,0,1,2020,"November","Monday","07:00 pm",110,"Sealed","Dry","Not Raining","Daylight","Hit Fixed Object",1,,"Y",1377048.65,1645015.15
"2020-9593-19/09/2025","CUMBERLAND PARK","CC MITCHAM.",2,2,0,0,2,2020,"November","Monday","11:20 am",60,"Sealed","Dry","Not Raining","Daylight","Rear End",2,,,1327530.41,1665438.46
"2020-9594-19/09/2025","LOCKLEYS","CITY OF WEST TORRENS",2,1,0,0,1,2020,"November","Monday","10:16 pm",60,"Sealed","Dry","Not Raining","Night","Right Angle",2,"Y",,1320911.17,1669960.22
"2020-9598-19/09/2025","THEBARTON","CITY OF WEST TORRENS",4,2,0,0,2,2020,"November","Tuesday","08:01 am",60,"Sealed","Dry","Not Raining","Daylight","Rear End",1,,,1326567.53,1671768.14
"2020-9599-19/09/2025","WHYALLA PLAYFORD","CC WHYALLA.",2,1,0,0,1,2020,"November","Tuesday","07:39 am",60,"Sealed","Dry","Not Raining","Daylight","Hit Fixed Object",1,,"Y",1239038.94,1883433.53
"2020-9600-19/09/2025","SOMERTON PARK","CITY OF HOLDFAST BAY",2,1,0,0,1,2020,"November","Monday","06:15 pm",50,"Sealed","Dry","Not Raining","Daylight","Right Angle",1,,,1320871.16,1663047.12
"2020-9602-19/09/2025","BIRDWOOD","THE ADELAIDE HILLS COUNCIL",2,1,0,1,0,2020,"November","Tuesday","07:30 am",100,"Sealed","Dry","Not Raining","Daylight","Hit Fixed Object",1,,"Y",1367413.7,1682440.6
"2020-9605-19/09/2025","EVANSTON SOUTH","CT GAWLER.",3,3,0,0,3,2020,"November","Tuesday","08:35 am",90,"Sealed","Dry","Not Raining","Daylight","Right Angle",1,,,1340956.93,1701980.69
"2020-9607-19/09/2025","EVANSTON GARDENS","CT GAWLER.",3,2,0,0,2,2020,"November","Tuesday","09:00 am",80,"Sealed","Dry","Not Raining","Daylight","Rear End",1,,,1339250.11,1703219.62
"2020-9611-19/09/2025","EDEN HILLS","CC MITCHAM.",2,1,0,0,1,2020,"November","Tuesday","11:15 am",50,"Sealed","Dry","Not Raining","Daylight","Hit Fixed Object",1,,,1328018.08,1660342.25
"2020-9612-19/09/2025","KESWICK TERMINAL","CITY OF WEST TORRENS",2,1,0,0,1,2020,"November","Tuesday","11:15 am",60,"Sealed","Dry","Not Raining","Daylight","Rear End",2,,,1326431.95,1668966.24
"2020-9613-19/09/2025","PARALOWIE","CITY OF SALISBURY",2,1,0,1,0,2020,"November","Tuesday","11:20 am",50,"Sealed","Dry","Not Raining","Daylight","Hit Fixed Object",1,,"Y",1330945.07,1690039.31
"2020-9615-19/09/2025","WOODVILLE NORTH","CITY OF CHARLES STURT",2,1,0,0,1,2020,"November","Tuesday","11:13 am",60,"Sealed","Dry","Not Raining","Daylight","Rear End",1,,,1323076.99,1677139.12
"2020-9616-19/09/2025","HAZELWOOD PARK","CITY OF BURNSIDE",2,1,0,0,1,2020,"November","Tuesday","12:38 pm",60,"Sealed","Dry","Not Raining","Daylight","Right Turn",2,,,1333327.15,1669080.98
"2020-9617-19/09/2025","BROADVIEW","CITY OF PORT ADELAIDE ENFIELD",2,1,0,0,1,2020,"November","Tuesday","12:15 pm",60,"Sealed","Dry","Not Raining","Daylight","Hit Parked Vehicle",1,,,1329843.07,1676467.09
"2020-9621-19/09/2025","PARALOWIE","CITY OF SALISBURY",2,1,0,0,1,2020,"November","Tuesday","03:25 pm",50,"Sealed","Dry","Not Raining","Daylight","Hit Pedestrian",2,,,1330340.62,1689180.17
"2020-9624-19/09/2025","GOLDEN GROVE","CITY OF TEA TREE GULLY",2,1,0,0,1,2020,"November","Tuesday","03:45 pm",60,"Sealed","Dry","Not Raining","Daylight","Right Turn",2,,,1337889.71,1685361.47
"2020-9626-19/09/2025","MARDEN","CC OF NORWOOD,PAYNEHAM & ST PETERS",2,1,0,1,0,2020,"November","Tuesday","04:50 pm",60,"Sealed","Dry","Not Raining","Daylight","Right Angle",2,,,1331873.74,1674116.49
"2020-9627-19/09/2025","REGENCY PARK","CITY OF PORT ADELAIDE ENFIELD",2,1,0,1,0,2020,"November","Tuesday","03:30 pm",90,"Sealed","Dry","Not Raining","Daylight","Hit Fixed Object",1,,"Y",1325758.38,1677960.09
"2020-9629-19/09/2025","LEAWOOD GARDENS","CITY OF BURNSIDE",4,1,0,0,1,2020,"November","Tuesday","04:45 pm",90,"Sealed","Dry","Not Raining","Daylight","Rear End",1,,,1335398.46,1665022.83
"2020-9632-19/09/2025","ADELAIDE","CITY OF ADELAIDE",2,1,0,0,1,2020,"November","Tuesday","04:05 pm",50,"Sealed","Dry","Not Raining","Daylight","Side Swipe",1,,,1329069.63,1671643.37
"2020-9634-19/09/2025","MURRAY BRIDGE","RC MURRAY BRIDGE.",2,1,0,1,0,2020,"November","Tuesday","07:00 pm",50,"Sealed","Dry","Not Raining","Daylight","Hit Pedestrian",1,,,1389952.88,1644208.98
"2020-9636-19/09/2025","ADELAIDE","CITY OF ADELAIDE",3,1,0,0,1,2020,"November","Tuesday","08:00 pm",50,"Sealed","Dry","Not Raining","Night","Right Angle",1,,,1327702.38,1670334.32
"2020-9640-19/09/2025","ST MARYS","CC MARION.",2,1,0,0,1,2020,"November","Wednesday","08:11 am",60,"Sealed","Wet","Raining","Daylight","Side Swipe",1,,,1325986.63,1662142.66
"2020-9641-19/09/2025","WILLUNGA","CITY OF ONKAPARINGA",2,1,0,0,1,2020,"November","Wednesday","07:41 am",100,"Sealed","Dry","Not Raining","Daylight","Head On",1,,,1321326.16,1633243.74
"2020-9643-19/09/2025","MUNNO PARA WEST","CITY OF PLAYFORD.",1,1,0,1,0,2020,"November","Wednesday","08:05 am",60,"Sealed","Dry","Not Raining","Daylight","Roll Over",1,,,1336448.96,1699356.66
"2020-9644-19/09/2025","BELAIR","CC MITCHAM.",1,1,0,0,1,2020,"November","Wednesday","07:45 am",60,"Sealed","Wet","Raining","Daylight","Roll Over",1,,,1330277.84,1662585.36
"2020-9649-19/09/2025","ADELAIDE","CITY OF ADELAIDE",2,1,0,0,1,2020,"November","Wednesday","07:50 am",50,"Sealed","Dry","Not Raining","Daylight","Hit Parked Vehicle",2,,,1327772.35,1670650.78
"2020-9650-19/09/2025","SOUTH PLYMPTON","CC MARION.",2,1,0,0,1,2020,"November","Wednesday","11:47 am",60,"Sealed","Dry","Not Raining","Daylight","Right Turn",2,,,1324280.93,1665104.48
"2020-9656-19/09/2025","MURTHO","DC RENMARK PARINGA",1,1,1,0,0,2020,"November","Tuesday","04:00 pm",50,"Unsealed","Dry","Not Raining","Daylight","Other",1,"Y",,1532329.45,1757269.34
"2020-9659-19/09/2025","KLEMZIG","CITY OF PORT ADELAIDE ENFIELD",2,1,0,0,1,2020,"November","Wednesday","04:10 pm",60,"Sealed","Dry","Not Raining","Daylight","Right Turn",1,,,1331594.28,1676179.97
"2020-9662-19/09/2025","WINDSOR GARDENS","CITY OF PORT ADELAIDE ENFIELD",2,1,0,0,1,2020,"November","Wednesday","04:35 pm",60,"Sealed","Dry","Not Raining","Daylight","Rear End",2,,,1333135.99,1677498.22
"2020-9666-19/09/2025","BLAKEVIEW","CITY OF PLAYFORD.",1,1,0,0,1,2020,"November","Wednesday","06:40 pm",50,"Sealed","Dry","Not Raining","Daylight","Roll Over",1,,,1339376.6,1697650.15
"2020-9671-19/09/2025","WAYVILLE","CITY OF UNLEY",2,1,0,0,1,2020,"November","Wednesday","10:00 pm",60,"Sealed","Dry","Not Raining","Night","Hit Fixed Object",1,"Y",,1327442.18,1668442.5
"2020-9672-19/09/2025","HAWTHORN","CC MITCHAM.",2,1,0,0,1,2020,"November","Thursday","08:57 am",60,"Sealed","Dry","Not Raining","Daylight","Right Turn",1,,,1329161.45,1665346.22
"2020-9673-19/09/2025","SALISBURY EAST","CITY OF SALISBURY",3,1,0,0,1,2020,"November","Thursday","08:30 am",60,"Sealed","Dry","Not Raining","Daylight","Rear End",1,,,1334724.12,1685342.11
"2020-9677-19/09/2025","SEACLIFF PARK","CITY OF HOLDFAST BAY",2,1,0,0,1,2020,"November","Thursday","08:40 am",60,"Sealed","Dry","Not Raining","Daylight","Rear End",2,,,1321187.59,1659325.76
"2020-9680-19/09/2025","HILLCREST","CITY OF PORT ADELAIDE ENFIELD",2,1,0,0,1,2020,"November","Thursday","11:20 am",50,"Sealed","Dry","Not Raining","Daylight","Right Angle",2,,,1333086.62,1677604.41
"2020-9683-19/09/2025","KIDMAN PARK","CITY OF CHARLES STURT",4,2,0,0,2,2020,"November","Thursday","01:55 pm",60,"Sealed","Dry","Not Raining","Daylight","Right Angle",1,,,1322420.13,1673116.28
"2020-9684-19/09/2025","DRY CREEK","CITY OF PORT ADELAIDE ENFIELD",2,1,0,0,1,2020,"November","Thursday","02:10 pm",70,"Sealed","Dry","Not Raining","Daylight","Right Turn",1,,,1327751.83,1679804.64
"2020-9685-19/09/2025","HOLDEN HILL","CITY OF PORT ADELAIDE ENFIELD",2,1,0,1,0,2020,"November","Thursday","12:05 pm",60,"Sealed","Dry","Not Raining","Daylight","Hit Pedestrian",1,,,1333953.14,1677954.56
"2020-9689-19/09/2025","HAPPY VALLEY","CITY OF ONKAPARINGA",2,3,0,0,3,2020,"November","Thursday","03:50 pm",70,"Sealed","Dry","Not Raining","Daylight","Right Angle",1,,,1325546.48,1653383.59
"2020-9694-19/09/2025","ONE TREE HILL","CITY OF PLAYFORD.",2,1,0,0,1,2020,"November","Thursday","04:00 pm",80,"Sealed","Dry","Not Raining","Daylight","Hit Fixed Object",1,,,1345387.24,1692281.39
"2020-9699-19/09/2025","GLANDORE","CITY OF WEST TORRENS",2,1,0,1,0,2020,"November","Thursday","04:30 pm",50,"Sealed","Dry","Not Raining","Daylight","Hit Fixed Object",1,,,1325593.74,1667006.41
"2020-9700-19/09/2025","HINDMARSH VALLEY","DC VICTOR HARBOR.",2,1,0,1,0,2020,"November","Thursday","04:25 pm",100,"Sealed","Dry","Not Raining","Daylight","Hit Fixed Object",1,,,1329145.34,1608435.2
"2020-9701-19/09/2025","SEAFORD RISE","CITY OF ONKAPARINGA",2,1,0,0,1,2020,"November","Wednesday","06:50 pm",60,"Sealed","Dry","Not Raining","Daylight","Rear End",2,,,1316917.28,1641583.8
"2020-9702-19/09/2025","SAMPSON FLAT","CITY OF TEA TREE GULLY",2,1,0,0,1,2020,"November","Thursday","07:10 pm",80,"Sealed","Dry","Not Raining","Daylight","Hit Fixed Object",1,"Y",,1344818.76,1690053.51
"2020-9705-19/09/2025","WOODVILLE WEST","CITY OF CHARLES STURT",1,1,0,1,0,2020,"November","Thursday","10:00 pm",60,"Sealed","Dry","Not Raining","Night","Roll Over",1,,,1322369.97,1675320.81
"2020-9707-19/09/2025","KOONIBBA","DC CEDUNA",1,1,1,0,0,2020,"November","Thursday","07:00 pm",100,"Sealed","Dry","Not Raining","Daylight","Other",1,,"Y",850882.95,2006929.85
"2020-9713-19/09/2025","NORTH ADELAIDE","CITY OF ADELAIDE",2,1,0,0,1,2020,"November","Thursday","04:55 pm",50,"Sealed","Dry","Not Raining","Daylight","Right Angle",2,,,1328712.5,1672393.66
"2020-9722-19/09/2025","GLENUNGA","CITY OF UNLEY",2,1,0,0,1,2020,"November","Friday","01:05 pm",60,"Sealed","Dry","Not Raining","Daylight","Right Angle",2,,"Y",1331794.86,1667284.65
"2020-9737-19/09/2025","PROSPECT","CITY OF PROSPECT",2,1,0,0,1,2020,"November","Friday","05:40 pm",60,"Sealed","Dry","Not Raining","Daylight","Rear End",2,,,1327258.63,1675544.03
"2020-9747-19/09/2025","MONGOLATA","REGIONAL COUNCIL OF GOYDER",2,4,0,2,2,2020,"November","Friday","05:00 pm",100,"Unsealed","Dry","Not Raining","Daylight","Hit Fixed Object",1,,,1379107.36,1816521.14
"2020-9749-19/09/2025","WINGFIELD","CITY OF PORT ADELAIDE ENFIELD",2,2,0,0,2,2020,"November","Friday","10:45 pm",60,"Sealed","Dry","Not Raining","Night","Right Angle",2,,,1325562.7,1679205.12
"2020-9752-19/09/2025","HINDMARSH","CITY OF CHARLES STURT",2,1,0,0,1,2020,"November","Friday","11:53 pm",60,"Sealed","Dry","Not Raining","Night","Rear End",2,,,1325539.86,1673426
"2020-9753-19/09/2025","HAMPDEN","REGIONAL COUNCIL OF GOYDER",1,1,0,0,1,2020,"November","Friday","09:25 pm",100,"Unsealed","Dry","Not Raining","Night","Roll Over",1,,,1373203.17,1756261.82
"2020-9755-19/09/2025","CONDOWIE","WAKEFIELD REGIONAL COUNCIL",3,1,0,0,1,2020,"November","Saturday","06:00 am",110,"Sealed","Dry","Not Raining","Night","Hit Animal",1,,,1312280.68,1795905.84
"2020-9757-19/09/2025","MUNNO PARA","CITY OF PLAYFORD.",2,1,0,0,1,2020,"November","Friday","05:00 pm",90,"Sealed","Dry","Not Raining","Daylight","Rear End",2,,,1338800.72,1698866.66
"2020-9760-19/09/2025","YATTALUNGA","CITY OF PLAYFORD.",1,1,0,0,1,2020,"November","Saturday","11:02 am",100,"Sealed","Dry","Not Raining","Daylight","Left Road - Out of Control",1,,,1349035.43,1695551.74
"2020-9764-19/09/2025","GLENELG SOUTH","CITY OF HOLDFAST BAY",2,1,0,0,1,2020,"November","Saturday","09:00 am",50,"Sealed","Dry","Not Raining","Daylight","Right Angle",1,,,1320556.17,1664006.47
"2020-9766-19/09/2025","KESWICK TERMINAL","CITY OF WEST TORRENS",2,1,0,0,1,2020,"November","Friday","11:00 am",60,"Sealed","Dry","Not Raining","Daylight","Rear End",2,,,1326472.04,1668967.27
"2020-9769-19/09/2025","REGENCY PARK","CITY OF PORT ADELAIDE ENFIELD",2,1,0,0,1,2020,"November","Saturday","05:25 pm",40,"Sealed","Dry","Not Raining","Daylight","Rear End",1,,,1326117.7,1676380.71
"2020-9773-19/09/2025","ST MARYS","CC MITCHAM.",3,1,0,0,1,2020,"November","Saturday","10:15 pm",50,"Sealed","Dry","Not Raining","Night","Hit Fixed Object",1,"Y",,1326685.7,1661866.2
"2020-9775-19/09/2025","OUTER HARBOR","CITY OF PORT ADELAIDE ENFIELD",2,1,0,1,0,2020,"November","Saturday","11:33 pm",60,"Sealed","Dry","Not Raining","Night","Rear End",1,"Y",,1319486.77,1687127.23
"2020-9776-19/09/2025","CHERRY GARDENS","CITY OF ONKAPARINGA",2,1,0,1,0,2020,"November","Sunday","01:50 am",70,"Sealed","Dry","Not Raining","Night","Hit Fixed Object",1,,,1331399.39,1654451.96
"2020-9779-19/09/2025","CLARENDON","CITY OF ONKAPARINGA",2,1,0,0,1,2020,"November","Saturday","11:05 am",80,"Sealed","Dry","Not Raining","Daylight","Right Turn",2,,,1327844.8,1650650.71
"2020-9780-19/09/2025","PARADISE","CC CAMPBELLTOWN.",2,1,0,0,1,2020,"November","Sunday","10:10 am",60,"Sealed","Dry","Not Raining","Daylight","Rear End",2,,,1335339.12,1676529.74
"2020-9781-19/09/2025","ROSE PARK","CITY OF BURNSIDE",2,1,0,0,1,2020,"November","Saturday","11:28 am",60,"Sealed","Dry","Not Raining","Daylight","Right Turn",1,,,1330659.98,1669865.61
"2020-9788-19/09/2025","FREWVILLE","CITY OF UNLEY",2,1,0,0,1,2020,"November","Sunday","12:30 am",60,"Sealed","Dry","Not Raining","Night","Rear End",2,,,1331394.24,1667796.7
"2020-9789-19/09/2025","ELIZABETH PARK","CITY OF PLAYFORD.",2,1,0,0,1,2020,"November","Sunday","02:52 pm",80,"Sealed","Dry","Not Raining","Daylight","Rear End",1,,,1335972.14,1693727.26
"2020-9790-19/09/2025","WINDSOR","DC MALLALA.",1,2,0,2,0,2020,"November","Sunday","02:14 pm",100,"Sealed","Dry","Not Raining","Daylight","Roll Over",1,,,1302320.29,1725039.84
"2020-9791-19/09/2025","CHRISTIES BEACH","CITY OF ONKAPARINGA",2,1,0,0,1,2020,"November","Sunday","03:10 pm",40,"Sealed","Dry","Not Raining","Daylight","Right Angle",1,,,1316447.1,1648604.89
"2020-9792-19/09/2025","TOWITTA","MID MURRAY DISTRICT COUNCIL",2,2,0,1,1,2020,"November","Saturday","03:15 pm",100,"Sealed","Dry","Not Raining","Daylight","Hit Fixed Object",1,,,1388759.98,1709402.17
"2020-9794-19/09/2025","REDBANKS","DC MALLALA.",2,1,0,0,1,2020,"November","Sunday","01:45 pm",100,"Unsealed","Dry","Not Raining","Daylight","Hit Fixed Object",1,,,1329039.49,1719692.59
"2020-9796-19/09/2025","ADELAIDE","CITY OF ADELAIDE",2,1,0,1,0,2020,"November","Sunday","07:00 pm",50,"Sealed","Dry","Not Raining","Daylight","Hit Pedestrian",1,,,1329043.2,1670049.08
"2020-9799-19/09/2025","WOLSELEY","DC TATIARA.",2,1,0,0,1,2020,"November","Monday","07:29 am",100,"Unsealed","Dry","Not Raining","Daylight","Hit Fixed Object",1,,,1534463.14,1503581.97
"2020-9800-19/09/2025","CUDLEE CREEK","THE ADELAIDE HILLS COUNCIL",1,1,0,0,1,2020,"November","Sunday","11:00 am",80,"Sealed","Dry","Not Raining","Daylight","Roll Over",1,,,1346824.3,1679210.02
"2020-9801-19/09/2025","MILE END","CITY OF WEST TORRENS",2,1,0,0,1,2020,"November","Friday","11:40 am",60,"Sealed","Dry","Not Raining","Daylight","Rear End",2,,,1325746.57,1670649.54
"2020-9804-19/09/2025","SEAFORD MEADOWS","CITY OF ONKAPARINGA",2,1,0,0,1,2020,"November","Monday","11:25 am",60,"Sealed","Dry","Not Raining","Daylight","Rear End",2,,,1318129.77,1642890.63
"2020-9806-19/09/2025","GAWLER SOUTH","CT GAWLER.",2,1,0,0,1,2020,"November","Monday","02:15 pm",60,"Sealed","Dry","Not Raining","Daylight","Hit Pedestrian",1,,,1342764.41,1704818.17
"2020-9809-19/09/2025","EDINBURGH NORTH","CITY OF PLAYFORD.",2,1,0,0,1,2020,"November","Monday","03:28 pm",60,"Sealed","Dry","Not Raining","Daylight","Rear End",2,,,1335332.94,1695290.04
"2020-9810-19/09/2025","MODBURY NORTH","CITY OF TEA TREE GULLY",2,1,0,0,1,2020,"November","Monday","03:20 pm",60,"Sealed","Dry","Not Raining","Daylight","Right Angle",1,,"Y",1337412.88,1681362.13
"2020-9814-19/09/2025","SMITHFIELD","CITY OF PLAYFORD.",2,1,0,0,1,2020,"November","Wednesday","04:50 pm",80,"Sealed","Dry","Not Raining","Daylight","Rear End",1,,,1337582.6,1696601.61
"2020-9815-19/09/2025","ST MARYS","CC MARION.",2,1,0,0,1,2020,"November","Monday","11:45 am",60,"Sealed","Dry","Not Raining","Daylight","Side Swipe",1,,,1325957.35,1663238.51
"2020-9819-19/09/2025","WEST HINDMARSH","CITY OF CHARLES STURT",2,1,0,0,1,2020,"November","Monday","06:20 pm",60,"Sealed","Dry","Not Raining","Daylight","Side Swipe",2,,,1325136.38,1673756.52
"2020-9820-19/09/2025","WARRADALE","CC MARION.",2,3,0,0,3,2020,"November","Monday","06:50 pm",60,"Sealed","Dry","Not Raining","Daylight","Right Turn",2,,,1321899.38,1663030.85
"2020-9822-19/09/2025","YANKALILLA","DC YANKALILLA.",2,1,0,0,1,2020,"November","Monday","01:45 pm",80,"Unsealed","Dry","Not Raining","Daylight","Hit Fixed Object",1,,,1304103.68,1613874.2
"2020-9825-19/09/2025","BURTON","CITY OF SALISBURY",2,1,0,0,1,2020,"November","Tuesday","07:30 am",50,"Sealed","Dry","Not Raining","Daylight","Hit Fixed Object",1,,,1329205.82,1691419.46
"2020-9826-19/09/2025","MAGILL","CITY OF BURNSIDE",2,1,0,1,0,2020,"November","Tuesday","08:03 am",60,"Sealed","Dry","Not Raining","Daylight","Right Turn",1,,,1334971.89,1671834.86
"2020-9833-19/09/2025","BALAKLAVA","WAKEFIELD REGIONAL COUNCIL",2,1,0,0,1,2020,"November","Tuesday","09:00 am",50,"Sealed","Dry","Not Raining","Daylight","Right Angle",1,,,1313960.69,1757619.58
"2020-9836-19/09/2025","EDINBURGH NORTH","CITY OF PLAYFORD.",2,1,0,0,1,2020,"November","Monday","07:30 pm",60,"Sealed","Dry","Not Raining","Daylight","Right Angle",2,,,1334921.32,1694319.84
"2020-9837-19/09/2025","LOWER HERMITAGE","THE ADELAIDE HILLS COUNCIL",1,1,0,0,1,2020,"November","Sunday","02:00 pm",60,"Sealed","Dry","Not Raining","Daylight","Roll Over",1,,,1343345.21,1682188.83
"2020-9838-19/09/2025","HINDMARSH VALLEY","DC VICTOR HARBOR.",2,1,0,0,1,2020,"November","Monday","10:20 am",100,"Sealed","Dry","Not Raining","Daylight","Hit Fixed Object",1,,,1330009.05,1610127.86
"2020-9840-19/09/2025","BOLIVAR","CITY OF SALISBURY",2,1,0,0,1,2020,"November","Tuesday","01:36 pm",90,"Sealed","Dry","Not Raining","Daylight","Right Angle",1,,,1328457.27,1688613.24
"2020-9842-19/09/2025","GEPPS CROSS","CITY OF PORT ADELAIDE ENFIELD",2,1,0,0,1,2020,"November","Tuesday","08:47 am",60,"Sealed","Dry","Not Raining","Daylight","Rear End",2,,,1330377.17,1679315.41
"2020-9845-19/09/2025","MARION","CC MARION.",2,1,0,1,0,2020,"November","Tuesday","03:20 pm",60,"Sealed","Dry","Not Raining","Daylight","Right Turn",2,,,1324366.05,1661874.49
"2020-9851-19/09/2025","HACKNEY","CC OF NORWOOD,PAYNEHAM & ST PETERS",2,1,0,1,0,2020,"November","Tuesday","02:40 pm",60,"Sealed","Dry","Not Raining","Daylight","Right Angle",2,"Y",,1329902.14,1671311.39
"2020-9854-19/09/2025","MURRAY BRIDGE","RC MURRAY BRIDGE.",2,1,0,0,1,2020,"November","Tuesday","04:10 pm",50,"Sealed","Dry","Not Raining","Daylight","Side Swipe",2,,,1389616.84,1645747.73
"2020-9860-19/09/2025","WARRADALE","CC MARION.",2,1,0,0,1,2020,"November","Tuesday","11:05 pm",60,"Sealed","Wet","Raining","Night","Hit Fixed Object",1,"Y","Y",1322634.48,1663043.38
"2020-9863-19/09/2025","BURTON","CITY OF SALISBURY",2,1,0,0,1,2020,"November","Wednesday","07:05 am",50,"Sealed","Dry","Not Raining","Daylight","Right Angle",1,,,1330606.56,1691397.82
"2020-9865-19/09/2025","KADINA","COPPER COAST DISTRICT COUNCIL",2,1,0,0,1,2020,"November","Wednesday","07:30 am",60,"Sealed","Wet","Not Raining","Daylight","Hit Fixed Object",1,,,1251110.94,1779141.59
"2020-9874-19/09/2025","FULHAM","CITY OF WEST TORRENS",2,1,0,0,1,2020,"November","Wednesday","09:19 am",60,"Sealed","Dry","Not Raining","Daylight","Rear End",2,,,1320981.07,1670844.76
"2020-9875-19/09/2025","DUBLIN","DC MALLALA.",2,2,0,0,2,2020,"November","Wednesday","08:50 am",110,"Sealed","Dry","Not Raining","Daylight","Right Angle",1,,,1307934.21,1723654.09
"2020-9879-19/09/2025","LARGS NORTH","CITY OF PORT ADELAIDE ENFIELD",2,1,0,0,1,2020,"November","Wednesday","11:45 am",60,"Sealed","Dry","Not Raining","Daylight","Right Angle",1,,,1319876.38,1683138.42
"2020-9882-19/09/2025","BUTE","BARUNGA WEST DISTRICT COUNCIL",2,1,0,0,1,2020,"November","Wednesday","11:50 am",100,"Sealed","Dry","Not Raining","Daylight","Hit Fixed Object",1,,"Y",1278663.89,1788091.97