"REPORT_ID","Suburb","LGA Name","Total Units","Total Cas","Total Fats","Total SI","Total MI","Year","Month","Day","Time","Area Speed","Road Surface","Moisture Cond","Weather Cond","DayNight","Crash Type","Unit Resp","DUI Involved","Drugs Involved","ACCLOC_X","ACCLOC_Y"
"2020-9884-19/09/2025","ADELAIDE","CITY OF ADELAIDE",2,1,0,0,1,2020,"November","Tuesday","09:25 pm",50,"Sealed","Wet","Raining","Night","Rear End",1,,,1329184.16,1671154.24
"2020-9887-19/09/2025","BEVERLEY","CITY OF CHARLES STURT",2,3,0,0,3,2020,"November","Wednesday","11:25 am",60,"Sealed","Dry","Not Raining","Daylight","Right Angle",1,,,1323496.29,1675173.01
"2020-9888-19/09/2025","BIRKENHEAD","CITY OF PORT ADELAIDE ENFIELD",2,1,0,0,1,2020,"November","Monday","06:50 am",60,"Sealed","Dry","Not Raining","Daylight","Rear End",1,,,1320271.88,1680652.1
"2020-9891-19/09/2025","PORT ADELAIDE","CITY OF PORT ADELAIDE ENFIELD",2,1,0,0,1,2020,"November","Wednesday","03:33 pm",50,"Sealed","Dry","Not Raining","Daylight","Right Angle",1,,,1320350.96,1679569.09
"2020-9892-19/09/2025","HOPE VALLEY","CITY OF TEA TREE GULLY",2,1,0,0,1,2020,"November","Tuesday","07:15 am",60,"Sealed","Dry","Not Raining","Daylight","Right Turn",2,,,1336918.1,1679461.71
"2020-9893-19/09/2025","WAYVILLE","CITY OF UNLEY",2,1,0,0,1,2020,"November","Wednesday","03:25 pm",60,"Sealed","Dry","Not Raining","Daylight","Right Angle",2,,,1328087.35,1668953.63
"2020-9895-19/09/2025","LOCKLEYS","CITY OF WEST TORRENS",2,1,0,0,1,2020,"November","Wednesday","03:37 pm",60,"Sealed","Dry","Not Raining","Daylight","Right Angle",1,,,1321809.89,1670856.92
"2020-9900-19/09/2025","PROSPECT","CITY OF PROSPECT",2,1,0,0,1,2020,"November","Wednesday","05:36 pm",60,"Sealed","Dry","Not Raining","Daylight","Rear End",2,,,1328094.52,1676424.23
"2020-9901-19/09/2025","MUNNO PARA","CITY OF PLAYFORD.",2,1,0,0,1,2020,"November","Wednesday","05:25 pm",60,"Sealed","Dry","Not Raining","Daylight","Rear End",2,,,1337766.13,1697997.03
"2020-9902-19/09/2025","VICTOR HARBOR","DC VICTOR HARBOR.",2,4,0,0,4,2020,"November","Wednesday","05:14 pm",60,"Sealed","Dry","Not Raining","Daylight","Right Turn",1,,,1327866.78,1601605.63
"2020-9904-19/09/2025","SALISBURY DOWNS","CITY OF SALISBURY",2,2,0,0,2,2020,"November","Wednesday","07:05 pm",50,"Sealed","Dry","Not Raining","Daylight","Hit Fixed Object",1,,,1330886.9,1687987.9
"2020-9907-19/09/2025","MELROSE PARK","CC MITCHAM.",3,1,0,0,1,2020,"November","Wednesday","03:30 pm",60,"Sealed","Dry","Not Raining","Daylight","Right Angle",2,,,1325911.73,1664678.18
"2020-9910-19/09/2025","DARLINGTON","CITY OF ONKAPARINGA",1,1,0,0,1,2020,"November","Wednesday","08:25 pm",80,"Sealed","Dry","Not Raining","Night","Roll Over",1,,"Y",1324081.28,1659095.1
"2020-9913-19/09/2025","STIRLING","THE ADELAIDE HILLS COUNCIL",3,2,1,0,1,2020,"November","Wednesday","10:20 pm",50,"Sealed","Dry","Not Raining","Night","Other",9,,,1339368.13,1661174.86
"2020-9918-19/09/2025","WATERLOO CORNER","CITY OF PLAYFORD.",2,1,0,0,1,2020,"November","Thursday","06:50 am",90,"Sealed","Dry","Not Raining","Daylight","Hit Fixed Object",1,,,1326753.13,1695610.36
"2020-9923-19/09/2025","THEBARTON","CITY OF WEST TORRENS",2,1,0,0,1,2020,"November","Thursday","08:15 am",60,"Sealed","Dry","Not Raining","Daylight","Rear End",1,,,1326537.22,1671852.7
"2020-9929-19/09/2025","HAMPSTEAD GARDENS","CITY OF PORT ADELAIDE ENFIELD",2,1,0,0,1,2020,"November","Thursday","08:30 am",60,"Sealed","Dry","Not Raining","Daylight","Hit Parked Vehicle",2,,,1331918.1,1676605.89
"2020-9930-19/09/2025","WAYVILLE","CITY OF UNLEY",2,1,0,0,1,2020,"November","Wednesday","09:15 am",60,"Sealed","Dry","Not Raining","Daylight","Rear End",1,,,1326865.31,1668904.7
"2020-9938-19/09/2025","VISTA","CITY OF TEA TREE GULLY",2,1,0,0,1,2020,"September","Friday","04:15 pm",60,"Sealed","Dry","Not Raining","Daylight","Rear End",2,,,1339792.5,1679839.88
"2020-9941-19/09/2025","EVANSTON PARK","CT GAWLER.",3,1,0,0,1,2020,"November","Thursday","01:16 pm",50,"Sealed","Dry","Not Raining","Daylight","Hit Parked Vehicle",1,,,1343066.29,1703180.3
"2020-9942-19/09/2025","LOCKLEYS","CITY OF WEST TORRENS",2,1,0,0,1,2020,"November","Thursday","12:50 pm",60,"Sealed","Dry","Not Raining","Daylight","Right Angle",1,,,1321390.22,1669977.85
"2020-9945-19/09/2025","CRAIGMORE","CITY OF PLAYFORD.",2,2,0,0,2,2020,"November","Monday","03:45 pm",60,"Sealed","Dry","Not Raining","Daylight","Rear End",2,,,1338966.46,1694457.07
"2020-9946-19/09/2025","MURRAY BRIDGE","RC MURRAY BRIDGE.",2,1,0,0,1,2020,"November","Tuesday","04:00 pm",50,"Sealed","Dry","Not Raining","Daylight","Hit Pedestrian",1,,,1389532.82,1645610.01
"2020-9948-19/09/2025","NARRIDY","NORTHERN AREAS DISTRICT COUNCIL",2,1,0,0,1,2020,"November","Thursday","02:00 pm",100,"Sealed","Dry","Not Raining","Daylight","Side Swipe",2,,,1307174.66,1837664.33
"2020-9953-19/09/2025","SALISBURY","CITY OF SALISBURY",2,1,0,0,1,2020,"November","Thursday","04:55 pm",60,"Sealed","Dry","Not Raining","Daylight","Right Angle",2,,,1333481.26,1689043.72
"2020-9954-19/09/2025","RIDGEHAVEN","CITY OF TEA TREE GULLY",2,2,0,1,1,2020,"November","Thursday","04:50 pm",70,"Sealed","Dry","Not Raining","Daylight","Right Angle",1,,,1337566.14,1682375.29
"2020-9958-19/09/2025","MELROSE PARK","CC MARION.",2,1,0,0,1,2020,"November","Thursday","06:15 pm",60,"Sealed","Dry","Not Raining","Daylight","Rear End",2,,,1325910.76,1664752.34
"2020-9961-19/09/2025","PLYMPTON","CITY OF WEST TORRENS",2,1,0,0,1,2020,"November","Thursday","04:30 pm",60,"Sealed","Dry","Not Raining","Daylight","Side Swipe",2,,,1324746.15,1666938.17
"2020-9964-19/09/2025","NURIOOTPA","THE BAROSSA COUNCIL.",2,1,0,0,1,2020,"November","Thursday","05:15 pm",50,"Sealed","Dry","Not Raining","Daylight","Right Angle",1,,,1365567.97,1720464.79
"2020-9969-19/09/2025","HALLETT","REGIONAL COUNCIL OF GOYDER",2,1,0,0,1,2020,"November","Friday","04:00 am",110,"Sealed","Wet","Raining","Night","Hit Fixed Object",1,,"Y",1360110.23,1841436.69
"2020-9982-19/09/2025","KADINA","COPPER COAST DISTRICT COUNCIL",1,2,1,0,1,2020,"November","Thursday","10:30 pm",100,"Unsealed","Dry","Not Raining","Night","Roll Over",1,,,1250162.29,1782278.21
"2020-9984-19/09/2025","KURRALTA PARK","CITY OF WEST TORRENS",2,1,0,0,1,2020,"November","Thursday","03:55 pm",60,"Sealed","Dry","Not Raining","Daylight","Right Angle",2,,,1325813.64,1668282.95
"2020-9985-19/09/2025","WATERLOO CORNER","CITY OF SALISBURY",2,1,0,0,1,2020,"November","Friday","11:55 am",70,"Sealed","Dry","Not Raining","Daylight","Rear End",2,,,1327634.66,1692115.56
"2020-9986-19/09/2025","PROSPECT","CITY OF PROSPECT",2,1,0,0,1,2020,"November","Tuesday","08:45 am",50,"Sealed","Dry","Not Raining","Daylight","Rear End",2,,,1328110.04,1674453.89
"2020-9991-19/09/2025","SOMERTON PARK","CITY OF HOLDFAST BAY",2,1,0,0,1,2020,"November","Friday","03:07 pm",50,"Sealed","Dry","Not Raining","Daylight","Right Turn",1,,,1320678.97,1662663.02
"2020-9993-19/09/2025","CAMPBELLTOWN","CC CAMPBELLTOWN.",2,2,0,0,2,2020,"November","Friday","03:20 pm",60,"Sealed","Dry","Not Raining","Daylight","Rear End",2,,,1334013.73,1674525.66
"2020-9994-19/09/2025","ALDINGA","CITY OF ONKAPARINGA",2,1,0,0,1,2020,"November","Friday","03:50 pm",90,"Sealed","Dry","Not Raining","Daylight","Rear End",2,,,1317045.02,1633525.99
"2020-9997-19/09/2025","PROSPECT","CITY OF PROSPECT",3,1,0,0,1,2020,"November","Friday","04:40 pm",60,"Sealed","Dry","Not Raining","Daylight","Rear End",1,,,1328610.89,1676435.12
"2020-9999-19/09/2025","WEST RICHMOND","CITY OF WEST TORRENS",5,5,0,0,5,2020,"November","Friday","05:40 pm",60,"Sealed","Dry","Not Raining","Daylight","Rear End",1,,,1324154.17,1669407.9
"2020-10002-19/09/2025","MELROSE PARK","CC MITCHAM.",2,3,0,0,3,2020,"November","Friday","08:03 pm",60,"Sealed","Dry","Not Raining","Night","Right Angle",2,,,1325954.25,1663678.13
"2020-10004-19/09/2025","ANGASTON","THE BAROSSA COUNCIL.",3,1,0,0,1,2020,"November","Friday","04:00 pm",80,"Sealed","Dry","Not Raining","Daylight","Right Angle",1,,"Y",1369232.76,1717106.68
"2020-10005-19/09/2025","KERSBROOK","THE ADELAIDE HILLS COUNCIL",2,6,0,0,6,2020,"November","Friday","06:05 pm",100,"Unsealed","Dry","Not Raining","Daylight","Head On",1,,"Y",1350341.75,1684261.96
"2020-10011-19/09/2025","MOUNT BARKER","DC MT.BARKER.",2,1,0,0,1,2020,"November","Saturday","07:55 am",110,"Sealed","Dry","Not Raining","Daylight","Rear End",2,,,1353448.91,1655633.33
"2020-10015-19/09/2025","THORNGATE","CITY OF PROSPECT",2,1,0,0,1,2020,"November","Saturday","07:55 am",60,"Sealed","Dry","Not Raining","Daylight","Rear End",2,,,1328116.31,1673675.73
"2020-10018-19/09/2025","HAHNDORF","DC MT.BARKER.",2,1,0,0,1,2020,"November","Saturday","11:01 am",60,"Sealed","Wet","Raining","Daylight","Side Swipe",1,,,1346442.58,1659566.51
"2020-10024-19/09/2025","CLOVELLY PARK","CC MARION.",2,1,0,0,1,2020,"November","Saturday","01:10 pm",50,"Sealed","Dry","Not Raining","Daylight","Hit Parked Vehicle",2,,,1325215.81,1662700.66
"2020-10029-19/09/2025","RENOWN PARK","CITY OF CHARLES STURT",3,1,0,0,1,2020,"November","Saturday","12:30 pm",60,"Sealed","Dry","Not Raining","Daylight","Rear End",2,,,1326097.36,1674750.09
"2020-10032-19/09/2025","WOODVILLE NORTH","CITY OF CHARLES STURT",2,1,0,1,0,2020,"November","Saturday","02:35 pm",60,"Sealed","Dry","Not Raining","Daylight","Right Turn",2,,"Y",1323697.97,1676649.09
"2020-10035-19/09/2025","BLACKWOOD","CC MITCHAM.",2,1,0,0,1,2020,"November","Saturday","04:20 pm",50,"Sealed","Dry","Not Raining","Daylight","Hit Fixed Object",1,,,1329386.22,1660037.79
"2020-10037-19/09/2025","DARLINGTON","CITY OF ONKAPARINGA",2,2,0,0,2,2020,"November","Saturday","05:38 pm",70,"Sealed","Dry","Not Raining","Daylight","Rear End",2,,,1324265.12,1659441.67
"2020-10040-19/09/2025","MOUNT COMPASS","ALEXANDRINA COUNCIL",2,3,1,0,2,2020,"November","Saturday","05:05 pm",80,"Sealed","Dry","Not Raining","Daylight","Head On",1,,,1328313.61,1624247.55
"2020-10042-19/09/2025","MANNUM","MID MURRAY DISTRICT COUNCIL",2,2,0,1,1,2020,"November","Saturday","06:40 pm",50,"Sealed","Dry","Not Raining","Daylight","Right Angle",2,,"Y",1392654.23,1669524.59
"2020-10043-19/09/2025","ROYAL PARK","CITY OF CHARLES STURT",2,1,0,1,0,2020,"November","Saturday","07:40 pm",50,"Sealed","Dry","Not Raining","Daylight","Right Angle",2,"Y",,1320444.7,1677183.03
"2020-10044-19/09/2025","LIGHTSVIEW","CITY OF PORT ADELAIDE ENFIELD",2,1,0,0,1,2020,"November","Saturday","07:30 pm",60,"Sealed","Dry","Not Raining","Daylight","Right Angle",2,,,1330422.53,1677555.38
"2020-10045-19/09/2025","CRAFERS","THE ADELAIDE HILLS COUNCIL",2,2,0,1,1,2020,"November","Saturday","04:30 pm",60,"Sealed","Dry","Not Raining","Daylight","Right Turn",1,,,1338201.25,1663581.53
"2020-10047-19/09/2025","ADELAIDE","CITY OF ADELAIDE",1,1,0,0,1,2020,"November","Saturday","10:46 pm",50,"Sealed","Dry","Not Raining","Night","Roll Over",9,,,1327942.83,1670864.47
"2020-10049-19/09/2025","TORRENS PARK","CC MITCHAM.",2,1,0,0,1,2020,"November","Sunday","12:23 am",60,"Sealed","Dry","Not Raining","Night","Hit Fixed Object",1,,"Y",1329344.15,1663231.28
"2020-10053-19/09/2025","SOUTH PLYMPTON","CC MARION.",2,1,0,0,1,2020,"November","Sunday","02:30 am",50,"Sealed","Dry","Not Raining","Night","Hit Parked Vehicle",1,,,1324574.76,1665605.27
"2020-10054-19/09/2025","NEWTON","CC CAMPBELLTOWN.",2,2,0,0,2,2020,"November","Sunday","09:34 am",60,"Sealed","Dry","Not Raining","Daylight","Right Turn",1,,,1337010.9,1675603.62
"2020-10055-19/09/2025","GREENHILL","THE ADELAIDE HILLS COUNCIL",2,1,0,1,0,2020,"November","Sunday","10:30 am",80,"Sealed","Dry","Not Raining","Daylight","Head On",2,,,1335926.35,1667547.29
"2020-10058-19/09/2025","BIRDWOOD","THE ADELAIDE HILLS COUNCIL",2,1,0,1,0,2020,"November","Sunday","10:05 am",80,"Sealed","Dry","Not Raining","Daylight","Hit Fixed Object",1,,,1359834.15,1680930.18
"2020-10065-19/09/2025","OLD REYNELLA","CITY OF ONKAPARINGA",2,1,0,0,1,2020,"November","Sunday","03:01 pm",60,"Sealed","Dry","Not Raining","Daylight","Right Angle",2,,,1321887.49,1651545.08
"2020-10066-19/09/2025","GLENELG NORTH","CITY OF HOLDFAST BAY",2,1,0,0,1,2020,"November","Sunday","04:34 pm",40,"Sealed","Dry","Not Raining","Daylight","Hit Parked Vehicle",1,,,1320509.86,1665661.95
"2020-10069-19/09/2025","FELIXSTOW","CC OF NORWOOD,PAYNEHAM & ST PETERS",2,1,0,0,1,2020,"November","Sunday","04:37 pm",50,"Sealed","Dry","Not Raining","Daylight","Right Angle",2,,,1333421.25,1674587.66
"2020-10070-19/09/2025","YANKALILLA","DC YANKALILLA.",1,1,0,0,1,2020,"November","Sunday","03:25 pm",100,"Sealed","Dry","Not Raining","Daylight","Roll Over",1,,,1304996.58,1612794.3
"2020-10080-19/09/2025","MOUNT COMPASS","ALEXANDRINA COUNCIL",1,1,0,0,1,2020,"November","Sunday","10:55 am",100,"Sealed","Dry","Not Raining","Daylight","Other",9,,,1329478.33,1620451.93
"2020-10086-19/09/2025","PARAFIELD","CITY OF SALISBURY",2,1,0,0,1,2020,"September","Friday","11:00 am",80,"Sealed","Dry","Not Raining","Daylight","Rear End",2,,,1331812.14,1683486.03
"2020-10092-19/09/2025","WEST LAKES","CITY OF CHARLES STURT",2,2,0,0,2,2020,"November","Monday","02:30 pm",60,"Sealed","Dry","Not Raining","Daylight","Right Turn",1,,,1318994.81,1676350.16
"2020-10093-19/09/2025","WAYVILLE","CITY OF UNLEY",3,3,0,0,3,2020,"November","Monday","12:35 pm",60,"Sealed","Dry","Not Raining","Daylight","Rear End",1,,,1327756.32,1668944.22
"2020-10094-19/09/2025","PARADISE","CC CAMPBELLTOWN.",2,1,0,1,0,2020,"November","Monday","03:40 pm",60,"Sealed","Dry","Not Raining","Daylight","Right Angle",2,,,1336833.69,1676727.38
"2020-10095-19/09/2025","CAMDEN PARK","CITY OF WEST TORRENS",3,1,0,0,1,2020,"November","Monday","02:40 pm",60,"Sealed","Dry","Not Raining","Daylight","Rear End",2,,,1322615.66,1666104.64
"2020-10096-19/09/2025","BRIGHTON","CITY OF HOLDFAST BAY",2,1,0,0,1,2020,"November","Monday","02:20 pm",50,"Sealed","Dry","Not Raining","Daylight","Right Angle",2,,,1320889.18,1660801.05
"2020-10099-19/09/2025","WARRADALE","CC MARION.",4,1,0,0,1,2020,"November","Monday","05:30 pm",60,"Sealed","Dry","Not Raining","Daylight","Rear End",1,,,1321929.74,1663022.36
"2020-10100-19/09/2025","MANNUM","MID MURRAY DISTRICT COUNCIL",2,1,0,0,1,2020,"November","Monday","03:15 pm",50,"Sealed","Dry","Not Raining","Daylight","Hit Pedestrian",2,,,1392649.81,1669905.73
"2020-10104-19/09/2025","MORGAN","MID MURRAY DISTRICT COUNCIL",1,1,0,0,1,2020,"November","Monday","06:50 am",110,"Sealed","Dry","Not Raining","Daylight","Left Road - Out of Control",1,,,1427934.85,1764441.57
"2020-10105-19/09/2025","FREELING","LIGHT REGIONAL COUNCIL",2,1,0,0,1,2020,"November","Monday","08:34 pm",100,"Sealed","Dry","Not Raining","Night","Right Angle",2,,,1349611.91,1720281.28
"2020-10106-19/09/2025","MALVERN","CITY OF UNLEY",2,1,0,0,1,2020,"November","Monday","03:00 pm",60,"Sealed","Dry","Not Raining","Daylight","Right Angle",1,,,1329116.17,1667105.52
"2020-10110-19/09/2025","NORTH HAVEN","CITY OF PORT ADELAIDE ENFIELD",2,1,0,0,1,2020,"November","Tuesday","10:15 am",60,"Sealed","Dry","Not Raining","Daylight","Right Angle",1,,,1319078.95,1685334.56
"2020-10114-19/09/2025","MAGILL","CC CAMPBELLTOWN.",2,1,0,0,1,2020,"November","Monday","08:15 am",60,"Sealed","Dry","Not Raining","Daylight","Right Angle",2,,,1336296.35,1672154.98
"2020-10119-19/09/2025","HINDMARSH","CITY OF CHARLES STURT",2,1,0,0,1,2020,"November","Tuesday","01:44 pm",60,"Sealed","Dry","Not Raining","Daylight","Right Angle",2,,,1325751.39,1673287.71
"2020-10121-19/09/2025","SALISBURY","CITY OF SALISBURY",2,2,0,0,2,2020,"November","Tuesday","02:40 pm",50,"Unsealed","Dry","Not Raining","Daylight","Right Angle",2,,,1333232.49,1689866.66
"2020-10132-19/09/2025","MOUNT BARKER SUMMIT","DC MT.BARKER.",2,1,0,0,1,2020,"November","Tuesday","04:40 pm",110,"Sealed","Dry","Not Raining","Daylight","Rear End",2,,"Y",1358160.51,1654814.59
"2020-10134-19/09/2025","WOODVILLE NORTH","CITY OF CHARLES STURT",2,1,0,0,1,2020,"November","Tuesday","07:48 pm",60,"Sealed","Dry","Not Raining","Daylight","Hit Fixed Object",1,"Y","Y",1323944.81,1677840.39
"2020-10137-19/09/2025","EDWARDSTOWN","CC MARION.",2,1,0,1,0,2020,"November","Tuesday","08:50 pm",50,"Sealed","Dry","Not Raining","Night","Hit Pedestrian",1,,,1325623.22,1664383.84
"2020-10151-19/09/2025","LINCOLN NATIONAL PARK","DC LOWER EYRE PENINSULA",2,1,0,0,1,2020,"November","Wednesday","11:03 am",40,"Unsealed","Dry","Not Raining","Daylight","Hit Animal",2,,,1078900.65,1679887.7
"2020-10155-19/09/2025","PLYMPTON","CITY OF WEST TORRENS",2,1,0,0,1,2020,"November","Wednesday","02:12 pm",50,"Sealed","Dry","Not Raining","Daylight","Rear End",2,,"Y",1325032.55,1666865.41
"2020-10157-19/09/2025","TORRENSVILLE","CITY OF WEST TORRENS",2,1,0,0,1,2020,"November","Wednesday","02:20 pm",50,"Sealed","Dry","Not Raining","Daylight","Right Angle",1,,,1324959.61,1671395.91
"2020-10159-19/09/2025","PARAWA","DC YANKALILLA.",2,1,0,0,1,2020,"November","Wednesday","03:10 pm",100,"Unsealed","Dry","Not Raining","Daylight","Hit Fixed Object",1,,,1301990.03,1600350.64
"2020-10162-19/09/2025","PLYMPTON","CITY OF WEST TORRENS",2,1,0,0,1,2020,"November","Saturday","10:00 pm",60,"Sealed","Dry","Not Raining","Night","Rear End",2,,,1324232.32,1666584.27
"2020-10163-19/09/2025","WISTOW","DC MT.BARKER.",1,1,0,0,1,2020,"November","Wednesday","03:55 pm",80,"Sealed","Dry","Not Raining","Daylight","Other",1,,,1353600,1649573.03
"2020-10171-19/09/2025","CORUNNA STATION",,1,1,0,0,1,2020,"November","Wednesday","05:00 pm",110,"Sealed","Dry","Not Raining","Daylight","Roll Over",1,,,1208389.34,1922620.29
"2020-10173-19/09/2025","ROYAL PARK","CITY OF CHARLES STURT",2,1,0,1,0,2020,"November","Wednesday","06:33 pm",60,"Sealed","Dry","Not Raining","Daylight","Hit Pedestrian",2,,,1320683.71,1676998.89
"2020-10174-19/09/2025","INGLE FARM","CITY OF SALISBURY",2,1,0,0,1,2020,"November","Wednesday","12:00 pm",60,"Sealed","Dry","Not Raining","Daylight","Hit Pedestrian",1,,,1334134.68,1681131.63
"2020-10176-19/09/2025","BEDFORD PARK","CC MITCHAM.",3,1,0,1,0,2020,"November","Wednesday","06:50 pm",50,"Sealed","Dry","Not Raining","Daylight","Hit Fixed Object",1,,,1325205.09,1660189.63
"2020-10177-19/09/2025","GLENSIDE","CITY OF BURNSIDE",2,1,0,0,1,2020,"November","Wednesday","09:07 pm",60,"Sealed","Dry","Not Raining","Night","Right Turn",2,,,1330673.28,1668997.6
"2020-10179-19/09/2025","SNOWTOWN","WAKEFIELD REGIONAL COUNCIL",4,5,0,3,2,2020,"November","Wednesday","06:03 pm",110,"Sealed","Dry","Not Raining","Daylight","Rear End",1,,,1296926.9,1799315.11
"2020-10180-19/09/2025","PARACOMBE","THE ADELAIDE HILLS COUNCIL",2,2,0,0,2,2020,"November","Wednesday","09:50 pm",80,"Sealed","Dry","Not Raining","Night","Hit Fixed Object",1,,,1346877.82,1678504.69
"2020-10181-19/09/2025","SMITHFIELD","CITY OF PLAYFORD.",2,1,0,0,1,2020,"November","Thursday","12:30 am",80,"Sealed","Dry","Not Raining","Night","Hit Fixed Object",1,,,1337904.44,1697173.62
"2020-10182-19/09/2025","GLENGOWRIE","CC MARION.",2,1,0,1,0,2020,"November","Wednesday","09:12 pm",60,"Sealed","Dry","Not Raining","Night","Hit Fixed Object",1,"Y",,1322693.36,1663462.68
"2020-10185-19/09/2025","DOVER GARDENS","CC MARION.",2,1,0,1,0,2020,"November","Wednesday","11:40 am",60,"Sealed","Dry","Not Raining","Daylight","Right Turn",1,,,1322776.93,1660610.37
"2020-10186-19/09/2025","LANGHORNE CREEK","ALEXANDRINA COUNCIL",2,1,0,1,0,2020,"November","Thursday","04:25 am",100,"Sealed","Dry","Not Raining","Night","Hit Fixed Object",1,,"Y",1367924.3,1624803.82
"2020-10188-19/09/2025","IWANTJA",,2,1,0,0,1,2020,"November","Thursday","04:44 am",50,"Sealed","Dry","Not Raining","Night","Hit Pedestrian",1,,,831746.44,2556029.22
"2020-10189-19/09/2025","VALE PARK","WALKERVILLE TOWN COUNCIL",2,2,0,1,1,2020,"November","Thursday","09:30 am",60,"Sealed","Dry","Not Raining","Daylight","Right Angle",1,,,1330627.06,1675344.74
"2020-10190-19/09/2025","UNLEY","CITY OF UNLEY",6,2,0,1,1,2020,"November","Thursday","09:40 am",40,"Sealed","Dry","Not Raining","Daylight","Rear End",1,,,1328688.1,1667931.19
"2020-10197-19/09/2025","STURT","CC MARION.",2,1,1,0,0,2020,"November","Thursday","04:20 pm",60,"Sealed","Dry","Not Raining","Daylight","Right Angle",1,,"Y",1323555.33,1660645.06
"2020-10198-19/09/2025","YALATA",,1,1,1,0,0,2020,"November","Thursday","06:30 am",100,"Unsealed","Dry","Not Raining","Daylight","Roll Over",1,"Y",,700836.76,2053887.84
"2020-10200-19/09/2025","NETHERTON","COORONG DISTRICT COUNCIL",2,1,0,0,1,2020,"November","Thursday","04:43 pm",100,"Unsealed","Dry","Not Raining","Daylight","Head On",2,,,1445173.74,1603442.76
"2020-10201-19/09/2025","PENFIELD GARDENS","CITY OF PLAYFORD.",3,1,0,0,1,2020,"November","Friday","10:45 am",80,"Sealed","Dry","Not Raining","Daylight","Hit Fixed Object",1,,,1331935.79,1698432.4
"2020-10203-19/09/2025","MACDONALD PARK","CITY OF PLAYFORD.",2,1,0,1,0,2020,"November","Friday","03:40 pm",60,"Sealed","Dry","Not Raining","Daylight","Hit Fixed Object",1,,,1334344.58,1699719.26
"2020-10204-19/09/2025","FREELING","LIGHT REGIONAL COUNCIL",2,1,0,0,1,2020,"November","Friday","03:47 pm",100,"Sealed","Dry","Not Raining","Daylight","Hit Fixed Object",1,,,1348399.47,1718287.82
"2020-10206-19/09/2025","KOONGAWA","DC WUDINNA. (DC LE HUNTE.)",2,1,0,0,1,2020,"November","Friday","05:00 pm",110,"Unsealed","Dry","Not Raining","Daylight","Hit Parked Vehicle",1,,,1071728.43,1868570.35
"2020-10208-19/09/2025","SALISBURY EAST","CITY OF SALISBURY",2,1,0,0,1,2020,"November","Friday","08:50 pm",60,"Sealed","Dry","Not Raining","Night","Rear End",2,,,1335237.65,1685990.75
"2020-10210-19/09/2025","NOVAR GARDENS","CITY OF WEST TORRENS",2,2,0,1,1,2020,"November","Saturday","12:25 am",60,"Sealed","Dry","Not Raining","Night","Hit Fixed Object",1,"Y",,1321777.14,1667261.48
"2020-10211-19/09/2025","MUNNO PARA","CITY OF PLAYFORD.",1,1,0,0,1,2020,"November","Friday","11:45 pm",60,"Sealed","Dry","Not Raining","Night","Roll Over",1,"Y","Y",1337173.84,1698251.31
"2020-10212-19/09/2025","MIRANDA","CC PT.AUGUSTA.",1,1,0,1,0,2020,"November","Saturday","12:00 am",50,"Unsealed","Unknown","Not Raining","Night","Roll Over",1,"Y",,1270819.89,1915941.17
"2020-10213-19/09/2025","SADDLEWORTH","CLARE AND GILBERT VALLEYS DISTRICT COUNCIL",2,1,0,0,1,2020,"November","Saturday","02:00 am",100,"Unsealed","Dry","Not Raining","Night","Hit Fixed Object",1,"Y","Y",1347906.85,1761053.18
"2020-10214-19/09/2025","COOMUNGA","DC LOWER EYRE PENINSULA",2,1,0,0,1,2020,"November","Saturday","09:40 am",110,"Sealed","Dry","Not Raining","Daylight","Hit Fixed Object",1,,,1066198.59,1706064.59
"2020-10216-19/09/2025","BUCHFELDE","LIGHT REGIONAL COUNCIL",1,1,0,0,1,2020,"November","Saturday","01:30 pm",80,"Sealed","Dry","Not Raining","Daylight","Roll Over",1,,,1338652.14,1705286.08
"2020-10219-19/09/2025","ALDINGA BEACH","CITY OF ONKAPARINGA",2,1,0,0,1,2020,"November","Saturday","05:50 pm",50,"Sealed","Dry","Not Raining","Daylight","Hit Pedestrian",2,,,1313145.6,1632400.22
"2020-10220-19/09/2025","WORROLONG","DISTRICT COUNCIL OF GRANT",2,2,0,0,2,2020,"November","Saturday","11:30 pm",80,"Sealed","Dry","Not Raining","Night","Roll Over",1,"Y",,1512927.2,1342115.52
"2020-10223-19/09/2025","MODBURY","CITY OF TEA TREE GULLY",2,1,0,0,1,2020,"November","Saturday","10:45 pm",40,"Sealed","Dry","Not Raining","Night","Hit Fixed Object",1,,,1337436.97,1680618.93
"2020-10227-19/09/2025","NORTH ADELAIDE","CITY OF ADELAIDE",1,1,0,0,1,2020,"November","Sunday","11:14 am",50,"Sealed","Wet","Raining","Daylight","Roll Over",1,,,1328228.82,1671581.56
"2020-10229-19/09/2025","HENLEY BEACH","CITY OF CHARLES STURT",2,1,0,0,1,2020,"November","Sunday","01:30 pm",50,"Sealed","Dry","Not Raining","Daylight","Right Angle",1,,,1318718.7,1673021.6