"REPORT_ID","Suburb","LGA Name","Total Units","Total Cas","Total Fats","Total SI","Total MI","Year","Month","Day","Time","Area Speed","Road Surface","Moisture Cond","Weather Cond","DayNight","Crash Type","Unit Resp","DUI Involved","Drugs Involved","ACCLOC_X","ACCLOC_Y"
"2020-10234-19/09/2025","MUNNO PARA","CITY OF PLAYFORD.",3,2,0,0,2,2020,"November","Sunday","04:00 pm",80,"Sealed","Dry","Not Raining","Daylight","Rear End",1,,,1338250.85,1697743.68
"2020-10237-19/09/2025","MORPHETT VALE","CITY OF ONKAPARINGA",2,2,0,0,2,2020,"November","Sunday","05:15 pm",50,"Sealed","Dry","Not Raining","Daylight","Right Angle",1,,,1322131.16,1649509.56
"2020-10239-19/09/2025","TRURO","MID MURRAY DISTRICT COUNCIL",3,1,0,1,0,2020,"November","Sunday","06:18 pm",50,"Sealed","Dry","Not Raining","Daylight","Hit Fixed Object",1,"Y",,1378329.14,1726338.68
"2020-10241-19/09/2025","MARDEN","CC OF NORWOOD,PAYNEHAM & ST PETERS",2,1,0,0,1,2020,"November","Sunday","07:22 pm",60,"Sealed","Dry","Not Raining","Daylight","Hit Fixed Object",1,,,1332274.19,1674387.49
"2020-10244-19/09/2025","CANEGRASS",,1,1,0,1,0,2020,"November","Sunday","02:32 pm",100,"Unsealed","Wet","Raining","Daylight","Roll Over",1,,,1463637.19,1813892.17
"2020-10250-19/09/2025","ASCOT PARK","CC MARION.",2,1,0,0,1,2020,"November","Monday","08:10 am",60,"Sealed","Dry","Not Raining","Daylight","Right Angle",2,"Y",,1325094.28,1664007.99
"2020-10253-19/09/2025","HINDMARSH","CITY OF CHARLES STURT",2,1,0,0,1,2020,"November","Monday","10:15 am",60,"Sealed","Dry","Not Raining","Daylight","Right Angle",1,,,1326056.45,1673028.42
"2020-10262-19/09/2025","DERNANCOURT","CITY OF TEA TREE GULLY",2,2,0,1,1,2020,"November","Monday","03:45 pm",60,"Sealed","Dry","Not Raining","Daylight","Right Angle",2,,,1336504.59,1677682.96
"2020-10263-19/09/2025","PLYMPTON","CITY OF WEST TORRENS",2,1,0,0,1,2020,"November","Monday","03:00 pm",60,"Sealed","Dry","Not Raining","Daylight","Rear End",2,,,1325020,1667161.99
"2020-10265-19/09/2025","ECHUNGA","DC MT.BARKER.",2,1,0,0,1,2020,"November","Monday","04:00 pm",60,"Sealed","Dry","Not Raining","Daylight","Rear End",1,,,1345429.18,1650813.97
"2020-10268-19/09/2025","SOMERTON PARK","CITY OF HOLDFAST BAY",2,1,0,1,0,2020,"November","Monday","03:30 pm",50,"Sealed","Dry","Not Raining","Daylight","Side Swipe",1,,,1320861.66,1663423.36
"2020-10269-19/09/2025","REYNELLA EAST","CITY OF ONKAPARINGA",2,2,0,1,1,2020,"November","Monday","05:45 pm",80,"Sealed","Dry","Not Raining","Daylight","Hit Fixed Object",1,"Y",,1323000.81,1653206.44
"2020-10270-19/09/2025","ROCKLEIGH","RC MURRAY BRIDGE.",3,1,0,0,1,2020,"November","Sunday","07:00 pm",80,"Unsealed","Wet","Not Raining","Daylight","Hit Fixed Object",1,,,1373796.04,1657682.34
"2020-10272-19/09/2025","PORT ADELAIDE","CITY OF PORT ADELAIDE ENFIELD",3,1,0,0,1,2020,"November","Tuesday","07:42 am",60,"Sealed","Dry","Not Raining","Daylight","Rear End",1,,,1320451.46,1679082.19
"2020-10273-19/09/2025","GAWLER EAST","CT GAWLER.",2,1,0,0,1,2020,"November","Tuesday","07:40 am",50,"Sealed","Dry","Not Raining","Daylight","Head On",1,,,1343689.49,1706193.59
"2020-10275-19/09/2025","PARADISE","CC CAMPBELLTOWN.",2,1,0,0,1,2020,"November","Tuesday","08:25 am",60,"Sealed","Dry","Not Raining","Daylight","Right Angle",1,,,1336235.73,1675941.34
"2020-10276-19/09/2025","URRBRAE","CC MITCHAM.",2,1,0,0,1,2020,"November","Tuesday","08:45 am",60,"Sealed","Dry","Not Raining","Daylight","Right Turn",2,,,1330786.89,1665600.37
"2020-10280-19/09/2025","ADELAIDE","CITY OF ADELAIDE",2,1,0,0,1,2020,"November","Tuesday","06:55 am",60,"Sealed","Dry","Not Raining","Daylight","Side Swipe",2,,,1326873.73,1671362.14
"2020-10282-19/09/2025","MORPHETT VALE","CITY OF ONKAPARINGA",2,1,0,0,1,2020,"November","Tuesday","12:30 pm",60,"Sealed","Dry","Not Raining","Daylight","Right Angle",2,,,1320565.36,1651007.9
"2020-10284-19/09/2025","LOWER MITCHAM","CC MITCHAM.",2,1,0,0,1,2020,"November","Tuesday","11:45 am",60,"Sealed","Dry","Not Raining","Daylight","Side Swipe",2,,,1329170.96,1665061.71
"2020-10285-19/09/2025","SALISBURY SOUTH","CITY OF SALISBURY",2,1,0,0,1,2020,"November","Tuesday","12:40 pm",70,"Sealed","Dry","Not Raining","Daylight","Rear End",1,,,1332392.52,1686073.58
"2020-10287-19/09/2025","VALLEY VIEW","CITY OF TEA TREE GULLY",2,1,0,1,0,2020,"November","Tuesday","11:45 am",50,"Sealed","Dry","Not Raining","Daylight","Hit Fixed Object",1,,,1335227.22,1680135.44
"2020-10290-19/09/2025","SEAFORD MEADOWS","CITY OF ONKAPARINGA",2,2,0,0,2,2020,"November","Tuesday","01:40 pm",60,"Sealed","Dry","Not Raining","Daylight","Rear End",1,,,1317969.73,1642812.92
"2020-10292-19/09/2025","WEST LAKES","CITY OF CHARLES STURT",2,1,0,0,1,2020,"November","Tuesday","03:45 pm",60,"Sealed","Dry","Not Raining","Daylight","Right Angle",1,,,1318632.34,1675070.46
"2020-10294-19/09/2025","VICTOR HARBOR","DC VICTOR HARBOR.",2,2,1,0,1,2020,"November","Tuesday","01:15 pm",100,"Sealed","Dry","Not Raining","Daylight","Head On",1,,,1326965.52,1602362.42
"2020-10296-19/09/2025","PROSPECT","CITY OF PROSPECT",2,1,0,0,1,2020,"November","Tuesday","04:40 pm",50,"Sealed","Dry","Not Raining","Daylight","Hit Parked Vehicle",2,,,1328526.19,1676146.35
"2020-10298-19/09/2025","DERNANCOURT","CITY OF TEA TREE GULLY",2,1,0,0,1,2020,"November","Tuesday","05:05 pm",60,"Sealed","Dry","Not Raining","Daylight","Right Turn",2,,,1336450.84,1678055.65
"2020-10301-19/09/2025","SEAFORD MEADOWS","CITY OF ONKAPARINGA",2,1,0,1,0,2020,"November","Tuesday","04:57 pm",70,"Sealed","Dry","Not Raining","Daylight","Rear End",1,,"Y",1316308.13,1643784.57
"2020-10302-19/09/2025","LEAWOOD GARDENS","CC MITCHAM.",2,1,0,1,0,2020,"November","Tuesday","06:09 pm",60,"Sealed","Dry","Not Raining","Daylight","Hit Fixed Object",1,,,1334660.34,1665160.49
"2020-10304-19/09/2025","HALLETT COVE","CC MARION.",2,1,0,0,1,2020,"November","Tuesday","04:00 pm",80,"Sealed","Dry","Not Raining","Daylight","Right Angle",2,,,1319760.91,1653429.38
"2020-10306-19/09/2025","MODBURY","CITY OF TEA TREE GULLY",1,1,0,0,1,2020,"November","Tuesday","06:20 pm",60,"Sealed","Dry","Not Raining","Daylight","Roll Over",1,,,1336324.91,1680513.59
"2020-10310-19/09/2025","INGLE FARM","CITY OF SALISBURY",2,2,0,0,2,2020,"November","Wednesday","06:25 am",60,"Sealed","Dry","Not Raining","Daylight","Right Turn",2,,,1333268.54,1681353.79
"2020-10312-19/09/2025","PARK HOLME","CC MARION.",2,1,0,0,1,2020,"November","Tuesday","02:50 pm",60,"Sealed","Dry","Not Raining","Daylight","Rear End",2,,,1324332.9,1663286.92
"2020-10313-19/09/2025","MUNNO PARA DOWNS","CITY OF PLAYFORD.",2,1,0,0,1,2020,"November","Tuesday","05:40 pm",90,"Sealed","Dry","Not Raining","Daylight","Rear End",2,,,1336779.09,1702595.1
"2020-10314-19/09/2025","NARACOORTE","DC NARACOORTE & LUCINDALE.",2,1,0,0,1,2020,"November","Wednesday","07:20 am",110,"Sealed","Dry","Not Raining","Daylight","Hit Fixed Object",1,,,1509767.45,1440567.85
"2020-10320-19/09/2025","HACKNEY","CC OF NORWOOD,PAYNEHAM & ST PETERS",2,1,0,0,1,2020,"November","Tuesday","08:30 am",60,"Sealed","Dry","Not Raining","Daylight","Rear End",2,,,1329888.83,1671303.98
"2020-10322-19/09/2025","MOUNT GAMBIER","CC MT.GAMBIER.",2,1,0,0,1,2020,"November","Wednesday","12:13 pm",50,"Sealed","Dry","Not Raining","Daylight","Rear End",1,,,1510251.63,1341954.76
"2020-10324-19/09/2025","NORWOOD","CC OF NORWOOD,PAYNEHAM & ST PETERS",2,1,0,0,1,2020,"November","Monday","01:30 pm",50,"Sealed","Dry","Not Raining","Daylight","Rear End",2,,,1332177.94,1671077.11
"2020-10331-19/09/2025","HOPE VALLEY","CITY OF TEA TREE GULLY",2,1,0,0,1,2020,"November","Wednesday","03:30 pm",50,"Sealed","Dry","Not Raining","Daylight","Rear End",2,,,1338596.15,1679519.47
"2020-10336-19/09/2025","WAYVILLE","CITY OF UNLEY",2,1,0,0,1,2020,"November","Tuesday","03:20 pm",60,"Sealed","Dry","Not Raining","Daylight","Rear End",2,,,1326888.57,1668898.92
"2020-10338-19/09/2025","PARADISE","CC CAMPBELLTOWN.",2,1,0,0,1,2020,"November","Wednesday","01:10 pm",50,"Sealed","Dry","Not Raining","Daylight","Hit Parked Vehicle",2,,,1336291.18,1676380
"2020-10341-19/09/2025","SMITHFIELD","CITY OF PLAYFORD.",2,1,0,0,1,2020,"November","Wednesday","09:00 am",50,"Sealed","Dry","Not Raining","Daylight","Rear End",2,,,1337441.98,1697155.79
"2020-10343-19/09/2025","CUMMINS","DC LOWER EYRE PENINSULA",1,1,0,0,1,2020,"November","Wednesday","01:25 pm",110,"Sealed","Dry","Not Raining","Daylight","Roll Over",1,,,1065727.76,1743655.02
"2020-10344-19/09/2025","MOUNT GAMBIER","CC MT.GAMBIER.",2,2,0,0,2,2020,"November","Wednesday","05:45 pm",50,"Sealed","Dry","Not Raining","Daylight","Rear End",2,,"Y",1510481.39,1341954.5
"2020-10346-19/09/2025","KENTON VALLEY","THE ADELAIDE HILLS COUNCIL",3,1,0,0,1,2020,"November","Wednesday","02:15 pm",100,"Sealed","Dry","Not Raining","Daylight","Hit Fixed Object",1,,,1355644.75,1679237.34
"2020-10351-19/09/2025","VALE PARK","WALKERVILLE TOWN COUNCIL",2,1,0,1,0,2020,"November","Thursday","12:20 am",60,"Sealed","Dry","Not Raining","Night","Side Swipe",1,,,1330627.06,1675344.74
"2020-10352-19/09/2025","DULWICH","CITY OF BURNSIDE",2,1,0,0,1,2020,"November","Thursday","08:00 am",50,"Sealed","Dry","Not Raining","Daylight","Side Swipe",2,,,1331350.41,1669478.43
"2020-10353-19/09/2025","GLENELG EAST","CITY OF HOLDFAST BAY",2,1,0,0,1,2020,"November","Wednesday","04:15 pm",60,"Sealed","Dry","Not Raining","Daylight","Rear End",2,,,1322448.6,1665345.59
"2020-10359-19/09/2025","NORTH ADELAIDE","CITY OF ADELAIDE",2,1,0,0,1,2020,"October","Sunday","02:05 pm",50,"Sealed","Dry","Not Raining","Daylight","Rear End",2,,,1328266.03,1672576.16
"2020-10361-19/09/2025","GLENGOWRIE","CC MARION.",2,1,0,0,1,2020,"November","Thursday","08:00 am",50,"Sealed","Dry","Not Raining","Daylight","Right Angle",1,,,1322182.54,1664297.2
"2020-10363-19/09/2025","OAKBANK","THE ADELAIDE HILLS COUNCIL",3,1,0,0,1,2020,"November","Thursday","02:00 pm",60,"Sealed","Dry","Not Raining","Daylight","Side Swipe",1,,,1350253.23,1663335.32
"2020-10364-19/09/2025","ALBERTON","CITY OF PORT ADELAIDE ENFIELD",2,1,0,1,0,2020,"November","Thursday","04:14 pm",50,"Sealed","Dry","Not Raining","Daylight","Rear End",2,,,1320669.95,1679033.99
"2020-10365-19/09/2025","SPALDING","NORTHERN AREAS DISTRICT COUNCIL",2,2,0,1,1,2020,"November","Thursday","02:30 pm",100,"Sealed","Dry","Not Raining","Daylight","Head On",2,,,1330473.01,1832664.99
"2020-10368-19/09/2025","ROWLAND FLAT","THE BAROSSA COUNCIL.",2,1,0,0,1,2020,"November","Thursday","05:45 pm",60,"Sealed","Dry","Not Raining","Daylight","Hit Fixed Object",1,,,1359888.96,1708004.2
"2020-10371-19/09/2025","WINDSOR GARDENS","CITY OF PORT ADELAIDE ENFIELD",2,2,0,0,2,2020,"November","Thursday","03:00 pm",60,"Sealed","Dry","Not Raining","Daylight","Rear End",2,,,1333112.26,1677477.72
"2020-10372-19/09/2025","SEAFORD MEADOWS","CITY OF ONKAPARINGA",2,1,0,1,0,2020,"November","Thursday","06:48 pm",70,"Sealed","Dry","Not Raining","Daylight","Right Turn",2,,,1316352.56,1642778.71
"2020-10375-19/09/2025","WOODCROFT","CITY OF ONKAPARINGA",2,1,0,0,1,2020,"November","Thursday","09:16 pm",50,"Sealed","Dry","Not Raining","Night","Hit Fixed Object",1,,,1323606.58,1650962.73
"2020-10376-19/09/2025","BORDERTOWN","DC TATIARA.",2,1,0,0,1,2020,"November","Thursday","08:50 pm",50,"Sealed","Dry","Not Raining","Night","Hit Parked Vehicle",1,,,1518321.46,1508762.71
"2020-10380-19/09/2025","KILKENNY","CITY OF CHARLES STURT",2,1,0,0,1,2020,"November","Friday","08:20 am",60,"Sealed","Dry","Not Raining","Daylight","Right Angle",1,,,1324780.56,1676335.3
"2020-10383-19/09/2025","HOLDEN HILL","CITY OF PORT ADELAIDE ENFIELD",2,1,0,0,1,2020,"November","Friday","09:50 am",60,"Sealed","Dry","Not Raining","Daylight","Rear End",2,,,1333809.35,1678092.37
"2020-10394-19/09/2025","MILLICENT","WATTLE RANGE COUNCIL",2,1,0,0,1,2020,"November","Friday","12:00 pm",50,"Sealed","Dry","Not Raining","Daylight","Hit Parked Vehicle",1,,,1473832.5,1368142.39
"2020-10395-19/09/2025","MCLAREN VALE","CITY OF ONKAPARINGA",2,1,0,1,0,2020,"November","Friday","02:10 pm",50,"Sealed","Dry","Not Raining","Daylight","Hit Fixed Object",1,,,1322169.18,1638471.99
"2020-10397-19/09/2025","DULWICH","CITY OF BURNSIDE",2,1,0,0,1,2020,"November","Friday","03:21 pm",60,"Sealed","Dry","Not Raining","Daylight","Right Angle",2,,,1330671.04,1669642.27
"2020-10399-19/09/2025","WINDSOR GARDENS","CITY OF PORT ADELAIDE ENFIELD",2,1,0,0,1,2020,"November","Friday","04:10 pm",60,"Sealed","Dry","Not Raining","Daylight","Rear End",1,,,1333112.26,1677477.72
"2020-10400-19/09/2025","VICTOR HARBOR","DC VICTOR HARBOR.",2,2,0,0,2,2020,"November","Friday","04:00 pm",60,"Sealed","Dry","Not Raining","Daylight","Right Angle",2,,,1327860.03,1601080.58
"2020-10403-19/09/2025","WEST LAKES","CITY OF CHARLES STURT",2,1,0,0,1,2020,"November","Friday","02:45 pm",60,"Sealed","Dry","Not Raining","Daylight","Rear End",2,,,1319894.26,1676876.59
"2020-10406-19/09/2025","NORTHFIELD","CITY OF PORT ADELAIDE ENFIELD",2,1,0,0,1,2020,"November","Friday","02:40 pm",60,"Sealed","Dry","Not Raining","Daylight","Rear End",2,,,1330960.01,1679286.85
"2020-10412-19/09/2025","HENLEY BEACH SOUTH","CITY OF CHARLES STURT",2,2,0,0,2,2020,"November","Friday","08:48 pm",50,"Sealed","Dry","Not Raining","Night","Right Angle",2,"Y",,1319021.26,1671008.21
"2020-10414-19/09/2025","FREELING","LIGHT REGIONAL COUNCIL",2,1,1,0,0,2020,"November","Friday","07:30 pm",100,"Unsealed","Dry","Not Raining","Daylight","Hit Fixed Object",1,"Y","Y",1354440.27,1723763.95
"2020-10423-19/09/2025","NORTH ADELAIDE","CITY OF ADELAIDE",2,1,0,0,1,2020,"November","Friday","07:32 pm",60,"Sealed","Dry","Not Raining","Daylight","Right Angle",2,,,1329586.59,1672940.18
"2020-10424-19/09/2025","GOMERSAL","LIGHT REGIONAL COUNCIL",2,3,0,0,3,2020,"November","Saturday","01:34 pm",90,"Sealed","Dry","Not Raining","Daylight","Right Angle",1,,,1357192.16,1713548.64
"2020-10425-19/09/2025","COMPTON","DISTRICT COUNCIL OF GRANT",2,8,3,5,0,2020,"November","Saturday","12:25 pm",110,"Sealed","Dry","Not Raining","Daylight","Head On",1,,,1505472.12,1343810.32
"2020-10438-19/09/2025","ASHBOURNE","ALEXANDRINA COUNCIL",3,1,0,1,0,2020,"November","Wednesday","10:50 am",60,"Sealed","Dry","Not Raining","Daylight","Hit Fixed Object",1,,,1342644.19,1630620.58
"2020-10441-19/09/2025","WILLIAMSTOWN","THE BAROSSA COUNCIL.",2,1,0,0,1,2020,"November","Saturday","09:40 pm",100,"Sealed","Wet","Raining","Night","Rear End",2,,,1352806.71,1697772.32
"2020-10443-19/09/2025","MOUNT BARKER","DC MT.BARKER.",2,1,0,0,1,2020,"November","Sunday","10:40 am",60,"Sealed","Dry","Not Raining","Daylight","Rear End",2,,,1352104.13,1652864.5
"2020-10446-19/09/2025","ST MORRIS","CC OF NORWOOD,PAYNEHAM & ST PETERS",3,1,0,0,1,2020,"November","Sunday","09:05 am",60,"Sealed","Dry","Not Raining","Daylight","Hit Fixed Object",1,,,1333817.9,1671803.92
"2020-10447-19/09/2025","SEACLIFF PARK","CC MARION.",2,1,0,0,1,2020,"November","Sunday","12:15 pm",60,"Sealed","Dry","Not Raining","Daylight","Side Swipe",1,,,1321789.57,1657751.18
"2020-10450-19/09/2025","RENDELSHAM","WATTLE RANGE COUNCIL",1,1,0,0,1,2020,"November","Sunday","05:45 am",110,"Sealed","Unknown","Not Raining","Night","Roll Over",1,,"Y",1464397.06,1372944.24
"2020-10452-19/09/2025","SALT CREEK","COORONG DISTRICT COUNCIL",1,4,0,0,4,2020,"November","Sunday","02:25 pm",110,"Sealed","Dry","Not Raining","Daylight","Roll Over",1,,"Y",1422300.09,1523617.4
"2020-10455-19/09/2025","MUNNO PARA WEST","CITY OF PLAYFORD.",2,2,0,0,2,2020,"November","Sunday","02:30 pm",60,"Sealed","Dry","Not Raining","Daylight","Rear End",1,,,1335553.94,1699170.63
"2020-10457-19/09/2025","PARADISE","CC CAMPBELLTOWN.",2,1,1,0,0,2020,"November","Sunday","01:38 pm",60,"Sealed","Dry","Not Raining","Daylight","Side Swipe",1,,,1335294.25,1675913.77
"2020-10458-19/09/2025","MILE END SOUTH","CITY OF WEST TORRENS",2,1,0,1,0,2020,"November","Sunday","04:20 pm",50,"Sealed","Dry","Not Raining","Daylight","Side Swipe",2,,,1326228.24,1669268.12
"2020-10460-19/09/2025","BIRDWOOD","THE ADELAIDE HILLS COUNCIL",2,2,0,1,1,2020,"November","Sunday","01:49 pm",50,"Sealed","Dry","Not Raining","Daylight","Right Angle",1,,,1362221.55,1681395.19
"2020-10461-19/09/2025","ALDINGA BEACH","CITY OF ONKAPARINGA",4,1,0,0,1,2020,"November","Sunday","05:15 pm",60,"Sealed","Dry","Not Raining","Daylight","Right Angle",1,,,1314876.76,1631684.41
"2020-10462-19/09/2025","HILLBANK","CITY OF PLAYFORD.",2,1,0,0,1,2020,"November","Sunday","06:15 pm",50,"Sealed","Dry","Not Raining","Daylight","Hit Pedestrian",1,,,1338133.2,1693642.89
"2020-10467-19/09/2025","PANORAMA","CC MITCHAM.",4,2,0,0,2,2020,"November","Monday","07:50 am",50,"Sealed","Dry","Not Raining","Daylight","Side Swipe",2,,,1327804.02,1663284.23
"2020-10469-19/09/2025","LOCKLEYS","CITY OF WEST TORRENS",2,1,0,0,1,2020,"November","Wednesday","07:00 pm",60,"Sealed","Dry","Not Raining","Daylight","Rear End",2,,,1320911.17,1669960.22
"2020-10473-19/09/2025","ADELAIDE","CITY OF ADELAIDE",2,1,0,0,1,2020,"November","Monday","10:35 am",50,"Sealed","Dry","Not Raining","Daylight","Rear End",1,,,1329619.12,1669197.85
"2020-10474-19/09/2025","WESTBOURNE PARK","CC MITCHAM.",2,1,0,1,0,2020,"November","Monday","10:56 am",60,"Sealed","Dry","Not Raining","Daylight","Hit Pedestrian",1,,,1327512.31,1666040.67
"2020-10475-19/09/2025","MILLSWOOD","CITY OF UNLEY",2,1,0,0,1,2020,"November","Monday","06:00 am",50,"Sealed","Dry","Not Raining","Daylight","Right Angle",2,,,1327471.06,1667339.67
"2020-10477-19/09/2025","ALDINGA BEACH","CITY OF ONKAPARINGA",2,1,0,0,1,2020,"November","Monday","11:50 am",50,"Sealed","Dry","Not Raining","Daylight","Rear End",2,,,1314702.14,1631964.93
"2020-10479-19/09/2025","PARK HOLME","CC MARION.",4,1,0,1,0,2020,"November","Monday","11:15 am",60,"Sealed","Dry","Not Raining","Daylight","Rear End",2,,,1324307.06,1664223.09
"2020-10480-19/09/2025","DORSET VALE","THE ADELAIDE HILLS COUNCIL",1,2,0,0,2,2020,"November","Wednesday","04:30 pm",80,"Unsealed","Dry","Not Raining","Daylight","Roll Over",1,,,1337040.97,1652605.34
"2020-10483-19/09/2025","TWO WELLS","DC MALLALA.",2,1,0,1,0,2020,"November","Monday","01:00 pm",110,"Sealed","Dry","Not Raining","Daylight","Side Swipe",1,,,1322765.05,1703891.97
"2020-10490-19/09/2025","PORT ADELAIDE","CITY OF PORT ADELAIDE ENFIELD",2,2,0,2,0,2020,"November","Monday","03:55 pm",60,"Sealed","Dry","Not Raining","Daylight","Right Angle",2,,,1319839.14,1679085.47
"2020-10491-19/09/2025","PARK HOLME","CC MARION.",3,1,0,0,1,2020,"November","Sunday","12:20 pm",60,"Sealed","Dry","Not Raining","Daylight","Rear End",2,,,1324319.06,1663273.94
"2020-10492-19/09/2025","MORPHETT VALE","CITY OF ONKAPARINGA",3,2,0,0,2,2020,"November","Monday","05:07 pm",60,"Sealed","Dry","Not Raining","Daylight","Rear End",1,,,1319615.62,1649720.82
"2020-10494-19/09/2025","RICHMOND","CITY OF WEST TORRENS",2,1,0,0,1,2020,"October","Thursday","05:20 pm",60,"Sealed","Dry","Not Raining","Daylight","Rear End",2,,,1325793.27,1669439.92
"2020-10495-19/09/2025","ROYSTON PARK","CC OF NORWOOD,PAYNEHAM & ST PETERS",2,1,0,1,0,2020,"November","Monday","06:35 pm",50,"Sealed","Dry","Not Raining","Daylight","Hit Parked Vehicle",1,,,1331636.58,1673535.78
"2020-10496-19/09/2025","LARGS BAY","CITY OF PORT ADELAIDE ENFIELD",2,1,0,0,1,2020,"November","Monday","06:20 pm",50,"Sealed","Dry","Not Raining","Daylight","Side Swipe",2,,,1318432.98,1682013.94
"2020-10497-19/09/2025","ALDINGA BEACH","CITY OF ONKAPARINGA",2,4,0,4,0,2020,"November","Monday","11:20 pm",50,"Sealed","Dry","Not Raining","Night","Right Angle",1,,,1315482.81,1631987.89
"2020-10498-19/09/2025","THEBARTON","CITY OF WEST TORRENS",2,1,0,0,1,2020,"December","Tuesday","04:50 am",50,"Sealed","Wet","Raining","Night","Hit Fixed Object",1,,"Y",1326120.27,1671669.46
"2020-10502-19/09/2025","EDINBURGH NORTH","CITY OF PLAYFORD.",2,1,0,1,0,2020,"December","Tuesday","07:15 am",60,"Sealed","Wet","Raining","Daylight","Right Angle",1,,,1335160.08,1695103.01
"2020-10505-19/09/2025","CARRIEWERLOO",,2,1,0,0,1,2020,"December","Tuesday","07:50 am",110,"Sealed","Wet","Raining","Daylight","Rear End",2,,,1241732.26,1965675.19
"2020-10507-19/09/2025","URRBRAE","CC MITCHAM.",2,1,0,0,1,2020,"December","Tuesday","08:20 am",60,"Sealed","Wet","Raining","Daylight","Rear End",2,,,1332513,1666248.82
"2020-10511-19/09/2025","GLENGOWRIE","CC MARION.",2,3,0,0,3,2020,"December","Tuesday","08:30 am",60,"Sealed","Dry","Not Raining","Daylight","Right Angle",2,,,1322662.43,1664460.36
"2020-10512-19/09/2025","ELIZABETH EAST","CITY OF PLAYFORD.",2,1,0,1,0,2020,"December","Tuesday","08:32 am",80,"Sealed","Wet","Unknown","Daylight","Hit Pedestrian",2,,,1336024.96,1692807.44
"2020-10514-19/09/2025","HIGHBURY","CITY OF TEA TREE GULLY",2,3,1,1,1,2020,"December","Tuesday","12:35 pm",60,"Sealed","Dry","Not Raining","Daylight","Head On",1,,,1339757.66,1679500.8
"2020-10515-19/09/2025","TUNKALILLA","DC YANKALILLA.",1,1,0,1,0,2020,"November","Monday","07:37 pm",100,"Unsealed","Dry","Not Raining","Daylight","Roll Over",1,,,1300837.15,1596825.26
"2020-10518-19/09/2025","MUNNO PARA","CITY OF PLAYFORD.",2,1,0,0,1,2020,"December","Tuesday","03:20 pm",60,"Sealed","Dry","Not Raining","Daylight","Hit Pedestrian",2,,,1337173.84,1698251.31
"2020-10520-19/09/2025","MOUNT BARKER","DC MT.BARKER.",3,2,0,0,2,2020,"December","Tuesday","03:40 pm",50,"Sealed","Dry","Not Raining","Daylight","Right Angle",2,,,1351413.86,1654498.06
"2020-10521-19/09/2025","ENFIELD","CITY OF PORT ADELAIDE ENFIELD",2,1,0,0,1,2020,"December","Tuesday","03:56 pm",60,"Sealed","Dry","Not Raining","Daylight","Hit Pedestrian",2,,,1328801.35,1679002.74
"2020-10522-19/09/2025","HOUGHTON","THE ADELAIDE HILLS COUNCIL",2,1,0,1,0,2020,"December","Tuesday","04:00 pm",80,"Sealed","Dry","Not Raining","Daylight","Head On",2,,,1344064.78,1681266.79
"2020-10523-19/09/2025","PETERHEAD","CITY OF PORT ADELAIDE ENFIELD",2,1,0,0,1,2020,"December","Tuesday","03:35 pm",50,"Sealed","Dry","Not Raining","Daylight","Right Angle",2,,,1319204.67,1681383.33
"2020-10524-19/09/2025","PETWOOD","DC MT.BARKER.",2,1,0,0,1,2020,"December","Tuesday","04:35 pm",110,"Sealed","Dry","Not Raining","Daylight","Rear End",1,,,1358970.04,1654068.82
"2020-10526-19/09/2025","THEBARTON","CITY OF WEST TORRENS",2,1,0,0,1,2020,"December","Tuesday","05:15 pm",50,"Sealed","Dry","Not Raining","Daylight","Hit Fixed Object",1,,,1326464.59,1671373.93
"2020-10528-19/09/2025","SALISBURY EAST","CITY OF SALISBURY",2,1,0,0,1,2020,"December","Tuesday","05:40 pm",60,"Sealed","Dry","Not Raining","Daylight","Rear End",2,,,1333374.9,1685314.05
"2020-10531-19/09/2025","KURRALTA PARK","CITY OF WEST TORRENS",2,1,0,0,1,2020,"December","Tuesday","08:00 pm",60,"Sealed","Dry","Not Raining","Daylight","Hit Parked Vehicle",1,,,1325825.69,1668240.26
"2020-10535-19/09/2025","VIRGINIA","CITY OF PLAYFORD.",3,2,0,0,2,2020,"December","Wednesday","05:59 am",90,"Sealed","Dry","Not Raining","Daylight","Right Turn",2,,,1326421.71,1696569.21
"2020-10537-19/09/2025","GILLMAN","CITY OF PORT ADELAIDE ENFIELD",2,1,0,0,1,2020,"December","Wednesday","07:09 am",50,"Sealed","Dry","Not Raining","Daylight","Hit Parked Vehicle",1,,,1321979.5,1680128.98
"2020-10538-19/09/2025","HEATHPOOL","CC OF NORWOOD,PAYNEHAM & ST PETERS",2,1,0,0,1,2020,"December","Wednesday","08:00 am",50,"Sealed","Dry","Not Raining","Daylight","Hit Fixed Object",1,,,1332410.15,1669964.34
"2020-10540-19/09/2025","MORPHETTVILLE","CC MARION.",2,1,0,0,1,2020,"November","Monday","07:30 am",60,"Sealed","Dry","Not Raining","Daylight","Hit Animal",2,,,1322660.95,1664507.42
"2020-10542-19/09/2025","PASADENA","CC MITCHAM.",2,1,0,0,1,2020,"December","Tuesday","06:15 pm",50,"Sealed","Dry","Not Raining","Daylight","Right Angle",1,,,1327224.82,1661877.4