"REPORT_ID","Suburb","LGA Name","Total Units","Total Cas","Total Fats","Total SI","Total MI","Year","Month","Day","Time","Area Speed","Road Surface","Moisture Cond","Weather Cond","DayNight","Crash Type","Unit Resp","DUI Involved","Drugs Involved","ACCLOC_X","ACCLOC_Y"
"2020-10543-19/09/2025","KESWICK TERMINAL","CITY OF WEST TORRENS",2,1,0,1,0,2020,"November","Monday","01:15 pm",60,"Sealed","Dry","Not Raining","Daylight","Right Turn",1,,,1326171.63,1670095.18
"2020-10546-19/09/2025","MALVERN","CITY OF UNLEY",2,1,0,0,1,2020,"December","Wednesday","07:10 am",60,"Sealed","Dry","Not Raining","Daylight","Right Turn",2,,,1329111.87,1667208.96
"2020-10547-19/09/2025","BELAIR","CC MITCHAM.",3,2,0,0,2,2020,"December","Tuesday","01:05 pm",60,"Sealed","Dry","Not Raining","Daylight","Rear End",1,,,1330365.88,1662230.23
"2020-10548-19/09/2025","CLARE","CLARE AND GILBERT VALLEYS DISTRICT COUNCIL",3,1,0,0,1,2020,"December","Wednesday","01:10 am",50,"Sealed","Dry","Not Raining","Night","Hit Fixed Object",1,,,1334295.13,1789583.09
"2020-10551-19/09/2025","TONSLEY","CC MARION.",2,1,0,0,1,2020,"December","Wednesday","08:45 am",60,"Sealed","Dry","Not Raining","Daylight","Right Turn",1,,,1325988.3,1662110.1
"2020-10553-19/09/2025","PADTHAWAY","DC TATIARA.",1,1,0,1,0,2020,"December","Wednesday","07:15 am",110,"Sealed","Dry","Not Raining","Daylight","Roll Over",1,,,1494926.49,1473382.88
"2020-10555-19/09/2025","HAWTHORNDENE","CC MITCHAM.",3,1,0,0,1,2020,"November","Sunday","02:00 pm",50,"Sealed","Dry","Not Raining","Daylight","Hit Fixed Object",1,"Y",,1330161.36,1660214.44
"2020-10560-19/09/2025","PARKSIDE","CITY OF UNLEY",4,1,0,0,1,2020,"December","Wednesday","03:42 pm",60,"Sealed","Dry","Not Raining","Daylight","Right Angle",2,,,1329511.6,1668976.32
"2020-10562-19/09/2025","SOUTH PLYMPTON","CC MARION.",2,1,0,0,1,2020,"December","Wednesday","04:31 pm",60,"Sealed","Dry","Not Raining","Daylight","Right Turn",2,,,1324256.1,1665509.09
"2020-10570-19/09/2025","MAWSON LAKES","CITY OF SALISBURY",2,5,0,3,2,2020,"December","Wednesday","09:59 pm",70,"Sealed","Dry","Not Raining","Night","Right Turn",1,,"Y",1329569.95,1684428.06
"2020-10571-19/09/2025","GAWLER EAST","CT GAWLER.",2,2,0,2,0,2020,"December","Thursday","12:53 am",50,"Sealed","Dry","Not Raining","Night","Hit Fixed Object",1,,,1343602.14,1706259.57
"2020-10572-19/09/2025","INGLE FARM","CITY OF SALISBURY",2,2,0,1,1,2020,"December","Thursday","04:45 am",60,"Sealed","Dry","Not Raining","Night","Hit Fixed Object",1,"Y",,1334377.84,1681139.78
"2020-10573-19/09/2025","BOLIVAR","CITY OF SALISBURY",2,1,0,1,0,2020,"December","Thursday","05:25 am",90,"Sealed","Dry","Not Raining","Night","Hit Pedestrian",2,,,1328548.08,1688016.24
"2020-10574-19/09/2025","SALISBURY DOWNS","CITY OF SALISBURY",2,1,0,0,1,2020,"December","Wednesday","05:00 pm",60,"Sealed","Dry","Not Raining","Daylight","Rear End",2,,,1329973.99,1687989.14
"2020-10577-19/09/2025","HAPPY VALLEY","CITY OF ONKAPARINGA",2,1,0,0,1,2020,"December","Wednesday","12:30 pm",60,"Sealed","Dry","Not Raining","Daylight","Rear End",2,,,1323033.85,1653421.92
"2020-10582-19/09/2025","WEST LAKES","CITY OF CHARLES STURT",2,1,0,0,1,2020,"December","Wednesday","11:20 pm",60,"Sealed","Dry","Not Raining","Night","Right Angle",2,,,1318546.67,1676799.79
"2020-10586-19/09/2025","FULHAM GARDENS","CITY OF CHARLES STURT",2,1,0,0,1,2020,"December","Thursday","12:15 pm",60,"Sealed","Dry","Not Raining","Daylight","Rear End",1,,,1320790.16,1673081.46
"2020-10587-19/09/2025","MARLESTON","CITY OF WEST TORRENS",2,1,0,0,1,2020,"December","Thursday","01:10 pm",60,"Sealed","Dry","Not Raining","Daylight","Rear End",1,,,1325794.77,1668918.82
"2020-10589-19/09/2025","YANKALILLA","DC YANKALILLA.",2,1,0,0,1,2020,"December","Thursday","11:15 am",100,"Unsealed","Dry","Not Raining","Daylight","Hit Fixed Object",1,,,1305918.47,1611755.83
"2020-10590-19/09/2025","UNDERDALE","CITY OF WEST TORRENS",2,1,0,1,0,2020,"December","Thursday","01:58 pm",60,"Sealed","Dry","Not Raining","Daylight","Hit Pedestrian",2,,,1324154.18,1670939.89
"2020-10591-19/09/2025","SEAVIEW DOWNS","CC MARION.",2,2,0,0,2,2020,"December","Thursday","02:45 pm",60,"Sealed","Dry","Not Raining","Daylight","Rear End",2,,,1322813.34,1659390.01
"2020-10598-19/09/2025","GLENELG SOUTH","CITY OF HOLDFAST BAY",3,1,0,0,1,2020,"December","Thursday","03:40 pm",60,"Sealed","Dry","Not Raining","Daylight","Rear End",2,,,1321030.98,1664346.75
"2020-10603-19/09/2025","ONKAPARINGA HILLS","CITY OF ONKAPARINGA",2,1,0,1,0,2020,"December","Thursday","06:09 pm",60,"Sealed","Dry","Not Raining","Daylight","Rear End",1,,,1322025.98,1646731.41
"2020-10604-19/09/2025","KIDMAN PARK","CITY OF CHARLES STURT",2,1,0,0,1,2020,"December","Thursday","06:10 pm",60,"Sealed","Dry","Not Raining","Daylight","Right Angle",1,,,1321925.33,1673102.36
"2020-10607-19/09/2025","GLENELG SOUTH","CITY OF HOLDFAST BAY",2,1,0,0,1,2020,"December","Thursday","06:35 pm",50,"Sealed","Dry","Not Raining","Daylight","Rear End",2,,,1320830.32,1663765.12
"2020-10610-19/09/2025","TORRENS PARK","CC MITCHAM.",2,1,0,0,1,2020,"December","Wednesday","04:30 pm",60,"Sealed","Dry","Not Raining","Daylight","Rear End",2,,,1329379.8,1664213.81
"2020-10612-19/09/2025","SALISBURY PLAIN","CITY OF SALISBURY",2,1,0,0,1,2020,"December","Friday","10:55 pm",80,"Sealed","Dry","Not Raining","Night","Rear End",1,,,1334718.19,1687196.62
"2020-10613-19/09/2025","TUNGKILLO","MID MURRAY DISTRICT COUNCIL",1,1,0,1,0,2020,"December","Thursday","07:30 pm",80,"Sealed","Dry","Not Raining","Daylight","Roll Over",1,,"Y",1370247.3,1682448.66
"2020-10617-19/09/2025","ADELAIDE","CITY OF ADELAIDE",2,1,0,1,0,2020,"December","Thursday","07:45 am",50,"Sealed","Dry","Not Raining","Daylight","Right Turn",1,,,1329249.26,1670368.51
"2020-10619-19/09/2025","BRIGHTON","CITY OF HOLDFAST BAY",2,1,0,0,1,2020,"December","Thursday","05:45 pm",50,"Sealed","Dry","Not Raining","Daylight","Side Swipe",2,,,1320776.44,1660248.98
"2020-10622-19/09/2025","OVINGHAM","CITY OF PROSPECT",2,1,0,0,1,2020,"December","Thursday","04:45 pm",60,"Sealed","Dry","Not Raining","Daylight","Rear End",2,,,1327256.43,1673859.73
"2020-10626-19/09/2025","INGLE FARM","CITY OF SALISBURY",2,1,0,0,1,2020,"December","Friday","11:31 am",70,"Sealed","Dry","Not Raining","Daylight","Rear End",1,,,1332120.96,1681780.41
"2020-10630-19/09/2025","GOLDEN GROVE","CITY OF TEA TREE GULLY",2,1,0,1,0,2020,"December","Friday","12:45 pm",60,"Sealed","Dry","Not Raining","Daylight","Right Angle",1,,,1338995.83,1686245.12
"2020-10633-19/09/2025","KESWICK","CITY OF WEST TORRENS",2,1,0,0,1,2020,"December","Friday","02:05 pm",60,"Sealed","Dry","Not Raining","Daylight","Rear End",2,,,1326655.96,1668971.85
"2020-10634-19/09/2025","MAWSON LAKES","CITY OF SALISBURY",2,1,0,0,1,2020,"November","Monday","02:00 pm",60,"Sealed","Dry","Not Raining","Daylight","Side Swipe",2,,,1329628.81,1684397.65
"2020-10637-19/09/2025","MODBURY HEIGHTS","CITY OF TEA TREE GULLY",2,1,0,0,1,2020,"December","Friday","03:05 pm",80,"Sealed","Dry","Not Raining","Daylight","Rear End",2,,,1335773.85,1683000.39
"2020-10638-19/09/2025","EDILLILIE","DC LOWER EYRE PENINSULA",2,1,0,0,1,2020,"December","Friday","11:45 am",100,"Unsealed","Dry","Not Raining","Daylight","Right Angle",2,,,1055588.66,1736508.47
"2020-10639-19/09/2025","WESTBOURNE PARK","CC MITCHAM.",4,1,0,0,1,2020,"December","Friday","03:38 pm",60,"Sealed","Dry","Not Raining","Daylight","Rear End",1,,,1327513.11,1666010.1
"2020-10641-19/09/2025","WHITES VALLEY","CITY OF ONKAPARINGA",3,2,0,1,1,2020,"December","Friday","02:00 pm",80,"Sealed","Dry","Not Raining","Daylight","Right Angle",1,,,1318916.29,1634713.65
"2020-10642-19/09/2025","SEAFORD","CITY OF ONKAPARINGA",4,2,0,0,2,2020,"December","Friday","03:05 pm",70,"Sealed","Dry","Not Raining","Daylight","Rear End",1,,,1316371.66,1642084.36
"2020-10645-19/09/2025","PARALOWIE","CITY OF SALISBURY",2,1,0,1,0,2020,"December","Friday","05:00 pm",50,"Sealed","Dry","Not Raining","Daylight","Hit Pedestrian",2,,,1330071.86,1689390.82
"2020-10646-19/09/2025","KLEMZIG","CITY OF PORT ADELAIDE ENFIELD",4,2,0,0,2,2020,"December","Friday","05:29 pm",60,"Sealed","Dry","Not Raining","Daylight","Rear End",1,,,1331750.39,1676075.94
"2020-10651-19/09/2025","BURNSIDE","CITY OF BURNSIDE",2,1,0,1,0,2020,"December","Friday","06:25 pm",50,"Sealed","Dry","Not Raining","Daylight","Hit Fixed Object",1,,,1334469.62,1668193.45
"2020-10653-19/09/2025","BOSTON","DC LOWER EYRE PENINSULA",2,1,0,0,1,2020,"December","Friday","04:25 pm",80,"Sealed","Dry","Not Raining","Daylight","Hit Fixed Object",1,,,1078240.49,1702409.49
"2020-10654-19/09/2025","MUNNO PARA","CITY OF PLAYFORD.",2,1,0,0,1,2020,"December","Friday","03:15 pm",50,"Sealed","Dry","Not Raining","Daylight","Rear End",2,,,1337200.46,1698294
"2020-10655-19/09/2025","ADELAIDE","CITY OF BURNSIDE",2,1,0,0,1,2020,"October","Saturday","09:50 am",60,"Sealed","Dry","Not Raining","Daylight","Rear End",1,,,1330647.14,1669504.57
"2020-10657-19/09/2025","SALISBURY","CITY OF SALISBURY",2,1,0,0,1,2020,"January","Tuesday","12:00 pm",60,"Sealed","Dry","Not Raining","Daylight","Side Swipe",2,,,1332891.19,1688491.17
"2020-10660-19/09/2025","KESWICK","CITY OF WEST TORRENS",2,1,0,0,1,2020,"December","Friday","08:45 pm",60,"Sealed","Dry","Not Raining","Night","Hit Fixed Object",1,,,1326746.09,1668743.07
"2020-10664-19/09/2025","COOBER PEDY","DC COOBER PEDY",2,1,1,0,0,2020,"December","Friday","10:21 pm",50,"Sealed","Dry","Not Raining","Night","Hit Pedestrian",2,"Y",,976581.88,2330224.22
"2020-10666-19/09/2025","ELIZABETH EAST","CITY OF PLAYFORD.",2,3,0,0,3,2020,"December","Saturday","01:22 am",50,"Sealed","Dry","Not Raining","Night","Hit Fixed Object",1,,,1336796.89,1692790.87
"2020-10667-19/09/2025","EDEN HILLS","CC MITCHAM.",2,1,0,0,1,2020,"December","Saturday","01:50 am",60,"Sealed","Dry","Not Raining","Night","Hit Fixed Object",1,"Y","Y",1327893.03,1659371.44
"2020-10671-19/09/2025","RENMARK SOUTH","DC RENMARK PARINGA",2,1,0,0,1,2020,"December","Friday","10:00 pm",90,"Sealed","Dry","Not Raining","Night","Right Angle",1,,,1525144.62,1742514.07
"2020-10673-19/09/2025","FIRLE","CC OF NORWOOD,PAYNEHAM & ST PETERS",2,2,0,0,2,2020,"December","Saturday","10:50 am",50,"Sealed","Dry","Not Raining","Daylight","Right Angle",2,,,1333828.96,1672697.56
"2020-10675-19/09/2025","NOARLUNGA CENTRE","CITY OF ONKAPARINGA",3,1,0,0,1,2020,"December","Saturday","11:45 am",60,"Sealed","Wet","Not Raining","Daylight","Rear End",2,,,1318788.81,1647471.6
"2020-10676-19/09/2025","DUBLIN","DC MALLALA.",1,1,0,0,1,2020,"December","Saturday","11:40 am",100,"Sealed","Dry","Not Raining","Daylight","Roll Over",1,,,1300518.14,1720592.82
"2020-10679-19/09/2025","WARRADALE","CC MARION.",2,1,0,0,1,2020,"December","Saturday","11:20 am",60,"Sealed","Dry","Not Raining","Daylight","Rear End",2,,,1322704.55,1663058.82
"2020-10682-19/09/2025","RENMARK SOUTH","DC RENMARK PARINGA",2,3,0,0,3,2020,"December","Friday","04:20 pm",90,"Sealed","Dry","Not Raining","Daylight","Right Turn",1,,,1524962.79,1742369.34
"2020-10685-19/09/2025","MEADOWS","DC MT.BARKER.",2,1,0,0,1,2020,"December","Saturday","03:46 pm",80,"Sealed","Dry","Not Raining","Daylight","Other",9,,,1343234.68,1640516.39
"2020-10689-19/09/2025","MORPHETT VALE","CITY OF ONKAPARINGA",2,1,0,0,1,2020,"December","Saturday","10:10 am",60,"Sealed","Wet","Not Raining","Daylight","Right Angle",2,,,1321966.83,1648726.94
"2020-10692-19/09/2025","BEAUFORT","WAKEFIELD REGIONAL COUNCIL",2,1,0,0,1,2020,"December","Saturday","04:36 pm",110,"Sealed","Dry","Not Raining","Daylight","Rear End",2,,"Y",1294894.69,1765274.22
"2020-10694-19/09/2025","NARACOORTE","DC NARACOORTE & LUCINDALE.",2,3,0,0,3,2020,"December","Saturday","06:50 pm",50,"Sealed","Wet","Raining","Daylight","Right Angle",2,,,1511618.96,1437635.34
"2020-10695-19/09/2025","MURRAY BRIDGE","RC MURRAY BRIDGE.",2,1,0,0,1,2020,"December","Saturday","06:55 pm",50,"Sealed","Dry","Not Raining","Daylight","Hit Fixed Object",1,,,1389484.96,1646125.62
"2020-10696-19/09/2025","GEPPS CROSS","CITY OF PORT ADELAIDE ENFIELD",2,3,0,1,2,2020,"December","Saturday","03:55 pm",60,"Sealed","Dry","Not Raining","Daylight","Right Turn",2,,,1330377.17,1679315.41
"2020-10697-19/09/2025","GOODWOOD","CITY OF UNLEY",2,1,0,0,1,2020,"December","Saturday","08:25 pm",50,"Sealed","Dry","Not Raining","Night","Hit Parked Vehicle",1,,,1327283.8,1667620.48
"2020-10698-19/09/2025","BURRUNGULE","DISTRICT COUNCIL OF GRANT",2,1,0,0,1,2020,"December","Saturday","09:50 pm",110,"Sealed","Wet","Not Raining","Night","Roll Over",1,,,1498634.69,1348615.63
"2020-10700-19/09/2025","ULEYBURY","CITY OF PLAYFORD.",3,4,0,0,4,2020,"December","Sunday","01:38 am",80,"Sealed","Dry","Not Raining","Night","Hit Fixed Object",1,"Y",,1342270.34,1697821
"2020-10702-19/09/2025","CEDUNA","DC CEDUNA",2,2,0,0,2,2020,"December","Sunday","05:45 am",110,"Sealed","Dry","Not Raining","Night","Hit Fixed Object",1,,,857837.26,1999948.4
"2020-10704-19/09/2025","LONSDALE","CITY OF ONKAPARINGA",4,1,0,0,1,2020,"December","Sunday","10:05 am",80,"Sealed","Wet","Raining","Daylight","Hit Fixed Object",1,,,1318716.44,1651448.02
"2020-10707-19/09/2025","HENLEY BEACH","CITY OF CHARLES STURT",2,1,0,0,1,2020,"December","Sunday","12:52 pm",50,"Sealed","Dry","Not Raining","Daylight","Right Angle",1,,,1318718.7,1673021.6
"2020-10708-19/09/2025","MODBURY NORTH","CITY OF TEA TREE GULLY",2,1,0,1,0,2020,"December","Sunday","01:30 pm",50,"Sealed","Dry","Not Raining","Daylight","Hit Fixed Object",1,,,1336920.36,1681844.33
"2020-10710-19/09/2025","WEST LAKES","CITY OF CHARLES STURT",4,1,0,0,1,2020,"December","Sunday","01:40 pm",60,"Sealed","Dry","Not Raining","Daylight","Rear End",1,,,1319873.81,1676043.62
"2020-10716-19/09/2025","HAPPY VALLEY","CITY OF ONKAPARINGA",2,1,0,0,1,2020,"December","Sunday","05:02 pm",80,"Sealed","Dry","Not Raining","Daylight","Right Turn",1,,,1323015.41,1653414.07
"2020-10717-19/09/2025","SHEIDOW PARK","CC MARION.",3,2,0,0,2,2020,"December","Sunday","06:27 pm",80,"Sealed","Dry","Not Raining","Daylight","Right Turn",1,,,1320343.3,1653904.34
"2020-10720-19/09/2025","CAMPBELLTOWN","CC CAMPBELLTOWN.",2,2,0,0,2,2020,"December","Sunday","01:00 pm",60,"Sealed","Dry","Not Raining","Daylight","Rear End",1,,,1335249.57,1674550.31
"2020-10724-19/09/2025","NORWOOD","CC OF NORWOOD,PAYNEHAM & ST PETERS",3,3,0,0,3,2020,"December","Monday","08:55 am",60,"Sealed","Dry","Not Raining","Daylight","Rear End",1,,,1330814.52,1671040.59
"2020-10728-19/09/2025","KIDMAN PARK","CITY OF CHARLES STURT",2,2,0,1,1,2020,"December","Monday","10:13 am",60,"Sealed","Dry","Not Raining","Daylight","Right Angle",2,,,1322419.52,1673125.07
"2020-10730-19/09/2025","SALISBURY","CITY OF SALISBURY",1,1,0,0,1,2020,"December","Saturday","10:30 pm",50,"Sealed","Dry","Not Raining","Night","Roll Over",1,,,1333161.27,1689061.81
"2020-10736-19/09/2025","ONKAPARINGA HILLS","CITY OF ONKAPARINGA",2,2,0,0,2,2020,"December","Monday","12:45 pm",60,"Sealed","Dry","Not Raining","Daylight","Rear End",2,,,1322019.41,1646943.29
"2020-10738-19/09/2025","ETTRICK","RC MURRAY BRIDGE.",1,1,0,0,1,2020,"December","Sunday","11:30 pm",100,"Sealed","Wet","Raining","Night","Roll Over",1,,,1421035.51,1662124.52
"2020-10742-19/09/2025","ALDINGA BEACH","CITY OF ONKAPARINGA",4,2,0,1,1,2020,"December","Monday","03:50 pm",50,"Sealed","Dry","Not Raining","Daylight","Hit Fixed Object",1,,,1313406.78,1628023.91
"2020-10745-19/09/2025","STRATHALBYN","ALEXANDRINA COUNCIL",3,2,0,0,2,2020,"December","Monday","02:45 pm",80,"Unsealed","Dry","Not Raining","Daylight","Roll Over",1,,,1347433.9,1634872.14
"2020-10764-19/09/2025","KILBURN","CITY OF PORT ADELAIDE ENFIELD",2,1,0,0,1,2020,"December","Tuesday","03:10 pm",60,"Sealed","Dry","Not Raining","Daylight","Rear End",2,,,1327172.91,1678945.1
"2020-10766-19/09/2025","SEAFORD RISE","CITY OF ONKAPARINGA",2,1,0,0,1,2020,"December","Tuesday","12:00 pm",70,"Sealed","Dry","Not Raining","Daylight","Right Angle",2,,,1316399.83,1641384.82
"2020-10769-19/09/2025","CLOVELLY PARK","CC MARION.",2,1,0,0,1,2020,"December","Tuesday","07:45 am",50,"Sealed","Dry","Not Raining","Daylight","Right Angle",2,,,1325291.55,1662835.41
"2020-10770-19/09/2025","MIRANDA","CC PT.AUGUSTA.",2,1,0,0,1,2020,"December","Tuesday","04:00 pm",110,"Sealed","Dry","Not Raining","Daylight","Rear End",2,"Y",,1274727.71,1921244.74
"2020-10771-19/09/2025","O'SULLIVAN BEACH","CITY OF ONKAPARINGA",2,1,0,1,0,2020,"December","Tuesday","05:30 pm",50,"Sealed","Dry","Not Raining","Daylight","Hit Fixed Object",1,"Y",,1316723.18,1650007.32
"2020-10772-19/09/2025","PROSPECT","CITY OF PROSPECT",3,1,0,0,1,2020,"December","Tuesday","05:05 pm",60,"Sealed","Dry","Not Raining","Daylight","Right Turn",2,,,1328059.86,1676413.62
"2020-10776-19/09/2025","WINGFIELD","CITY OF PORT ADELAIDE ENFIELD",2,1,0,0,1,2020,"December","Tuesday","11:31 pm",60,"Sealed","Dry","Not Raining","Night","Hit Fixed Object",1,,,1323858.85,1681008.93
"2020-10777-19/09/2025","LOCHIEL","WAKEFIELD REGIONAL COUNCIL",2,1,0,0,1,2020,"December","Wednesday","02:45 am",110,"Sealed","Dry","Not Raining","Night","Hit Fixed Object",1,"Y",,1292818.67,1786647.32
"2020-10778-19/09/2025","THEVENARD","DC CEDUNA",1,1,0,0,1,2020,"December","Wednesday","05:28 am",50,"Sealed","Dry","Not Raining","Night","Roll Over",1,"Y",,873580.8,1982913.97
"2020-10781-19/09/2025","PENFIELD GARDENS","CITY OF PLAYFORD.",2,2,0,0,2,2020,"December","Wednesday","06:39 am",80,"Sealed","Dry","Not Raining","Daylight","Rear End",1,,,1331251.16,1698932.6
"2020-10783-19/09/2025","HENLEY BEACH","CITY OF CHARLES STURT",2,1,0,0,1,2020,"December","Wednesday","07:30 am",40,"Sealed","Dry","Not Raining","Daylight","Rear End",9,,,1318842.39,1671868.26
"2020-10785-19/09/2025","NORTH ADELAIDE","CITY OF PROSPECT",4,1,0,0,1,2020,"December","Wednesday","08:09 am",60,"Sealed","Dry","Not Raining","Daylight","Rear End",1,,,1327905.22,1673654.67
"2020-10788-19/09/2025","LIGHTSVIEW","CITY OF PORT ADELAIDE ENFIELD",2,1,0,0,1,2020,"December","Wednesday","09:00 am",50,"Sealed","Dry","Not Raining","Daylight","Side Swipe",1,,,1331398.57,1677649.55
"2020-10791-19/09/2025","INGLE FARM","CITY OF SALISBURY",2,1,0,0,1,2020,"December","Wednesday","07:10 am",60,"Sealed","Dry","Not Raining","Daylight","Right Angle",1,,,1331787.06,1681364.95
"2020-10792-19/09/2025","CHANDLERS HILL","CITY OF ONKAPARINGA",1,1,0,1,0,2020,"December","Wednesday","10:10 am",70,"Sealed","Dry","Not Raining","Daylight","Roll Over",1,,,1330046.57,1651816.85
"2020-10793-19/09/2025","DRY CREEK","CITY OF SALISBURY",2,1,0,0,1,2020,"December","Wednesday","09:30 am",90,"Sealed","Dry","Not Raining","Daylight","Hit Fixed Object",1,,,1327492.9,1681395.32
"2020-10797-19/09/2025","ELIZABETH EAST","CITY OF PLAYFORD.",2,1,0,0,1,2020,"December","Wednesday","10:50 am",60,"Sealed","Dry","Not Raining","Daylight","Rear End",2,,,1336744.59,1692793.04
"2020-10798-19/09/2025","ST MORRIS","CC OF NORWOOD,PAYNEHAM & ST PETERS",2,1,0,0,1,2020,"December","Wednesday","12:23 pm",60,"Sealed","Dry","Not Raining","Daylight","Rear End",1,,,1333703.05,1671800.7
"2020-10799-19/09/2025","SOUTH PLYMPTON","CC MARION.",2,1,0,0,1,2020,"December","Wednesday","08:20 am",60,"Sealed","Dry","Not Raining","Daylight","Side Swipe",1,,,1324280.93,1665104.48
"2020-10807-19/09/2025","HASLAM","DC STREAKY BAY.",2,1,0,0,1,2020,"December","Tuesday","02:00 pm",110,"Sealed","Dry","Not Raining","Daylight","Hit Fixed Object",1,,,917949.93,1951890.79
"2020-10809-19/09/2025","NALYAPPA","YORKE PENINSULA COUNCIL",2,1,0,0,1,2020,"December","Wednesday","03:36 pm",100,"Sealed","Dry","Not Raining","Daylight","Hit Fixed Object",1,,,1239980.07,1763641.09
"2020-10811-19/09/2025","LEAWOOD GARDENS","CC MITCHAM.",2,1,0,0,1,2020,"December","Wednesday","04:58 pm",60,"Sealed","Dry","Not Raining","Daylight","Hit Fixed Object",1,,,1334551.07,1665834.99
"2020-10813-19/09/2025","ANANGU PITJANTJATJARA YANKUNYTJATJARA",,1,2,0,0,2,2020,"December","Wednesday","05:15 pm",100,"Unsealed","Dry","Not Raining","Daylight","Roll Over",1,,,706041.17,2589160.79
"2020-10821-19/09/2025","ADELAIDE","CITY OF ADELAIDE",2,1,0,0,1,2020,"December","Thursday","08:25 am",50,"Sealed","Dry","Not Raining","Daylight","Side Swipe",1,,,1329049.51,1669823.92
"2020-10823-19/09/2025","WINDSOR GARDENS","CITY OF PORT ADELAIDE ENFIELD",3,2,0,0,2,2020,"December","Thursday","08:25 am",60,"Sealed","Dry","Not Raining","Daylight","Rear End",1,,,1333457.55,1677775.84
"2020-10824-19/09/2025","FERRYDEN PARK","CITY OF PORT ADELAIDE ENFIELD",2,1,0,0,1,2020,"December","Thursday","08:32 am",50,"Sealed","Dry","Not Raining","Daylight","Right Turn",1,,,1325597.55,1676768.37
"2020-10827-19/09/2025","WEST LAKES","CITY OF CHARLES STURT",2,1,0,0,1,2020,"December","Thursday","09:23 am",60,"Sealed","Dry","Not Raining","Daylight","Right Turn",1,,,1318994.81,1676350.16
"2020-10829-19/09/2025","TORRENS PARK","CC MITCHAM.",2,1,0,0,1,2020,"December","Thursday","04:15 pm",60,"Sealed","Dry","Not Raining","Daylight","Rear End",2,,,1330012.26,1664229.65
"2020-10830-19/09/2025","RENMARK","DC RENMARK PARINGA",3,1,0,0,1,2020,"December","Thursday","10:30 am",50,"Sealed","Dry","Not Raining","Daylight","Hit Parked Vehicle",1,,,1527532.03,1744805.32
"2020-10832-19/09/2025","SEATON","CITY OF CHARLES STURT",2,2,0,0,2,2020,"December","Thursday","05:10 pm",60,"Sealed","Dry","Not Raining","Daylight","Rear End",1,,,1320777.76,1674691.13
"2020-10833-19/09/2025","PARK HOLME","CC MARION.",2,1,0,0,1,2020,"December","Thursday","05:48 pm",60,"Sealed","Dry","Not Raining","Daylight","Right Angle",1,,,1324321.64,1663166.3
"2020-10835-19/09/2025","ELIZABETH","CITY OF PLAYFORD.",2,2,0,0,2,2020,"December","Thursday","06:30 pm",50,"Sealed","Dry","Not Raining","Daylight","Right Turn",1,,,1335358.25,1693627.52
"2020-10839-19/09/2025","FINDON","CITY OF CHARLES STURT",2,1,0,1,0,2020,"December","Thursday","02:14 pm",60,"Sealed","Dry","Not Raining","Daylight","Right Turn",2,,,1322194.96,1673118.79
"2020-10840-19/09/2025","HACKHAM WEST","CITY OF ONKAPARINGA",7,1,0,1,0,2020,"December","Thursday","03:23 pm",60,"Sealed","Dry","Not Raining","Daylight","Right Angle",1,,,1319374.03,1646322.59
"2020-10845-19/09/2025","WOODSIDE","THE ADELAIDE HILLS COUNCIL",2,1,0,1,0,2020,"December","Thursday","08:27 pm",100,"Unsealed","Dry","Not Raining","Night","Hit Fixed Object",1,,,1359379.31,1665809.33
"2020-10849-19/09/2025","MURRAY BRIDGE","RC MURRAY BRIDGE.",2,1,0,0,1,2020,"December","Thursday","12:30 pm",50,"Sealed","Dry","Not Raining","Daylight","Right Turn",2,,,1389487.41,1646120.71
"2020-10851-19/09/2025","WOODVILLE PARK","CITY OF CHARLES STURT",2,1,0,0,1,2020,"December","Thursday","12:55 pm",60,"Sealed","Dry","Not Raining","Daylight","Rear End",2,,,1324186.57,1676250.45
"2020-10857-19/09/2025","WATERLOO CORNER","CITY OF PLAYFORD.",2,1,0,0,1,2020,"December","Friday","09:23 am",110,"Sealed","Dry","Not Raining","Daylight","Hit Fixed Object",1,,,1327703.29,1696244.78
"2020-10858-19/09/2025","SUMMERTOWN","THE ADELAIDE HILLS COUNCIL",2,1,0,0,1,2020,"December","Friday","07:10 am",50,"Sealed","Dry","Not Raining","Daylight","Right Turn",1,,,1340606.89,1666510.46
"2020-10861-19/09/2025","CARRICKALINGA","DC YANKALILLA.",3,1,0,0,1,2020,"December","Friday","10:20 am",50,"Sealed","Dry","Not Raining","Daylight","Rear End",1,,,1302047.92,1616120.89
"2020-10863-19/09/2025","POLTALLOCH","COORONG DISTRICT COUNCIL",1,1,0,1,0,2020,"December","Friday","10:44 am",100,"Sealed","Dry","Not Raining","Daylight","Roll Over",1,,"Y",1385638.03,1605312.8
"2020-10864-19/09/2025","CLARENCE PARK","CITY OF UNLEY",3,2,0,0,2,2020,"December","Friday","11:45 am",60,"Sealed","Dry","Not Raining","Daylight","Rear End",1,,,1326576.17,1666180.71