"REPORT_ID","Suburb","LGA Name","Total Units","Total Cas","Total Fats","Total SI","Total MI","Year","Month","Day","Time","Area Speed","Road Surface","Moisture Cond","Weather Cond","DayNight","Crash Type","Unit Resp","DUI Involved","Drugs Involved","ACCLOC_X","ACCLOC_Y"
"2020-10865-19/09/2025","ADELAIDE","CITY OF ADELAIDE",2,1,0,1,0,2020,"December","Friday","12:46 pm",50,"Sealed","Dry","Not Raining","Daylight","Hit Pedestrian",2,,,1329341.87,1670855.23
"2020-10866-19/09/2025","SEATON","CITY OF CHARLES STURT",2,1,0,0,1,2020,"December","Thursday","02:00 pm",60,"Sealed","Dry","Not Raining","Daylight","Side Swipe",2,,,1320747.66,1674868.17
"2020-10877-19/09/2025","CLOVELLY PARK","CC MARION.",2,1,0,0,1,2020,"December","Friday","02:05 pm",50,"Sealed","Dry","Not Raining","Daylight","Right Angle",1,,,1325906.98,1662957.33
"2020-10878-19/09/2025","NORTH HAVEN","CITY OF PORT ADELAIDE ENFIELD",2,2,0,0,2,2020,"December","Friday","02:30 pm",60,"Sealed","Dry","Not Raining","Daylight","Right Angle",2,,,1319983.4,1685812.67
"2020-10879-19/09/2025","FIRLE","CC OF NORWOOD,PAYNEHAM & ST PETERS",2,1,0,0,1,2020,"December","Thursday","08:25 pm",60,"Sealed","Dry","Not Raining","Night","Right Angle",2,,,1333828.96,1672697.56
"2020-10887-19/09/2025","BUCHANAN","REGIONAL COUNCIL OF GOYDER",1,1,0,0,1,2020,"December","Friday","07:30 am",100,"Unsealed","Dry","Not Raining","Daylight","Roll Over",1,,,1371209.38,1750128.98
"2020-10888-19/09/2025","PLYMPTON","CITY OF WEST TORRENS",3,3,0,0,3,2020,"December","Friday","04:42 pm",60,"Sealed","Dry","Not Raining","Daylight","Right Turn",1,,,1325025.08,1667143.05
"2020-10900-19/09/2025","SALISBURY EAST","CITY OF SALISBURY",2,1,0,1,0,2020,"December","Saturday","01:30 am",60,"Sealed","Dry","Not Raining","Night","Hit Animal",2,,,1336543.32,1687310.43
"2020-10902-19/09/2025","PORT LINCOLN","CC PT.LINCOLN.",1,1,0,0,1,2020,"December","Saturday","02:40 am",50,"Sealed","Dry","Not Raining","Night","Roll Over",1,"Y",,1077485.16,1698648.43
"2020-10903-19/09/2025","MOSQUITO HILL","ALEXANDRINA COUNCIL",2,1,0,0,1,2020,"December","Saturday","04:00 am",100,"Sealed","Dry","Not Raining","Night","Hit Fixed Object",1,,,1333241.28,1617504.37
"2020-10905-19/09/2025","MIDDLETON","ALEXANDRINA COUNCIL",2,1,0,0,1,2020,"December","Saturday","08:30 am",50,"Sealed","Dry","Not Raining","Daylight","Right Angle",1,,,1336612.46,1605305.25
"2020-10907-19/09/2025","COLONEL LIGHT GARDENS","CC MITCHAM.",2,1,0,0,1,2020,"December","Thursday","05:00 pm",50,"Sealed","Dry","Not Raining","Daylight","Right Angle",2,,,1327592.65,1664524.19
"2020-10908-19/09/2025","WOLSELEY","DC TATIARA.",1,1,1,0,0,2020,"December","Saturday","08:01 am",100,"Sealed","Dry","Not Raining","Daylight","Roll Over",1,,,1530235.85,1494967.45
"2020-10909-19/09/2025","ENFIELD","CITY OF PORT ADELAIDE ENFIELD",2,1,0,0,1,2020,"December","Saturday","11:20 am",60,"Sealed","Dry","Not Raining","Daylight","Rear End",1,,,1329346.35,1676445.12
"2020-10910-19/09/2025","SALISBURY DOWNS","CITY OF SALISBURY",2,1,0,0,1,2020,"December","Friday","12:30 pm",60,"Sealed","Dry","Not Raining","Daylight","Rear End",2,,,1331438.94,1686827.09
"2020-10912-19/09/2025","MEDINDIE","WALKERVILLE TOWN COUNCIL",3,4,0,0,4,2020,"December","Saturday","12:30 pm",60,"Sealed","Dry","Not Raining","Daylight","Rear End",1,,,1328641.4,1673957.67
"2020-10914-19/09/2025","GAWLER","CT GAWLER.",2,1,0,0,1,2020,"December","Saturday","12:46 pm",50,"Sealed","Dry","Not Raining","Daylight","Hit Pedestrian",2,,,1343360.5,1706625.65
"2020-10916-19/09/2025","WALKER FLAT","MID MURRAY DISTRICT COUNCIL",2,3,0,0,3,2020,"December","Saturday","11:24 am",100,"Sealed","Dry","Not Raining","Daylight","Right Angle",2,,,1406302.35,1676840.11
"2020-10921-19/09/2025","VIRGINIA","CITY OF PLAYFORD.",3,3,0,0,3,2020,"December","Saturday","05:11 pm",90,"Sealed","Dry","Not Raining","Daylight","Rear End",1,"Y",,1324127.47,1701207.09
"2020-10925-19/09/2025","MINLATON","YORKE PENINSULA COUNCIL",1,1,0,1,0,2020,"December","Saturday","12:10 am",50,"Sealed","Dry","Not Raining","Night","Roll Over",1,"Y",,1237292.91,1690423.18
"2020-10926-19/09/2025","SEMAPHORE","CITY OF PORT ADELAIDE ENFIELD",2,2,0,0,2,2020,"December","Saturday","09:23 pm",60,"Sealed","Dry","Not Raining","Night","Rear End",2,,,1318140.5,1680403.37
"2020-10930-19/09/2025","NORWOOD","CC OF NORWOOD,PAYNEHAM & ST PETERS",2,1,0,0,1,2020,"December","Friday","10:15 am",60,"Sealed","Dry","Not Raining","Daylight","Rear End",2,,,1330623.32,1670361.88
"2020-10932-19/09/2025","TARLEE","CLARE AND GILBERT VALLEYS DISTRICT COUNCIL",1,2,0,0,2,2020,"December","Sunday","06:02 am",100,"Unsealed","Dry","Not Raining","Daylight","Roll Over",1,"Y",,1350933.73,1742208.26
"2020-10933-19/09/2025","GEPPS CROSS","CITY OF PORT ADELAIDE ENFIELD",2,2,0,0,2,2020,"December","Sunday","10:40 am",60,"Sealed","Dry","Not Raining","Daylight","Hit Fixed Object",1,,,1328933.44,1679484.42
"2020-10936-19/09/2025","ELIZABETH PARK","CITY OF PLAYFORD.",2,1,0,1,0,2020,"December","Sunday","12:00 pm",80,"Sealed","Dry","Not Raining","Daylight","Rear End",1,,,1335946.78,1693390.52
"2020-10953-19/09/2025","DEEP CREEK","DC YANKALILLA.",3,2,0,0,2,2020,"December","Sunday","02:45 pm",100,"Unsealed","Dry","Not Raining","Daylight","Hit Fixed Object",1,,,1289441.63,1593956.32
"2020-10955-19/09/2025","ST GEORGES","CITY OF BURNSIDE",2,1,0,0,1,2020,"December","Sunday","11:00 pm",60,"Sealed","Dry","Not Raining","Night","Hit Fixed Object",1,"Y",,1332351.62,1667980.5
"2020-10962-19/09/2025","INGLE FARM","CITY OF SALISBURY",2,1,0,0,1,2020,"October","Friday","08:15 am",60,"Sealed","Dry","Not Raining","Daylight","Rear End",2,,,1333100.77,1681416.99
"2020-10964-19/09/2025","PARK HOLME","CC MARION.",1,1,0,0,1,2020,"December","Friday","10:45 pm",50,"Sealed","Dry","Not Raining","Night","Other",1,,,1323946.41,1663897.65
"2020-10965-19/09/2025","WARNERTOWN","PT.PIRIE CITY & DIST. COUNCIL",2,1,0,0,1,2020,"December","Monday","09:10 am",110,"Sealed","Dry","Not Raining","Daylight","Hit Fixed Object",1,"Y",,1293360.37,1854763.75
"2020-10969-19/09/2025","MELROSE PARK","CC MITCHAM.",2,1,0,0,1,2020,"December","Monday","11:15 am",60,"Sealed","Dry","Not Raining","Daylight","Rear End",1,,,1325963.97,1663371.12
"2020-10970-19/09/2025","MILLICENT","WATTLE RANGE COUNCIL",2,1,0,0,1,2020,"December","Sunday","11:30 pm",50,"Sealed","Dry","Not Raining","Night","Hit Parked Vehicle",2,,,1473973.52,1366828.61
"2020-10971-19/09/2025","MEADOWS","DC MT.BARKER.",2,1,0,0,1,2020,"December","Saturday","05:00 pm",80,"Sealed","Dry","Not Raining","Daylight","Right Angle",1,,,1344368.91,1643457.83
"2020-10972-19/09/2025","MARRABEL","CLARE AND GILBERT VALLEYS DISTRICT COUNCIL",2,4,0,1,3,2020,"December","Monday","11:55 am",100,"Sealed","Dry","Not Raining","Daylight","Right Angle",2,,,1357006.87,1757819.17
"2020-10973-19/09/2025","MANNINGHAM","CITY OF PORT ADELAIDE ENFIELD",4,1,0,1,0,2020,"December","Monday","02:00 pm",60,"Sealed","Dry","Not Raining","Daylight","Side Swipe",1,,,1330461.91,1675882.15
"2020-10976-19/09/2025","MUNNO PARA WEST","CITY OF PLAYFORD.",2,1,0,0,1,2020,"November","Tuesday","03:45 pm",60,"Sealed","Dry","Not Raining","Daylight","Right Angle",2,,,1335856.86,1699007
"2020-10978-19/09/2025","ALDINGA","CITY OF ONKAPARINGA",1,1,0,1,0,2020,"November","Wednesday","08:30 pm",70,"Sealed","Unknown","Unknown","Night","Roll Over",9,,,1316812.99,1633134.17
"2020-10980-19/09/2025","MODBURY","CITY OF TEA TREE GULLY",3,2,0,0,2,2020,"December","Monday","03:45 pm",60,"Sealed","Dry","Not Raining","Daylight","Right Angle",2,,,1336192.6,1680407.52
"2020-10983-19/09/2025","LAURA","NORTHERN AREAS DISTRICT COUNCIL",2,1,0,1,0,2020,"December","Thursday","03:35 pm",110,"Sealed","Dry","Not Raining","Daylight","Roll Over",1,,,1305387.51,1860523.18
"2020-10985-19/09/2025","STEPNEY","CC OF NORWOOD,PAYNEHAM & ST PETERS",2,1,0,0,1,2020,"December","Monday","05:45 pm",60,"Sealed","Dry","Not Raining","Daylight","Rear End",1,,,1330600.73,1671714.93
"2020-10986-19/09/2025","ELIZABETH EAST","CITY OF PLAYFORD.",2,1,0,0,1,2020,"December","Monday","09:41 pm",80,"Sealed","Dry","Not Raining","Night","Right Turn",1,,,1336146.35,1691544.42
"2020-10987-19/09/2025","HACKHAM WEST","CITY OF ONKAPARINGA",2,1,0,1,0,2020,"December","Monday","09:10 pm",60,"Sealed","Dry","Not Raining","Night","Right Turn",1,,,1320642.29,1647523.57
"2020-10989-19/09/2025","DAVOREN PARK","CITY OF PLAYFORD.",1,1,0,0,1,2020,"December","Tuesday","04:05 am",50,"Sealed","Dry","Not Raining","Night","Roll Over",1,"Y","Y",1335820.29,1697275.05
"2020-10990-19/09/2025","ROSEWATER","CITY OF PORT ADELAIDE ENFIELD",2,1,0,0,1,2020,"December","Tuesday","08:28 am",60,"Sealed","Dry","Not Raining","Daylight","Right Angle",2,,,1321186.97,1679093.91
"2020-10991-19/09/2025","NAILSWORTH","CITY OF PROSPECT",2,1,0,0,1,2020,"December","Tuesday","09:00 am",60,"Sealed","Dry","Not Raining","Daylight","Rear End",2,,,1328887.45,1675576.64
"2020-10992-19/09/2025","HENLEY BEACH","CITY OF CHARLES STURT",2,1,0,0,1,2020,"December","Monday","12:30 pm",50,"Sealed","Dry","Not Raining","Daylight","Right Turn",1,,,1319008.21,1673029.34
"2020-10997-19/09/2025","KUDLA","CT GAWLER.",2,2,0,0,2,2020,"December","Tuesday","10:00 am",80,"Sealed","Dry","Not Raining","Daylight","Right Angle",1,,,1338661.3,1700789.09
"2020-11004-19/09/2025","ELIZABETH","CITY OF PLAYFORD.",3,1,0,0,1,2020,"December","Tuesday","12:20 pm",50,"Sealed","Dry","Not Raining","Daylight","Hit Parked Vehicle",1,,"Y",1335265.98,1693465.41
"2020-11005-19/09/2025","HOPE VALLEY","CITY OF TEA TREE GULLY",3,1,0,0,1,2020,"December","Tuesday","01:35 pm",60,"Sealed","Dry","Not Raining","Daylight","Rear End",1,,"Y",1336794.31,1679459.18
"2020-11015-19/09/2025","BOSTON","DC LOWER EYRE PENINSULA",1,1,0,0,1,2020,"December","Tuesday","05:10 pm",80,"Sealed","Dry","Unknown","Daylight","Roll Over",1,,,1078252.45,1702737.11
"2020-11017-19/09/2025","NORTON SUMMIT","THE ADELAIDE HILLS COUNCIL",3,1,0,1,0,2020,"December","Tuesday","05:35 pm",60,"Sealed","Dry","Not Raining","Daylight","Head On",1,,,1339923.49,1670570.26
"2020-11021-19/09/2025","LOWER MITCHAM","CC MITCHAM.",2,1,0,1,0,2020,"December","Tuesday","08:45 pm",50,"Sealed","Dry","Not Raining","Night","Right Turn",1,,,1329111.13,1665059.9
"2020-11022-19/09/2025","WAIKERIE","LOXTON WAIKERIE DISTRICT COUNCIL",2,1,0,1,0,2020,"December","Tuesday","06:25 pm",80,"Sealed","Dry","Not Raining","Daylight","Right Angle",1,,"Y",1457018.83,1748269.45
"2020-11023-19/09/2025","TORRENS PARK","CC MITCHAM.",2,1,0,0,1,2020,"December","Tuesday","11:16 pm",60,"Sealed","Dry","Not Raining","Night","Right Turn",1,,,1329336.44,1664210.74
"2020-11027-19/09/2025","EDWARDSTOWN","CC MARION.",2,1,0,1,0,2020,"December","Wednesday","08:50 am",60,"Sealed","Dry","Not Raining","Daylight","Right Turn",2,,,1325923.86,1664392.42
"2020-11037-19/09/2025","MUNNO PARA","CITY OF PLAYFORD.",2,2,0,0,2,2020,"December","Wednesday","02:55 pm",80,"Sealed","Dry","Not Raining","Daylight","Rear End",1,,,1338231.02,1697708.49
"2020-11040-19/09/2025","TROTT PARK","CC MARION.",2,1,0,0,1,2020,"December","Wednesday","03:49 pm",80,"Sealed","Dry","Not Raining","Daylight","Rear End",1,,,1323101.77,1656560.25
"2020-11042-19/09/2025","MUNNO PARA","CITY OF PLAYFORD.",1,1,0,0,1,2020,"December","Wednesday","03:59 pm",60,"Sealed","Dry","Not Raining","Daylight","Roll Over",9,,,1336679.34,1698538.76
"2020-11043-19/09/2025","FULHAM GARDENS","CITY OF CHARLES STURT",5,2,0,0,2,2020,"December","Wednesday","04:30 pm",60,"Sealed","Dry","Not Raining","Daylight","Rear End",1,,,1320697.15,1671695.56
"2020-11048-19/09/2025","LOCKLEYS","CITY OF WEST TORRENS",2,2,0,1,1,2020,"December","Wednesday","04:10 pm",60,"Sealed","Dry","Not Raining","Daylight","Right Angle",2,,,1320925.87,1669961.54
"2020-11049-19/09/2025","PROSPECT","CITY OF PROSPECT",2,1,0,0,1,2020,"December","Wednesday","03:15 pm",60,"Sealed","Dry","Not Raining","Daylight","Side Swipe",2,,,1327257.89,1675579.74
"2020-11050-19/09/2025","MUNNO PARA","CITY OF PLAYFORD.",2,1,0,0,1,2020,"December","Wednesday","05:09 pm",50,"Sealed","Dry","Not Raining","Daylight","Right Angle",2,,,1336695.84,1698827.94
"2020-11053-19/09/2025","CAMPBELLTOWN","CC CAMPBELLTOWN.",3,1,0,0,1,2020,"December","Wednesday","06:55 pm",50,"Sealed","Dry","Not Raining","Daylight","Hit Fixed Object",1,"Y","Y",1335125.27,1675311.55
"2020-11054-19/09/2025","PARK HOLME","CC MARION.",2,1,0,0,1,2020,"December","Wednesday","07:55 pm",60,"Sealed","Dry","Not Raining","Daylight","Right Angle",1,,,1324333.22,1663274.32
"2020-11055-19/09/2025","MYRTLE BANK","CITY OF UNLEY",3,2,0,2,0,2020,"December","Wednesday","08:00 pm",60,"Sealed","Dry","Not Raining","Daylight","Hit Pedestrian",1,,,1330740.33,1667146.25
"2020-11059-19/09/2025","NORWOOD","CC OF NORWOOD,PAYNEHAM & ST PETERS",2,1,0,0,1,2020,"December","Friday","05:50 pm",50,"Sealed","Dry","Not Raining","Daylight","Hit Parked Vehicle",2,,,1331704.13,1671074.45
"2020-11068-19/09/2025","STURT","CC MARION.",2,1,0,0,1,2020,"December","Thursday","11:55 am",60,"Sealed","Dry","Not Raining","Daylight","Rear End",2,,,1324044.53,1660659.52
"2020-11072-19/09/2025","MINLATON","YORKE PENINSULA COUNCIL",2,4,0,1,3,2020,"December","Wednesday","11:11 am",100,"Sealed","Dry","Not Raining","Daylight","Side Swipe",1,,,1234531.34,1686065.52
"2020-11073-19/09/2025","NAILSWORTH","CITY OF PROSPECT",3,1,0,0,1,2020,"December","Thursday","03:09 pm",60,"Sealed","Dry","Not Raining","Daylight","Rear End",1,,,1328891.97,1675409.38
"2020-11074-19/09/2025","GREENACRES","CITY OF PORT ADELAIDE ENFIELD",2,1,0,1,0,2020,"December","Thursday","02:39 pm",50,"Sealed","Dry","Not Raining","Daylight","Hit Pedestrian",2,,,1331239.17,1677258.96
"2020-11079-19/09/2025","MIMILI",,1,1,0,0,1,2020,"December","Thursday","02:20 pm",100,"Unsealed","Dry","Not Raining","Daylight","Roll Over",1,,,772349.4,2550135.59
"2020-11084-19/09/2025","NORTH ADELAIDE","CITY OF ADELAIDE",2,1,0,0,1,2020,"December","Thursday","05:10 pm",50,"Sealed","Dry","Not Raining","Daylight","Rear End",2,,,1328204.75,1672812.44
"2020-11085-19/09/2025","BROADVIEW","CITY OF PORT ADELAIDE ENFIELD",3,1,0,1,0,2020,"December","Thursday","06:31 pm",60,"Sealed","Dry","Not Raining","Daylight","Rear End",1,,,1330128.08,1676465.64
"2020-11086-19/09/2025","PLYMPTON","CITY OF WEST TORRENS",2,1,0,0,1,2020,"December","Thursday","05:00 pm",60,"Sealed","Dry","Not Raining","Daylight","Rear End",1,,,1325025.08,1667143.05
"2020-11087-19/09/2025","WEST RICHMOND","CITY OF WEST TORRENS",2,1,0,0,1,2020,"December","Thursday","06:50 pm",60,"Sealed","Dry","Not Raining","Daylight","Right Angle",1,,,1324149.55,1669572.24
"2020-11097-19/09/2025","ADELAIDE","CITY OF ADELAIDE",2,1,0,0,1,2020,"December","Thursday","10:20 am",50,"Sealed","Dry","Not Raining","Daylight","Right Turn",2,,,1329043.2,1670049.08
"2020-11100-19/09/2025","KESWICK","CITY OF WEST TORRENS",2,1,0,0,1,2020,"December","Friday","07:30 am",25,"Sealed","Dry","Not Raining","Daylight","Hit Pedestrian",2,,,1325923.31,1668483.1
"2020-11105-19/09/2025","KESWICK","CITY OF WEST TORRENS",3,1,0,0,1,2020,"December","Friday","11:35 am",60,"Sealed","Dry","Not Raining","Daylight","Hit Fixed Object",1,,,1326575.14,1668490.42
"2020-11107-19/09/2025","GUMERACHA","THE ADELAIDE HILLS COUNCIL",2,1,0,0,1,2020,"December","Thursday","10:50 am",50,"Sealed","Wet","Not Raining","Daylight","Rear End",1,,,1355165.84,1680480.21
"2020-11109-19/09/2025","WATERLOO CORNER","CITY OF PLAYFORD.",1,1,0,0,1,2020,"December","Friday","12:00 pm",80,"Unsealed","Dry","Not Raining","Daylight","Roll Over",1,,,1328895.91,1694921.76
"2020-11111-19/09/2025","WEST HINDMARSH","CITY OF CHARLES STURT",2,1,0,0,1,2020,"December","Thursday","04:50 pm",60,"Sealed","Dry","Not Raining","Daylight","Rear End",2,,,1325467.16,1673137.63
"2020-11112-19/09/2025","WHYALLA NORRIE","CC WHYALLA.",2,1,0,0,1,2020,"December","Friday","02:20 pm",60,"Sealed","Dry","Not Raining","Daylight","Rear End",2,,,1235997.04,1883699.93
"2020-11116-19/09/2025","HOVE","CITY OF HOLDFAST BAY",3,2,0,0,2,2020,"December","Friday","03:15 pm",60,"Sealed","Dry","Not Raining","Daylight","Rear End",1,,,1321139.12,1660963.42
"2020-11117-19/09/2025","MEDINDIE","WALKERVILLE TOWN COUNCIL",2,1,0,0,1,2020,"December","Friday","02:05 pm",60,"Sealed","Dry","Not Raining","Daylight","Rear End",2,,,1329438.71,1673530.19
"2020-11122-19/09/2025","HOLDEN HILL","CITY OF PORT ADELAIDE ENFIELD",2,1,0,0,1,2020,"December","Thursday","07:30 pm",60,"Sealed","Dry","Not Raining","Daylight","Rear End",2,,,1334536.31,1678455.72
"2020-11125-19/09/2025","HAPPY VALLEY","CITY OF ONKAPARINGA",2,1,0,0,1,2020,"December","Friday","04:45 pm",70,"Sealed","Dry","Not Raining","Daylight","Right Angle",1,,,1325546.48,1653383.59
"2020-11127-19/09/2025","TORRENSVILLE","CITY OF WEST TORRENS",2,1,0,0,1,2020,"December","Friday","05:30 pm",50,"Sealed","Dry","Not Raining","Daylight","Hit Pedestrian",1,,,1324774.67,1670957.85
"2020-11128-19/09/2025","EDEN HILLS","CC MITCHAM.",2,1,0,0,1,2020,"December","Friday","05:00 pm",60,"Sealed","Dry","Not Raining","Daylight","Hit Fixed Object",1,,,1327631.22,1659315.1
"2020-11129-19/09/2025","GILBERTON","WALKERVILLE TOWN COUNCIL",3,1,0,0,1,2020,"December","Tuesday","04:50 pm",50,"Sealed","Dry","Not Raining","Daylight","Rear End",2,,,1329811.88,1673665.39
"2020-11131-19/09/2025","REGENCY PARK","CITY OF PORT ADELAIDE ENFIELD",2,1,0,0,1,2020,"December","Friday","05:14 pm",50,"Sealed","Dry","Not Raining","Daylight","Rear End",2,,,1325605.74,1678215.46
"2020-11139-19/09/2025","PAYNEHAM SOUTH","CC OF NORWOOD,PAYNEHAM & ST PETERS",3,1,0,1,0,2020,"December","Saturday","09:15 am",60,"Sealed","Dry","Not Raining","Daylight","Right Angle",1,,,1332210.41,1672856.49
"2020-11143-19/09/2025","URRBRAE","CC MITCHAM.",2,3,0,0,3,2020,"December","Saturday","01:20 pm",60,"Sealed","Dry","Not Raining","Daylight","Right Turn",1,,,1330786.89,1665600.37
"2020-11148-19/09/2025","ASHFORD","CITY OF WEST TORRENS",2,2,0,0,2,2020,"December","Saturday","02:34 pm",60,"Sealed","Dry","Not Raining","Daylight","Rear End",2,,,1325827.91,1668062.19
"2020-11151-19/09/2025","ADELAIDE","CITY OF ADELAIDE",2,1,0,0,1,2020,"December","Saturday","03:25 pm",60,"Sealed","Dry","Not Raining","Daylight","Right Angle",1,,,1327395.92,1670003.03
"2020-11157-19/09/2025","MILLSWOOD","CITY OF UNLEY",2,1,0,0,1,2020,"December","Monday","08:30 am",50,"Sealed","Dry","Not Raining","Daylight","Hit Fixed Object",1,,,1327402.99,1666933.27
"2020-11158-19/09/2025","WILLUNGA SOUTH","CITY OF ONKAPARINGA",2,1,0,0,1,2020,"December","Saturday","05:36 pm",50,"Sealed","Dry","Not Raining","Daylight","Hit Fixed Object",1,,,1323086.8,1631675.73
"2020-11159-19/09/2025","MITCHELL PARK","CC MARION.",2,1,0,1,0,2020,"December","Saturday","10:05 am",60,"Sealed","Dry","Not Raining","Daylight","Side Swipe",2,,,1324393.53,1660966.79
"2020-11162-19/09/2025","SALISBURY","CITY OF SALISBURY",2,1,0,0,1,2020,"December","Saturday","06:50 pm",60,"Sealed","Dry","Not Raining","Daylight","Rear End",1,"Y",,1333601.36,1689549.53
"2020-11163-19/09/2025","KUITPO","CITY OF ONKAPARINGA",2,1,0,0,1,2020,"December","Saturday","05:20 pm",80,"Sealed","Dry","Not Raining","Daylight","Hit Fixed Object",1,,,1335615.03,1639028.63
"2020-11166-19/09/2025","YALATA",,2,1,1,0,0,2020,"December","Saturday","08:30 pm",110,"Sealed","Dry","Not Raining","Night","Hit Fixed Object",1,,,705912.47,2047897.23
"2020-11168-19/09/2025","ADELAIDE","CITY OF ADELAIDE",2,1,0,0,1,2020,"December","Sunday","03:00 am",50,"Sealed","Dry","Not Raining","Night","Hit Pedestrian",2,"Y",,1327974.32,1670690.28
"2020-11171-19/09/2025","WATERLOO CORNER","CITY OF SALISBURY",2,1,0,0,1,2020,"December","Sunday","06:30 am",110,"Sealed","Dry","Not Raining","Daylight","Rear End",2,,,1327284.63,1691310.78
"2020-11175-19/09/2025","MAGILL","CC CAMPBELLTOWN.",2,1,0,0,1,2020,"December","Sunday","09:45 am",60,"Sealed","Dry","Not Raining","Daylight","Right Angle",2,,,1336296.35,1672154.98
"2020-11177-19/09/2025","MUNNO PARA","CITY OF PLAYFORD.",3,1,0,0,1,2020,"December","Friday","11:40 am",60,"Sealed","Dry","Not Raining","Daylight","Rear End",1,,,1338231.02,1697708.49
"2020-11179-19/09/2025","INGLE FARM","CITY OF SALISBURY",2,1,0,0,1,2020,"December","Friday","04:30 pm",50,"Sealed","Dry","Not Raining","Daylight","Hit Pedestrian",1,,,1332605.92,1681416.04
"2020-11184-19/09/2025","COONDAMBO",,1,2,0,2,0,2020,"December","Sunday","12:30 pm",110,"Sealed","Dry","Not Raining","Daylight","Left Road - Out of Control",1,,,1066629.97,2119852.41
"2020-11186-19/09/2025","HINDMARSH VALLEY","DC VICTOR HARBOR.",2,4,0,2,2,2020,"December","Sunday","11:26 am",100,"Sealed","Dry","Not Raining","Daylight","Right Angle",1,,,1328998.21,1607115.69
"2020-11188-19/09/2025","CHANDLERS HILL","CITY OF ONKAPARINGA",2,1,0,0,1,2020,"December","Sunday","12:50 pm",70,"Sealed","Dry","Not Raining","Daylight","Rear End",1,,,1330523.02,1654743.28
"2020-11190-19/09/2025","SEMAPHORE","CITY OF PORT ADELAIDE ENFIELD",2,1,0,0,1,2020,"December","Sunday","04:19 pm",50,"Sealed","Dry","Not Raining","Daylight","Right Angle",1,,,1318664.78,1680766.4
"2020-11191-19/09/2025","CHAIN OF PONDS","THE ADELAIDE HILLS COUNCIL",2,3,0,0,3,2020,"December","Sunday","04:45 pm",80,"Sealed","Dry","Not Raining","Daylight","Head On",1,,,1351553.7,1681088.48
"2020-11194-19/09/2025","MODBURY","CITY OF TEA TREE GULLY",2,1,0,0,1,2020,"December","Sunday","05:14 pm",60,"Sealed","Dry","Not Raining","Daylight","Right Angle",1,,,1337037.87,1680631.92
"2020-11199-19/09/2025","TANTANOOLA","WATTLE RANGE COUNCIL",1,1,0,0,1,2020,"December","Sunday","08:00 pm",80,"Unsealed","Dry","Not Raining","Daylight","Roll Over",1,,,1482884.94,1359987.66
"2020-11200-19/09/2025","ETHELTON","CITY OF PORT ADELAIDE ENFIELD",2,1,0,1,0,2020,"December","Sunday","08:47 pm",50,"Sealed","Dry","Not Raining","Night","Right Turn",1,,"Y",1318283.59,1679456.95
"2020-11201-19/09/2025","KILKENNY","CITY OF CHARLES STURT",2,1,0,1,0,2020,"December","Sunday","09:00 pm",50,"Sealed","Dry","Not Raining","Night","Right Angle",1,,"Y",1324320.18,1676456.91
"2020-11206-19/09/2025","NOARLUNGA DOWNS","CITY OF ONKAPARINGA",2,1,0,1,0,2020,"December","Monday","06:34 am",60,"Sealed","Wet","Not Raining","Daylight","Right Turn",2,,,1318544.62,1646725.5
"2020-11213-19/09/2025","BROOKLYN PARK","CITY OF WEST TORRENS",2,1,0,0,1,2020,"December","Monday","10:30 am",60,"Sealed","Wet","Raining","Daylight","Right Angle",2,,,1324123.12,1670523.1
"2020-11214-19/09/2025","ADELAIDE","CITY OF ADELAIDE",2,2,0,0,2,2020,"December","Monday","10:07 am",60,"Sealed","Wet","Raining","Daylight","Right Turn",1,,,1327382.28,1670486.86
"2020-11222-19/09/2025","EDWARDSTOWN","CC MARION.",2,1,0,0,1,2020,"December","Monday","10:35 am",50,"Sealed","Dry","Not Raining","Daylight","Right Angle",1,,,1325526.02,1664381.2
"2020-11223-19/09/2025","BLACKWOOD","CC MITCHAM.",2,1,0,0,1,2020,"December","Monday","10:00 am",50,"Sealed","Wet","Not Raining","Daylight","Rear End",2,,,1329395.53,1660038.05
"2020-11226-19/09/2025","MARLESTON","CITY OF WEST TORRENS",2,1,0,0,1,2020,"December","Monday","02:36 pm",50,"Sealed","Dry","Not Raining","Daylight","Hit Pedestrian",1,,,1325002.53,1668708.87
"2020-11235-19/09/2025","VICTOR HARBOR","DC VICTOR HARBOR.",2,1,0,0,1,2020,"December","Monday","09:06 pm",80,"Sealed","Dry","Not Raining","Night","Hit Animal",2,,,1325609.09,1601953.73
"2020-11236-19/09/2025","THE RANGE","CITY OF ONKAPARINGA",4,1,1,0,0,2020,"December","Monday","01:00 pm",80,"Sealed","Dry","Not Raining","Daylight","Hit Fixed Object",1,,,1328730.47,1635408.44
"2020-11237-19/09/2025","PORT AUGUSTA","CC PT.AUGUSTA.",2,1,0,0,1,2020,"December","Monday","05:15 pm",50,"Sealed","Dry","Not Raining","Daylight","Right Angle",1,,,1260999.81,1941690.74