"REPORT_ID","Suburb","LGA Name","Total Units","Total Cas","Total Fats","Total SI","Total MI","Year","Month","Day","Time","Area Speed","Road Surface","Moisture Cond","Weather Cond","DayNight","Crash Type","Unit Resp","DUI Involved","Drugs Involved","ACCLOC_X","ACCLOC_Y"
"2020-11239-19/09/2025","POORAKA","CITY OF SALISBURY",2,1,0,0,1,2020,"December","Monday","10:55 pm",50,"Sealed","Dry","Not Raining","Night","Hit Fixed Object",1,,,1331878.34,1682225.59
"2020-11240-19/09/2025","LEAWOOD GARDENS","CITY OF BURNSIDE",4,1,0,0,1,2020,"December","Tuesday","07:12 am",100,"Sealed","Dry","Not Raining","Daylight","Hit Parked Vehicle",1,,,1335160.43,1665522.01
"2020-11242-19/09/2025","ADELAIDE","CITY OF ADELAIDE",2,2,0,0,2,2020,"December","Tuesday","07:53 am",60,"Sealed","Dry","Not Raining","Daylight","Hit Fixed Object",1,,,1329794.75,1671253.05
"2020-11246-19/09/2025","GULNARE","NORTHERN AREAS DISTRICT COUNCIL",2,1,0,0,1,2020,"November","Monday","01:20 pm",100,"Unsealed","Dry","Not Raining","Daylight","Rear End",2,,,1324139.68,1836495.71
"2020-11249-19/09/2025","HOLDEN HILL","CITY OF TEA TREE GULLY",3,1,0,0,1,2020,"December","Tuesday","09:32 am",60,"Sealed","Dry","Not Raining","Daylight","Rear End",1,,,1335258.6,1679360.72
"2020-11256-19/09/2025","VIRGINIA","CITY OF PLAYFORD.",2,3,0,1,2,2020,"December","Tuesday","12:20 pm",80,"Sealed","Dry","Not Raining","Daylight","Right Angle",1,,,1326329.85,1700383.42
"2020-11260-19/09/2025","LINDEN PARK","CITY OF BURNSIDE",3,1,0,0,1,2020,"December","Friday","02:30 pm",60,"Sealed","Dry","Not Raining","Daylight","Rear End",2,,,1332332.59,1668758.88
"2020-11263-19/09/2025","HOVE","CITY OF HOLDFAST BAY",2,1,0,0,1,2020,"December","Monday","03:55 pm",60,"Sealed","Dry","Not Raining","Daylight","Rear End",2,,,1321121.23,1661252.58
"2020-11265-19/09/2025","GLYNDE","CC OF NORWOOD,PAYNEHAM & ST PETERS",3,2,0,0,2,2020,"December","Tuesday","04:20 pm",60,"Sealed","Dry","Not Raining","Daylight","Rear End",1,,,1333634,1674458.67
"2020-11269-19/09/2025","MOUNT GEORGE","THE ADELAIDE HILLS COUNCIL",2,1,0,0,1,2020,"December","Tuesday","02:37 pm",110,"Sealed","Dry","Not Raining","Daylight","Side Swipe",1,,,1343648.71,1661335.57
"2020-11271-19/09/2025","HINDMARSH TIERS","DC VICTOR HARBOR.",3,1,0,0,1,2020,"December","Wednesday","12:26 am",100,"Sealed","Dry","Not Raining","Night","Hit Fixed Object",1,,,1321354.2,1617040.65
"2020-11272-19/09/2025","SILVERTON","DC YANKALILLA.",3,1,0,1,0,2020,"December","Tuesday","08:00 pm",100,"Sealed","Dry","Not Raining","Daylight","Roll Over",1,"Y",,1284800.44,1597063.16
"2020-11278-19/09/2025","WARD BELT","LIGHT REGIONAL COUNCIL",1,1,0,0,1,2020,"December","Tuesday","10:45 am",80,"Unsealed","Dry","Not Raining","Daylight","Left Road - Out of Control",1,,,1337611.44,1706952.09
"2020-11280-19/09/2025","HACKNEY","CC OF NORWOOD,PAYNEHAM & ST PETERS",2,1,0,0,1,2020,"December","Tuesday","02:40 pm",60,"Sealed","Dry","Not Raining","Daylight","Side Swipe",2,,,1329755.63,1672179.48
"2020-11282-19/09/2025","MONASH","THE BERRI BARMERA COUNCIL",2,1,0,0,1,2020,"December","Wednesday","11:00 am",80,"Sealed","Dry","Not Raining","Daylight","Right Angle",2,,,1510919.67,1739170.96
"2020-11284-19/09/2025","WINDSOR GARDENS","CITY OF PORT ADELAIDE ENFIELD",2,1,0,0,1,2020,"December","Wednesday","11:25 am",60,"Sealed","Dry","Not Raining","Daylight","Rear End",2,,,1333366.86,1677709.87
"2020-11286-19/09/2025","TORRENSVILLE","CITY OF WEST TORRENS",1,1,0,0,1,2020,"November","Friday","11:59 pm",50,"Sealed","Dry","Not Raining","Night","Roll Over",1,,,1325603.78,1670981.14
"2020-11287-19/09/2025","MAGILL","CC CAMPBELLTOWN.",2,1,0,0,1,2020,"December","Wednesday","10:00 am",50,"Sealed","Dry","Not Raining","Daylight","Right Angle",1,,,1335884.33,1672274.47
"2020-11288-19/09/2025","PARKSIDE","CITY OF UNLEY",4,1,0,0,1,2020,"December","Wednesday","09:10 am",60,"Sealed","Dry","Not Raining","Daylight","Side Swipe",1,,,1329217.09,1668968.17
"2020-11292-19/09/2025","LOCHIEL","WAKEFIELD REGIONAL COUNCIL",2,2,0,1,1,2020,"December","Wednesday","09:58 am",110,"Sealed","Dry","Not Raining","Daylight","Side Swipe",2,,,1291902.67,1784048.66
"2020-11293-19/09/2025","FINNISS","ALEXANDRINA COUNCIL",2,1,0,1,0,2020,"December","Wednesday","12:05 pm",100,"Sealed","Dry","Not Raining","Daylight","Hit Fixed Object",1,,,1346804.54,1622569.94
"2020-11297-19/09/2025","ADELAIDE","CITY OF ADELAIDE",3,1,0,0,1,2020,"December","Wednesday","02:47 pm",50,"Sealed","Dry","Not Raining","Daylight","Hit Pedestrian",1,,,1327809.87,1670651.82
"2020-11302-19/09/2025","GLYNDE","CC OF NORWOOD,PAYNEHAM & ST PETERS",2,1,0,0,1,2020,"December","Wednesday","04:37 pm",60,"Sealed","Dry","Not Raining","Daylight","Right Turn",1,,,1333785.54,1674516.59
"2020-11305-19/09/2025","MCLAREN VALE","CITY OF ONKAPARINGA",2,2,0,0,2,2020,"December","Wednesday","04:50 pm",80,"Sealed","Dry","Not Raining","Daylight","Right Angle",2,,,1325791.02,1638411.97
"2020-11306-19/09/2025","KESWICK","CITY OF WEST TORRENS",2,1,0,0,1,2020,"December","Wednesday","05:15 pm",60,"Sealed","Dry","Not Raining","Daylight","Rear End",2,,,1325802.96,1668699.17
"2020-11308-19/09/2025","WOODVILLE WEST","CITY OF CHARLES STURT",3,1,0,0,1,2020,"December","Wednesday","04:50 pm",60,"Sealed","Dry","Not Raining","Daylight","Rear End",1,,,1322361.7,1675296.67
"2020-11309-19/09/2025","LIGHTSVIEW","CITY OF PORT ADELAIDE ENFIELD",2,1,0,0,1,2020,"December","Monday","11:58 am",60,"Sealed","Dry","Not Raining","Daylight","Rear End",2,,,1330414.87,1677808.71
"2020-11311-19/09/2025","WAYVILLE","CITY OF UNLEY",3,1,0,0,1,2020,"December","Wednesday","06:16 pm",60,"Sealed","Dry","Not Raining","Daylight","Rear End",1,,,1328372.08,1668961.89
"2020-11315-19/09/2025","NELSHABY","PT.PIRIE CITY & DIST. COUNCIL",1,3,0,1,2,2020,"December","Wednesday","04:45 pm",110,"Sealed","Dry","Not Raining","Daylight","Roll Over",1,,,1289246.76,1871575.04
"2020-11317-19/09/2025","EYRE","CITY OF PLAYFORD.",2,2,0,0,2,2020,"December","Wednesday","07:30 pm",60,"Sealed","Dry","Not Raining","Daylight","Right Angle",2,,,1334450.71,1695787.2
"2020-11321-19/09/2025","OAKDEN","CITY OF PORT ADELAIDE ENFIELD",2,1,0,0,1,2020,"December","Thursday","05:12 am",50,"Sealed","Dry","Not Raining","Night","Hit Fixed Object",1,,,1332942.33,1678445.8
"2020-11322-19/09/2025","TENNYSON","CITY OF CHARLES STURT",2,1,0,1,0,2020,"December","Thursday","07:14 am",60,"Sealed","Dry","Not Raining","Daylight","Rear End",1,,,1318371.13,1674905.18
"2020-11329-19/09/2025","GLENELG SOUTH","CITY OF HOLDFAST BAY",2,1,0,0,1,2020,"December","Wednesday","06:15 pm",50,"Sealed","Dry","Not Raining","Daylight","Right Angle",2,,,1320830.32,1663765.12
"2020-11334-19/09/2025","CHRISTIES BEACH","CITY OF ONKAPARINGA",2,1,0,0,1,2020,"December","Thursday","12:55 pm",60,"Sealed","Dry","Not Raining","Daylight","Right Angle",1,,,1317341.69,1647836.08
"2020-11339-19/09/2025","ADELAIDE","CITY OF ADELAIDE",10,3,0,0,3,2020,"December","Thursday","02:48 pm",50,"Sealed","Dry","Not Raining","Daylight","Right Angle",1,,,1329580.07,1670377.62
"2020-11340-19/09/2025","KILBURN","CITY OF PORT ADELAIDE ENFIELD",2,1,0,1,0,2020,"December","Thursday","02:30 pm",60,"Sealed","Dry","Not Raining","Daylight","Hit Pedestrian",2,,,1327219.47,1677284.3
"2020-11352-19/09/2025","ELIZABETH NORTH","CITY OF PLAYFORD.",2,2,0,1,1,2020,"December","Thursday","07:14 pm",60,"Sealed","Dry","Not Raining","Daylight","Hit Fixed Object",1,"Y",,1336094.96,1694851.09
"2020-11354-19/09/2025","HOVE","CITY OF HOLDFAST BAY",3,1,0,0,1,2020,"December","Friday","03:15 pm",60,"Sealed","Dry","Not Raining","Daylight","Rear End",1,,,1321137.69,1660999.93
"2020-11356-19/09/2025","MARANANGA","LIGHT REGIONAL COUNCIL",2,1,0,0,1,2020,"December","Thursday","05:28 pm",80,"Sealed","Dry","Not Raining","Daylight","Side Swipe",1,,,1362105.12,1718022.05
"2020-11358-19/09/2025","EDWARDSTOWN","CC MARION.",2,1,0,0,1,2020,"December","Thursday","09:47 pm",60,"Sealed","Dry","Not Raining","Night","Right Angle",1,,,1325898.51,1665276.57
"2020-11363-19/09/2025","WATERLOO CORNER","CITY OF PLAYFORD.",2,1,0,0,1,2020,"December","Friday","01:38 pm",90,"Sealed","Dry","Not Raining","Daylight","Hit Fixed Object",1,,"Y",1326824.94,1695191.65
"2020-11364-19/09/2025","CUDLEE CREEK","THE ADELAIDE HILLS COUNCIL",2,1,0,0,1,2020,"December","Friday","03:10 pm",80,"Sealed","Dry","Not Raining","Daylight","Rear End",1,,,1350441.85,1675364.86
"2020-11365-19/09/2025","KUITPO","ALEXANDRINA COUNCIL",3,3,0,2,1,2020,"December","Friday","03:58 pm",100,"Sealed","Dry","Not Raining","Daylight","Head On",2,,,1335586.03,1637316.21
"2020-11367-19/09/2025","KALBEEBA","THE BAROSSA COUNCIL.",4,1,0,0,1,2020,"December","Friday","03:40 pm",80,"Sealed","Dry","Not Raining","Daylight","Hit Fixed Object",1,,,1347962.52,1705916.88
"2020-11370-19/09/2025","MOUNT GAMBIER","CC MT.GAMBIER.",2,1,0,0,1,2020,"December","Friday","09:40 pm",50,"Sealed","Dry","Not Raining","Night","Right Angle",2,,,1509598.27,1339140.53
"2020-11371-19/09/2025","ELIZABETH EAST","CITY OF PLAYFORD.",2,1,0,0,1,2020,"December","Friday","11:53 pm",60,"Sealed","Dry","Not Raining","Night","Hit Fixed Object",1,,,1336850.68,1692950.47
"2020-11372-19/09/2025","SEATON","CITY OF CHARLES STURT",2,1,0,0,1,2020,"December","Saturday","02:00 am",60,"Sealed","Dry","Not Raining","Night","Hit Fixed Object",1,"Y",,1320623.82,1675654.61
"2020-11374-19/09/2025","ERINDALE","CITY OF BURNSIDE",2,1,0,1,0,2020,"December","Saturday","08:25 am",60,"Sealed","Dry","Not Raining","Daylight","Right Turn",1,,,1334320.69,1670472.95
"2020-11377-19/09/2025","MOUNT CRAWFORD","THE BAROSSA COUNCIL.",2,1,0,1,0,2020,"December","Saturday","10:00 am",100,"Unsealed","Dry","Not Raining","Daylight","Hit Fixed Object",1,,,1367626.93,1692383.81
"2020-11387-19/09/2025","BALAKLAVA","WAKEFIELD REGIONAL COUNCIL",2,1,0,0,1,2020,"December","Saturday","05:37 pm",50,"Sealed","Dry","Not Raining","Daylight","Hit Fixed Object",1,,,1314568.57,1757795.38
"2020-11389-19/09/2025","MOUNT SCHANK","DISTRICT COUNCIL OF GRANT",2,1,0,1,0,2020,"December","Saturday","01:16 pm",100,"Unsealed","Dry","Not Raining","Daylight","Hit Fixed Object",1,,"Y",1510370.3,1322670.79
"2020-11390-19/09/2025","BROMPTON","CITY OF CHARLES STURT",2,1,0,0,1,2020,"December","Saturday","08:15 pm",50,"Sealed","Dry","Not Raining","Daylight","Hit Fixed Object",1,,,1326340.44,1673473.35
"2020-11392-19/09/2025","HALBURY","CLARE AND GILBERT VALLEYS DISTRICT COUNCIL",2,2,0,0,2,2020,"December","Saturday","06:00 pm",100,"Sealed","Dry","Not Raining","Daylight","Hit Fixed Object",1,,,1329312.41,1765111.08
"2020-11395-19/09/2025","CLARENDON","CITY OF ONKAPARINGA",2,3,0,0,3,2020,"December","Saturday","04:30 pm",50,"Sealed","Dry","Not Raining","Daylight","Hit Fixed Object",1,,,1330656.66,1650115.43
"2020-11396-19/09/2025","HAPPY VALLEY","CITY OF ONKAPARINGA",2,3,0,0,3,2020,"December","Sunday","09:40 am",80,"Sealed","Dry","Not Raining","Daylight","Head On",1,,,1326499.74,1655702.24
"2020-11397-19/09/2025","ALLENBY GARDENS","CITY OF CHARLES STURT",2,1,0,0,1,2020,"December","Sunday","10:03 am",50,"Sealed","Dry","Not Raining","Daylight","Hit Fixed Object",1,,,1324298.73,1673627.69
"2020-11398-19/09/2025","MORPHETTVILLE","CC MARION.",2,1,0,0,1,2020,"December","Sunday","09:20 am",50,"Sealed","Dry","Not Raining","Daylight","Hit Fixed Object",1,,"Y",1323199.91,1663202.13
"2020-11399-19/09/2025","VIRGINIA","CITY OF PLAYFORD.",1,1,0,0,1,2020,"December","Sunday","10:29 am",90,"Sealed","Dry","Not Raining","Daylight","Roll Over",1,,,1324877.5,1701293.72
"2020-11402-19/09/2025","ADELAIDE","CITY OF ADELAIDE",2,1,0,0,1,2020,"December","Sunday","11:17 am",50,"Sealed","Dry","Not Raining","Daylight","Right Turn",2,,,1329056.26,1669586.88
"2020-11403-19/09/2025","TATACHILLA","CITY OF ONKAPARINGA",2,2,0,0,2,2020,"December","Sunday","12:40 pm",90,"Sealed","Dry","Not Raining","Daylight","Rear End",2,,,1317646.97,1638169.75
"2020-11404-19/09/2025","REDHILL","PT.PIRIE CITY & DIST. COUNCIL",2,1,1,0,0,2020,"December","Sunday","09:35 am",110,"Sealed","Dry","Not Raining","Daylight","Rear End",1,,,1298756.24,1822198.09
"2020-11409-19/09/2025","MIDDLETON","ALEXANDRINA COUNCIL",4,1,0,0,1,2020,"December","Sunday","04:00 pm",100,"Sealed","Dry","Not Raining","Daylight","Side Swipe",1,,,1338600.33,1605701.49
"2020-11411-19/09/2025","CRAIGMORE","CITY OF PLAYFORD.",2,1,0,0,1,2020,"December","Sunday","05:50 pm",50,"Sealed","Dry","Not Raining","Daylight","Hit Fixed Object",1,,,1339124.15,1695136.92
"2020-11412-19/09/2025","HAPPY VALLEY","CITY OF ONKAPARINGA",2,2,0,0,2,2020,"December","Sunday","06:45 pm",80,"Sealed","Dry","Not Raining","Daylight","Right Angle",2,,,1323043.84,1653631.42
"2020-11416-19/09/2025","PARACOMBE","THE ADELAIDE HILLS COUNCIL",2,1,0,0,1,2020,"December","Monday","06:45 am",80,"Sealed","Dry","Not Raining","Daylight","Rear End",2,,,1344583.95,1678768.03
"2020-11417-19/09/2025","SEACLIFF","CITY OF HOLDFAST BAY",2,1,0,0,1,2020,"December","Monday","08:16 am",50,"Sealed","Dry","Not Raining","Daylight","Right Angle",1,,,1320948.96,1658892.19
"2020-11418-19/09/2025","PARSONS BEACH","YORKE PENINSULA COUNCIL",1,3,0,0,3,2020,"December","Sunday","05:52 pm",100,"Unsealed","Dry","Not Raining","Daylight","Roll Over",1,,,1226560.47,1692958.1
"2020-11421-19/09/2025","TAILEM BEND","COORONG DISTRICT COUNCIL",2,1,0,0,1,2020,"December","Monday","09:35 am",50,"Sealed","Dry","Not Raining","Daylight","Hit Fixed Object",1,,,1405264.55,1630935.63
"2020-11422-19/09/2025","EYRE","CITY OF PLAYFORD.",2,1,0,0,1,2020,"December","Monday","11:55 am",60,"Sealed","Dry","Not Raining","Daylight","Right Angle",1,,,1334450.71,1695787.2
"2020-11423-19/09/2025","GOOLWA BEACH","ALEXANDRINA COUNCIL",2,1,0,0,1,2020,"December","Sunday","03:00 pm",50,"Sealed","Dry","Not Raining","Daylight","Side Swipe",2,,,1342345.33,1605777.85
"2020-11426-19/09/2025","HENLEY BEACH SOUTH","CITY OF CHARLES STURT",2,1,0,0,1,2020,"December","Monday","12:00 pm",50,"Sealed","Dry","Not Raining","Daylight","Right Angle",1,,,1319227.2,1670398.15
"2020-11429-19/09/2025","TOTNESS","DC MT.BARKER.",3,1,0,0,1,2020,"December","Monday","01:15 pm",80,"Sealed","Dry","Not Raining","Daylight","Hit Fixed Object",1,,"Y",1349514.99,1656369.64
"2020-11431-19/09/2025","NORWOOD","CC OF NORWOOD,PAYNEHAM & ST PETERS",2,1,1,0,0,2020,"December","Monday","11:20 am",60,"Sealed","Dry","Not Raining","Daylight","Rear End",1,,,1330627.99,1671044.2
"2020-11432-19/09/2025","NURIOOTPA","LIGHT REGIONAL COUNCIL",2,1,0,0,1,2020,"December","Monday","02:35 pm",60,"Sealed","Dry","Not Raining","Daylight","Right Angle",1,,,1364772.29,1720072.41
"2020-11433-19/09/2025","MURRAY BRIDGE EAST","RC MURRAY BRIDGE.",1,1,0,0,1,2020,"December","Monday","04:00 pm",60,"Sealed","Dry","Not Raining","Daylight","Roll Over",1,,,1390437.93,1648501.69
"2020-11434-19/09/2025","YANKALILLA","DC YANKALILLA.",2,1,0,1,0,2020,"December","Monday","03:10 pm",100,"Sealed","Dry","Not Raining","Daylight","Head On",1,,,1304367.55,1612685.98
"2020-11441-19/09/2025","WINGFIELD","CITY OF PORT ADELAIDE ENFIELD",3,1,0,0,1,2020,"December","Tuesday","09:14 am",60,"Sealed","Dry","Not Raining","Daylight","Rear End",1,,,1324288.83,1679162.29
"2020-11442-19/09/2025","MORPHETTVILLE","CC MARION.",1,1,1,0,0,2020,"December","Tuesday","07:33 am",60,"Sealed","Dry","Not Raining","Daylight","Roll Over",1,,,1323274.29,1663519.06
"2020-11449-19/09/2025","PLYMPTON PARK","CC MARION.",2,1,0,0,1,2020,"December","Tuesday","12:20 pm",60,"Sealed","Dry","Not Raining","Daylight","Right Angle",1,,,1324146.8,1666101.39
"2020-11452-19/09/2025","WILLUNGA HILL","ALEXANDRINA COUNCIL",3,2,0,0,2,2020,"December","Tuesday","12:39 pm",100,"Sealed","Dry","Not Raining","Daylight","Right Angle",1,,,1325456.97,1628139.29
"2020-11457-19/09/2025","CUDLEE CREEK","THE ADELAIDE HILLS COUNCIL",1,1,0,0,1,2020,"December","Tuesday","04:09 pm",80,"Sealed","Dry","Not Raining","Daylight","Left Road - Out of Control",1,,,1348310.76,1679434.86
"2020-11462-19/09/2025","MOUNT BARKER","DC MT.BARKER.",2,2,0,0,2,2020,"December","Tuesday","04:50 pm",60,"Sealed","Dry","Not Raining","Daylight","Hit Parked Vehicle",1,"Y",,1352335.96,1653129.39
"2020-11466-19/09/2025","ANGLE VALE","CITY OF PLAYFORD.",2,2,0,0,2,2020,"December","Wednesday","05:38 am",110,"Sealed","Dry","Not Raining","Night","Rear End",2,,,1336161.24,1703100.87
"2020-11468-19/09/2025","BERRI","THE BERRI BARMERA COUNCIL",2,1,0,0,1,2020,"December","Wednesday","06:10 am",60,"Sealed","Dry","Not Raining","Daylight","Hit Fixed Object",1,,"Y",1514741.16,1734523.62
"2020-11471-19/09/2025","YAHL","DISTRICT COUNCIL OF GRANT",1,1,0,0,1,2020,"December","Tuesday","05:00 pm",80,"Unsealed","Dry","Not Raining","Daylight","Roll Over",1,,,,
"2020-11480-19/09/2025","OVINGHAM","CITY OF CHARLES STURT",2,1,0,0,1,2020,"December","Wednesday","03:20 pm",60,"Sealed","Dry","Not Raining","Daylight","Right Turn",2,,,1327131.58,1673269.49
"2020-11481-19/09/2025","BEVERLEY","CITY OF CHARLES STURT",2,1,0,0,1,2020,"December","Tuesday","07:50 am",60,"Sealed","Dry","Not Raining","Daylight","Side Swipe",1,,,1323465.81,1675199.07
"2020-11484-19/09/2025","STEPNEY","CC OF NORWOOD,PAYNEHAM & ST PETERS",1,1,0,1,0,2020,"December","Wednesday","03:00 pm",60,"Sealed","Dry","Not Raining","Daylight","Roll Over",1,,,1330764.59,1671935.18
"2020-11486-19/09/2025","BEDFORD PARK","CC MITCHAM.",1,1,0,1,0,2020,"December","Wednesday","02:15 pm",80,"Sealed","Dry","Not Raining","Daylight","Roll Over",1,,,1325489.12,1660778.74
"2020-11488-19/09/2025","PORT WILLUNGA","CITY OF ONKAPARINGA",3,1,0,0,1,2020,"December","Wednesday","01:55 pm",50,"Sealed","Dry","Not Raining","Daylight","Hit Fixed Object",1,,,1315389.28,1635372.55
"2020-11489-19/09/2025","GLYNDE","CC OF NORWOOD,PAYNEHAM & ST PETERS",3,1,0,0,1,2020,"December","Wednesday","07:25 pm",60,"Sealed","Dry","Not Raining","Daylight","Hit Fixed Object",1,"Y",,1332825.6,1674088.08
"2020-11496-19/09/2025","TILLEY SWAMP","DC KINGSTON.",2,3,0,0,3,2020,"December","Wednesday","11:55 am",110,"Sealed","Dry","Not Raining","Daylight","Hit Fixed Object",1,,,1428203.44,1507884.25
"2020-11499-19/09/2025","FINDON","CITY OF CHARLES STURT",4,2,0,0,2,2020,"December","Thursday","10:09 am",60,"Sealed","Dry","Not Raining","Daylight","Rear End",1,,"Y",1322374.99,1674726.87
"2020-11503-19/09/2025","ALDINGA BEACH","CITY OF ONKAPARINGA",2,1,0,0,1,2020,"December","Thursday","01:30 pm",50,"Sealed","Dry","Not Raining","Daylight","Right Angle",2,,,1314312.27,1631985.12
"2020-11507-19/09/2025","STURT","CC MARION.",2,1,0,0,1,2020,"December","Thursday","03:50 pm",60,"Sealed","Dry","Not Raining","Daylight","Rear End",2,,,1323563.31,1660655.55
"2020-11508-19/09/2025","BEACHPORT","WATTLE RANGE COUNCIL",1,1,0,1,0,2020,"December","Thursday","11:00 am",40,"Unsealed","Dry","Not Raining","Daylight","Roll Over",1,,,1437400.53,1390156.51
"2020-11512-19/09/2025","WHYALLA NORRIE","CC WHYALLA.",2,1,0,1,0,2020,"December","Thursday","09:20 pm",60,"Sealed","Dry","Not Raining","Night","Hit Parked Vehicle",1,,,1236361.1,1884936.3
"2020-11513-19/09/2025","MACCLESFIELD","DC MT.BARKER.",2,1,0,1,0,2020,"December","Thursday","09:27 pm",80,"Sealed","Dry","Not Raining","Night","Hit Animal",2,,"Y",1347986.33,1642824.7
"2020-11581-19/09/2025","VICTOR HARBOR","DC VICTOR HARBOR.",2,1,0,1,0,2020,"December","Wednesday","06:20 pm",60,"Sealed","Dry","Not Raining","Daylight","Right Angle",2,,,1328269.21,1601257.77
"2020-11658-19/09/2025","FLINDERS PARK","CITY OF CHARLES STURT",2,1,0,0,1,2020,"February","Sunday","12:00 pm",40,"Sealed","Dry","Not Raining","Daylight","Right Angle",1,,,1322574.12,1672614.24
"2020-11726-19/09/2025","HOPE VALLEY","CITY OF TEA TREE GULLY",1,1,0,0,1,2020,"December","Wednesday","11:30 am",60,"Sealed","Dry","Not Raining","Daylight","Roll Over",1,,,1337383.48,1679299.51
"2020-11783-19/09/2025","SALISBURY EAST","CITY OF SALISBURY",2,1,0,0,1,2020,"November","Saturday","02:30 pm",80,"Sealed","Unknown","Unknown","Daylight","Rear End",2,,,1336484.3,1687422.12
"2020-12113-19/09/2025","THE PINES","YORKE PENINSULA COUNCIL",2,1,0,0,1,2020,"December","Saturday","01:11 am",100,"Unsealed","Dry","Not Raining","Night","Roll Over",1,,,1200551.56,1673758.19
"2020-12196-19/09/2025","SALISBURY NORTH","CITY OF SALISBURY",1,1,0,0,1,2020,"December","Friday","08:00 pm",50,"Sealed","Dry","Not Raining","Daylight","Roll Over",1,,"Y",1332776.21,1689946.12
"2020-12276-19/09/2025","HUNTFIELD HEIGHTS","CITY OF ONKAPARINGA",2,1,0,0,1,2020,"December","Thursday","12:20 pm",60,"Sealed","Dry","Not Raining","Daylight","Rear End",2,,,1320882.43,1646368.02
"2020-12384-19/09/2025","POORAKA","CITY OF SALISBURY",2,1,0,0,1,2020,"December","Wednesday","05:30 pm",70,"Sealed","Dry","Not Raining","Daylight","Side Swipe",2,,,1330489.22,1681819.14
"2020-12600-19/09/2025","SALISBURY PLAIN","CITY OF SALISBURY",2,1,0,0,1,2020,"November","Wednesday","03:23 pm",60,"Sealed","Dry","Not Raining","Daylight","Rear End",2,,,1334701.93,1687209.78
"2020-12853-19/09/2025","URRBRAE","CC MITCHAM.",2,1,0,0,1,2020,"November","Friday","02:05 pm",60,"Sealed","Dry","Not Raining","Daylight","Right Turn",2,,,1330781.44,1665814.99
"2020-13108-19/09/2025","WAYVILLE","CITY OF UNLEY",2,1,0,0,1,2020,"December","Friday","05:00 pm",60,"Sealed","Dry","Not Raining","Daylight","Right Angle",2,,,1327315.76,1668910.32
"2020-13445-19/09/2025","GOLDEN GROVE","CITY OF TEA TREE GULLY",2,1,0,0,1,2020,"December","Thursday","09:30 am",60,"Sealed","Dry","Not Raining","Daylight","Rear End",2,,,1337848.99,1685515
"2020-13516-19/09/2025","NORTH ADELAIDE","CITY OF ADELAIDE",2,1,0,0,1,2020,"February","Friday","08:30 am",50,"Sealed","Dry","Not Raining","Daylight","Rear End",2,,,1328210.23,1672791.55
"2021-11304-19/09/2025","MELROSE PARK","CC MITCHAM.",2,1,1,0,0,2021,"January","Wednesday","11:54 am",10,"Sealed","Dry","Not Raining","Daylight","Hit Pedestrian",2,,,1325945.79,1664421.93
"2021-11523-19/09/2025","HENLEY BEACH","CITY OF CHARLES STURT",4,2,1,0,1,2021,"January","Friday","07:25 am",50,"Sealed","Dry","Not Raining","Daylight","Head On",1,,"Y",1318707.38,1672577.03
"2021-11524-19/09/2025","LOBETHAL","THE ADELAIDE HILLS COUNCIL",2,1,0,1,0,2021,"January","Friday","07:50 am",80,"Sealed","Dry","Not Raining","Daylight","Hit Animal",2,,,1351750.68,1671635.73
"2021-11526-19/09/2025","STOCKYARD PLAIN","LOXTON WAIKERIE DISTRICT COUNCIL",1,2,0,0,2,2021,"January","Friday","01:14 pm",110,"Sealed","Dry","Not Raining","Daylight","Roll Over",1,,,1435965.78,1737131.7
"2021-11532-19/09/2025","REYNELLA","CC MARION.",2,2,0,1,1,2021,"January","Saturday","07:54 am",60,"Sealed","Dry","Not Raining","Daylight","Roll Over",1,,,1321845.71,1652846.5
"2021-11533-19/09/2025","RIDGEHAVEN","CITY OF TEA TREE GULLY",2,1,0,0,1,2021,"January","Saturday","10:23 am",60,"Sealed","Dry","Not Raining","Daylight","Right Angle",1,,"Y",1339706.32,1682460.68
"2021-11536-19/09/2025","ADELAIDE","CITY OF UNLEY",2,1,0,0,1,2021,"January","Saturday","11:45 am",60,"Sealed","Dry","Not Raining","Daylight","Side Swipe",1,,,1328563.97,1668967.43
"2021-11539-19/09/2025","MCLAREN VALE","CITY OF ONKAPARINGA",1,1,0,1,0,2021,"January","Saturday","01:31 pm",80,"Sealed","Dry","Not Raining","Daylight","Roll Over",1,,,1322258.57,1639634.6
"2021-11542-19/09/2025","MODBURY","CITY OF TEA TREE GULLY",2,1,0,0,1,2021,"January","Saturday","04:35 pm",60,"Sealed","Dry","Not Raining","Daylight","Right Turn",1,,,1336176.33,1680596.93
"2021-11548-19/09/2025","TOTNESS","DC MT.BARKER.",2,1,0,0,1,2021,"January","Saturday","06:25 pm",80,"Sealed","Dry","Not Raining","Daylight","Right Turn",2,,,1350988.05,1655305.02
"2021-11551-19/09/2025","NORTHFIELD","CITY OF PORT ADELAIDE ENFIELD",2,2,0,0,2,2021,"January","Saturday","09:19 pm",60,"Sealed","Dry","Not Raining","Night","Right Angle",2,,,1330396.63,1678504.3