"REPORT_ID","Suburb","LGA Name","Total Units","Total Cas","Total Fats","Total SI","Total MI","Year","Month","Day","Time","Area Speed","Road Surface","Moisture Cond","Weather Cond","DayNight","Crash Type","Unit Resp","DUI Involved","Drugs Involved","ACCLOC_X","ACCLOC_Y"
"2021-11557-19/09/2025","NARRUNG","COORONG DISTRICT COUNCIL",1,1,0,0,1,2021,"January","Saturday","12:01 am",60,"Sealed","Dry","Not Raining","Night","Left Road - Out of Control",1,,,1378138.51,1603743.61
"2021-11560-19/09/2025","CUDLEE CREEK","THE ADELAIDE HILLS COUNCIL",2,1,0,0,1,2021,"January","Sunday","12:10 pm",80,"Sealed","Dry","Not Raining","Daylight","Hit Fixed Object",1,,,1348951.15,1679701.76
"2021-11565-19/09/2025","HOUGHTON","THE ADELAIDE HILLS COUNCIL",2,2,0,1,1,2021,"January","Sunday","01:01 pm",80,"Sealed","Dry","Not Raining","Daylight","Head On",1,,,1343793.24,1681383.92
"2021-11568-19/09/2025","NORTH PLYMPTON","CITY OF WEST TORRENS",1,1,0,0,1,2021,"January","Sunday","02:10 pm",50,"Sealed","Dry","Not Raining","Daylight","Roll Over",1,,,1325015.56,1668243.76
"2021-11569-19/09/2025","WOODVILLE PARK","CITY OF CHARLES STURT",2,1,0,0,1,2021,"January","Sunday","04:38 pm",60,"Sealed","Dry","Not Raining","Daylight","Right Angle",1,,,1324073.93,1675688.6
"2021-11570-19/09/2025","STEWART RANGE","DC NARACOORTE & LUCINDALE.",2,1,0,0,1,2021,"January","Sunday","03:25 pm",110,"Sealed","Dry","Not Raining","Daylight","Roll Over",1,,,1502504.34,1434024.63
"2021-11572-19/09/2025","KONGORONG","DISTRICT COUNCIL OF GRANT",2,1,0,1,0,2021,"January","Sunday","05:29 pm",100,"Sealed","Dry","Not Raining","Daylight","Right Angle",1,,,1485980.34,1338486.25
"2021-11573-19/09/2025","MAWSON LAKES","CITY OF SALISBURY",3,1,0,0,1,2021,"January","Sunday","07:55 pm",50,"Sealed","Dry","Not Raining","Daylight","Right Angle",2,,,1329596.86,1684007.1
"2021-11574-19/09/2025","GEPPS CROSS","CITY OF PORT ADELAIDE ENFIELD",2,1,0,0,1,2021,"January","Monday","06:50 am",60,"Sealed","Dry","Not Raining","Daylight","Right Turn",1,,,1328808.92,1679265.78
"2021-11575-19/09/2025","YAHL","DISTRICT COUNCIL OF GRANT",1,1,0,0,1,2021,"January","Sunday","02:26 pm",100,"Sealed","Dry","Not Raining","Daylight","Roll Over",1,,,1514782.8,1337996.82
"2021-11577-19/09/2025","BROOKLYN PARK","CITY OF WEST TORRENS",2,1,0,0,1,2021,"January","Friday","02:30 pm",60,"Sealed","Dry","Not Raining","Daylight","Rear End",2,,,1324123.03,1670938.82
"2021-11578-19/09/2025","ADELAIDE","CITY OF ADELAIDE",2,1,0,0,1,2021,"January","Saturday","01:28 pm",50,"Sealed","Dry","Not Raining","Daylight","Hit Pedestrian",2,,,1328809.43,1671153.44
"2021-11582-19/09/2025","ELIZABETH EAST","CITY OF PLAYFORD.",2,1,0,0,1,2021,"January","Monday","11:45 am",60,"Sealed","Dry","Not Raining","Daylight","Hit Fixed Object",1,,"Y",1336226.02,1691547.3
"2021-11583-19/09/2025","KAPUNDA","LIGHT REGIONAL COUNCIL",3,1,1,0,0,2021,"January","Monday","03:30 am",100,"Sealed","Dry","Not Raining","Night","Hit Fixed Object",1,,,1352916.86,1739477.95
"2021-11591-19/09/2025","STURT","CC MARION.",2,1,0,0,1,2021,"January","Monday","03:40 pm",60,"Sealed","Dry","Not Raining","Daylight","Rear End",2,,,1324446.39,1659980.51
"2021-11592-19/09/2025","SEFTON PARK","CITY OF PROSPECT",2,1,0,0,1,2021,"January","Monday","04:30 pm",50,"Sealed","Dry","Not Raining","Daylight","Right Angle",2,,"Y",1329352.78,1675883.92
"2021-11593-19/09/2025","WEST CROYDON","CITY OF CHARLES STURT",1,1,0,0,1,2021,"January","Monday","04:34 pm",60,"Sealed","Dry","Not Raining","Daylight","Roll Over",1,,,1324846.27,1675731.8
"2021-11595-19/09/2025","PASADENA","CC MITCHAM.",2,1,0,0,1,2021,"January","Monday","06:10 pm",60,"Sealed","Dry","Not Raining","Daylight","Rear End",2,,,1326715.65,1663328.86
"2021-11597-19/09/2025","NORTH ADELAIDE","CITY OF ADELAIDE",1,1,0,0,1,2021,"January","Monday","05:30 pm",50,"Sealed","Dry","Not Raining","Daylight","Roll Over",9,,,1328121.14,1672858.01
"2021-11598-19/09/2025","BRIDGEWATER","THE ADELAIDE HILLS COUNCIL",2,1,0,0,1,2021,"January","Monday","06:12 pm",110,"Sealed","Dry","Not Raining","Daylight","Rear End",2,,,1344851.87,1660357.06
"2021-11606-19/09/2025","BRIDGEWATER","DC MT.BARKER.",2,1,0,0,1,2021,"January","Tuesday","10:50 am",100,"Unsealed","Dry","Not Raining","Daylight","Hit Fixed Object",1,,,1345119.63,1659157.09
"2021-11608-19/09/2025","SALISBURY","CITY OF SALISBURY",2,1,0,1,0,2021,"January","Tuesday","01:18 pm",60,"Sealed","Dry","Not Raining","Daylight","Hit Pedestrian",2,,,1332296.93,1687882.27
"2021-11609-19/09/2025","WEST BEACH","CITY OF WEST TORRENS",2,1,0,0,1,2021,"January","Tuesday","02:30 pm",60,"Sealed","Dry","Not Raining","Daylight","Right Angle",1,,,1320917.14,1668827.15
"2021-11610-19/09/2025","WILLUNGA","CITY OF ONKAPARINGA",2,1,0,0,1,2021,"January","Tuesday","03:15 pm",100,"Sealed","Dry","Not Raining","Daylight","Side Swipe",2,,,1325170.67,1630387.59
"2021-11619-19/09/2025","ADELAIDE","CITY OF ADELAIDE",3,1,0,0,1,2021,"January","Tuesday","06:10 pm",60,"Sealed","Dry","Not Raining","Daylight","Rear End",1,,,1327364.13,1670312.87
"2021-11626-19/09/2025","TUSMORE","CITY OF BURNSIDE",2,1,0,0,1,2021,"January","Tuesday","06:20 pm",60,"Sealed","Dry","Not Raining","Daylight","Rear End",2,,,1333050.47,1669075.04
"2021-11630-19/09/2025","DEVLINS POUND","LOXTON WAIKERIE DISTRICT COUNCIL",2,1,0,0,1,2021,"January","Wednesday","07:45 am",60,"Sealed","Dry","Not Raining","Daylight","Hit Fixed Object",1,,,1472981.97,1749807.72
"2021-11633-19/09/2025","UNLEY","CITY OF UNLEY",2,1,0,0,1,2021,"January","Tuesday","05:30 pm",40,"Sealed","Dry","Not Raining","Daylight","Right Angle",2,,,1328678.99,1668550.78
"2021-11634-19/09/2025","ADELAIDE","CITY OF ADELAIDE",6,1,0,0,1,2021,"January","Wednesday","11:25 am",50,"Sealed","Dry","Not Raining","Daylight","Hit Parked Vehicle",1,,,1329369.34,1669983.41
"2021-11636-19/09/2025","KILBURN","CITY OF PORT ADELAIDE ENFIELD",2,1,0,0,1,2021,"January","Tuesday","01:50 pm",50,"Sealed","Dry","Not Raining","Daylight","Hit Pedestrian",2,,,1328026.7,1677815.93
"2021-11638-19/09/2025","COONAMIA","PT.PIRIE CITY & DIST. COUNCIL",2,1,0,0,1,2021,"January","Wednesday","01:25 pm",100,"Sealed","Dry","Not Raining","Daylight","Right Angle",1,,,1283137.63,1863982.22
"2021-11641-19/09/2025","TWO WELLS","DC MALLALA.",2,3,1,1,1,2021,"January","Wednesday","11:34 am",110,"Sealed","Dry","Not Raining","Daylight","Right Angle",1,,,1321989.46,1706605.39
"2021-11649-19/09/2025","MAWSON LAKES","CITY OF SALISBURY",3,1,0,0,1,2021,"January","Wednesday","04:55 pm",80,"Sealed","Dry","Not Raining","Daylight","Rear End",1,,,1331117.15,1682646.21
"2021-11651-19/09/2025","GEPPS CROSS","CITY OF PORT ADELAIDE ENFIELD",2,1,0,0,1,2021,"January","Wednesday","04:45 pm",70,"Sealed","Dry","Not Raining","Daylight","Rear End",2,,,1328756.41,1680430.06
"2021-11653-19/09/2025","CALLINGTON","DC MT.BARKER.",2,1,0,0,1,2021,"January","Wednesday","07:57 pm",50,"Sealed","Dry","Not Raining","Daylight","Hit Fixed Object",1,,,1367783.38,1648141.38
"2021-11655-19/09/2025","GREENACRES","CITY OF PORT ADELAIDE ENFIELD",2,1,0,0,1,2021,"January","Thursday","08:30 am",60,"Sealed","Dry","Not Raining","Daylight","Right Angle",1,,,1330430.11,1677200.82
"2021-11657-19/09/2025","SEVENHILL","CLARE AND GILBERT VALLEYS DISTRICT COUNCIL",2,1,0,0,1,2021,"January","Thursday","08:35 am",100,"Sealed","Dry","Not Raining","Daylight","Rear End",1,,,1334730.41,1786096.18
"2021-11660-19/09/2025","MOUNT GAMBIER","CC MT.GAMBIER.",2,1,0,0,1,2021,"January","Thursday","11:12 am",50,"Sealed","Dry","Not Raining","Daylight","Rear End",2,,,1511613.63,1339493.58
"2021-11667-19/09/2025","BIRDWOOD","THE ADELAIDE HILLS COUNCIL",2,1,0,0,1,2021,"January","Thursday","02:45 pm",50,"Sealed","Dry","Not Raining","Daylight","Right Angle",1,,,1362221.55,1681395.19
"2021-11669-19/09/2025","GLANDORE","CC MARION.",2,1,0,1,0,2021,"January","Thursday","03:10 pm",60,"Sealed","Dry","Not Raining","Daylight","Right Turn",2,,"Y",1325859.89,1667032.55
"2021-11671-19/09/2025","PROSPECT","CITY OF PROSPECT",2,1,0,0,1,2021,"January","Thursday","02:00 pm",50,"Sealed","Dry","Not Raining","Daylight","Rear End",2,,,1328061.03,1676365.76
"2021-11673-19/09/2025","O'HALLORAN HILL","CC MARION.",4,1,0,0,1,2021,"January","Thursday","06:00 pm",80,"Sealed","Dry","Not Raining","Daylight","Hit Fixed Object",1,,,1323496.6,1654338.84
"2021-11675-19/09/2025","BRIGHTON","CITY OF HOLDFAST BAY",2,1,0,1,0,2021,"January","Thursday","07:40 pm",60,"Sealed","Dry","Not Raining","Daylight","Hit Pedestrian",2,,,1321255.17,1660553.92
"2021-11678-19/09/2025","BUNBURY","COORONG DISTRICT COUNCIL",2,2,0,0,2,2021,"January","Thursday","08:30 pm",100,"Unsealed","Dry","Not Raining","Daylight","Roll Over",1,,,1453520.6,1520631.72
"2021-11680-19/09/2025","TATACHILLA","CITY OF ONKAPARINGA",2,1,0,1,0,2021,"January","Thursday","03:45 pm",90,"Sealed","Dry","Not Raining","Daylight","Side Swipe",1,,,1317664.67,1637624.67
"2021-11682-19/09/2025","WATERLOO CORNER","CITY OF PLAYFORD.",2,1,0,0,1,2021,"January","Friday","08:13 am",90,"Sealed","Dry","Not Raining","Daylight","Right Angle",2,,,1329037.55,1693187.23
"2021-11683-19/09/2025","PENFIELD GARDENS","CITY OF PLAYFORD.",2,2,0,2,0,2021,"January","Friday","08:10 am",80,"Sealed","Dry","Not Raining","Daylight","Hit Fixed Object",1,,"Y",1329966.16,1699662.09
"2021-11687-19/09/2025","WEST BEACH","CITY OF CHARLES STURT",3,1,0,0,1,2021,"January","Friday","10:30 am",50,"Sealed","Dry","Not Raining","Daylight","Rear End",1,,,1319281.55,1669838.5
"2021-11696-19/09/2025","OTTOWAY","CITY OF PORT ADELAIDE ENFIELD",2,1,0,0,1,2021,"January","Friday","02:30 pm",60,"Sealed","Dry","Not Raining","Daylight","Right Angle",2,,,1322601.56,1679131.07
"2021-11701-19/09/2025","HENLEY BEACH SOUTH","CITY OF CHARLES STURT",2,1,0,0,1,2021,"January","Friday","04:59 pm",50,"Sealed","Dry","Not Raining","Daylight","Side Swipe",1,,,1319042.12,1670862.08
"2021-11702-19/09/2025","BEVERLEY","CITY OF CHARLES STURT",3,3,0,1,2,2021,"January","Friday","04:55 pm",60,"Sealed","Dry","Not Raining","Daylight","Right Angle",2,,"Y",1324200.92,1673312.47
"2021-11712-19/09/2025","WINGFIELD","CITY OF PORT ADELAIDE ENFIELD",2,1,0,0,1,2021,"January","Friday","09:16 pm",60,"Sealed","Dry","Not Raining","Night","Right Turn",2,,,1325526.71,1679203.7
"2021-11716-19/09/2025","PENFIELD GARDENS","CITY OF PLAYFORD.",2,1,0,1,0,2021,"January","Saturday","07:00 am",80,"Sealed","Dry","Not Raining","Daylight","Rear End",1,,,1332358.99,1700990.21
"2021-11722-19/09/2025","MELROSE PARK","CC MITCHAM.",2,2,0,0,2,2021,"January","Saturday","10:35 am",60,"Sealed","Dry","Not Raining","Daylight","Hit Fixed Object",1,,,1326351.71,1664962.27
"2021-11723-19/09/2025","BALHANNAH","THE ADELAIDE HILLS COUNCIL",2,1,0,0,1,2021,"January","Friday","01:30 pm",50,"Sealed","Dry","Not Raining","Daylight","Rear End",2,,,1349023.37,1662831.16
"2021-11727-19/09/2025","ADELAIDE","CITY OF ADELAIDE",2,1,0,0,1,2021,"January","Saturday","11:35 am",50,"Sealed","Dry","Not Raining","Daylight","Right Angle",1,,,1328958.22,1670684.8
"2021-11728-19/09/2025","ELIZABETH","CITY OF PLAYFORD.",2,1,0,0,1,2021,"January","Friday","03:15 pm",60,"Sealed","Dry","Not Raining","Daylight","Hit Pedestrian",2,,,1335483.17,1692885.83
"2021-11729-19/09/2025","PROSPECT","CITY OF PROSPECT",2,1,0,0,1,2021,"January","Saturday","12:25 pm",60,"Sealed","Dry","Not Raining","Daylight","Right Angle",1,,,1327250.82,1675885.11
"2021-11732-19/09/2025","NAIRNE","DC MT.BARKER.",2,2,0,0,2,2021,"January","Saturday","01:51 pm",100,"Unsealed","Dry","Not Raining","Daylight","Hit Fixed Object",1,,,1354459.59,1659520.62
"2021-11735-19/09/2025","MANNUM","MID MURRAY DISTRICT COUNCIL",2,1,1,0,0,2021,"January","Friday","11:00 pm",100,"Sealed","Dry","Not Raining","Night","Hit Fixed Object",1,"Y",,1388392.94,1672086.84
"2021-11740-19/09/2025","MORPHETT VALE","CITY OF ONKAPARINGA",2,2,0,0,2,2021,"January","Saturday","04:10 pm",60,"Sealed","Dry","Not Raining","Daylight","Right Turn",2,"Y",,1321998.16,1647706.85
"2021-11741-19/09/2025","IRONBANK","THE ADELAIDE HILLS COUNCIL",1,1,0,0,1,2021,"January","Saturday","02:15 pm",60,"Sealed","Dry","Not Raining","Daylight","Roll Over",1,,,1336639.48,1656799.11
"2021-11744-19/09/2025","WILLUNGA","CITY OF ONKAPARINGA",2,1,0,0,1,2021,"January","Friday","08:00 am",50,"Sealed","Dry","Not Raining","Daylight","Right Turn",2,,,1323340.67,1632271.2
"2021-11747-19/09/2025","LARGS NORTH","CITY OF PORT ADELAIDE ENFIELD",2,1,0,1,0,2021,"January","Saturday","07:33 pm",50,"Sealed","Dry","Not Raining","Daylight","Roll Over",1,"Y","Y",1319167.62,1682813.65
"2021-11748-19/09/2025","ASHTON","THE ADELAIDE HILLS COUNCIL",2,1,0,0,1,2021,"January","Saturday","04:10 pm",80,"Sealed","Dry","Not Raining","Daylight","Rear End",1,,,1340801.61,1669345.56
"2021-11749-19/09/2025","ROSSLYN PARK","CITY OF BURNSIDE",2,1,0,0,1,2021,"January","Saturday","08:30 pm",60,"Sealed","Dry","Not Raining","Daylight","Hit Parked Vehicle",1,,,1335506.36,1670922.21
"2021-11751-19/09/2025","FLINDERS PARK","CITY OF CHARLES STURT",2,1,0,0,1,2021,"January","Sunday","05:35 am",50,"Sealed","Dry","Not Raining","Night","Hit Fixed Object",1,"Y","Y",1323014.75,1671964.21
"2021-11752-19/09/2025","UNLEY","CITY OF UNLEY",2,1,0,0,1,2021,"January","Saturday","12:18 pm",50,"Sealed","Dry","Not Raining","Daylight","Right Angle",2,,,1328366.02,1668541.23
"2021-11755-19/09/2025","KANGARILLA","CITY OF ONKAPARINGA",2,1,0,0,1,2021,"January","Sunday","09:12 am",80,"Sealed","Dry","Not Raining","Daylight","Right Angle",2,,,1331459,1645861.83
"2021-11756-19/09/2025","MCLAREN VALE","CITY OF ONKAPARINGA",2,1,0,0,1,2021,"January","Saturday","04:00 pm",80,"Sealed","Dry","Not Raining","Daylight","Side Swipe",1,,,1321270.89,1641766.85
"2021-11757-19/09/2025","ELIZABETH VALE","CITY OF PLAYFORD.",2,1,0,0,1,2021,"January","Sunday","11:14 am",50,"Sealed","Dry","Not Raining","Daylight","Hit Fixed Object",1,,,1334305.54,1689463.66
"2021-11758-19/09/2025","ALDINGA BEACH","CITY OF ONKAPARINGA",1,1,0,0,1,2021,"January","Sunday","11:00 am",60,"Sealed","Dry","Not Raining","Daylight","Other",1,,,1313165.03,1630256.91
"2021-11761-19/09/2025","TATACHILLA","CITY OF ONKAPARINGA",2,1,0,1,0,2021,"January","Sunday","11:45 am",90,"Sealed","Dry","Not Raining","Daylight","Right Angle",1,,,1317681.62,1637008.33
"2021-11762-19/09/2025","CRAIGMORE","CITY OF PLAYFORD.",2,1,0,0,1,2021,"January","Sunday","12:02 pm",50,"Sealed","Dry","Not Raining","Daylight","Right Angle",2,,,1339069.23,1695234.45
"2021-11766-19/09/2025","LENSWOOD","THE ADELAIDE HILLS COUNCIL",3,1,0,0,1,2021,"January","Sunday","09:35 am",60,"Sealed","Dry","Not Raining","Daylight","Head On",2,,,1349040.82,1670424.33
"2021-11768-19/09/2025","CUMBERLAND PARK","CC MITCHAM.",2,1,0,0,1,2021,"January","Saturday","06:00 pm",50,"Sealed","Dry","Not Raining","Daylight","Right Angle",1,,,1326714.57,1665113.65
"2021-11770-19/09/2025","PARACOMBE","THE ADELAIDE HILLS COUNCIL",2,1,0,1,0,2021,"January","Sunday","03:30 pm",80,"Sealed","Dry","Not Raining","Daylight","Hit Fixed Object",1,,,1343894.99,1676954.86
"2021-11777-19/09/2025","MCLAREN VALE","CITY OF ONKAPARINGA",2,3,0,0,3,2021,"January","Sunday","07:00 pm",80,"Sealed","Dry","Not Raining","Daylight","Right Angle",2,,,1322188.53,1641792.06
"2021-11779-19/09/2025","KENSINGTON","CC OF NORWOOD,PAYNEHAM & ST PETERS",2,2,0,0,2,2021,"January","Sunday","10:10 pm",60,"Sealed","Dry","Not Raining","Night","Right Angle",2,,,1332249.68,1671082.45
"2021-11781-19/09/2025","CUDLEE CREEK","THE ADELAIDE HILLS COUNCIL",3,1,0,0,1,2021,"January","Sunday","11:00 pm",80,"Sealed","Dry","Not Raining","Night","Hit Fixed Object",1,,"Y",1348301.05,1679410.33
"2021-11787-19/09/2025","ADELAIDE","CITY OF ADELAIDE",2,2,0,0,2,2021,"January","Monday","01:40 pm",60,"Sealed","Dry","Not Raining","Daylight","Right Turn",1,,,1327382.28,1670486.86
"2021-11792-19/09/2025","PARAFIELD","CITY OF SALISBURY",2,1,0,0,1,2021,"January","Monday","03:00 pm",80,"Sealed","Dry","Not Raining","Daylight","Right Turn",1,,"Y",1332521.09,1684419.56
"2021-11793-19/09/2025","LONSDALE","CITY OF ONKAPARINGA",3,3,0,0,3,2021,"January","Monday","03:31 pm",70,"Sealed","Dry","Not Raining","Daylight","Side Swipe",2,,,1318594.32,1649794.89
"2021-11797-19/09/2025","RISDON PARK SOUTH","PT.PIRIE CITY & DIST. COUNCIL",2,3,0,0,3,2021,"January","Monday","06:05 pm",50,"Sealed","Dry","Not Raining","Daylight","Right Angle",1,,,1278833.64,1862926.74
"2021-11798-19/09/2025","SHEA-OAK LOG","LIGHT REGIONAL COUNCIL",1,1,0,0,1,2021,"January","Monday","05:55 pm",100,"Unsealed","Dry","Not Raining","Daylight","Left Road - Out of Control",1,,,1352320.31,1714650.48
"2021-11799-19/09/2025","BOLIVAR","CITY OF SALISBURY",2,1,0,0,1,2021,"January","Monday","04:50 pm",60,"Sealed","Dry","Not Raining","Daylight","Hit Fixed Object",1,"Y",,1328471.89,1688636.97
"2021-11800-19/09/2025","ELIZABETH","CITY OF PLAYFORD.",2,1,0,1,0,2021,"January","Monday","07:42 pm",60,"Sealed","Dry","Not Raining","Daylight","Hit Fixed Object",1,,,1335735.28,1693247.61
"2021-11801-19/09/2025","BRIMBAGO","DC TATIARA.",1,1,0,0,1,2021,"January","Monday","05:00 pm",110,"Sealed","Dry","Not Raining","Daylight","Roll Over",1,,,1493944.39,1525285.34
"2021-11810-19/09/2025","MCLAREN VALE","CITY OF ONKAPARINGA",2,3,0,0,3,2021,"January","Monday","01:10 pm",80,"Sealed","Dry","Not Raining","Daylight","Right Angle",1,,,1322263.95,1639474.19
"2021-11811-19/09/2025","ELIZABETH PARK","CITY OF PLAYFORD.",2,2,0,0,2,2021,"January","Tuesday","11:36 am",80,"Sealed","Dry","Not Raining","Daylight","Rear End",1,,,1336500.9,1694621.89
"2021-11812-19/09/2025","SEACLIFF PARK","CITY OF HOLDFAST BAY",2,1,0,0,1,2021,"January","Tuesday","10:50 am",60,"Sealed","Dry","Not Raining","Daylight","Right Angle",1,,,1321183.1,1659188.47
"2021-11815-19/09/2025","GAWLER BELT","LIGHT REGIONAL COUNCIL",1,1,0,0,1,2021,"January","Tuesday","11:55 am",100,"Sealed","Dry","Not Raining","Daylight","Roll Over",1,,,1343224.61,1709989.42
"2021-11818-19/09/2025","SALISBURY PLAIN","CITY OF SALISBURY",2,1,0,0,1,2021,"January","Tuesday","01:04 pm",60,"Sealed","Dry","Not Raining","Daylight","Rear End",2,,,1333860.49,1687874.93
"2021-11821-19/09/2025","CRAFERS WEST","THE ADELAIDE HILLS COUNCIL",2,1,0,0,1,2021,"January","Tuesday","01:02 pm",60,"Sealed","Dry","Not Raining","Daylight","Right Angle",2,,,1337406.98,1661761.23
"2021-11824-19/09/2025","MANSFIELD PARK","CITY OF PORT ADELAIDE ENFIELD",2,2,0,0,2,2021,"January","Tuesday","01:35 pm",60,"Sealed","Dry","Not Raining","Daylight","Right Turn",2,,,1323929.82,1678488.4
"2021-11825-19/09/2025","PARK HOLME","CC MARION.",2,1,0,1,0,2021,"January","Tuesday","02:30 pm",50,"Sealed","Dry","Not Raining","Daylight","Right Turn",1,,"Y",1323919.77,1664001.94
"2021-11826-19/09/2025","KESWICK","CITY OF WEST TORRENS",2,1,0,0,1,2021,"January","Tuesday","08:30 am",60,"Sealed","Dry","Not Raining","Daylight","Rear End",1,,,1326544.53,1668476.47
"2021-11829-19/09/2025","QUEENSTOWN","CITY OF PORT ADELAIDE ENFIELD",3,1,0,1,0,2021,"January","Tuesday","03:09 pm",60,"Sealed","Dry","Not Raining","Daylight","Right Angle",1,,,1320682.19,1678424
"2021-11833-19/09/2025","WOODVILLE NORTH","CITY OF CHARLES STURT",3,1,0,0,1,2021,"January","Tuesday","04:35 pm",60,"Sealed","Dry","Not Raining","Daylight","Right Angle",1,,,1323541.68,1676774.33
"2021-11837-19/09/2025","SNOWTOWN","WAKEFIELD REGIONAL COUNCIL",1,5,0,0,5,2021,"January","Tuesday","05:30 pm",100,"Sealed","Dry","Not Raining","Daylight","Roll Over",1,,,1292448.06,1794348.05
"2021-11844-19/09/2025","TANTANOOLA","WATTLE RANGE COUNCIL",2,1,0,1,0,2021,"January","Wednesday","01:50 am",100,"Unsealed","Dry","Not Raining","Night","Right Angle",2,,,1480466.04,1353328.37
"2021-11846-19/09/2025","NOARLUNGA CENTRE","CITY OF ONKAPARINGA",2,1,0,0,1,2021,"January","Tuesday","12:27 pm",60,"Sealed","Dry","Not Raining","Daylight","Side Swipe",1,,,1317469.52,1647429.51
"2021-11851-19/09/2025","MARION","CC MARION.",2,1,0,0,1,2021,"January","Wednesday","08:51 am",60,"Sealed","Dry","Not Raining","Daylight","Rear End",2,,,1324360.63,1662037.64
"2021-11854-19/09/2025","BUCKLAND PARK","CITY OF PLAYFORD.",1,1,0,0,1,2021,"January","Wednesday","11:20 am",60,"Sealed","Dry","Not Raining","Daylight","Left Road - Out of Control",1,,"Y",1322855.88,1698917.04
"2021-11856-19/09/2025","DAVOREN PARK","CITY OF PLAYFORD.",2,1,0,1,0,2021,"January","Wednesday","12:25 pm",60,"Sealed","Wet","Raining","Daylight","Right Angle",1,,,1335599.18,1696373.36
"2021-11857-19/09/2025","LONSDALE","CITY OF ONKAPARINGA",2,1,0,0,1,2021,"January","Wednesday","12:30 pm",70,"Sealed","Wet","Not Raining","Daylight","Roll Over",1,,,1318645.21,1650950.41
"2021-11866-19/09/2025","TOTNESS","DC MT.BARKER.",2,1,0,0,1,2021,"January","Wednesday","01:45 pm",60,"Sealed","Dry","Not Raining","Daylight","Right Angle",1,,,1351004.33,1655605.84
"2021-11871-19/09/2025","ADELAIDE","CITY OF ADELAIDE",2,1,0,0,1,2021,"January","Wednesday","03:14 pm",50,"Sealed","Dry","Not Raining","Daylight","Hit Pedestrian",1,,,1328911.43,1670683.5
"2021-11881-19/09/2025","CURRAMULKA","YORKE PENINSULA COUNCIL",2,1,0,0,1,2021,"January","Wednesday","02:50 pm",100,"Sealed","Dry","Not Raining","Daylight","Roll Over",1,,,1256415.6,1709018.08
"2021-11886-19/09/2025","MODBURY","CITY OF TEA TREE GULLY",2,1,0,0,1,2021,"January","Wednesday","03:15 pm",60,"Sealed","Dry","Not Raining","Daylight","Right Turn",1,,,1337038.01,1680619.82
"2021-11887-19/09/2025","ADELAIDE","CITY OF ADELAIDE",2,1,0,0,1,2021,"January","Wednesday","07:40 pm",50,"Sealed","Dry","Not Raining","Daylight","Side Swipe",1,,,1327822.99,1670169.17
"2021-11890-19/09/2025","MELROSE PARK","CC MITCHAM.",3,1,0,0,1,2021,"January","Wednesday","06:15 pm",60,"Sealed","Dry","Not Raining","Daylight","Rear End",2,,,1325930.28,1664510.5
"2021-11891-19/09/2025","DRY CREEK","CITY OF PORT ADELAIDE ENFIELD",2,1,0,1,0,2021,"January","Thursday","08:13 am",80,"Sealed","Dry","Not Raining","Daylight","Roll Over",1,,,1325411.35,1681072.21
"2021-11893-19/09/2025","COOBER PEDY","DC COOBER PEDY",2,1,0,0,1,2021,"January","Thursday","10:00 am",50,"Sealed","Dry","Not Raining","Daylight","Hit Fixed Object",1,,,976910.38,2331105.26
"2021-11899-19/09/2025","STIRLING","THE ADELAIDE HILLS COUNCIL",2,1,0,0,1,2021,"January","Thursday","11:45 am",40,"Sealed","Dry","Not Raining","Daylight","Right Angle",1,,,1338877.7,1661293.39
"2021-11905-19/09/2025","BLAKEVIEW","CITY OF PLAYFORD.",2,1,0,0,1,2021,"January","Thursday","02:20 pm",60,"Sealed","Dry","Not Raining","Daylight","Right Angle",2,,,1338571.36,1697465.71
"2021-11907-19/09/2025","SOUTH PLYMPTON","CC MARION.",4,1,0,0,1,2021,"January","Thursday","03:22 pm",60,"Sealed","Dry","Not Raining","Daylight","Right Turn",1,,,1324247.23,1666113.9
"2021-11909-19/09/2025","WILLASTON","CT GAWLER.",2,1,0,0,1,2021,"January","Thursday","03:30 pm",50,"Sealed","Dry","Not Raining","Daylight","Right Turn",2,,,1343214.84,1709176.99
"2021-11910-19/09/2025","ADELAIDE","CITY OF WEST TORRENS",3,1,0,0,1,2021,"January","Thursday","03:15 pm",60,"Sealed","Dry","Not Raining","Daylight","Rear End",1,,,1326575.07,1671715.77
"2021-11912-19/09/2025","CHELTENHAM","CITY OF CHARLES STURT",2,1,0,0,1,2021,"January","Thursday","04:39 pm",60,"Sealed","Dry","Not Raining","Daylight","Rear End",1,,,1321230.36,1677195.11
"2021-11915-19/09/2025","SEATON","CITY OF CHARLES STURT",1,1,0,1,0,2021,"January","Thursday","05:26 pm",50,"Sealed","Dry","Not Raining","Daylight","Roll Over",1,,"Y",1321518.38,1674642.16
"2021-11928-19/09/2025","LOCKLEYS","CITY OF WEST TORRENS",3,1,0,0,1,2021,"January","Thursday","04:30 pm",60,"Sealed","Dry","Not Raining","Daylight","Rear End",1,,,1322619.61,1671542.61
"2021-11933-19/09/2025","NORTH ADELAIDE","CITY OF ADELAIDE",4,1,0,1,0,2021,"January","Friday","01:10 pm",50,"Sealed","Dry","Not Raining","Daylight","Rear End",1,,,1328895.75,1672508.74