"REPORT_ID","Suburb","LGA Name","Total Units","Total Cas","Total Fats","Total SI","Total MI","Year","Month","Day","Time","Area Speed","Road Surface","Moisture Cond","Weather Cond","DayNight","Crash Type","Unit Resp","DUI Involved","Drugs Involved","ACCLOC_X","ACCLOC_Y"
"2021-11934-19/09/2025","PARACOMBE","THE ADELAIDE HILLS COUNCIL",2,1,0,0,1,2021,"January","Friday","02:02 pm",80,"Sealed","Dry","Not Raining","Daylight","Head On",1,,,1344087.28,1676960.73
"2021-11936-19/09/2025","TOOPERANG","ALEXANDRINA COUNCIL",1,1,0,0,1,2021,"January","Friday","12:43 pm",100,"Sealed","Dry","Not Raining","Daylight","Roll Over",1,,,1331245.11,1621105.72
"2021-11937-19/09/2025","FELIXSTOW","CC OF NORWOOD,PAYNEHAM & ST PETERS",2,3,0,0,3,2021,"January","Friday","02:34 pm",50,"Sealed","Dry","Not Raining","Daylight","Right Angle",2,,,1333453.36,1674529.11
"2021-11942-19/09/2025","MOUNT COMPASS","ALEXANDRINA COUNCIL",2,3,0,0,3,2021,"January","Friday","08:50 am",100,"Sealed","Dry","Not Raining","Daylight","Right Angle",1,,,1329478.33,1620451.93
"2021-11948-19/09/2025","ABERFOYLE PARK","CITY OF ONKAPARINGA",2,1,0,0,1,2021,"January","Friday","04:21 pm",50,"Sealed","Dry","Not Raining","Daylight","Hit Fixed Object",1,,"Y",1327480.63,1654040.37
"2021-11949-19/09/2025","BOLIVAR","CITY OF SALISBURY",2,1,0,1,0,2021,"January","Thursday","05:50 pm",90,"Sealed","Dry","Not Raining","Daylight","Rear End",1,,,1328457.27,1688613.24
"2021-11951-19/09/2025","CLOVELLY PARK","CC MARION.",2,1,0,0,1,2021,"January","Friday","05:06 pm",60,"Sealed","Dry","Not Raining","Daylight","Side Swipe",1,,,1325964.71,1662958.75
"2021-11953-19/09/2025","POORAKA","CITY OF SALISBURY",2,1,0,0,1,2021,"January","Friday","01:15 pm",70,"Sealed","Dry","Not Raining","Daylight","Rear End",1,,,1330465.1,1681818.42
"2021-11954-19/09/2025","MILLBROOK","THE ADELAIDE HILLS COUNCIL",2,1,0,0,1,2021,"January","Wednesday","08:10 pm",80,"Sealed","Dry","Not Raining","Daylight","Side Swipe",1,,,1348780.07,1681691.28
"2021-11958-19/09/2025","ADELAIDE","CITY OF ADELAIDE",2,1,0,0,1,2021,"January","Friday","06:30 pm",50,"Sealed","Dry","Not Raining","Daylight","Rear End",2,"Y",,1327878.01,1669883.89
"2021-11960-19/09/2025","CLEARVIEW","CITY OF PORT ADELAIDE ENFIELD",2,1,0,0,1,2021,"January","Friday","06:00 pm",60,"Sealed","Dry","Not Raining","Daylight","Right Angle",1,,,1330418.02,1677332.98
"2021-11961-19/09/2025","MCLAREN FLAT","CITY OF ONKAPARINGA",3,1,0,0,1,2021,"January","Friday","03:59 pm",80,"Sealed","Dry","Not Raining","Daylight","Hit Fixed Object",1,"Y",,1329133.35,1642532.84
"2021-11962-19/09/2025","PLYMPTON","CITY OF WEST TORRENS",2,1,0,0,1,2021,"January","Friday","08:39 pm",50,"Sealed","Dry","Not Raining","Night","Right Angle",1,,,1324789.89,1667218.08
"2021-11964-19/09/2025","ATHOL PARK","CITY OF CHARLES STURT",2,1,0,0,1,2021,"January","Friday","08:10 pm",50,"Sealed","Dry","Not Raining","Daylight","Hit Fixed Object",1,"Y","Y",1323119.16,1678527.54
"2021-11970-19/09/2025","ADELAIDE","CITY OF ADELAIDE",2,1,0,0,1,2021,"January","Saturday","10:16 am",50,"Sealed","Dry","Not Raining","Daylight","Hit Pedestrian",2,,,1329245.85,1669594.13
"2021-11971-19/09/2025","MORPHETT VALE","CITY OF ONKAPARINGA",2,1,0,0,1,2021,"January","Saturday","10:55 am",50,"Sealed","Dry","Not Raining","Daylight","Right Angle",2,,,1320743.63,1650933.71
"2021-11976-19/09/2025","LOBETHAL","THE ADELAIDE HILLS COUNCIL",2,1,0,1,0,2021,"January","Saturday","11:28 am",80,"Sealed","Dry","Not Raining","Daylight","Hit Fixed Object",1,,,1350986.04,1671557.45
"2021-11978-19/09/2025","PENNINGTON","CITY OF PORT ADELAIDE ENFIELD",2,1,0,0,1,2021,"January","Saturday","02:28 pm",60,"Sealed","Dry","Not Raining","Daylight","Right Angle",1,,,1322647.58,1679123.53
"2021-11980-19/09/2025","HUNTFIELD HEIGHTS","CITY OF ONKAPARINGA",2,1,0,0,1,2021,"January","Friday","08:51 pm",50,"Unsealed","Dry","Not Raining","Night","Hit Fixed Object",1,"Y",,1319862.6,1644751.98
"2021-11982-19/09/2025","ALDINGA","CITY OF ONKAPARINGA",2,3,0,0,3,2021,"January","Saturday","02:51 pm",70,"Sealed","Dry","Not Raining","Daylight","Rear End",2,,,1316840.4,1633194.78
"2021-11989-19/09/2025","WHYALLA NORRIE","CC WHYALLA.",2,1,0,0,1,2021,"January","Saturday","06:15 pm",60,"Sealed","Dry","Not Raining","Daylight","Right Angle",2,,,1236032.2,1883689.54
"2021-11991-19/09/2025","FINDON","CITY OF CHARLES STURT",2,2,0,0,2,2021,"January","Saturday","07:23 pm",50,"Sealed","Dry","Not Raining","Daylight","Right Angle",2,,,1322831.39,1673555.66
"2021-11992-19/09/2025","EVERARD PARK","CITY OF UNLEY",1,1,0,0,1,2021,"January","Saturday","08:09 pm",60,"Sealed","Dry","Not Raining","Daylight","Roll Over",1,"Y",,1326173.04,1667986.49
"2021-11993-19/09/2025","TORRENSVILLE","CITY OF WEST TORRENS",2,1,0,0,1,2021,"January","Saturday","08:25 pm",60,"Sealed","Dry","Not Raining","Daylight","Right Turn",1,,,1325754.68,1670981.93
"2021-11995-19/09/2025","WINKIE","THE BERRI BARMERA COUNCIL",1,3,0,0,3,2021,"January","Saturday","07:15 pm",100,"Unsealed","Dry","Not Raining","Daylight","Roll Over",1,,,1509258.32,1731183.88
"2021-11998-19/09/2025","ELIZABETH EAST","CITY OF PLAYFORD.",2,1,0,0,1,2021,"January","Saturday","11:50 pm",80,"Sealed","Dry","Not Raining","Night","Hit Fixed Object",1,"Y",,1336143.04,1691769.69
"2021-11999-19/09/2025","O'HALLORAN HILL","CITY OF ONKAPARINGA",2,1,0,1,0,2021,"January","Sunday","12:46 am",80,"Sealed","Dry","Not Raining","Night","Roll Over",1,"Y",,1324423.5,1658287.27
"2021-12001-19/09/2025","PROSPECT","CITY OF PROSPECT",2,2,1,1,0,2021,"January","Sunday","01:24 am",50,"Sealed","Dry","Not Raining","Night","Roll Over",1,"Y","Y",1327702.37,1676563.42
"2021-12008-19/09/2025","HINDMARSH VALLEY","DC VICTOR HARBOR.",2,1,0,0,1,2021,"January","Sunday","11:40 am",100,"Sealed","Wet","Raining","Daylight","Head On",2,,,1329120.86,1608703.07
"2021-12012-19/09/2025","CURRENCY CREEK","ALEXANDRINA COUNCIL",2,2,0,0,2,2021,"January","Sunday","09:31 am",100,"Sealed","Wet","Raining","Daylight","Rear End",2,,,1340956.2,1610343.71
"2021-12013-19/09/2025","TORRENSVILLE","CITY OF WEST TORRENS",2,1,0,0,1,2021,"January","Saturday","01:55 pm",60,"Sealed","Dry","Not Raining","Daylight","Rear End",2,,,1325676.92,1671400.43
"2021-12014-19/09/2025","MOUNT GAMBIER","CC MT.GAMBIER.",2,1,0,1,0,2021,"January","Friday","03:00 pm",50,"Sealed","Dry","Not Raining","Daylight","Hit Pedestrian",1,,,1508509.51,1341429.97
"2021-12015-19/09/2025","MCLAREN VALE","CITY OF ONKAPARINGA",2,2,0,0,2,2021,"January","Sunday","01:30 pm",80,"Sealed","Dry","Not Raining","Daylight","Hit Fixed Object",1,,,1324101.8,1641771.92
"2021-12016-19/09/2025","TALDRA","LOXTON WAIKERIE DISTRICT COUNCIL",1,1,0,0,1,2021,"January","Sunday","01:44 pm",100,"Unsealed","Dry","Not Raining","Daylight","Roll Over",1,,,1535601.38,1720912.88
"2021-12019-19/09/2025","BRAHMA LODGE","CITY OF SALISBURY",2,1,0,1,0,2021,"January","Sunday","04:42 pm",50,"Sealed","Dry","Not Raining","Daylight","Hit Fixed Object",1,,,1333611.31,1687667.11
"2021-12020-19/09/2025","ROSSLYN PARK","CITY OF BURNSIDE",2,1,0,0,1,2021,"January","Sunday","06:05 pm",60,"Sealed","Dry","Not Raining","Daylight","Right Angle",1,,,1334756.2,1671144.07
"2021-12025-19/09/2025","MAGILL","CC CAMPBELLTOWN.",2,2,0,0,2,2021,"January","Sunday","08:07 pm",60,"Sealed","Dry","Not Raining","Daylight","Side Swipe",1,,,1335467.53,1672445.95
"2021-12030-19/09/2025","NAIRNE","DC MT.BARKER.",2,1,1,0,0,2021,"January","Sunday","10:25 pm",50,"Sealed","Dry","Not Raining","Night","Hit Fixed Object",1,,,1357287.47,1656695.6
"2021-12032-19/09/2025","SOUTH PLYMPTON","CC MARION.",3,1,0,0,1,2021,"January","Monday","07:30 am",60,"Sealed","Dry","Not Raining","Daylight","Rear End",1,,,1324252.48,1665595.16
"2021-12037-19/09/2025","BERRI","THE BERRI BARMERA COUNCIL",2,1,0,0,1,2021,"January","Monday","08:50 am",50,"Sealed","Dry","Not Raining","Daylight","Rear End",2,,,1514325.13,1734321.31
"2021-12040-19/09/2025","GRANGE","CITY OF CHARLES STURT",2,1,0,1,0,2021,"January","Sunday","08:00 pm",50,"Sealed","Dry","Not Raining","Daylight","Hit Parked Vehicle",2,,,1318687.09,1673192.78
"2021-12042-19/09/2025","ST GEORGES","CITY OF BURNSIDE",2,1,0,0,1,2021,"January","Monday","01:10 pm",60,"Sealed","Dry","Not Raining","Daylight","Rear End",2,,,1332367.63,1667419.42
"2021-12046-19/09/2025","NORTH ADELAIDE","CITY OF ADELAIDE",2,1,0,0,1,2021,"January","Wednesday","12:30 pm",50,"Sealed","Dry","Not Raining","Daylight","Rear End",2,,,1328225.05,1671577.25
"2021-12047-19/09/2025","BEAUMONT","CITY OF BURNSIDE",2,1,0,0,1,2021,"January","Monday","02:17 pm",50,"Sealed","Dry","Not Raining","Daylight","Hit Pedestrian",1,,,1333632.04,1668278.19
"2021-12048-19/09/2025","VERDUN","DC MT.BARKER.",4,5,0,0,5,2021,"January","Sunday","08:05 pm",110,"Sealed","Dry","Not Raining","Daylight","Side Swipe",2,,,1345306.22,1659107.7
"2021-12052-19/09/2025","PROSPECT","CITY OF PROSPECT",2,2,0,1,1,2021,"January","Monday","03:18 pm",60,"Sealed","Dry","Not Raining","Daylight","Right Turn",1,,,1328862.6,1676432.75
"2021-12053-19/09/2025","FULLARTON","CITY OF UNLEY",2,1,0,0,1,2021,"January","Friday","12:35 pm",60,"Sealed","Dry","Not Raining","Daylight","Right Angle",1,,,1331118.52,1668005.35
"2021-12055-19/09/2025","SALISBURY PLAIN","CITY OF SALISBURY",3,1,0,0,1,2021,"January","Monday","04:50 pm",80,"Sealed","Dry","Not Raining","Daylight","Rear End",1,,,1334891.41,1687449.05
"2021-12056-19/09/2025","HIGHLAND VALLEY","ALEXANDRINA COUNCIL",2,1,0,0,1,2021,"January","Saturday","10:00 am",100,"Sealed","Dry","Not Raining","Daylight","Hit Fixed Object",1,,,1357131.93,1645461.39
"2021-12059-19/09/2025","CALLINGTON","DC MT.BARKER.",2,1,0,0,1,2021,"January","Monday","04:05 pm",80,"Unsealed","Dry","Not Raining","Daylight","Hit Fixed Object",1,"Y","Y",1366400.2,1649272.25
"2021-12060-19/09/2025","HAPPY VALLEY","CITY OF ONKAPARINGA",2,1,0,0,1,2021,"January","Monday","05:48 pm",70,"Sealed","Dry","Not Raining","Daylight","Rear End",1,,,1325603.37,1656854
"2021-12061-19/09/2025","REGENCY PARK","CITY OF PORT ADELAIDE ENFIELD",3,1,0,0,1,2021,"January","Monday","05:50 pm",60,"Sealed","Dry","Not Raining","Daylight","Rear End",1,,,1326495.76,1676376
"2021-12064-19/09/2025","EDEN HILLS","CC MITCHAM.",2,1,0,0,1,2021,"January","Monday","03:30 pm",50,"Sealed","Dry","Not Raining","Daylight","Hit Fixed Object",1,,,1328536.25,1659947.21
"2021-12068-19/09/2025","KANGARILLA","CITY OF ONKAPARINGA",2,1,0,0,1,2021,"January","Monday","09:50 pm",60,"Sealed","Dry","Not Raining","Night","Hit Fixed Object",1,,,1333117.33,1646765
"2021-12072-19/09/2025","O'HALLORAN HILL","CC MARION.",5,1,0,0,1,2021,"January","Tuesday","07:55 am",100,"Sealed","Dry","Not Raining","Daylight","Rear End",2,,,1323144.42,1656752.67
"2021-12076-19/09/2025","NORTH PLYMPTON","CITY OF WEST TORRENS",2,1,0,0,1,2021,"January","Tuesday","08:00 am",50,"Sealed","Dry","Not Raining","Daylight","Right Angle",1,,,1323399.36,1667574.68
"2021-12080-19/09/2025","PARKSIDE","CITY OF UNLEY",2,1,0,0,1,2021,"January","Tuesday","01:15 pm",50,"Sealed","Dry","Not Raining","Daylight","Hit Parked Vehicle",1,,"Y",1330120.33,1668563.87
"2021-12084-19/09/2025","EDINBURGH NORTH","CITY OF PLAYFORD.",4,1,0,0,1,2021,"January","Tuesday","03:10 pm",60,"Sealed","Dry","Not Raining","Daylight","Rear End",1,,,1335420.86,1693980.03
"2021-12086-19/09/2025","SALISBURY PLAIN","CITY OF SALISBURY",2,1,0,0,1,2021,"January","Tuesday","03:55 pm",80,"Sealed","Dry","Not Raining","Daylight","Rear End",2,,,1334910.64,1687473.34
"2021-12087-19/09/2025","SALISBURY PLAIN","CITY OF SALISBURY",1,1,0,0,1,2021,"January","Tuesday","04:10 pm",50,"Sealed","Dry","Not Raining","Daylight","Roll Over",1,,,1334643.43,1687683.5
"2021-12090-19/09/2025","WEST LAKES SHORE","CITY OF CHARLES STURT",2,1,0,1,0,2021,"January","Tuesday","06:00 pm",60,"Sealed","Dry","Not Raining","Daylight","Right Angle",1,,,1317949.8,1677015.65
"2021-12091-19/09/2025","VALE PARK","WALKERVILLE TOWN COUNCIL",2,1,0,0,1,2021,"January","Monday","05:00 pm",60,"Sealed","Dry","Not Raining","Daylight","Right Angle",2,,,1330685.6,1675396.54
"2021-12092-19/09/2025","ADELAIDE","CITY OF ADELAIDE",1,1,0,0,1,2021,"January","Tuesday","07:08 pm",60,"Sealed","Dry","Not Raining","Daylight","Roll Over",1,"Y",,1327354.19,1670674.43
"2021-12093-19/09/2025","VALLEY VIEW","CITY OF TEA TREE GULLY",2,2,0,0,2,2021,"January","Tuesday","06:57 pm",60,"Sealed","Dry","Not Raining","Daylight","Hit Fixed Object",9,,,1335755.12,1679968.93
"2021-12094-19/09/2025","NOARLUNGA CENTRE","CITY OF ONKAPARINGA",2,2,0,0,2,2021,"January","Tuesday","04:05 pm",60,"Sealed","Dry","Not Raining","Daylight","Rear End",1,,,1319094.8,1647483.87
"2021-12108-19/09/2025","MAWSON LAKES","CITY OF SALISBURY",2,1,0,0,1,2021,"January","Wednesday","09:33 am",50,"Sealed","Dry","Not Raining","Daylight","Hit Pedestrian",1,,,1330469.76,1683414.48
"2021-12109-19/09/2025","WAYVILLE","CITY OF UNLEY",2,1,0,0,1,2021,"January","Tuesday","10:00 pm",60,"Sealed","Dry","Not Raining","Night","Rear End",2,,,1326865.31,1668904.7
"2021-12117-19/09/2025","MORN HILL","LIGHT REGIONAL COUNCIL",3,2,0,0,2,2021,"January","Wednesday","02:20 pm",100,"Sealed","Dry","Not Raining","Daylight","Head On",1,,"Y",1344422.91,1728222.4
"2021-12119-19/09/2025","ELIZABETH PARK","CITY OF PLAYFORD.",2,1,0,0,1,2021,"January","Wednesday","04:30 pm",50,"Sealed","Dry","Not Raining","Daylight","Head On",2,,,1337744.96,1694265.54
"2021-12120-19/09/2025","CLOVELLY PARK","CC MARION.",2,1,0,0,1,2021,"January","Wednesday","04:50 pm",60,"Sealed","Dry","Not Raining","Daylight","Right Turn",1,,,1325964.71,1662958.75
"2021-12122-19/09/2025","ELIZABETH NORTH","CITY OF PLAYFORD.",4,1,0,0,1,2021,"January","Wednesday","08:00 am",80,"Sealed","Dry","Not Raining","Daylight","Rear End",1,,,1336972.07,1695458.34
"2021-12123-19/09/2025","HOLDEN HILL","CITY OF PORT ADELAIDE ENFIELD",2,1,0,0,1,2021,"January","Wednesday","05:20 pm",60,"Sealed","Dry","Not Raining","Daylight","Rear End",2,,,1333812.8,1678088.93
"2021-12127-19/09/2025","UPPER STURT","THE ADELAIDE HILLS COUNCIL",2,1,0,0,1,2021,"January","Wednesday","03:55 pm",60,"Sealed","Dry","Not Raining","Daylight","Head On",2,,,1335668.05,1659873.91
"2021-12128-19/09/2025","WILLUNGA","CITY OF ONKAPARINGA",2,1,0,0,1,2021,"January","Tuesday","07:55 pm",100,"Sealed","Dry","Not Raining","Daylight","Hit Fixed Object",1,,,1324530.32,1631006.17
"2021-12129-19/09/2025","STURT","CC MARION.",3,1,0,0,1,2021,"January","Wednesday","03:30 pm",60,"Sealed","Dry","Not Raining","Daylight","Right Turn",1,,,1324428.84,1659884.95
"2021-12130-19/09/2025","WEST LAKES","CITY OF CHARLES STURT",4,4,0,1,3,2021,"January","Wednesday","07:15 pm",60,"Sealed","Dry","Not Raining","Daylight","Hit Fixed Object",1,,"Y",1319893.95,1676883.78
"2021-12133-19/09/2025","KESWICK TERMINAL","CITY OF WEST TORRENS",1,1,0,0,1,2021,"February","Tuesday","03:00 am",60,"Sealed","Dry","Not Raining","Night","Roll Over",1,,,1326335.05,1669989.28
"2021-12134-19/09/2025","HAPPY VALLEY","CITY OF ONKAPARINGA",2,2,0,0,2,2021,"January","Wednesday","06:55 pm",70,"Sealed","Dry","Not Raining","Daylight","Rear End",1,,,1325546.48,1653383.59
"2021-12135-19/09/2025","SPRING FARM","CLARE AND GILBERT VALLEYS DISTRICT COUNCIL",3,1,0,0,1,2021,"January","Wednesday","04:20 pm",100,"Sealed","Dry","Not Raining","Daylight","Hit Fixed Object",1,,,1336601.15,1791302.84
"2021-12139-19/09/2025","NORTH ADELAIDE","CITY OF ADELAIDE",2,1,0,0,1,2021,"January","Thursday","07:55 am",50,"Sealed","Dry","Not Raining","Daylight","Right Angle",2,,,1328111.74,1673172.85
"2021-12142-19/09/2025","HIGHBURY","CITY OF TEA TREE GULLY",2,1,0,0,1,2021,"January","Thursday","08:58 am",60,"Sealed","Dry","Not Raining","Daylight","Rear End",2,,,1338102.3,1678869.48
"2021-12143-19/09/2025","BLACKWOOD","CC MITCHAM.",2,1,0,0,1,2021,"January","Wednesday","02:20 pm",60,"Sealed","Dry","Not Raining","Daylight","Rear End",2,,,1330202.73,1661033.23
"2021-12145-19/09/2025","STIRLING","THE ADELAIDE HILLS COUNCIL",1,1,0,0,1,2021,"January","Thursday","09:55 am",60,"Sealed","Dry","Not Raining","Daylight","Roll Over",1,,,1337148.57,1660431.48
"2021-12148-19/09/2025","WOODVILLE NORTH","CITY OF CHARLES STURT",2,2,0,0,2,2021,"January","Thursday","11:20 am",60,"Sealed","Dry","Not Raining","Daylight","Right Angle",2,,,1323816.8,1676555
"2021-12152-19/09/2025","PROSPECT","CITY OF PROSPECT",2,1,0,0,1,2021,"January","Wednesday","07:00 pm",60,"Sealed","Dry","Not Raining","Daylight","Rear End",2,,,1328696.86,1676437.3
"2021-12154-19/09/2025","GEPPS CROSS","CITY OF PORT ADELAIDE ENFIELD",2,1,0,0,1,2021,"January","Thursday","03:00 pm",60,"Sealed","Dry","Not Raining","Daylight","Rear End",1,,,1330377.19,1679303.05
"2021-12163-19/09/2025","HIGHBURY","CITY OF TEA TREE GULLY",2,1,0,0,1,2021,"January","Thursday","06:30 pm",50,"Sealed","Dry","Not Raining","Daylight","Hit Fixed Object",1,,,1336682.6,1677659.9
"2021-12165-19/09/2025","WINDSOR GARDENS","CITY OF PORT ADELAIDE ENFIELD",3,1,0,0,1,2021,"January","Thursday","04:20 pm",60,"Sealed","Dry","Not Raining","Daylight","Rear End",2,,,1333279,1677633.43
"2021-12169-19/09/2025","TATACHILLA","CITY OF ONKAPARINGA",2,1,0,1,0,2021,"January","Friday","02:26 am",90,"Sealed","Dry","Not Raining","Night","Hit Fixed Object",1,,,1317694.2,1636589.47
"2021-12171-19/09/2025","POORAKA","CITY OF SALISBURY",2,1,0,0,1,2021,"January","Friday","05:50 am",70,"Sealed","Dry","Not Raining","Night","Right Angle",1,,,1328757.84,1680869.54
"2021-12174-19/09/2025","MYPONGA","DC YANKALILLA.",3,2,0,0,2,2021,"January","Friday","07:19 am",100,"Sealed","Dry","Not Raining","Daylight","Head On",1,,,1313474.59,1618372.6
"2021-12175-19/09/2025","MORPHETT VALE","CITY OF ONKAPARINGA",3,2,0,0,2,2021,"January","Friday","10:17 am",60,"Sealed","Dry","Not Raining","Daylight","Right Angle",1,,,1320512.65,1648685.06
"2021-12179-19/09/2025","NORWOOD","CC OF NORWOOD,PAYNEHAM & ST PETERS",2,3,0,0,3,2021,"January","Friday","11:15 am",60,"Sealed","Dry","Not Raining","Daylight","Right Turn",1,,,1330829.47,1671041.07
"2021-12180-19/09/2025","KIDMAN PARK","CITY OF CHARLES STURT",2,1,0,0,1,2021,"January","Thursday","12:50 pm",60,"Sealed","Dry","Not Raining","Daylight","Rear End",2,,,1322420.13,1673116.28
"2021-12186-19/09/2025","GLEN OSMOND","CITY OF BURNSIDE",2,4,0,0,4,2021,"January","Friday","03:04 pm",60,"Sealed","Dry","Not Raining","Daylight","Rear End",1,,,1332386.74,1666419.29
"2021-12190-19/09/2025","GLEN OSMOND","CITY OF BURNSIDE",3,1,0,0,1,2021,"January","Friday","03:25 pm",60,"Sealed","Dry","Not Raining","Daylight","Rear End",1,,"Y",1331949.86,1667042.31
"2021-12194-19/09/2025","PLYMPTON","CITY OF WEST TORRENS",2,1,0,0,1,2021,"January","Friday","06:37 pm",60,"Sealed","Dry","Not Raining","Daylight","Hit Fixed Object",1,,,1324337.96,1666640.72
"2021-12195-19/09/2025","OVINGHAM","CITY OF CHARLES STURT",2,1,0,0,1,2021,"January","Friday","04:35 pm",60,"Sealed","Dry","Not Raining","Daylight","Rear End",2,,,1327131.58,1673269.49
"2021-12197-19/09/2025","PLYMPTON PARK","CC MARION.",2,1,0,1,0,2021,"January","Friday","06:54 pm",50,"Sealed","Dry","Not Raining","Daylight","Hit Fixed Object",1,,"Y",1323685.52,1665092.92
"2021-12201-19/09/2025","ELIZABETH VALE","CITY OF PLAYFORD.",1,1,0,1,0,2021,"January","Friday","09:26 pm",80,"Sealed","Dry","Not Raining","Night","Roll Over",1,,"Y",1336141.79,1690279.18
"2021-12203-19/09/2025","PORT GAWLER","DC MALLALA.",2,3,0,0,3,2021,"January","Friday","11:25 pm",100,"Sealed","Dry","Not Raining","Night","Rear End",2,,,1316606.36,1702031.39
"2021-12204-19/09/2025","TRANMERE","CC CAMPBELLTOWN.",2,1,0,1,0,2021,"January","Saturday","06:48 am",50,"Sealed","Dry","Not Raining","Daylight","Hit Parked Vehicle",1,,,1334365.63,1672126.57
"2021-12206-19/09/2025","GLENSIDE","CITY OF BURNSIDE",1,1,0,1,0,2021,"January","Saturday","08:30 am",60,"Sealed","Dry","Not Raining","Daylight","Roll Over",1,,,1331306.64,1669018.09
"2021-12207-19/09/2025","MACDONALD PARK","CITY OF PLAYFORD.",2,2,0,0,2,2021,"January","Saturday","08:40 am",50,"Sealed","Dry","Not Raining","Daylight","Hit Fixed Object",1,,,1332956.85,1699068.63
"2021-12215-19/09/2025","PROSPECT","CITY OF PROSPECT",2,1,0,0,1,2021,"January","Saturday","11:30 am",50,"Sealed","Dry","Not Raining","Daylight","Side Swipe",1,,,1328075.51,1675672.66
"2021-12219-19/09/2025","PARADISE","CC CAMPBELLTOWN.",2,1,0,1,0,2021,"January","Saturday","11:15 am",60,"Sealed","Dry","Not Raining","Daylight","Right Turn",1,,,1336256.79,1675942.15
"2021-12221-19/09/2025","SEATON","CITY OF CHARLES STURT",3,1,0,0,1,2021,"January","Monday","01:20 pm",60,"Sealed","Dry","Not Raining","Daylight","Rear End",1,,,1320941.88,1674688.66
"2021-12224-19/09/2025","MOUNT GAMBIER","CC MT.GAMBIER.",2,1,0,1,0,2021,"January","Saturday","01:55 pm",50,"Sealed","Dry","Not Raining","Daylight","Side Swipe",1,,,1510094.23,1340202.19
"2021-12226-19/09/2025","KILKENNY","CITY OF CHARLES STURT",2,2,0,0,2,2021,"January","Saturday","02:54 pm",50,"Sealed","Dry","Not Raining","Daylight","Right Angle",2,,,1324305.6,1676747.91
"2021-12229-19/09/2025","PROSPECT","CITY OF PROSPECT",2,2,0,0,2,2021,"January","Saturday","04:55 pm",60,"Sealed","Dry","Not Raining","Daylight","Right Angle",2,,,1328872.94,1676442.07
"2021-12231-19/09/2025","STRATHALBYN","ALEXANDRINA COUNCIL",1,1,0,0,1,2021,"January","Saturday","02:00 pm",50,"Sealed","Dry","Not Raining","Daylight","Roll Over",1,,,1354267.36,1632858.58
"2021-12236-19/09/2025","STIRLING","THE ADELAIDE HILLS COUNCIL",2,1,0,0,1,2021,"January","Saturday","06:07 pm",50,"Sealed","Dry","Not Raining","Daylight","Right Angle",1,,,1339428.47,1661142.82
"2021-12239-19/09/2025","BURDETT","RC MURRAY BRIDGE.",2,2,0,2,0,2021,"January","Saturday","08:50 pm",100,"Sealed","Dry","Not Raining","Night","Hit Fixed Object",1,,,1395174.04,1650520.73
"2021-12245-19/09/2025","ORROROO","DC OF ORROROO/CARRIETON",2,1,0,0,1,2021,"January","Friday","09:10 am",50,"Sealed","Dry","Not Raining","Daylight","Right Angle",2,,,1337730.56,1913211.89
"2021-12247-19/09/2025","NORTH PLYMPTON","CITY OF WEST TORRENS",2,1,0,0,1,2021,"January","Wednesday","04:49 pm",60,"Sealed","Dry","Not Raining","Daylight","Right Angle",1,,,1324207.23,1667394.43
"2021-12251-19/09/2025","POORAKA","CITY OF SALISBURY",2,2,0,0,2,2021,"January","Sunday","11:10 am",70,"Sealed","Dry","Not Raining","Daylight","Right Angle",2,,,1331898.14,1681814.67
"2021-12259-19/09/2025","CLARE","CLARE AND GILBERT VALLEYS DISTRICT COUNCIL",2,1,0,1,0,2021,"January","Saturday","12:30 am",50,"Sealed","Dry","Not Raining","Night","Hit Pedestrian",1,"Y",,1333746.7,1791384.15
"2021-12262-19/09/2025","HACKHAM WEST","CITY OF ONKAPARINGA",2,2,0,0,2,2021,"January","Sunday","06:35 pm",60,"Sealed","Dry","Not Raining","Daylight","Right Angle",2,,,1320828.65,1647530.89
"2021-12264-19/09/2025","WALKLEY HEIGHTS","CITY OF SALISBURY",2,1,0,1,0,2021,"January","Monday","12:22 am",60,"Sealed","Dry","Not Raining","Night","Right Turn",1,"Y","Y",1331258.29,1680682.96
"2021-12268-19/09/2025","YUMALI","COORONG DISTRICT COUNCIL",3,1,0,1,0,2021,"January","Sunday","09:35 pm",110,"Sealed","Dry","Not Raining","Night","Head On",1,"Y",,1429897.49,1603562.7
"2021-12272-19/09/2025","GLENELG NORTH","CITY OF HOLDFAST BAY",2,1,0,0,1,2021,"January","Sunday","08:00 am",50,"Sealed","Dry","Not Raining","Daylight","Side Swipe",2,,,1320095.29,1666477.44
"2021-12274-19/09/2025","SALISBURY EAST","CITY OF SALISBURY",2,1,0,0,1,2021,"January","Monday","05:00 pm",80,"Sealed","Dry","Not Raining","Daylight","Rear End",2,,,1333995.93,1686285.66
"2021-12275-19/09/2025","UNDERDALE","CITY OF WEST TORRENS",2,1,0,0,1,2021,"January","Monday","11:30 am",60,"Sealed","Dry","Not Raining","Daylight","Right Angle",2,,,1323829.19,1671602.14