"REPORT_ID","Suburb","LGA Name","Total Units","Total Cas","Total Fats","Total SI","Total MI","Year","Month","Day","Time","Area Speed","Road Surface","Moisture Cond","Weather Cond","DayNight","Crash Type","Unit Resp","DUI Involved","Drugs Involved","ACCLOC_X","ACCLOC_Y"
"2021-12277-19/09/2025","KINGSTON SE","DC KINGSTON.",2,1,0,0,1,2021,"January","Sunday","04:58 pm",110,"Sealed","Dry","Not Raining","Daylight","Hit Animal",2,,,1444230.91,1451636.77
"2021-12278-19/09/2025","ROSSLYN PARK","CITY OF BURNSIDE",3,1,0,0,1,2021,"January","Monday","12:55 pm",60,"Sealed","Dry","Not Raining","Daylight","Hit Parked Vehicle",1,,,1335322.61,1671159.66
"2021-12279-19/09/2025","BEACHPORT","WATTLE RANGE COUNCIL",2,1,0,0,1,2021,"January","Sunday","12:30 pm",40,"Unsealed","Dry","Not Raining","Daylight","Hit Object on Road",1,,,1446390.57,1382722.09
"2021-12280-19/09/2025","PROSPECT","CITY OF PROSPECT",3,2,0,0,2,2021,"January","Monday","12:50 pm",60,"Sealed","Dry","Not Raining","Daylight","Rear End",1,,,1328859.23,1674176.61
"2021-12283-19/09/2025","ROSEWATER","CITY OF PORT ADELAIDE ENFIELD",1,1,0,0,1,2021,"January","Monday","03:00 pm",60,"Sealed","Wet","Raining","Daylight","Roll Over",1,,,1321369.26,1679104.5
"2021-12284-19/09/2025","KUITPO","CITY OF ONKAPARINGA",2,1,0,0,1,2021,"January","Monday","02:46 pm",80,"Sealed","Wet","Raining","Daylight","Hit Fixed Object",1,,,1335573.91,1639049.09
"2021-12285-19/09/2025","POORAKA","CITY OF SALISBURY",2,1,0,0,1,2021,"January","Monday","05:00 pm",70,"Sealed","Dry","Not Raining","Daylight","Rear End",2,,,1330465.1,1681818.42
"2021-12291-19/09/2025","WEST LAKES","CITY OF CHARLES STURT",2,1,0,0,1,2021,"January","Monday","04:15 pm",60,"Sealed","Wet","Raining","Daylight","Side Swipe",1,,,1319894.09,1678291.82
"2021-12300-19/09/2025","PLYMPTON","CITY OF WEST TORRENS",4,1,0,0,1,2021,"January","Monday","06:10 pm",60,"Sealed","Wet","Raining","Daylight","Rear End",1,,,1324968.44,1667123.56
"2021-12305-19/09/2025","MODBURY","CITY OF TEA TREE GULLY",3,2,0,0,2,2021,"January","Monday","05:20 pm",60,"Sealed","Wet","Raining","Daylight","Right Angle",2,,,1335391.12,1681167.19
"2021-12308-19/09/2025","HAPPY VALLEY","CITY OF ONKAPARINGA",1,1,0,0,1,2021,"January","Monday","10:23 pm",50,"Sealed","Wet","Raining","Night","Left Road - Out of Control",1,,,1325163.89,1652589.94
"2021-12309-19/09/2025","HINDMARSH VALLEY","DC VICTOR HARBOR.",2,1,0,0,1,2021,"January","Monday","09:07 pm",100,"Sealed","Wet","Raining","Night","Hit Fixed Object",1,,,1330955.15,1611125.66
"2021-12311-19/09/2025","CAVAN","CITY OF SALISBURY",2,1,0,0,1,2021,"January","Monday","11:57 pm",70,"Sealed","Dry","Not Raining","Night","Hit Fixed Object",1,,,1328740.61,1680933.99
"2021-12316-19/09/2025","ROSEWATER","CITY OF PORT ADELAIDE ENFIELD",2,1,0,0,1,2021,"January","Tuesday","12:00 pm",50,"Sealed","Dry","Not Raining","Daylight","Hit Fixed Object",1,,"Y",1321702.85,1679267.89
"2021-12317-19/09/2025","FULHAM","CITY OF WEST TORRENS",2,1,0,0,1,2021,"January","Tuesday","12:30 pm",60,"Sealed","Dry","Not Raining","Daylight","Hit Fixed Object",1,,,1320979.21,1670624.99
"2021-12319-19/09/2025","OTTOWAY","CITY OF PORT ADELAIDE ENFIELD",2,1,0,0,1,2021,"January","Tuesday","12:50 pm",50,"Sealed","Dry","Not Raining","Daylight","Right Angle",1,,,1322458.4,1679663.95
"2021-12320-19/09/2025","PALLAMANA","RC MURRAY BRIDGE.",2,1,0,1,0,2021,"January","Tuesday","10:50 am",100,"Unsealed","Wet","Not Raining","Daylight","Hit Object on Road",1,,,1381157.96,1653376.92
"2021-12322-19/09/2025","YUNTA",,1,2,0,0,2,2021,"January","Monday","11:30 am",110,"Sealed","Wet","Raining","Daylight","Left Road - Out of Control",1,,"Y",1440461.89,1932605.85
"2021-12326-19/09/2025","STEPNEY","CC OF NORWOOD,PAYNEHAM & ST PETERS",2,1,0,0,1,2021,"January","Tuesday","01:41 pm",60,"Sealed","Dry","Not Raining","Daylight","Side Swipe",2,,,1331106.72,1672391.46
"2021-12329-19/09/2025","NORWOOD","CC OF NORWOOD,PAYNEHAM & ST PETERS",2,1,0,0,1,2021,"January","Monday","10:50 pm",60,"Sealed","Wet","Not Raining","Night","Right Turn",2,,,1330627.99,1671044.2
"2021-12331-19/09/2025","UNLEY","CITY OF UNLEY",2,2,0,0,2,2021,"January","Tuesday","03:45 pm",60,"Sealed","Dry","Not Raining","Daylight","Right Angle",2,,,1328637.97,1668952.34
"2021-12337-19/09/2025","PARA HILLS","CITY OF SALISBURY",2,1,0,0,1,2021,"January","Tuesday","05:03 pm",60,"Sealed","Dry","Not Raining","Daylight","Hit Fixed Object",1,,,1334399.27,1684213.3
"2021-12340-19/09/2025","MYLOR","THE ADELAIDE HILLS COUNCIL",3,3,0,1,2,2021,"January","Tuesday","09:35 pm",80,"Sealed","Dry","Not Raining","Night","Hit Fixed Object",1,,,1342870.57,1657820.2
"2021-12345-19/09/2025","SOUTHEND","WATTLE RANGE COUNCIL",1,1,0,1,0,2021,"January","Tuesday","01:00 pm",100,"Unsealed","Dry","Not Raining","Daylight","Roll Over",1,,,1453815.78,1372229.85
"2021-12348-19/09/2025","KIDMAN PARK","CITY OF CHARLES STURT",2,1,0,0,1,2021,"January","Thursday","10:30 am",60,"Sealed","Dry","Not Raining","Daylight","Rear End",2,,,1322391.81,1673124.29
"2021-12351-19/09/2025","HALLETT","REGIONAL COUNCIL OF GOYDER",2,1,0,0,1,2021,"January","Wednesday","09:40 am",110,"Sealed","Dry","Not Raining","Daylight","Roll Over",1,,,1361544.98,1845404.37
"2021-12352-19/09/2025","SOLOMONTOWN","PT.PIRIE CITY & DIST. COUNCIL",2,1,0,0,1,2021,"January","Wednesday","10:10 am",50,"Sealed","Dry","Not Raining","Daylight","Right Angle",1,,,1281024.28,1865034.7
"2021-12354-19/09/2025","WILD HORSE PLAINS","DC MALLALA.",3,1,0,1,0,2021,"January","Wednesday","10:45 am",110,"Sealed","Dry","Not Raining","Daylight","Hit Fixed Object",1,,,1302923.19,1732517.45
"2021-12357-19/09/2025","FINDON","CITY OF CHARLES STURT",2,1,0,0,1,2021,"January","Monday","05:00 pm",60,"Sealed","Wet","Raining","Daylight","Rear End",2,,,1322391.64,1674259.27
"2021-12361-19/09/2025","ADELAIDE","CITY OF ADELAIDE",2,1,0,0,1,2021,"January","Wednesday","09:38 am",50,"Sealed","Dry","Not Raining","Daylight","Side Swipe",2,,,1327933.64,1670209.78
"2021-12365-19/09/2025","CUDLEE CREEK","THE ADELAIDE HILLS COUNCIL",2,1,0,1,0,2021,"January","Wednesday","02:35 pm",80,"Sealed","Dry","Not Raining","Daylight","Roll Over",1,,,1352680.59,1674860.85
"2021-12368-19/09/2025","LOBETHAL","THE ADELAIDE HILLS COUNCIL",2,1,0,0,1,2021,"January","Wednesday","06:25 pm",80,"Sealed","Dry","Not Raining","Daylight","Hit Fixed Object",1,,,1352808.25,1672141.39
"2021-12370-19/09/2025","FORESTVILLE","CITY OF UNLEY",2,1,0,0,1,2021,"January","Wednesday","04:25 pm",40,"Sealed","Dry","Not Raining","Daylight","Side Swipe",1,,,1326579.94,1668150.95
"2021-12371-19/09/2025","LEABROOK","CITY OF BURNSIDE",4,1,0,0,1,2021,"January","Wednesday","09:05 pm",50,"Sealed","Dry","Not Raining","Night","Hit Parked Vehicle",1,"Y",,1333278.5,1669848.81
"2021-12376-19/09/2025","NORTH ADELAIDE","CITY OF ADELAIDE",2,1,0,1,0,2021,"January","Thursday","02:55 am",50,"Sealed","Dry","Not Raining","Night","Hit Fixed Object",1,"Y",,1328635.16,1672824.21
"2021-12378-19/09/2025","MURRAY BRIDGE","RC MURRAY BRIDGE.",1,2,0,0,2,2021,"January","Thursday","06:20 am",110,"Sealed","Dry","Not Raining","Night","Roll Over",1,,,1386460.38,1644433.84
"2021-12387-19/09/2025","OAKDEN","CITY OF PORT ADELAIDE ENFIELD",3,1,0,0,1,2021,"January","Thursday","11:45 am",70,"Sealed","Dry","Not Raining","Daylight","Rear End",1,,,1332098.93,1679299.32
"2021-12388-19/09/2025","MODBURY","CITY OF TEA TREE GULLY",2,1,0,0,1,2021,"January","Wednesday","06:35 am",60,"Sealed","Dry","Not Raining","Daylight","Right Turn",2,,,1336414.7,1680599.87
"2021-12396-19/09/2025","WATERLOO CORNER","CITY OF SALISBURY",2,1,1,0,0,2021,"January","Thursday","05:48 pm",70,"Sealed","Dry","Not Raining","Daylight","Hit Fixed Object",1,"Y","Y",1328598.75,1692608.25
"2021-12398-19/09/2025","MAWSON LAKES","CITY OF SALISBURY",2,1,0,0,1,2021,"January","Thursday","06:00 pm",70,"Sealed","Dry","Not Raining","Daylight","Rear End",1,,,1329138.95,1683890.84
"2021-12399-19/09/2025","ROCHESTER","WAKEFIELD REGIONAL COUNCIL",2,1,0,0,1,2021,"January","Thursday","07:00 pm",100,"Sealed","Dry","Not Raining","Daylight","Rear End",2,,,1325206.04,1805945.98
"2021-12405-19/09/2025","GLENUNGA","CITY OF BURNSIDE",2,1,0,1,0,2021,"January","Friday","08:40 am",50,"Sealed","Dry","Not Raining","Daylight","Hit Pedestrian",2,,,1331652.93,1667686.88
"2021-12406-19/09/2025","EDEN HILLS","CC MITCHAM.",4,1,0,0,1,2021,"January","Friday","08:40 am",60,"Sealed","Dry","Not Raining","Daylight","Hit Fixed Object",1,,,1328710.23,1659757.13
"2021-12407-19/09/2025","HAWTHORN","CC MITCHAM.",2,1,0,1,0,2021,"January","Friday","08:45 am",50,"Sealed","Dry","Not Raining","Daylight","Right Angle",1,,,1328293.47,1665031.89
"2021-12409-19/09/2025","MYLOR","THE ADELAIDE HILLS COUNCIL",3,1,0,0,1,2021,"January","Sunday","07:40 pm",80,"Unsealed","Dry","Not Raining","Daylight","Hit Fixed Object",1,,,1341960.11,1654379.17
"2021-12411-19/09/2025","MIDDLETON","ALEXANDRINA COUNCIL",2,5,0,3,2,2021,"January","Friday","07:30 am",80,"Sealed","Dry","Not Raining","Daylight","Head On",1,,"Y",1336401.37,1606289.67
"2021-12415-19/09/2025","PENFIELD GARDENS","CITY OF PLAYFORD.",3,2,0,1,1,2021,"January","Friday","12:20 pm",60,"Sealed","Dry","Not Raining","Daylight","Right Angle",1,,,1333134.46,1700544.36
"2021-12416-19/09/2025","PLYMPTON","CITY OF WEST TORRENS",2,2,0,0,2,2021,"January","Friday","01:05 pm",60,"Sealed","Dry","Not Raining","Daylight","Right Turn",2,,,1324237.57,1666566.34
"2021-12421-19/09/2025","EDINBURGH NORTH","CITY OF PLAYFORD.",2,1,0,0,1,2021,"January","Friday","12:25 pm",60,"Sealed","Dry","Not Raining","Daylight","Right Angle",2,,"Y",1334921.32,1694319.84
"2021-12422-19/09/2025","VIRGINIA","CITY OF PLAYFORD.",1,1,0,0,1,2021,"January","Friday","02:20 pm",90,"Sealed","Dry","Not Raining","Daylight","Left Road - Out of Control",1,,,1326629.49,1696156.01
"2021-12432-19/09/2025","PROSPECT","CITY OF PROSPECT",3,2,0,0,2,2021,"January","Friday","04:40 pm",60,"Sealed","Dry","Not Raining","Daylight","Right Turn",2,,,1328917.5,1674374.89
"2021-12433-19/09/2025","NOARLUNGA DOWNS","CITY OF ONKAPARINGA",2,1,0,0,1,2021,"January","Friday","05:00 pm",60,"Sealed","Dry","Not Raining","Daylight","Side Swipe",1,,,1318895.69,1646333.3
"2021-12434-19/09/2025","PARALOWIE","CITY OF SALISBURY",2,1,0,0,1,2021,"January","Friday","04:18 pm",50,"Sealed","Dry","Not Raining","Daylight","Side Swipe",1,,,1328773.44,1689995.06
"2021-12436-19/09/2025","OLD NOARLUNGA","CITY OF ONKAPARINGA",3,1,0,0,1,2021,"January","Friday","06:00 pm",60,"Sealed","Dry","Not Raining","Daylight","Rear End",1,,,1318007.28,1642059.97
"2021-12439-19/09/2025","GLENELG","CITY OF HOLDFAST BAY",2,1,0,0,1,2021,"January","Friday","06:10 pm",50,"Sealed","Dry","Not Raining","Daylight","Right Turn",2,,,1320378.86,1664743.26
"2021-12442-19/09/2025","KEILIRA","DC KINGSTON.",1,3,0,0,3,2021,"January","Friday","09:38 pm",100,"Unsealed","Dry","Not Raining","Night","Roll Over",1,,,1460748.25,1468869.6
"2021-12444-19/09/2025","HINDMARSH","CITY OF CHARLES STURT",2,1,0,0,1,2021,"January","Saturday","08:00 am",50,"Sealed","Dry","Not Raining","Daylight","Right Angle",2,,,1325861.81,1673419.89
"2021-12446-19/09/2025","MOUNT TORRENS","THE ADELAIDE HILLS COUNCIL",2,2,0,1,1,2021,"January","Saturday","10:30 am",100,"Sealed","Dry","Not Raining","Daylight","Side Swipe",2,,,1361285.09,1676806.99
"2021-12448-19/09/2025","SOMERTON PARK","CITY OF HOLDFAST BAY",2,1,0,0,1,2021,"January","Saturday","11:02 am",60,"Sealed","Dry","Not Raining","Daylight","Right Angle",2,,,1321523.32,1663009.51
"2021-12451-19/09/2025","PORT NOARLUNGA SOUTH","CITY OF ONKAPARINGA",2,1,0,0,1,2021,"January","Saturday","11:27 am",50,"Sealed","Dry","Not Raining","Daylight","Hit Parked Vehicle",2,,,1315771.48,1644481.75
"2021-12453-19/09/2025","INGLEWOOD","THE ADELAIDE HILLS COUNCIL",2,1,0,1,0,2021,"January","Thursday","05:00 am",50,"Unsealed","Dry","Not Raining","Night","Hit Fixed Object",1,,,1346970.47,1684905.65
"2021-12454-19/09/2025","MOUNT BARKER","DC MT.BARKER.",2,1,0,0,1,2021,"January","Saturday","12:43 pm",50,"Sealed","Dry","Not Raining","Daylight","Right Angle",2,,,1351950.95,1653729.55
"2021-12456-19/09/2025","MILLBROOK","THE ADELAIDE HILLS COUNCIL",3,1,0,1,0,2021,"January","Saturday","01:35 pm",80,"Sealed","Dry","Not Raining","Daylight","Hit Fixed Object",1,,,1349280.93,1680158.64
"2021-12457-19/09/2025","URRBRAE","CC MITCHAM.",2,1,0,0,1,2021,"January","Saturday","02:20 pm",60,"Sealed","Dry","Not Raining","Daylight","Rear End",1,,,1330765.11,1666293.95
"2021-12458-19/09/2025","RICHMOND","CITY OF WEST TORRENS",2,1,0,0,1,2021,"January","Saturday","03:20 pm",50,"Sealed","Dry","Not Raining","Daylight","Right Angle",1,,,1324975.54,1669690.11
"2021-12459-19/09/2025","PORT ADELAIDE","CITY OF PORT ADELAIDE ENFIELD",2,3,0,0,3,2021,"January","Saturday","04:11 pm",60,"Sealed","Dry","Not Raining","Daylight","Right Angle",1,,,1319845.36,1679071.06
"2021-12460-19/09/2025","PORT ADELAIDE","CITY OF PORT ADELAIDE ENFIELD",2,1,0,0,1,2021,"January","Saturday","05:28 pm",50,"Sealed","Dry","Not Raining","Daylight","Side Swipe",1,,,1319886.25,1679923.64
"2021-12466-19/09/2025","EYRE","CITY OF PLAYFORD.",3,1,0,0,1,2021,"January","Saturday","09:00 pm",60,"Sealed","Dry","Not Raining","Night","Rear End",2,,,1335023.61,1696798.79
"2021-12467-19/09/2025","DAVOREN PARK","CITY OF PLAYFORD.",2,1,0,0,1,2021,"January","Saturday","11:00 pm",50,"Sealed","Dry","Not Raining","Night","Hit Parked Vehicle",1,"Y",,1336046.42,1696697.34
"2021-12468-19/09/2025","ADELAIDE","CITY OF ADELAIDE",1,1,0,1,0,2021,"January","Sunday","12:40 am",50,"Sealed","Dry","Not Raining","Night","Roll Over",1,,,1327914.26,1670934.85
"2021-12470-19/09/2025","REDWOOD PARK","CITY OF TEA TREE GULLY",2,2,0,0,2,2021,"January","Sunday","12:03 am",60,"Sealed","Dry","Not Raining","Night","Rear End",2,,,1339675.97,1683336.96
"2021-12471-19/09/2025","TORRENS PARK","CC MITCHAM.",3,1,0,0,1,2021,"January","Sunday","01:05 am",60,"Sealed","Dry","Not Raining","Night","Head On",2,,,1329252.34,1663874.14
"2021-12472-19/09/2025","PORT AUGUSTA WEST","CC PT.AUGUSTA.",3,1,0,0,1,2021,"January","Sunday","04:20 am",50,"Sealed","Dry","Not Raining","Night","Hit Fixed Object",1,"Y",,1258246.17,1943321.43
"2021-12474-19/09/2025","WALLAROO","COPPER COAST DISTRICT COUNCIL",2,1,0,0,1,2021,"January","Saturday","11:00 am",50,"Sealed","Dry","Not Raining","Daylight","Hit Fixed Object",1,,,1242581.68,1782684.1
"2021-12478-19/09/2025","ELIZABETH","CITY OF PLAYFORD.",2,2,0,0,2,2021,"January","Sunday","11:17 am",50,"Sealed","Dry","Not Raining","Daylight","Right Turn",1,,,1336009.7,1692221.21
"2021-12479-19/09/2025","ELIZABETH GROVE","CITY OF PLAYFORD.",2,2,0,0,2,2021,"January","Sunday","12:23 pm",60,"Sealed","Dry","Not Raining","Daylight","Right Turn",1,,,1335198.86,1691131.45
"2021-12484-19/09/2025","MAYLANDS","CC OF NORWOOD,PAYNEHAM & ST PETERS",2,1,0,0,1,2021,"January","Sunday","02:38 pm",60,"Sealed","Dry","Not Raining","Daylight","Right Angle",2,,,1332210.67,1672447.55
"2021-12486-19/09/2025","SOUTH PLYMPTON","CC MARION.",2,3,0,2,1,2021,"January","Sunday","02:04 pm",60,"Sealed","Dry","Not Raining","Daylight","Head On",1,,"Y",1324280.93,1665104.48
"2021-12488-19/09/2025","GLENELG NORTH","CITY OF HOLDFAST BAY",2,1,0,1,0,2021,"January","Sunday","03:08 pm",50,"Sealed","Dry","Not Raining","Daylight","Right Angle",2,,,1320617.15,1665312.56
"2021-12489-19/09/2025","NAIDIA","LOXTON WAIKERIE DISTRICT COUNCIL",1,1,0,1,0,2021,"January","Sunday","02:48 pm",100,"Unsealed","Dry","Not Raining","Daylight","Roll Over",1,,,1439813.33,1710501.4
"2021-12493-19/09/2025","WILLUNGA HILL","ALEXANDRINA COUNCIL",2,1,0,0,1,2021,"January","Sunday","04:34 pm",100,"Sealed","Dry","Not Raining","Daylight","Roll Over",1,,,1328307.02,1628454.26
"2021-12499-19/09/2025","CHRISTIE DOWNS","CITY OF ONKAPARINGA",2,1,0,1,0,2021,"February","Monday","06:20 am",70,"Sealed","Dry","Not Raining","Night","Hit Pedestrian",2,,,1317925.01,1648605.43
"2021-12500-19/09/2025","MARDEN","CC OF NORWOOD,PAYNEHAM & ST PETERS",2,1,0,0,1,2021,"February","Monday","07:50 am",60,"Sealed","Dry","Not Raining","Daylight","Right Turn",1,,,1331873.74,1674116.49
"2021-12503-19/09/2025","MORPHETT VALE","CITY OF ONKAPARINGA",2,1,0,0,1,2021,"February","Monday","09:15 am",60,"Sealed","Dry","Not Raining","Daylight","Right Angle",2,,,1320761.72,1649855.95
"2021-12506-19/09/2025","HEWETT","LIGHT REGIONAL COUNCIL",1,1,0,0,1,2021,"January","Friday","07:15 am",50,"Sealed","Dry","Not Raining","Daylight","Roll Over",9,,,1343310.07,1708009.36
"2021-12509-19/09/2025","GLENELG SOUTH","CITY OF HOLDFAST BAY",5,2,0,2,0,2021,"February","Monday","09:12 am",60,"Sealed","Dry","Not Raining","Daylight","Side Swipe",1,,"Y",1321038.07,1664084.56
"2021-12510-19/09/2025","PORT PIRIE SOUTH","PT.PIRIE CITY & DIST. COUNCIL",3,2,0,0,2,2021,"February","Monday","12:15 pm",50,"Sealed","Dry","Not Raining","Daylight","Right Angle",1,,,1280040.95,1864069.59
"2021-12515-19/09/2025","MUNNO PARA","CITY OF PLAYFORD.",2,1,0,0,1,2021,"February","Monday","03:15 pm",60,"Sealed","Dry","Not Raining","Daylight","Rear End",2,,,1338150.85,1697760.27
"2021-12518-19/09/2025","PARALOWIE","CITY OF SALISBURY",1,1,0,0,1,2021,"January","Sunday","05:30 am",50,"Sealed","Dry","Not Raining","Night","Roll Over",1,,"Y",1329526.74,1688944.99
"2021-12526-19/09/2025","TORRENSVILLE","CITY OF WEST TORRENS",2,1,0,0,1,2021,"February","Monday","05:57 pm",60,"Sealed","Dry","Not Raining","Daylight","Right Turn",1,,,1325416.27,1672003.04
"2021-12527-19/09/2025","SALISBURY PARK","CITY OF SALISBURY",2,1,0,0,1,2021,"February","Monday","06:07 pm",60,"Sealed","Dry","Not Raining","Daylight","Right Angle",1,,,1334651.26,1688736.48
"2021-12530-19/09/2025","MODBURY NORTH","CITY OF TEA TREE GULLY",2,1,0,0,1,2021,"January","Friday","04:50 pm",60,"Sealed","Dry","Not Raining","Daylight","Side Swipe",2,,,1337551.32,1681925.35
"2021-12537-19/09/2025","GEPPS CROSS","CITY OF PORT ADELAIDE ENFIELD",3,1,0,0,1,2021,"February","Monday","11:35 pm",60,"Sealed","Dry","Not Raining","Night","Rear End",1,,,1328796.23,1679265.08
"2021-12542-19/09/2025","OAKDEN","CITY OF PORT ADELAIDE ENFIELD",4,1,0,0,1,2021,"February","Tuesday","08:11 am",50,"Sealed","Dry","Not Raining","Daylight","Right Angle",2,,,1332025.37,1678802.96
"2021-12546-19/09/2025","MOUNT GAMBIER","CC MT.GAMBIER.",2,2,0,0,2,2021,"February","Tuesday","08:25 am",60,"Sealed","Dry","Not Raining","Daylight","Right Angle",1,,,1507799.22,1340461.95
"2021-12547-19/09/2025","FLINDERS PARK","CITY OF CHARLES STURT",2,1,0,0,1,2021,"February","Tuesday","09:00 am",60,"Sealed","Dry","Not Raining","Daylight","Right Angle",1,,,1324018.92,1672839.01
"2021-12548-19/09/2025","URRBRAE","CC MITCHAM.",2,1,0,0,1,2021,"February","Tuesday","10:03 am",60,"Sealed","Dry","Not Raining","Daylight","Right Angle",2,,,1332043.96,1666329.54
"2021-12550-19/09/2025","PROSPECT","CITY OF PROSPECT",2,1,0,0,1,2021,"February","Monday","05:00 pm",60,"Sealed","Dry","Not Raining","Daylight","Rear End",1,,,1328699.56,1676437.37
"2021-12553-19/09/2025","SEATON","CITY OF CHARLES STURT",2,1,0,0,1,2021,"February","Monday","06:15 pm",60,"Sealed","Dry","Not Raining","Daylight","Side Swipe",2,,,1320741.8,1674689.58
"2021-12554-19/09/2025","WALLAROO","COPPER COAST DISTRICT COUNCIL",1,1,0,0,1,2021,"February","Monday","01:30 pm",100,"Unsealed","Dry","Not Raining","Daylight","Roll Over",1,,"Y",1239020.41,1778781.54
"2021-12555-19/09/2025","VALLEY VIEW","CITY OF TEA TREE GULLY",2,2,0,0,2,2021,"February","Tuesday","10:17 am",60,"Sealed","Dry","Not Raining","Daylight","Rear End",2,,,1335747.46,1679979.88
"2021-12559-19/09/2025","GEPPS CROSS","CITY OF PORT ADELAIDE ENFIELD",2,1,0,0,1,2021,"February","Tuesday","02:26 pm",60,"Sealed","Dry","Not Raining","Daylight","Rear End",2,,,1328997.88,1679583.77
"2021-12565-19/09/2025","SALISBURY DOWNS","CITY OF SALISBURY",2,1,0,0,1,2021,"February","Tuesday","05:50 pm",60,"Sealed","Dry","Not Raining","Daylight","Right Angle",1,,,1332167.06,1687734.92
"2021-12567-19/09/2025","TUSMORE","CITY OF BURNSIDE",2,1,0,1,0,2021,"February","Tuesday","06:53 pm",60,"Sealed","Dry","Not Raining","Daylight","Right Turn",2,"Y",,1333197.69,1669076.37
"2021-12568-19/09/2025","ANDREWS FARM","CITY OF PLAYFORD.",2,1,0,0,1,2021,"February","Tuesday","07:30 pm",50,"Sealed","Dry","Not Raining","Daylight","Right Angle",2,,,1335254.83,1698004.67
"2021-12569-19/09/2025","DARLINGTON","CITY OF ONKAPARINGA",2,1,0,1,0,2021,"February","Tuesday","08:20 pm",80,"Sealed","Dry","Not Raining","Daylight","Hit Fixed Object",1,,,1324300.38,1658789.06
"2021-12572-19/09/2025","PORT AUGUSTA","CC PT.AUGUSTA.",2,1,0,0,1,2021,"February","Tuesday","09:35 pm",80,"Sealed","Dry","Not Raining","Night","Right Turn",1,,,1262757.49,1940031.5
"2021-12573-19/09/2025","HOLDEN HILL","CITY OF TEA TREE GULLY",2,2,0,2,0,2021,"February","Tuesday","11:30 pm",60,"Sealed","Dry","Not Raining","Night","Hit Fixed Object",1,"Y","Y",1335125.18,1678967.19
"2021-12578-19/09/2025","MODBURY NORTH","CITY OF TEA TREE GULLY",1,1,0,0,1,2021,"February","Wednesday","06:40 am",60,"Sealed","Dry","Not Raining","Daylight","Roll Over",9,,,1335688.29,1681182.79
"2021-12581-19/09/2025","ADELAIDE","CITY OF ADELAIDE",2,1,0,0,1,2021,"February","Wednesday","08:30 am",50,"Sealed","Dry","Not Raining","Daylight","Hit Pedestrian",2,,,1328889.24,1671534.96
"2021-12584-19/09/2025","CLAYTON BAY","ALEXANDRINA COUNCIL",1,2,0,0,2,2021,"January","Monday","04:15 pm",80,"Unsealed","Dry","Not Raining","Daylight","Roll Over",1,,,1355850.76,1608858.54
"2021-12585-19/09/2025","STURT","CC MARION.",2,1,0,0,1,2021,"February","Wednesday","08:50 am",60,"Sealed","Dry","Not Raining","Daylight","Rear End",2,,,1323612.77,1660646.04
"2021-12588-19/09/2025","EDWARDSTOWN","CC MITCHAM.",2,1,0,0,1,2021,"February","Tuesday","05:40 pm",60,"Sealed","Dry","Not Raining","Daylight","Rear End",1,,,1325905.11,1665373.24
"2021-12591-19/09/2025","MURRAY BRIDGE","RC MURRAY BRIDGE.",1,1,0,0,1,2021,"February","Wednesday","09:45 am",60,"Sealed","Dry","Not Raining","Daylight","Left Road - Out of Control",1,,,1387317.65,1646395.15
"2021-12596-19/09/2025","HINDMARSH","CITY OF CHARLES STURT",2,2,0,0,2,2021,"February","Wednesday","10:25 am",60,"Sealed","Dry","Not Raining","Daylight","Right Angle",2,,,1325751.39,1673287.71
"2021-12598-19/09/2025","BASKET RANGE","THE ADELAIDE HILLS COUNCIL",1,1,0,1,0,2021,"February","Wednesday","10:05 am",80,"Sealed","Dry","Not Raining","Daylight","Roll Over",1,,,1343658.31,1668305.7
"2021-12599-19/09/2025","TAILEM BEND","COORONG DISTRICT COUNCIL",2,1,0,0,1,2021,"February","Wednesday","12:15 pm",50,"Sealed","Dry","Not Raining","Daylight","Hit Pedestrian",1,,,1404845.61,1631532.76
"2021-12602-19/09/2025","EDWARDSTOWN","CC MARION.",2,1,0,0,1,2021,"February","Wednesday","03:35 pm",50,"Sealed","Dry","Not Raining","Daylight","Right Angle",2,,,1325809.98,1664783.83
"2021-12608-19/09/2025","PARACOMBE","THE ADELAIDE HILLS COUNCIL",2,1,1,0,0,2021,"February","Wednesday","04:14 pm",60,"Sealed","Dry","Not Raining","Daylight","Rear End",2,"Y",,1345669.97,1679422.07
"2021-12609-19/09/2025","INGLE FARM","CITY OF SALISBURY",2,1,0,0,1,2021,"February","Tuesday","11:30 am",60,"Sealed","Dry","Not Raining","Daylight","Rear End",2,,,1333223.27,1680500.84
"2021-12610-19/09/2025","PORT LINCOLN","CC PT.LINCOLN.",2,1,0,0,1,2021,"February","Wednesday","03:22 pm",50,"Sealed","Dry","Not Raining","Daylight","Head On",2,,,1078910.66,1696404.15
"2021-12611-19/09/2025","STURT","CC MARION.",3,1,0,0,1,2021,"February","Wednesday","04:50 pm",60,"Sealed","Dry","Not Raining","Daylight","Rear End",1,,,1324297.63,1660676.94
"2021-12613-19/09/2025","RICHMOND","CITY OF WEST TORRENS",4,1,0,0,1,2021,"February","Wednesday","05:25 pm",60,"Sealed","Dry","Not Raining","Daylight","Rear End",1,,,1325792.44,1669047.01