"REPORT_ID","Suburb","LGA Name","Total Units","Total Cas","Total Fats","Total SI","Total MI","Year","Month","Day","Time","Area Speed","Road Surface","Moisture Cond","Weather Cond","DayNight","Crash Type","Unit Resp","DUI Involved","Drugs Involved","ACCLOC_X","ACCLOC_Y"
"2021-12620-19/09/2025","MEDINDIE","WALKERVILLE TOWN COUNCIL",2,1,0,0,1,2021,"February","Wednesday","05:00 pm",60,"Sealed","Dry","Not Raining","Daylight","Right Angle",1,,,1328746.17,1673528.95
"2021-12622-19/09/2025","TRINITY GARDENS","CITY OF BURNSIDE",4,1,0,0,1,2021,"February","Wednesday","01:01 pm",60,"Sealed","Dry","Not Raining","Daylight","Right Angle",1,,,1332735.62,1671775.85
"2021-12625-19/09/2025","PARA HILLS WEST","CITY OF SALISBURY",2,1,0,0,1,2021,"February","Thursday","09:10 am",60,"Sealed","Dry","Not Raining","Daylight","Hit Pedestrian",2,,,1334074.23,1684492.84
"2021-12629-19/09/2025","ADELAIDE","CITY OF ADELAIDE",2,1,0,0,1,2021,"January","Saturday","11:50 pm",50,"Sealed","Dry","Not Raining","Night","Hit Pedestrian",2,,,1328955.13,1670806.05
"2021-12631-19/09/2025","MAWSON LAKES","CITY OF SALISBURY",2,1,0,0,1,2021,"February","Thursday","07:25 am",60,"Sealed","Dry","Not Raining","Daylight","Rear End",2,,,1329549.75,1684430.78
"2021-12634-19/09/2025","CHAIN OF PONDS","THE ADELAIDE HILLS COUNCIL",2,1,0,0,1,2021,"February","Thursday","10:45 am",80,"Sealed","Wet","Not Raining","Daylight","Head On",1,,,1349083.73,1679837.44
"2021-12636-19/09/2025","DAVOREN PARK","CITY OF PLAYFORD.",2,1,0,0,1,2021,"February","Thursday","01:15 pm",60,"Sealed","Wet","Raining","Daylight","Side Swipe",1,,,1335899.98,1696254.24
"2021-12639-19/09/2025","TANUNDA","THE BAROSSA COUNCIL.",2,1,0,0,1,2021,"February","Thursday","12:05 pm",50,"Sealed","Dry","Not Raining","Daylight","Right Angle",2,,,1362523.42,1714030.59
"2021-12647-19/09/2025","DOVER GARDENS","CC MARION.",3,2,0,0,2,2021,"February","Thursday","03:31 pm",60,"Sealed","Dry","Not Raining","Daylight","Hit Pedestrian",1,,,1322802.52,1659819.76
"2021-12648-19/09/2025","GREENHILL","THE ADELAIDE HILLS COUNCIL",2,1,0,0,1,2021,"February","Thursday","03:30 pm",80,"Sealed","Wet","Not Raining","Daylight","Hit Fixed Object",1,,,1338464.62,1666768.78
"2021-12652-19/09/2025","SALISBURY PLAIN","CITY OF SALISBURY",3,1,0,0,1,2021,"February","Thursday","04:30 pm",80,"Sealed","Dry","Not Raining","Daylight","Rear End",2,,,1335455.1,1688128.4
"2021-12659-19/09/2025","ST CLAIR","CITY OF CHARLES STURT",2,2,0,0,2,2021,"February","Thursday","06:20 pm",50,"Sealed","Wet","Raining","Daylight","Rear End",2,,,1323223.15,1676401.23
"2021-12661-19/09/2025","STEPNEY","CC OF NORWOOD,PAYNEHAM & ST PETERS",2,1,0,0,1,2021,"February","Thursday","03:00 pm",60,"Sealed","Wet","Raining","Daylight","Rear End",2,,,1331184.46,1672495.17
"2021-12664-19/09/2025","GLOBE DERBY PARK","CITY OF SALISBURY",2,2,0,0,2,2021,"February","Thursday","07:50 pm",110,"Sealed","Wet","Raining","Daylight","Hit Fixed Object",1,,,1327126.12,1685735.38
"2021-12666-19/09/2025","NORWOOD","CC OF NORWOOD,PAYNEHAM & ST PETERS",3,2,0,0,2,2021,"February","Thursday","08:41 pm",50,"Sealed","Wet","Raining","Night","Hit Pedestrian",1,,,1331854.55,1671066.92
"2021-12669-19/09/2025","MOUNT GAMBIER","CC MT.GAMBIER.",2,1,0,0,1,2021,"February","Thursday","09:38 pm",50,"Sealed","Wet","Not Raining","Night","Right Angle",2,,,1510531.12,1339730.78
"2021-12671-19/09/2025","MURRAY BRIDGE","RC MURRAY BRIDGE.",2,1,0,1,0,2021,"February","Friday","02:50 am",50,"Sealed","Wet","Raining","Night","Hit Fixed Object",1,"Y",,1389826.2,1646129.37
"2021-12675-19/09/2025","HACKHAM WEST","CITY OF ONKAPARINGA",2,1,0,0,1,2021,"February","Friday","08:52 am",50,"Sealed","Dry","Not Raining","Daylight","Right Turn",2,,,1320662.71,1646973.87
"2021-12685-19/09/2025","HOLDEN HILL","CITY OF PORT ADELAIDE ENFIELD",2,1,0,1,0,2021,"February","Friday","12:29 pm",60,"Sealed","Wet","Raining","Daylight","Hit Pedestrian",1,,,1333963.39,1677962.96
"2021-12691-19/09/2025","HAPPY VALLEY","CITY OF ONKAPARINGA",2,1,0,0,1,2021,"February","Friday","03:33 pm",50,"Sealed","Dry","Not Raining","Daylight","Right Angle",1,,,1326923.58,1653521.31
"2021-12692-19/09/2025","KENT TOWN","CC OF NORWOOD,PAYNEHAM & ST PETERS",2,1,0,0,1,2021,"February","Friday","03:44 pm",60,"Sealed","Wet","Raining","Daylight","Hit Pedestrian",2,,,1330077.32,1670839.01
"2021-12697-19/09/2025","ROSTREVOR","CC CAMPBELLTOWN.",2,1,0,0,1,2021,"February","Friday","02:20 pm",50,"Sealed","Wet","Raining","Daylight","Right Angle",2,,,1336061.39,1673887.96
"2021-12698-19/09/2025","HILLIER","CT GAWLER.",2,2,0,0,2,2021,"February","Friday","04:41 pm",90,"Sealed","Wet","Not Raining","Daylight","Rear End",1,,,1336900.28,1702626.19
"2021-12699-19/09/2025","SALISBURY PARK","CITY OF SALISBURY",3,1,0,0,1,2021,"February","Friday","05:35 pm",80,"Sealed","Wet","Unknown","Daylight","Roll Over",1,,"Y",1335467.2,1688143.98
"2021-12700-19/09/2025","BEAUFORT","WAKEFIELD REGIONAL COUNCIL",3,2,0,0,2,2021,"February","Friday","03:10 pm",110,"Sealed","Dry","Not Raining","Daylight","Rear End",2,,,1294279.93,1763933.13
"2021-12702-19/09/2025","HILTON","CITY OF WEST TORRENS",3,1,0,0,1,2021,"February","Friday","06:00 pm",60,"Sealed","Dry","Not Raining","Daylight","Rear End",1,,,1325777.47,1670088.72
"2021-12708-19/09/2025","ADELAIDE","CITY OF ADELAIDE",3,1,0,0,1,2021,"February","Friday","04:04 pm",60,"Sealed","Wet","Raining","Daylight","Right Turn",1,,,1327377.74,1670639.77
"2021-12711-19/09/2025","WUDINNA","DC WUDINNA. (DC LE HUNTE.)",1,1,0,1,0,2021,"February","Saturday","02:05 am",50,"Sealed","Wet","Raining","Night","Roll Over",1,"Y",,1043710.82,1884204.02
"2021-12716-19/09/2025","OVINGHAM","CITY OF CHARLES STURT",3,2,0,0,2,2021,"February","Saturday","09:18 am",60,"Sealed","Wet","Not Raining","Daylight","Right Angle",2,,,1327121.41,1673280.8
"2021-12722-19/09/2025","BLAKEVIEW","CITY OF PLAYFORD.",2,2,0,2,0,2021,"February","Saturday","11:29 am",60,"Sealed","Wet","Not Raining","Daylight","Right Angle",2,,,1338571.36,1697465.71
"2021-12726-19/09/2025","MARBLE HILL","THE ADELAIDE HILLS COUNCIL",2,1,0,1,0,2021,"February","Tuesday","06:30 am",80,"Sealed","Dry","Not Raining","Night","Hit Animal",2,,,1342345.63,1670494.24
"2021-12730-19/09/2025","WOODVILLE NORTH","CITY OF CHARLES STURT",2,1,0,0,1,2021,"February","Friday","05:25 pm",60,"Sealed","Dry","Not Raining","Daylight","Rear End",2,,,1323965.31,1676436.91
"2021-12734-19/09/2025","CROYDON","CITY OF CHARLES STURT",5,3,0,0,3,2021,"February","Saturday","02:50 pm",80,"Sealed","Dry","Not Raining","Daylight","Rear End",1,,,1325594.45,1673893.57
"2021-12736-19/09/2025","MODBURY","CITY OF TEA TREE GULLY",2,1,0,0,1,2021,"February","Saturday","05:40 pm",60,"Sealed","Dry","Not Raining","Daylight","Rear End",2,,,1336879.26,1680835.19
"2021-12739-19/09/2025","IRONBANK","THE ADELAIDE HILLS COUNCIL",2,1,0,0,1,2021,"February","Saturday","06:00 pm",80,"Sealed","Wet","Not Raining","Daylight","Hit Fixed Object",1,,,1337313.3,1657122.37
"2021-12743-19/09/2025","ROBERTSTOWN","REGIONAL COUNCIL OF GOYDER",2,1,0,1,0,2021,"February","Sunday","02:15 am",100,"Sealed","Dry","Not Raining","Night","Hit Fixed Object",1,"Y",,1377800.12,1775113.71
"2021-12746-19/09/2025","HENLEY BEACH SOUTH","CITY OF CHARLES STURT",2,1,0,0,1,2021,"February","Sunday","09:30 am",60,"Sealed","Dry","Not Raining","Daylight","Head On",1,,,1319049.7,1670534.51
"2021-12751-19/09/2025","SALISBURY EAST","CITY OF SALISBURY",2,1,0,0,1,2021,"February","Sunday","12:00 pm",60,"Sealed","Dry","Not Raining","Daylight","Rear End",1,,,1334189.82,1684652.72
"2021-12752-19/09/2025","MENZIES","KANGAROO ISLAND COUNCIL",1,2,0,0,2,2021,"February","Sunday","01:45 pm",100,"Unsealed","Dry","Not Raining","Daylight","Roll Over",1,,,1215834.45,1583933.39
"2021-12754-19/09/2025","EDINBURGH","CITY OF SALISBURY",2,1,0,0,1,2021,"February","Sunday","02:10 pm",60,"Sealed","Dry","Not Raining","Daylight","Hit Fixed Object",9,,,1332545.13,1692012.01
"2021-12756-19/09/2025","MOUNT BARKER","DC MT.BARKER.",2,1,0,0,1,2021,"February","Sunday","01:35 pm",50,"Sealed","Dry","Not Raining","Daylight","Right Angle",2,,,1352918.11,1652005.47
"2021-12757-19/09/2025","PARA HILLS WEST","CITY OF SALISBURY",2,2,0,0,2,2021,"February","Sunday","03:10 pm",60,"Sealed","Dry","Not Raining","Daylight","Right Angle",1,,,1333434.52,1683702.92
"2021-12759-19/09/2025","CRAIGMORE","CITY OF PLAYFORD.",2,1,0,0,1,2021,"February","Saturday","06:50 am",60,"Sealed","Dry","Not Raining","Daylight","Right Angle",1,,,1338397.88,1694502.8
"2021-12760-19/09/2025","LONSDALE","CITY OF ONKAPARINGA",2,1,0,0,1,2021,"February","Sunday","05:28 pm",50,"Sealed","Dry","Not Raining","Daylight","Right Angle",1,,,1319371.92,1650499.32
"2021-12761-19/09/2025","FINNISS","ALEXANDRINA COUNCIL",2,1,0,0,1,2021,"February","Sunday","02:50 pm",100,"Sealed","Dry","Not Raining","Daylight","Hit Fixed Object",1,"Y",,1347170.02,1623304.76
"2021-12764-19/09/2025","HUNTFIELD HEIGHTS","CITY OF ONKAPARINGA",2,1,0,0,1,2021,"February","Sunday","05:00 pm",50,"Unsealed","Dry","Not Raining","Daylight","Rear End",1,,,1319906.29,1644898.15
"2021-12766-19/09/2025","ELIZABETH PARK","CITY OF PLAYFORD.",2,1,0,0,1,2021,"February","Sunday","02:00 pm",80,"Sealed","Dry","Not Raining","Daylight","Rear End",2,,,1336037.82,1693804.1
"2021-12770-19/09/2025","BURTON","CITY OF SALISBURY",2,2,0,0,2,2021,"February","Monday","03:45 am",90,"Sealed","Dry","Not Raining","Night","Right Turn",2,,,1327911.27,1691015.85
"2021-12772-19/09/2025","CRAFERS WEST","THE ADELAIDE HILLS COUNCIL",5,1,0,0,1,2021,"February","Monday","07:47 am",90,"Sealed","Dry","Not Raining","Daylight","Rear End",1,,,1335963.92,1664178.11
"2021-12773-19/09/2025","POORAKA","CITY OF SALISBURY",2,1,0,0,1,2021,"February","Monday","11:08 am",70,"Sealed","Dry","Not Raining","Daylight","Right Angle",1,,,1331418,1681822.24
"2021-12774-19/09/2025","EVANDALE","CC OF NORWOOD,PAYNEHAM & ST PETERS",2,1,0,1,0,2021,"February","Monday","09:20 am",60,"Sealed","Dry","Not Raining","Daylight","Right Turn",1,,,1331437.59,1672830.84
"2021-12777-19/09/2025","HOPE VALLEY","CITY OF TEA TREE GULLY",2,1,0,0,1,2021,"February","Monday","02:55 pm",60,"Sealed","Dry","Not Raining","Daylight","Right Angle",1,,,1338301.73,1679514.98
"2021-12782-19/09/2025","CEDUNA","DC CEDUNA",2,2,0,0,2,2021,"February","Monday","12:55 pm",60,"Sealed","Dry","Not Raining","Daylight","Right Angle",1,,,875288.98,1985292.75
"2021-12785-19/09/2025","POORAKA","CITY OF SALISBURY",2,2,0,0,2,2021,"February","Monday","04:05 pm",70,"Sealed","Dry","Not Raining","Daylight","Right Turn",2,,,1331898.14,1681814.67
"2021-12789-19/09/2025","COONDAMBO",,1,1,0,1,0,2021,"February","Monday","01:20 pm",110,"Sealed","Dry","Not Raining","Daylight","Roll Over",1,,"Y",1061040.6,2124188.38
"2021-12790-19/09/2025","TRANMERE","CC CAMPBELLTOWN.",1,1,0,1,0,2021,"February","Friday","12:57 pm",50,"Sealed","Wet","Raining","Daylight","Roll Over",1,,,1334510.5,1672511.43
"2021-12792-19/09/2025","CHRISTIE DOWNS","CITY OF ONKAPARINGA",2,1,0,0,1,2021,"February","Monday","04:05 pm",60,"Sealed","Dry","Not Raining","Daylight","Right Turn",1,,,1318484.22,1648627.93
"2021-12793-19/09/2025","STEPNEY","CC OF NORWOOD,PAYNEHAM & ST PETERS",2,1,0,0,1,2021,"February","Monday","03:30 pm",60,"Sealed","Dry","Not Raining","Daylight","Rear End",2,,,1331214.94,1672534.17
"2021-12796-19/09/2025","FLINDERS PARK","CITY OF CHARLES STURT",2,1,0,0,1,2021,"February","Monday","06:40 pm",60,"Sealed","Dry","Not Raining","Daylight","Side Swipe",1,,,1324271.33,1673181.44
"2021-12806-19/09/2025","GLENSIDE","CITY OF BURNSIDE",2,1,0,0,1,2021,"February","Tuesday","11:05 am",50,"Sealed","Dry","Not Raining","Daylight","Hit Parked Vehicle",1,,,1331686.45,1668548.84
"2021-12810-19/09/2025","MITCHAM","CC MITCHAM.",1,1,0,0,1,2021,"February","Tuesday","12:25 pm",60,"Sealed","Dry","Not Raining","Daylight","Roll Over",1,,,1330547.11,1664769.56
"2021-12811-19/09/2025","POORAKA","CITY OF SALISBURY",3,1,0,0,1,2021,"February","Monday","04:20 pm",70,"Sealed","Dry","Not Raining","Daylight","Rear End",1,,,1331982.93,1681813.09
"2021-12816-19/09/2025","MUNNO PARA","CITY OF PLAYFORD.",2,2,0,0,2,2021,"February","Tuesday","03:05 pm",60,"Sealed","Dry","Not Raining","Daylight","Right Turn",1,,,1336690.92,1698532.16
"2021-12822-19/09/2025","NORTH ADELAIDE","CITY OF ADELAIDE",2,1,0,0,1,2021,"February","Tuesday","10:00 am",50,"Sealed","Dry","Not Raining","Daylight","Hit Pedestrian",2,,,1327575.49,1672884.03
"2021-12823-19/09/2025","TORRENS PARK","CC MITCHAM.",2,1,0,0,1,2021,"February","Tuesday","04:25 pm",60,"Sealed","Dry","Not Raining","Daylight","Side Swipe",1,,,1329339.81,1663987.59
"2021-12827-19/09/2025","SALISBURY","CITY OF SALISBURY",2,1,0,0,1,2021,"February","Tuesday","05:40 pm",60,"Sealed","Dry","Not Raining","Daylight","Hit Pedestrian",2,,,1332553.12,1688795.42
"2021-12828-19/09/2025","ADELAIDE","CITY OF ADELAIDE",2,1,0,0,1,2021,"February","Tuesday","04:50 pm",60,"Sealed","Dry","Not Raining","Daylight","Rear End",2,,,1327350.53,1670803.1
"2021-12829-19/09/2025","PARKSIDE","CITY OF UNLEY",1,1,0,0,1,2021,"February","Tuesday","06:30 pm",60,"Sealed","Dry","Not Raining","Daylight","Roll Over",1,,,1329448.01,1668974.51
"2021-12830-19/09/2025","VALLEY VIEW","CITY OF TEA TREE GULLY",3,1,0,0,1,2021,"February","Tuesday","06:09 pm",60,"Sealed","Dry","Not Raining","Daylight","Rear End",1,,,1335279.25,1679398.78
"2021-12831-19/09/2025","EDWARDSTOWN","CC MARION.",3,1,0,0,1,2021,"February","Tuesday","09:40 am",60,"Sealed","Dry","Not Raining","Daylight","Rear End",1,,,1325878.56,1665968.75
"2021-12835-19/09/2025","HENLEY BEACH","CITY OF CHARLES STURT",2,1,0,0,1,2021,"February","Tuesday","02:40 pm",50,"Sealed","Dry","Not Raining","Daylight","Rear End",1,,,1318888.76,1672357.63
"2021-12839-19/09/2025","CYGNET RIVER","KANGAROO ISLAND COUNCIL",2,7,0,3,4,2021,"February","Tuesday","06:05 pm",100,"Unsealed","Dry","Not Raining","Daylight","Hit Fixed Object",1,,,1227961.29,1588134.38
"2021-12842-19/09/2025","GLANDORE","CITY OF WEST TORRENS",2,1,0,0,1,2021,"February","Wednesday","07:30 am",50,"Sealed","Dry","Not Raining","Daylight","Right Angle",2,,,1325626.3,1667090.2
"2021-12843-19/09/2025","ELIZABETH VALE","CITY OF PLAYFORD.",2,1,0,0,1,2021,"February","Wednesday","08:18 am",60,"Sealed","Dry","Not Raining","Daylight","Rear End",1,,,1335254.54,1690056.88
"2021-12849-19/09/2025","MOUNT GAMBIER","CC MT.GAMBIER.",2,1,0,0,1,2021,"February","Tuesday","10:00 am",50,"Sealed","Dry","Not Raining","Daylight","Hit Fixed Object",1,,,1509596.17,1342113.72
"2021-12856-19/09/2025","ELIZABETH PARK","CITY OF PLAYFORD.",2,1,0,0,1,2021,"February","Friday","03:15 pm",80,"Sealed","Wet","Raining","Daylight","Rear End",2,,,1336482.32,1694632.45
"2021-12861-19/09/2025","FINNISS","ALEXANDRINA COUNCIL",2,2,0,0,2,2021,"February","Wednesday","10:00 am",100,"Unsealed","Dry","Not Raining","Daylight","Right Angle",1,,,1345954.29,1621474.12
"2021-12863-19/09/2025","SEAFORD MEADOWS","CITY OF ONKAPARINGA",2,1,0,0,1,2021,"February","Wednesday","02:40 pm",60,"Sealed","Dry","Not Raining","Daylight","Rear End",2,,,1316628.01,1642783.72
"2021-12864-19/09/2025","PROSPECT","CITY OF PROSPECT",3,1,0,0,1,2021,"February","Wednesday","12:28 pm",60,"Sealed","Dry","Not Raining","Daylight","Rear End",1,,,1328258.02,1676427.95
"2021-12866-19/09/2025","BLACKWOOD","CC MITCHAM.",2,1,0,0,1,2021,"February","Wednesday","08:30 am",60,"Sealed","Dry","Not Raining","Daylight","Rear End",2,,,1330256.81,1661091.78
"2021-12867-19/09/2025","ELIZABETH NORTH","CITY OF PLAYFORD.",2,1,0,0,1,2021,"February","Wednesday","03:15 pm",50,"Sealed","Dry","Not Raining","Daylight","Rear End",2,,,1336094.96,1694851.09
"2021-12868-19/09/2025","SHEIDOW PARK","CC MARION.",2,3,0,0,3,2021,"February","Wednesday","07:50 am",50,"Sealed","Dry","Not Raining","Daylight","Right Angle",2,,,1322169.56,1653904.32
"2021-12869-19/09/2025","WELLAND","CITY OF CHARLES STURT",2,1,0,0,1,2021,"February","Wednesday","03:46 pm",60,"Sealed","Dry","Not Raining","Daylight","Right Angle",2,,,1324861.57,1673197.21
"2021-12876-19/09/2025","SALISBURY PLAIN","CITY OF SALISBURY",3,1,0,0,1,2021,"February","Wednesday","05:15 pm",60,"Sealed","Dry","Not Raining","Daylight","Rear End",2,,,1334701,1688697.02
"2021-12879-19/09/2025","SALISBURY PARK","CITY OF SALISBURY",3,1,0,0,1,2021,"February","Wednesday","05:00 pm",60,"Sealed","Dry","Not Raining","Daylight","Rear End",1,,,1335167.19,1688334.45
"2021-12880-19/09/2025","KENSINGTON PARK","CITY OF BURNSIDE",1,1,0,0,1,2021,"January","Thursday","08:25 am",50,"Sealed","Dry","Not Raining","Daylight","Roll Over",1,,,1333164.48,1671441.41
"2021-12890-19/09/2025","BRIGHTON","CITY OF HOLDFAST BAY",2,1,0,1,0,2021,"February","Wednesday","07:00 pm",60,"Sealed","Dry","Not Raining","Daylight","Right Turn",2,,,1321122.61,1661196.6
"2021-12892-19/09/2025","BEDFORD PARK","CC MITCHAM.",2,1,0,0,1,2021,"February","Tuesday","06:05 pm",50,"Sealed","Dry","Not Raining","Daylight","Right Angle",1,,,1325326.93,1659667.11
"2021-12893-19/09/2025","MOUNT BARKER","DC MT.BARKER.",1,1,0,0,1,2021,"February","Wednesday","06:37 pm",80,"Sealed","Dry","Not Raining","Daylight","Left Road - Out of Control",1,,,1349990.14,1653398.04
"2021-12896-19/09/2025","MCLAREN VALE","CITY OF ONKAPARINGA",2,1,0,0,1,2021,"February","Wednesday","08:38 pm",100,"Sealed","Dry","Not Raining","Night","Hit Animal",2,,,1320515.18,1638646.21
"2021-12898-19/09/2025","INMAN VALLEY","DC VICTOR HARBOR.",2,1,0,1,0,2021,"February","Monday","08:10 pm",100,"Sealed","Dry","Not Raining","Daylight","Hit Animal",2,,,1318665.96,1607912.15
"2021-12899-19/09/2025","CRAIGMORE","CITY OF PLAYFORD.",3,4,0,0,4,2021,"February","Wednesday","08:45 pm",50,"Sealed","Dry","Not Raining","Night","Roll Over",1,,,1338744.14,1693800.94
"2021-12900-19/09/2025","RIVERTON","CLARE AND GILBERT VALLEYS DISTRICT COUNCIL",2,1,0,0,1,2021,"February","Wednesday","02:15 pm",100,"Sealed","Dry","Not Raining","Daylight","Hit Fixed Object",1,,,1344189.77,1749998.02
"2021-12906-19/09/2025","MITCHELL PARK","CC MARION.",2,1,0,0,1,2021,"February","Thursday","09:40 am",60,"Sealed","Dry","Not Raining","Daylight","Right Angle",1,,,1324380.03,1661734.89
"2021-12911-19/09/2025","MITCHELL PARK","CC MARION.",2,1,0,0,1,2021,"February","Wednesday","10:00 pm",60,"Sealed","Dry","Not Raining","Night","Rear End",2,,,1324363.47,1662307.5
"2021-12914-19/09/2025","TORRENS PARK","CC MITCHAM.",3,2,0,0,2,2021,"February","Thursday","11:15 am",60,"Sealed","Dry","Not Raining","Daylight","Right Turn",1,,,1329495.62,1664216.85
"2021-12920-19/09/2025","GLENALTA","CC MITCHAM.",2,1,0,0,1,2021,"February","Wednesday","05:40 pm",60,"Sealed","Dry","Not Raining","Daylight","Right Angle",2,,,1330346.42,1661329.3
"2021-12921-19/09/2025","EDINBURGH NORTH","CITY OF PLAYFORD.",2,1,0,0,1,2021,"February","Thursday","02:45 pm",60,"Sealed","Dry","Not Raining","Daylight","Right Angle",1,,,1334921.32,1694319.84
"2021-12925-19/09/2025","ELIZABETH EAST","CITY OF PLAYFORD.",2,1,0,0,1,2021,"February","Thursday","11:15 am",60,"Sealed","Dry","Not Raining","Daylight","Rear End",2,,,1336200.57,1692251.89
"2021-12926-19/09/2025","ROSTREVOR","CC CAMPBELLTOWN.",2,3,0,0,3,2021,"February","Thursday","03:00 pm",60,"Sealed","Dry","Not Raining","Daylight","Right Angle",1,,,1335441.89,1673376.99
"2021-12929-19/09/2025","OLD NOARLUNGA","CITY OF ONKAPARINGA",2,1,0,0,1,2021,"February","Thursday","03:55 pm",50,"Sealed","Dry","Not Raining","Daylight","Right Angle",2,,,1318357.96,1642977.27
"2021-12937-19/09/2025","ONE TREE HILL","CITY OF PLAYFORD.",2,2,0,0,2,2021,"February","Thursday","07:08 pm",100,"Sealed","Dry","Not Raining","Daylight","Hit Fixed Object",9,,,1342982.12,1693619.44
"2021-12942-19/09/2025","PASADENA","CC MITCHAM.",2,1,0,1,0,2021,"February","Friday","04:15 am",60,"Sealed","Dry","Not Raining","Night","Hit Fixed Object",1,"Y",,1327605.69,1662934.58
"2021-12943-19/09/2025","YAMBA","DC RENMARK PARINGA",1,1,0,0,1,2021,"February","Thursday","02:25 pm",110,"Sealed","Dry","Not Raining","Daylight","Left Road - Out of Control",1,,,1545011.95,1733355.9
"2021-12948-19/09/2025","ADELAIDE","CITY OF ADELAIDE",2,1,0,0,1,2021,"February","Thursday","11:35 am",50,"Sealed","Dry","Not Raining","Daylight","Right Turn",1,,,1329056.26,1669586.88
"2021-12951-19/09/2025","ELIZABETH VALE","CITY OF PLAYFORD.",2,2,0,1,1,2021,"February","Friday","11:41 am",60,"Sealed","Dry","Not Raining","Daylight","Right Turn",2,,,1334754.51,1689901.6
"2021-12953-19/09/2025","BOWDEN","CITY OF CHARLES STURT",2,1,0,0,1,2021,"February","Friday","12:40 pm",60,"Sealed","Dry","Not Raining","Daylight","Rear End",2,,,1326673.39,1672850.22
"2021-12954-19/09/2025","STURT","CC MARION.",3,1,0,0,1,2021,"February","Friday","01:10 pm",60,"Sealed","Dry","Not Raining","Daylight","Side Swipe",2,,,1323639.4,1660646.99
"2021-12957-19/09/2025","ST MORRIS","CC OF NORWOOD,PAYNEHAM & ST PETERS",3,2,0,0,2,2021,"February","Friday","01:08 pm",40,"Sealed","Dry","Not Raining","Daylight","Right Angle",2,,,1333236.79,1672067.23
"2021-12959-19/09/2025","BELAIR","CC MITCHAM.",2,1,0,0,1,2021,"February","Friday","02:07 pm",60,"Sealed","Dry","Not Raining","Daylight","Hit Fixed Object",1,,,1330503.05,1661906.53
"2021-12963-19/09/2025","DRY CREEK","CITY OF PORT ADELAIDE ENFIELD",3,1,0,0,1,2021,"February","Friday","03:00 pm",70,"Sealed","Dry","Not Raining","Daylight","Rear End",1,,,1328276.55,1680288.69
"2021-12965-19/09/2025","VIRGINIA","CITY OF PLAYFORD.",2,1,0,0,1,2021,"February","Tuesday","06:30 pm",60,"Sealed","Dry","Not Raining","Daylight","Right Angle",2,,,1326801.24,1696478.44
"2021-12969-19/09/2025","GAWLER SOUTH","CT GAWLER.",2,1,0,0,1,2021,"February","Friday","12:00 pm",50,"Sealed","Dry","Not Raining","Daylight","Rear End",2,,,1343088.4,1705805.71
"2021-12973-19/09/2025","YUNTA",,1,1,0,0,1,2021,"February","Thursday","03:00 pm",100,"Unsealed","Wet","Not Raining","Daylight","Roll Over",1,,,1427278.33,1927777.41
"2021-12976-19/09/2025","FLINDERS PARK","CITY OF CHARLES STURT",2,1,0,0,1,2021,"February","Thursday","10:00 am",40,"Sealed","Dry","Not Raining","Daylight","Side Swipe",2,,,1323560.88,1673031.01
"2021-12978-19/09/2025","MAMBRAY CREEK","DC MT.REMARKABLE.",2,1,0,0,1,2021,"February","Friday","04:54 pm",110,"Sealed","Dry","Not Raining","Daylight","Right Angle",1,,,1278454.81,1902039.65
"2021-12980-19/09/2025","BROWN HILL CREEK","CC MITCHAM.",2,2,0,2,0,2021,"February","Saturday","12:03 am",40,"Sealed","Dry","Not Raining","Night","Hit Fixed Object",1,,,1331453.55,1663349.14
"2021-12981-19/09/2025","MEDINDIE","WALKERVILLE TOWN COUNCIL",4,1,0,0,1,2021,"February","Saturday","09:30 am",60,"Sealed","Dry","Not Raining","Daylight","Rear End",1,,,1328765.23,1674074.14
"2021-12989-19/09/2025","TANUNDA","THE BAROSSA COUNCIL.",2,1,0,1,0,2021,"February","Saturday","09:40 am",90,"Sealed","Dry","Not Raining","Daylight","Rear End",2,,,1362133.46,1711885.52
"2021-12990-19/09/2025","POORAKA","CITY OF SALISBURY",3,2,0,0,2,2021,"February","Saturday","11:20 am",80,"Sealed","Dry","Not Raining","Daylight","Rear End",1,,,1331355.58,1682914.63
"2021-12991-19/09/2025","TRANMERE","CC CAMPBELLTOWN.",3,1,0,0,1,2021,"February","Saturday","12:30 pm",60,"Sealed","Dry","Not Raining","Daylight","Right Angle",2,,,1333815.22,1673627.37
"2021-12995-19/09/2025","MUNNO PARA","CITY OF PLAYFORD.",2,1,0,1,0,2021,"February","Saturday","01:35 pm",80,"Sealed","Dry","Not Raining","Daylight","Right Angle",2,,,1338215.81,1697721.36
"2021-12996-19/09/2025","HOLDEN HILL","CITY OF PORT ADELAIDE ENFIELD",2,1,0,0,1,2021,"February","Saturday","12:05 pm",60,"Sealed","Dry","Not Raining","Daylight","Right Angle",1,,,1333963.39,1677962.96