"REPORT_ID","Suburb","LGA Name","Total Units","Total Cas","Total Fats","Total SI","Total MI","Year","Month","Day","Time","Area Speed","Road Surface","Moisture Cond","Weather Cond","DayNight","Crash Type","Unit Resp","DUI Involved","Drugs Involved","ACCLOC_X","ACCLOC_Y"
"2021-12999-19/09/2025","PROSPECT","CITY OF PROSPECT",2,1,0,0,1,2021,"February","Saturday","12:30 pm",60,"Sealed","Dry","Not Raining","Daylight","Rear End",2,,,1327270.24,1675028.76
"2021-13000-19/09/2025","EASTWOOD","CITY OF BURNSIDE",3,1,0,0,1,2021,"February","Saturday","05:00 pm",60,"Sealed","Dry","Not Raining","Daylight","Rear End",1,,,1330018.15,1668988.98
"2021-13003-19/09/2025","WILLASTON","CT GAWLER.",4,1,0,0,1,2021,"February","Saturday","07:15 pm",50,"Sealed","Dry","Not Raining","Daylight","Hit Fixed Object",1,,,1342066.98,1707677.08
"2021-13004-19/09/2025","DRY CREEK","CITY OF PORT ADELAIDE ENFIELD",2,1,0,0,1,2021,"February","Friday","03:30 pm",60,"Sealed","Dry","Not Raining","Daylight","Rear End",2,,,1327105,1679211.04
"2021-13007-19/09/2025","ANGASTON","THE BAROSSA COUNCIL.",3,1,1,0,0,2021,"February","Saturday","09:00 pm",100,"Sealed","Dry","Not Raining","Night","Roll Over",1,,,1370634.76,1712657.32
"2021-13009-19/09/2025","ROBE","DC ROBE.",1,1,0,0,1,2021,"February","Saturday","07:40 pm",100,"Unsealed","Dry","Not Raining","Daylight","Roll Over",1,,"Y",1427811.73,1418401.87
"2021-13012-19/09/2025","BROWNLOW KI","KANGAROO ISLAND COUNCIL",3,1,0,0,1,2021,"February","Sunday","01:50 am",50,"Sealed","Dry","Not Raining","Night","Hit Fixed Object",1,"Y",,1235813.62,1590933.79
"2021-13013-19/09/2025","LEAWOOD GARDENS","CC MITCHAM.",2,1,0,0,1,2021,"February","Saturday","01:00 pm",60,"Sealed","Dry","Not Raining","Daylight","Hit Fixed Object",1,,,1334512.11,1665783.02
"2021-13016-19/09/2025","MODBURY NORTH","CITY OF TEA TREE GULLY",3,2,0,1,1,2021,"February","Sunday","11:00 am",80,"Sealed","Dry","Not Raining","Daylight","Right Angle",1,,,1335950.3,1682345.28
"2021-13018-19/09/2025","TEA TREE GULLY","CITY OF TEA TREE GULLY",2,1,0,1,0,2021,"February","Sunday","11:25 am",60,"Sealed","Dry","Not Raining","Daylight","Right Angle",1,,,1340865.08,1681787.01
"2021-13024-19/09/2025","KESWICK","CITY OF WEST TORRENS",3,1,0,0,1,2021,"February","Sunday","12:59 pm",60,"Sealed","Dry","Not Raining","Daylight","Hit Fixed Object",1,,,1325805.32,1668947.85
"2021-13026-19/09/2025","LAURA","NORTHERN AREAS DISTRICT COUNCIL",2,1,0,0,1,2021,"February","Sunday","12:58 pm",60,"Sealed","Dry","Not Raining","Daylight","Hit Fixed Object",1,,,1307134,1863366.45
"2021-13027-19/09/2025","BUCHFELDE","LIGHT REGIONAL COUNCIL",1,1,0,0,1,2021,"February","Sunday","02:10 pm",60,"Sealed","Dry","Not Raining","Daylight","Roll Over",1,,,1341112.54,1705798.05
"2021-13028-19/09/2025","ONKAPARINGA HILLS","CITY OF ONKAPARINGA",2,1,0,0,1,2021,"February","Saturday","08:05 pm",80,"Sealed","Dry","Not Raining","Daylight","Hit Animal",2,,,1326744.49,1650141.17
"2021-13032-19/09/2025","RISDON PARK","PT.PIRIE CITY & DIST. COUNCIL",2,1,0,0,1,2021,"February","Sunday","04:00 pm",50,"Sealed","Dry","Not Raining","Daylight","Side Swipe",1,,,1279441.95,1863661.7
"2021-13033-19/09/2025","ELIZABETH DOWNS","CITY OF PLAYFORD.",2,1,0,0,1,2021,"February","Sunday","05:45 pm",80,"Sealed","Dry","Not Raining","Daylight","Side Swipe",1,,,1337615.45,1696599.46
"2021-13037-19/09/2025","D'ESTREES BAY","KANGAROO ISLAND COUNCIL",1,1,0,0,1,2021,"February","Sunday","05:30 pm",100,"Unsealed","Dry","Not Raining","Daylight","Roll Over",1,"Y","Y",1234382.98,1559863.19
"2021-13039-19/09/2025","NOVAR GARDENS","CITY OF WEST TORRENS",2,1,0,0,1,2021,"February","Sunday","11:21 pm",60,"Sealed","Dry","Not Raining","Night","Hit Fixed Object",1,"Y",,1322616.15,1666086.56
"2021-13041-19/09/2025","WAIKERIE","LOXTON WAIKERIE DISTRICT COUNCIL",2,1,0,0,1,2021,"February","Monday","12:20 am",100,"Sealed","Dry","Not Raining","Night","Hit Fixed Object",1,"Y","Y",1456928.15,1745836.42
"2021-13042-19/09/2025","SUMMERTOWN","THE ADELAIDE HILLS COUNCIL",2,1,0,0,1,2021,"February","Saturday","11:20 am",80,"Sealed","Dry","Not Raining","Daylight","Rear End",2,,,1340072.18,1667089.54
"2021-13044-19/09/2025","ONKAPARINGA HILLS","CITY OF ONKAPARINGA",1,2,0,0,2,2021,"February","Sunday","04:48 pm",80,"Sealed","Dry","Not Raining","Daylight","Roll Over",1,,,1324877.13,1647462.56
"2021-13045-19/09/2025","MURRAY BRIDGE","RC MURRAY BRIDGE.",2,1,0,1,0,2021,"February","Monday","04:30 am",50,"Sealed","Dry","Not Raining","Night","Hit Fixed Object",1,,,1389543.01,1647222.04
"2021-13047-19/09/2025","TOOPERANG","ALEXANDRINA COUNCIL",2,3,0,1,2,2021,"February","Sunday","01:00 pm",100,"Sealed","Dry","Not Raining","Daylight","Right Angle",1,,,1341727.75,1618063.78
"2021-13052-19/09/2025","PORT AUGUSTA","CC PT.AUGUSTA.",2,1,0,1,0,2021,"February","Monday","08:20 am",50,"Sealed","Dry","Not Raining","Daylight","Side Swipe",2,,,1259179.54,1942453.76
"2021-13054-19/09/2025","RENOWN PARK","CITY OF CHARLES STURT",2,1,0,0,1,2021,"February","Wednesday","11:45 am",60,"Sealed","Dry","Not Raining","Daylight","Rear End",2,,,1325878.11,1674919.2
"2021-13056-19/09/2025","ST MARYS","CC MITCHAM.",2,1,0,0,1,2021,"February","Friday","07:39 am",70,"Sealed","Dry","Not Raining","Daylight","Rear End",2,,,1326691.96,1661296.16
"2021-13059-19/09/2025","CHANDLERS HILL","CITY OF ONKAPARINGA",2,1,0,1,0,2021,"February","Monday","10:30 am",70,"Sealed","Dry","Not Raining","Daylight","Right Angle",1,,,1330046.27,1651824.89
"2021-13063-19/09/2025","MOUNT TORRENS","THE ADELAIDE HILLS COUNCIL",2,1,0,1,0,2021,"February","Monday","10:30 am",100,"Sealed","Dry","Not Raining","Daylight","Side Swipe",1,,,1359312.22,1674357.49
"2021-13065-19/09/2025","KANGARILLA","CITY OF ONKAPARINGA",2,1,0,0,1,2021,"February","Monday","10:30 am",80,"Sealed","Dry","Not Raining","Daylight","Hit Fixed Object",1,,,1334151.07,1644974.44
"2021-13066-19/09/2025","NORWOOD","CC OF NORWOOD,PAYNEHAM & ST PETERS",2,1,0,0,1,2021,"February","Monday","03:15 pm",50,"Sealed","Dry","Not Raining","Daylight","Hit Pedestrian",1,,,1331815.83,1671076.88
"2021-13069-19/09/2025","MAGILL","CC CAMPBELLTOWN.",2,1,0,0,1,2021,"February","Monday","03:40 pm",60,"Sealed","Dry","Not Raining","Daylight","Side Swipe",1,,,1335677.29,1671854.79
"2021-13070-19/09/2025","JAMESTOWN","NORTHERN AREAS DISTRICT COUNCIL",2,1,1,0,0,2021,"February","Monday","09:10 am",80,"Sealed","Dry","Not Raining","Daylight","Hit Fixed Object",1,,,1333847.86,1861180.47
"2021-13078-19/09/2025","CROYDON PARK","CITY OF PORT ADELAIDE ENFIELD",2,1,0,0,1,2021,"February","Monday","06:00 pm",60,"Sealed","Dry","Not Raining","Daylight","Rear End",2,,,1326060.23,1675919.96
"2021-13084-19/09/2025","REDWOOD PARK","CITY OF TEA TREE GULLY",6,1,0,0,1,2021,"February","Monday","07:11 pm",60,"Sealed","Dry","Not Raining","Daylight","Hit Fixed Object",1,,,1338446.21,1683580.3
"2021-13088-19/09/2025","SALISBURY EAST","CITY OF SALISBURY",1,1,0,0,1,2021,"February","Tuesday","05:40 am",80,"Sealed","Dry","Not Raining","Night","Roll Over",1,,,1334575.86,1687017.08
"2021-13089-19/09/2025","PORT WAKEFIELD","WAKEFIELD REGIONAL COUNCIL",2,1,0,0,1,2021,"February","Tuesday","06:05 am",110,"Sealed","Dry","Not Raining","Night","Hit Fixed Object",1,,,1294669.31,1749087.25
"2021-13090-19/09/2025","ROSE PARK","CITY OF BURNSIDE",2,1,0,0,1,2021,"February","Tuesday","07:41 am",50,"Sealed","Dry","Not Raining","Daylight","Right Angle",1,,,1331485.25,1669885.89
"2021-13092-19/09/2025","GREEN FIELDS","CITY OF SALISBURY",2,1,0,0,1,2021,"February","Tuesday","07:45 am",80,"Sealed","Dry","Not Raining","Daylight","Side Swipe",2,,,1328682.79,1685728.91
"2021-13094-19/09/2025","FLAGSTAFF HILL","CITY OF ONKAPARINGA",2,1,0,0,1,2021,"February","Tuesday","09:00 am",60,"Sealed","Dry","Not Raining","Daylight","Hit Fixed Object",1,,,1327292.44,1655401.15
"2021-13097-19/09/2025","KESWICK","CITY OF WEST TORRENS",2,1,0,0,1,2021,"February","Tuesday","10:10 am",60,"Sealed","Dry","Not Raining","Daylight","Right Angle",1,,,1326655.96,1668971.85
"2021-13098-19/09/2025","PORT WILLUNGA","CITY OF ONKAPARINGA",2,1,0,0,1,2021,"February","Tuesday","08:30 am",50,"Sealed","Dry","Not Raining","Daylight","Hit Pedestrian",2,,,1314277.14,1633185.78
"2021-13100-19/09/2025","SALISBURY EAST","CITY OF SALISBURY",3,3,0,1,2,2021,"February","Tuesday","10:15 am",80,"Sealed","Dry","Not Raining","Daylight","Right Angle",1,,"Y",1333289.2,1685362.95
"2021-13105-19/09/2025","PARA VISTA","CITY OF SALISBURY",2,1,0,0,1,2021,"February","Monday","02:00 pm",60,"Sealed","Dry","Not Raining","Daylight","Rear End",1,,,1334510.78,1680928.55
"2021-13107-19/09/2025","SAMPSON FLAT","CITY OF PLAYFORD.",2,1,0,0,1,2021,"February","Monday","06:30 pm",40,"Sealed","Dry","Not Raining","Daylight","Rear End",2,,,1345274.17,1691291.94
"2021-13109-19/09/2025","LYNTON","CC MITCHAM.",2,1,0,0,1,2021,"February","Tuesday","01:10 am",60,"Sealed","Dry","Not Raining","Night","Hit Fixed Object",1,,,1329041.69,1662840.47
"2021-13112-19/09/2025","WALKERVILLE","WALKERVILLE TOWN COUNCIL",2,1,0,0,1,2021,"February","Tuesday","11:20 am",60,"Sealed","Dry","Not Raining","Daylight","Right Angle",2,,,1329934.16,1673775.13
"2021-13113-19/09/2025","ROSE PARK","CITY OF BURNSIDE",2,1,0,1,0,2021,"February","Tuesday","08:15 am",50,"Sealed","Dry","Not Raining","Daylight","Right Angle",1,,,1331265.74,1669879.45
"2021-13116-19/09/2025","MORPHETT VALE","CITY OF ONKAPARINGA",3,2,0,0,2,2021,"February","Tuesday","03:05 pm",60,"Sealed","Dry","Not Raining","Daylight","Rear End",2,,,1321922.5,1648727.22
"2021-13120-19/09/2025","PORT LINCOLN","CC PT.LINCOLN.",2,1,0,0,1,2021,"February","Tuesday","04:14 pm",80,"Sealed","Dry","Not Raining","Daylight","Right Angle",1,,,1075818.96,1699537.33
"2021-13122-19/09/2025","LITTLEHAMPTON","DC MT.BARKER.",3,1,0,0,1,2021,"February","Tuesday","03:45 pm",80,"Sealed","Dry","Not Raining","Daylight","Rear End",1,,,1351442.75,1658865.93
"2021-13123-19/09/2025","SALISBURY EAST","CITY OF SALISBURY",2,1,0,0,1,2021,"February","Monday","03:45 pm",60,"Sealed","Dry","Not Raining","Daylight","Rear End",2,,,1333289.2,1685362.95
"2021-13125-19/09/2025","KESWICK TERMINAL","CITY OF WEST TORRENS",3,1,0,0,1,2021,"February","Tuesday","04:20 pm",60,"Sealed","Dry","Not Raining","Daylight","Rear End",1,,,1326346.98,1670104.26
"2021-13126-19/09/2025","NORTH ADELAIDE","CITY OF ADELAIDE",4,1,0,0,1,2021,"February","Tuesday","04:25 pm",50,"Sealed","Dry","Not Raining","Daylight","Rear End",1,,,1329141.98,1672664.05
"2021-13128-19/09/2025","BLACKWOOD","CC MITCHAM.",2,1,0,0,1,2021,"February","Tuesday","04:30 pm",50,"Sealed","Dry","Not Raining","Daylight","Hit Pedestrian",1,,,1329583.97,1660043.35
"2021-13130-19/09/2025","WINDSOR GARDENS","CITY OF PORT ADELAIDE ENFIELD",2,1,0,0,1,2021,"February","Tuesday","04:00 pm",60,"Sealed","Dry","Not Raining","Daylight","Rear End",1,,,1333074.54,1677456.69
"2021-13131-19/09/2025","FLINDERS PARK","CITY OF CHARLES STURT",2,1,0,0,1,2021,"February","Tuesday","05:58 pm",60,"Sealed","Dry","Not Raining","Daylight","Right Angle",1,,,1324018.92,1672839.01
"2021-13133-19/09/2025","KESWICK","CITY OF WEST TORRENS",2,1,0,0,1,2021,"February","Tuesday","06:01 pm",60,"Sealed","Dry","Not Raining","Daylight","Rear End",2,,,1325797.37,1668835.88
"2021-13134-19/09/2025","WOODVILLE GARDENS","CITY OF PORT ADELAIDE ENFIELD",3,1,0,0,1,2021,"February","Tuesday","06:02 pm",60,"Sealed","Dry","Not Raining","Daylight","Rear End",1,,,1323969.44,1676818.91
"2021-13135-19/09/2025","MEDINDIE","WALKERVILLE TOWN COUNCIL",2,2,0,0,2,2021,"February","Tuesday","03:55 pm",60,"Sealed","Dry","Not Raining","Daylight","Rear End",2,,,1328984.13,1674225.01
"2021-13137-19/09/2025","WEETULTA","YORKE PENINSULA COUNCIL",2,1,0,1,0,2021,"February","Tuesday","01:50 pm",100,"Unsealed","Dry","Not Raining","Daylight","Rear End",2,,,1241123.38,1748406.81
"2021-13140-19/09/2025","BALAKLAVA","WAKEFIELD REGIONAL COUNCIL",2,1,1,0,0,2021,"February","Tuesday","03:20 pm",50,"Sealed","Dry","Not Raining","Daylight","Hit Pedestrian",2,,,1314456.31,1757212.08
"2021-13141-19/09/2025","ADELAIDE","CITY OF ADELAIDE",2,1,0,1,0,2021,"February","Tuesday","09:30 pm",60,"Sealed","Dry","Not Raining","Night","Hit Pedestrian",2,,,1327373.84,1670786.54
"2021-13142-19/09/2025","WILLASTON","CT GAWLER.",2,1,0,0,1,2021,"February","Tuesday","06:30 pm",50,"Sealed","Dry","Not Raining","Daylight","Hit Fixed Object",1,"Y",,1342394.87,1708190.5
"2021-13143-19/09/2025","FORDS","LIGHT REGIONAL COUNCIL",2,1,0,0,1,2021,"February","Wednesday","04:25 am",100,"Sealed","Dry","Not Raining","Night","Hit Fixed Object",1,,,1357612.84,1729630.74
"2021-13145-19/09/2025","ELIZABETH VALE","CITY OF PLAYFORD.",2,1,0,0,1,2021,"February","Wednesday","06:40 am",60,"Sealed","Dry","Not Raining","Night","Hit Fixed Object",1,,,1335212.28,1690043.78
"2021-13147-19/09/2025","HAPPY VALLEY","CITY OF ONKAPARINGA",1,1,0,0,1,2021,"February","Wednesday","08:30 am",80,"Sealed","Dry","Not Raining","Daylight","Roll Over",1,,,1326440.67,1654334.35
"2021-13150-19/09/2025","TERINGIE","THE ADELAIDE HILLS COUNCIL",1,1,0,0,1,2021,"February","Wednesday","07:50 am",60,"Sealed","Dry","Not Raining","Daylight","Roll Over",1,,,1337831.89,1672053.89
"2021-13153-19/09/2025","MYPONGA","DC YANKALILLA.",2,1,0,0,1,2021,"February","Wednesday","09:20 am",80,"Sealed","Dry","Not Raining","Daylight","Right Angle",2,,,1314947.99,1620123.92
"2021-13156-19/09/2025","UPPER STURT","THE ADELAIDE HILLS COUNCIL",2,3,0,0,3,2021,"February","Tuesday","09:20 pm",60,"Sealed","Dry","Not Raining","Night","Rear End",2,,,1336504.76,1660371.62
"2021-13159-19/09/2025","NORWOOD","CC OF NORWOOD,PAYNEHAM & ST PETERS",2,1,0,0,1,2021,"February","Tuesday","11:00 am",50,"Sealed","Dry","Not Raining","Daylight","Rear End",2,,,1331433.61,1671057.72
"2021-13162-19/09/2025","GLENELG NORTH","CITY OF HOLDFAST BAY",1,1,0,0,1,2021,"February","Tuesday","08:05 pm",50,"Sealed","Dry","Not Raining","Daylight","Roll Over",1,,,1320509.55,1665672.88
"2021-13166-19/09/2025","SALISBURY SOUTH","CITY OF SALISBURY",4,1,0,0,1,2021,"February","Wednesday","03:35 pm",60,"Sealed","Dry","Not Raining","Daylight","Rear End",1,,,1333045.32,1685555.49
"2021-13169-19/09/2025","HAPPY VALLEY","CITY OF ONKAPARINGA",2,1,0,0,1,2021,"February","Wednesday","07:02 am",80,"Sealed","Dry","Not Raining","Daylight","Rear End",2,,,1323035.19,1653569.3
"2021-13178-19/09/2025","TUMBY BAY","DC TUMBY BAY.",2,3,0,0,3,2021,"February","Wednesday","05:00 pm",110,"Sealed","Dry","Not Raining","Daylight","Right Turn",2,,,1098487.31,1737259.63
"2021-13182-19/09/2025","PLYMPTON","CITY OF WEST TORRENS",2,1,0,0,1,2021,"February","Wednesday","08:28 pm",60,"Sealed","Dry","Not Raining","Night","Rear End",2,,,1323607.6,1666121.69
"2021-13184-19/09/2025","CUMBERLAND PARK","CC MITCHAM.",3,1,1,0,0,2021,"February","Wednesday","04:29 pm",60,"Sealed","Dry","Not Raining","Daylight","Hit Parked Vehicle",1,,,1327129.92,1664983.2
"2021-13185-19/09/2025","BIRKENHEAD","CITY OF PORT ADELAIDE ENFIELD",2,1,0,0,1,2021,"February","Wednesday","08:20 pm",60,"Sealed","Dry","Not Raining","Night","Right Angle",1,,,1319390.25,1680461.64
"2021-13188-19/09/2025","MAGILL","CC CAMPBELLTOWN.",3,1,0,0,1,2021,"February","Thursday","07:38 am",50,"Sealed","Dry","Not Raining","Daylight","Hit Fixed Object",1,,,1334822.71,1672148.91
"2021-13189-19/09/2025","NORWOOD","CC OF NORWOOD,PAYNEHAM & ST PETERS",2,1,0,1,0,2021,"February","Thursday","08:06 am",60,"Sealed","Dry","Not Raining","Daylight","Right Angle",1,,,1330623.32,1670361.88
"2021-13191-19/09/2025","FLINDERS PARK","CITY OF CHARLES STURT",3,1,0,0,1,2021,"February","Wednesday","04:00 pm",60,"Sealed","Dry","Not Raining","Daylight","Side Swipe",2,,,1323939.92,1672611.37
"2021-13192-19/09/2025","MAGILL","CITY OF BURNSIDE",2,1,0,0,1,2021,"February","Thursday","08:56 am",60,"Sealed","Dry","Not Raining","Daylight","Right Turn",1,,,1336073.38,1671863.66
"2021-13193-19/09/2025","KIDMAN PARK","CITY OF CHARLES STURT",3,1,0,0,1,2021,"February","Thursday","09:00 am",50,"Sealed","Dry","Not Raining","Daylight","Hit Fixed Object",1,,,1321933.5,1672861.3
"2021-13194-19/09/2025","MOUNT BARKER","DC MT.BARKER.",5,2,0,0,2,2021,"February","Thursday","08:40 am",60,"Sealed","Dry","Not Raining","Daylight","Rear End",1,,,1351035.61,1654791.23
"2021-13200-19/09/2025","MALVERN","CITY OF UNLEY",2,2,0,1,1,2021,"February","Thursday","11:55 am",50,"Sealed","Dry","Not Raining","Daylight","Right Angle",2,,,1329732.38,1667123.38
"2021-13201-19/09/2025","DAVOREN PARK","CITY OF PLAYFORD.",2,1,0,0,1,2021,"February","Thursday","11:30 am",60,"Sealed","Dry","Not Raining","Daylight","Hit Pedestrian",2,,,1335884.51,1696226.55
"2021-13205-19/09/2025","KAPUNDA","LIGHT REGIONAL COUNCIL",2,1,1,0,0,2021,"February","Thursday","11:45 am",100,"Unsealed","Dry","Not Raining","Daylight","Hit Fixed Object",1,,,1356359.07,1732514.46
"2021-13217-19/09/2025","CROYDON PARK","CITY OF PORT ADELAIDE ENFIELD",2,2,0,0,2,2021,"February","Thursday","05:50 pm",60,"Sealed","Wet","Not Raining","Daylight","Right Turn",2,,,1325634.17,1675124.25
"2021-13227-19/09/2025","LOCKLEYS","CITY OF WEST TORRENS",2,1,0,0,1,2021,"February","Thursday","09:21 pm",60,"Sealed","Dry","Not Raining","Night","Right Angle",2,,,1322024.07,1670857.96
"2021-13231-19/09/2025","CAVAN","CITY OF SALISBURY",2,1,0,1,0,2021,"February","Friday","06:05 am",70,"Sealed","Dry","Not Raining","Night","Right Turn",2,,,1328720.71,1681534.83
"2021-13238-19/09/2025","SURREY DOWNS","CITY OF TEA TREE GULLY",2,1,0,0,1,2021,"February","Thursday","03:30 pm",50,"Sealed","Dry","Not Raining","Daylight","Right Angle",2,,,1339445.47,1683946.33
"2021-13239-19/09/2025","MARDEN","CC OF NORWOOD,PAYNEHAM & ST PETERS",4,1,0,0,1,2021,"February","Thursday","03:30 pm",60,"Sealed","Dry","Not Raining","Daylight","Rear End",2,,,1332392.25,1674166.04
"2021-13241-19/09/2025","HOUGHTON","CITY OF TEA TREE GULLY",3,1,0,0,1,2021,"February","Friday","08:25 am",80,"Sealed","Dry","Not Raining","Daylight","Right Angle",2,,,1342993.75,1681776.36
"2021-13242-19/09/2025","ST PETERS","CC OF NORWOOD,PAYNEHAM & ST PETERS",2,1,0,0,1,2021,"February","Friday","08:30 am",50,"Sealed","Dry","Not Raining","Daylight","Hit Parked Vehicle",2,,,1330981.64,1672648.89
"2021-13243-19/09/2025","CALTOWIE","NORTHERN AREAS DISTRICT COUNCIL",1,1,0,0,1,2021,"February","Friday","09:25 am",100,"Unsealed","Dry","Not Raining","Daylight","Left Road - Out of Control",1,,,1323529.3,1863909.92
"2021-13244-19/09/2025","WILLASTON","CT GAWLER.",2,1,0,0,1,2021,"February","Friday","08:30 am",50,"Sealed","Dry","Not Raining","Daylight","Right Angle",2,,,1343214.84,1709176.99
"2021-13246-19/09/2025","STRATHALBYN","ALEXANDRINA COUNCIL",3,4,0,0,4,2021,"February","Friday","07:35 am",100,"Sealed","Dry","Not Raining","Daylight","Rear End",1,,"Y",1354162.51,1636732.74
"2021-13247-19/09/2025","LOWER MITCHAM","CC MITCHAM.",2,1,0,0,1,2021,"February","Friday","10:55 am",60,"Sealed","Dry","Not Raining","Daylight","Right Angle",2,,,1329170.96,1665061.71
"2021-13248-19/09/2025","KINGSWOOD","CC MITCHAM.",2,1,0,0,1,2021,"February","Friday","08:30 am",50,"Sealed","Dry","Not Raining","Daylight","Right Turn",1,,,1329760.86,1666111.99
"2021-13251-19/09/2025","ALDINGA","CITY OF ONKAPARINGA",3,1,0,0,1,2021,"February","Friday","11:30 am",70,"Sealed","Dry","Not Raining","Daylight","Right Turn",1,,,1316061.41,1631986.32
"2021-13253-19/09/2025","LARGS NORTH","CITY OF PORT ADELAIDE ENFIELD",2,1,0,1,0,2021,"February","Friday","10:55 am",40,"Sealed","Dry","Not Raining","Daylight","Hit Pedestrian",1,,,1319137.88,1682967.34
"2021-13254-19/09/2025","MILE END","CITY OF WEST TORRENS",2,1,0,0,1,2021,"February","Thursday","09:30 am",60,"Sealed","Dry","Not Raining","Daylight","Rear End",2,,,1326418.42,1670992.64
"2021-13258-19/09/2025","SEACOMBE GARDENS","CC MARION.",2,1,0,0,1,2021,"February","Friday","11:15 am",60,"Sealed","Dry","Not Raining","Daylight","Hit Pedestrian",1,,,1323023.98,1660642.06
"2021-13265-19/09/2025","MAITLAND","YORKE PENINSULA COUNCIL",2,1,0,0,1,2021,"February","Friday","02:00 pm",50,"Sealed","Dry","Not Raining","Daylight","Right Turn",2,,,1245215.52,1733649.09
"2021-13267-19/09/2025","PARK HOLME","CC MARION.",2,1,0,0,1,2021,"February","Thursday","04:30 pm",60,"Sealed","Dry","Not Raining","Daylight","Rear End",2,,,1324304.95,1663950.21
"2021-13268-19/09/2025","BLACKWOOD","CC MITCHAM.",2,1,0,0,1,2021,"February","Friday","04:57 pm",50,"Sealed","Dry","Not Raining","Daylight","Right Angle",1,,,1329794.37,1660729.99
"2021-13270-19/09/2025","WOODVILLE NORTH","CITY OF CHARLES STURT",2,1,0,1,0,2021,"February","Friday","04:35 pm",60,"Sealed","Dry","Not Raining","Daylight","Right Turn",1,,,1323971.39,1676739.16
"2021-13273-19/09/2025","PLYMPTON","CITY OF WEST TORRENS",2,1,0,0,1,2021,"February","Friday","11:40 am",60,"Sealed","Dry","Not Raining","Daylight","Rear End",2,,,1324222.64,1666835.85
"2021-13278-19/09/2025","NAILSWORTH","CITY OF PROSPECT",2,1,0,0,1,2021,"February","Friday","03:08 pm",60,"Sealed","Dry","Not Raining","Daylight","Rear End",2,,,1328908.77,1675108.27
"2021-13279-19/09/2025","WYNN VALE","CITY OF TEA TREE GULLY",2,2,0,0,2,2021,"February","Friday","11:12 pm",70,"Sealed","Dry","Not Raining","Night","Right Angle",2,,,1336754.92,1684333.83
"2021-13281-19/09/2025","SALISBURY EAST","CITY OF SALISBURY",2,1,0,0,1,2021,"February","Friday","10:45 pm",50,"Sealed","Dry","Not Raining","Night","Hit Fixed Object",1,,,1335083.75,1687276.19
"2021-13282-19/09/2025","KERSBROOK","THE ADELAIDE HILLS COUNCIL",1,1,0,1,0,2021,"February","Saturday","12:30 am",100,"Sealed","Dry","Not Raining","Night","Roll Over",1,,,1353348,1686682.2
"2021-13285-19/09/2025","WINDSOR GARDENS","CITY OF PORT ADELAIDE ENFIELD",2,1,0,0,1,2021,"February","Saturday","07:58 am",60,"Sealed","Dry","Not Raining","Daylight","Right Turn",1,,,1332539.47,1676983.64
"2021-13286-19/09/2025","WOODFORDE","THE ADELAIDE HILLS COUNCIL",2,1,0,0,1,2021,"February","Saturday","07:43 am",60,"Sealed","Dry","Not Raining","Daylight","Hit Animal",2,,,1337996.01,1672323.27
"2021-13291-19/09/2025","WINDSOR GARDENS","CITY OF PORT ADELAIDE ENFIELD",3,2,0,0,2,2021,"February","Saturday","10:00 am",60,"Sealed","Dry","Not Raining","Daylight","Rear End",2,,,1333198.25,1677563.65
"2021-13297-19/09/2025","MEDINDIE","WALKERVILLE TOWN COUNCIL",2,1,0,0,1,2021,"February","Saturday","03:08 pm",60,"Sealed","Dry","Not Raining","Daylight","Side Swipe",1,,,1329427.23,1673281.86
"2021-13299-19/09/2025","UNLEY PARK","CITY OF UNLEY",2,1,0,0,1,2021,"February","Friday","03:48 pm",60,"Sealed","Dry","Not Raining","Daylight","Rear End",2,,,1329122.42,1666914
"2021-13302-19/09/2025","SALISBURY NORTH","CITY OF SALISBURY",2,1,0,0,1,2021,"February","Saturday","07:02 pm",50,"Sealed","Dry","Not Raining","Daylight","Side Swipe",2,,,1331416.67,1690686.03
"2021-13310-19/09/2025","KENT TOWN","CC OF NORWOOD,PAYNEHAM & ST PETERS",2,1,0,1,0,2021,"February","Sunday","02:33 am",60,"Sealed","Dry","Not Raining","Night","Hit Fixed Object",1,,,1330542.99,1670425.07
"2021-13312-19/09/2025","SHEIDOW PARK","CC MARION.",2,1,0,0,1,2021,"February","Saturday","01:30 pm",50,"Sealed","Dry","Not Raining","Daylight","Hit Parked Vehicle",1,,,1320757.97,1653440.84
"2021-13313-19/09/2025","GRANGE","CITY OF CHARLES STURT",3,1,0,0,1,2021,"February","Saturday","10:15 pm",50,"Sealed","Dry","Not Raining","Night","Hit Parked Vehicle",1,,,1318596.77,1673819.81
"2021-13315-19/09/2025","LENSWOOD","THE ADELAIDE HILLS COUNCIL",1,1,0,0,1,2021,"February","Sunday","09:12 am",60,"Sealed","Dry","Not Raining","Daylight","Roll Over",1,,,1349465.41,1670593.35
"2021-13323-19/09/2025","ELIZABETH NORTH","CITY OF PLAYFORD.",3,1,0,0,1,2021,"February","Sunday","01:56 pm",60,"Sealed","Dry","Not Raining","Daylight","Rear End",1,,,1336094.96,1694851.09