"REPORT_ID","Suburb","LGA Name","Total Units","Total Cas","Total Fats","Total SI","Total MI","Year","Month","Day","Time","Area Speed","Road Surface","Moisture Cond","Weather Cond","DayNight","Crash Type","Unit Resp","DUI Involved","Drugs Involved","ACCLOC_X","ACCLOC_Y"
"2021-13328-19/09/2025","WEST CROYDON","CITY OF CHARLES STURT",4,1,0,0,1,2021,"February","Sunday","03:30 pm",60,"Sealed","Dry","Not Raining","Daylight","Rear End",1,,,1325684.59,1675071.23
"2021-13329-19/09/2025","GLENELG EAST","CITY OF HOLDFAST BAY",1,1,0,1,0,2021,"February","Sunday","04:03 pm",60,"Sealed","Dry","Not Raining","Daylight","Roll Over",9,,,1322636.62,1665410.15
"2021-13330-19/09/2025","ADELAIDE","CITY OF ADELAIDE",2,1,0,0,1,2021,"February","Saturday","10:00 pm",50,"Sealed","Dry","Not Raining","Night","Rear End",2,,,1328421.96,1670186.08
"2021-13331-19/09/2025","ADELAIDE","CITY OF ADELAIDE",2,1,0,0,1,2021,"February","Sunday","04:59 pm",50,"Sealed","Dry","Not Raining","Daylight","Right Turn",2,,,1329607.71,1669605.79
"2021-13333-19/09/2025","ASHTON","THE ADELAIDE HILLS COUNCIL",2,1,0,1,0,2021,"February","Sunday","06:13 pm",80,"Sealed","Dry","Not Raining","Daylight","Right Angle",1,,,1340240.37,1668311.53
"2021-13334-19/09/2025","MILE END","CITY OF WEST TORRENS",3,1,0,0,1,2021,"February","Sunday","08:50 pm",60,"Sealed","Dry","Not Raining","Night","Right Turn",2,,,1326625.83,1670971.97
"2021-13336-19/09/2025","PORT LINCOLN","CC PT.LINCOLN.",3,2,0,1,1,2021,"February","Sunday","06:45 pm",50,"Sealed","Dry","Not Raining","Daylight","Hit Fixed Object",1,,,1080295.86,1697485.95
"2021-13337-19/09/2025","CRAFERS","THE ADELAIDE HILLS COUNCIL",2,1,0,0,1,2021,"February","Sunday","09:14 pm",50,"Sealed","Dry","Not Raining","Night","Right Angle",2,"Y",,1337807.34,1662382.72
"2021-13338-19/09/2025","GILBERTON","WALKERVILLE TOWN COUNCIL",2,1,0,0,1,2021,"February","Sunday","08:05 pm",60,"Sealed","Dry","Not Raining","Night","Side Swipe",1,,,1329670.19,1672992.56
"2021-13339-19/09/2025","SEAFORD","CITY OF ONKAPARINGA",1,1,0,0,1,2021,"February","Sunday","07:00 pm",50,"Sealed","Dry","Not Raining","Daylight","Roll Over",1,,,1316070.08,1642331.24
"2021-13343-19/09/2025","BOORS PLAIN","COPPER COAST DISTRICT COUNCIL",2,2,0,1,1,2021,"February","Friday","10:45 am",100,"Sealed","Dry","Not Raining","Daylight","Right Angle",2,,,1253459.12,1771893.6
"2021-13346-19/09/2025","HACKNEY","CC OF NORWOOD,PAYNEHAM & ST PETERS",3,3,0,0,3,2021,"February","Monday","08:20 am",60,"Sealed","Dry","Not Raining","Daylight","Hit Pedestrian",2,,,1329754.72,1672257.34
"2021-13347-19/09/2025","ELIZABETH NORTH","CITY OF PLAYFORD.",2,3,0,1,2,2021,"February","Monday","09:05 am",60,"Sealed","Dry","Not Raining","Daylight","Right Angle",1,,"Y",1335889.86,1694972.42
"2021-13351-19/09/2025","ADELAIDE","CITY OF ADELAIDE",2,1,0,0,1,2021,"February","Monday","10:20 am",60,"Sealed","Dry","Not Raining","Daylight","Rear End",1,,,1327384.86,1670379.97
"2021-13361-19/09/2025","MUNNO PARA","CITY OF PLAYFORD.",2,2,0,0,2,2021,"February","Monday","02:30 pm",60,"Sealed","Dry","Not Raining","Daylight","Rear End",2,,,1337990.48,1697856.03
"2021-13363-19/09/2025","GLENELG SOUTH","CITY OF HOLDFAST BAY",3,1,0,0,1,2021,"February","Monday","03:19 pm",60,"Sealed","Dry","Not Raining","Daylight","Right Angle",2,,,1321041.86,1664341.37
"2021-13365-19/09/2025","GULFVIEW HEIGHTS","CITY OF SALISBURY",2,1,0,0,1,2021,"February","Monday","03:45 pm",60,"Sealed","Dry","Not Raining","Daylight","Right Turn",1,,,1334347.46,1684460.46
"2021-13366-19/09/2025","PORT NOARLUNGA","CITY OF ONKAPARINGA",2,1,0,1,0,2021,"February","Monday","04:06 pm",50,"Sealed","Dry","Not Raining","Daylight","Hit Fixed Object",1,,,1315976.36,1646637.27
"2021-13368-19/09/2025","EVANSTON SOUTH","CT GAWLER.",2,1,0,0,1,2021,"February","Monday","04:20 pm",50,"Sealed","Dry","Not Raining","Daylight","Rear End",2,,,1341334.95,1702183.9
"2021-13375-19/09/2025","KENSINGTON PARK","CITY OF BURNSIDE",2,1,0,0,1,2021,"February","Monday","06:16 pm",50,"Sealed","Dry","Not Raining","Daylight","Hit Fixed Object",1,,,1333643.99,1670780.85
"2021-13376-19/09/2025","MAITLAND","YORKE PENINSULA COUNCIL",2,1,0,0,1,2021,"February","Monday","06:05 pm",50,"Sealed","Dry","Not Raining","Daylight","Right Angle",2,,,1246172.48,1734379.63
"2021-13378-19/09/2025","SHERLOCK","COORONG DISTRICT COUNCIL",2,1,0,1,0,2021,"February","Monday","05:50 pm",100,"Sealed","Dry","Not Raining","Daylight","Hit Animal",2,,,1436802.22,1620991.72
"2021-13380-19/09/2025","COWELL","DC FRANKLIN HARBOR.",1,2,0,2,0,2021,"February","Monday","08:30 pm",80,"Unsealed","Dry","Not Raining","Night","Roll Over",1,,,1160506.12,1805579.19
"2021-13382-19/09/2025","DAW PARK","CC MITCHAM.",2,2,0,2,0,2021,"February","Tuesday","06:15 am",60,"Sealed","Dry","Not Raining","Night","Right Angle",1,,,1327544.5,1664868.65
"2021-13384-19/09/2025","VALLEY VIEW","CITY OF PORT ADELAIDE ENFIELD",2,1,0,0,1,2021,"February","Tuesday","07:45 am",60,"Sealed","Dry","Not Raining","Daylight","Right Turn",1,,,1334550.17,1679386.94
"2021-13385-19/09/2025","ROSSLYN PARK","CITY OF BURNSIDE",2,1,0,0,1,2021,"February","Tuesday","07:50 am",60,"Sealed","Dry","Not Raining","Daylight","Right Angle",1,,,1335510.9,1670737.66
"2021-13386-19/09/2025","NORTH BRIGHTON","CITY OF HOLDFAST BAY",3,1,0,0,1,2021,"February","Tuesday","08:30 am",50,"Sealed","Dry","Not Raining","Daylight","Hit Parked Vehicle",1,,,1321030.52,1661987.7
"2021-13393-19/09/2025","WALKLEY HEIGHTS","CITY OF PORT ADELAIDE ENFIELD",2,1,0,0,1,2021,"February","Tuesday","10:39 am",70,"Unsealed","Dry","Not Raining","Daylight","Roll Over",1,,,1333267.01,1679335.47
"2021-13395-19/09/2025","SALISBURY DOWNS","CITY OF SALISBURY",2,1,0,0,1,2021,"February","Tuesday","10:40 am",60,"Sealed","Dry","Not Raining","Daylight","Right Angle",2,,,1331570.87,1686736.7
"2021-13397-19/09/2025","NORWOOD","CC OF NORWOOD,PAYNEHAM & ST PETERS",2,1,0,0,1,2021,"February","Saturday","11:00 am",60,"Sealed","Dry","Not Raining","Daylight","Right Angle",2,,,1330623.32,1670361.88
"2021-13398-19/09/2025","CYGNET RIVER","KANGAROO ISLAND COUNCIL",2,3,0,0,3,2021,"February","Tuesday","09:15 am",80,"Sealed","Dry","Not Raining","Daylight","Right Angle",1,,,1227911.86,1587862.89
"2021-13401-19/09/2025","STURT","CC MARION.",2,2,0,2,0,2021,"February","Tuesday","11:24 am",60,"Sealed","Dry","Not Raining","Daylight","Right Turn",1,,,1324428.84,1659884.95
"2021-13402-19/09/2025","BIGGS FLAT","DC MT.BARKER.",2,1,0,1,0,2021,"February","Tuesday","11:05 am",80,"Sealed","Dry","Not Raining","Daylight","Hit Animal",2,,,1344291.49,1653473.56
"2021-13407-19/09/2025","NORWOOD","CC OF NORWOOD,PAYNEHAM & ST PETERS",2,1,0,0,1,2021,"February","Tuesday","03:51 pm",60,"Sealed","Dry","Not Raining","Daylight","Right Angle",2,,,1331874.28,1670398.69
"2021-13413-19/09/2025","PORT LINCOLN","CC PT.LINCOLN.",2,1,0,1,0,2021,"February","Tuesday","05:45 pm",50,"Sealed","Dry","Not Raining","Daylight","Right Angle",2,,,1078425.94,1698452.72
"2021-13416-19/09/2025","PARADISE","CC CAMPBELLTOWN.",2,1,0,0,1,2021,"February","Tuesday","06:31 pm",60,"Sealed","Dry","Not Raining","Daylight","Rear End",2,,,1336400.2,1676666.05
"2021-13418-19/09/2025","TORRENS PARK","CC MITCHAM.",2,1,0,0,1,2021,"February","Tuesday","06:48 pm",60,"Sealed","Dry","Not Raining","Daylight","Rear End",2,,,1329694.27,1664221.67
"2021-13419-19/09/2025","LOCKLEYS","CITY OF WEST TORRENS",3,2,0,0,2,2021,"February","Tuesday","04:50 pm",50,"Sealed","Dry","Not Raining","Daylight","Rear End",1,,,1322492.04,1670739.37
"2021-13422-19/09/2025","GOSSE","KANGAROO ISLAND COUNCIL",1,1,0,1,0,2021,"February","Sunday","11:50 am",110,"Sealed","Dry","Not Raining","Daylight","Roll Over",1,,,1174498.34,1578369.68
"2021-13428-19/09/2025","KUDLA","CT GAWLER.",3,1,0,0,1,2021,"February","Tuesday","06:08 pm",80,"Sealed","Dry","Not Raining","Daylight","Right Angle",2,,,1337680.92,1701807.18
"2021-13430-19/09/2025","PORT AUGUSTA WEST","CC PT.AUGUSTA.",1,2,0,0,2,2021,"February","Tuesday","09:30 pm",50,"Unsealed","Dry","Not Raining","Night","Left Road - Out of Control",1,,,1257237.51,1942363.41
"2021-13431-19/09/2025","SOUTH PLYMPTON","CC MARION.",2,1,0,1,0,2021,"February","Tuesday","12:13 am",60,"Sealed","Dry","Not Raining","Night","Hit Fixed Object",1,,"Y",1324259.6,1665400.21
"2021-13432-19/09/2025","OB FLAT","DISTRICT COUNCIL OF GRANT",2,1,0,0,1,2021,"February","Wednesday","03:05 am",110,"Sealed","Dry","Not Raining","Night","Hit Fixed Object",1,,,1507606.17,1334019.05
"2021-13435-19/09/2025","COOBER PEDY","DC COOBER PEDY",2,1,0,0,1,2021,"February","Wednesday","07:40 am",50,"Sealed","Dry","Not Raining","Daylight","Hit Fixed Object",1,"Y",,976402.42,2331180.83
"2021-13437-19/09/2025","GREENACRES","CITY OF PORT ADELAIDE ENFIELD",2,1,0,0,1,2021,"February","Wednesday","08:44 am",50,"Sealed","Dry","Not Raining","Daylight","Right Turn",1,,,1331369.28,1676746.14
"2021-13446-19/09/2025","GLENELG EAST","CITY OF HOLDFAST BAY",4,1,0,0,1,2021,"February","Sunday","01:10 pm",60,"Sealed","Dry","Not Raining","Daylight","Side Swipe",1,,,1321010.8,1665124.85
"2021-13450-19/09/2025","GERANIUM","SOUTHERN MALLEE DISTRICT COUNCIL",2,1,0,0,1,2021,"February","Wednesday","12:45 pm",110,"Sealed","Dry","Not Raining","Daylight","Hit Fixed Object",1,,,1471613.51,1615021.29
"2021-13452-19/09/2025","BRIGHTON","CITY OF HOLDFAST BAY",2,1,0,0,1,2021,"February","Wednesday","01:46 pm",60,"Sealed","Dry","Not Raining","Daylight","Side Swipe",1,,,1321144.14,1660807.55
"2021-13453-19/09/2025","WOODVILLE PARK","CITY OF CHARLES STURT",2,1,0,0,1,2021,"February","Wednesday","09:40 am",50,"Sealed","Dry","Not Raining","Daylight","Hit Parked Vehicle",1,,,1324009.32,1676096.01
"2021-13454-19/09/2025","KIDMAN PARK","CITY OF CHARLES STURT",2,1,0,0,1,2021,"February","Wednesday","02:20 pm",50,"Sealed","Dry","Not Raining","Daylight","Hit Fixed Object",1,"Y",,1321746.87,1672980.57
"2021-13458-19/09/2025","CLAPHAM","CC MITCHAM.",2,1,0,0,1,2021,"February","Wednesday","03:16 pm",50,"Sealed","Dry","Not Raining","Daylight","Right Angle",2,,,1328398.26,1663303.57
"2021-13463-19/09/2025","ADELAIDE","CITY OF ADELAIDE",3,2,0,0,2,2021,"February","Wednesday","06:18 pm",50,"Sealed","Dry","Not Raining","Daylight","Right Angle",1,,"Y",1329591.05,1670383.34
"2021-13465-19/09/2025","WEST LAKES","CITY OF CHARLES STURT",2,3,0,0,3,2021,"February","Wednesday","04:20 pm",60,"Sealed","Dry","Not Raining","Daylight","Right Turn",1,,,1318994.81,1676350.16
"2021-13468-19/09/2025","WINDSOR","DC MALLALA.",2,1,0,0,1,2021,"February","Tuesday","07:15 pm",110,"Sealed","Dry","Not Raining","Daylight","Rear End",2,,,1306689.08,1725194.68
"2021-13470-19/09/2025","MACDONALD PARK","CITY OF PLAYFORD.",2,2,0,0,2,2021,"February","Wednesday","08:45 pm",110,"Sealed","Dry","Not Raining","Night","Rear End",1,,,1332342.01,1697674.37
"2021-13474-19/09/2025","WILLUNGA","CITY OF ONKAPARINGA",2,8,1,7,0,2021,"February","Wednesday","10:01 pm",80,"Sealed","Dry","Not Raining","Night","Right Angle",1,,,1322995.94,1634841.72
"2021-13476-19/09/2025","NEWTON","CC CAMPBELLTOWN.",2,1,0,0,1,2021,"February","Thursday","06:30 am",60,"Sealed","Dry","Not Raining","Night","Hit Pedestrian",1,,,1336041.78,1674570.62
"2021-13477-19/09/2025","GILBERTON","WALKERVILLE TOWN COUNCIL",6,3,0,0,3,2021,"February","Monday","09:20 am",60,"Sealed","Dry","Not Raining","Daylight","Rear End",1,,,1329634.29,1673048.71
"2021-13479-19/09/2025","PARACOMBE","THE ADELAIDE HILLS COUNCIL",2,1,0,0,1,2021,"February","Thursday","06:59 am",80,"Sealed","Dry","Not Raining","Daylight","Hit Animal",2,,,1342641.83,1679958.3
"2021-13480-19/09/2025","FULLARTON","CITY OF UNLEY",2,1,0,1,0,2021,"February","Thursday","07:56 am",60,"Sealed","Dry","Not Raining","Daylight","Right Turn",2,,,1330841.35,1668215.12
"2021-13482-19/09/2025","PANORAMA","CC MITCHAM.",2,1,0,0,1,2021,"February","Thursday","07:33 am",60,"Sealed","Dry","Not Raining","Daylight","Rear End",2,,,1327996.82,1663499.93
"2021-13483-19/09/2025","HOLDEN HILL","CITY OF TEA TREE GULLY",3,1,0,1,0,2021,"February","Thursday","08:55 am",60,"Sealed","Dry","Not Raining","Daylight","Rear End",1,,,1334781.17,1678173.7
"2021-13486-19/09/2025","NARACOORTE","DC NARACOORTE & LUCINDALE.",4,3,0,0,3,2021,"February","Thursday","05:00 am",100,"Sealed","Dry","Not Raining","Night","Hit Animal",2,,,1519062.58,1438781.73
"2021-13487-19/09/2025","TATACHILLA","CITY OF ONKAPARINGA",2,1,0,0,1,2021,"February","Thursday","08:10 am",80,"Sealed","Dry","Not Raining","Daylight","Hit Animal",2,,,1320385.61,1637090.2
"2021-13491-19/09/2025","KYANCUTTA","DC WUDINNA. (DC LE HUNTE.)",2,1,0,0,1,2021,"January","Sunday","04:00 pm",100,"Sealed","Dry","Not Raining","Daylight","Roll Over",1,"Y",,1046835.05,1870949.93
"2021-13493-19/09/2025","STRATHALBYN","ALEXANDRINA COUNCIL",2,1,0,0,1,2021,"February","Wednesday","04:40 pm",50,"Sealed","Dry","Not Raining","Daylight","Rear End",2,,,1354315.11,1632878.48
"2021-13508-19/09/2025","MASLIN BEACH","CITY OF ONKAPARINGA",1,1,0,0,1,2021,"February","Thursday","03:54 pm",80,"Sealed","Dry","Not Raining","Daylight","Roll Over",1,,,1316559.86,1635517.35
"2021-13517-19/09/2025","ADELAIDE","CITY OF ADELAIDE",2,1,0,0,1,2021,"February","Thursday","07:30 pm",50,"Sealed","Dry","Not Raining","Daylight","Rear End",1,,,1327934.63,1670172.34
"2021-13519-19/09/2025","HILLBANK","CITY OF PLAYFORD.",2,2,0,0,2,2021,"February","Thursday","07:56 pm",80,"Sealed","Dry","Not Raining","Daylight","Hit Fixed Object",1,,,1336151.65,1690847.39
"2021-13523-19/09/2025","SALISBURY","CITY OF SALISBURY",2,1,0,0,1,2021,"February","Friday","03:00 am",60,"Sealed","Dry","Not Raining","Night","Hit Pedestrian",1,,,1333449.7,1689383.07
"2021-13527-19/09/2025","HINDMARSH VALLEY","DC VICTOR HARBOR.",2,1,0,0,1,2021,"February","Friday","08:40 am",100,"Sealed","Dry","Not Raining","Daylight","Rear End",2,,,1328998.21,1607115.69
"2021-13532-19/09/2025","BRUKUNGA","THE ADELAIDE HILLS COUNCIL",2,1,0,0,1,2021,"February","Friday","06:55 am",80,"Sealed","Wet","Raining","Night","Hit Fixed Object",1,,,1357706.76,1663097.48
"2021-13534-19/09/2025","SUMMERTOWN","THE ADELAIDE HILLS COUNCIL",2,1,0,0,1,2021,"February","Friday","07:40 am",60,"Sealed","Wet","Raining","Daylight","Hit Fixed Object",1,,,1339634.04,1666679.38
"2021-13536-19/09/2025","WINDSOR GARDENS","CITY OF PORT ADELAIDE ENFIELD",2,1,0,0,1,2021,"February","Friday","12:20 pm",60,"Sealed","Dry","Not Raining","Daylight","Rear End",1,,,1333149.39,1677509.8
"2021-13539-19/09/2025","NOARLUNGA CENTRE","CITY OF ONKAPARINGA",3,2,0,0,2,2021,"February","Friday","02:14 pm",60,"Sealed","Dry","Not Raining","Daylight","Right Turn",2,,,1319094.8,1647483.87
"2021-13543-19/09/2025","GILLES PLAINS","CITY OF PORT ADELAIDE ENFIELD",2,2,0,0,2,2021,"February","Thursday","03:50 pm",60,"Sealed","Dry","Not Raining","Daylight","Rear End",2,,,1333635.76,1678283.55
"2021-13546-19/09/2025","REYNELLA","CITY OF ONKAPARINGA",2,1,0,0,1,2021,"February","Friday","01:10 pm",60,"Sealed","Dry","Not Raining","Daylight","Rear End",2,,,1321635.44,1651538.91
"2021-13547-19/09/2025","OLD NOARLUNGA","CITY OF ONKAPARINGA",2,1,0,0,1,2021,"February","Friday","08:00 am",60,"Sealed","Dry","Not Raining","Daylight","Rear End",2,,,1317749.8,1642266.66
"2021-13548-19/09/2025","SALISBURY","CITY OF SALISBURY",2,1,0,0,1,2021,"February","Friday","04:20 pm",60,"Sealed","Dry","Not Raining","Daylight","Right Angle",2,,,1333493.66,1688167.89
"2021-13549-19/09/2025","SOUTH PLYMPTON","CC MARION.",3,2,0,0,2,2021,"February","Friday","04:30 pm",50,"Sealed","Dry","Not Raining","Daylight","Rear End",1,,,1325043.08,1666576.97
"2021-13553-19/09/2025","LOCKLEYS","CITY OF WEST TORRENS",2,1,0,0,1,2021,"February","Friday","06:30 pm",60,"Sealed","Dry","Not Raining","Daylight","Hit Fixed Object",1,,,1322619.61,1671542.61
"2021-13554-19/09/2025","DAVOREN PARK","CITY OF PLAYFORD.",2,1,0,0,1,2021,"February","Friday","06:34 pm",50,"Sealed","Dry","Not Raining","Daylight","Hit Pedestrian",1,,,1334834.54,1695725.64
"2021-13555-19/09/2025","PARADISE","CC CAMPBELLTOWN.",2,1,0,0,1,2021,"February","Friday","07:40 pm",60,"Sealed","Dry","Not Raining","Daylight","Rear End",1,,,1335179.94,1675919.29
"2021-13556-19/09/2025","O'HALLORAN HILL","CC MARION.",3,1,0,0,1,2021,"February","Friday","07:35 pm",80,"Sealed","Dry","Not Raining","Daylight","Rear End",1,,,1324349.88,1656621.26
"2021-13559-19/09/2025","KYBYBOLITE","DC NARACOORTE & LUCINDALE.",2,1,0,0,1,2021,"February","Friday","08:30 pm",100,"Sealed","Dry","Not Raining","Night","Hit Fixed Object",1,,,1529889.88,1449306.57
"2021-13560-19/09/2025","PORT AUGUSTA WEST","CC PT.AUGUSTA.",1,1,1,0,0,2021,"February","Friday","06:10 pm",80,"Sealed","Dry","Not Raining","Daylight","Roll Over",1,"Y",,1257006.32,1941101.62
"2021-13564-19/09/2025","SNOWTOWN","WAKEFIELD REGIONAL COUNCIL",3,2,0,0,2,2021,"February","Friday","10:15 pm",110,"Sealed","Dry","Not Raining","Night","Head On",1,,,1296914.76,1804236.71
"2021-13566-19/09/2025","BURNSIDE","CITY OF BURNSIDE",2,1,0,1,0,2021,"February","Saturday","03:15 am",60,"Sealed","Dry","Not Raining","Night","Hit Animal",2,,"Y",1334861.71,1668245.13
"2021-13568-19/09/2025","NORTH HAVEN","CITY OF PORT ADELAIDE ENFIELD",1,1,0,0,1,2021,"February","Saturday","08:25 am",60,"Sealed","Dry","Not Raining","Daylight","Roll Over",1,,,1319054.66,1685735.34
"2021-13569-19/09/2025","SOUTH PLYMPTON","CC MARION.",2,1,0,0,1,2021,"February","Saturday","09:15 am",60,"Sealed","Dry","Not Raining","Daylight","Rear End",2,,,1324280.08,1665128.84
"2021-13570-19/09/2025","WATERFALL GULLY","CITY OF BURNSIDE",2,1,0,1,0,2021,"February","Saturday","09:30 am",50,"Sealed","Dry","Not Raining","Daylight","Side Swipe",2,,,1335215.16,1666830.42
"2021-13571-19/09/2025","PORT ADELAIDE","CITY OF PORT ADELAIDE ENFIELD",2,1,0,0,1,2021,"February","Friday","12:45 pm",50,"Sealed","Dry","Not Raining","Daylight","Right Angle",2,,,1319900.72,1679926.62
"2021-13574-19/09/2025","STEPNEY","CC OF NORWOOD,PAYNEHAM & ST PETERS",2,2,0,0,2,2021,"February","Saturday","09:40 am",60,"Sealed","Dry","Not Raining","Daylight","Right Angle",2,,,1330600.73,1671714.93
"2021-13578-19/09/2025","SALISBURY PARK","CITY OF SALISBURY",1,1,0,1,0,2021,"February","Saturday","11:43 am",50,"Sealed","Dry","Not Raining","Daylight","Roll Over",9,,,1335244.95,1688918.24
"2021-13581-19/09/2025","SOMERTON PARK","CITY OF HOLDFAST BAY",2,2,0,2,0,2021,"February","Saturday","12:26 pm",60,"Sealed","Dry","Not Raining","Daylight","Right Turn",1,,,1321083.18,1662889.4
"2021-13583-19/09/2025","MOUNT BARKER","DC MT.BARKER.",2,1,0,1,0,2021,"February","Saturday","12:25 pm",50,"Sealed","Dry","Not Raining","Daylight","Side Swipe",2,,,1351675.37,1654629.92
"2021-13584-19/09/2025","BLACKWOOD","CC MITCHAM.",2,1,0,0,1,2021,"February","Saturday","02:04 pm",60,"Sealed","Dry","Not Raining","Daylight","Right Angle",1,,,1329475.59,1660371.61
"2021-13585-19/09/2025","WATERLOO CORNER","CITY OF SALISBURY",2,1,0,0,1,2021,"February","Saturday","01:50 pm",80,"Sealed","Dry","Not Raining","Daylight","Rear End",2,,,1325154.19,1692439.18
"2021-13586-19/09/2025","PARAFIELD GARDENS","CITY OF SALISBURY",2,1,0,0,1,2021,"February","Friday","04:20 pm",60,"Sealed","Dry","Not Raining","Daylight","Side Swipe",2,,,1330901.36,1686137.73
"2021-13587-19/09/2025","CUDLEE CREEK","THE ADELAIDE HILLS COUNCIL",2,2,0,2,0,2021,"February","Saturday","01:00 pm",80,"Sealed","Dry","Not Raining","Daylight","Head On",1,,,1348893.77,1679701.27
"2021-13598-19/09/2025","PAISLEY","LOXTON WAIKERIE DISTRICT COUNCIL",2,2,0,0,2,2021,"February","Saturday","02:30 pm",110,"Sealed","Dry","Not Raining","Daylight","Head On",1,,"Y",1425693.93,1734052.05
"2021-13602-19/09/2025","MACGILLIVRAY","KANGAROO ISLAND COUNCIL",2,1,0,0,1,2021,"February","Sunday","12:22 am",110,"Sealed","Dry","Not Raining","Night","Hit Fixed Object",1,,"Y",1220493,1572830.82
"2021-13603-19/09/2025","CLARENDON","CITY OF ONKAPARINGA",2,2,0,0,2,2021,"February","Sunday","07:40 am",80,"Sealed","Dry","Not Raining","Daylight","Hit Fixed Object",1,,,1331084.75,1650644.84
"2021-13604-19/09/2025","SALISBURY EAST","CITY OF SALISBURY",1,1,0,1,0,2021,"February","Sunday","09:35 am",50,"Sealed","Dry","Not Raining","Daylight","Roll Over",1,,,1335134.79,1687212.31
"2021-13605-19/09/2025","SALISBURY DOWNS","CITY OF SALISBURY",2,1,0,0,1,2021,"February","Saturday","04:00 pm",60,"Sealed","Dry","Not Raining","Daylight","Rear End",2,,,1330533.89,1687541.31
"2021-13611-19/09/2025","NEWTON","CC CAMPBELLTOWN.",2,1,0,0,1,2021,"February","Sunday","11:55 am",60,"Sealed","Dry","Not Raining","Daylight","Right Angle",1,,,1336041.78,1674570.62
"2021-13613-19/09/2025","MEADOWS","DC MT.BARKER.",2,2,0,1,1,2021,"February","Sunday","07:49 am",100,"Sealed","Dry","Not Raining","Daylight","Roll Over",1,,,1341860.5,1644025.33
"2021-13620-19/09/2025","WILLOW CREEK","DC YANKALILLA.",2,1,0,0,1,2021,"February","Sunday","12:40 pm",100,"Sealed","Dry","Not Raining","Daylight","Hit Animal",2,,,1307593.39,1602262.47
"2021-13621-19/09/2025","MIDDLETON","ALEXANDRINA COUNCIL",1,2,0,1,1,2021,"February","Sunday","03:00 pm",100,"Sealed","Dry","Not Raining","Daylight","Left Road - Out of Control",1,,,1337974.61,1608217.85
"2021-13622-19/09/2025","KERSBROOK","THE ADELAIDE HILLS COUNCIL",2,1,0,0,1,2021,"February","Sunday","02:35 pm",100,"Sealed","Dry","Not Raining","Daylight","Right Angle",1,,,1351626.3,1684092.25
"2021-13623-19/09/2025","DOVER GARDENS","CC MARION.",2,1,0,0,1,2021,"February","Sunday","04:35 pm",60,"Sealed","Dry","Not Raining","Daylight","Right Turn",1,,,1322776.93,1660610.37
"2021-13625-19/09/2025","KERSBROOK","THE ADELAIDE HILLS COUNCIL",1,1,0,1,0,2021,"February","Sunday","03:50 pm",100,"Sealed","Dry","Not Raining","Daylight","Roll Over",1,,,1355109.49,1693623.89
"2021-13628-19/09/2025","NORTH ADELAIDE","CITY OF ADELAIDE",2,1,0,0,1,2021,"February","Sunday","05:52 pm",50,"Sealed","Dry","Not Raining","Daylight","Right Angle",2,,,1327710.7,1673075.51
"2021-13631-19/09/2025","BROADVIEW","CITY OF PORT ADELAIDE ENFIELD",2,1,0,0,1,2021,"February","Sunday","07:40 pm",60,"Sealed","Dry","Not Raining","Daylight","Right Angle",1,,,1329973.8,1676460.9
"2021-13632-19/09/2025","TUNGKILLO","MID MURRAY DISTRICT COUNCIL",2,2,0,0,2,2021,"February","Sunday","03:05 pm",80,"Unsealed","Dry","Not Raining","Daylight","Hit Fixed Object",1,,,1367693.08,1674415.61
"2021-13633-19/09/2025","ADELAIDE","CITY OF ADELAIDE",2,1,0,0,1,2021,"February","Sunday","10:10 pm",50,"Sealed","Dry","Not Raining","Night","Hit Pedestrian",1,,,1327475.85,1671019.49
"2021-13635-19/09/2025","MILE END","CITY OF WEST TORRENS",2,1,0,1,0,2021,"February","Sunday","09:40 pm",60,"Sealed","Dry","Not Raining","Night","Right Angle",1,,,1326279.99,1670246.25
"2021-13636-19/09/2025","ANDREWS FARM","CITY OF PLAYFORD.",2,1,0,0,1,2021,"February","Friday","09:16 pm",60,"Sealed","Dry","Not Raining","Night","Hit Fixed Object",1,"Y",,1334615.47,1697679.27
"2021-13638-19/09/2025","KLEMZIG","CITY OF PORT ADELAIDE ENFIELD",2,1,0,1,0,2021,"March","Monday","03:45 am",60,"Sealed","Dry","Not Raining","Night","Hit Fixed Object",1,,,1331727.24,1676282.78
"2021-13645-19/09/2025","DAW PARK","CC MITCHAM.",3,1,0,0,1,2021,"March","Monday","09:20 am",60,"Sealed","Dry","Not Raining","Daylight","Rear End",1,,,1327545.34,1664827.67
"2021-13647-19/09/2025","AVENUE RANGE","DC NARACOORTE & LUCINDALE.",3,1,1,0,0,2021,"February","Sunday","11:11 pm",110,"Sealed","Dry","Not Raining","Night","Roll Over",1,"Y",,1457690.2,1442230.77
"2021-13649-19/09/2025","LONSDALE","CITY OF ONKAPARINGA",2,1,0,0,1,2021,"March","Monday","11:02 am",100,"Sealed","Dry","Not Raining","Daylight","Rear End",1,,,1319550.68,1650128.1
"2021-13650-19/09/2025","ADELAIDE","CITY OF ADELAIDE",3,1,0,0,1,2021,"February","Friday","11:40 am",60,"Sealed","Dry","Not Raining","Daylight","Rear End",2,,,1327402.15,1669734.6