"REPORT_ID","Suburb","LGA Name","Total Units","Total Cas","Total Fats","Total SI","Total MI","Year","Month","Day","Time","Area Speed","Road Surface","Moisture Cond","Weather Cond","DayNight","Crash Type","Unit Resp","DUI Involved","Drugs Involved","ACCLOC_X","ACCLOC_Y"
"2021-13652-19/09/2025","GILBERTON","WALKERVILLE TOWN COUNCIL",3,1,0,0,1,2021,"March","Monday","12:05 pm",60,"Sealed","Dry","Not Raining","Daylight","Right Turn",2,,,1329707.81,1672509.77
"2021-13665-19/09/2025","PORT ADELAIDE","CITY OF PORT ADELAIDE ENFIELD",2,1,0,0,1,2021,"March","Monday","03:10 pm",60,"Sealed","Dry","Not Raining","Daylight","Rear End",1,,,1320886.47,1680292.52
"2021-13670-19/09/2025","VALE PARK","WALKERVILLE TOWN COUNCIL",2,1,0,0,1,2021,"March","Monday","05:28 pm",60,"Sealed","Dry","Not Raining","Daylight","Right Angle",1,,,1331078.29,1675734.18
"2021-13679-19/09/2025","HAPPY VALLEY","CITY OF ONKAPARINGA",4,2,0,0,2,2021,"March","Monday","05:10 pm",80,"Sealed","Dry","Not Raining","Daylight","Head On",1,,"Y",1325684.26,1656697.3
"2021-13681-19/09/2025","SEATON","CITY OF CHARLES STURT",2,1,0,0,1,2021,"March","Monday","08:10 am",60,"Sealed","Dry","Not Raining","Daylight","Right Angle",1,,,1319946.71,1673552.05
"2021-13684-19/09/2025","PARA HILLS WEST","CITY OF SALISBURY",4,2,0,0,2,2021,"March","Monday","10:30 pm",80,"Sealed","Dry","Not Raining","Night","Rear End",1,,,1332960.7,1684940.52
"2021-13688-19/09/2025","CAMPBELLTOWN","CC CAMPBELLTOWN.",2,1,0,1,0,2021,"March","Tuesday","07:43 am",60,"Sealed","Dry","Not Raining","Daylight","Right Turn",1,,,1334076.31,1675022.85
"2021-13690-19/09/2025","PASADENA","CC MITCHAM.",2,2,0,0,2,2021,"March","Tuesday","08:10 am",60,"Sealed","Dry","Not Raining","Daylight","Rear End",2,,,1326927,1661460.34
"2021-13698-19/09/2025","FULHAM","CITY OF WEST TORRENS",2,1,0,0,1,2021,"March","Tuesday","09:15 am",60,"Sealed","Dry","Not Raining","Daylight","Rear End",1,,,1320984.51,1670884.94
"2021-13703-19/09/2025","ADELAIDE","CITY OF ADELAIDE",2,1,0,0,1,2021,"March","Tuesday","12:30 pm",50,"Sealed","Dry","Not Raining","Daylight","Side Swipe",1,,,1329040.17,1670155.77
"2021-13705-19/09/2025","GRANGE","CITY OF CHARLES STURT",2,1,0,0,1,2021,"March","Tuesday","03:00 pm",50,"Sealed","Dry","Not Raining","Daylight","Hit Parked Vehicle",1,,,1318659.59,1673362.21
"2021-13711-19/09/2025","SEATON","CITY OF CHARLES STURT",2,1,0,0,1,2021,"March","Tuesday","04:33 pm",50,"Sealed","Dry","Not Raining","Daylight","Other",9,,,1320215.4,1673321.33
"2021-13712-19/09/2025","PROSPECT","CITY OF PROSPECT",2,1,0,0,1,2021,"March","Tuesday","03:10 pm",50,"Sealed","Dry","Not Raining","Daylight","Hit Pedestrian",2,"Y",,1328109.41,1674176.13
"2021-13715-19/09/2025","PENFIELD","CITY OF PLAYFORD.",1,1,0,0,1,2021,"March","Monday","07:00 pm",80,"Sealed","Dry","Not Raining","Daylight","Roll Over",1,,,1333274.43,1696450.6
"2021-13717-19/09/2025","MACCLESFIELD","DC MT.BARKER.",1,1,0,0,1,2021,"March","Tuesday","05:27 pm",80,"Sealed","Dry","Not Raining","Daylight","Roll Over",1,,,1348886.08,1643956.84
"2021-13718-19/09/2025","BELAIR","CC MITCHAM.",2,1,0,0,1,2021,"March","Monday","08:15 am",60,"Sealed","Dry","Not Raining","Daylight","Rear End",1,,,1329030.08,1662363.79
"2021-13720-19/09/2025","VALLEY VIEW","CITY OF PORT ADELAIDE ENFIELD",2,1,0,0,1,2021,"March","Tuesday","07:49 pm",60,"Sealed","Dry","Not Raining","Daylight","Right Turn",1,,,1334550.17,1679386.94
"2021-13722-19/09/2025","DAW PARK","CC MITCHAM.",2,1,0,1,0,2021,"March","Tuesday","07:25 pm",50,"Sealed","Dry","Not Raining","Daylight","Hit Fixed Object",1,,,1326765.19,1663345.23
"2021-13725-19/09/2025","PARA HILLS WEST","CITY OF SALISBURY",2,1,0,0,1,2021,"March","Tuesday","09:15 pm",50,"Sealed","Dry","Not Raining","Night","Hit Fixed Object",1,,,1333357.99,1683835.65
"2021-13730-19/09/2025","PORT ADELAIDE","CITY OF PORT ADELAIDE ENFIELD",3,1,0,0,1,2021,"March","Wednesday","07:51 am",60,"Sealed","Dry","Not Raining","Daylight","Rear End",1,,,1320368.48,1680618.3
"2021-13731-19/09/2025","MAWSON LAKES","CITY OF SALISBURY",2,1,0,0,1,2021,"March","Wednesday","07:45 am",60,"Sealed","Dry","Not Raining","Daylight","Rear End",1,,,1330078.73,1684186
"2021-13732-19/09/2025","HOVE","CITY OF HOLDFAST BAY",2,1,0,0,1,2021,"March","Wednesday","08:46 am",60,"Sealed","Dry","Not Raining","Daylight","Right Angle",2,,,1321108.97,1661649.71
"2021-13739-19/09/2025","PYAP","LOXTON WAIKERIE DISTRICT COUNCIL",1,1,0,0,1,2021,"March","Tuesday","07:00 am",110,"Sealed","Dry","Not Raining","Night","Left Road - Out of Control",1,,,1505922.41,1714870.46
"2021-13740-19/09/2025","ATHELSTONE","CC CAMPBELLTOWN.",2,1,0,0,1,2021,"March","Wednesday","07:45 am",60,"Sealed","Dry","Not Raining","Daylight","Rear End",2,,,1337028.96,1674916.02
"2021-13742-19/09/2025","WINGFIELD","CITY OF PORT ADELAIDE ENFIELD",2,1,0,0,1,2021,"March","Tuesday","04:20 pm",60,"Sealed","Dry","Not Raining","Daylight","Rear End",2,,,1326390.75,1679153.45
"2021-13748-19/09/2025","MANNUM","MID MURRAY DISTRICT COUNCIL",2,1,0,1,0,2021,"March","Wednesday","01:25 pm",50,"Sealed","Dry","Not Raining","Daylight","Head On",1,,,1392246.41,1668999.95
"2021-13751-19/09/2025","GILBERTON","WALKERVILLE TOWN COUNCIL",2,2,0,0,2,2021,"March","Wednesday","01:40 pm",60,"Sealed","Dry","Not Raining","Daylight","Right Turn",2,,,1329707.81,1672509.77
"2021-13756-19/09/2025","SEATON","CITY OF CHARLES STURT",2,1,1,0,0,2021,"March","Wednesday","02:20 pm",60,"Sealed","Dry","Not Raining","Daylight","Hit Pedestrian",2,,,1320730.38,1675105.89
"2021-13757-19/09/2025","ASCOT PARK","CC MARION.",1,1,0,1,0,2021,"February","Sunday","08:10 pm",50,"Sealed","Dry","Not Raining","Daylight","Roll Over",1,"Y",,1324552.93,1663380.73
"2021-13761-19/09/2025","BLAKISTON","DC MT.BARKER.",2,1,0,0,1,2021,"March","Wednesday","07:00 pm",50,"Sealed","Dry","Not Raining","Daylight","Hit Fixed Object",1,,,1353694.4,1657297.1
"2021-13763-19/09/2025","HILLCREST","CITY OF PORT ADELAIDE ENFIELD",2,1,0,0,1,2021,"March","Wednesday","05:30 pm",50,"Sealed","Dry","Not Raining","Daylight","Rear End",1,,"Y",1332079.78,1677018.81
"2021-13764-19/09/2025","OLD CALPERUM","DC RENMARK PARINGA",4,7,0,1,6,2021,"March","Wednesday","06:00 pm",110,"Sealed","Dry","Not Raining","Daylight","Rear End",2,,,1521928.61,1740208.08
"2021-13767-19/09/2025","TWO WELLS","DC MALLALA.",1,1,0,0,1,2021,"March","Thursday","01:15 am",100,"Sealed","Dry","Not Raining","Night","Roll Over",1,,,1325592.53,1707746.22
"2021-13768-19/09/2025","ATHELSTONE","CC CAMPBELLTOWN.",2,1,0,1,0,2021,"March","Thursday","06:30 am",60,"Sealed","Dry","Not Raining","Night","Right Angle",2,,,1337267.32,1676864.05
"2021-13769-19/09/2025","NORTH ADELAIDE","CITY OF ADELAIDE",3,1,0,0,1,2021,"March","Thursday","06:30 am",50,"Sealed","Dry","Not Raining","Night","Hit Parked Vehicle",1,,,1328169.73,1672990.06
"2021-13771-19/09/2025","STURT","CC MARION.",2,1,0,0,1,2021,"March","Thursday","06:25 am",60,"Sealed","Dry","Not Raining","Night","Right Turn",2,,,1324404.88,1660668.91
"2021-13772-19/09/2025","WEST BEACH","CITY OF WEST TORRENS",2,1,0,0,1,2021,"March","Thursday","07:53 am",60,"Sealed","Dry","Not Raining","Daylight","Right Angle",1,,,1320199.69,1669857.09
"2021-13773-19/09/2025","NORTH ADELAIDE","CITY OF ADELAIDE",2,1,0,0,1,2021,"March","Thursday","07:03 am",50,"Sealed","Dry","Not Raining","Night","Right Angle",1,,,1328227.4,1672725.75
"2021-13774-19/09/2025","SOMERTON PARK","CITY OF HOLDFAST BAY",2,1,0,0,1,2021,"March","Wednesday","12:30 pm",50,"Sealed","Dry","Not Raining","Daylight","Rear End",2,,,1321328.48,1662895.77
"2021-13775-19/09/2025","CHELTENHAM","CITY OF CHARLES STURT",2,1,0,0,1,2021,"March","Thursday","08:56 am",60,"Sealed","Dry","Not Raining","Daylight","Side Swipe",1,,,1321915.71,1676596.73
"2021-13776-19/09/2025","CAMPBELLTOWN","CC CAMPBELLTOWN.",2,3,0,0,3,2021,"March","Thursday","08:45 am",50,"Sealed","Dry","Not Raining","Daylight","Right Angle",1,,,1335184.45,1674813.03
"2021-13777-19/09/2025","BEDFORD PARK","CC MITCHAM.",3,1,0,0,1,2021,"March","Thursday","08:45 am",60,"Sealed","Dry","Not Raining","Daylight","Rear End",1,,,1325799.67,1660410.22
"2021-13779-19/09/2025","WOODVILLE SOUTH","CITY OF CHARLES STURT",2,1,0,0,1,2021,"March","Thursday","10:09 am",60,"Sealed","Dry","Not Raining","Daylight","Side Swipe",1,,,1322938.55,1675652
"2021-13783-19/09/2025","SALISBURY EAST","CITY OF SALISBURY",2,1,0,0,1,2021,"February","Tuesday","04:30 pm",60,"Sealed","Dry","Not Raining","Daylight","Rear End",2,,,1333555.15,1685152.87
"2021-13786-19/09/2025","TRINITY GARDENS","CC OF NORWOOD,PAYNEHAM & ST PETERS",2,1,0,0,1,2021,"February","Tuesday","08:30 am",60,"Sealed","Dry","Not Raining","Daylight","Right Turn",2,,,1332434.03,1671767.17
"2021-13787-19/09/2025","WOODVILLE NORTH","CITY OF PORT ADELAIDE ENFIELD",2,1,0,0,1,2021,"March","Monday","07:30 pm",60,"Sealed","Dry","Not Raining","Daylight","Side Swipe",2,,,1323965.73,1676977.86
"2021-13790-19/09/2025","HOLDEN HILL","CITY OF PORT ADELAIDE ENFIELD",2,1,0,1,0,2021,"March","Thursday","02:00 pm",60,"Sealed","Dry","Not Raining","Daylight","Hit Fixed Object",1,,"Y",1334356.61,1678364.44
"2021-13791-19/09/2025","ANDREWS FARM","CITY OF PLAYFORD.",2,2,0,0,2,2021,"March","Thursday","03:30 pm",50,"Sealed","Dry","Not Raining","Daylight","Right Angle",1,,,1335510.3,1697859.61
"2021-13793-19/09/2025","EYRE","CITY OF PLAYFORD.",2,1,0,0,1,2021,"March","Thursday","03:25 pm",60,"Sealed","Dry","Not Raining","Daylight","Right Angle",2,,,1334450.71,1695787.2
"2021-13795-19/09/2025","DAW PARK","CC MITCHAM.",2,1,0,1,0,2021,"March","Thursday","08:35 am",60,"Sealed","Wet","Not Raining","Daylight","Rear End",2,,,1326765.19,1663345.23
"2021-13798-19/09/2025","MORPHETT VALE","CITY OF ONKAPARINGA",2,1,0,0,1,2021,"March","Thursday","06:10 pm",80,"Sealed","Dry","Not Raining","Daylight","Right Angle",2,,,1323067.15,1650493.84
"2021-13802-19/09/2025","NORTH ADELAIDE","WALKERVILLE TOWN COUNCIL",2,1,0,0,1,2021,"March","Wednesday","05:00 pm",60,"Sealed","Dry","Not Raining","Daylight","Hit Pedestrian",1,,,1328525.31,1673617.46
"2021-13804-19/09/2025","MELROSE PARK","CC MITCHAM.",2,1,0,0,1,2021,"March","Thursday","08:00 pm",60,"Sealed","Dry","Not Raining","Night","Side Swipe",2,,,1325964.25,1663361.29
"2021-13807-19/09/2025","MANGALO","DC CLEVE.",1,2,0,2,0,2021,"March","Thursday","06:45 pm",100,"Unsealed","Dry","Not Raining","Daylight","Roll Over",1,,,1147728.38,1842803.24
"2021-13813-19/09/2025","ELIZABETH VALE","CITY OF PLAYFORD.",2,1,0,0,1,2021,"March","Friday","08:44 am",80,"Sealed","Dry","Not Raining","Daylight","Rear End",2,,,1336127.79,1690812.12
"2021-13814-19/09/2025","NARACOORTE","DC NARACOORTE & LUCINDALE.",3,1,0,0,1,2021,"March","Friday","08:42 am",60,"Sealed","Dry","Not Raining","Daylight","Right Angle",2,,,1511991.53,1436389.41
"2021-13817-19/09/2025","ADELAIDE","CITY OF ADELAIDE",3,1,0,0,1,2021,"March","Friday","11:04 am",50,"Sealed","Dry","Not Raining","Daylight","Right Turn",1,,"Y",1329020.91,1670834.63
"2021-13823-19/09/2025","NORTH ADELAIDE","CITY OF ADELAIDE",4,1,0,0,1,2021,"March","Friday","11:35 am",50,"Sealed","Dry","Not Raining","Daylight","Rear End",1,,,1329076.21,1672623.03
"2021-13824-19/09/2025","PORT AUGUSTA","CC PT.AUGUSTA.",2,1,0,0,1,2021,"March","Friday","12:47 pm",50,"Sealed","Dry","Not Raining","Daylight","Right Angle",2,,,1260102.3,1942710.18
"2021-13825-19/09/2025","GAWLER","CT GAWLER.",3,1,0,0,1,2021,"March","Friday","01:00 pm",50,"Sealed","Dry","Not Raining","Daylight","Hit Pedestrian",2,,,1343361.24,1706400.98
"2021-13830-19/09/2025","WINDSOR GARDENS","CITY OF PORT ADELAIDE ENFIELD",3,2,0,0,2,2021,"March","Friday","02:23 pm",60,"Sealed","Dry","Not Raining","Daylight","Rear End",1,,,1332867.66,1677266.59
"2021-13832-19/09/2025","EDWARDSTOWN","CC MARION.",3,1,0,0,1,2021,"March","Friday","03:16 pm",50,"Sealed","Dry","Not Raining","Daylight","Right Angle",1,,,1325503.15,1664775.91
"2021-13833-19/09/2025","EDWARDSTOWN","CC MARION.",2,1,0,0,1,2021,"March","Friday","12:15 pm",50,"Sealed","Dry","Not Raining","Daylight","Hit Pedestrian",2,,,1325334.85,1665403.12
"2021-13836-19/09/2025","TWO WELLS","DC MALLALA.",2,1,0,1,0,2021,"March","Friday","01:05 pm",100,"Sealed","Dry","Not Raining","Daylight","Roll Over",1,,"Y",1321877.68,1709295.63
"2021-13840-19/09/2025","KUITPO","ALEXANDRINA COUNCIL",2,1,0,0,1,2021,"March","Friday","01:20 pm",100,"Sealed","Dry","Not Raining","Daylight","Hit Animal",2,,,1334817.88,1636465.39
"2021-13848-19/09/2025","CAMPBELLTOWN","CC CAMPBELLTOWN.",2,1,0,0,1,2021,"March","Friday","04:00 pm",50,"Sealed","Dry","Not Raining","Daylight","Rear End",2,,,1334438.24,1675603.21
"2021-13850-19/09/2025","THEBARTON","CITY OF WEST TORRENS",2,1,0,0,1,2021,"March","Friday","05:30 pm",60,"Sealed","Dry","Not Raining","Daylight","Rear End",2,,,1326527.35,1671948.55
"2021-13853-19/09/2025","HAPPY VALLEY","CITY OF ONKAPARINGA",4,2,0,0,2,2021,"March","Friday","05:25 pm",80,"Sealed","Dry","Not Raining","Daylight","Rear End",2,,,1323043.84,1653631.42
"2021-13863-19/09/2025","GOLDEN GROVE","CITY OF TEA TREE GULLY",2,1,0,1,0,2021,"March","Friday","11:20 pm",80,"Sealed","Dry","Not Raining","Night","Hit Fixed Object",1,,,1342703.98,1687321.64
"2021-13868-19/09/2025","SALISBURY DOWNS","CITY OF SALISBURY",3,1,0,1,0,2021,"March","Friday","03:26 pm",60,"Sealed","Dry","Not Raining","Daylight","Rear End",1,,,1331416.53,1686845.24
"2021-13869-19/09/2025","SALISBURY DOWNS","CITY OF SALISBURY",2,1,0,0,1,2021,"March","Saturday","11:31 am",50,"Sealed","Dry","Not Raining","Daylight","Hit Fixed Object",1,,,1330484.02,1688221.54
"2021-13870-19/09/2025","WALLAROO","COPPER COAST DISTRICT COUNCIL",2,3,0,0,3,2021,"March","Saturday","09:50 am",80,"Sealed","Dry","Not Raining","Daylight","Right Turn",1,,,1244061.26,1784316.82
"2021-13873-19/09/2025","OAKLANDS PARK","CC MARION.",2,1,0,0,1,2021,"March","Saturday","01:04 pm",60,"Sealed","Dry","Not Raining","Daylight","Side Swipe",1,,,1322759.23,1661320.47
"2021-13878-19/09/2025","HAPPY VALLEY","CITY OF ONKAPARINGA",2,1,0,0,1,2021,"March","Friday","06:50 pm",50,"Sealed","Dry","Not Raining","Daylight","Right Angle",2,,,1326923.58,1653521.31
"2021-13879-19/09/2025","ELIZABETH","CITY OF PLAYFORD.",2,1,0,0,1,2021,"March","Saturday","03:05 pm",60,"Sealed","Dry","Not Raining","Daylight","Right Turn",2,,,1335781.39,1693254.44
"2021-13880-19/09/2025","WOODVILLE NORTH","CITY OF CHARLES STURT",2,1,0,0,1,2021,"March","Saturday","03:30 pm",60,"Sealed","Dry","Not Raining","Daylight","Right Angle",1,,,1323535.02,1676767
"2021-13882-19/09/2025","ADELAIDE","CITY OF ADELAIDE",2,3,0,0,3,2021,"March","Friday","09:50 pm",50,"Sealed","Dry","Not Raining","Night","Right Turn",1,,,1329038.86,1670203.05
"2021-13887-19/09/2025","ADELAIDE","CITY OF ADELAIDE",2,1,0,0,1,2021,"March","Saturday","05:58 pm",50,"Sealed","Dry","Not Raining","Daylight","Right Angle",1,,,1328252.04,1670026.59
"2021-13889-19/09/2025","WIRRAMINNA",,2,3,2,1,0,2021,"March","Saturday","12:10 pm",110,"Sealed","Dry","Not Raining","Daylight","Head On",1,,,1141163.76,2083161.41
"2021-13892-19/09/2025","FULHAM GARDENS","CITY OF CHARLES STURT",2,1,0,0,1,2021,"March","Saturday","09:15 pm",60,"Sealed","Dry","Not Raining","Night","Right Turn",2,,,1320779.67,1673079.59
"2021-13894-19/09/2025","TATACHILLA","CITY OF ONKAPARINGA",2,3,0,1,2,2021,"March","Saturday","11:05 pm",90,"Sealed","Dry","Not Raining","Night","Right Angle",1,"Y",,1317681.62,1637008.33
"2021-13896-19/09/2025","EVANSTON GARDENS","CT GAWLER.",2,1,0,1,0,2021,"March","Saturday","10:45 pm",50,"Sealed","Dry","Not Raining","Night","Hit Parked Vehicle",1,,,1341338.75,1703580.01
"2021-13897-19/09/2025","BALAKLAVA","WAKEFIELD REGIONAL COUNCIL",2,2,0,2,0,2021,"March","Saturday","11:35 pm",100,"Unsealed","Dry","Not Raining","Night","Hit Fixed Object",1,"Y",,1316586.01,1759716.01
"2021-13898-19/09/2025","ADELAIDE","CITY OF ADELAIDE",2,1,0,0,1,2021,"March","Sunday","03:05 am",50,"Sealed","Dry","Not Raining","Night","Hit Parked Vehicle",2,,,1327578.01,1670955.14
"2021-13905-19/09/2025","URRBRAE","CC MITCHAM.",3,1,0,0,1,2021,"March","Saturday","06:10 pm",60,"Sealed","Dry","Not Raining","Daylight","Rear End",1,,,1332373.16,1666370.92
"2021-13906-19/09/2025","WALLAROO","COPPER COAST DISTRICT COUNCIL",2,1,0,0,1,2021,"March","Sunday","08:00 am",50,"Sealed","Dry","Not Raining","Daylight","Right Angle",2,,,1242756.02,1783646.45
"2021-13908-19/09/2025","HINDMARSH","CITY OF CHARLES STURT",2,1,0,0,1,2021,"March","Friday","04:40 pm",60,"Sealed","Dry","Not Raining","Daylight","Side Swipe",2,,,1325608.38,1673015.26
"2021-13910-19/09/2025","ASHTON","THE ADELAIDE HILLS COUNCIL",2,1,0,0,1,2021,"March","Sunday","10:48 am",80,"Sealed","Dry","Not Raining","Daylight","Head On",2,,,1342194.97,1668507.65
"2021-13914-19/09/2025","MONTACUTE","THE ADELAIDE HILLS COUNCIL",2,2,0,1,1,2021,"March","Sunday","08:33 am",80,"Sealed","Dry","Not Raining","Daylight","Head On",9,,,1340891.34,1673827.96
"2021-13915-19/09/2025","HINDMARSH VALLEY","DC VICTOR HARBOR.",1,1,0,1,0,2021,"March","Sunday","11:30 am",60,"Sealed","Dry","Not Raining","Daylight","Roll Over",1,,,1325752.57,1606675.89
"2021-13920-19/09/2025","HOVE","CITY OF HOLDFAST BAY",1,1,0,0,1,2021,"March","Sunday","03:14 pm",50,"Sealed","Dry","Not Raining","Daylight","Roll Over",1,,,1320229.71,1661486.39
"2021-13923-19/09/2025","CHELTENHAM","CITY OF CHARLES STURT",2,1,0,0,1,2021,"March","Sunday","06:20 pm",60,"Sealed","Dry","Not Raining","Daylight","Right Turn",1,,,1322282.82,1677760.1
"2021-13927-19/09/2025","MUNNO PARA","CITY OF PLAYFORD.",2,1,0,0,1,2021,"March","Sunday","07:40 pm",80,"Sealed","Dry","Not Raining","Daylight","Side Swipe",2,,,1338210.83,1697712.55
"2021-13928-19/09/2025","TEMPLERS","LIGHT REGIONAL COUNCIL",2,1,0,0,1,2021,"March","Sunday","07:10 pm",100,"Sealed","Dry","Not Raining","Daylight","Hit Fixed Object",1,"Y",,1344125.82,1720874.9
"2021-13930-19/09/2025","MYPONGA","DC YANKALILLA.",2,1,1,0,0,2021,"March","Sunday","09:50 pm",100,"Sealed","Wet","Raining","Night","Hit Fixed Object",1,,,1317714.67,1622739.09
"2021-13932-19/09/2025","WOODVILLE NORTH","CITY OF CHARLES STURT",2,1,0,0,1,2021,"March","Monday","12:05 am",60,"Sealed","Dry","Not Raining","Night","Side Swipe",2,,,1323965.43,1676572.47
"2021-13934-19/09/2025","MONTACUTE","THE ADELAIDE HILLS COUNCIL",1,1,0,0,1,2021,"March","Sunday","02:00 pm",70,"Sealed","Dry","Not Raining","Daylight","Roll Over",1,,,1341635.76,1677362.91
"2021-13935-19/09/2025","ADELAIDE","CITY OF ADELAIDE",2,1,0,0,1,2021,"March","Monday","09:30 am",50,"Sealed","Dry","Not Raining","Daylight","Right Turn",2,,,1329607.71,1669605.79
"2021-13936-19/09/2025","WAYVILLE","CITY OF UNLEY",2,2,0,0,2,2021,"March","Monday","10:40 am",60,"Sealed","Dry","Not Raining","Daylight","Rear End",1,,,1326888.57,1668898.92
"2021-13944-19/09/2025","PARKSIDE","CITY OF UNLEY",2,1,0,0,1,2021,"March","Wednesday","05:45 am",60,"Sealed","Dry","Not Raining","Night","Right Angle",2,,,1329057.06,1668981.6
"2021-13945-19/09/2025","MACGILLIVRAY","KANGAROO ISLAND COUNCIL",1,2,0,1,1,2021,"March","Monday","01:15 pm",100,"Unsealed","Dry","Not Raining","Daylight","Roll Over",1,,,1217441.92,1568171.44
"2021-13953-19/09/2025","KANGARILLA","CITY OF ONKAPARINGA",3,1,0,1,0,2021,"March","Monday","09:50 pm",80,"Sealed","Dry","Not Raining","Night","Hit Fixed Object",1,"Y","Y",1331483.91,1644133.09
"2021-13954-19/09/2025","WILD DOG VALLEY","DC NARACOORTE & LUCINDALE.",3,1,0,1,0,2021,"March","Monday","08:40 pm",100,"Sealed","Dry","Not Raining","Night","Hit Fixed Object",1,,,1516899.46,1446469.64
"2021-13955-19/09/2025","KENTON VALLEY","THE ADELAIDE HILLS COUNCIL",3,1,0,0,1,2021,"March","Tuesday","04:15 am",100,"Sealed","Dry","Not Raining","Night","Hit Fixed Object",1,,,1355649.23,1679221.83
"2021-13957-19/09/2025","PARAFIELD","CITY OF SALISBURY",2,2,0,1,1,2021,"March","Tuesday","06:38 am",80,"Sealed","Dry","Not Raining","Night","Right Turn",1,,,1331785.25,1683489.99
"2021-13958-19/09/2025","ROYAL PARK","CITY OF CHARLES STURT",3,1,0,0,1,2021,"March","Tuesday","08:04 am",60,"Sealed","Dry","Not Raining","Daylight","Rear End",1,,,1320686.56,1677665.91
"2021-13962-19/09/2025","ONKAPARINGA HILLS","CITY OF ONKAPARINGA",2,1,0,0,1,2021,"March","Tuesday","09:07 am",80,"Sealed","Dry","Not Raining","Daylight","Hit Fixed Object",1,,,1326551.29,1651433.44
"2021-13963-19/09/2025","KENT TOWN","CC OF NORWOOD,PAYNEHAM & ST PETERS",2,1,0,0,1,2021,"March","Tuesday","09:35 am",60,"Sealed","Dry","Not Raining","Daylight","Right Turn",1,,,1330256.63,1671517.07
"2021-13964-19/09/2025","NORTH ADELAIDE","CITY OF ADELAIDE",3,1,0,0,1,2021,"March","Tuesday","09:42 am",50,"Sealed","Dry","Not Raining","Daylight","Side Swipe",1,,,1328694.83,1672268.53
"2021-13969-19/09/2025","ENFIELD","CITY OF PORT ADELAIDE ENFIELD",2,1,0,0,1,2021,"March","Tuesday","11:06 am",60,"Sealed","Dry","Not Raining","Daylight","Right Angle",2,,,1329226.19,1676442.02
"2021-13971-19/09/2025","EDINBURGH NORTH","CITY OF PLAYFORD.",2,1,0,0,1,2021,"March","Tuesday","09:45 am",60,"Sealed","Dry","Not Raining","Daylight","Right Angle",1,,,1334921.32,1694319.84
"2021-13975-19/09/2025","ALDINGA","CITY OF ONKAPARINGA",2,1,0,0,1,2021,"March","Tuesday","01:07 pm",70,"Sealed","Dry","Not Raining","Daylight","Side Swipe",1,,,1316724.61,1633021.84
"2021-13976-19/09/2025","BUCKLAND PARK","CITY OF PLAYFORD.",2,1,0,0,1,2021,"March","Tuesday","12:55 pm",80,"Sealed","Dry","Not Raining","Daylight","Right Angle",2,,,1323692.85,1698412.78
"2021-13980-19/09/2025","SALISBURY EAST","CITY OF SALISBURY",3,1,0,0,1,2021,"March","Tuesday","03:24 pm",60,"Sealed","Dry","Not Raining","Daylight","Rear End",1,,,1333824.11,1684932.44
"2021-13987-19/09/2025","MARRYATVILLE","CC OF NORWOOD,PAYNEHAM & ST PETERS",2,1,0,0,1,2021,"March","Tuesday","06:43 pm",60,"Sealed","Dry","Not Raining","Daylight","Right Turn",1,,,1332280.78,1670410.05
"2021-13988-19/09/2025","ASHTON","THE ADELAIDE HILLS COUNCIL",2,1,0,1,0,2021,"March","Tuesday","06:18 pm",80,"Sealed","Dry","Not Raining","Daylight","Hit Fixed Object",1,,,1341792.68,1668362.23
"2021-13989-19/09/2025","GILBERTON","WALKERVILLE TOWN COUNCIL",3,1,0,0,1,2021,"March","Tuesday","07:20 pm",60,"Sealed","Dry","Not Raining","Daylight","Hit Fixed Object",1,,"Y",1329707.81,1672509.77
"2021-13990-19/09/2025","VALLEY VIEW","CITY OF PORT ADELAIDE ENFIELD",2,1,0,0,1,2021,"March","Tuesday","07:20 pm",60,"Sealed","Dry","Not Raining","Daylight","Hit Parked Vehicle",1,,,1334093.65,1679361.13
"2021-13991-19/09/2025","OAKDEN HILLS",,2,1,0,0,1,2021,"March","Tuesday","04:00 pm",110,"Sealed","Dry","Not Raining","Daylight","Hit Fixed Object",1,,,1203699.91,2036799.16
"2021-13992-19/09/2025","MCCRACKEN","DC VICTOR HARBOR.",2,2,0,0,2,2021,"March","Tuesday","04:39 pm",60,"Sealed","Dry","Not Raining","Daylight","Right Angle",1,,"Y",1328971.75,1602238.45
"2021-13993-19/09/2025","DRY CREEK","CITY OF PORT ADELAIDE ENFIELD",2,1,0,0,1,2021,"March","Tuesday","08:20 pm",60,"Sealed","Dry","Not Raining","Night","Right Angle",1,,"Y",1327273.38,1679362.04
"2021-13995-19/09/2025","ENFIELD","CITY OF PORT ADELAIDE ENFIELD",2,1,1,0,0,2021,"March","Wednesday","02:00 am",50,"Sealed","Dry","Not Raining","Night","Roll Over",1,,"Y",1329506.7,1678944.43
"2021-13997-19/09/2025","CURRENCY CREEK","ALEXANDRINA COUNCIL",3,1,0,0,1,2021,"March","Tuesday","03:30 pm",100,"Sealed","Dry","Not Raining","Daylight","Hit Fixed Object",1,,,1337494.77,1613502.96
"2021-13998-19/09/2025","O'HALLORAN HILL","CC MARION.",8,1,0,0,1,2021,"March","Wednesday","08:23 am",80,"Sealed","Dry","Not Raining","Daylight","Rear End",2,,,1324009.21,1658066.27