"REPORT_ID","Suburb","LGA Name","Total Units","Total Cas","Total Fats","Total SI","Total MI","Year","Month","Day","Time","Area Speed","Road Surface","Moisture Cond","Weather Cond","DayNight","Crash Type","Unit Resp","DUI Involved","Drugs Involved","ACCLOC_X","ACCLOC_Y"
"2021-13999-19/09/2025","CLEARVIEW","CITY OF PORT ADELAIDE ENFIELD",2,3,0,0,3,2021,"March","Wednesday","08:41 am",60,"Sealed","Dry","Not Raining","Daylight","Right Angle",1,,,1330407.48,1677751.43
"2021-14000-19/09/2025","NORTH BRIGHTON","CITY OF HOLDFAST BAY",3,1,0,0,1,2021,"March","Wednesday","08:48 am",60,"Sealed","Dry","Not Raining","Daylight","Right Turn",2,,,1321096.22,1662446.97
"2021-14004-19/09/2025","KIDMAN PARK","CITY OF CHARLES STURT",2,1,0,0,1,2021,"February","Sunday","09:20 am",60,"Sealed","Dry","Not Raining","Daylight","Rear End",2,,,1322419.52,1673125.07
"2021-14007-19/09/2025","GOODWOOD","CITY OF UNLEY",2,1,0,0,1,2021,"March","Wednesday","09:01 am",50,"Sealed","Dry","Not Raining","Daylight","Right Angle",2,,,1328379.06,1668069.42
"2021-14008-19/09/2025","GEPPS CROSS","CITY OF PORT ADELAIDE ENFIELD",2,1,0,0,1,2021,"March","Wednesday","10:05 am",60,"Sealed","Dry","Not Raining","Daylight","Hit Fixed Object",1,,,1328748.67,1679279.16
"2021-14010-19/09/2025","NEWTON","CC CAMPBELLTOWN.",2,1,0,1,0,2021,"March","Wednesday","10:10 am",60,"Sealed","Dry","Not Raining","Daylight","Hit Pedestrian",1,,,1335745.01,1674572.72
"2021-14016-19/09/2025","PETERHEAD","CITY OF PORT ADELAIDE ENFIELD",2,1,0,0,1,2021,"March","Monday","08:15 am",50,"Sealed","Dry","Not Raining","Daylight","Right Angle",2,,,1318975.85,1681568.03
"2021-14022-19/09/2025","ADELAIDE","CITY OF ADELAIDE",2,1,0,0,1,2021,"March","Wednesday","03:32 pm",50,"Sealed","Dry","Not Raining","Daylight","Side Swipe",2,,,1329226.46,1671155.57
"2021-14025-19/09/2025","ADELAIDE","CITY OF ADELAIDE",2,1,0,0,1,2021,"March","Wednesday","04:00 pm",50,"Sealed","Dry","Not Raining","Daylight","Right Turn",1,,,1329235.96,1670842.02
"2021-14028-19/09/2025","SNOWTOWN","WAKEFIELD REGIONAL COUNCIL",1,2,0,0,2,2021,"March","Wednesday","04:10 pm",110,"Sealed","Wet","Raining","Daylight","Roll Over",1,,,1297021.56,1805714.31
"2021-14035-19/09/2025","BRIGHTON","CITY OF HOLDFAST BAY",3,1,0,0,1,2021,"March","Wednesday","06:15 pm",60,"Sealed","Wet","Raining","Daylight","Rear End",1,,,1321140.87,1660895.35
"2021-14039-19/09/2025","SEACOMBE HEIGHTS","CC MARION.",2,1,0,0,1,2021,"March","Wednesday","03:20 pm",60,"Sealed","Dry","Not Raining","Daylight","Rear End",2,,,1323256.17,1659412.92
"2021-14045-19/09/2025","WOODVILLE NORTH","CITY OF CHARLES STURT",2,1,0,0,1,2021,"March","Wednesday","09:30 pm",60,"Sealed","Wet","Raining","Night","Hit Pedestrian",1,,,1323959.1,1677259.04
"2021-14048-19/09/2025","HINDMARSH VALLEY","DC VICTOR HARBOR.",2,1,0,0,1,2021,"March","Thursday","12:30 am",100,"Sealed","Wet","Raining","Night","Hit Fixed Object",1,,,1328998.21,1607115.69
"2021-14049-19/09/2025","HAWTHORNDENE","CC MITCHAM.",2,1,0,0,1,2021,"March","Thursday","08:59 am",50,"Sealed","Dry","Not Raining","Daylight","Right Angle",1,,,1330046.87,1659778.23
"2021-14050-19/09/2025","ADELAIDE","CITY OF ADELAIDE",2,1,0,0,1,2021,"March","Thursday","09:18 am",50,"Sealed","Dry","Not Raining","Daylight","Right Angle",1,,,1327921.16,1670654.98
"2021-14055-19/09/2025","BEULAH PARK","CITY OF BURNSIDE",2,1,0,0,1,2021,"February","Friday","03:15 pm",60,"Sealed","Dry","Not Raining","Daylight","Right Turn",2,,,1332831.87,1671778.79
"2021-14056-19/09/2025","MONASH","THE BERRI BARMERA COUNCIL",2,1,0,0,1,2021,"March","Thursday","08:30 am",80,"Sealed","Wet","Not Raining","Daylight","Right Angle",1,,,1511555.53,1739478.41
"2021-14060-19/09/2025","INGLE FARM","CITY OF SALISBURY",2,1,0,0,1,2021,"March","Wednesday","10:15 am",60,"Sealed","Dry","Not Raining","Daylight","Rear End",2,,,1332120.96,1681780.41
"2021-14063-19/09/2025","CLARENCE GARDENS","CC MITCHAM.",2,1,0,1,0,2021,"March","Thursday","02:00 pm",60,"Sealed","Dry","Not Raining","Daylight","Hit Pedestrian",2,,,1325913.92,1665078.27
"2021-14066-19/09/2025","KESWICK TERMINAL","CITY OF WEST TORRENS",2,1,0,0,1,2021,"March","Thursday","02:05 pm",60,"Sealed","Dry","Not Raining","Daylight","Right Turn",1,,,1326431.95,1668966.24
"2021-14068-19/09/2025","SOUTH PLYMPTON","CC MARION.",2,1,0,0,1,2021,"March","Thursday","03:20 pm",60,"Sealed","Dry","Not Raining","Daylight","Right Angle",1,,,1324254.2,1665932.44
"2021-14069-19/09/2025","EDWARDSTOWN","CC MARION.",2,1,0,0,1,2021,"March","Thursday","03:36 pm",50,"Sealed","Dry","Not Raining","Daylight","Side Swipe",2,,,1325084.09,1665162.96
"2021-14070-19/09/2025","ADELAIDE","CITY OF ADELAIDE",2,1,0,0,1,2021,"March","Thursday","03:28 pm",50,"Sealed","Dry","Not Raining","Daylight","Hit Pedestrian",2,,,1327349.63,1671109.58
"2021-14071-19/09/2025","STEPNEY","CC OF NORWOOD,PAYNEHAM & ST PETERS",2,1,0,0,1,2021,"March","Thursday","03:35 pm",60,"Sealed","Dry","Not Raining","Daylight","Right Angle",1,,,1330850.4,1672049.36
"2021-14075-19/09/2025","KLEMZIG","CITY OF PORT ADELAIDE ENFIELD",3,1,0,0,1,2021,"March","Thursday","04:30 pm",60,"Sealed","Dry","Not Raining","Daylight","Rear End",1,,,1331924.23,1676453.01
"2021-14077-19/09/2025","HOVE","CITY OF HOLDFAST BAY",2,1,0,0,1,2021,"March","Thursday","09:00 am",60,"Sealed","Dry","Not Raining","Daylight","Rear End",2,,,1321121.1,1661257.77
"2021-14078-19/09/2025","MANNUM","MID MURRAY DISTRICT COUNCIL",3,1,0,0,1,2021,"March","Thursday","08:30 am",50,"Sealed","Dry","Not Raining","Daylight","Hit Parked Vehicle",1,,,1393099.64,1669460.5
"2021-14079-19/09/2025","ADELAIDE","CITY OF ADELAIDE",2,1,0,0,1,2021,"March","Thursday","05:45 pm",50,"Sealed","Dry","Not Raining","Daylight","Side Swipe",1,,,1329249.11,1670379.43
"2021-14087-19/09/2025","MURRAY BRIDGE SOUTH","RC MURRAY BRIDGE.",2,1,0,0,1,2021,"March","Friday","05:40 am",110,"Sealed","Dry","Not Raining","Night","Right Angle",2,,,1390136.37,1643325
"2021-14089-19/09/2025","WOODVILLE NORTH","CITY OF CHARLES STURT",2,1,0,0,1,2021,"March","Friday","07:20 am",60,"Sealed","Dry","Not Raining","Daylight","Right Angle",1,,,1323076.99,1677139.12
"2021-14090-19/09/2025","OAKLANDS PARK","CC MARION.",2,1,0,0,1,2021,"March","Wednesday","01:10 pm",60,"Sealed","Dry","Not Raining","Daylight","Hit Pedestrian",2,,,1323584.78,1660656.62
"2021-14093-19/09/2025","HENLEY BEACH","CITY OF CHARLES STURT",2,1,0,0,1,2021,"March","Thursday","07:00 pm",60,"Sealed","Dry","Not Raining","Daylight","Right Turn",1,,,1319809.65,1673054.86
"2021-14094-19/09/2025","GOLDEN GROVE","CITY OF TEA TREE GULLY",2,1,0,0,1,2021,"March","Thursday","02:55 pm",25,"Sealed","Dry","Not Raining","Daylight","Right Angle",2,,,1338885.28,1685669.93
"2021-14096-19/09/2025","ATHELSTONE","CC CAMPBELLTOWN.",2,1,1,0,0,2021,"March","Friday","10:44 am",60,"Sealed","Dry","Not Raining","Daylight","Hit Fixed Object",1,,,1338130.19,1674871.45
"2021-14098-19/09/2025","NORWOOD","CC OF NORWOOD,PAYNEHAM & ST PETERS",2,1,0,0,1,2021,"March","Friday","08:40 am",60,"Sealed","Dry","Not Raining","Daylight","Right Angle",2,,,1331163.63,1671049.76
"2021-14099-19/09/2025","OAKLANDS PARK","CC MARION.",2,1,0,0,1,2021,"March","Friday","10:40 am",60,"Sealed","Dry","Not Raining","Daylight","Right Angle",2,,,1322759.23,1661320.47
"2021-14101-19/09/2025","PORT LINCOLN","CC PT.LINCOLN.",2,1,0,0,1,2021,"March","Friday","11:50 am",50,"Sealed","Dry","Not Raining","Daylight","Right Angle",2,,,1079761.95,1697444.01
"2021-14104-19/09/2025","LOWER MITCHAM","CC MITCHAM.",2,1,0,0,1,2021,"March","Friday","02:09 pm",60,"Sealed","Dry","Not Raining","Daylight","Right Turn",1,,,1329170.96,1665061.71
"2021-14118-19/09/2025","KINGSFORD","LIGHT REGIONAL COUNCIL",1,1,1,0,0,2021,"March","Friday","02:25 pm",110,"Sealed","Dry","Not Raining","Daylight","Roll Over",1,,,1346781.86,1712676.22
"2021-14119-19/09/2025","DAWESLEY","DC MT.BARKER.",2,1,0,1,0,2021,"March","Friday","03:25 pm",60,"Sealed","Dry","Not Raining","Daylight","Head On",2,,,1359664.4,1656871.42
"2021-14121-19/09/2025","WHITES VALLEY","CITY OF ONKAPARINGA",5,6,0,2,4,2021,"March","Friday","09:15 pm",80,"Sealed","Dry","Not Raining","Night","Right Angle",1,,,1320139.7,1632399.02
"2021-14122-19/09/2025","WILMINGTON","DC MT.REMARKABLE.",2,1,0,0,1,2021,"March","Friday","05:30 pm",60,"Unsealed","Dry","Not Raining","Daylight","Hit Fixed Object",1,"Y",,1291084.61,1923813.06
"2021-14126-19/09/2025","BROMPTON","CITY OF CHARLES STURT",2,1,0,0,1,2021,"March","Saturday","09:43 am",60,"Sealed","Wet","Not Raining","Daylight","Right Angle",2,,,1326963.8,1674068.65
"2021-14130-19/09/2025","MODBURY","CITY OF TEA TREE GULLY",4,1,0,0,1,2021,"March","Saturday","10:40 am",60,"Sealed","Wet","Raining","Daylight","Rear End",1,,,1336474.26,1680681.83
"2021-14132-19/09/2025","SMITHFIELD","CITY OF PLAYFORD.",2,1,0,0,1,2021,"March","Saturday","10:45 am",80,"Sealed","Wet","Raining","Daylight","Rear End",2,,,1337639.53,1696642.01
"2021-14134-19/09/2025","SMITHFIELD","CITY OF PLAYFORD.",3,1,0,0,1,2021,"March","Saturday","11:55 am",80,"Sealed","Wet","Raining","Daylight","Rear End",1,,,1337612.7,1696654.75
"2021-14143-19/09/2025","SEATON","CITY OF CHARLES STURT",7,1,0,0,1,2021,"March","Saturday","03:00 pm",60,"Sealed","Dry","Not Raining","Daylight","Hit Fixed Object",1,,,1320741.8,1674689.58
"2021-14148-19/09/2025","KANGARILLA","CITY OF ONKAPARINGA",2,1,0,0,1,2021,"March","Saturday","04:43 pm",60,"Sealed","Dry","Not Raining","Daylight","Hit Fixed Object",1,,,1333279.09,1645815.9
"2021-14149-19/09/2025","KENSINGTON","CC OF NORWOOD,PAYNEHAM & ST PETERS",5,3,0,0,3,2021,"March","Saturday","05:20 pm",60,"Sealed","Dry","Not Raining","Daylight","Rear End",1,,,1332256.49,1670797
"2021-14151-19/09/2025","ST PETERS","CC OF NORWOOD,PAYNEHAM & ST PETERS",3,1,0,0,1,2021,"March","Saturday","07:12 pm",60,"Sealed","Dry","Not Raining","Daylight","Rear End",1,,,1330789.98,1672837.2
"2021-14157-19/09/2025","MACCLESFIELD","DC MT.BARKER.",2,1,0,1,0,2021,"March","Sunday","03:15 am",80,"Sealed","Wet","Raining","Night","Hit Fixed Object",1,,,1348710.46,1644434.86
"2021-14159-19/09/2025","MOUNT SCHANK","DISTRICT COUNCIL OF GRANT",3,1,0,0,1,2021,"March","Sunday","06:30 am",100,"Sealed","Dry","Not Raining","Night","Hit Fixed Object",1,"Y","Y",1503994.52,1326343.53
"2021-14161-19/09/2025","HILTON","CITY OF WEST TORRENS",2,1,0,0,1,2021,"March","Saturday","02:45 pm",60,"Sealed","Dry","Not Raining","Daylight","Rear End",2,,,1325766.05,1670087.95
"2021-14163-19/09/2025","HOUGHTON","CITY OF TEA TREE GULLY",2,1,0,0,1,2021,"March","Sunday","11:10 am",80,"Sealed","Dry","Not Raining","Daylight","Right Angle",2,,,1342993.75,1681776.36
"2021-14164-19/09/2025","THEBARTON","CITY OF WEST TORRENS",2,1,0,0,1,2021,"March","Sunday","11:36 am",60,"Sealed","Dry","Not Raining","Daylight","Rear End",2,,,1326578.58,1671690.95
"2021-14165-19/09/2025","POLTALLOCH","COORONG DISTRICT COUNCIL",1,1,0,0,1,2021,"March","Sunday","12:15 pm",100,"Sealed","Dry","Not Raining","Daylight","Roll Over",1,,,1380605.45,1604200.94
"2021-14169-19/09/2025","MORGAN","MID MURRAY DISTRICT COUNCIL",2,1,0,0,1,2021,"March","Sunday","01:00 pm",60,"Sealed","Dry","Not Raining","Daylight","Right Turn",2,,,1430097.82,1765591.04
"2021-14171-19/09/2025","TORRENSVILLE","CITY OF WEST TORRENS",3,1,0,0,1,2021,"March","Sunday","02:14 pm",60,"Sealed","Dry","Not Raining","Daylight","Rear End",1,,,1325505.94,1671833.21
"2021-14176-19/09/2025","TUSMORE","CITY OF BURNSIDE",4,1,0,0,1,2021,"March","Sunday","05:35 pm",60,"Sealed","Dry","Not Raining","Daylight","Rear End",1,,,1332312.22,1669046.07
"2021-14177-19/09/2025","BLAIR ATHOL","CITY OF PORT ADELAIDE ENFIELD",2,1,0,0,1,2021,"March","Sunday","05:36 pm",50,"Sealed","Dry","Not Raining","Daylight","Right Angle",1,,,1328604.98,1678255.25
"2021-14179-19/09/2025","HALLETT COVE","CC MARION.",2,2,0,0,2,2021,"March","Sunday","07:20 pm",60,"Sealed","Dry","Not Raining","Daylight","Head On",2,,,1321286.77,1655853
"2021-14181-19/09/2025","SMITHFIELD","CITY OF PLAYFORD.",2,2,0,0,2,2021,"March","Sunday","08:30 pm",80,"Sealed","Dry","Not Raining","Night","Side Swipe",2,"Y",,1338121.61,1697555.03
"2021-14182-19/09/2025","CUDLEE CREEK","THE ADELAIDE HILLS COUNCIL",2,1,0,1,0,2021,"March","Sunday","07:30 pm",80,"Sealed","Dry","Not Raining","Daylight","Hit Fixed Object",1,,,1350640.08,1674986.17
"2021-14183-19/09/2025","PARACOMBE","THE ADELAIDE HILLS COUNCIL",3,1,0,0,1,2021,"March","Sunday","08:25 pm",80,"Sealed","Dry","Not Raining","Night","Hit Fixed Object",1,,,1343731.99,1677211.51
"2021-14184-19/09/2025","INGLE FARM","CITY OF SALISBURY",2,1,0,1,0,2021,"March","Sunday","10:07 pm",70,"Sealed","Dry","Not Raining","Night","Hit Fixed Object",1,"Y",,1332135.16,1681789.77
"2021-14185-19/09/2025","BURTON","CITY OF SALISBURY",2,2,0,0,2,2021,"March","Monday","06:45 am",60,"Sealed","Dry","Not Raining","Night","Head On",1,,"Y",1329863.35,1691054.15
"2021-14190-19/09/2025","TRANMERE","CC CAMPBELLTOWN.",2,1,0,0,1,2021,"March","Sunday","09:20 pm",60,"Sealed","Dry","Not Raining","Night","Rear End",2,,,1333834.79,1672885.54
"2021-14191-19/09/2025","COWANDILLA","CITY OF WEST TORRENS",1,1,0,0,1,2021,"March","Monday","07:30 am",60,"Sealed","Dry","Not Raining","Daylight","Other",1,,,1324145.91,1670034.04
"2021-14194-19/09/2025","MORCHARD","DC OF ORROROO/CARRIETON",2,1,0,0,1,2021,"March","Friday","10:30 pm",110,"Sealed","Dry","Not Raining","Night","Hit Fixed Object",1,"Y","Y",1326697.92,1914962.97
"2021-14195-19/09/2025","PARACOMBE","CITY OF TEA TREE GULLY",2,1,0,0,1,2021,"March","Tuesday","05:10 pm",70,"Sealed","Dry","Not Raining","Daylight","Rear End",2,,,1342082.11,1677095.28
"2021-14196-19/09/2025","NARACOORTE","DC NARACOORTE & LUCINDALE.",2,1,0,0,1,2021,"March","Monday","09:20 am",60,"Sealed","Dry","Not Raining","Daylight","Right Angle",1,,,1510755.59,1437794.39
"2021-14198-19/09/2025","OAKLANDS PARK","CC MARION.",2,1,0,0,1,2021,"March","Thursday","11:45 am",60,"Sealed","Dry","Not Raining","Daylight","Rear End",2,,,1323125.82,1661095.46
"2021-14203-19/09/2025","TORRENS PARK","CC MITCHAM.",2,1,0,0,1,2021,"March","Thursday","05:42 pm",60,"Sealed","Dry","Not Raining","Daylight","Rear End",2,,,1329617.59,1664220.16
"2021-14205-19/09/2025","FELIXSTOW","CC OF NORWOOD,PAYNEHAM & ST PETERS",2,1,0,0,1,2021,"March","Monday","03:17 pm",50,"Sealed","Dry","Not Raining","Daylight","Right Angle",2,,,1333421.25,1674587.66
"2021-14212-19/09/2025","ADELAIDE","CITY OF ADELAIDE",4,2,0,0,2,2021,"March","Monday","05:24 pm",60,"Sealed","Dry","Not Raining","Daylight","Rear End",1,,,1327907.21,1671144.68
"2021-14214-19/09/2025","FLINDERS PARK","CITY OF CHARLES STURT",2,1,0,0,1,2021,"March","Monday","05:30 pm",60,"Sealed","Dry","Not Raining","Daylight","Right Turn",2,,,1322549.61,1673120.95
"2021-14223-19/09/2025","HILTON","CITY OF WEST TORRENS",2,1,0,0,1,2021,"March","Tuesday","08:05 am",60,"Sealed","Dry","Not Raining","Daylight","Right Turn",1,,,1325158.67,1670075.2
"2021-14224-19/09/2025","SALISBURY NORTH","CITY OF SALISBURY",2,1,0,0,1,2021,"March","Tuesday","08:45 am",50,"Sealed","Dry","Not Raining","Daylight","Hit Pedestrian",2,,,1331982.04,1690051.83
"2021-14227-19/09/2025","ST PETERS","CC OF NORWOOD,PAYNEHAM & ST PETERS",2,1,0,0,1,2021,"March","Monday","05:30 pm",60,"Sealed","Dry","Not Raining","Daylight","Right Angle",2,,,1331255.59,1672587.7
"2021-14228-19/09/2025","CHAPMAN BORE","RC MURRAY BRIDGE.",2,1,1,0,0,2021,"March","Tuesday","09:00 am",110,"Sealed","Dry","Not Raining","Daylight","Hit Fixed Object",1,,,1413721.64,1645451.56
"2021-14233-19/09/2025","KINGS PARK","CITY OF UNLEY",2,2,0,0,2,2021,"March","Monday","09:10 am",60,"Sealed","Dry","Not Raining","Daylight","Rear End",2,,,1327491.22,1666768.64
"2021-14235-19/09/2025","KESWICK TERMINAL","CITY OF WEST TORRENS",2,3,0,0,3,2021,"March","Tuesday","11:50 am",60,"Sealed","Dry","Not Raining","Daylight","Right Turn",1,,,1326431.95,1668966.24
"2021-14236-19/09/2025","KLEMZIG","CITY OF PORT ADELAIDE ENFIELD",3,1,0,0,1,2021,"March","Sunday","07:30 pm",60,"Sealed","Dry","Not Raining","Daylight","Rear End",2,,,1332000.51,1675409.15
"2021-14238-19/09/2025","TORRENSVILLE","CITY OF WEST TORRENS",2,1,0,1,0,2021,"March","Tuesday","10:35 am",50,"Sealed","Dry","Not Raining","Daylight","Hit Parked Vehicle",1,,"Y",1324744.39,1671459.72
"2021-14239-19/09/2025","MOUNT GEORGE","THE ADELAIDE HILLS COUNCIL",2,1,0,0,1,2021,"March","Tuesday","06:30 am",80,"Sealed","Wet","Raining","Night","Roll Over",1,,,1343268.39,1662698.53
"2021-14242-19/09/2025","NINNES","BARUNGA WEST DISTRICT COUNCIL",1,2,0,0,2,2021,"March","Monday","11:30 am",100,"Sealed","Dry","Not Raining","Daylight","Left Road - Out of Control",1,,,1277764.06,1783655.37
"2021-14247-19/09/2025","ALBERT PARK","CITY OF CHARLES STURT",2,1,0,0,1,2021,"March","Tuesday","03:15 pm",60,"Sealed","Dry","Not Raining","Daylight","Hit Parked Vehicle",1,,,1321133.6,1677213.48
"2021-14253-19/09/2025","MOUNT PLEASANT","THE BAROSSA COUNCIL.",3,1,1,0,0,2021,"March","Tuesday","01:25 pm",80,"Sealed","Dry","Not Raining","Daylight","Hit Fixed Object",9,,,1367896.6,1684395.88
"2021-14254-19/09/2025","WINDSOR GARDENS","CITY OF PORT ADELAIDE ENFIELD",2,1,0,0,1,2021,"March","Tuesday","05:30 pm",60,"Sealed","Dry","Not Raining","Daylight","Hit Fixed Object",1,,,1332870.84,1677269.34
"2021-14257-19/09/2025","LARGS BAY","CITY OF PORT ADELAIDE ENFIELD",2,1,0,0,1,2021,"March","Tuesday","05:42 pm",60,"Sealed","Dry","Not Raining","Daylight","Hit Parked Vehicle",1,,,1318587.52,1681591.94
"2021-14269-19/09/2025","GEPPS CROSS","CITY OF PORT ADELAIDE ENFIELD",4,1,0,0,1,2021,"March","Wednesday","07:56 am",60,"Sealed","Dry","Not Raining","Daylight","Rear End",1,,"Y",1329876.77,1679307.63
"2021-14270-19/09/2025","CAMPBELLTOWN","CC CAMPBELLTOWN.",2,1,0,1,0,2021,"March","Wednesday","08:35 am",60,"Sealed","Dry","Not Raining","Daylight","Hit Object on Road",1,,,1335389.27,1675318.98
"2021-14273-19/09/2025","WILLUNGA SOUTH","CITY OF ONKAPARINGA",1,1,0,0,1,2021,"March","Wednesday","07:30 am",100,"Sealed","Dry","Not Raining","Daylight","Roll Over",1,,,1324050.01,1631228.84
"2021-14275-19/09/2025","BEDFORD PARK","CC MARION.",3,1,0,0,1,2021,"March","Wednesday","08:45 am",70,"Sealed","Dry","Not Raining","Daylight","Rear End",1,,,1324882.47,1660178.81
"2021-14278-19/09/2025","TORRENSVILLE","CITY OF WEST TORRENS",1,1,0,0,1,2021,"March","Wednesday","10:59 am",50,"Sealed","Dry","Not Raining","Daylight","Other",1,,,1324657.8,1671815.06
"2021-14281-19/09/2025","WOODVILLE NORTH","CITY OF PORT ADELAIDE ENFIELD",4,4,0,0,4,2021,"March","Wednesday","12:00 pm",60,"Sealed","Dry","Not Raining","Daylight","Rear End",1,,"Y",1323969.79,1676800.18
"2021-14286-19/09/2025","PENFIELD GARDENS","CITY OF PLAYFORD.",2,1,0,0,1,2021,"March","Wednesday","09:40 am",60,"Sealed","Dry","Not Raining","Daylight","Right Angle",2,,,1333134.46,1700544.36
"2021-14287-19/09/2025","VICTOR HARBOR","DC VICTOR HARBOR.",2,1,0,0,1,2021,"March","Wednesday","08:30 am",60,"Sealed","Dry","Not Raining","Daylight","Side Swipe",1,,,1327936.53,1601545.23
"2021-14288-19/09/2025","EDINBURGH NORTH","CITY OF PLAYFORD.",2,1,0,0,1,2021,"March","Wednesday","11:15 am",60,"Sealed","Dry","Not Raining","Daylight","Right Angle",2,,,1334921.32,1694319.84
"2021-14293-19/09/2025","FARRELL FLAT","REGIONAL COUNCIL OF GOYDER",2,2,0,0,2,2021,"March","Tuesday","05:00 pm",110,"Sealed","Dry","Not Raining","Daylight","Hit Fixed Object",1,,,1352120.66,1794200.31
"2021-14294-19/09/2025","NORTH ADELAIDE","CITY OF ADELAIDE",2,1,0,0,1,2021,"March","Wednesday","07:00 am",60,"Sealed","Dry","Not Raining","Night","Rear End",2,,,1327899.7,1671597.52
"2021-14297-19/09/2025","DULWICH","CITY OF BURNSIDE",2,1,0,0,1,2021,"March","Wednesday","04:45 pm",60,"Sealed","Dry","Not Raining","Daylight","Rear End",2,,,1330662.19,1669333.16
"2021-14301-19/09/2025","THORNGATE","CITY OF PROSPECT",2,1,0,0,1,2021,"March","Wednesday","05:08 pm",60,"Sealed","Dry","Not Raining","Daylight","Side Swipe",2,,,1328488.59,1673828.14
"2021-14307-19/09/2025","WEST HINDMARSH","CITY OF CHARLES STURT",3,1,0,0,1,2021,"March","Wednesday","05:55 pm",60,"Sealed","Dry","Not Raining","Daylight","Rear End",1,,,1325342.23,1672466.14
"2021-14309-19/09/2025","PALMER","MID MURRAY DISTRICT COUNCIL",2,1,0,1,0,2021,"March","Wednesday","05:30 pm",100,"Sealed","Dry","Not Raining","Daylight","Hit Fixed Object",1,"Y",,1380118.3,1670723.63
"2021-14311-19/09/2025","NORTH ADELAIDE","CITY OF ADELAIDE",2,1,0,0,1,2021,"March","Wednesday","09:30 pm",60,"Sealed","Dry","Not Raining","Night","Right Turn",2,,,1327899.7,1671597.52
"2021-14312-19/09/2025","CHELTENHAM","CITY OF CHARLES STURT",2,1,0,1,0,2021,"March","Wednesday","09:25 pm",50,"Sealed","Dry","Not Raining","Night","Hit Pedestrian",1,,,1321696.84,1677794.02
"2021-14316-19/09/2025","UPPER STURT","THE ADELAIDE HILLS COUNCIL",2,1,0,0,1,2021,"March","Thursday","06:35 am",80,"Sealed","Dry","Not Raining","Night","Hit Fixed Object",1,,"Y",1336211.33,1659361.51
"2021-14321-19/09/2025","JOSLIN","CC OF NORWOOD,PAYNEHAM & ST PETERS",2,1,0,0,1,2021,"March","Thursday","09:13 am",60,"Sealed","Dry","Not Raining","Daylight","Right Turn",1,,,1331531.4,1672956.29
"2021-14323-19/09/2025","HOPE VALLEY","CITY OF TEA TREE GULLY",2,1,0,1,0,2021,"March","Thursday","09:45 am",60,"Sealed","Dry","Not Raining","Daylight","Right Turn",1,,,1337668.78,1679481.5
"2021-14327-19/09/2025","PARA HILLS","CITY OF SALISBURY",3,1,0,0,1,2021,"March","Thursday","08:45 am",60,"Sealed","Dry","Not Raining","Daylight","Rear End",1,,,1334212.45,1684610.87
"2021-14328-19/09/2025","SOMERTON PARK","CITY OF HOLDFAST BAY",2,1,0,0,1,2021,"March","Wednesday","08:30 pm",60,"Sealed","Dry","Not Raining","Night","Right Angle",2,,,1321523.08,1663018.63
"2021-14330-19/09/2025","PASADENA","CC MITCHAM.",2,1,0,0,1,2021,"March","Thursday","11:00 am",60,"Sealed","Dry","Not Raining","Daylight","Rear End",2,,,1327597.17,1663226.17
"2021-14331-19/09/2025","NORTH BRIGHTON","CITY OF HOLDFAST BAY",2,1,0,0,1,2021,"March","Thursday","11:35 am",50,"Sealed","Dry","Not Raining","Daylight","Right Turn",2,,,1321352.34,1661890
"2021-14339-19/09/2025","GEPPS CROSS","CITY OF PORT ADELAIDE ENFIELD",3,3,0,0,3,2021,"March","Thursday","12:50 pm",60,"Sealed","Dry","Not Raining","Daylight","Side Swipe",1,,,1329140.48,1679288.69
"2021-14340-19/09/2025","ALLENBY GARDENS","CITY OF CHARLES STURT",2,1,0,0,1,2021,"March","Thursday","01:35 pm",60,"Sealed","Dry","Not Raining","Daylight","Right Turn",1,,,1324411.33,1673184.75
"2021-14341-19/09/2025","WIRRULLA","DC STREAKY BAY.",1,2,0,0,2,2021,"March","Thursday","07:30 am",110,"Sealed","Dry","Not Raining","Daylight","Roll Over",1,,,952809.21,1954443.06
"2021-14345-19/09/2025","DRY CREEK","CITY OF PORT ADELAIDE ENFIELD",2,1,0,0,1,2021,"March","Thursday","02:50 pm",90,"Sealed","Dry","Not Raining","Daylight","Hit Fixed Object",1,,,1325886.11,1681130.54
"2021-14347-19/09/2025","MELROSE PARK","CC MITCHAM.",2,1,0,0,1,2021,"March","Thursday","03:22 pm",50,"Sealed","Dry","Not Raining","Daylight","Rear End",1,,,1326726.58,1664700.87
"2021-14348-19/09/2025","SOUTH PLYMPTON","CC MARION.",3,1,0,0,1,2021,"March","Thursday","03:40 pm",60,"Sealed","Dry","Not Raining","Daylight","Rear End",1,,,1324279.39,1665144.81
"2021-14349-19/09/2025","ADELAIDE","CITY OF ADELAIDE",1,1,0,1,0,2021,"March","Thursday","04:20 pm",60,"Sealed","Dry","Not Raining","Daylight","Roll Over",1,,,1330077.87,1670695.14
"2021-14353-19/09/2025","MUNNO PARA","CITY OF PLAYFORD.",2,1,0,0,1,2021,"March","Thursday","05:39 pm",60,"Sealed","Dry","Not Raining","Daylight","Right Turn",2,,,1336690.92,1698532.16
"2021-14355-19/09/2025","BERRI","THE BERRI BARMERA COUNCIL",2,2,0,0,2,2021,"March","Thursday","06:35 pm",60,"Sealed","Dry","Not Raining","Daylight","Right Angle",1,,,1513882.36,1734081.51