"REPORT_ID","Suburb","LGA Name","Total Units","Total Cas","Total Fats","Total SI","Total MI","Year","Month","Day","Time","Area Speed","Road Surface","Moisture Cond","Weather Cond","DayNight","Crash Type","Unit Resp","DUI Involved","Drugs Involved","ACCLOC_X","ACCLOC_Y"
"2021-14357-19/09/2025","NORWOOD","CC OF NORWOOD,PAYNEHAM & ST PETERS",2,1,0,0,1,2021,"March","Thursday","08:25 pm",60,"Sealed","Dry","Not Raining","Night","Hit Pedestrian",1,,,1331433.13,1671069.06
"2021-14358-19/09/2025","GEPPS CROSS","CITY OF PORT ADELAIDE ENFIELD",2,1,0,0,1,2021,"March","Thursday","08:00 pm",70,"Sealed","Dry","Not Raining","Night","Rear End",2,,,1329484.63,1680331.41
"2021-14359-19/09/2025","NOARLUNGA DOWNS","CITY OF ONKAPARINGA",3,1,0,0,1,2021,"March","Thursday","08:42 pm",80,"Sealed","Dry","Not Raining","Night","Rear End",1,,,1319267.72,1644317.67
"2021-14360-19/09/2025","SALISBURY","CITY OF SALISBURY",2,2,0,0,2,2021,"March","Thursday","09:20 pm",50,"Sealed","Dry","Not Raining","Night","Side Swipe",2,,,1333251.68,1688610.34
"2021-14361-19/09/2025","LIGHTSVIEW","CITY OF PORT ADELAIDE ENFIELD",2,1,0,0,1,2021,"March","Thursday","09:15 pm",50,"Sealed","Dry","Not Raining","Night","Right Angle",1,,,1330544.07,1677558.85
"2021-14362-19/09/2025","TAILEM BEND","COORONG DISTRICT COUNCIL",4,1,0,0,1,2021,"March","Thursday","03:25 pm",110,"Sealed","Dry","Not Raining","Daylight","Other",2,,,1399856.78,1621793.96
"2021-14365-19/09/2025","MOUNT BARKER","DC MT.BARKER.",3,1,0,0,1,2021,"March","Friday","08:35 am",60,"Sealed","Dry","Not Raining","Daylight","Rear End",2,,,1351161.48,1654545.45
"2021-14366-19/09/2025","MUNNO PARA DOWNS","CITY OF PLAYFORD.",2,1,0,0,1,2021,"March","Friday","08:10 am",90,"Sealed","Dry","Not Raining","Daylight","Rear End",2,,,1339488.5,1700011.79
"2021-14367-19/09/2025","BLYTH","WAKEFIELD REGIONAL COUNCIL",2,1,0,0,1,2021,"March","Friday","08:25 am",50,"Sealed","Dry","Not Raining","Daylight","Hit Fixed Object",1,,,1322492.61,1790645.72
"2021-14371-19/09/2025","GLENBURNIE","DISTRICT COUNCIL OF GRANT",2,2,0,1,1,2021,"March","Friday","04:00 am",100,"Unsealed","Dry","Not Raining","Night","Hit Fixed Object",1,"Y",,1516010.04,1339405.26
"2021-14374-19/09/2025","PARADISE","CC CAMPBELLTOWN.",2,1,0,0,1,2021,"March","Thursday","05:30 pm",60,"Sealed","Dry","Not Raining","Daylight","Rear End",2,,,1336833.69,1676727.38
"2021-14375-19/09/2025","CHRISTIES BEACH","CITY OF ONKAPARINGA",2,2,0,0,2,2021,"March","Thursday","07:50 pm",60,"Sealed","Dry","Not Raining","Night","Rear End",1,,,1316210.8,1647396.18
"2021-14382-19/09/2025","HALLETT COVE","CC MARION.",2,1,0,0,1,2021,"March","Friday","07:00 am",50,"Sealed","Dry","Not Raining","Night","Right Angle",2,,,1319718.1,1654121.48
"2021-14384-19/09/2025","NORTHFIELD","CITY OF PORT ADELAIDE ENFIELD",2,1,0,0,1,2021,"March","Friday","05:50 pm",60,"Sealed","Dry","Not Raining","Daylight","Side Swipe",1,,,1330390.44,1678425.04
"2021-14388-19/09/2025","NORTHFIELD","CITY OF PORT ADELAIDE ENFIELD",2,1,0,0,1,2021,"March","Friday","03:40 pm",50,"Sealed","Dry","Not Raining","Daylight","Rear End",2,,,1331200.74,1678862.45
"2021-14396-19/09/2025","KENSINGTON PARK","CITY OF BURNSIDE",2,1,0,0,1,2021,"March","Friday","09:15 pm",60,"Sealed","Dry","Not Raining","Night","Right Turn",2,,,1333879.5,1671121.63
"2021-14400-19/09/2025","TALIA","DC ELLISTON.",2,1,0,0,1,2021,"March","Saturday","05:15 am",110,"Sealed","Dry","Not Raining","Night","Hit Animal",2,,"Y",990002.41,1849071.28
"2021-14404-19/09/2025","NURIOOTPA","THE BAROSSA COUNCIL.",2,3,2,1,0,2021,"March","Saturday","02:25 am",80,"Sealed","Dry","Not Raining","Night","Hit Fixed Object",1,"Y",,1368030.94,1717679.05
"2021-14409-19/09/2025","RIDGEHAVEN","CITY OF TEA TREE GULLY",2,1,0,0,1,2021,"March","Saturday","11:40 am",60,"Sealed","Dry","Not Raining","Daylight","Right Angle",2,,,1339345.03,1681898.61
"2021-14411-19/09/2025","NOARLUNGA DOWNS","CITY OF ONKAPARINGA",2,1,0,0,1,2021,"March","Saturday","11:45 am",80,"Sealed","Dry","Not Raining","Daylight","Rear End",1,,,1319172.06,1644247.42
"2021-14412-19/09/2025","FIRLE","CC OF NORWOOD,PAYNEHAM & ST PETERS",2,1,0,0,1,2021,"March","Saturday","11:50 am",50,"Sealed","Dry","Not Raining","Daylight","Side Swipe",1,,,1333187.34,1672876.92
"2021-14417-19/09/2025","CRAFERS WEST","THE ADELAIDE HILLS COUNCIL",1,1,0,1,0,2021,"March","Saturday","10:30 am",60,"Sealed","Dry","Not Raining","Daylight","Roll Over",1,,,1336651.83,1661034.72
"2021-14419-19/09/2025","WAIKERIE","LOXTON WAIKERIE DISTRICT COUNCIL",2,1,0,0,1,2021,"March","Saturday","09:30 am",40,"Unsealed","Dry","Not Raining","Daylight","Head On",2,,,1455508.19,1749832.26
"2021-14421-19/09/2025","PASKEVILLE","COPPER COAST DISTRICT COUNCIL",2,1,0,0,1,2021,"March","Saturday","02:58 pm",100,"Sealed","Dry","Not Raining","Daylight","Right Angle",2,,,1263807.06,1772795.53
"2021-14424-19/09/2025","NORWOOD","CC OF NORWOOD,PAYNEHAM & ST PETERS",4,1,0,1,0,2021,"March","Saturday","02:10 pm",50,"Sealed","Dry","Not Raining","Daylight","Hit Pedestrian",2,,,1331969.05,1671081.11
"2021-14425-19/09/2025","HILLBANK","CITY OF PLAYFORD.",1,1,0,0,1,2021,"March","Saturday","02:48 pm",80,"Sealed","Dry","Not Raining","Daylight","Other",1,,,1336154.8,1690625.98
"2021-14431-19/09/2025","ROBE","DC ROBE.",2,1,0,0,1,2021,"March","Saturday","01:15 pm",50,"Sealed","Dry","Not Raining","Daylight","Right Angle",1,,,1423932.57,1418300.93
"2021-14437-19/09/2025","SANDY CREEK","THE BAROSSA COUNCIL.",2,1,1,0,0,2021,"March","Saturday","05:35 pm",100,"Sealed","Dry","Not Raining","Daylight","Hit Fixed Object",1,,,1349939.94,1705758.11
"2021-14438-19/09/2025","ASCOT PARK","CC MARION.",1,1,0,0,1,2021,"March","Saturday","08:20 pm",15,"Sealed","Dry","Not Raining","Night","Roll Over",1,,,1324650.15,1663504.86
"2021-14439-19/09/2025","HILTON","CITY OF WEST TORRENS",4,1,0,0,1,2021,"March","Saturday","10:40 pm",60,"Sealed","Dry","Not Raining","Night","Rear End",1,,,1325777.47,1670088.72
"2021-14440-19/09/2025","TARPEENA","DISTRICT COUNCIL OF GRANT",3,2,0,0,2,2021,"March","Saturday","07:23 pm",80,"Unsealed","Dry","Not Raining","Daylight","Hit Fixed Object",1,"Y",,1509864.85,1363401.6
"2021-14442-19/09/2025","SALISBURY NORTH","CITY OF SALISBURY",3,2,0,2,0,2021,"March","Sunday","02:25 am",50,"Sealed","Dry","Not Raining","Night","Hit Fixed Object",1,"Y",,1331116.96,1691166.11
"2021-14446-19/09/2025","WATERLOO CORNER","CITY OF PLAYFORD.",2,1,0,1,0,2021,"March","Sunday","09:36 am",110,"Sealed","Dry","Not Raining","Daylight","Rear End",2,,,1326627.45,1694486.65
"2021-14447-19/09/2025","GREEN HILLS RANGE","DC MT.BARKER.",2,1,0,1,0,2021,"March","Sunday","08:52 am",80,"Unsealed","Dry","Not Raining","Daylight","Head On",2,,,1346216.22,1643969.18
"2021-14448-19/09/2025","TENNYSON","CITY OF CHARLES STURT",2,1,0,0,1,2021,"March","Sunday","10:25 am",60,"Sealed","Dry","Not Raining","Daylight","Hit Parked Vehicle",2,,,1318445.45,1674610.76
"2021-14451-19/09/2025","PASKEVILLE","COPPER COAST DISTRICT COUNCIL",1,1,0,0,1,2021,"March","Sunday","10:57 am",100,"Sealed","Dry","Not Raining","Daylight","Roll Over",1,,,1264119.6,1772616.99
"2021-14458-19/09/2025","WELLAND","CITY OF CHARLES STURT",2,1,0,0,1,2021,"March","Sunday","05:00 pm",40,"Sealed","Dry","Not Raining","Daylight","Hit Pedestrian",2,,,1324729.92,1672931.08
"2021-14460-19/09/2025","GLADSTONE","NORTHERN AREAS DISTRICT COUNCIL",2,1,0,0,1,2021,"March","Friday","05:45 am",110,"Sealed","Dry","Not Raining","Night","Hit Animal",2,,,1310808.88,1855521.24
"2021-14461-19/09/2025","GLENSIDE","CITY OF BURNSIDE",2,1,0,0,1,2021,"March","Sunday","07:42 pm",60,"Sealed","Dry","Not Raining","Night","Right Turn",1,,,1331512.1,1669024.3
"2021-14462-19/09/2025","SHEIDOW PARK","CC MARION.",4,3,0,1,2,2021,"March","Sunday","06:45 pm",50,"Sealed","Dry","Not Raining","Daylight","Head On",1,"Y",,1321339.14,1653887.14
"2021-14465-19/09/2025","FITZROY","CITY OF PROSPECT",2,1,0,0,1,2021,"March","Monday","05:20 am",60,"Sealed","Dry","Not Raining","Night","Right Angle",1,,,1327506.44,1673633.6
"2021-14469-19/09/2025","PORT NOARLUNGA SOUTH","CITY OF ONKAPARINGA",2,4,0,0,4,2021,"March","Monday","08:30 am",70,"Sealed","Dry","Not Raining","Daylight","Right Angle",1,,,1316286,1644497.86
"2021-14470-19/09/2025","YANKALILLA","DC YANKALILLA.",2,1,0,0,1,2021,"March","Sunday","11:11 am",100,"Sealed","Dry","Not Raining","Daylight","Hit Fixed Object",1,,,1304970.24,1612728.46
"2021-14472-19/09/2025","ELIZABETH NORTH","CITY OF PLAYFORD.",2,1,0,0,1,2021,"March","Monday","08:35 am",50,"Sealed","Dry","Not Raining","Daylight","Hit Parked Vehicle",1,,"Y",1336008.56,1695481.76
"2021-14474-19/09/2025","KINGSWOOD","CC MITCHAM.",2,1,0,0,1,2021,"March","Monday","08:28 am",25,"Sealed","Dry","Not Raining","Daylight","Right Angle",2,,,1329534.62,1665583.42
"2021-14486-19/09/2025","O'HALLORAN HILL","CC MARION.",3,1,0,0,1,2021,"March","Monday","04:40 pm",100,"Sealed","Dry","Not Raining","Daylight","Other",1,,,1323006.18,1655161.1
"2021-14488-19/09/2025","PARKSIDE","CITY OF UNLEY",3,1,0,0,1,2021,"March","Monday","06:06 pm",60,"Sealed","Dry","Not Raining","Daylight","Right Turn",2,,,1329603.75,1668978.88
"2021-14491-19/09/2025","SMITHFIELD","CITY OF PLAYFORD.",2,1,0,0,1,2021,"March","Monday","04:52 pm",50,"Sealed","Dry","Not Raining","Daylight","Right Angle",1,,,1337457.92,1696962.86
"2021-14492-19/09/2025","KLEMZIG","CITY OF PORT ADELAIDE ENFIELD",3,2,0,0,2,2021,"March","Monday","07:15 pm",60,"Sealed","Dry","Not Raining","Daylight","Rear End",1,,,1331660.17,1676237.68
"2021-14495-19/09/2025","CLELAND","THE ADELAIDE HILLS COUNCIL",4,1,0,0,1,2021,"March","Monday","07:55 pm",80,"Sealed","Dry","Not Raining","Night","Side Swipe",1,,,1337629.51,1667126.69
"2021-14500-19/09/2025","MALLALA","DC MALLALA.",1,1,0,1,0,2021,"March","Monday","10:30 pm",100,"Unsealed","Dry","Not Raining","Night","Roll Over",1,,"Y",1315427.66,1729054.95
"2021-14501-19/09/2025","WINGFIELD","CITY OF PORT ADELAIDE ENFIELD",2,1,0,0,1,2021,"March","Monday","05:45 pm",60,"Sealed","Dry","Not Raining","Daylight","Rear End",2,,,1324323.55,1679167.08
"2021-14503-19/09/2025","HENLEY BEACH","CITY OF CHARLES STURT",1,1,0,1,0,2021,"March","Friday","05:58 pm",50,"Sealed","Dry","Not Raining","Daylight","Roll Over",1,,,1318718.7,1673021.6
"2021-14504-19/09/2025","DAW PARK","CC MITCHAM.",4,1,0,0,1,2021,"March","Tuesday","08:40 am",60,"Sealed","Dry","Not Raining","Daylight","Right Turn",2,,,1327572.2,1663829.74
"2021-14511-19/09/2025","CRAFERS WEST","THE ADELAIDE HILLS COUNCIL",2,1,0,0,1,2021,"March","Tuesday","06:48 am",90,"Sealed","Dry","Not Raining","Night","Side Swipe",2,,,1335706.13,1664705.42
"2021-14513-19/09/2025","WAYVILLE","CITY OF UNLEY",2,1,0,0,1,2021,"March","Tuesday","08:30 am",60,"Sealed","Dry","Not Raining","Daylight","Side Swipe",2,,,1327576.57,1668938.9
"2021-14517-19/09/2025","LEABROOK","CITY OF BURNSIDE",3,1,0,0,1,2021,"March","Monday","03:00 pm",60,"Sealed","Dry","Not Raining","Daylight","Side Swipe",2,,,1333905.94,1670231.88
"2021-14518-19/09/2025","ADELAIDE","CITY OF ADELAIDE",2,1,0,0,1,2021,"March","Tuesday","11:10 am",50,"Sealed","Dry","Not Raining","Daylight","Hit Pedestrian",1,,,1328371.22,1670161.03
"2021-14525-19/09/2025","PARIS CREEK","ALEXANDRINA COUNCIL",2,1,0,0,1,2021,"March","Tuesday","06:45 am",80,"Sealed","Dry","Not Raining","Night","Hit Fixed Object",1,,,1348081.12,1637293.36
"2021-14527-19/09/2025","PORT LINCOLN","CC PT.LINCOLN.",2,1,0,0,1,2021,"March","Tuesday","09:23 am",50,"Sealed","Dry","Not Raining","Daylight","Side Swipe",1,,,1078638.34,1698334.95
"2021-14529-19/09/2025","BERRI","THE BERRI BARMERA COUNCIL",2,2,0,0,2,2021,"March","Tuesday","03:15 pm",60,"Sealed","Dry","Not Raining","Daylight","Right Angle",2,,,1514209.68,1733976.76
"2021-14530-19/09/2025","PAYNEHAM SOUTH","CC OF NORWOOD,PAYNEHAM & ST PETERS",2,1,0,0,1,2021,"March","Monday","08:20 am",50,"Sealed","Dry","Not Raining","Daylight","Right Angle",1,,,1333014.42,1673223.86
"2021-14531-19/09/2025","MOUNT BARKER","DC MT.BARKER.",2,1,0,0,1,2021,"March","Tuesday","03:45 pm",50,"Sealed","Dry","Not Raining","Daylight","Rear End",1,,,1351475.36,1653073
"2021-14532-19/09/2025","ELIZABETH SOUTH","CITY OF PLAYFORD.",3,1,0,0,1,2021,"March","Tuesday","03:50 pm",60,"Sealed","Dry","Not Raining","Daylight","Rear End",1,,,1334610.53,1691345.8
"2021-14534-19/09/2025","GLENELG EAST","CITY OF HOLDFAST BAY",5,3,0,0,3,2021,"March","Tuesday","03:45 pm",60,"Sealed","Dry","Not Raining","Daylight","Rear End",1,,,1321026.98,1664866.01
"2021-14536-19/09/2025","ST KILDA","CITY OF SALISBURY",2,1,0,0,1,2021,"March","Tuesday","03:10 pm",80,"Sealed","Dry","Not Raining","Daylight","Side Swipe",2,,,1324839.09,1692364.18
"2021-14538-19/09/2025","ADELAIDE","CITY OF ADELAIDE",2,1,0,0,1,2021,"March","Monday","08:45 am",50,"Sealed","Dry","Not Raining","Daylight","Side Swipe",2,,,1329304.71,1671158.03
"2021-14545-19/09/2025","MANNINGHAM","CITY OF PORT ADELAIDE ENFIELD",2,1,0,0,1,2021,"March","Tuesday","05:45 pm",60,"Sealed","Dry","Not Raining","Daylight","Rear End",2,,,1330440.06,1676476.92
"2021-14548-19/09/2025","UNLEY","CITY OF UNLEY",2,1,0,1,0,2021,"March","Saturday","12:05 pm",60,"Sealed","Dry","Not Raining","Daylight","Side Swipe",2,,,1328637.97,1668952.34
"2021-14550-19/09/2025","MOUNT GEORGE","THE ADELAIDE HILLS COUNCIL",2,1,0,0,1,2021,"March","Tuesday","09:32 pm",60,"Sealed","Dry","Not Raining","Night","Hit Fixed Object",1,,,1342562.3,1661682.88
"2021-14551-19/09/2025","MOUNT GAMBIER","CC MT.GAMBIER.",2,1,0,1,0,2021,"March","Tuesday","09:06 pm",50,"Sealed","Wet","Raining","Night","Hit Pedestrian",1,,,1510094.23,1340202.19
"2021-14552-19/09/2025","CLELAND","THE ADELAIDE HILLS COUNCIL",2,1,0,0,1,2021,"March","Tuesday","07:54 pm",80,"Sealed","Dry","Not Raining","Night","Roll Over",1,,,1338837.13,1666266.4
"2021-14553-19/09/2025","MOUNT GAMBIER","CC MT.GAMBIER.",2,1,0,0,1,2021,"March","Tuesday","07:30 pm",60,"Sealed","Dry","Not Raining","Night","Hit Fixed Object",1,,,1512009.68,1339305.91
"2021-14554-19/09/2025","NURIOOTPA","THE BAROSSA COUNCIL.",1,1,1,0,0,2021,"March","Tuesday","10:46 pm",80,"Sealed","Dry","Not Raining","Night","Roll Over",1,"Y",,1365357.19,1716791.02
"2021-14556-19/09/2025","HEWETT","LIGHT REGIONAL COUNCIL",2,1,0,0,1,2021,"March","Wednesday","06:24 am",110,"Sealed","Wet","Raining","Night","Right Turn",1,,,1343223.02,1709324.57
"2021-14558-19/09/2025","DAW PARK","CC MITCHAM.",2,1,0,0,1,2021,"March","Wednesday","08:37 am",60,"Sealed","Dry","Not Raining","Daylight","Right Turn",1,,,1327551.9,1664534.85
"2021-14562-19/09/2025","CRAFERS WEST","THE ADELAIDE HILLS COUNCIL",2,1,0,0,1,2021,"March","Wednesday","07:30 am",60,"Sealed","Wet","Raining","Daylight","Hit Pedestrian",2,,,1337500.37,1662281.9
"2021-14567-19/09/2025","WALKERVILLE","WALKERVILLE TOWN COUNCIL",2,2,0,0,2,2021,"March","Wednesday","10:38 am",60,"Sealed","Dry","Not Raining","Daylight","Right Angle",2,,,1329938.27,1673778.74
"2021-14569-19/09/2025","MCLAREN VALE","CITY OF ONKAPARINGA",2,1,0,0,1,2021,"March","Wednesday","10:35 am",80,"Sealed","Dry","Not Raining","Daylight","Right Angle",1,,,1322263.95,1639474.19
"2021-14576-19/09/2025","MOONTA","COPPER COAST DISTRICT COUNCIL",1,1,0,0,1,2021,"March","Wednesday","11:13 am",60,"Sealed","Dry","Not Raining","Daylight","Roll Over",1,,,1237755.21,1768797.88
"2021-14578-19/09/2025","HILTON","CITY OF WEST TORRENS",2,1,0,0,1,2021,"March","Wednesday","01:08 pm",50,"Sealed","Dry","Not Raining","Daylight","Hit Pedestrian",1,,,1324942.84,1670168.71
"2021-14584-19/09/2025","WALKLEY HEIGHTS","CITY OF PORT ADELAIDE ENFIELD",2,1,0,0,1,2021,"March","Tuesday","06:00 pm",70,"Sealed","Dry","Not Raining","Daylight","Rear End",2,,,1333311.5,1679336.87
"2021-14585-19/09/2025","BRAHMA LODGE","CITY OF SALISBURY",2,1,0,0,1,2021,"March","Wednesday","03:38 pm",50,"Sealed","Dry","Not Raining","Daylight","Right Angle",1,,,1333776.21,1687875.95
"2021-14592-19/09/2025","WOODVILLE NORTH","CITY OF CHARLES STURT",2,1,0,0,1,2021,"March","Wednesday","06:18 pm",60,"Sealed","Dry","Not Raining","Daylight","Hit Pedestrian",1,,,1323961.84,1676737.94
"2021-14594-19/09/2025","ALBERT PARK","CITY OF CHARLES STURT",2,1,0,0,1,2021,"March","Wednesday","03:05 pm",60,"Sealed","Dry","Not Raining","Daylight","Rear End",2,,,1321307.8,1675635.58
"2021-14596-19/09/2025","ST MARYS","CC MITCHAM.",2,1,0,1,0,2021,"March","Wednesday","04:06 pm",70,"Sealed","Dry","Not Raining","Daylight","Right Angle",1,,,1326203.29,1661298.86
"2021-14598-19/09/2025","PORT PIRIE WEST","PT.PIRIE CITY & DIST. COUNCIL",2,1,0,0,1,2021,"March","Wednesday","07:50 pm",50,"Sealed","Dry","Not Raining","Night","Right Angle",1,,,1278814.34,1866043.14
"2021-14599-19/09/2025","VIRGINIA","CITY OF PLAYFORD.",2,3,0,0,3,2021,"March","Wednesday","09:10 pm",40,"Sealed","Dry","Not Raining","Night","Rear End",1,,"Y",1324099.25,1701203.91
"2021-14601-19/09/2025","ALDINGA","CITY OF ONKAPARINGA",2,1,0,0,1,2021,"March","Wednesday","11:03 pm",70,"Sealed","Wet","Not Raining","Night","Roll Over",1,,,1316812.99,1633134.17
"2021-14604-19/09/2025","KENSINGTON PARK","CITY OF BURNSIDE",2,1,0,0,1,2021,"March","Thursday","08:20 am",60,"Sealed","Dry","Not Raining","Daylight","Hit Pedestrian",2,,,1333409.3,1671107.14
"2021-14618-19/09/2025","ST MARYS","CC MITCHAM.",2,1,0,0,1,2021,"March","Thursday","12:11 pm",60,"Sealed","Dry","Not Raining","Daylight","Right Angle",1,,,1326615.52,1663325.11
"2021-14627-19/09/2025","STEPNEY","CC OF NORWOOD,PAYNEHAM & ST PETERS",2,1,0,1,0,2021,"March","Thursday","12:14 pm",60,"Sealed","Dry","Not Raining","Daylight","Hit Pedestrian",1,,,1331367.41,1671737.98
"2021-14629-19/09/2025","MONTACUTE","THE ADELAIDE HILLS COUNCIL",2,1,0,1,0,2021,"March","Thursday","11:50 am",70,"Sealed","Dry","Not Raining","Daylight","Head On",1,,,1340511.45,1677600.86
"2021-14640-19/09/2025","EDINBURGH NORTH","CITY OF PLAYFORD.",1,1,0,1,0,2021,"March","Thursday","04:03 pm",80,"Sealed","Dry","Not Raining","Daylight","Roll Over",1,,,1333888.71,1694789.04
"2021-14646-19/09/2025","CUDLEE CREEK","THE ADELAIDE HILLS COUNCIL",2,1,0,0,1,2021,"March","Wednesday","09:00 pm",80,"Sealed","Wet","Raining","Night","Hit Animal",2,,,1350534.17,1676047.25
"2021-14647-19/09/2025","KENSINGTON PARK","CITY OF BURNSIDE",2,1,0,0,1,2021,"March","Thursday","06:52 pm",60,"Sealed","Dry","Not Raining","Daylight","Right Turn",1,,,1333337.7,1671105.15
"2021-14659-19/09/2025","KINGSTON ON MURRAY","LOXTON WAIKERIE DISTRICT COUNCIL",1,1,0,0,1,2021,"March","Thursday","11:30 pm",110,"Sealed","Dry","Not Raining","Night","Left Road - Out of Control",1,,,1486787.94,1745056.68
"2021-14661-19/09/2025","EUDUNDA","REGIONAL COUNCIL OF GOYDER",2,1,0,1,0,2021,"March","Friday","02:30 am",100,"Sealed","Dry","Not Raining","Night","Hit Fixed Object",1,,"Y",1373537.44,1750528.95
"2021-14664-19/09/2025","WYNN VALE","CITY OF TEA TREE GULLY",2,1,0,0,1,2021,"March","Friday","07:41 am",60,"Sealed","Dry","Not Raining","Daylight","Rear End",1,,,1338161.59,1683651.36
"2021-14665-19/09/2025","ADELAIDE","CITY OF ADELAIDE",2,1,0,0,1,2021,"March","Friday","08:20 am",60,"Sealed","Dry","Not Raining","Daylight","Side Swipe",1,,,1329550.09,1669237.25
"2021-14668-19/09/2025","ALLENBY GARDENS","CITY OF CHARLES STURT",2,2,0,1,1,2021,"March","Friday","09:10 am",60,"Sealed","Dry","Not Raining","Daylight","Right Angle",2,,,1324197.24,1673425.82
"2021-14669-19/09/2025","ASCOT PARK","CC MARION.",2,1,0,0,1,2021,"March","Friday","10:45 am",60,"Sealed","Wet","Raining","Daylight","Rear End",1,,,1324308.05,1664147.62
"2021-14671-19/09/2025","LARGS BAY","CITY OF PORT ADELAIDE ENFIELD",2,1,0,0,1,2021,"March","Friday","10:40 am",50,"Sealed","Dry","Not Raining","Daylight","Right Angle",1,,,1319309.25,1682045.1
"2021-14673-19/09/2025","ROSEWATER","CITY OF PORT ADELAIDE ENFIELD",2,1,0,0,1,2021,"March","Friday","01:15 pm",60,"Sealed","Wet","Raining","Daylight","Hit Fixed Object",1,,,1321383.16,1679095.39
"2021-14674-19/09/2025","HACKHAM WEST","CITY OF ONKAPARINGA",2,2,0,0,2,2021,"March","Friday","02:20 pm",60,"Sealed","Dry","Not Raining","Daylight","Rear End",1,,,1320432.06,1647517.4
"2021-14677-19/09/2025","KLEMZIG","CITY OF PORT ADELAIDE ENFIELD",2,1,0,0,1,2021,"March","Thursday","06:22 pm",60,"Sealed","Dry","Not Raining","Daylight","Rear End",2,,,1331685.71,1676259.54
"2021-14678-19/09/2025","KESWICK TERMINAL","CITY OF WEST TORRENS",2,1,0,0,1,2021,"March","Friday","02:01 pm",60,"Sealed","Dry","Not Raining","Daylight","Rear End",2,,,1326490.63,1668967.75
"2021-14680-19/09/2025","ELIZABETH","CITY OF PLAYFORD.",2,1,0,1,0,2021,"March","Friday","02:25 pm",50,"Sealed","Dry","Not Raining","Daylight","Hit Pedestrian",2,,,1335502.11,1693597.72
"2021-14683-19/09/2025","COWANDILLA","CITY OF WEST TORRENS",2,2,0,0,2,2021,"March","Friday","03:50 pm",60,"Sealed","Dry","Not Raining","Daylight","Right Angle",2,,,1324136.61,1670365.05
"2021-14685-19/09/2025","GLENGOWRIE","CC MARION.",2,1,0,0,1,2021,"March","Friday","11:00 am",40,"Sealed","Dry","Not Raining","Daylight","Head On",2,,,1322226.34,1663270.28
"2021-14690-19/09/2025","CLARE","CLARE AND GILBERT VALLEYS DISTRICT COUNCIL",2,1,0,0,1,2021,"March","Friday","03:30 pm",50,"Sealed","Dry","Not Raining","Daylight","Hit Fixed Object",1,,,1334310.96,1790725.7
"2021-14691-19/09/2025","ANAMA","CLARE AND GILBERT VALLEYS DISTRICT COUNCIL",2,1,0,0,1,2021,"March","Friday","04:45 pm",100,"Sealed","Wet","Not Raining","Daylight","Hit Fixed Object",1,,,1331505.86,1806174.62
"2021-14692-19/09/2025","SMITHFIELD","CITY OF PLAYFORD.",2,1,0,0,1,2021,"March","Thursday","03:45 am",80,"Sealed","Dry","Not Raining","Night","Rear End",2,,,1337639.53,1696642.01
"2021-14694-19/09/2025","UNLEY","CITY OF UNLEY",3,1,0,0,1,2021,"March","Friday","06:30 pm",60,"Sealed","Dry","Not Raining","Daylight","Rear End",2,,,1328934.35,1668960.45
"2021-14695-19/09/2025","BLAIR ATHOL","CITY OF PORT ADELAIDE ENFIELD",2,1,0,0,1,2021,"March","Friday","07:00 pm",50,"Sealed","Dry","Not Raining","Daylight","Head On",2,"Y",,1328165.87,1677002.69
"2021-14699-19/09/2025","YALATA",,1,1,0,1,0,2021,"March","Friday","10:30 pm",110,"Sealed","Dry","Not Raining","Night","Roll Over",1,,,684613.2,2057270.67
"2021-14701-19/09/2025","ANGLE VALE","CITY OF PLAYFORD.",2,1,0,0,1,2021,"March","Saturday","06:50 am",80,"Sealed","Wet","Not Raining","Night","Right Angle",2,,,1334815.38,1701241.72
"2021-14704-19/09/2025","GLENELG SOUTH","CITY OF HOLDFAST BAY",2,1,0,0,1,2021,"March","Saturday","10:45 am",60,"Sealed","Wet","Raining","Daylight","Rear End",2,,,1321047.09,1663771.8
"2021-14705-19/09/2025","MARLESTON","CITY OF WEST TORRENS",2,1,0,0,1,2021,"March","Saturday","11:30 am",60,"Sealed","Dry","Not Raining","Daylight","Right Turn",1,,,1325800.69,1668751.34
"2021-14708-19/09/2025","WOODSIDE","THE ADELAIDE HILLS COUNCIL",2,1,0,1,0,2021,"March","Saturday","11:45 am",80,"Sealed","Wet","Raining","Daylight","Right Turn",1,,,1355396.04,1663969.06
"2021-14709-19/09/2025","VICTOR HARBOR","DC VICTOR HARBOR.",2,1,0,0,1,2021,"March","Saturday","12:50 pm",60,"Sealed","Dry","Not Raining","Daylight","Hit Parked Vehicle",1,,,1326980.31,1599588.15
"2021-14714-19/09/2025","TEA TREE GULLY","CITY OF TEA TREE GULLY",2,1,0,0,1,2021,"March","Saturday","05:10 pm",60,"Sealed","Dry","Not Raining","Daylight","Hit Parked Vehicle",1,,,1340606.33,1682481
"2021-14718-19/09/2025","DINGABLEDINGA","ALEXANDRINA COUNCIL",1,1,0,1,0,2021,"March","Saturday","04:50 pm",100,"Sealed","Dry","Not Raining","Daylight","Roll Over",1,,,1331155.33,1632810.09
"2021-14719-19/09/2025","PARKSIDE","CITY OF UNLEY",1,1,0,0,1,2021,"March","Friday","08:25 pm",40,"Sealed","Dry","Not Raining","Night","Other",1,"Y",,1330535.35,1668283.33
"2021-14720-19/09/2025","PINERY","WAKEFIELD REGIONAL COUNCIL",2,1,0,0,1,2021,"March","Saturday","06:00 pm",80,"Unsealed","Dry","Not Raining","Daylight","Right Angle",1,,,1314620.39,1739295.09