"REPORT_ID","Suburb","LGA Name","Total Units","Total Cas","Total Fats","Total SI","Total MI","Year","Month","Day","Time","Area Speed","Road Surface","Moisture Cond","Weather Cond","DayNight","Crash Type","Unit Resp","DUI Involved","Drugs Involved","ACCLOC_X","ACCLOC_Y"
"2021-14721-19/09/2025","UNLEY PARK","CITY OF UNLEY",2,1,0,0,1,2021,"March","Saturday","06:30 pm",60,"Sealed","Dry","Not Raining","Daylight","Right Angle",1,,,1329123.73,1666838.58
"2021-14725-19/09/2025","ADELAIDE","CITY OF ADELAIDE",3,1,0,0,1,2021,"March","Saturday","11:20 pm",60,"Sealed","Dry","Not Raining","Night","Rear End",1,,,1329495.76,1671170.43
"2021-14726-19/09/2025","YAHL","DISTRICT COUNCIL OF GRANT",3,1,0,0,1,2021,"March","Sunday","09:00 am",100,"Sealed","Dry","Not Raining","Daylight","Rear End",1,,,1520839.92,1334318.18
"2021-14731-19/09/2025","HOPE VALLEY","CITY OF TEA TREE GULLY",3,1,0,0,1,2021,"March","Sunday","12:20 pm",60,"Sealed","Dry","Not Raining","Daylight","Hit Parked Vehicle",1,,,1337524.11,1679476.39
"2021-14733-19/09/2025","ELIZABETH NORTH","CITY OF PLAYFORD.",2,1,0,0,1,2021,"March","Sunday","02:28 pm",80,"Unsealed","Dry","Not Raining","Daylight","Rear End",2,,,1336943,1695475.26
"2021-14737-19/09/2025","INGLE FARM","CITY OF SALISBURY",2,1,0,0,1,2021,"March","Sunday","03:10 pm",60,"Sealed","Dry","Not Raining","Daylight","Right Angle",2,,,1333268.54,1681353.79
"2021-14740-19/09/2025","MCLAREN VALE","CITY OF ONKAPARINGA",3,7,1,6,0,2021,"March","Sunday","05:42 pm",60,"Sealed","Dry","Not Raining","Daylight","Right Angle",1,,,1322925.16,1637162.84
"2021-14741-19/09/2025","EVANSTON PARK","CT GAWLER.",2,1,0,0,1,2021,"March","Sunday","08:10 pm",60,"Sealed","Dry","Not Raining","Night","Right Turn",2,,,1342467.26,1704020.67
"2021-14748-19/09/2025","GLENELG EAST","CITY OF HOLDFAST BAY",2,1,0,0,1,2021,"March","Monday","07:55 am",50,"Sealed","Dry","Not Raining","Daylight","Hit Parked Vehicle",1,,,1321684.16,1664584.5
"2021-14750-19/09/2025","HACKHAM WEST","CITY OF ONKAPARINGA",3,2,0,0,2,2021,"March","Monday","08:25 am",60,"Sealed","Dry","Not Raining","Daylight","Rear End",2,,,1320847.03,1647531.84
"2021-14751-19/09/2025","ELIZABETH DOWNS","CITY OF PLAYFORD.",3,1,0,0,1,2021,"March","Monday","06:55 am",60,"Sealed","Dry","Not Raining","Night","Right Turn",1,,,1337491.3,1695157.87
"2021-14754-19/09/2025","O'HALLORAN HILL","CC MARION.",3,1,0,0,1,2021,"March","Monday","07:30 am",80,"Sealed","Dry","Not Raining","Daylight","Rear End",2,,,1322886.8,1653955.64
"2021-14756-19/09/2025","WAYVILLE","CITY OF UNLEY",2,1,0,0,1,2021,"March","Monday","09:10 am",60,"Sealed","Dry","Not Raining","Daylight","Right Angle",1,,,1326865.31,1668904.7
"2021-14758-19/09/2025","PLYMPTON","CITY OF WEST TORRENS",2,1,0,1,0,2021,"March","Monday","07:50 am",60,"Sealed","Dry","Not Raining","Daylight","Hit Pedestrian",1,,,1325020,1667161.99
"2021-14759-19/09/2025","STURT","CC MARION.",2,2,0,0,2,2021,"March","Monday","09:50 am",60,"Sealed","Dry","Not Raining","Daylight","Rear End",2,,,1324433.76,1660463.51
"2021-14760-19/09/2025","SALISBURY","CITY OF SALISBURY",4,5,0,0,5,2021,"March","Monday","09:00 am",60,"Sealed","Dry","Not Raining","Daylight","Rear End",1,,,1333574.98,1689534.95
"2021-14767-19/09/2025","WOOLSHED FLAT","CLARE AND GILBERT VALLEYS DISTRICT COUNCIL",2,1,0,0,1,2021,"March","Monday","01:05 pm",100,"Unsealed","Dry","Not Raining","Daylight","Hit Fixed Object",1,,,1336295.92,1759720.31
"2021-14768-19/09/2025","WEST LAKES SHORE","CITY OF CHARLES STURT",2,1,0,0,1,2021,"March","Monday","02:06 pm",60,"Sealed","Dry","Not Raining","Daylight","Right Angle",2,,,1318080.1,1677047.89
"2021-14777-19/09/2025","WEST CROYDON","CITY OF CHARLES STURT",2,1,0,0,1,2021,"March","Monday","04:55 pm",50,"Sealed","Dry","Not Raining","Daylight","Hit Fixed Object",1,,,1325173.95,1674866.89
"2021-14781-19/09/2025","SALISBURY PLAIN","CITY OF SALISBURY",2,1,0,0,1,2021,"March","Monday","08:30 pm",50,"Sealed","Dry","Not Raining","Night","Rear End",1,,,1334545.85,1687760.48
"2021-14783-19/09/2025","KLEMZIG","CITY OF PORT ADELAIDE ENFIELD",2,1,0,0,1,2021,"March","Monday","05:30 pm",60,"Sealed","Dry","Not Raining","Daylight","Hit Pedestrian",2,,,1331881.33,1675724.54
"2021-14787-19/09/2025","MOUNT GAMBIER","CC MT.GAMBIER.",2,1,0,0,1,2021,"March","Tuesday","02:40 am",50,"Sealed","Dry","Not Raining","Night","Right Angle",1,"Y",,1512795.02,1339211.4
"2021-14788-19/09/2025","ADELAIDE","CITY OF ADELAIDE",2,1,0,0,1,2021,"March","Tuesday","06:20 am",60,"Sealed","Dry","Not Raining","Night","Right Angle",1,,,1329884.53,1670392.01
"2021-14792-19/09/2025","GLENELG NORTH","CITY OF WEST TORRENS",2,1,0,1,0,2021,"March","Tuesday","08:45 am",50,"Sealed","Dry","Not Raining","Daylight","Right Angle",1,,,1321801.46,1666023.99
"2021-14794-19/09/2025","TATACHILLA","CITY OF ONKAPARINGA",2,1,0,0,1,2021,"March","Tuesday","08:22 am",80,"Sealed","Dry","Not Raining","Daylight","Side Swipe",1,,,1317828.57,1638175.41
"2021-14799-19/09/2025","MANNINGHAM","CITY OF PORT ADELAIDE ENFIELD",2,3,0,0,3,2021,"March","Tuesday","10:05 am",60,"Sealed","Dry","Not Raining","Daylight","Right Angle",1,,,1330468.73,1675456.59
"2021-14800-19/09/2025","FULHAM GARDENS","CITY OF CHARLES STURT",2,1,0,0,1,2021,"March","Tuesday","11:05 am",60,"Sealed","Dry","Not Raining","Daylight","Rear End",2,,"Y",1320013.68,1673060.88
"2021-14801-19/09/2025","FLAGSTAFF HILL","CITY OF ONKAPARINGA",2,1,0,0,1,2021,"March","Tuesday","12:31 pm",60,"Sealed","Dry","Not Raining","Daylight","Right Turn",1,,,1328176.66,1656016.1
"2021-14802-19/09/2025","HILTON","CITY OF WEST TORRENS",2,1,0,0,1,2021,"March","Tuesday","08:45 am",60,"Sealed","Dry","Not Raining","Daylight","Right Turn",1,,,1325356.59,1670080.34
"2021-14807-19/09/2025","BELAIR","CC MITCHAM.",3,1,0,0,1,2021,"March","Tuesday","11:00 am",40,"Sealed","Dry","Not Raining","Daylight","Rear End",1,,,1330556.85,1663179.26
"2021-14808-19/09/2025","VALE PARK","WALKERVILLE TOWN COUNCIL",2,1,0,0,1,2021,"March","Thursday","09:45 am",60,"Sealed","Dry","Not Raining","Daylight","Rear End",2,,,1330636.77,1675340.23
"2021-14812-19/09/2025","NORTH ADELAIDE","CITY OF ADELAIDE",2,1,0,0,1,2021,"March","Tuesday","04:28 pm",60,"Sealed","Dry","Not Raining","Daylight","Right Angle",1,,,1327588.96,1671685.57
"2021-14819-19/09/2025","SHEIDOW PARK","CC MARION.",2,1,0,0,1,2021,"March","Tuesday","06:15 pm",80,"Sealed","Dry","Not Raining","Daylight","Right Turn",1,,,1321177.96,1654686.82
"2021-14821-19/09/2025","UNDERDALE","CITY OF WEST TORRENS",2,1,0,1,0,2021,"March","Tuesday","07:29 pm",60,"Sealed","Dry","Not Raining","Night","Right Angle",1,,,1324328.74,1670945.54
"2021-14825-19/09/2025","GLENELG NORTH","CITY OF HOLDFAST BAY",2,1,0,0,1,2021,"March","Wednesday","08:15 am",50,"Sealed","Dry","Not Raining","Daylight","Right Angle",1,,,1320357.74,1665843.44
"2021-14831-19/09/2025","STURT","CC MARION.",3,1,0,0,1,2021,"March","Wednesday","09:50 am",60,"Sealed","Dry","Not Raining","Daylight","Side Swipe",1,,,1324419.09,1660471.39
"2021-14835-19/09/2025","MORPHETT VALE","CITY OF ONKAPARINGA",2,1,0,0,1,2021,"March","Tuesday","02:00 pm",60,"Sealed","Dry","Not Raining","Daylight","Rear End",2,,,1320355.43,1649844.97
"2021-14836-19/09/2025","COLONEL LIGHT GARDENS","CC MITCHAM.",2,1,0,0,1,2021,"March","Wednesday","11:50 am",50,"Sealed","Dry","Not Raining","Daylight","Right Turn",1,,,1328185.43,1664451.64
"2021-14837-19/09/2025","KIDMAN PARK","CITY OF CHARLES STURT",2,1,0,0,1,2021,"March","Wednesday","11:30 am",50,"Sealed","Dry","Not Raining","Daylight","Hit Fixed Object",1,,,1321934.15,1672841.09
"2021-14838-19/09/2025","HOLDEN HILL","CITY OF PORT ADELAIDE ENFIELD",2,1,0,0,1,2021,"March","Tuesday","09:10 am",60,"Sealed","Dry","Not Raining","Daylight","Rear End",2,,,1333825.9,1678094.42
"2021-14839-19/09/2025","SALISBURY","CITY OF SALISBURY",2,1,0,0,1,2021,"March","Wednesday","12:20 pm",60,"Sealed","Dry","Not Raining","Daylight","Right Angle",1,,,1332728.57,1688571.7
"2021-14840-19/09/2025","PARKSIDE","CITY OF UNLEY",2,2,0,0,2,2021,"March","Wednesday","12:19 pm",60,"Sealed","Dry","Not Raining","Daylight","Right Turn",2,,,1329057.06,1668981.6
"2021-14847-19/09/2025","PASADENA","CC MITCHAM.",2,1,0,0,1,2021,"March","Wednesday","02:53 pm",60,"Sealed","Dry","Not Raining","Daylight","Right Turn",1,,,1327593.23,1663023.71
"2021-14848-19/09/2025","MODBURY","CITY OF TEA TREE GULLY",2,1,0,0,1,2021,"March","Wednesday","03:25 pm",60,"Sealed","Dry","Not Raining","Daylight","Right Turn",2,,,1337056.82,1680951.37
"2021-14850-19/09/2025","ADELAIDE","CITY OF ADELAIDE",2,1,0,0,1,2021,"March","Tuesday","09:00 am",60,"Sealed","Dry","Not Raining","Daylight","Right Angle",1,,,1329876.99,1670694.15
"2021-14851-19/09/2025","ADELAIDE","CITY OF ADELAIDE",2,1,0,0,1,2021,"March","Wednesday","03:25 pm",50,"Sealed","Dry","Not Raining","Daylight","Right Turn",1,,,1329024.85,1670686.76
"2021-14854-19/09/2025","LOWER INMAN VALLEY","DC VICTOR HARBOR.",3,1,0,1,0,2021,"March","Wednesday","02:59 pm",100,"Sealed","Dry","Not Raining","Daylight","Head On",1,,,1322287.86,1604947.25
"2021-14855-19/09/2025","GAWLER EAST","CT GAWLER.",3,1,0,0,1,2021,"March","Wednesday","05:20 pm",50,"Sealed","Dry","Not Raining","Daylight","Side Swipe",2,,,1343830.81,1706778.52
"2021-14856-19/09/2025","ST AGNES","CITY OF TEA TREE GULLY",3,1,0,0,1,2021,"March","Wednesday","03:25 pm",60,"Sealed","Dry","Not Raining","Daylight","Rear End",2,,,1339725.34,1681874.81
"2021-14857-19/09/2025","NORWOOD","CC OF NORWOOD,PAYNEHAM & ST PETERS",3,1,0,1,0,2021,"March","Wednesday","05:32 pm",50,"Sealed","Dry","Not Raining","Daylight","Hit Parked Vehicle",1,,,1331790.45,1671076.33
"2021-14858-19/09/2025","PROSPECT","CITY OF PROSPECT",2,1,0,0,1,2021,"March","Wednesday","06:10 pm",60,"Sealed","Dry","Not Raining","Daylight","Right Turn",2,,,1328893.45,1675353.37
"2021-14860-19/09/2025","WALKERVILLE","WALKERVILLE TOWN COUNCIL",3,1,0,0,1,2021,"March","Wednesday","04:20 pm",60,"Sealed","Dry","Not Raining","Daylight","Rear End",2,,,1329483.68,1674243.17
"2021-14862-19/09/2025","CAREY GULLY","THE ADELAIDE HILLS COUNCIL",3,2,0,1,1,2021,"March","Wednesday","04:30 pm",80,"Sealed","Dry","Not Raining","Daylight","Hit Fixed Object",1,"Y",,1342556.2,1666043.41
"2021-14864-19/09/2025","MUNNO PARA","CITY OF PLAYFORD.",2,1,0,0,1,2021,"March","Wednesday","08:25 pm",80,"Sealed","Dry","Not Raining","Night","Right Angle",2,,,1338210.83,1697712.55
"2021-14865-19/09/2025","CLELAND","THE ADELAIDE HILLS COUNCIL",2,1,0,0,1,2021,"March","Wednesday","08:06 pm",60,"Sealed","Dry","Not Raining","Night","Hit Fixed Object",1,,,1338257.06,1664712.57
"2021-14869-19/09/2025","BEDFORD PARK","CC MITCHAM.",2,1,0,0,1,2021,"April","Thursday","06:45 am",50,"Sealed","Dry","Not Raining","Night","Hit Fixed Object",1,,,1325008.1,1659744.88
"2021-14874-19/09/2025","FINNISS","ALEXANDRINA COUNCIL",2,1,0,0,1,2021,"April","Thursday","06:30 am",100,"Sealed","Dry","Not Raining","Night","Right Angle",1,,,1350781.47,1615608.09
"2021-14875-19/09/2025","FLAGSTAFF HILL","CITY OF ONKAPARINGA",2,1,0,0,1,2021,"April","Thursday","09:15 am",60,"Sealed","Dry","Not Raining","Daylight","Rear End",2,,,1328606.62,1655910.41
"2021-14876-19/09/2025","PROSPECT","CITY OF PROSPECT",2,1,0,0,1,2021,"April","Thursday","10:17 am",60,"Sealed","Dry","Not Raining","Daylight","Right Turn",1,,,1328876.71,1675973.95
"2021-14878-19/09/2025","TEROWIE","REGIONAL COUNCIL OF GOYDER",1,1,0,0,1,2021,"April","Thursday","10:20 am",110,"Sealed","Dry","Not Raining","Daylight","Roll Over",1,,,1367069.19,1870256.23
"2021-14880-19/09/2025","GLANDORE","CC MARION.",2,1,0,0,1,2021,"March","Tuesday","12:15 pm",50,"Sealed","Dry","Not Raining","Daylight","Rear End",2,,,1325209.66,1666460.37
"2021-14882-19/09/2025","CHRISTIE DOWNS","CITY OF ONKAPARINGA",2,1,0,0,1,2021,"April","Thursday","12:26 pm",60,"Sealed","Dry","Not Raining","Daylight","Right Angle",2,,,1318484.22,1648627.93
"2021-14883-19/09/2025","CHRISTIE DOWNS","CITY OF ONKAPARINGA",2,1,0,0,1,2021,"April","Thursday","12:28 pm",60,"Sealed","Dry","Not Raining","Daylight","Hit Parked Vehicle",1,,,1318434.31,1648626
"2021-14884-19/09/2025","SUMMERTOWN","THE ADELAIDE HILLS COUNCIL",1,1,0,1,0,2021,"March","Tuesday","06:50 am",80,"Sealed","Wet","Raining","Night","Roll Over",9,,,1338959.88,1666753.28
"2021-14886-19/09/2025","MITCHELL PARK","CC MARION.",2,1,0,0,1,2021,"April","Thursday","02:00 pm",60,"Sealed","Dry","Not Raining","Daylight","Rear End",1,,,1324370.4,1661704.71
"2021-14899-19/09/2025","VIRGINIA","CITY OF PLAYFORD.",2,1,0,0,1,2021,"April","Thursday","04:25 pm",90,"Sealed","Dry","Not Raining","Daylight","Rear End",2,,,1326894.71,1701384.21
"2021-14900-19/09/2025","HACKHAM","CITY OF ONKAPARINGA",2,2,0,0,2,2021,"April","Thursday","04:50 pm",60,"Sealed","Dry","Not Raining","Daylight","Rear End",2,,,1322002.64,1647565.81
"2021-14903-19/09/2025","ELIZABETH DOWNS","CITY OF PLAYFORD.",2,3,0,0,3,2021,"April","Thursday","05:00 pm",60,"Sealed","Dry","Not Raining","Daylight","Right Angle",2,,,1337296.81,1695272.54
"2021-14905-19/09/2025","ALDINGA","CITY OF ONKAPARINGA",2,1,0,0,1,2021,"April","Thursday","05:38 pm",90,"Sealed","Dry","Not Raining","Daylight","Right Angle",1,,"Y",1317721.2,1635689.64
"2021-14906-19/09/2025","MANSFIELD PARK","CITY OF PORT ADELAIDE ENFIELD",2,1,0,0,1,2021,"February","Tuesday","10:00 am",50,"Sealed","Dry","Not Raining","Daylight","Right Angle",2,,,1324134.16,1678462.47
"2021-14907-19/09/2025","GLENELG EAST","CITY OF HOLDFAST BAY",3,1,0,0,1,2021,"April","Thursday","04:15 pm",60,"Sealed","Dry","Not Raining","Daylight","Side Swipe",2,,,1321017.68,1664900.31
"2021-14913-19/09/2025","ADELAIDE","CITY OF ADELAIDE",2,1,0,0,1,2021,"February","Sunday","01:32 am",50,"Sealed","Dry","Not Raining","Night","Rear End",2,,,1329020.91,1670834.63
"2021-14915-19/09/2025","STOKES BAY","KANGAROO ISLAND COUNCIL",2,1,0,0,1,2021,"April","Thursday","06:05 pm",100,"Unsealed","Dry","Not Raining","Daylight","Roll Over",1,,,1194823.1,1591014.7
"2021-14918-19/09/2025","NALYAPPA","YORKE PENINSULA COUNCIL",2,1,0,1,0,2021,"April","Thursday","09:30 pm",80,"Unsealed","Wet","Not Raining","Night","Hit Object on Road",1,,,1229952.84,1750208.85
"2021-14925-19/09/2025","GILLES PLAINS","CITY OF PORT ADELAIDE ENFIELD",2,1,0,0,1,2021,"April","Friday","12:10 pm",60,"Sealed","Dry","Not Raining","Daylight","Right Angle",2,,,1333714.24,1678206.55
"2021-14928-19/09/2025","MEDINDIE","WALKERVILLE TOWN COUNCIL",2,1,0,0,1,2021,"April","Friday","05:22 pm",60,"Sealed","Dry","Not Raining","Daylight","Right Angle",1,,,1329427.23,1673281.86
"2021-14929-19/09/2025","REYNELLA","CITY OF ONKAPARINGA",3,1,0,0,1,2021,"April","Saturday","12:38 am",60,"Sealed","Dry","Not Raining","Night","Hit Parked Vehicle",1,"Y",,1320732.64,1651313.32
"2021-14930-19/09/2025","TAYLORVILLE","LOXTON WAIKERIE DISTRICT COUNCIL",1,2,0,0,2,2021,"April","Saturday","02:00 am",110,"Sealed","Dry","Not Raining","Night","Roll Over",1,"Y","Y",1454310.88,1760121.6
"2021-14935-19/09/2025","GAWLER RIVER","LIGHT REGIONAL COUNCIL",2,1,0,0,1,2021,"April","Saturday","09:48 am",100,"Sealed","Dry","Not Raining","Daylight","Hit Fixed Object",1,,,1333389.54,1704146.49
"2021-14938-19/09/2025","DAW PARK","CC MITCHAM.",2,1,0,0,1,2021,"April","Saturday","11:55 am",60,"Sealed","Dry","Not Raining","Daylight","Right Angle",1,,,1327566.65,1664030.18
"2021-14940-19/09/2025","KIDMAN PARK","CITY OF CHARLES STURT",2,1,0,1,0,2021,"April","Saturday","11:50 am",60,"Sealed","Dry","Not Raining","Daylight","Hit Pedestrian",1,,,1322240.75,1673120.07
"2021-14941-19/09/2025","HILLIER","CT GAWLER.",3,1,1,0,0,2021,"April","Saturday","02:30 am",80,"Sealed","Dry","Not Raining","Night","Hit Fixed Object",1,"Y","Y",1336900.28,1702626.19
"2021-14942-19/09/2025","CAMPBELLTOWN","CC CAMPBELLTOWN.",3,1,0,0,1,2021,"April","Saturday","01:20 pm",60,"Sealed","Dry","Not Raining","Daylight","Rear End",1,,,1333807.53,1674549.19
"2021-14943-19/09/2025","DAWESLEY","DC MT.BARKER.",2,1,0,1,0,2021,"April","Saturday","12:22 pm",100,"Sealed","Dry","Not Raining","Daylight","Hit Fixed Object",1,,,1360298.77,1657473.47
"2021-14945-19/09/2025","MORPHETTVILLE","CC MARION.",2,1,0,0,1,2021,"April","Saturday","03:25 pm",60,"Sealed","Dry","Not Raining","Daylight","Right Angle",2,,,1322654.75,1664699.5
"2021-14946-19/09/2025","ROBE","DC ROBE.",3,1,0,1,0,2021,"April","Saturday","04:00 pm",100,"Unsealed","Wet","Not Raining","Daylight","Hit Parked Vehicle",1,,,1425634.44,1418709.4
"2021-14948-19/09/2025","HAYBOROUGH","DC VICTOR HARBOR.",2,1,0,0,1,2021,"April","Saturday","03:34 pm",80,"Sealed","Dry","Not Raining","Daylight","Right Angle",1,,,1330764.86,1604198.89
"2021-14950-19/09/2025","SALISBURY NORTH","CITY OF SALISBURY",4,1,0,0,1,2021,"April","Saturday","04:25 pm",60,"Sealed","Dry","Not Raining","Daylight","Rear End",1,"Y",,1331977.75,1689382.42
"2021-14954-19/09/2025","PARAFIELD","CITY OF SALISBURY",2,1,0,0,1,2021,"April","Saturday","08:33 pm",80,"Sealed","Dry","Not Raining","Night","Rear End",2,,,1332521.09,1684419.56
"2021-14957-19/09/2025","KENSINGTON","CC OF NORWOOD,PAYNEHAM & ST PETERS",3,1,0,0,1,2021,"April","Saturday","08:30 pm",60,"Sealed","Dry","Not Raining","Night","Right Turn",1,,,1332250,1671075.27
"2021-14958-19/09/2025","GLENSIDE","CITY OF BURNSIDE",2,1,0,0,1,2021,"April","Sunday","02:30 am",60,"Sealed","Dry","Not Raining","Night","Roll Over",1,,,1330790.67,1669011.6
"2021-14961-19/09/2025","WOODVILLE PARK","CITY OF CHARLES STURT",1,1,0,1,0,2021,"April","Sunday","09:47 am",50,"Sealed","Dry","Not Raining","Daylight","Roll Over",1,,,1323844.15,1675439.13
"2021-14964-19/09/2025","LOWER BROUGHTON","PT.PIRIE CITY & DIST. COUNCIL",2,2,0,1,1,2021,"April","Sunday","12:54 pm",80,"Unsealed","Dry","Not Raining","Daylight","Roll Over",1,,,1277721.04,1852479.75
"2021-14968-19/09/2025","ELIZABETH GROVE","CITY OF PLAYFORD.",2,2,0,1,1,2021,"April","Sunday","03:34 pm",80,"Sealed","Dry","Not Raining","Daylight","Right Angle",1,,"Y",1336118.68,1691385.65
"2021-14971-19/09/2025","EYRE","CITY OF PLAYFORD.",2,2,0,0,2,2021,"April","Sunday","07:47 pm",40,"Sealed","Dry","Not Raining","Night","Right Angle",1,,,1334450.71,1695787.2
"2021-14972-19/09/2025","GILLMAN","CITY OF PORT ADELAIDE ENFIELD",2,1,0,0,1,2021,"April","Sunday","08:49 pm",60,"Sealed","Dry","Not Raining","Night","Hit Parked Vehicle",1,,,1321242.06,1681279.52
"2021-14974-19/09/2025","HOUGHTON","THE ADELAIDE HILLS COUNCIL",1,1,0,1,0,2021,"April","Sunday","07:45 pm",80,"Sealed","Dry","Not Raining","Night","Roll Over",1,"Y",,1343325.63,1681312.64
"2021-14975-19/09/2025","ARTHURTON","YORKE PENINSULA COUNCIL",2,1,0,0,1,2021,"April","Sunday","08:00 pm",100,"Sealed","Dry","Not Raining","Night","Hit Fixed Object",1,,,1253773.16,1752523.83
"2021-14978-19/09/2025","STOCKYARD PLAIN","LOXTON WAIKERIE DISTRICT COUNCIL",1,1,0,0,1,2021,"April","Monday","04:30 am",110,"Sealed","Dry","Not Raining","Night","Roll Over",1,,,1450736.2,1743219.97
"2021-14981-19/09/2025","WAPPILKA","LOXTON WAIKERIE DISTRICT COUNCIL",1,1,0,0,1,2021,"April","Sunday","04:55 pm",100,"Unsealed","Dry","Not Raining","Daylight","Roll Over",1,,,1487908.01,1725430.59
"2021-14984-19/09/2025","STIRLING","THE ADELAIDE HILLS COUNCIL",2,1,0,0,1,2021,"April","Sunday","12:20 pm",40,"Sealed","Dry","Not Raining","Daylight","Side Swipe",2,,,1338865.78,1661468.27
"2021-14986-19/09/2025","DARLINGTON","CC MARION.",2,2,0,0,2,2021,"April","Monday","01:30 pm",100,"Sealed","Dry","Not Raining","Daylight","Rear End",2,,,1324103.87,1659371.39
"2021-14988-19/09/2025","MEADOWS","DC MT.BARKER.",2,1,0,0,1,2021,"April","Monday","01:17 pm",100,"Sealed","Dry","Not Raining","Daylight","Rear End",2,,,1342526.94,1643582.9
"2021-14992-19/09/2025","BRUKUNGA","DC MT.BARKER.",2,2,1,1,0,2021,"April","Monday","05:30 pm",80,"Sealed","Dry","Not Raining","Daylight","Hit Fixed Object",1,"Y",,1359890.35,1662257.14
"2021-14993-19/09/2025","DRY CREEK","CITY OF SALISBURY",3,1,0,0,1,2021,"April","Monday","07:10 pm",80,"Sealed","Dry","Not Raining","Night","Hit Fixed Object",1,,,1328672.58,1683237.82
"2021-15000-19/09/2025","LOCKLEYS","CITY OF WEST TORRENS",2,1,0,0,1,2021,"April","Tuesday","07:59 am",60,"Sealed","Dry","Not Raining","Daylight","Right Angle",2,,,1321516.01,1670852.29
"2021-15001-19/09/2025","TOORAK GARDENS","CITY OF BURNSIDE",2,1,0,1,0,2021,"April","Tuesday","08:05 am",60,"Sealed","Dry","Not Raining","Daylight","Side Swipe",1,,,1331562.88,1669025.91
"2021-15003-19/09/2025","KLEMZIG","CITY OF PORT ADELAIDE ENFIELD",3,2,0,0,2,2021,"April","Tuesday","08:22 am",60,"Sealed","Dry","Not Raining","Daylight","Rear End",1,,,1331712.68,1676270.19
"2021-15005-19/09/2025","MARION","CC MARION.",2,1,0,0,1,2021,"April","Tuesday","08:58 am",50,"Sealed","Dry","Not Raining","Daylight","Side Swipe",1,,,1324095.64,1661516.09
"2021-15009-19/09/2025","WARRADALE","CC MARION.",3,2,0,0,2,2021,"April","Tuesday","10:25 am",60,"Sealed","Dry","Not Raining","Daylight","Hit Pedestrian",2,,,1322741.87,1661774.09
"2021-15010-19/09/2025","NETLEY","CITY OF WEST TORRENS",2,1,0,0,1,2021,"April","Tuesday","10:30 am",60,"Sealed","Dry","Not Raining","Daylight","Right Angle",2,,,1324181.91,1668679.65
"2021-15012-19/09/2025","SOUTH PLYMPTON","CC MARION.",2,1,0,0,1,2021,"April","Thursday","10:30 am",60,"Sealed","Dry","Not Raining","Daylight","Rear End",2,,,1324247.86,1666104.37
"2021-15013-19/09/2025","PARK HOLME","CC MARION.",2,1,0,0,1,2021,"April","Tuesday","10:47 am",60,"Sealed","Dry","Not Raining","Daylight","Rear End",2,,,1324332.9,1663286.92
"2021-15014-19/09/2025","ELIZABETH PARK","CITY OF PLAYFORD.",2,1,0,0,1,2021,"April","Tuesday","10:42 am",60,"Sealed","Dry","Not Raining","Daylight","Side Swipe",1,,,1337263.09,1693675.82
"2021-15017-19/09/2025","YATALA VALE","CITY OF TEA TREE GULLY",2,1,0,0,1,2021,"April","Tuesday","01:37 pm",60,"Sealed","Dry","Not Raining","Daylight","Hit Fixed Object",1,,,1339826.32,1684791.05
"2021-15019-19/09/2025","HUMBUG SCRUB","CITY OF PLAYFORD.",2,2,0,2,0,2021,"April","Monday","07:50 am",60,"Unsealed","Dry","Not Raining","Daylight","Hit Fixed Object",1,,,1348677.38,1692994.72
"2021-15022-19/09/2025","HOVE","CITY OF HOLDFAST BAY",2,2,0,0,2,2021,"April","Saturday","02:25 pm",50,"Sealed","Dry","Not Raining","Daylight","Right Angle",2,,,1320781.55,1661533.45
"2021-15034-19/09/2025","NETHERTON","COORONG DISTRICT COUNCIL",2,1,0,0,1,2021,"April","Tuesday","06:20 pm",110,"Unsealed","Dry","Not Raining","Night","Hit Fixed Object",1,,,1448504.34,1602479.68
"2021-15035-19/09/2025","NORTH ADELAIDE","CITY OF ADELAIDE",2,1,0,0,1,2021,"April","Tuesday","05:00 pm",50,"Sealed","Dry","Not Raining","Daylight","Right Turn",2,,,1327656.81,1672429.85
"2021-15037-19/09/2025","NINNES","BARUNGA WEST DISTRICT COUNCIL",2,1,0,1,0,2021,"April","Tuesday","08:39 pm",100,"Sealed","Dry","Not Raining","Night","Hit Fixed Object",1,,"Y",1278549.04,1778183.69
"2021-15044-19/09/2025","PAYNEHAM","CC OF NORWOOD,PAYNEHAM & ST PETERS",2,1,0,0,1,2021,"March","Tuesday","08:20 am",60,"Sealed","Dry","Not Raining","Daylight","Rear End",2,,,1332144.79,1673756.7
"2021-15046-19/09/2025","MILLICENT","WATTLE RANGE COUNCIL",2,2,0,0,2,2021,"April","Wednesday","08:45 am",110,"Sealed","Dry","Not Raining","Daylight","Right Turn",2,,,1475772.99,1369399.79
"2021-15050-19/09/2025","WEST HINDMARSH","CITY OF CHARLES STURT",2,1,0,0,1,2021,"April","Wednesday","08:35 am",60,"Sealed","Dry","Not Raining","Daylight","Side Swipe",2,,,1325423.2,1673149.42
"2021-15053-19/09/2025","GLENELG NORTH","CITY OF HOLDFAST BAY",2,1,0,0,1,2021,"April","Wednesday","07:50 am",60,"Sealed","Dry","Not Raining","Daylight","Rear End",2,,,1321003.23,1665321.37