"REPORT_ID","Suburb","LGA Name","Total Units","Total Cas","Total Fats","Total SI","Total MI","Year","Month","Day","Time","Area Speed","Road Surface","Moisture Cond","Weather Cond","DayNight","Crash Type","Unit Resp","DUI Involved","Drugs Involved","ACCLOC_X","ACCLOC_Y"
"2021-15061-19/09/2025","PARAFIELD GARDENS","CITY OF SALISBURY",2,2,0,0,2,2021,"April","Wednesday","04:30 pm",60,"Sealed","Dry","Not Raining","Daylight","Right Angle",1,,,1331651.62,1686657.21
"2021-15064-19/09/2025","ALDINGA","CITY OF ONKAPARINGA",2,2,0,0,2,2021,"April","Wednesday","06:23 pm",70,"Sealed","Dry","Not Raining","Night","Right Angle",2,,,1316061.41,1631986.32
"2021-15065-19/09/2025","WOODCROFT","CITY OF ONKAPARINGA",2,1,0,0,1,2021,"April","Wednesday","07:27 pm",60,"Sealed","Dry","Not Raining","Night","Hit Fixed Object",1,,,1324226.06,1651115.37
"2021-15068-19/09/2025","IRONBANK","CITY OF ONKAPARINGA",2,1,0,0,1,2021,"April","Wednesday","08:16 pm",80,"Sealed","Dry","Not Raining","Night","Hit Fixed Object",1,,,1335722.26,1656378.83
"2021-15076-19/09/2025","MORPHETT VALE","CITY OF ONKAPARINGA",2,1,0,0,1,2021,"April","Thursday","08:40 am",60,"Sealed","Dry","Not Raining","Daylight","Right Angle",1,,,1320744.1,1650895.49
"2021-15077-19/09/2025","BEDFORD PARK","CC MITCHAM.",2,1,0,0,1,2021,"April","Wednesday","06:55 am",50,"Sealed","Dry","Not Raining","Daylight","Rear End",2,,,1325209.43,1660029.65
"2021-15080-19/09/2025","CROYDON PARK","CITY OF PORT ADELAIDE ENFIELD",2,1,0,0,1,2021,"April","Friday","05:15 pm",50,"Sealed","Dry","Not Raining","Daylight","Right Angle",2,,,1325365.42,1675366.87
"2021-15085-19/09/2025","PARADISE","CC CAMPBELLTOWN.",2,1,0,1,0,2021,"April","Thursday","12:40 pm",60,"Sealed","Dry","Not Raining","Daylight","Right Turn",1,,,1335444.66,1675926.72
"2021-15088-19/09/2025","LIGHTSVIEW","CITY OF PORT ADELAIDE ENFIELD",2,1,1,0,0,2021,"April","Thursday","10:43 am",60,"Sealed","Dry","Not Raining","Daylight","Hit Pedestrian",2,,,1330414.49,1677498.21
"2021-15089-19/09/2025","KLEMZIG","CITY OF PORT ADELAIDE ENFIELD",2,1,0,0,1,2021,"April","Thursday","03:00 pm",60,"Sealed","Dry","Not Raining","Daylight","Rear End",2,,,1331655.08,1676233.22
"2021-15090-19/09/2025","MODBURY","CITY OF TEA TREE GULLY",2,1,0,0,1,2021,"April","Thursday","02:56 pm",60,"Sealed","Dry","Not Raining","Daylight","Rear End",2,,,1336176.33,1680596.93
"2021-15092-19/09/2025","LEAWOOD GARDENS","CITY OF BURNSIDE",2,1,0,0,1,2021,"April","Thursday","01:15 pm",100,"Sealed","Dry","Not Raining","Daylight","Rear End",1,,,1334944.05,1665726.81
"2021-15097-19/09/2025","PORT ADELAIDE","CITY OF PORT ADELAIDE ENFIELD",2,1,0,0,1,2021,"April","Tuesday","02:53 pm",60,"Sealed","Dry","Not Raining","Daylight","Rear End",2,,,1321047.12,1680861.67
"2021-15102-19/09/2025","HINDMARSH VALLEY","DC VICTOR HARBOR.",2,5,1,3,1,2021,"April","Thursday","12:05 pm",100,"Sealed","Dry","Not Raining","Daylight","Right Angle",1,,,1328998.21,1607115.69
"2021-15103-19/09/2025","WONGULLA","MID MURRAY DISTRICT COUNCIL",2,1,0,0,1,2021,"April","Thursday","04:40 pm",50,"Sealed","Dry","Not Raining","Daylight","Hit Fixed Object",1,,,1417658.28,1691505.36
"2021-15106-19/09/2025","WEST LAKES","CITY OF CHARLES STURT",2,1,0,0,1,2021,"April","Thursday","06:41 pm",60,"Sealed","Dry","Not Raining","Night","Rear End",1,,,1319884.21,1676043.55
"2021-15108-19/09/2025","MODBURY HEIGHTS","CITY OF TEA TREE GULLY",2,1,0,0,1,2021,"April","Thursday","08:25 pm",50,"Sealed","Dry","Not Raining","Night","Hit Parked Vehicle",1,"Y",,1335637.84,1682708.95
"2021-15109-19/09/2025","PARADISE","CC CAMPBELLTOWN.",3,1,0,0,1,2021,"April","Thursday","09:10 pm",60,"Sealed","Dry","Not Raining","Night","Rear End",1,,,1335067.74,1676312.41
"2021-15111-19/09/2025","NARACOORTE","DC NARACOORTE & LUCINDALE.",2,1,0,0,1,2021,"April","Thursday","08:00 pm",50,"Sealed","Dry","Not Raining","Night","Right Turn",1,,,1512035.62,1437408.04
"2021-15116-19/09/2025","MAGILL","CC CAMPBELLTOWN.",2,1,0,0,1,2021,"April","Friday","09:30 am",60,"Sealed","Dry","Not Raining","Daylight","Right Angle",1,,,1336296.35,1672154.98
"2021-15121-19/09/2025","FORESTVILLE","CITY OF UNLEY",3,5,0,0,5,2021,"April","Friday","12:08 pm",60,"Sealed","Dry","Not Raining","Daylight","Rear End",1,,,1326379.46,1668229.83
"2021-15125-19/09/2025","WEST HINDMARSH","CITY OF CHARLES STURT",3,3,0,1,2,2021,"April","Friday","01:20 pm",60,"Sealed","Dry","Not Raining","Daylight","Hit Fixed Object",1,,"Y",1325341.42,1672516.98
"2021-15126-19/09/2025","PENFIELD","CITY OF PLAYFORD.",4,2,0,0,2,2021,"April","Friday","01:52 pm",80,"Sealed","Dry","Not Raining","Daylight","Right Turn",1,,,1333441.32,1696359.08
"2021-15127-19/09/2025","STOCKWELL","THE BAROSSA COUNCIL.",2,1,0,0,1,2021,"April","Friday","01:35 pm",100,"Sealed","Dry","Not Raining","Daylight","Right Angle",1,,,1368596.39,1721758.77
"2021-15130-19/09/2025","ELIZABETH NORTH","CITY OF PLAYFORD.",2,1,0,0,1,2021,"April","Friday","02:50 pm",50,"Sealed","Dry","Not Raining","Daylight","Rear End",2,,,1336819.32,1695541.08
"2021-15137-19/09/2025","THEBARTON","CITY OF WEST TORRENS",2,1,0,0,1,2021,"April","Friday","03:40 pm",50,"Sealed","Dry","Not Raining","Daylight","Rear End",2,,,1325895.59,1672084.74
"2021-15146-19/09/2025","GOLDEN GROVE","CITY OF TEA TREE GULLY",2,1,0,0,1,2021,"April","Friday","11:19 pm",60,"Sealed","Dry","Not Raining","Night","Hit Fixed Object",1,,,1337889.71,1685361.47
"2021-15147-19/09/2025","WESTERN FLAT","DC TATIARA.",2,1,0,1,0,2021,"April","Thursday","09:00 pm",110,"Sealed","Wet","Raining","Night","Hit Fixed Object",1,,,1514851.28,1481202.88
"2021-15148-19/09/2025","POORAKA","CITY OF SALISBURY",1,1,0,0,1,2021,"April","Saturday","05:20 am",50,"Sealed","Wet","Raining","Night","Roll Over",1,,,1330122.31,1680868.83
"2021-15150-19/09/2025","WEST LAKES","CITY OF CHARLES STURT",2,2,0,0,2,2021,"April","Friday","11:30 am",60,"Sealed","Dry","Not Raining","Daylight","Rear End",2,,,1319884.21,1676043.55
"2021-15151-19/09/2025","YATTALUNGA","CITY OF PLAYFORD.",2,1,0,0,1,2021,"April","Saturday","09:48 am",80,"Sealed","Dry","Not Raining","Daylight","Rear End",2,,,1345482.4,1694861.43
"2021-15153-19/09/2025","ATHELSTONE","CC CAMPBELLTOWN.",3,1,0,0,1,2021,"April","Saturday","09:34 am",60,"Sealed","Dry","Not Raining","Daylight","Right Angle",1,,,1337816.83,1676224.98
"2021-15156-19/09/2025","POORAKA","CITY OF SALISBURY",2,1,0,0,1,2021,"February","Tuesday","07:30 am",70,"Sealed","Dry","Not Raining","Daylight","Rear End",2,,,1330499.62,1681832.25
"2021-15157-19/09/2025","PASADENA","CC MITCHAM.",3,5,1,1,3,2021,"April","Saturday","11:05 am",60,"Sealed","Dry","Not Raining","Daylight","Right Turn",1,,,1327593.23,1663023.71
"2021-15159-19/09/2025","SAMPSON FLAT","CITY OF PLAYFORD.",2,1,0,0,1,2021,"April","Saturday","11:35 am",100,"Sealed","Wet","Raining","Daylight","Rear End",2,,,1346769.8,1692322.25
"2021-15160-19/09/2025","GOLDEN GROVE","CITY OF TEA TREE GULLY",2,2,0,0,2,2021,"April","Saturday","11:29 am",60,"Sealed","Wet","Raining","Daylight","Right Turn",2,,,1337848.99,1685515
"2021-15162-19/09/2025","WINDSOR GARDENS","CITY OF PORT ADELAIDE ENFIELD",2,2,0,0,2,2021,"April","Saturday","12:15 pm",60,"Sealed","Wet","Not Raining","Daylight","Rear End",1,,,1333542.83,1677849.22
"2021-15166-19/09/2025","CLEARVIEW","CITY OF PORT ADELAIDE ENFIELD",2,1,0,0,1,2021,"April","Saturday","03:20 pm",60,"Sealed","Dry","Not Raining","Daylight","Right Turn",1,"Y",,1330407.48,1677751.43
"2021-15167-19/09/2025","WAYVILLE","CITY OF UNLEY",2,2,0,0,2,2021,"April","Saturday","03:30 pm",60,"Sealed","Dry","Not Raining","Daylight","Rear End",2,,,1327806.27,1668925.97
"2021-15168-19/09/2025","MARDEN","CC OF NORWOOD,PAYNEHAM & ST PETERS",2,1,0,0,1,2021,"April","Saturday","03:50 pm",60,"Sealed","Dry","Not Raining","Daylight","Hit Fixed Object",1,,,1331560.74,1674397.25
"2021-15169-19/09/2025","INGLE FARM","CITY OF SALISBURY",2,1,0,0,1,2021,"April","Saturday","01:00 pm",60,"Sealed","Dry","Not Raining","Daylight","Rear End",2,,,1333093.25,1681419.83
"2021-15174-19/09/2025","LOXTON","LOXTON WAIKERIE DISTRICT COUNCIL",2,1,0,0,1,2021,"April","Saturday","05:15 pm",60,"Sealed","Dry","Not Raining","Daylight","Right Angle",2,,,1510959.24,1715421.02
"2021-15177-19/09/2025","ARDROSSAN","YORKE PENINSULA COUNCIL",1,1,0,0,1,2021,"April","Sunday","01:00 am",100,"Sealed","Dry","Not Raining","Night","Roll Over",1,,,1265203.18,1727677.45
"2021-15191-19/09/2025","TAILEM BEND","COORONG DISTRICT COUNCIL",3,1,0,1,0,2021,"April","Saturday","11:30 pm",50,"Unsealed","Dry","Not Raining","Night","Hit Pedestrian",1,"Y",,1404794.01,1631509.63
"2021-15193-19/09/2025","MAWSON LAKES","CITY OF SALISBURY",2,1,0,0,1,2021,"April","Sunday","11:33 pm",80,"Sealed","Dry","Not Raining","Night","Hit Fixed Object",1,,"Y",1331503.07,1683099.77
"2021-15194-19/09/2025","PARADISE","CC CAMPBELLTOWN.",2,1,0,0,1,2021,"April","Monday","04:44 am",60,"Sealed","Dry","Not Raining","Night","Hit Fixed Object",1,,,1334739.42,1676604.12
"2021-15195-19/09/2025","EDEN HILLS","CC MITCHAM.",3,1,0,0,1,2021,"April","Monday","07:30 am",60,"Sealed","Dry","Not Raining","Daylight","Hit Parked Vehicle",1,,,1327875.76,1659367.37
"2021-15196-19/09/2025","TENNYSON","CITY OF CHARLES STURT",2,1,0,1,0,2021,"April","Monday","08:09 am",60,"Sealed","Dry","Not Raining","Daylight","Right Angle",1,,,1318466.21,1674457.11
"2021-15203-19/09/2025","IRONBANK","THE ADELAIDE HILLS COUNCIL",2,1,0,0,1,2021,"April","Monday","11:35 am",60,"Sealed","Dry","Not Raining","Daylight","Hit Fixed Object",1,,,1336504.31,1656753.64
"2021-15204-19/09/2025","WATERLOO CORNER","CITY OF SALISBURY",1,1,0,0,1,2021,"April","Monday","07:30 am",70,"Sealed","Dry","Not Raining","Daylight","Roll Over",1,,,1328258.79,1692163.2
"2021-15205-19/09/2025","KILBURN","CITY OF PORT ADELAIDE ENFIELD",3,1,0,0,1,2021,"April","Monday","12:35 pm",60,"Sealed","Dry","Not Raining","Daylight","Hit Parked Vehicle",1,,,1327222.03,1677181.55
"2021-15206-19/09/2025","VICTOR HARBOR","DC VICTOR HARBOR.",2,1,0,0,1,2021,"April","Monday","01:35 pm",50,"Sealed","Dry","Not Raining","Daylight","Hit Pedestrian",2,,,1327610.03,1600632.97
"2021-15211-19/09/2025","PARALOWIE","CITY OF SALISBURY",2,3,0,0,3,2021,"April","Monday","03:19 pm",60,"Sealed","Dry","Not Raining","Daylight","Hit Parked Vehicle",1,,,1330541.86,1689021.91
"2021-15213-19/09/2025","CHAIN OF PONDS","THE ADELAIDE HILLS COUNCIL",1,1,0,0,1,2021,"April","Friday","11:02 am",80,"Sealed","Dry","Not Raining","Daylight","Roll Over",1,,,1349088.21,1679828.45
"2021-15214-19/09/2025","BROWN HILL CREEK","CC MITCHAM.",2,2,0,0,2,2021,"April","Sunday","10:00 am",50,"Sealed","Dry","Not Raining","Daylight","Hit Pedestrian",1,,,1332944.06,1663551.59
"2021-15216-19/09/2025","NORTH ADELAIDE","CITY OF PROSPECT",3,1,0,0,1,2021,"April","Monday","02:20 pm",60,"Sealed","Dry","Not Raining","Daylight","Rear End",1,,,1327882.02,1673653.68
"2021-15217-19/09/2025","PARADISE","CC CAMPBELLTOWN.",2,1,0,0,1,2021,"April","Monday","05:20 pm",60,"Sealed","Dry","Not Raining","Daylight","Right Turn",1,,,1334586.96,1675908.54
"2021-15221-19/09/2025","ELIZABETH NORTH","CITY OF PLAYFORD.",2,1,0,1,0,2021,"April","Monday","08:26 pm",50,"Sealed","Dry","Not Raining","Night","Hit Fixed Object",1,,"Y",1336620.23,1695120.73
"2021-15225-19/09/2025","NORTH ADELAIDE","CITY OF ADELAIDE",2,1,0,0,1,2021,"April","Tuesday","07:52 am",50,"Sealed","Dry","Not Raining","Daylight","Hit Parked Vehicle",2,,,1328530.98,1671902.53
"2021-15234-19/09/2025","BOWMANS","WAKEFIELD REGIONAL COUNCIL",3,2,0,0,2,2021,"April","Tuesday","11:20 am",100,"Sealed","Dry","Not Raining","Daylight","Rear End",2,,,1298871.89,1756563.59
"2021-15241-19/09/2025","PENNINGTON","CITY OF CHARLES STURT",2,1,0,0,1,2021,"April","Tuesday","08:00 am",60,"Sealed","Dry","Not Raining","Daylight","Side Swipe",2,,,1322283.45,1678133.25
"2021-15244-19/09/2025","REDWOOD PARK","CITY OF TEA TREE GULLY",2,1,0,0,1,2021,"April","Tuesday","06:20 pm",60,"Sealed","Dry","Not Raining","Night","Side Swipe",2,,,1339681.43,1683104.61
"2021-15245-19/09/2025","GLYNDE","CC OF NORWOOD,PAYNEHAM & ST PETERS",2,1,1,0,0,2021,"April","Tuesday","05:47 pm",60,"Sealed","Dry","Not Raining","Daylight","Hit Pedestrian",2,,,1333019.88,1674174.05
"2021-15250-19/09/2025","PARKSIDE","CITY OF UNLEY",2,1,0,0,1,2021,"April","Wednesday","08:18 am",60,"Sealed","Wet","Raining","Daylight","Right Turn",1,,,1329057.07,1668963.89
"2021-15253-19/09/2025","NORTH PLYMPTON","CITY OF WEST TORRENS",2,2,0,0,2,2021,"April","Wednesday","09:00 am",60,"Sealed","Wet","Not Raining","Daylight","Right Angle",1,,,1324207.23,1667394.43
"2021-15254-19/09/2025","OVINGHAM","CITY OF CHARLES STURT",2,1,0,0,1,2021,"April","Wednesday","09:15 am",60,"Sealed","Dry","Not Raining","Daylight","Right Angle",1,,,1327121.41,1673280.8
"2021-15259-19/09/2025","PROSPECT","CITY OF PROSPECT",2,1,0,0,1,2021,"April","Tuesday","06:15 pm",50,"Sealed","Dry","Not Raining","Night","Hit Parked Vehicle",2,,,1328077.19,1675596.14
"2021-15260-19/09/2025","PAYNEHAM SOUTH","CC OF NORWOOD,PAYNEHAM & ST PETERS",2,1,0,0,1,2021,"March","Wednesday","04:00 pm",50,"Sealed","Dry","Not Raining","Daylight","Right Angle",2,,,1332468.84,1673209.9
"2021-15262-19/09/2025","ALFORD","BARUNGA WEST DISTRICT COUNCIL",2,1,0,0,1,2021,"April","Wednesday","12:17 pm",100,"Sealed","Dry","Not Raining","Daylight","Rear End",2,,,1262906.01,1800101.4
"2021-15263-19/09/2025","PASADENA","CC MITCHAM.",2,2,0,1,1,2021,"April","Wednesday","12:49 pm",60,"Sealed","Dry","Not Raining","Daylight","Right Turn",1,,,1327593.23,1663023.71
"2021-15265-19/09/2025","ADELAIDE","CITY OF ADELAIDE",2,1,0,0,1,2021,"April","Tuesday","02:20 pm",50,"Sealed","Dry","Not Raining","Daylight","Rear End",2,,,1327930.25,1670331.8
"2021-15270-19/09/2025","ST MARYS","CC MITCHAM.",2,1,0,1,0,2021,"April","Wednesday","02:50 pm",60,"Sealed","Dry","Not Raining","Daylight","Right Angle",2,,,1326615.52,1663325.11
"2021-15278-19/09/2025","SEATON","CITY OF CHARLES STURT",2,1,0,0,1,2021,"April","Wednesday","07:14 pm",60,"Sealed","Dry","Not Raining","Night","Rear End",2,,,1320746.46,1674573.17
"2021-15281-19/09/2025","SALISBURY PLAIN","CITY OF SALISBURY",2,1,0,0,1,2021,"April","Thursday","06:29 am",50,"Sealed","Wet","Raining","Night","Right Turn",1,,,1334012.31,1688182.39
"2021-15283-19/09/2025","TORRENSVILLE","CITY OF WEST TORRENS",2,1,0,0,1,2021,"April","Thursday","06:40 am",60,"Sealed","Dry","Not Raining","Daylight","Rear End",2,,,1325416.27,1672003.04
"2021-15286-19/09/2025","HOLDEN HILL","CITY OF TEA TREE GULLY",2,1,0,0,1,2021,"April","Thursday","06:15 am",60,"Sealed","Dry","Not Raining","Night","Right Angle",2,,,1335081.04,1678894.68
"2021-15291-19/09/2025","PARAFIELD","CITY OF SALISBURY",2,1,0,0,1,2021,"April","Tuesday","01:00 pm",80,"Sealed","Dry","Not Raining","Daylight","Side Swipe",2,,,1332316.42,1684160.6
"2021-15292-19/09/2025","HEATHPOOL","CC OF NORWOOD,PAYNEHAM & ST PETERS",2,1,0,0,1,2021,"March","Monday","08:30 am",60,"Sealed","Dry","Not Raining","Daylight","Right Angle",2,,,1332292.2,1669983.62
"2021-15293-19/09/2025","DULWICH","CITY OF BURNSIDE",2,1,0,0,1,2021,"March","Friday","05:30 pm",60,"Sealed","Dry","Not Raining","Daylight","Rear End",2,,,1331359.61,1669072.28
"2021-15294-19/09/2025","HUNTFIELD HEIGHTS","CITY OF ONKAPARINGA",2,1,0,0,1,2021,"April","Thursday","11:20 am",60,"Sealed","Dry","Not Raining","Daylight","Hit Pedestrian",1,,,1319140.11,1646316.77
"2021-15295-19/09/2025","HACKHAM","CITY OF ONKAPARINGA",2,1,0,0,1,2021,"April","Thursday","08:55 am",50,"Sealed","Dry","Not Raining","Daylight","Hit Parked Vehicle",1,,,1321973.32,1646154.17
"2021-15302-19/09/2025","ADELAIDE AIRPORT","CITY OF WEST TORRENS",2,1,0,1,0,2021,"April","Thursday","04:15 pm",50,"Sealed","Dry","Not Raining","Daylight","Hit Fixed Object",1,,,1322631.59,1669815.02
"2021-15306-19/09/2025","MUNNO PARA","CITY OF PLAYFORD.",2,1,0,0,1,2021,"April","Thursday","06:32 pm",60,"Sealed","Dry","Not Raining","Night","Right Turn",1,,,1336690.92,1698532.16
"2021-15311-19/09/2025","MITCHELL PARK","CC MARION.",1,1,0,0,1,2021,"April","Thursday","03:15 pm",60,"Sealed","Dry","Not Raining","Daylight","Roll Over",1,,,1324631.48,1663278.91
"2021-15312-19/09/2025","PARADISE","CC CAMPBELLTOWN.",2,1,0,0,1,2021,"April","Thursday","07:40 pm",60,"Sealed","Dry","Not Raining","Night","Rear End",2,,,1334977.76,1676227.32
"2021-15316-19/09/2025","GURRA GURRA","DC RENMARK PARINGA",2,2,0,1,1,2021,"April","Thursday","10:30 pm",110,"Sealed","Dry","Not Raining","Night","Head On",2,,,1514926.61,1731563.5
"2021-15319-19/09/2025","ELIZABETH VALE","CITY OF PLAYFORD.",2,1,0,0,1,2021,"April","Friday","07:30 am",60,"Sealed","Dry","Not Raining","Daylight","Rear End",2,,,1335325.92,1690077.9
"2021-15321-19/09/2025","ASHTON","THE ADELAIDE HILLS COUNCIL",2,1,0,0,1,2021,"April","Friday","06:40 am",80,"Sealed","Dry","Not Raining","Daylight","Head On",1,,,1341186.25,1669143.82
"2021-15323-19/09/2025","LONSDALE","CITY OF ONKAPARINGA",2,1,0,0,1,2021,"April","Friday","08:50 am",70,"Sealed","Dry","Not Raining","Daylight","Rear End",2,,,1319355.84,1650971.48
"2021-15324-19/09/2025","ADELAIDE","CITY OF ADELAIDE",2,1,0,0,1,2021,"April","Friday","10:15 am",50,"Sealed","Dry","Not Raining","Daylight","Right Turn",1,,,1329038.86,1670203.05
"2021-15327-19/09/2025","HALLETT COVE","CC MARION.",2,1,0,0,1,2021,"April","Thursday","11:10 am",50,"Sealed","Dry","Not Raining","Daylight","Right Angle",2,,,1320161.88,1654139.75
"2021-15328-19/09/2025","KESWICK","CITY OF WEST TORRENS",2,1,0,0,1,2021,"April","Wednesday","07:45 am",60,"Sealed","Dry","Not Raining","Daylight","Rear End",2,,,1326620.6,1668576.4
"2021-15334-19/09/2025","HACKHAM","CITY OF ONKAPARINGA",2,1,0,0,1,2021,"April","Friday","01:00 pm",50,"Sealed","Dry","Not Raining","Daylight","Hit Pedestrian",1,,,1321924.16,1647206.33
"2021-15335-19/09/2025","WARD BELT","LIGHT REGIONAL COUNCIL",2,1,0,0,1,2021,"April","Friday","01:45 pm",110,"Sealed","Dry","Not Raining","Daylight","Hit Parked Vehicle",1,,,1341069.1,1706280.47
"2021-15336-19/09/2025","NORTH HAVEN","CITY OF PORT ADELAIDE ENFIELD",2,1,0,0,1,2021,"April","Friday","02:55 pm",60,"Sealed","Dry","Not Raining","Daylight","Right Angle",1,,,1319053.24,1685755.11
"2021-15339-19/09/2025","VISTA","CITY OF TEA TREE GULLY",2,1,0,0,1,2021,"April","Friday","03:58 pm",60,"Sealed","Dry","Not Raining","Daylight","Right Angle",1,,,1339792.5,1679839.88
"2021-15340-19/09/2025","MILE END SOUTH","CITY OF WEST TORRENS",3,1,0,0,1,2021,"April","Friday","03:54 pm",60,"Sealed","Dry","Not Raining","Daylight","Side Swipe",1,,,1326408.45,1669183.98
"2021-15346-19/09/2025","CAMDEN PARK","CITY OF WEST TORRENS",3,2,0,0,2,2021,"April","Friday","05:50 pm",60,"Sealed","Dry","Not Raining","Daylight","Rear End",1,,,1323168.26,1665779.86
"2021-15352-19/09/2025","PARIS CREEK","DC MT.BARKER.",2,2,0,0,2,2021,"April","Friday","07:00 pm",80,"Sealed","Dry","Not Raining","Night","Right Angle",1,,,1343104.25,1640104.39
"2021-15355-19/09/2025","ELIZABETH DOWNS","CITY OF PLAYFORD.",2,1,0,1,0,2021,"April","Saturday","08:20 am",60,"Sealed","Dry","Not Raining","Daylight","Right Angle",1,,,1337998.36,1696450.86
"2021-15356-19/09/2025","WIRRINA COVE","DC YANKALILLA.",2,1,0,0,1,2021,"March","Saturday","12:30 pm",100,"Sealed","Dry","Not Raining","Daylight","Hit Fixed Object",1,,,1297316.22,1608492.9
"2021-15357-19/09/2025","ADELAIDE","CITY OF ADELAIDE",2,1,0,0,1,2021,"April","Saturday","08:30 am",50,"Sealed","Dry","Not Raining","Daylight","Right Turn",1,,,1329506.62,1671005.25
"2021-15365-19/09/2025","WOODSIDE","THE ADELAIDE HILLS COUNCIL",3,1,0,0,1,2021,"April","Saturday","11:30 am",60,"Sealed","Dry","Not Raining","Daylight","Rear End",1,,,1353974.47,1667954.35
"2021-15369-19/09/2025","KEYNETON","MID MURRAY DISTRICT COUNCIL",2,1,0,0,1,2021,"April","Saturday","01:10 pm",100,"Sealed","Dry","Not Raining","Daylight","Hit Fixed Object",1,,,1382276.76,1708913.85
"2021-15373-19/09/2025","WHYALLA NORRIE","CC WHYALLA.",2,1,0,1,0,2021,"April","Saturday","03:00 pm",60,"Sealed","Dry","Not Raining","Daylight","Head On",1,,,1236001.04,1882855.15
"2021-15378-19/09/2025","NORTH ADELAIDE","CITY OF ADELAIDE",2,1,0,0,1,2021,"April","Saturday","04:28 pm",50,"Unsealed","Dry","Not Raining","Daylight","Rear End",2,,,1328882.35,1671981.92
"2021-15382-19/09/2025","BOWDEN","CITY OF CHARLES STURT",3,1,0,0,1,2021,"April","Saturday","05:40 pm",50,"Sealed","Dry","Not Raining","Daylight","Hit Pedestrian",1,,,1326750.52,1673015.1
"2021-15384-19/09/2025","SHEA-OAK LOG","LIGHT REGIONAL COUNCIL",2,1,0,1,0,2021,"April","Saturday","04:35 pm",90,"Sealed","Dry","Not Raining","Daylight","Hit Fixed Object",1,,,1347532.8,1713655.9
"2021-15386-19/09/2025","HAWTHORN","CC MITCHAM.",1,1,0,0,1,2021,"April","Saturday","04:28 pm",50,"Sealed","Dry","Not Raining","Daylight","Roll Over",1,,,1328302.29,1665944.92
"2021-15389-19/09/2025","ONKAPARINGA HILLS","CITY OF ONKAPARINGA",2,1,0,0,1,2021,"April","Saturday","03:20 pm",100,"Sealed","Dry","Not Raining","Daylight","Hit Fixed Object",1,,,1324716.64,1645773.68
"2021-15390-19/09/2025","ST MARYS","CC MITCHAM.",2,2,0,0,2,2021,"April","Saturday","10:35 pm",60,"Sealed","Dry","Not Raining","Night","Right Turn",1,,,1325965.45,1663318.74
"2021-15393-19/09/2025","OLD NOARLUNGA","CITY OF ONKAPARINGA",3,2,0,0,2,2021,"April","Sunday","09:03 am",60,"Sealed","Dry","Not Raining","Daylight","Rear End",1,,,1318007.28,1642059.97
"2021-15395-19/09/2025","HENLEY BEACH","CITY OF CHARLES STURT",3,1,0,0,1,2021,"April","Sunday","09:45 am",50,"Sealed","Wet","Raining","Daylight","Right Angle",1,,,1318718.7,1673021.6
"2021-15398-19/09/2025","EVANSTON SOUTH","CT GAWLER.",2,1,0,0,1,2021,"April","Tuesday","08:45 am",90,"Sealed","Dry","Not Raining","Daylight","Rear End",2,,,1339562.64,1700114.53
"2021-15404-19/09/2025","WOODVILLE SOUTH","CITY OF CHARLES STURT",2,1,0,0,1,2021,"April","Sunday","02:36 pm",60,"Sealed","Dry","Not Raining","Daylight","Rear End",2,,,1322860.93,1675719.23
"2021-15412-19/09/2025","COMPTON","DISTRICT COUNCIL OF GRANT",4,4,0,1,3,2021,"April","Sunday","08:10 pm",80,"Sealed","Dry","Not Raining","Night","Hit Fixed Object",1,,,1505985.69,1340223.64
"2021-15425-19/09/2025","ELIZABETH","CITY OF PLAYFORD.",2,1,0,0,1,2021,"April","Monday","12:50 pm",60,"Sealed","Dry","Not Raining","Daylight","Hit Pedestrian",1,,,1335579.02,1693066.01
"2021-15434-19/09/2025","BEVERLEY","CITY OF CHARLES STURT",2,1,0,0,1,2021,"April","Sunday","04:00 pm",60,"Sealed","Dry","Not Raining","Daylight","Rear End",2,,,1324202.16,1673179.38
"2021-15435-19/09/2025","LOBETHAL","THE ADELAIDE HILLS COUNCIL",2,1,0,0,1,2021,"April","Monday","04:15 pm",80,"Sealed","Dry","Not Raining","Daylight","Hit Fixed Object",1,,,1351365.47,1671440.8
"2021-15437-19/09/2025","SALISBURY EAST","CITY OF SALISBURY",2,1,0,0,1,2021,"April","Monday","12:10 pm",80,"Sealed","Dry","Not Raining","Daylight","Rear End",1,,,1333298.13,1685374.25
"2021-15438-19/09/2025","STURT","CC MARION.",3,2,0,0,2,2021,"April","Monday","07:42 pm",60,"Sealed","Dry","Not Raining","Night","Right Turn",1,"Y",,1324428.84,1659884.95
"2021-15439-19/09/2025","KLEMZIG","CITY OF PORT ADELAIDE ENFIELD",3,1,0,0,1,2021,"April","Monday","08:20 am",60,"Sealed","Wet","Raining","Daylight","Rear End",2,,,1332108.46,1676609.78
"2021-15443-19/09/2025","TUSMORE","CITY OF BURNSIDE",2,2,0,0,2,2021,"April","Tuesday","09:18 am",60,"Sealed","Wet","Raining","Daylight","Rear End",2,,,1332318.29,1669137.43
"2021-15444-19/09/2025","ADELAIDE","CITY OF ADELAIDE",1,1,0,0,1,2021,"April","Tuesday","09:35 am",50,"Sealed","Wet","Raining","Daylight","Roll Over",9,,,1329031.16,1670472.38
"2021-15451-19/09/2025","MORGAN","MID MURRAY DISTRICT COUNCIL",1,2,0,0,2,2021,"April","Tuesday","11:49 am",100,"Unsealed","Wet","Raining","Daylight","Roll Over",1,,,1428801.97,1758075.11