"REPORT_ID","Suburb","LGA Name","Total Units","Total Cas","Total Fats","Total SI","Total MI","Year","Month","Day","Time","Area Speed","Road Surface","Moisture Cond","Weather Cond","DayNight","Crash Type","Unit Resp","DUI Involved","Drugs Involved","ACCLOC_X","ACCLOC_Y"
"2021-15452-19/09/2025","ADELAIDE","CITY OF ADELAIDE",2,1,0,0,1,2021,"April","Tuesday","10:45 am",60,"Sealed","Dry","Not Raining","Daylight","Hit Parked Vehicle",1,,,1328684.7,1670752.08
"2021-15455-19/09/2025","KAPUNDA","LIGHT REGIONAL COUNCIL",2,1,0,1,0,2021,"April","Saturday","11:30 pm",100,"Unsealed","Dry","Not Raining","Night","Hit Fixed Object",1,"Y",,1355860.54,1734460.27
"2021-15457-19/09/2025","KESWICK TERMINAL","CITY OF WEST TORRENS",2,1,0,0,1,2021,"April","Tuesday","03:20 pm",60,"Sealed","Dry","Not Raining","Daylight","Rear End",2,,,1326386.36,1669388.25
"2021-15461-19/09/2025","ASCOT PARK","CC MARION.",2,1,0,0,1,2021,"April","Tuesday","03:57 pm",60,"Sealed","Dry","Not Raining","Daylight","Rear End",2,,,1324323.65,1663648.09
"2021-15470-19/09/2025","COWANDILLA","CITY OF WEST TORRENS",2,1,0,0,1,2021,"April","Monday","02:00 pm",60,"Sealed","Dry","Not Raining","Daylight","Right Turn",2,,,1324135.56,1670033.53
"2021-15471-19/09/2025","LYNTON","CC MITCHAM.",2,1,0,0,1,2021,"April","Tuesday","09:50 pm",60,"Sealed","Dry","Not Raining","Night","Hit Fixed Object",1,,,1329256.91,1662454.05
"2021-15472-19/09/2025","PORT GERMEIN","DC MT.REMARKABLE.",2,1,0,0,1,2021,"May","Wednesday","01:04 pm",50,"Sealed","Dry","Not Raining","Daylight","Hit Pedestrian",1,,,1279689.06,1882889.93
"2021-15473-19/09/2025","NOARLUNGA CENTRE","CITY OF ONKAPARINGA",3,2,0,0,2,2021,"April","Wednesday","06:35 am",60,"Sealed","Dry","Not Raining","Night","Right Turn",1,,,1318788.81,1647471.6
"2021-15481-19/09/2025","ST PETERS","CC OF NORWOOD,PAYNEHAM & ST PETERS",2,1,0,0,1,2021,"April","Wednesday","11:03 am",60,"Sealed","Dry","Not Raining","Daylight","Side Swipe",1,,,1331000.86,1672251.3
"2021-15485-19/09/2025","NALYAPPA","YORKE PENINSULA COUNCIL",3,2,0,1,1,2021,"April","Wednesday","08:53 am",100,"Sealed","Dry","Not Raining","Daylight","Head On",1,,"Y",1240244.91,1762530.39
"2021-15490-19/09/2025","ADELAIDE","CITY OF ADELAIDE",1,1,0,0,1,2021,"April","Wednesday","02:11 pm",60,"Sealed","Dry","Not Raining","Daylight","Other",1,,,1327901.33,1670963.7
"2021-15494-19/09/2025","COLLEGE PARK","CC OF NORWOOD,PAYNEHAM & ST PETERS",2,1,0,0,1,2021,"April","Wednesday","03:30 pm",60,"Sealed","Dry","Not Raining","Daylight","Rear End",1,,,1330456.53,1671635.28
"2021-15499-19/09/2025","EASTWOOD","CITY OF BURNSIDE",3,2,0,0,2,2021,"April","Wednesday","05:30 pm",60,"Sealed","Dry","Not Raining","Daylight","Rear End",1,,,1330376.21,1669016.52
"2021-15502-19/09/2025","NEWTON","CC CAMPBELLTOWN.",3,1,0,0,1,2021,"April","Wednesday","07:05 pm",60,"Sealed","Dry","Not Raining","Night","Right Turn",1,,,1335389.5,1675340.25
"2021-15507-19/09/2025","EDWARDSTOWN","CC MARION.",2,2,0,0,2,2021,"April","Thursday","08:47 am",60,"Sealed","Dry","Not Raining","Daylight","Right Angle",2,,,1325934.46,1664032.4
"2021-15508-19/09/2025","ANGASTON","THE BAROSSA COUNCIL.",2,1,0,1,0,2021,"April","Thursday","10:10 am",50,"Sealed","Dry","Not Raining","Daylight","Hit Parked Vehicle",1,,,1371396.01,1716071.77
"2021-15511-19/09/2025","O'HALLORAN HILL","CITY OF ONKAPARINGA",2,2,0,0,2,2021,"April","Thursday","11:48 am",80,"Sealed","Dry","Not Raining","Daylight","Right Angle",2,,,1323883.94,1655220.56
"2021-15512-19/09/2025","SMITHFIELD","CITY OF PLAYFORD.",2,1,0,0,1,2021,"April","Monday","04:35 pm",80,"Sealed","Dry","Not Raining","Daylight","Rear End",2,,,1337884.89,1697138.07
"2021-15514-19/09/2025","NORWOOD","CC OF NORWOOD,PAYNEHAM & ST PETERS",4,1,0,0,1,2021,"April","Thursday","01:10 pm",60,"Sealed","Dry","Not Raining","Daylight","Hit Parked Vehicle",2,,,1330918.16,1670371.91
"2021-15515-19/09/2025","MOUNT BARKER JUNCTION","DC MT.BARKER.",2,1,0,0,1,2021,"April","Thursday","12:45 pm",80,"Sealed","Dry","Not Raining","Daylight","Head On",1,,,1351924.39,1658403.87
"2021-15541-19/09/2025","ROSSLYN PARK","CITY OF BURNSIDE",2,1,0,0,1,2021,"April","Thursday","05:40 pm",60,"Sealed","Dry","Not Raining","Daylight","Rear End",1,,,1335505.44,1670959.32
"2021-15543-19/09/2025","GULFVIEW HEIGHTS","CITY OF SALISBURY",2,1,0,0,1,2021,"April","Thursday","05:59 pm",60,"Sealed","Dry","Not Raining","Night","Right Angle",2,,,1335148.3,1685876.44
"2021-15547-19/09/2025","GOLDEN GROVE","CITY OF TEA TREE GULLY",2,1,0,0,1,2021,"April","Thursday","07:43 pm",60,"Sealed","Dry","Not Raining","Night","Hit Fixed Object",1,,,1339692.13,1685785.8
"2021-15548-19/09/2025","HINDMARSH VALLEY","DC VICTOR HARBOR.",1,1,0,0,1,2021,"April","Thursday","05:00 pm",80,"Sealed","Dry","Not Raining","Daylight","Roll Over",1,,,1330368.14,1604143.4
"2021-15554-19/09/2025","MILLBROOK","THE ADELAIDE HILLS COUNCIL",2,1,0,0,1,2021,"April","Friday","08:15 am",80,"Sealed","Wet","Raining","Daylight","Right Angle",1,,,1349824.62,1681247.67
"2021-15555-19/09/2025","MILE END","CITY OF WEST TORRENS",2,1,0,0,1,2021,"April","Friday","08:09 am",50,"Sealed","Dry","Not Raining","Daylight","Right Angle",1,,,1325196.19,1670865.14
"2021-15556-19/09/2025","DERNANCOURT","CITY OF TEA TREE GULLY",2,1,0,0,1,2021,"April","Thursday","03:15 pm",60,"Sealed","Dry","Not Raining","Daylight","Side Swipe",2,,,1336233.19,1677490.45
"2021-15557-19/09/2025","LOWER MITCHAM","CC MITCHAM.",2,1,0,0,1,2021,"April","Friday","09:45 am",60,"Sealed","Dry","Not Raining","Daylight","Right Turn",2,,,1329170.96,1665061.71
"2021-15559-19/09/2025","INGLE FARM","CITY OF SALISBURY",2,1,0,0,1,2021,"April","Thursday","06:10 pm",60,"Sealed","Dry","Not Raining","Night","Rear End",2,,,1332120.96,1681780.41
"2021-15560-19/09/2025","WAYVILLE","CITY OF UNLEY",2,1,0,0,1,2021,"April","Thursday","05:00 pm",60,"Sealed","Wet","Raining","Daylight","Right Angle",1,,,1328088,1668934.15
"2021-15561-19/09/2025","ADELAIDE","CITY OF ADELAIDE",2,1,0,0,1,2021,"April","Friday","11:46 am",30,"Sealed","Dry","Not Raining","Daylight","Hit Pedestrian",2,,,1329315.28,1671988.82
"2021-15563-19/09/2025","CHANDLERS HILL","CITY OF ONKAPARINGA",2,3,0,0,3,2021,"April","Friday","11:53 am",80,"Sealed","Dry","Not Raining","Daylight","Right Turn",2,,,1328990.87,1651888.16
"2021-15566-19/09/2025","PICCADILLY","THE ADELAIDE HILLS COUNCIL",1,1,0,1,0,2021,"April","Friday","12:08 pm",60,"Sealed","Dry","Unknown","Daylight","Roll Over",1,,,1340035.12,1664250.54
"2021-15567-19/09/2025","ADELAIDE","CITY OF ADELAIDE",2,1,0,0,1,2021,"April","Friday","01:45 pm",50,"Sealed","Dry","Not Raining","Daylight","Right Turn",1,,,1327925.66,1670500.3
"2021-15568-19/09/2025","FULLARTON","CITY OF UNLEY",2,1,0,0,1,2021,"April","Friday","11:19 am",60,"Sealed","Dry","Not Raining","Daylight","Side Swipe",2,,,1330931.58,1668146.83
"2021-15579-19/09/2025","SHEIDOW PARK","CC MARION.",2,1,0,0,1,2021,"April","Friday","03:25 pm",80,"Sealed","Dry","Not Raining","Daylight","Hit Fixed Object",1,,,1320327.05,1653912.35
"2021-15580-19/09/2025","POORAKA","CITY OF SALISBURY",2,1,0,1,0,2021,"April","Friday","04:29 pm",70,"Sealed","Dry","Not Raining","Daylight","Right Angle",2,,,1330901.74,1681830.98
"2021-15582-19/09/2025","BEVERLEY","CITY OF CHARLES STURT",2,1,0,0,1,2021,"April","Friday","02:45 pm",40,"Sealed","Dry","Not Raining","Daylight","Head On",2,,,1323792.67,1673809.84
"2021-15587-19/09/2025","COLLINSWOOD","CITY OF PROSPECT",2,1,0,0,1,2021,"April","Friday","06:05 pm",60,"Sealed","Dry","Not Raining","Night","Rear End",2,,,1330008.07,1674796.97
"2021-15589-19/09/2025","WINDSOR GARDENS","CITY OF PORT ADELAIDE ENFIELD",2,1,0,0,1,2021,"April","Friday","07:10 pm",60,"Sealed","Dry","Not Raining","Night","Right Turn",1,,,1334349.61,1678019.36
"2021-15593-19/09/2025","RIDGEHAVEN","CITY OF TEA TREE GULLY",3,1,0,0,1,2021,"April","Friday","11:05 pm",60,"Sealed","Dry","Not Raining","Night","Hit Fixed Object",1,,,1338405.45,1682441.65
"2021-15594-19/09/2025","MURRAY BRIDGE","RC MURRAY BRIDGE.",2,1,0,0,1,2021,"April","Saturday","02:25 am",50,"Sealed","Dry","Not Raining","Night","Hit Fixed Object",1,"Y","Y",1387734.61,1647231.23
"2021-15600-19/09/2025","HINDMARSH","CITY OF CHARLES STURT",2,1,0,0,1,2021,"April","Friday","01:45 pm",60,"Sealed","Dry","Not Raining","Daylight","Rear End",2,,,1325539.86,1673426
"2021-15601-19/09/2025","HAPPY VALLEY","CITY OF ONKAPARINGA",1,1,0,0,1,2021,"April","Saturday","11:50 am",60,"Sealed","Dry","Not Raining","Daylight","Roll Over",1,,,1326179.12,1653209.61
"2021-15602-19/09/2025","CLARE","CLARE AND GILBERT VALLEYS DISTRICT COUNCIL",2,2,0,0,2,2021,"April","Saturday","12:00 pm",50,"Sealed","Dry","Not Raining","Daylight","Right Angle",2,,,1333898.97,1790738.07
"2021-15605-19/09/2025","MIDDLETON","ALEXANDRINA COUNCIL",2,2,0,2,0,2021,"April","Saturday","12:00 pm",80,"Sealed","Dry","Not Raining","Daylight","Right Angle",2,,,1335273.27,1605445.88
"2021-15606-19/09/2025","WEST CROYDON","CITY OF CHARLES STURT",2,3,0,0,3,2021,"April","Friday","04:20 pm",60,"Sealed","Dry","Not Raining","Daylight","Right Angle",2,,,1324329.7,1674521.17
"2021-15610-19/09/2025","ST MORRIS","CC OF NORWOOD,PAYNEHAM & ST PETERS",3,1,0,0,1,2021,"April","Saturday","04:05 pm",60,"Sealed","Dry","Not Raining","Daylight","Right Angle",2,,,1333859.33,1671805.1
"2021-15612-19/09/2025","SALISBURY DOWNS","CITY OF SALISBURY",2,1,0,1,0,2021,"April","Saturday","05:10 pm",50,"Sealed","Dry","Not Raining","Daylight","Hit Fixed Object",1,,,1330079.62,1688007.18
"2021-15624-19/09/2025","MORPHETT VALE","CITY OF ONKAPARINGA",2,1,0,0,1,2021,"April","Saturday","05:30 pm",60,"Sealed","Dry","Not Raining","Daylight","Rear End",1,,,1321954.57,1649079.58
"2021-15626-19/09/2025","KURRALTA PARK","CITY OF WEST TORRENS",3,4,0,0,4,2021,"April","Sunday","11:40 am",60,"Sealed","Dry","Not Raining","Daylight","Rear End",1,,,1325677.15,1667641.09
"2021-15627-19/09/2025","DEEP CREEK","DC YANKALILLA.",2,1,0,0,1,2021,"April","Sunday","02:10 pm",100,"Unsealed","Dry","Not Raining","Daylight","Hit Fixed Object",1,,,1289844.91,1594031.94
"2021-15628-19/09/2025","SMITHFIELD","CITY OF PLAYFORD.",4,1,0,0,1,2021,"April","Sunday","02:28 pm",50,"Sealed","Dry","Not Raining","Daylight","Rear End",1,,,1337501.41,1696607.65
"2021-15630-19/09/2025","ELIZABETH VALE","CITY OF PLAYFORD.",2,2,0,0,2,2021,"April","Sunday","03:30 pm",60,"Sealed","Dry","Not Raining","Daylight","Rear End",2,,,1334450.22,1689811.49
"2021-15632-19/09/2025","RIDLEYTON","CITY OF CHARLES STURT",3,1,0,0,1,2021,"April","Sunday","04:23 pm",60,"Sealed","Dry","Not Raining","Daylight","Right Turn",1,,,1325915.28,1674895.89
"2021-15633-19/09/2025","MCLAREN VALE","CITY OF ONKAPARINGA",2,5,0,4,1,2021,"April","Sunday","03:23 pm",60,"Sealed","Dry","Not Raining","Daylight","Right Angle",2,,,1322925.16,1637162.84
"2021-15636-19/09/2025","SEATON","CITY OF CHARLES STURT",2,1,0,0,1,2021,"April","Sunday","08:40 pm",60,"Sealed","Dry","Not Raining","Night","Right Angle",1,"Y",,1320702.62,1676069.88
"2021-15640-19/09/2025","NORTHGATE","CITY OF PORT ADELAIDE ENFIELD",2,1,0,0,1,2021,"April","Monday","08:50 am",60,"Sealed","Dry","Not Raining","Daylight","Right Angle",1,,,1331464.44,1679287.03
"2021-15644-19/09/2025","MCLAREN VALE","CITY OF ONKAPARINGA",2,1,0,0,1,2021,"April","Monday","11:20 am",50,"Sealed","Dry","Not Raining","Daylight","Rear End",1,,,1322291.65,1638401.13
"2021-15645-19/09/2025","BROOKLYN PARK","CITY OF WEST TORRENS",2,2,0,0,2,2021,"April","Monday","05:45 am",60,"Sealed","Dry","Not Raining","Night","Right Turn",2,,,1323129.01,1670083.9
"2021-15646-19/09/2025","SMITHFIELD","CITY OF PLAYFORD.",2,2,0,0,2,2021,"April","Monday","12:57 pm",80,"Sealed","Dry","Not Raining","Daylight","Right Angle",1,"Y",,1337947.23,1697247.41
"2021-15647-19/09/2025","MAWSON LAKES","CITY OF SALISBURY",2,1,0,0,1,2021,"April","Monday","11:50 am",50,"Sealed","Dry","Not Raining","Daylight","Rear End",2,,,1330481.33,1683642.35
"2021-15648-19/09/2025","KERSBROOK","THE ADELAIDE HILLS COUNCIL",1,1,0,0,1,2021,"April","Monday","01:00 pm",100,"Sealed","Dry","Not Raining","Daylight","Roll Over",1,,,1353357.39,1686699.81
"2021-15649-19/09/2025","ST KILDA","CITY OF SALISBURY",1,1,0,0,1,2021,"April","Monday","12:53 pm",80,"Sealed","Dry","Not Raining","Daylight","Roll Over",1,,,1324209.77,1691666.4
"2021-15650-19/09/2025","MEDINDIE","WALKERVILLE TOWN COUNCIL",2,1,0,0,1,2021,"April","Monday","01:45 pm",60,"Sealed","Dry","Not Raining","Daylight","Head On",1,,,1329113.81,1674227.84
"2021-15651-19/09/2025","WOODVILLE GARDENS","CITY OF PORT ADELAIDE ENFIELD",3,1,0,0,1,2021,"April","Monday","01:45 pm",60,"Sealed","Dry","Not Raining","Daylight","Right Angle",2,,,1323949.7,1677639.8
"2021-15652-19/09/2025","WAROOKA","YORKE PENINSULA COUNCIL",1,1,0,0,1,2021,"April","Monday","09:50 am",100,"Unsealed","Wet","Not Raining","Daylight","Roll Over",1,,,1219070.31,1671493.35
"2021-15654-19/09/2025","MURRAY BRIDGE SOUTH","RC MURRAY BRIDGE.",2,1,0,0,1,2021,"April","Monday","04:05 pm",100,"Sealed","Dry","Not Raining","Daylight","Hit Fixed Object",1,"Y",,1387631.87,1643046.08
"2021-15656-19/09/2025","CRAIGMORE","CITY OF PLAYFORD.",1,1,0,0,1,2021,"April","Monday","05:41 pm",50,"Sealed","Dry","Not Raining","Night","Roll Over",9,,,1339384.85,1696916.59
"2021-15658-19/09/2025","CROYDON PARK","CITY OF PORT ADELAIDE ENFIELD",2,1,0,0,1,2021,"April","Monday","11:05 pm",40,"Sealed","Dry","Not Raining","Night","Rear End",2,,"Y",1326070.48,1675338.44
"2021-15661-19/09/2025","SALISBURY EAST","CITY OF SALISBURY",2,1,0,0,1,2021,"April","Tuesday","08:15 am",60,"Sealed","Dry","Not Raining","Daylight","Side Swipe",1,,,1335055.38,1685760.44
"2021-15663-19/09/2025","HOPE VALLEY","CITY OF TEA TREE GULLY",2,1,0,1,0,2021,"April","Tuesday","08:35 am",60,"Sealed","Dry","Not Raining","Daylight","Right Turn",1,,,1337566.52,1679488.01
"2021-15664-19/09/2025","GAWLER BELT","LIGHT REGIONAL COUNCIL",3,1,0,0,1,2021,"April","Tuesday","06:30 am",110,"Sealed","Dry","Not Raining","Night","Rear End",1,,,1342728.17,1708972.98
"2021-15667-19/09/2025","GLENELG EAST","CITY OF HOLDFAST BAY",4,1,0,0,1,2021,"April","Tuesday","08:45 am",60,"Sealed","Dry","Not Raining","Daylight","Side Swipe",1,,,1322559.26,1665353.41
"2021-15669-19/09/2025","ELIZABETH NORTH","CITY OF PLAYFORD.",2,1,0,0,1,2021,"April","Tuesday","11:06 am",80,"Sealed","Dry","Not Raining","Daylight","Right Turn",2,,,1336972.07,1695458.34
"2021-15672-19/09/2025","ELIZABETH VALE","CITY OF PLAYFORD.",2,1,0,0,1,2021,"April","Tuesday","08:48 am",50,"Sealed","Dry","Not Raining","Daylight","Hit Pedestrian",1,,,1335905.2,1690192.15
"2021-15675-19/09/2025","MELROSE PARK","CC MITCHAM.",3,1,0,0,1,2021,"April","Tuesday","03:10 pm",60,"Sealed","Dry","Not Raining","Daylight","Rear End",1,,,1325926.69,1664590.52
"2021-15676-19/09/2025","ST MARYS","CC MITCHAM.",2,3,0,0,3,2021,"April","Tuesday","03:27 pm",60,"Sealed","Dry","Not Raining","Daylight","Right Turn",1,,,1325955.93,1663326.3
"2021-15679-19/09/2025","HAWTHORNDENE","CC MITCHAM.",2,1,0,1,0,2021,"April","Tuesday","04:17 pm",50,"Sealed","Dry","Not Raining","Daylight","Right Angle",1,,,1330149.96,1659740.5
"2021-15680-19/09/2025","ADELAIDE","CITY OF ADELAIDE",2,1,0,0,1,2021,"April","Tuesday","04:30 pm",50,"Sealed","Dry","Not Raining","Daylight","Right Turn",2,,,1327947.46,1669708.15
"2021-15683-19/09/2025","EDWARDSTOWN","CC MARION.",2,1,0,0,1,2021,"April","Tuesday","05:51 pm",50,"Sealed","Dry","Not Raining","Night","Right Angle",1,,,1325096.66,1664766.8
"2021-15686-19/09/2025","KENSINGTON PARK","CITY OF BURNSIDE",2,1,0,0,1,2021,"April","Tuesday","06:04 pm",60,"Sealed","Dry","Not Raining","Night","Right Turn",1,,,1333879.5,1671121.63
"2021-15696-19/09/2025","TEMPLERS","LIGHT REGIONAL COUNCIL",2,1,0,0,1,2021,"April","Wednesday","07:10 am",100,"Sealed","Dry","Not Raining","Daylight","Right Angle",2,,,1343673.68,1720893.16
"2021-15698-19/09/2025","MOUNT GAMBIER","CC MT.GAMBIER.",2,1,0,0,1,2021,"April","Wednesday","07:55 am",50,"Sealed","Dry","Not Raining","Daylight","Right Angle",1,,,1510163,1339902.6
"2021-15702-19/09/2025","ADELAIDE","CITY OF ADELAIDE",1,1,0,0,1,2021,"April","Saturday","04:30 pm",50,"Sealed","Wet","Not Raining","Daylight","Roll Over",1,,,1327630.86,1670798.54
"2021-15703-19/09/2025","ADELAIDE","CITY OF ADELAIDE",2,1,0,0,1,2021,"April","Tuesday","08:57 am",50,"Sealed","Dry","Not Raining","Daylight","Hit Parked Vehicle",1,,,1328413.06,1670384.6
"2021-15706-19/09/2025","WHYALLA PLAYFORD","CC WHYALLA.",2,1,0,0,1,2021,"April","Wednesday","08:30 am",50,"Sealed","Dry","Not Raining","Daylight","Hit Pedestrian",1,,,1238841.8,1883142.22
"2021-15707-19/09/2025","SEACOMBE HEIGHTS","CC MARION.",2,3,0,0,3,2021,"April","Wednesday","08:45 am",60,"Sealed","Dry","Not Raining","Daylight","Right Angle",2,,,1323483.64,1659420.61
"2021-15711-19/09/2025","WOODVILLE PARK","CITY OF CHARLES STURT",2,1,0,0,1,2021,"April","Wednesday","10:05 am",60,"Sealed","Dry","Not Raining","Daylight","Right Angle",2,,,1324077.16,1676348.18
"2021-15715-19/09/2025","WOODSIDE","THE ADELAIDE HILLS COUNCIL",2,1,0,0,1,2021,"April","Wednesday","09:30 am",50,"Sealed","Dry","Not Raining","Daylight","Right Turn",2,,,1353498.06,1666828.2
"2021-15716-19/09/2025","ST MARYS","CC MITCHAM.",1,1,0,0,1,2021,"April","Sunday","11:30 am",60,"Sealed","Dry","Not Raining","Daylight","Other",1,,,1325956.16,1663317.85
"2021-15717-19/09/2025","GAWLER","CT GAWLER.",2,1,0,0,1,2021,"April","Wednesday","01:00 pm",50,"Sealed","Dry","Not Raining","Daylight","Hit Pedestrian",1,,,1343261.23,1706048.93
"2021-15720-19/09/2025","ROSTREVOR","CC CAMPBELLTOWN.",1,1,0,0,1,2021,"April","Wednesday","02:45 pm",60,"Sealed","Dry","Not Raining","Daylight","Roll Over",1,,,1335412.17,1674466.69
"2021-15722-19/09/2025","KINGSWOOD","CC MITCHAM.",2,1,0,0,1,2021,"April","Wednesday","03:43 pm",50,"Sealed","Dry","Not Raining","Daylight","Right Angle",2,,,1329336.67,1666100.84
"2021-15725-19/09/2025","WOODVILLE","CITY OF CHARLES STURT",2,1,0,1,0,2021,"April","Wednesday","04:00 pm",50,"Sealed","Dry","Not Raining","Daylight","Hit Pedestrian",2,,,1322832.67,1675961.11
"2021-15727-19/09/2025","ELIZABETH EAST","CITY OF PLAYFORD.",2,1,0,0,1,2021,"April","Wednesday","09:30 am",80,"Sealed","Dry","Not Raining","Daylight","Rear End",2,,,1336027.66,1692787.65
"2021-15728-19/09/2025","SALISBURY HEIGHTS","CITY OF SALISBURY",3,1,0,0,1,2021,"April","Wednesday","03:35 pm",60,"Sealed","Dry","Not Raining","Daylight","Right Angle",1,,,1336258.37,1687698.86
"2021-15731-19/09/2025","OAKDEN","CITY OF PORT ADELAIDE ENFIELD",2,1,0,1,0,2021,"April","Wednesday","05:30 pm",60,"Sealed","Dry","Not Raining","Daylight","Right Angle",1,,,1333378.55,1678561.06
"2021-15736-19/09/2025","CHELTENHAM","CITY OF CHARLES STURT",2,1,0,0,1,2021,"April","Wednesday","07:00 pm",60,"Sealed","Dry","Not Raining","Night","Right Turn",2,,,1322282.82,1677760.1
"2021-15737-19/09/2025","BLACKWOOD","CC MITCHAM.",3,1,0,0,1,2021,"April","Wednesday","07:55 pm",50,"Sealed","Dry","Not Raining","Night","Right Angle",2,,,1329690.48,1660048.86
"2021-15740-19/09/2025","BEVERLEY","CITY OF CHARLES STURT",3,1,0,0,1,2021,"April","Thursday","08:10 am",60,"Sealed","Dry","Not Raining","Daylight","Rear End",1,,,1323525.28,1675147.89
"2021-15742-19/09/2025","KENSINGTON PARK","CITY OF BURNSIDE",2,1,0,0,1,2021,"April","Thursday","08:17 am",60,"Sealed","Dry","Not Raining","Daylight","Right Turn",1,,,1333879.5,1671121.63
"2021-15744-19/09/2025","SALISBURY DOWNS","CITY OF SALISBURY",2,1,0,0,1,2021,"April","Thursday","09:15 am",60,"Sealed","Dry","Not Raining","Daylight","Rear End",2,,,1331692.25,1686640.69
"2021-15748-19/09/2025","NURIOOTPA","LIGHT REGIONAL COUNCIL",2,2,0,0,2,2021,"April","Thursday","10:25 am",60,"Sealed","Dry","Not Raining","Daylight","Right Angle",1,,,1364772.29,1720072.41
"2021-15749-19/09/2025","URRBRAE","CC MITCHAM.",2,1,0,0,1,2021,"April","Thursday","09:57 am",60,"Sealed","Dry","Not Raining","Daylight","Right Turn",1,,,1330785.59,1665600.33
"2021-15752-19/09/2025","KILBURN","CITY OF PORT ADELAIDE ENFIELD",2,1,0,0,1,2021,"April","Thursday","01:36 pm",60,"Sealed","Dry","Not Raining","Daylight","Rear End",2,,,1327221.38,1677208.67
"2021-15753-19/09/2025","GLYNDE","CC OF NORWOOD,PAYNEHAM & ST PETERS",2,1,0,0,1,2021,"April","Thursday","08:30 am",60,"Sealed","Dry","Not Raining","Daylight","Rear End",2,,,1333785.54,1674516.59
"2021-15755-19/09/2025","PARAFIELD","CITY OF SALISBURY",3,1,0,0,1,2021,"April","Thursday","01:52 pm",80,"Sealed","Dry","Not Raining","Daylight","Hit Fixed Object",1,,,1332537.93,1684407.94
"2021-15756-19/09/2025","NORTH ADELAIDE","CITY OF ADELAIDE",2,1,0,0,1,2021,"April","Wednesday","02:30 pm",50,"Sealed","Dry","Not Raining","Daylight","Rear End",2,,,1329072.58,1672620.77
"2021-15759-19/09/2025","HYDE PARK","CITY OF UNLEY",3,1,0,0,1,2021,"April","Thursday","03:00 pm",50,"Sealed","Dry","Not Raining","Daylight","Right Angle",1,,,1328405.74,1667162.62
"2021-15766-19/09/2025","O'HALLORAN HILL","CC MARION.",2,1,0,0,1,2021,"April","Thursday","04:10 pm",100,"Sealed","Dry","Not Raining","Daylight","Rear End",2,,,1323988.22,1658007.4
"2021-15771-19/09/2025","NORTHFIELD","CITY OF PORT ADELAIDE ENFIELD",2,1,0,0,1,2021,"April","Thursday","05:00 pm",60,"Sealed","Dry","Not Raining","Daylight","Right Angle",1,,,1330387.25,1678745.78
"2021-15778-19/09/2025","MUNNO PARA WEST","CITY OF PLAYFORD.",2,5,0,0,5,2021,"April","Thursday","06:08 pm",60,"Sealed","Dry","Not Raining","Night","Right Angle",1,,,1335849.85,1700711.46
"2021-15779-19/09/2025","SECOND VALLEY","DC YANKALILLA.",1,1,0,0,1,2021,"April","Thursday","02:40 pm",100,"Sealed","Dry","Not Raining","Daylight","Roll Over",1,,,1292958.28,1605216.38
"2021-15782-19/09/2025","COWANDILLA","CITY OF WEST TORRENS",2,1,0,0,1,2021,"April","Thursday","06:19 pm",60,"Sealed","Dry","Not Raining","Night","Right Angle",1,,,1324136.61,1670365.05
"2021-15785-19/09/2025","NORMANVILLE","DC YANKALILLA.",2,1,0,0,1,2021,"April","Thursday","06:45 pm",80,"Sealed","Dry","Not Raining","Night","Hit Fixed Object",1,,,1301216.21,1612329.6
"2021-15787-19/09/2025","DARLINGTON","CITY OF ONKAPARINGA",5,2,0,0,2,2021,"April","Thursday","09:14 pm",60,"Sealed","Dry","Not Raining","Night","Head On",1,"Y",,1324445.3,1659359.47
"2021-15788-19/09/2025","NORTH ADELAIDE","CITY OF ADELAIDE",2,1,0,0,1,2021,"April","Thursday","05:25 pm",50,"Sealed","Dry","Not Raining","Daylight","Side Swipe",2,,,1329085.6,1672671.99
"2021-15791-19/09/2025","STIRLING","THE ADELAIDE HILLS COUNCIL",5,2,1,0,1,2021,"April","Thursday","05:01 pm",110,"Sealed","Dry","Not Raining","Daylight","Hit Fixed Object",1,,,1339967.9,1662297.22
"2021-15795-19/09/2025","KILBURN","CITY OF PORT ADELAIDE ENFIELD",2,1,0,0,1,2021,"April","Friday","02:44 am",60,"Sealed","Dry","Not Raining","Night","Hit Pedestrian",2,,,1327248.97,1679217.53
"2021-15796-19/09/2025","PENFIELD","CITY OF PLAYFORD.",2,1,0,0,1,2021,"April","Friday","07:16 am",110,"Sealed","Dry","Not Raining","Daylight","Rear End",2,,,1331401.54,1697660.52
"2021-15801-19/09/2025","DAVOREN PARK","CITY OF PLAYFORD.",2,2,0,0,2,2021,"April","Friday","08:52 am",60,"Sealed","Dry","Not Raining","Daylight","Right Angle",1,,"Y",1335882.34,1697185.72
"2021-15805-19/09/2025","BRIGHTON","CITY OF HOLDFAST BAY",2,1,0,0,1,2021,"April","Friday","10:35 am",50,"Sealed","Dry","Not Raining","Daylight","Hit Pedestrian",1,"Y",,1320672.27,1660581.9
"2021-15811-19/09/2025","GLENELG","CITY OF HOLDFAST BAY",2,1,0,0,1,2021,"April","Friday","11:45 am",50,"Sealed","Dry","Not Raining","Daylight","Right Turn",2,,,1320801.94,1664728.41
"2021-15814-19/09/2025","RISDON PARK SOUTH","PT.PIRIE CITY & DIST. COUNCIL",2,2,0,0,2,2021,"April","Friday","12:40 pm",50,"Sealed","Dry","Not Raining","Daylight","Right Angle",2,,,1278833.64,1862926.74