"REPORT_ID","Suburb","LGA Name","Total Units","Total Cas","Total Fats","Total SI","Total MI","Year","Month","Day","Time","Area Speed","Road Surface","Moisture Cond","Weather Cond","DayNight","Crash Type","Unit Resp","DUI Involved","Drugs Involved","ACCLOC_X","ACCLOC_Y"
"2021-15818-19/09/2025","FULHAM GARDENS","CITY OF CHARLES STURT",2,1,0,0,1,2021,"April","Thursday","07:05 pm",60,"Sealed","Dry","Not Raining","Night","Rear End",1,,,1320638.79,1672315.31
"2021-15825-19/09/2025","KIDMAN PARK","CITY OF CHARLES STURT",2,1,0,0,1,2021,"April","Friday","08:27 am",40,"Sealed","Dry","Not Raining","Daylight","Rear End",2,,,1321954.3,1672165.49
"2021-15840-19/09/2025","BURTON","CITY OF SALISBURY",4,1,0,0,1,2021,"April","Friday","05:42 pm",60,"Sealed","Dry","Not Raining","Night","Rear End",1,,,1330025.3,1690922.68
"2021-15842-19/09/2025","MEDINDIE","CITY OF PROSPECT",3,1,0,0,1,2021,"April","Friday","06:15 pm",60,"Sealed","Dry","Not Raining","Night","Rear End",1,,,1329445.09,1674242.44
"2021-15843-19/09/2025","HECTORVILLE","CC CAMPBELLTOWN.",2,1,0,0,1,2021,"April","Friday","06:55 pm",50,"Sealed","Dry","Not Raining","Night","Right Angle",2,,,1335013.46,1674350.85
"2021-15844-19/09/2025","COWANDILLA","CITY OF WEST TORRENS",2,1,0,0,1,2021,"April","Thursday","08:30 pm",50,"Sealed","Dry","Not Raining","Night","Hit Parked Vehicle",1,"Y",,1324838.2,1669824.72
"2021-15845-19/09/2025","ROSEWATER","CITY OF PORT ADELAIDE ENFIELD",2,1,1,0,0,2021,"April","Friday","07:20 pm",60,"Sealed","Dry","Not Raining","Night","Hit Pedestrian",2,"Y",,1322284.5,1678681.39
"2021-15846-19/09/2025","UNDALYA","CLARE AND GILBERT VALLEYS DISTRICT COUNCIL",1,1,0,0,1,2021,"April","Friday","05:37 pm",100,"Sealed","Dry","Not Raining","Night","Roll Over",1,,,1340121.08,1765869.25
"2021-15848-19/09/2025","PROSPECT","CITY OF PROSPECT",2,1,0,0,1,2021,"April","Friday","10:15 pm",60,"Sealed","Dry","Not Raining","Night","Rear End",2,,,1327980.19,1676420.45
"2021-15851-19/09/2025","ELIZABETH EAST","CITY OF PLAYFORD.",2,1,0,1,0,2021,"April","Friday","11:56 pm",50,"Unsealed","Dry","Not Raining","Night","Hit Fixed Object",1,"Y",,1336677.7,1692246.03
"2021-15852-19/09/2025","SALISBURY EAST","CITY OF SALISBURY",2,1,0,0,1,2021,"May","Saturday","01:10 am",80,"Sealed","Dry","Not Raining","Night","Hit Fixed Object",1,"Y",,1336484.3,1687422.12
"2021-15855-19/09/2025","GLENALTA","CC MITCHAM.",2,1,0,1,0,2021,"May","Saturday","08:05 am",60,"Sealed","Dry","Not Raining","Daylight","Side Swipe",1,,,1330327.97,1661234.62
"2021-15857-19/09/2025","OTTOWAY","CITY OF PORT ADELAIDE ENFIELD",2,1,0,0,1,2021,"May","Saturday","11:48 am",50,"Sealed","Dry","Not Raining","Daylight","Hit Parked Vehicle",1,,,1323179.75,1679457.15
"2021-15858-19/09/2025","ELIZABETH PARK","CITY OF PLAYFORD.",2,1,0,0,1,2021,"May","Saturday","11:20 am",80,"Sealed","Dry","Not Raining","Daylight","Right Angle",1,,,1335978.95,1693741.6
"2021-15862-19/09/2025","HILTON","CITY OF WEST TORRENS",2,1,0,0,1,2021,"April","Friday","06:34 am",60,"Sealed","Dry","Not Raining","Night","Rear End",2,,,1325772.77,1670183.84
"2021-15863-19/09/2025","AULDANA","CITY OF BURNSIDE",2,1,0,0,1,2021,"May","Saturday","02:10 pm",50,"Sealed","Dry","Not Raining","Daylight","Hit Fixed Object",1,,,1336455.5,1671045.01
"2021-15871-19/09/2025","MORPHETT VALE","CITY OF ONKAPARINGA",2,1,0,0,1,2021,"May","Saturday","04:34 pm",60,"Sealed","Dry","Not Raining","Daylight","Hit Pedestrian",2,,,1320791.4,1648693.6
"2021-15877-19/09/2025","CUMBERLAND PARK","CC MITCHAM.",2,1,0,0,1,2021,"May","Saturday","07:45 pm",60,"Sealed","Dry","Not Raining","Night","Right Turn",1,,,1326683.7,1666184.46
"2021-15878-19/09/2025","NORTH ADELAIDE","CITY OF ADELAIDE",3,1,0,0,1,2021,"May","Saturday","07:50 pm",50,"Sealed","Dry","Not Raining","Night","Rear End",1,,,1329497.35,1672884.77
"2021-15880-19/09/2025","FERRYDEN PARK","CITY OF PORT ADELAIDE ENFIELD",2,1,0,0,1,2021,"May","Saturday","08:20 pm",50,"Sealed","Dry","Not Raining","Night","Right Angle",1,,,1324823.34,1677166.23
"2021-15892-19/09/2025","PEWSEY VALE","THE BAROSSA COUNCIL.",1,1,0,1,0,2021,"May","Sunday","12:50 pm",100,"Unsealed","Dry","Not Raining","Daylight","Roll Over",1,,,1362559.45,1703562.2
"2021-15893-19/09/2025","MOONTA","COPPER COAST DISTRICT COUNCIL",2,1,0,0,1,2021,"April","Friday","08:30 pm",50,"Sealed","Unknown","Unknown","Night","Hit Pedestrian",1,,,1238862.42,1768152.13
"2021-15896-19/09/2025","OAKLANDS PARK","CC MARION.",2,1,0,0,1,2021,"April","Friday","03:20 pm",60,"Sealed","Dry","Not Raining","Daylight","Side Swipe",2,,,1323159.67,1661046.38
"2021-15898-19/09/2025","SOMERTON PARK","CITY OF HOLDFAST BAY",2,1,0,0,1,2021,"May","Sunday","12:20 pm",60,"Sealed","Dry","Not Raining","Daylight","Right Angle",1,,,1321668.47,1663436.79
"2021-15905-19/09/2025","NORTH ADELAIDE","CITY OF ADELAIDE",2,1,0,0,1,2021,"May","Monday","04:15 am",60,"Sealed","Dry","Not Raining","Night","Hit Fixed Object",1,,,1326881.53,1672418.87
"2021-15906-19/09/2025","MORPHETT VALE","CITY OF ONKAPARINGA",2,1,0,1,0,2021,"May","Monday","06:33 am",60,"Sealed","Dry","Not Raining","Night","Hit Pedestrian",1,,,1320740.69,1651011.75
"2021-15907-19/09/2025","MORPHETT VALE","CITY OF ONKAPARINGA",2,1,0,1,0,2021,"May","Monday","08:58 am",60,"Sealed","Dry","Not Raining","Daylight","Hit Pedestrian",2,,,1321697.21,1648720.56
"2021-15909-19/09/2025","VICTOR HARBOR","DC VICTOR HARBOR.",1,1,0,0,1,2021,"May","Monday","08:30 am",50,"Sealed","Wet","Raining","Daylight","Roll Over",1,,,1328335.09,1601720.01
"2021-15911-19/09/2025","WELLAND","CITY OF CHARLES STURT",3,2,0,0,2,2021,"May","Monday","10:45 am",60,"Sealed","Dry","Not Raining","Daylight","Right Turn",2,,,1324861.82,1673188.4
"2021-15913-19/09/2025","TORRENSVILLE","CITY OF WEST TORRENS",2,1,0,0,1,2021,"May","Monday","10:50 am",60,"Sealed","Dry","Not Raining","Daylight","Rear End",2,,,1325754.03,1670993.72
"2021-15915-19/09/2025","CAMPBELLTOWN","CC CAMPBELLTOWN.",2,2,0,1,1,2021,"May","Monday","11:16 am",60,"Sealed","Dry","Not Raining","Daylight","Right Angle",1,,,1334468.27,1675734.19
"2021-15920-19/09/2025","WINGFIELD","CITY OF PORT ADELAIDE ENFIELD",3,1,0,0,1,2021,"May","Monday","02:03 pm",60,"Sealed","Wet","Raining","Daylight","Rear End",2,,,1324903.02,1679177.81
"2021-15921-19/09/2025","INGLE FARM","CITY OF SALISBURY",2,1,0,0,1,2021,"May","Monday","03:16 pm",50,"Sealed","Dry","Not Raining","Daylight","Hit Fixed Object",1,,,1334135.56,1682073.79
"2021-15924-19/09/2025","GLOBE DERBY PARK","CITY OF SALISBURY",3,2,0,1,1,2021,"May","Monday","03:00 pm",110,"Sealed","Dry","Not Raining","Daylight","Hit Fixed Object",1,,,1327238.28,1686085.39
"2021-15927-19/09/2025","DULWICH","CITY OF BURNSIDE",2,1,0,0,1,2021,"May","Monday","04:51 pm",60,"Sealed","Wet","Raining","Daylight","Rear End",1,,,1330659.78,1669417.65
"2021-15929-19/09/2025","ADELAIDE","CITY OF ADELAIDE",2,1,0,0,1,2021,"May","Monday","03:30 pm",50,"Sealed","Dry","Not Raining","Daylight","Hit Pedestrian",1,,,1329495.88,1671008.62
"2021-15930-19/09/2025","NAILSWORTH","CITY OF PROSPECT",2,1,0,0,1,2021,"May","Monday","04:15 pm",60,"Sealed","Dry","Not Raining","Daylight","Right Angle",1,,,1328918.13,1674732.24
"2021-15933-19/09/2025","SALISBURY EAST","CITY OF SALISBURY",2,1,0,0,1,2021,"May","Monday","01:30 pm",80,"Sealed","Dry","Not Raining","Daylight","Rear End",2,,,1333298.13,1685374.25
"2021-15934-19/09/2025","PORT ADELAIDE","CITY OF PORT ADELAIDE ENFIELD",3,1,0,1,0,2021,"May","Monday","05:54 pm",60,"Sealed","Dry","Not Raining","Night","Side Swipe",1,,,1321026.79,1680305.94
"2021-15937-19/09/2025","ULEYBURY","CITY OF PLAYFORD.",3,2,0,0,2,2021,"May","Monday","09:11 pm",80,"Sealed","Dry","Not Raining","Night","Hit Fixed Object",1,,,1341381.1,1697661.04
"2021-15938-19/09/2025","CULBURRA","COORONG DISTRICT COUNCIL",2,2,0,0,2,2021,"May","Monday","06:30 pm",110,"Sealed","Wet","Not Raining","Night","Side Swipe",1,,,1446433.76,1569597.24
"2021-15939-19/09/2025","MOUNT WILLOUGHBY",,1,1,1,0,0,2021,"May","Monday","09:12 am",110,"Sealed","Dry","Not Raining","Daylight","Roll Over",1,"Y",,920969.86,2393917.2
"2021-15942-19/09/2025","MOERLONG","WATTLE RANGE COUNCIL",2,1,0,0,1,2021,"May","Tuesday","05:15 am",110,"Sealed","Dry","Not Raining","Night","Roll Over",1,,,1505758.09,1380538.67
"2021-15943-19/09/2025","PARK HOLME","CC MARION.",3,2,0,0,2,2021,"May","Tuesday","06:27 am",60,"Sealed","Dry","Not Raining","Night","Rear End",1,,,1324287.88,1664531.59
"2021-15946-19/09/2025","BURNSIDE","CITY OF BURNSIDE",2,1,0,0,1,2021,"May","Tuesday","09:00 am",50,"Sealed","Dry","Not Raining","Daylight","Side Swipe",1,,,1334297.62,1668542.5
"2021-15947-19/09/2025","TROTT PARK","CC MARION.",2,1,0,0,1,2021,"May","Monday","06:15 pm",50,"Sealed","Dry","Not Raining","Night","Right Turn",2,,,1322463.7,1654250.78
"2021-15949-19/09/2025","BOLIVAR","CITY OF SALISBURY",2,1,0,0,1,2021,"May","Monday","04:35 pm",90,"Sealed","Dry","Not Raining","Daylight","Rear End",2,,,1328552.49,1687936.23
"2021-15951-19/09/2025","PROSPECT","CITY OF PROSPECT",2,1,0,0,1,2021,"April","Friday","11:42 am",60,"Sealed","Dry","Not Raining","Daylight","Right Angle",2,,,1327236.23,1676392.98
"2021-15957-19/09/2025","ROXBY DOWNS","MC ROXBY DOWNS",2,1,0,0,1,2021,"May","Tuesday","08:20 am",50,"Sealed","Dry","Not Raining","Daylight","Hit Pedestrian",2,,,1181598.09,2157403.93
"2021-15959-19/09/2025","MONARTO SOUTH","RC MURRAY BRIDGE.",2,2,0,2,0,2021,"May","Tuesday","02:00 pm",100,"Sealed","Dry","Not Raining","Daylight","Right Angle",2,,,1375952.72,1647660.43
"2021-15960-19/09/2025","PARA VISTA","CITY OF SALISBURY",2,2,0,0,2,2021,"May","Tuesday","03:15 pm",60,"Sealed","Dry","Not Raining","Daylight","Right Turn",1,,,1334318.26,1681126.11
"2021-15961-19/09/2025","HAMPSTEAD GARDENS","CITY OF PORT ADELAIDE ENFIELD",4,1,0,0,1,2021,"May","Tuesday","07:20 am",60,"Sealed","Dry","Not Raining","Daylight","Rear End",1,,,1331614.67,1676185.65
"2021-15962-19/09/2025","FULHAM GARDENS","CITY OF CHARLES STURT",2,1,0,0,1,2021,"April","Wednesday","02:30 pm",50,"Sealed","Dry","Not Raining","Daylight","Hit Pedestrian",2,,,1321197.77,1672419.39
"2021-15965-19/09/2025","MILLBROOK","THE ADELAIDE HILLS COUNCIL",2,3,0,0,3,2021,"May","Tuesday","02:45 pm",80,"Sealed","Dry","Not Raining","Daylight","Head On",2,,,1348000.44,1682302.81
"2021-15967-19/09/2025","ELIZABETH","CITY OF PLAYFORD.",2,1,0,0,1,2021,"May","Tuesday","04:39 pm",60,"Sealed","Dry","Not Raining","Daylight","Rear End",2,,,1335520.78,1692956.82
"2021-15973-19/09/2025","CUMBERLAND PARK","CC MITCHAM.",2,1,0,0,1,2021,"May","Tuesday","05:08 pm",60,"Sealed","Dry","Not Raining","Daylight","Right Turn",1,,,1327514.82,1665944.74
"2021-15978-19/09/2025","HUNTFIELD HEIGHTS","CITY OF ONKAPARINGA",2,2,0,0,2,2021,"May","Tuesday","05:45 pm",80,"Sealed","Dry","Not Raining","Night","Right Angle",2,,,1320421.19,1645337.32
"2021-15979-19/09/2025","NORWOOD","CC OF NORWOOD,PAYNEHAM & ST PETERS",3,2,0,0,2,2021,"May","Tuesday","04:30 pm",60,"Sealed","Dry","Not Raining","Daylight","Rear End",1,,,1331460.58,1670389.39
"2021-15986-19/09/2025","TRANMERE","CC CAMPBELLTOWN.",2,1,0,0,1,2021,"May","Wednesday","09:07 am",60,"Sealed","Dry","Not Raining","Daylight","Right Turn",1,,,1333829.72,1673081.24
"2021-15992-19/09/2025","MEDINDIE","WALKERVILLE TOWN COUNCIL",2,1,0,0,1,2021,"May","Tuesday","01:23 pm",60,"Sealed","Dry","Not Raining","Daylight","Right Angle",1,,,1328439.7,1673661.26
"2021-15997-19/09/2025","SALISBURY EAST","CITY OF SALISBURY",3,1,0,0,1,2021,"May","Tuesday","03:20 pm",50,"Sealed","Dry","Not Raining","Daylight","Rear End",1,,,1334441.32,1684984.12
"2021-15998-19/09/2025","WELLAND","CITY OF CHARLES STURT",2,1,0,0,1,2021,"April","Tuesday","08:00 am",60,"Sealed","Dry","Not Raining","Daylight","Side Swipe",2,,,1324861.57,1673197.21
"2021-15999-19/09/2025","OTTOWAY","CITY OF PORT ADELAIDE ENFIELD",2,1,0,0,1,2021,"May","Wednesday","03:50 pm",60,"Sealed","Dry","Not Raining","Daylight","Right Turn",1,,,1322404.84,1679118.18
"2021-16000-19/09/2025","ST MARYS","CC MITCHAM.",2,1,0,0,1,2021,"May","Tuesday","09:35 pm",70,"Sealed","Dry","Not Raining","Night","Hit Fixed Object",1,,,1326589.87,1661294.17
"2021-16001-19/09/2025","NEWTON","CC CAMPBELLTOWN.",2,1,0,0,1,2021,"May","Wednesday","04:30 pm",60,"Sealed","Dry","Not Raining","Daylight","Right Angle",1,,,1335668.24,1674570.12
"2021-16004-19/09/2025","NORTHFIELD","CITY OF PORT ADELAIDE ENFIELD",2,1,0,0,1,2021,"February","Tuesday","07:45 am",60,"Sealed","Dry","Not Raining","Daylight","Rear End",2,,,1330726.83,1679862.39
"2021-16006-19/09/2025","ELIZABETH DOWNS","CITY OF PLAYFORD.",2,1,0,1,0,2021,"May","Wednesday","05:15 pm",50,"Sealed","Dry","Not Raining","Daylight","Hit Pedestrian",1,,,1338078.62,1694789.65
"2021-16009-19/09/2025","STURT","CC MARION.",3,2,0,0,2,2021,"May","Wednesday","04:50 pm",60,"Sealed","Dry","Not Raining","Daylight","Right Turn",1,,,1324418.54,1660680
"2021-16011-19/09/2025","SALISBURY","CITY OF SALISBURY",2,1,0,0,1,2021,"May","Wednesday","07:20 pm",60,"Sealed","Dry","Not Raining","Night","Right Turn",2,,,1333600.19,1688085.5
"2021-16015-19/09/2025","LOXTON","LOXTON WAIKERIE DISTRICT COUNCIL",2,1,0,0,1,2021,"May","Wednesday","07:15 pm",60,"Sealed","Dry","Not Raining","Night","Hit Fixed Object",1,,,1511575.08,1714819.4
"2021-16016-19/09/2025","WATERLOO CORNER","CITY OF SALISBURY",3,4,0,0,4,2021,"May","Wednesday","08:56 pm",110,"Sealed","Dry","Not Raining","Night","Hit Fixed Object",1,,"Y",1327333.82,1691097.74
"2021-16017-19/09/2025","PARALOWIE","CITY OF SALISBURY",2,1,0,0,1,2021,"May","Wednesday","06:30 pm",50,"Sealed","Dry","Not Raining","Night","Right Angle",2,,,1328625.41,1689269.27
"2021-16028-19/09/2025","PARK HOLME","CC MARION.",2,1,0,0,1,2021,"May","Thursday","07:30 am",60,"Sealed","Dry","Not Raining","Daylight","Right Angle",2,,,1324312.53,1663694.14
"2021-16035-19/09/2025","FINDON","CITY OF CHARLES STURT",2,1,0,0,1,2021,"May","Wednesday","11:00 am",60,"Sealed","Dry","Not Raining","Daylight","Rear End",2,,,1322391.64,1674259.27
"2021-16036-19/09/2025","PARA HILLS","CITY OF SALISBURY",2,1,0,0,1,2021,"May","Thursday","07:10 am",60,"Sealed","Dry","Not Raining","Daylight","Right Angle",2,,,1333968.94,1684359.8
"2021-16044-19/09/2025","KINGSWOOD","CC MITCHAM.",2,1,0,0,1,2021,"March","Saturday","10:30 am",60,"Sealed","Dry","Not Raining","Daylight","Right Angle",2,,,1329136.35,1666242.69
"2021-16051-19/09/2025","STURT","CC MARION.",4,1,0,0,1,2021,"May","Thursday","06:15 pm",60,"Sealed","Dry","Not Raining","Night","Rear End",1,,,1324420.13,1660669.19
"2021-16052-19/09/2025","WILLIAMSTOWN","THE BAROSSA COUNCIL.",2,1,0,0,1,2021,"May","Thursday","05:50 pm",100,"Sealed","Dry","Not Raining","Night","Rear End",2,,,1361112.14,1696755.64
"2021-16060-19/09/2025","PORT ADELAIDE","CITY OF PORT ADELAIDE ENFIELD",2,1,0,0,1,2021,"May","Friday","08:57 am",60,"Sealed","Dry","Not Raining","Daylight","Right Angle",1,,,1320455.33,1679324.06
"2021-16070-19/09/2025","LEABROOK","CITY OF BURNSIDE",2,1,0,0,1,2021,"May","Friday","10:00 am",60,"Sealed","Dry","Not Raining","Daylight","Right Turn",2,,,1333899.19,1670462.72
"2021-16073-19/09/2025","WAIKERIE","LOXTON WAIKERIE DISTRICT COUNCIL",1,1,0,1,0,2021,"May","Tuesday","11:40 am",60,"Sealed","Dry","Not Raining","Daylight","Roll Over",1,,,1458678.73,1748294.14
"2021-16078-19/09/2025","PANORAMA","CC MITCHAM.",2,1,0,0,1,2021,"May","Friday","03:05 pm",50,"Sealed","Dry","Not Raining","Daylight","Hit Fixed Object",1,,,1328011.44,1662886.74
"2021-16083-19/09/2025","BLACKWOOD","CC MITCHAM.",2,1,0,0,1,2021,"May","Thursday","08:40 am",50,"Sealed","Dry","Not Raining","Daylight","Rear End",2,,,1329430.96,1660039.06
"2021-16086-19/09/2025","ROSE PARK","CITY OF BURNSIDE",2,1,0,0,1,2021,"May","Friday","06:15 pm",50,"Sealed","Dry","Not Raining","Night","Right Angle",1,,,1331485.25,1669885.89
"2021-16088-19/09/2025","STUARTS CREEK",,1,1,0,0,1,2021,"May","Friday","01:00 pm",100,"Unsealed","Dry","Not Raining","Daylight","Roll Over",1,,,1193039.47,2279082.49
"2021-16093-19/09/2025","ECHUNGA","DC MT.BARKER.",2,2,0,1,1,2021,"May","Friday","08:50 pm",80,"Sealed","Dry","Not Raining","Night","Hit Fixed Object",1,"Y",,1347682.22,1653428.2
"2021-16094-19/09/2025","BROADVIEW","CITY OF PROSPECT",2,1,0,0,1,2021,"May","Friday","11:30 pm",50,"Sealed","Dry","Not Raining","Night","Hit Parked Vehicle",1,"Y",,1330338.41,1675341.51
"2021-16095-19/09/2025","OAKDEN HILLS",,1,2,0,0,2,2021,"May","Saturday","02:30 am",110,"Sealed","Wet","Raining","Night","Roll Over",1,,,1217823.51,2019800
"2021-16100-19/09/2025","WILLUNGA","CITY OF ONKAPARINGA",2,1,0,0,1,2021,"May","Friday","10:45 am",50,"Sealed","Dry","Not Raining","Daylight","Side Swipe",1,,,1323053.17,1632792.3
"2021-16101-19/09/2025","OLD NOARLUNGA","CITY OF ONKAPARINGA",2,7,0,1,6,2021,"May","Saturday","11:09 am",60,"Sealed","Wet","Raining","Daylight","Head On",2,,,1318204.67,1641766.64
"2021-16102-19/09/2025","EDEN HILLS","CC MITCHAM.",3,4,0,1,3,2021,"May","Saturday","11:03 am",60,"Sealed","Wet","Raining","Daylight","Head On",1,,,1328600.99,1659659.13
"2021-16104-19/09/2025","YALATA",,2,1,0,0,1,2021,"May","Saturday","08:00 am",110,"Sealed","Wet","Raining","Daylight","Head On",2,,,746284.71,2015998.29
"2021-16106-19/09/2025","FERRYDEN PARK","CITY OF PORT ADELAIDE ENFIELD",2,1,0,0,1,2021,"May","Saturday","12:11 pm",60,"Sealed","Wet","Not Raining","Daylight","Rear End",2,,,1325465.12,1676360.54
"2021-16108-19/09/2025","ELIZABETH PARK","CITY OF PLAYFORD.",2,1,0,0,1,2021,"May","Saturday","12:40 pm",60,"Sealed","Wet","Raining","Daylight","Rear End",2,,,1336982.82,1694349.59
"2021-16109-19/09/2025","FULHAM GARDENS","CITY OF CHARLES STURT",2,1,0,0,1,2021,"May","Saturday","12:20 pm",60,"Sealed","Wet","Raining","Daylight","Side Swipe",2,,,1320600.29,1672109.43
"2021-16111-19/09/2025","MITCHELL PARK","CC MARION.",2,1,0,0,1,2021,"May","Saturday","12:20 pm",60,"Sealed","Wet","Not Raining","Daylight","Rear End",2,,,1324377.15,1661497.96
"2021-16112-19/09/2025","LOCKLEYS","CITY OF WEST TORRENS",3,3,0,0,3,2021,"May","Saturday","01:50 pm",60,"Sealed","Wet","Raining","Daylight","Rear End",1,,,1321741.74,1669999.2
"2021-16114-19/09/2025","WESTERN FLAT","DC TATIARA.",2,1,0,0,1,2021,"May","Saturday","12:45 pm",110,"Sealed","Wet","Raining","Daylight","Hit Fixed Object",1,,,1511380.29,1476949.46
"2021-16116-19/09/2025","FINNISS","ALEXANDRINA COUNCIL",1,1,0,0,1,2021,"May","Saturday","11:35 am",100,"Sealed","Wet","Raining","Daylight","Left Road - Out of Control",1,,,1346883.37,1621134.44
"2021-16119-19/09/2025","ELIZABETH","CITY OF PLAYFORD.",4,1,0,0,1,2021,"May","Saturday","02:20 pm",50,"Sealed","Wet","Not Raining","Daylight","Hit Parked Vehicle",1,,,1335375.61,1693691.22
"2021-16122-19/09/2025","FULLARTON","CITY OF UNLEY",3,1,0,0,1,2021,"May","Saturday","12:00 pm",60,"Sealed","Wet","Raining","Daylight","Rear End",2,,,1330737.76,1667249.31
"2021-16123-19/09/2025","MODBURY NORTH","CITY OF TEA TREE GULLY",2,1,0,0,1,2021,"May","Saturday","03:10 pm",80,"Sealed","Wet","Raining","Daylight","Rear End",2,,,1335966.45,1682345.59
"2021-16127-19/09/2025","ELWOMPLE","COORONG DISTRICT COUNCIL",2,1,0,0,1,2021,"May","Saturday","09:37 am",110,"Sealed","Dry","Not Raining","Daylight","Hit Fixed Object",1,,,1418866.4,1626954.67
"2021-16128-19/09/2025","EDINBURGH NORTH","CITY OF PLAYFORD.",3,2,0,0,2,2021,"May","Saturday","06:48 pm",40,"Sealed","Dry","Not Raining","Night","Rear End",1,"Y",,1334768.4,1695603.12
"2021-16135-19/09/2025","NORTH ADELAIDE","CITY OF ADELAIDE",2,1,0,1,0,2021,"May","Sunday","05:00 am",50,"Sealed","Wet","Raining","Night","Rear End",2,,,1328421.94,1672012.63
"2021-16136-19/09/2025","THEBARTON","CITY OF WEST TORRENS",2,2,0,1,1,2021,"May","Sunday","07:30 am",60,"Sealed","Wet","Raining","Daylight","Hit Fixed Object",1,"Y","Y",1326570.84,1671527.41
"2021-16140-19/09/2025","SEATON","CITY OF CHARLES STURT",2,1,0,0,1,2021,"May","Sunday","11:57 am",60,"Sealed","Dry","Not Raining","Daylight","Rear End",1,,,1320788.97,1673117.61
"2021-16144-19/09/2025","GLENELG NORTH","CITY OF HOLDFAST BAY",2,1,0,0,1,2021,"May","Sunday","01:30 pm",50,"Sealed","Dry","Not Raining","Daylight","Right Angle",1,,,1320786.94,1665298.76
"2021-16145-19/09/2025","MONARTO SOUTH","RC MURRAY BRIDGE.",2,2,0,0,2,2021,"May","Sunday","11:35 am",100,"Sealed","Dry","Not Raining","Daylight","Right Angle",2,,,1375952.72,1647660.43
"2021-16149-19/09/2025","CROYDON","CITY OF CHARLES STURT",2,1,0,1,0,2021,"May","Sunday","04:28 pm",80,"Sealed","Dry","Not Raining","Daylight","Hit Fixed Object",1,,,1325811.3,1674651.41
"2021-16154-19/09/2025","ELIZABETH","CITY OF PLAYFORD.",4,3,0,0,3,2021,"May","Sunday","07:45 pm",80,"Sealed","Dry","Not Raining","Night","Rear End",1,,,1335945.74,1693209.97
"2021-16156-19/09/2025","GLENELG NORTH","CITY OF HOLDFAST BAY",3,2,0,0,2,2021,"May","Monday","08:09 am",50,"Sealed","Wet","Not Raining","Daylight","Hit Parked Vehicle",1,,,1321051.77,1665322.75
"2021-16160-19/09/2025","YUMALI","COORONG DISTRICT COUNCIL",1,1,0,0,1,2021,"May","Sunday","02:00 am",110,"Sealed","Dry","Not Raining","Night","Left Road - Out of Control",1,,,1431676.91,1601408.27
"2021-16163-19/09/2025","WILLIAMSTOWN","THE BAROSSA COUNCIL.",3,1,0,0,1,2021,"May","Monday","09:10 am",100,"Sealed","Wet","Raining","Daylight","Hit Fixed Object",1,,,1355633.19,1699386.12
"2021-16166-19/09/2025","HAPPY VALLEY","CITY OF ONKAPARINGA",3,3,0,0,3,2021,"May","Monday","10:30 am",60,"Sealed","Wet","Raining","Daylight","Right Turn",1,,,1326281.49,1653501.44
"2021-16169-19/09/2025","NORTH PLYMPTON","CITY OF WEST TORRENS",2,1,0,0,1,2021,"May","Saturday","12:15 pm",50,"Sealed","Wet","Raining","Daylight","Right Angle",2,,,1324642.94,1668233.54
"2021-16170-19/09/2025","TORRENS PARK","CC MITCHAM.",2,2,0,0,2,2021,"May","Monday","11:41 am",50,"Sealed","Wet","Not Raining","Daylight","Hit Fixed Object",1,,,1330016.41,1664917.35
"2021-16175-19/09/2025","PAYNEHAM SOUTH","CC OF NORWOOD,PAYNEHAM & ST PETERS",2,3,0,0,3,2021,"May","Monday","12:40 pm",60,"Sealed","Dry","Not Raining","Daylight","Right Angle",1,,,1332210.41,1672856.49
"2021-16183-19/09/2025","KLEMZIG","CITY OF PORT ADELAIDE ENFIELD",2,1,0,0,1,2021,"May","Monday","08:05 am",60,"Sealed","Wet","Not Raining","Daylight","Rear End",1,,,1331619.13,1676201.74
"2021-16185-19/09/2025","ADELAIDE","CITY OF ADELAIDE",2,1,0,0,1,2021,"April","Friday","08:10 am",60,"Sealed","Wet","Raining","Daylight","Rear End",2,,,1327227.98,1669368.43
"2021-16186-19/09/2025","ENFIELD","CITY OF PORT ADELAIDE ENFIELD",2,1,0,0,1,2021,"May","Monday","05:43 pm",50,"Sealed","Wet","Not Raining","Night","Hit Pedestrian",1,,,1329224.57,1678099.1
"2021-16187-19/09/2025","GAWLER RIVER","LIGHT REGIONAL COUNCIL",2,1,0,0,1,2021,"May","Monday","07:00 pm",100,"Unsealed","Dry","Not Raining","Night","Hit Fixed Object",1,,,1332564.93,1705248.31
"2021-16193-19/09/2025","HOVE","CITY OF HOLDFAST BAY",2,1,0,0,1,2021,"May","Tuesday","08:35 am",25,"Sealed","Dry","Not Raining","Daylight","Hit Pedestrian",2,,,1321440.44,1660971.53
"2021-16194-19/09/2025","KILBURN","CITY OF PORT ADELAIDE ENFIELD",2,1,0,0,1,2021,"May","Saturday","06:00 am",50,"Sealed","Dry","Not Raining","Night","Hit Fixed Object",1,,,1328016.37,1678290.12
"2021-16196-19/09/2025","PLYMPTON","CITY OF WEST TORRENS",3,1,0,0,1,2021,"May","Tuesday","09:14 am",60,"Sealed","Dry","Not Raining","Daylight","Rear End",1,,,1323867.65,1666314.13
"2021-16198-19/09/2025","NORTHFIELD","CITY OF PORT ADELAIDE ENFIELD",2,1,0,1,0,2021,"May","Tuesday","09:12 am",60,"Unsealed","Dry","Not Raining","Daylight","Right Turn",1,,,1330600.5,1679670.69
"2021-16200-19/09/2025","BORDERTOWN","DC TATIARA.",2,2,0,2,0,2021,"May","Tuesday","10:37 am",60,"Sealed","Dry","Not Raining","Daylight","Right Angle",1,,,1518635.01,1508587.38