"REPORT_ID","Suburb","LGA Name","Total Units","Total Cas","Total Fats","Total SI","Total MI","Year","Month","Day","Time","Area Speed","Road Surface","Moisture Cond","Weather Cond","DayNight","Crash Type","Unit Resp","DUI Involved","Drugs Involved","ACCLOC_X","ACCLOC_Y"
"2021-16202-19/09/2025","ELIZABETH GROVE","CITY OF PLAYFORD.",2,1,0,1,0,2021,"May","Tuesday","11:19 am",50,"Sealed","Dry","Not Raining","Daylight","Hit Pedestrian",1,,,1336035.7,1691559.42
"2021-16205-19/09/2025","MALLALA","DC MALLALA.",2,1,0,1,0,2021,"May","Tuesday","12:10 pm",100,"Unsealed","Dry","Not Raining","Daylight","Right Angle",2,,,1325122.01,1724860.95
"2021-16208-19/09/2025","EVANSTON","CT GAWLER.",2,1,0,0,1,2021,"May","Tuesday","03:00 pm",50,"Sealed","Dry","Not Raining","Daylight","Hit Fixed Object",1,,,1342051.44,1703654.99
"2021-16210-19/09/2025","PORT GERMEIN","DC MT.REMARKABLE.",2,1,0,0,1,2021,"May","Tuesday","05:30 pm",110,"Sealed","Dry","Not Raining","Night","Hit Fixed Object",1,,,1282774.52,1879041.26
"2021-16211-19/09/2025","HUNTFIELD HEIGHTS","CITY OF ONKAPARINGA",2,1,0,0,1,2021,"May","Tuesday","06:06 pm",80,"Sealed","Dry","Not Raining","Night","Right Angle",2,,,1320421.19,1645337.32
"2021-16212-19/09/2025","ELIZABETH SOUTH","CITY OF PLAYFORD.",2,1,0,1,0,2021,"May","Tuesday","06:12 pm",60,"Sealed","Dry","Not Raining","Night","Right Angle",2,,,1334667.12,1691448.61
"2021-16217-19/09/2025","MAWSON LAKES","CITY OF SALISBURY",2,2,0,1,1,2021,"May","Tuesday","07:33 pm",70,"Sealed","Dry","Not Raining","Night","Right Turn",2,,,1329569.95,1684428.06
"2021-16219-19/09/2025","MYPONGA","DC YANKALILLA.",2,1,0,1,0,2021,"May","Tuesday","05:50 pm",100,"Sealed","Dry","Not Raining","Night","Rear End",1,,,1311475.09,1617149.75
"2021-16223-19/09/2025","ARNO BAY","DC CLEVE.",1,1,0,0,1,2021,"May","Tuesday","09:00 pm",110,"Sealed","Wet","Not Raining","Night","Roll Over",1,"Y",,1142589.12,1793125.03
"2021-16224-19/09/2025","SALISBURY","CITY OF SALISBURY",2,1,0,1,0,2021,"May","Tuesday","10:06 pm",60,"Sealed","Dry","Not Raining","Night","Hit Fixed Object",1,,"Y",1332504.07,1688857.64
"2021-16225-19/09/2025","MAWSON LAKES","CITY OF SALISBURY",3,1,0,0,1,2021,"May","Wednesday","07:57 am",60,"Sealed","Dry","Not Raining","Daylight","Rear End",1,,,1330856.47,1683813.21
"2021-16231-19/09/2025","MOCULTA","THE BAROSSA COUNCIL.",2,2,0,0,2,2021,"May","Wednesday","07:55 am",100,"Unsealed","Dry","Not Raining","Daylight","Right Angle",2,,,1377205.18,1718229.97
"2021-16232-19/09/2025","GOLDEN GROVE","CITY OF TEA TREE GULLY",2,1,0,0,1,2021,"May","Tuesday","09:05 pm",60,"Sealed","Dry","Not Raining","Night","Right Turn",2,,,1337901.34,1685363.62
"2021-16233-19/09/2025","BURTON","CITY OF SALISBURY",2,1,0,0,1,2021,"May","Wednesday","10:53 am",60,"Sealed","Dry","Not Raining","Daylight","Rear End",1,,,1330151.76,1690822.54
"2021-16237-19/09/2025","WAYVILLE","CITY OF UNLEY",3,2,0,0,2,2021,"May","Wednesday","12:25 pm",60,"Sealed","Dry","Not Raining","Daylight","Side Swipe",1,,,1327633.62,1668920.56
"2021-16241-19/09/2025","GLENELG SOUTH","CITY OF HOLDFAST BAY",2,1,0,0,1,2021,"May","Wednesday","01:50 pm",60,"Sealed","Dry","Not Raining","Daylight","Right Angle",1,,,1321040.2,1664020.39
"2021-16242-19/09/2025","SOMERTON PARK","CITY OF HOLDFAST BAY",2,1,0,0,1,2021,"May","Tuesday","03:28 pm",60,"Sealed","Dry","Not Raining","Daylight","Rear End",2,,,1321078.35,1663052.98
"2021-16244-19/09/2025","MOUNT GAMBIER","CC MT.GAMBIER.",2,1,0,0,1,2021,"May","Tuesday","02:45 pm",50,"Sealed","Dry","Not Raining","Daylight","Rear End",2,,,1510599.68,1340038.25
"2021-16245-19/09/2025","KESWICK","CITY OF UNLEY",2,1,0,0,1,2021,"May","Wednesday","02:50 pm",60,"Sealed","Dry","Not Raining","Daylight","Right Angle",1,,,1326446.22,1668318.99
"2021-16247-19/09/2025","BASKET RANGE","THE ADELAIDE HILLS COUNCIL",1,1,0,1,0,2021,"May","Wednesday","02:28 pm",80,"Sealed","Dry","Not Raining","Daylight","Roll Over",1,,,1343885.33,1668579.06
"2021-16250-19/09/2025","TORRENSVILLE","CITY OF WEST TORRENS",2,1,0,0,1,2021,"May","Wednesday","08:50 am",60,"Sealed","Dry","Not Raining","Daylight","Rear End",2,,,1325436.2,1672006.42
"2021-16252-19/09/2025","PROSPECT","CITY OF PROSPECT",2,1,0,0,1,2021,"May","Wednesday","04:13 pm",60,"Sealed","Dry","Not Raining","Daylight","Right Angle",1,,,1328726.42,1676429.12
"2021-16265-19/09/2025","MUNNO PARA","CITY OF PLAYFORD.",2,1,0,0,1,2021,"May","Wednesday","07:10 pm",80,"Sealed","Dry","Not Raining","Night","Right Turn",2,,,1338210.83,1697712.55
"2021-16271-19/09/2025","GLADSTONE","NORTHERN AREAS DISTRICT COUNCIL",2,1,0,0,1,2021,"May","Thursday","05:45 am",110,"Sealed","Dry","Not Raining","Night","Hit Fixed Object",1,,,1310212.86,1855329.7
"2021-16272-19/09/2025","KLEMZIG","CITY OF PORT ADELAIDE ENFIELD",2,1,0,1,0,2021,"May","Thursday","06:45 am",60,"Sealed","Dry","Not Raining","Night","Side Swipe",1,,,1332080.32,1676585.35
"2021-16277-19/09/2025","PARACOMBE","THE ADELAIDE HILLS COUNCIL",2,1,0,1,0,2021,"May","Saturday","06:45 pm",60,"Sealed","Dry","Not Raining","Night","Hit Animal",2,,,1345745.52,1679759.03
"2021-16278-19/09/2025","ELIZABETH VALE","CITY OF PLAYFORD.",2,1,0,0,1,2021,"May","Thursday","08:39 am",80,"Sealed","Wet","Raining","Daylight","Rear End",2,,,1336141.79,1690279.18
"2021-16280-19/09/2025","FORESTVILLE","CITY OF UNLEY",2,1,0,0,1,2021,"May","Thursday","09:26 am",40,"Sealed","Wet","Raining","Daylight","Right Angle",1,,,1326896.3,1668160.27
"2021-16285-19/09/2025","THEBARTON","CITY OF WEST TORRENS",3,1,0,0,1,2021,"May","Thursday","10:18 am",60,"Sealed","Wet","Raining","Daylight","Rear End",1,,,1326582.93,1671638.57
"2021-16286-19/09/2025","CLINTON","YORKE PENINSULA COUNCIL",2,1,0,0,1,2021,"May","Thursday","05:00 am",100,"Sealed","Dry","Not Raining","Night","Hit Fixed Object",1,,"Y",1276476.3,1749544.03
"2021-16294-19/09/2025","YANKALILLA","DC YANKALILLA.",2,1,0,1,0,2021,"May","Thursday","12:25 pm",100,"Sealed","Dry","Not Raining","Daylight","Head On",2,,,1304820.11,1610508.57
"2021-16297-19/09/2025","SEACLIFF PARK","CITY OF HOLDFAST BAY",4,1,0,0,1,2021,"May","Thursday","11:40 am",60,"Sealed","Dry","Not Raining","Daylight","Hit Fixed Object",1,,,1321190.63,1659255.49
"2021-16307-19/09/2025","MEDINDIE","WALKERVILLE TOWN COUNCIL",2,2,0,0,2,2021,"May","Thursday","03:50 pm",60,"Sealed","Dry","Not Raining","Daylight","Right Turn",1,,,1329427.23,1673281.86
"2021-16310-19/09/2025","LOBETHAL","THE ADELAIDE HILLS COUNCIL",1,1,0,0,1,2021,"May","Thursday","04:29 pm",80,"Sealed","Dry","Not Raining","Daylight","Roll Over",1,,"Y",1352807.29,1672141.83
"2021-16312-19/09/2025","MORPHETT VALE","CITY OF ONKAPARINGA",2,1,0,0,1,2021,"May","Thursday","05:15 pm",60,"Sealed","Dry","Not Raining","Daylight","Right Angle",1,,,1320315.29,1651001.19
"2021-16320-19/09/2025","GLANVILLE","CITY OF PORT ADELAIDE ENFIELD",2,1,0,0,1,2021,"May","Thursday","06:30 pm",60,"Sealed","Dry","Not Raining","Night","Side Swipe",2,,,1318981.18,1680110.15
"2021-16321-19/09/2025","ELIZABETH VALE","CITY OF PLAYFORD.",2,1,0,0,1,2021,"May","Thursday","03:45 pm",60,"Sealed","Dry","Not Raining","Daylight","Rear End",2,,,1334450.22,1689811.49
"2021-16327-19/09/2025","MOUNT BARKER","DC MT.BARKER.",2,1,0,0,1,2021,"May","Thursday","12:44 pm",80,"Sealed","Wet","Raining","Daylight","Hit Fixed Object",1,,,1348891.2,1649884.26
"2021-16328-19/09/2025","NOARLUNGA CENTRE","CITY OF ONKAPARINGA",2,1,0,0,1,2021,"May","Friday","08:23 am",60,"Sealed","Dry","Not Raining","Daylight","Rear End",1,,,1317352.73,1647421.53
"2021-16333-19/09/2025","NORTH PLYMPTON","CITY OF WEST TORRENS",2,1,0,0,1,2021,"May","Friday","09:10 am",50,"Sealed","Dry","Not Raining","Daylight","Right Angle",1,,"Y",1323404.53,1667385.02
"2021-16334-19/09/2025","DIREK","CITY OF SALISBURY",2,1,0,0,1,2021,"May","Friday","09:45 am",90,"Sealed","Dry","Not Raining","Daylight","Right Angle",1,,,1329120.97,1693448.18
"2021-16335-19/09/2025","PARA HILLS WEST","CITY OF SALISBURY",3,1,0,0,1,2021,"May","Friday","09:07 am",60,"Sealed","Wet","Raining","Daylight","Rear End",2,,,1333528.92,1683804.58
"2021-16338-19/09/2025","ADELAIDE","CITY OF ADELAIDE",2,1,0,0,1,2021,"May","Friday","10:50 am",50,"Sealed","Dry","Not Raining","Daylight","Right Angle",2,,,1328907.83,1670841.37
"2021-16341-19/09/2025","SALISBURY SOUTH","CITY OF SALISBURY",2,1,0,1,0,2021,"May","Friday","11:38 am",70,"Sealed","Dry","Not Raining","Daylight","Right Angle",2,,,1332651.83,1685882.34
"2021-16352-19/09/2025","ENFIELD","CITY OF PORT ADELAIDE ENFIELD",2,1,0,0,1,2021,"May","Friday","08:40 am",60,"Sealed","Dry","Not Raining","Daylight","Rear End",1,,,1328821.62,1678606.27
"2021-16355-19/09/2025","ANDREWS FARM","CITY OF PLAYFORD.",2,1,0,1,0,2021,"May","Friday","03:49 pm",60,"Sealed","Dry","Not Raining","Daylight","Right Angle",2,,,1335437.15,1699236.93
"2021-16356-19/09/2025","ENFIELD","CITY OF PORT ADELAIDE ENFIELD",3,1,0,0,1,2021,"May","Friday","03:45 pm",60,"Sealed","Dry","Not Raining","Daylight","Rear End",1,,,1328839.04,1677499.92
"2021-16372-19/09/2025","PORT WAKEFIELD","WAKEFIELD REGIONAL COUNCIL",2,1,0,1,0,2021,"May","Friday","05:51 pm",60,"Sealed","Dry","Not Raining","Night","Head On",2,,,1290359.59,1755861.86
"2021-16380-19/09/2025","GLENELG EAST","CITY OF HOLDFAST BAY",2,1,0,1,0,2021,"May","Saturday","04:00 am",110,"Sealed","Dry","Not Raining","Night","Hit Fixed Object",1,,,1321331.82,1664681.1
"2021-16381-19/09/2025","MUNNO PARA","CITY OF PLAYFORD.",2,2,0,0,2,2021,"May","Saturday","04:16 am",60,"Sealed","Wet","Not Raining","Night","Head On",1,,,1336690.92,1698532.16
"2021-16386-19/09/2025","NORTH ADELAIDE","CITY OF ADELAIDE",2,1,0,0,1,2021,"May","Saturday","09:35 am",60,"Sealed","Dry","Not Raining","Daylight","Right Angle",1,,,1329586.59,1672940.18
"2021-16389-19/09/2025","LIGHTSVIEW","CITY OF PORT ADELAIDE ENFIELD",2,1,0,0,1,2021,"March","Monday","07:30 am",60,"Sealed","Dry","Not Raining","Daylight","Rear End",2,,,1330422.53,1677555.38
"2021-16390-19/09/2025","PARAFIELD","CITY OF SALISBURY",2,2,0,0,2,2021,"May","Saturday","09:20 am",80,"Sealed","Dry","Not Raining","Daylight","Right Angle",2,,,1331785.25,1683489.99
"2021-16397-19/09/2025","ADELAIDE","CITY OF ADELAIDE",2,1,0,0,1,2021,"May","Saturday","02:45 pm",50,"Sealed","Dry","Not Raining","Daylight","Side Swipe",2,,,1329024.85,1670686.76
"2021-16398-19/09/2025","ECHUNGA","DC MT.BARKER.",4,3,0,1,2,2021,"May","Saturday","04:30 pm",100,"Sealed","Dry","Not Raining","Daylight","Other",9,,,1344076.47,1647448.34
"2021-16408-19/09/2025","SEAFORD MEADOWS","CITY OF ONKAPARINGA",2,3,0,0,3,2021,"May","Sunday","10:40 am",60,"Sealed","Dry","Not Raining","Daylight","Side Swipe",9,,,1318259.72,1643097.91
"2021-16410-19/09/2025","PENFIELD","CITY OF PLAYFORD.",2,2,0,1,1,2021,"May","Sunday","01:28 pm",80,"Sealed","Dry","Not Raining","Daylight","Right Angle",1,,,1333441.32,1696359.08
"2021-16413-19/09/2025","ELIZABETH SOUTH","CITY OF PLAYFORD.",2,1,0,0,1,2021,"May","Sunday","01:26 pm",60,"Sealed","Dry","Not Raining","Daylight","Hit Fixed Object",1,,,1333441.63,1689833.53
"2021-16418-19/09/2025","PORT ADELAIDE","CITY OF PORT ADELAIDE ENFIELD",3,1,0,0,1,2021,"May","Sunday","05:23 pm",50,"Sealed","Dry","Not Raining","Night","Right Angle",1,,,1320818.07,1680062.7
"2021-16424-19/09/2025","KURRALTA PARK","CITY OF WEST TORRENS",2,1,0,0,1,2021,"May","Sunday","06:13 pm",60,"Sealed","Dry","Not Raining","Night","Hit Pedestrian",2,,,1325825.52,1668247.34
"2021-16425-19/09/2025","ROSEWORTHY","LIGHT REGIONAL COUNCIL",2,2,0,1,1,2021,"May","Sunday","06:10 pm",100,"Sealed","Dry","Not Raining","Night","Right Angle",2,,,1344702.03,1712244.57
"2021-16430-19/09/2025","NETHERBY","CC MITCHAM.",2,1,0,0,1,2021,"May","Monday","08:20 am",60,"Sealed","Dry","Not Raining","Daylight","Hit Pedestrian",2,,,1330793.62,1665314.49
"2021-16432-19/09/2025","SOMERTON PARK","CITY OF HOLDFAST BAY",2,1,0,0,1,2021,"May","Monday","08:00 am",60,"Sealed","Dry","Not Raining","Daylight","Hit Fixed Object",1,,,1321083.18,1662889.4
"2021-16434-19/09/2025","NORTH ADELAIDE","CITY OF ADELAIDE",3,1,0,0,1,2021,"May","Monday","09:50 am",50,"Sealed","Dry","Not Raining","Daylight","Rear End",1,,,1328143.31,1672133.18
"2021-16440-19/09/2025","SOMERTON PARK","CITY OF HOLDFAST BAY",2,1,0,0,1,2021,"May","Monday","01:45 pm",60,"Sealed","Dry","Not Raining","Daylight","Rear End",2,,,1321068.42,1663052.72
"2021-16444-19/09/2025","HILLIER","CT GAWLER.",2,1,0,0,1,2021,"May","Monday","08:45 am",90,"Sealed","Dry","Not Raining","Daylight","Rear End",2,,,1336900.28,1702626.19
"2021-16450-19/09/2025","WEST LAKES","CITY OF CHARLES STURT",2,1,0,1,0,2021,"May","Monday","05:42 pm",60,"Sealed","Dry","Not Raining","Night","Hit Fixed Object",1,,,1319564.47,1676071.89
"2021-16451-19/09/2025","BROOKLYN PARK","CITY OF WEST TORRENS",2,1,0,0,1,2021,"May","Monday","05:56 pm",60,"Sealed","Dry","Not Raining","Night","Right Turn",2,,,1323129.01,1670083.9
"2021-16461-19/09/2025","MAITLAND","YORKE PENINSULA COUNCIL",2,1,0,1,0,2021,"April","Friday","08:00 pm",50,"Sealed","Unknown","Unknown","Night","Hit Pedestrian",2,,,1245465.78,1734271.07
"2021-16463-19/09/2025","CROYDON","CITY OF CHARLES STURT",3,1,0,0,1,2021,"May","Tuesday","08:30 am",80,"Sealed","Dry","Not Raining","Daylight","Rear End",1,,,1325814.33,1674604.44
"2021-16464-19/09/2025","VICTOR HARBOR","DC VICTOR HARBOR.",2,1,0,0,1,2021,"May","Tuesday","09:15 am",30,"Sealed","Dry","Not Raining","Daylight","Hit Pedestrian",2,,,1328270.07,1600821.22
"2021-16465-19/09/2025","GILBERTON","WALKERVILLE TOWN COUNCIL",2,1,0,0,1,2021,"May","Tuesday","08:00 am",60,"Sealed","Dry","Not Raining","Daylight","Side Swipe",1,,,1329497.55,1673246.76
"2021-16466-19/09/2025","BEVERLEY","CITY OF CHARLES STURT",2,1,0,0,1,2021,"May","Wednesday","11:30 am",50,"Sealed","Dry","Not Raining","Daylight","Right Angle",2,,,1323721.85,1674674.76
"2021-16469-19/09/2025","EVANSTON","CT GAWLER.",2,1,0,0,1,2021,"May","Tuesday","11:00 am",50,"Sealed","Dry","Not Raining","Daylight","Hit Object on Road",1,,,1342011.64,1704990.04
"2021-16471-19/09/2025","THORNGATE","CITY OF PROSPECT",2,1,0,0,1,2021,"May","Tuesday","11:15 am",60,"Sealed","Dry","Not Raining","Daylight","Right Turn",2,,,1328116.38,1673663.9
"2021-16476-19/09/2025","SALISBURY NORTH","CITY OF SALISBURY",2,1,0,0,1,2021,"May","Tuesday","11:54 am",60,"Sealed","Dry","Not Raining","Daylight","Hit Fixed Object",1,,"Y",1330486.6,1690557.92
"2021-16478-19/09/2025","EDEN HILLS","CC MITCHAM.",2,1,0,0,1,2021,"May","Friday","11:40 am",60,"Sealed","Dry","Not Raining","Daylight","Rear End",2,,,1326241.7,1660464.8
"2021-16482-19/09/2025","EDWARDSTOWN","CC MARION.",2,1,0,0,1,2021,"May","Thursday","10:00 am",60,"Sealed","Wet","Raining","Daylight","Right Angle",2,,,1325898.51,1665276.57
"2021-16484-19/09/2025","POORAKA","CITY OF SALISBURY",2,1,0,0,1,2021,"May","Tuesday","02:30 pm",70,"Sealed","Dry","Not Raining","Daylight","Rear End",2,,,1330499.62,1681832.25
"2021-16485-19/09/2025","WINDSOR","DC MALLALA.",1,1,0,0,1,2021,"May","Monday","05:30 pm",100,"Sealed","Dry","Not Raining","Night","Left Road - Out of Control",1,,,1302323.11,1725040.62
"2021-16489-19/09/2025","BIRKENHEAD","CITY OF PORT ADELAIDE ENFIELD",2,1,0,0,1,2021,"May","Sunday","12:20 pm",60,"Sealed","Wet","Not Raining","Daylight","Rear End",2,,,1319865.15,1681170.57
"2021-16490-19/09/2025","HINDMARSH","CITY OF CHARLES STURT",2,1,0,0,1,2021,"May","Monday","06:00 pm",60,"Sealed","Dry","Not Raining","Night","Rear End",2,,,1325856.14,1673134.21
"2021-16494-19/09/2025","SEAFORD","CITY OF ONKAPARINGA",2,1,0,0,1,2021,"May","Tuesday","04:54 pm",50,"Sealed","Dry","Not Raining","Daylight","Side Swipe",1,,,1316426.82,1642085.01
"2021-16498-19/09/2025","GOODWOOD","CITY OF UNLEY",2,1,0,0,1,2021,"May","Monday","04:10 pm",50,"Sealed","Dry","Not Raining","Daylight","Right Angle",2,,,1328379.06,1668069.42
"2021-16500-19/09/2025","PENFIELD GARDENS","CITY OF PLAYFORD.",2,5,0,1,4,2021,"May","Tuesday","05:34 pm",80,"Sealed","Dry","Not Raining","Night","Hit Fixed Object",1,,,1331257.46,1699612.31
"2021-16512-19/09/2025","GEPPS CROSS","CITY OF PORT ADELAIDE ENFIELD",2,1,0,0,1,2021,"May","Wednesday","08:25 am",60,"Sealed","Dry","Not Raining","Daylight","Rear End",1,,,1327473.88,1679234.83
"2021-16515-19/09/2025","LEAWOOD GARDENS","CITY OF BURNSIDE",2,1,0,0,1,2021,"May","Wednesday","08:21 am",90,"Sealed","Dry","Not Raining","Daylight","Hit Fixed Object",1,,,1335051.36,1665615.98
"2021-16516-19/09/2025","KURRALTA PARK","CITY OF WEST TORRENS",2,2,0,0,2,2021,"May","Wednesday","10:07 am",60,"Sealed","Dry","Not Raining","Daylight","Right Turn",2,,,1325808.51,1668480.07
"2021-16518-19/09/2025","HENLEY BEACH","CITY OF CHARLES STURT",2,1,0,0,1,2021,"May","Wednesday","10:49 am",40,"Sealed","Dry","Not Raining","Daylight","Right Angle",1,,,1319462.08,1672008.58
"2021-16524-19/09/2025","PARAFIELD GARDENS","CITY OF SALISBURY",2,1,0,0,1,2021,"May","Wednesday","01:18 pm",60,"Sealed","Dry","Not Raining","Daylight","Right Angle",2,,,1330638.14,1685788.58
"2021-16525-19/09/2025","EVANSTON","CT GAWLER.",2,3,0,0,3,2021,"May","Wednesday","12:40 pm",50,"Sealed","Dry","Not Raining","Daylight","Right Turn",1,,,1342376.39,1704085.42
"2021-16529-19/09/2025","MAYLANDS","CC OF NORWOOD,PAYNEHAM & ST PETERS",2,2,0,0,2,2021,"May","Wednesday","03:30 pm",60,"Sealed","Dry","Not Raining","Daylight","Right Angle",2,,,1332234.76,1671903.87
"2021-16539-19/09/2025","HOPE VALLEY","CITY OF TEA TREE GULLY",3,1,0,0,1,2021,"May","Wednesday","06:30 pm",60,"Sealed","Dry","Not Raining","Night","Side Swipe",2,,,1337384.8,1679261.87
"2021-16540-19/09/2025","ELIZABETH VALE","CITY OF PLAYFORD.",2,1,0,0,1,2021,"May","Wednesday","03:20 pm",80,"Sealed","Dry","Not Raining","Daylight","Rear End",2,,,1336127.84,1690808.74
"2021-16542-19/09/2025","GLENELG NORTH","CITY OF HOLDFAST BAY",2,1,0,0,1,2021,"May","Wednesday","05:30 pm",50,"Sealed","Dry","Not Raining","Night","Rear End",2,,,1320476.71,1665351.61
"2021-16546-19/09/2025","HOVE","CITY OF HOLDFAST BAY",2,1,0,0,1,2021,"May","Thursday","08:05 am",60,"Sealed","Dry","Not Raining","Daylight","Rear End",2,,,1321120.69,1661274.56
"2021-16547-19/09/2025","SALISBURY PLAIN","CITY OF SALISBURY",3,6,0,1,5,2021,"May","Thursday","08:34 am",80,"Sealed","Dry","Not Raining","Daylight","Rear End",1,,,1335394.37,1688051.22
"2021-16548-19/09/2025","CROYDON","CITY OF CHARLES STURT",3,1,0,0,1,2021,"May","Thursday","08:55 am",60,"Sealed","Dry","Not Raining","Daylight","Rear End",1,,,1325511.09,1673480.99
"2021-16553-19/09/2025","WEST BEACH","CITY OF CHARLES STURT",2,1,0,0,1,2021,"May","Wednesday","06:30 am",50,"Sealed","Dry","Not Raining","Night","Hit Pedestrian",1,,,1319379.35,1669062.7
"2021-16555-19/09/2025","EASTWOOD","CITY OF UNLEY",2,1,0,0,1,2021,"May","Wednesday","04:30 pm",60,"Sealed","Dry","Not Raining","Daylight","Rear End",2,,,1330036.21,1668853.5
"2021-16558-19/09/2025","PROSPECT","CITY OF PROSPECT",2,1,0,0,1,2021,"May","Thursday","10:30 am",60,"Sealed","Dry","Not Raining","Daylight","Side Swipe",1,,,1327254.51,1675647.77
"2021-16559-19/09/2025","COWELL","DC FRANKLIN HARBOR.",1,1,0,0,1,2021,"May","Wednesday","02:00 pm",100,"Sealed","Dry","Not Raining","Daylight","Roll Over",1,,,1174355.64,1817737.17
"2021-16563-19/09/2025","TUSMORE","CITY OF BURNSIDE",2,1,0,0,1,2021,"May","Thursday","04:00 pm",60,"Sealed","Dry","Not Raining","Daylight","Right Angle",2,,,1333197.69,1669076.37
"2021-16565-19/09/2025","SEATON","CITY OF CHARLES STURT",2,1,0,0,1,2021,"May","Thursday","03:37 pm",60,"Sealed","Dry","Not Raining","Daylight","Hit Parked Vehicle",1,"Y",,1319930.75,1674129.61
"2021-16570-19/09/2025","GLENCOE","WATTLE RANGE COUNCIL",2,1,0,0,1,2021,"May","Thursday","04:05 pm",100,"Sealed","Dry","Not Raining","Daylight","Head On",1,,,1490594.44,1360630.96
"2021-16573-19/09/2025","ELIZABETH SOUTH","CITY OF PLAYFORD.",2,1,0,0,1,2021,"May","Thursday","06:08 pm",60,"Sealed","Dry","Not Raining","Night","Rear End",2,,,1334405.74,1689886.54
"2021-16575-19/09/2025","SOUTH PLYMPTON","CC MARION.",2,2,0,0,2,2021,"May","Thursday","06:25 pm",60,"Sealed","Dry","Not Raining","Night","Right Turn",2,,,1325012.66,1666128.55
"2021-16579-19/09/2025","NORTH ADELAIDE","CITY OF ADELAIDE",2,1,0,0,1,2021,"May","Thursday","09:48 pm",50,"Sealed","Dry","Not Raining","Night","Right Turn",1,,,1328428.41,1671809.75
"2021-16585-19/09/2025","SEMAPHORE PARK","CITY OF CHARLES STURT",3,1,0,0,1,2021,"May","Friday","07:40 am",60,"Sealed","Dry","Not Raining","Daylight","Hit Parked Vehicle",1,,"Y",1318521.65,1679260.17
"2021-16588-19/09/2025","REGENCY PARK","CITY OF PORT ADELAIDE ENFIELD",2,1,0,0,1,2021,"May","Thursday","11:30 am",60,"Sealed","Dry","Not Raining","Daylight","Right Angle",1,,,1326096.44,1676366.69
"2021-16589-19/09/2025","HILLCREST","CITY OF PORT ADELAIDE ENFIELD",2,1,0,1,0,2021,"May","Friday","07:50 am",60,"Sealed","Dry","Not Raining","Daylight","Right Turn",1,,,1332182.1,1676688.39
"2021-16601-19/09/2025","MAWSON LAKES","CITY OF SALISBURY",2,1,0,0,1,2021,"May","Friday","07:30 am",70,"Sealed","Dry","Not Raining","Daylight","Rear End",2,,,1329569.95,1684428.06
"2021-16605-19/09/2025","WIRREGA","DC TATIARA.",1,1,0,0,1,2021,"May","Thursday","05:00 pm",110,"Sealed","Dry","Not Raining","Daylight","Roll Over",1,,,1501130.92,1521732.32
"2021-16607-19/09/2025","TONSLEY","CC MARION.",2,1,0,0,1,2021,"May","Friday","04:00 pm",60,"Sealed","Dry","Not Raining","Daylight","Right Turn",2,,,1325332.04,1660697.57
"2021-16608-19/09/2025","FLINDERS PARK","CITY OF CHARLES STURT",2,1,0,0,1,2021,"May","Friday","03:42 pm",60,"Sealed","Dry","Not Raining","Daylight","Rear End",2,,,1322523.14,1672347.24
"2021-16611-19/09/2025","CLARENCE GARDENS","CC MITCHAM.",2,1,0,0,1,2021,"May","Thursday","06:10 pm",60,"Sealed","Dry","Not Raining","Night","Rear End",2,,,1325905.37,1665018.67
"2021-16612-19/09/2025","SEAFORD MEADOWS","CITY OF ONKAPARINGA",3,2,0,0,2,2021,"May","Friday","04:50 pm",60,"Sealed","Dry","Not Raining","Daylight","Rear End",1,,,1318176.28,1642925.73
"2021-16613-19/09/2025","CLARENCE GARDENS","CC MITCHAM.",2,1,0,0,1,2021,"May","Friday","03:33 pm",60,"Sealed","Dry","Not Raining","Daylight","Rear End",2,,,1325905.8,1665348.33
"2021-16618-19/09/2025","MAWSON LAKES","CITY OF SALISBURY",2,2,0,0,2,2021,"May","Friday","05:30 pm",60,"Sealed","Dry","Not Raining","Night","Rear End",2,,,1329562.6,1684418.44
"2021-16622-19/09/2025","LAKE GILLES",,1,2,0,0,2,2021,"May","Friday","02:20 pm",110,"Sealed","Dry","Not Raining","Daylight","Roll Over",1,,,1152577.63,1876197.94
"2021-16626-19/09/2025","WOODVILLE PARK","CITY OF CHARLES STURT",2,2,0,0,2,2021,"May","Friday","08:40 pm",60,"Sealed","Dry","Not Raining","Night","Rear End",2,,,1323911.52,1674880.86
"2021-16628-19/09/2025","ATHELSTONE","CC CAMPBELLTOWN.",2,1,0,0,1,2021,"May","Friday","10:10 pm",60,"Sealed","Dry","Not Raining","Night","Hit Parked Vehicle",1,,,1337827.65,1675715.16
"2021-16630-19/09/2025","INGLE FARM","CITY OF SALISBURY",5,1,0,0,1,2021,"May","Friday","11:27 pm",50,"Sealed","Dry","Not Raining","Night","Hit Fixed Object",1,"Y",,1333788.38,1682281.15
"2021-16631-19/09/2025","KLEMZIG","CITY OF PORT ADELAIDE ENFIELD",2,1,0,0,1,2021,"May","Saturday","06:58 am",50,"Sealed","Dry","Not Raining","Night","Hit Parked Vehicle",1,,,1332385.75,1675799.84
"2021-16635-19/09/2025","BRIGHTON","CITY OF HOLDFAST BAY",2,1,0,1,0,2021,"May","Friday","10:00 pm",50,"Sealed","Dry","Not Raining","Night","Side Swipe",2,,,1320535.06,1660790.64
"2021-16637-19/09/2025","NORWOOD","CC OF NORWOOD,PAYNEHAM & ST PETERS",2,1,0,1,0,2021,"May","Saturday","08:51 am",60,"Sealed","Dry","Not Raining","Daylight","Right Turn",2,,,1330627.99,1671044.2
"2021-16639-19/09/2025","EMU FLAT","CLARE AND GILBERT VALLEYS DISTRICT COUNCIL",2,1,0,0,1,2021,"May","Saturday","10:40 am",100,"Unsealed","Dry","Not Raining","Daylight","Right Angle",1,,,1329719.14,1789680.96