"REPORT_ID","Suburb","LGA Name","Total Units","Total Cas","Total Fats","Total SI","Total MI","Year","Month","Day","Time","Area Speed","Road Surface","Moisture Cond","Weather Cond","DayNight","Crash Type","Unit Resp","DUI Involved","Drugs Involved","ACCLOC_X","ACCLOC_Y"
"2021-16640-19/09/2025","HACKHAM","CITY OF ONKAPARINGA",2,1,0,1,0,2021,"May","Saturday","10:35 am",60,"Sealed","Dry","Not Raining","Daylight","Hit Fixed Object",1,,,1320896.81,1647533.15
"2021-16642-19/09/2025","GAWLER BELT","LIGHT REGIONAL COUNCIL",2,1,0,0,1,2021,"May","Saturday","10:49 am",80,"Sealed","Dry","Not Raining","Daylight","Right Angle",1,,,1340787.02,1708793.69
"2021-16643-19/09/2025","PORT ELLIOT","ALEXANDRINA COUNCIL",2,4,0,0,4,2021,"May","Saturday","10:54 am",80,"Sealed","Dry","Not Raining","Daylight","Right Turn",1,,,1334226.1,1604712.59
"2021-16644-19/09/2025","MAGILL","CC CAMPBELLTOWN.",2,1,0,0,1,2021,"May","Friday","04:45 pm",50,"Sealed","Dry","Not Raining","Daylight","Right Angle",2,,,1335046.8,1672918.96
"2021-16647-19/09/2025","SALISBURY EAST","CITY OF SALISBURY",2,1,0,0,1,2021,"May","Saturday","12:09 pm",60,"Sealed","Dry","Not Raining","Daylight","Hit Pedestrian",1,,,1333289.2,1685362.95
"2021-16650-19/09/2025","BARMERA","THE BERRI BARMERA COUNCIL",2,1,0,0,1,2021,"May","Saturday","12:22 pm",90,"Sealed","Dry","Not Raining","Daylight","Rear End",2,,,1506040.78,1736401.52
"2021-16665-19/09/2025","HENLEY BEACH","CITY OF CHARLES STURT",2,1,0,0,1,2021,"May","Saturday","05:40 pm",40,"Sealed","Dry","Not Raining","Night","Right Angle",2,"Y",,1318959.39,1671668.29
"2021-16666-19/09/2025","GULFVIEW HEIGHTS","CITY OF SALISBURY",2,2,0,0,2,2021,"May","Saturday","05:47 pm",60,"Sealed","Dry","Not Raining","Night","Right Angle",2,,,1335500.12,1686315.46
"2021-16667-19/09/2025","FLINDERS RANGES",,2,1,0,0,1,2021,"May","Saturday","04:00 pm",100,"Unsealed","Dry","Not Raining","Daylight","Hit Fixed Object",1,,,1344460.63,2032052.06
"2021-16669-19/09/2025","PARAFIELD","CITY OF SALISBURY",2,1,0,0,1,2021,"May","Saturday","05:50 pm",60,"Sealed","Dry","Not Raining","Night","Rear End",2,,,1332540.55,1684444.46
"2021-16671-19/09/2025","SALISBURY DOWNS","CITY OF SALISBURY",2,1,0,1,0,2021,"May","Saturday","06:25 pm",60,"Sealed","Dry","Not Raining","Night","Hit Pedestrian",2,,,1330635.14,1687462.28
"2021-16675-19/09/2025","PORT NOARLUNGA","CITY OF ONKAPARINGA",2,1,0,0,1,2021,"May","Saturday","06:27 pm",50,"Sealed","Dry","Not Raining","Night","Hit Parked Vehicle",1,"Y",,1317037.72,1646091.38
"2021-16679-19/09/2025","SEATON","CITY OF CHARLES STURT",2,1,0,0,1,2021,"May","Saturday","08:20 pm",60,"Sealed","Dry","Not Raining","Night","Rear End",2,"Y","Y",1320702.94,1676060.67
"2021-16680-19/09/2025","HACKHAM WEST","CITY OF ONKAPARINGA",2,1,0,0,1,2021,"May","Saturday","04:50 pm",50,"Sealed","Dry","Not Raining","Daylight","Right Angle",2,,,1320438.89,1646750.49
"2021-16681-19/09/2025","PLYMPTON","CITY OF WEST TORRENS",2,2,0,2,0,2021,"May","Sunday","12:10 am",60,"Sealed","Dry","Not Raining","Night","Hit Fixed Object",1,,,1324601.58,1666853.95
"2021-16682-19/09/2025","ADELAIDE","CITY OF ADELAIDE",2,1,0,0,1,2021,"May","Sunday","01:20 am",60,"Sealed","Dry","Not Raining","Night","Hit Pedestrian",2,,,1327901.33,1670963.7
"2021-16683-19/09/2025","LOWER LIGHT","DC MALLALA.",1,2,0,0,2,2021,"May","Sunday","05:50 am",110,"Sealed","Dry","Not Raining","Night","Roll Over",1,,,1314764.68,1715046.13
"2021-16687-19/09/2025","MANNINGHAM","CITY OF PORT ADELAIDE ENFIELD",2,1,0,0,1,2021,"May","Sunday","10:20 am",60,"Sealed","Dry","Not Raining","Daylight","Rear End",2,,,1330452.56,1676521.37
"2021-16688-19/09/2025","GLENSIDE","CITY OF BURNSIDE",2,1,0,0,1,2021,"May","Sunday","08:40 am",50,"Sealed","Dry","Not Raining","Daylight","Right Angle",2,,,1331530.53,1668346.45
"2021-16690-19/09/2025","MEDINDIE","WALKERVILLE TOWN COUNCIL",3,2,0,0,2,2021,"May","Sunday","12:41 pm",60,"Sealed","Dry","Not Raining","Daylight","Rear End",1,,,1328563.43,1673884.22
"2021-16693-19/09/2025","ABERFOYLE PARK","CITY OF ONKAPARINGA",2,1,0,0,1,2021,"May","Sunday","12:10 pm",50,"Sealed","Dry","Not Raining","Daylight","Rear End",2,,,1326885.44,1653520.02
"2021-16695-19/09/2025","PENNINGTON","CITY OF CHARLES STURT",2,1,0,0,1,2021,"May","Sunday","01:30 pm",60,"Sealed","Dry","Not Raining","Daylight","Right Angle",2,,,1322284.15,1678500.58
"2021-16698-19/09/2025","MCLAREN VALE","CITY OF ONKAPARINGA",2,1,0,0,1,2021,"May","Sunday","02:46 pm",80,"Sealed","Dry","Not Raining","Daylight","Right Angle",1,,,1322263.95,1639474.19
"2021-16701-19/09/2025","LOCKLEYS","CITY OF WEST TORRENS",2,1,0,1,0,2021,"May","Sunday","05:12 pm",50,"Sealed","Dry","Not Raining","Daylight","Roll Over",1,,,1322897.23,1671092.89
"2021-16704-19/09/2025","KLEMZIG","CITY OF PORT ADELAIDE ENFIELD",2,1,0,1,0,2021,"May","Sunday","02:30 pm",50,"Sealed","Dry","Not Raining","Daylight","Side Swipe",2,,,1332409.22,1675921.3
"2021-16705-19/09/2025","VICTOR HARBOR","DC VICTOR HARBOR.",2,1,0,0,1,2021,"May","Sunday","09:20 pm",50,"Sealed","Dry","Not Raining","Night","Hit Fixed Object",1,,,1328242.22,1600825.66
"2021-16706-19/09/2025","VIVONNE BAY","KANGAROO ISLAND COUNCIL",1,2,0,1,1,2021,"May","Sunday","07:00 pm",110,"Sealed","Dry","Not Raining","Night","Roll Over",1,"Y",,1198802.42,1559660.17
"2021-16707-19/09/2025","HIGHLAND VALLEY","ALEXANDRINA COUNCIL",2,1,0,0,1,2021,"May","Sunday","09:00 pm",100,"Sealed","Dry","Not Raining","Night","Hit Fixed Object",1,,,1358177.37,1644135.68
"2021-16713-19/09/2025","NORTH PLYMPTON","CITY OF WEST TORRENS",2,1,0,0,1,2021,"February","Thursday","03:15 pm",60,"Sealed","Dry","Not Raining","Daylight","Right Angle",2,,,1324190.9,1667964.75
"2021-16714-19/09/2025","FREELING","LIGHT REGIONAL COUNCIL",3,1,0,0,1,2021,"May","Monday","09:35 am",100,"Sealed","Dry","Not Raining","Daylight","Rear End",2,,,1351213.79,1722850.9
"2021-16715-19/09/2025","PAYNEHAM","CC OF NORWOOD,PAYNEHAM & ST PETERS",2,1,0,0,1,2021,"May","Monday","11:00 am",60,"Sealed","Dry","Not Raining","Daylight","Rear End",1,,,1332191.95,1673540.28
"2021-16716-19/09/2025","TOTNESS","DC MT.BARKER.",3,3,0,0,3,2021,"May","Monday","08:40 am",60,"Sealed","Dry","Not Raining","Daylight","Rear End",2,,,1350979.57,1655265.36
"2021-16719-19/09/2025","GOLDEN GROVE","CITY OF TEA TREE GULLY",2,1,0,0,1,2021,"May","Monday","08:40 am",60,"Sealed","Dry","Not Raining","Daylight","Right Angle",2,,,1338995.83,1686245.12
"2021-16720-19/09/2025","ADELAIDE","CITY OF ADELAIDE",3,1,0,0,1,2021,"May","Monday","12:00 pm",50,"Sealed","Dry","Not Raining","Daylight","Side Swipe",2,,,1329385.53,1669903.97
"2021-16721-19/09/2025","RICHMOND","CITY OF WEST TORRENS",2,1,0,0,1,2021,"May","Monday","03:00 pm",50,"Sealed","Dry","Not Raining","Daylight","Right Angle",1,,,1324779.09,1669065.9
"2021-16722-19/09/2025","UNLEY","CITY OF UNLEY",2,1,0,0,1,2021,"May","Monday","03:36 pm",50,"Sealed","Dry","Not Raining","Daylight","Hit Pedestrian",2,,,1329706.77,1668046.4
"2021-16725-19/09/2025","NORTH HAVEN","CITY OF PORT ADELAIDE ENFIELD",2,1,0,0,1,2021,"May","Monday","10:40 am",50,"Sealed","Dry","Not Raining","Daylight","Hit Parked Vehicle",1,,,1319353.96,1687057.56
"2021-16730-19/09/2025","ELIZABETH DOWNS","CITY OF PLAYFORD.",2,1,0,0,1,2021,"May","Monday","03:40 pm",50,"Sealed","Dry","Not Raining","Daylight","Right Angle",1,,,1338045.2,1694821.74
"2021-16731-19/09/2025","DULWICH","CITY OF BURNSIDE",2,1,0,0,1,2021,"May","Monday","06:17 pm",60,"Sealed","Dry","Not Raining","Night","Rear End",1,,,1330683.29,1669233.69
"2021-16732-19/09/2025","KURRALTA PARK","CITY OF WEST TORRENS",2,2,0,0,2,2021,"May","Monday","06:30 pm",60,"Sealed","Dry","Not Raining","Night","Right Turn",1,,,1325778.61,1667717.09
"2021-16734-19/09/2025","ST MORRIS","CC OF NORWOOD,PAYNEHAM & ST PETERS",2,1,0,0,1,2021,"May","Thursday","12:40 pm",60,"Sealed","Dry","Not Raining","Daylight","Right Angle",2,,,1333244.3,1671788.45
"2021-16736-19/09/2025","MORPHETT VALE","CITY OF ONKAPARINGA",2,1,0,0,1,2021,"May","Monday","02:40 pm",60,"Sealed","Dry","Not Raining","Daylight","Hit Pedestrian",2,,,1320159,1649839.56
"2021-16742-19/09/2025","WAROOKA","YORKE PENINSULA COUNCIL",1,2,0,0,2,2021,"May","Monday","03:00 pm",100,"Unsealed","Dry","Not Raining","Daylight","Roll Over",1,,,1224050.84,1655219.91
"2021-16746-19/09/2025","ONE TREE HILL","CITY OF PLAYFORD.",2,3,0,2,1,2021,"May","Tuesday","07:51 am",100,"Sealed","Wet","Raining","Daylight","Hit Fixed Object",1,,"Y",1342030.87,1692896.14
"2021-16750-19/09/2025","FERRYDEN PARK","CITY OF PORT ADELAIDE ENFIELD",3,2,0,0,2,2021,"May","Tuesday","09:23 am",60,"Sealed","Dry","Not Raining","Daylight","Right Angle",1,,,1325097.89,1676351.58
"2021-16755-19/09/2025","CRAIGBURN FARM","CC MITCHAM.",2,1,0,0,1,2021,"May","Tuesday","10:50 am",60,"Sealed","Wet","Raining","Daylight","Head On",1,,,1329002.57,1658658.84
"2021-16756-19/09/2025","MOUNT LYNDHURST",,2,1,0,1,0,2021,"May","Saturday","11:00 am",100,"Unsealed","Wet","Not Raining","Daylight","Hit Fixed Object",1,,,1386424.02,2215101.84
"2021-16761-19/09/2025","PROSPECT","CITY OF PROSPECT",2,1,0,0,1,2021,"May","Monday","03:30 pm",40,"Sealed","Dry","Not Raining","Daylight","Rear End",2,,,1327270.72,1674979.8
"2021-16766-19/09/2025","NEW WELL","LOXTON WAIKERIE DISTRICT COUNCIL",2,1,0,0,1,2021,"May","Friday","07:15 am",100,"Unsealed","Dry","Not Raining","Daylight","Hit Animal",2,,,1450685.15,1725529.05
"2021-16769-19/09/2025","KLEMZIG","CITY OF PORT ADELAIDE ENFIELD",2,1,0,0,1,2021,"May","Tuesday","02:45 pm",60,"Sealed","Wet","Not Raining","Daylight","Rear End",2,,,1332147.98,1676659.4
"2021-16771-19/09/2025","ADELAIDE","CITY OF ADELAIDE",3,1,0,0,1,2021,"May","Tuesday","03:45 pm",50,"Sealed","Wet","Raining","Daylight","Rear End",1,,,1328866.1,1671144.24
"2021-16773-19/09/2025","MAYLANDS","CC OF NORWOOD,PAYNEHAM & ST PETERS",2,1,0,0,1,2021,"May","Tuesday","04:33 pm",60,"Sealed","Dry","Not Raining","Daylight","Hit Fixed Object",1,,,1332210.67,1672447.55
"2021-16777-19/09/2025","DAWESLEY","DC MT.BARKER.",2,1,0,0,1,2021,"May","Tuesday","05:00 pm",80,"Sealed","Wet","Not Raining","Daylight","Hit Fixed Object",1,,,1360713.21,1657825.18
"2021-16784-19/09/2025","ARMAGH","CLARE AND GILBERT VALLEYS DISTRICT COUNCIL",3,1,1,0,0,2021,"May","Tuesday","03:41 pm",80,"Sealed","Wet","Raining","Daylight","Head On",1,,,1331492.52,1792275.93
"2021-16787-19/09/2025","THORNGATE","CITY OF PROSPECT",2,1,0,1,0,2021,"May","Tuesday","08:41 pm",50,"Sealed","Wet","Raining","Night","Hit Pedestrian",2,,,1328364.72,1673824.73
"2021-16789-19/09/2025","LOWER LIGHT","DC MALLALA.",2,1,0,1,0,2021,"May","Tuesday","11:40 pm",110,"Sealed","Wet","Raining","Night","Hit Fixed Object",1,,,1317836.36,1711589.75
"2021-16799-19/09/2025","UNDERDALE","CITY OF WEST TORRENS",3,1,0,0,1,2021,"May","Wednesday","09:10 am",60,"Sealed","Dry","Not Raining","Daylight","Hit Fixed Object",1,,,1323835.16,1671424.8
"2021-16800-19/09/2025","TAPEROO","CITY OF PORT ADELAIDE ENFIELD",2,1,0,0,1,2021,"May","Tuesday","02:20 pm",60,"Sealed","Wet","Raining","Daylight","Rear End",1,,,1319931.39,1684414.64
"2021-16801-19/09/2025","NORWOOD","CC OF NORWOOD,PAYNEHAM & ST PETERS",2,1,0,1,0,2021,"May","Wednesday","09:00 am",50,"Sealed","Dry","Not Raining","Daylight","Hit Parked Vehicle",2,,,1330973.07,1671390
"2021-16802-19/09/2025","SALISBURY EAST","CITY OF SALISBURY",2,1,0,0,1,2021,"May","Wednesday","09:45 am",60,"Sealed","Dry","Not Raining","Daylight","Rear End",2,,,1334178.48,1684646
"2021-16805-19/09/2025","RENOWN PARK","CITY OF CHARLES STURT",2,3,0,0,3,2021,"May","Wednesday","11:09 am",60,"Sealed","Dry","Not Raining","Daylight","Right Angle",1,,,1326571.91,1674375
"2021-16807-19/09/2025","SALISBURY","CITY OF SALISBURY",2,1,0,0,1,2021,"May","Tuesday","03:45 pm",60,"Sealed","Dry","Not Raining","Daylight","Right Angle",1,,,1332301.78,1687903.89
"2021-16809-19/09/2025","OLD CALPERUM","DC RENMARK PARINGA",2,1,0,0,1,2021,"May","Wednesday","09:00 am",90,"Sealed","Dry","Not Raining","Daylight","Right Angle",1,,,1524269.26,1741811.91
"2021-16812-19/09/2025","FLINDERS PARK","CITY OF CHARLES STURT",2,1,0,0,1,2021,"May","Wednesday","08:45 am",50,"Sealed","Dry","Not Raining","Daylight","Right Turn",2,,,1323551.11,1672388.4
"2021-16818-19/09/2025","KILBURN","CITY OF PORT ADELAIDE ENFIELD",2,1,0,0,1,2021,"May","Wednesday","02:00 pm",50,"Sealed","Dry","Not Raining","Daylight","Right Angle",2,,,1328039.33,1677290.87
"2021-16819-19/09/2025","PORT ADELAIDE","CITY OF PORT ADELAIDE ENFIELD",2,1,0,0,1,2021,"May","Wednesday","02:10 pm",40,"Sealed","Dry","Not Raining","Daylight","Right Angle",1,,,1319982.28,1679427.91
"2021-16820-19/09/2025","MAWSON LAKES","CITY OF SALISBURY",2,1,0,0,1,2021,"May","Wednesday","02:07 pm",50,"Sealed","Dry","Not Raining","Daylight","Right Angle",2,,,1330489.89,1683822.36
"2021-16822-19/09/2025","PORT NOARLUNGA","CITY OF ONKAPARINGA",2,1,0,0,1,2021,"May","Wednesday","03:54 pm",60,"Sealed","Dry","Not Raining","Daylight","Rear End",2,,,1315862.49,1646567.68
"2021-16823-19/09/2025","INGLE FARM","CITY OF SALISBURY",2,1,0,0,1,2021,"May","Wednesday","04:24 pm",60,"Sealed","Dry","Not Raining","Daylight","Right Angle",2,,"Y",1331651.67,1681192.56
"2021-16825-19/09/2025","MELROSE PARK","CC MITCHAM.",2,1,0,0,1,2021,"May","Wednesday","08:00 am",60,"Sealed","Dry","Not Raining","Daylight","Rear End",1,,,1325932.06,1664437.49
"2021-16826-19/09/2025","WOODVILLE SOUTH","CITY OF CHARLES STURT",2,1,0,0,1,2021,"May","Wednesday","04:50 pm",60,"Sealed","Dry","Not Raining","Daylight","Hit Pedestrian",2,,,1322419.24,1676099.92
"2021-16838-19/09/2025","MANNINGHAM","CITY OF PORT ADELAIDE ENFIELD",2,1,0,0,1,2021,"May","Thursday","05:46 am",60,"Sealed","Dry","Not Raining","Night","Right Angle",2,,,1330467.4,1675457.05
"2021-16839-19/09/2025","CHANDLERS HILL","CITY OF ONKAPARINGA",1,1,0,0,1,2021,"May","Thursday","05:30 am",70,"Sealed","Wet","Not Raining","Night","Roll Over",1,,,1329428.41,1652798.55
"2021-16842-19/09/2025","ROSTREVOR","CC CAMPBELLTOWN.",2,2,0,0,2,2021,"May","Thursday","08:30 am",60,"Sealed","Wet","Not Raining","Daylight","Rear End",1,,,1335441.93,1673330.54
"2021-16843-19/09/2025","THORNGATE","CITY OF PROSPECT",2,1,0,0,1,2021,"May","Thursday","08:23 am",50,"Sealed","Dry","Not Raining","Daylight","Right Angle",1,,,1328123.65,1673816.41
"2021-16849-19/09/2025","PARKSIDE","CITY OF UNLEY",2,1,0,0,1,2021,"May","Thursday","08:20 am",60,"Sealed","Dry","Not Raining","Daylight","Rear End",2,,,1329603.35,1668996.84
"2021-16850-19/09/2025","NORTH ADELAIDE","CITY OF ADELAIDE",2,1,0,0,1,2021,"May","Thursday","10:28 am",50,"Sealed","Dry","Not Raining","Daylight","Right Angle",2,,"Y",1329620.24,1672525.9
"2021-16851-19/09/2025","ST MARYS","CC MITCHAM.",2,1,0,0,1,2021,"May","Thursday","06:15 am",60,"Sealed","Wet","Not Raining","Night","Rear End",2,,,1325957.22,1663247.04
"2021-16865-19/09/2025","HINDMARSH","CITY OF CHARLES STURT",2,1,0,1,0,2021,"May","Thursday","03:18 pm",60,"Sealed","Dry","Not Raining","Daylight","Hit Fixed Object",1,,,1325500.81,1673106.18
"2021-16869-19/09/2025","SEMAPHORE PARK","CITY OF CHARLES STURT",2,1,0,0,1,2021,"May","Thursday","03:45 pm",60,"Sealed","Dry","Not Raining","Daylight","Hit Fixed Object",1,,,1317677.31,1678913.37
"2021-16871-19/09/2025","MODBURY","CITY OF TEA TREE GULLY",2,1,0,0,1,2021,"May","Thursday","04:16 pm",60,"Sealed","Dry","Not Raining","Daylight","Right Angle",2,,,1336892.09,1680277.31
"2021-16875-19/09/2025","NORTH PLYMPTON","CITY OF WEST TORRENS",2,1,0,0,1,2021,"May","Thursday","05:30 pm",60,"Sealed","Dry","Not Raining","Night","Right Turn",1,,,1324209.34,1667660.85
"2021-16877-19/09/2025","DERNANCOURT","CITY OF TEA TREE GULLY",2,1,0,1,0,2021,"May","Thursday","05:45 pm",60,"Sealed","Dry","Not Raining","Night","Hit Pedestrian",2,,,1336271.83,1678081.9
"2021-16887-19/09/2025","BLAIR ATHOL","CITY OF PORT ADELAIDE ENFIELD",2,2,0,0,2,2021,"May","Thursday","01:50 pm",50,"Sealed","Dry","Not Raining","Daylight","Right Angle",1,,,1328376.36,1678792.75
"2021-16890-19/09/2025","PORT NOARLUNGA","CITY OF ONKAPARINGA",2,1,0,0,1,2021,"May","Friday","10:38 am",60,"Sealed","Dry","Not Raining","Daylight","Right Angle",1,,,1316428.33,1646576.41
"2021-16892-19/09/2025","SALISBURY","CITY OF SALISBURY",2,1,0,0,1,2021,"May","Friday","02:18 pm",60,"Sealed","Dry","Not Raining","Daylight","Right Angle",1,,,1333396.29,1689758.68
"2021-16895-19/09/2025","GEPPS CROSS","CITY OF PORT ADELAIDE ENFIELD",3,1,0,0,1,2021,"May","Friday","01:26 pm",60,"Sealed","Dry","Not Raining","Daylight","Rear End",2,,,1327678.75,1679248.36
"2021-16900-19/09/2025","GEPPS CROSS","CITY OF PORT ADELAIDE ENFIELD",2,1,0,0,1,2021,"May","Friday","03:20 pm",60,"Sealed","Dry","Not Raining","Daylight","Rear End",2,,,1328808.92,1679265.78
"2021-16901-19/09/2025","MOUNT COMPASS","ALEXANDRINA COUNCIL",2,2,0,0,2,2021,"May","Friday","03:30 pm",60,"Sealed","Dry","Not Raining","Daylight","Right Angle",1,,,1328799.65,1623860.84
"2021-16905-19/09/2025","HOLDEN HILL","CITY OF TEA TREE GULLY",2,2,0,1,1,2021,"May","Friday","06:04 pm",60,"Sealed","Dry","Not Raining","Night","Right Turn",2,,,1334713.27,1678543.84
"2021-16906-19/09/2025","LOWER MITCHAM","CC MITCHAM.",2,1,0,0,1,2021,"May","Friday","05:45 pm",60,"Sealed","Dry","Not Raining","Night","Right Turn",1,,,1329170.96,1665061.71
"2021-16908-19/09/2025","OVINGHAM","CITY OF CHARLES STURT",2,2,0,0,2,2021,"May","Friday","06:20 pm",60,"Sealed","Dry","Not Raining","Night","Right Turn",2,,,1327131.58,1673269.49
"2021-16911-19/09/2025","GLENSIDE","CITY OF BURNSIDE",2,1,0,0,1,2021,"May","Friday","03:25 pm",60,"Sealed","Dry","Not Raining","Daylight","Rear End",2,,,1330671.58,1669013.23
"2021-16912-19/09/2025","ADELAIDE","CITY OF ADELAIDE",2,1,0,0,1,2021,"May","Friday","06:05 pm",50,"Sealed","Dry","Not Raining","Night","Side Swipe",2,,,1327468.41,1670159.09
"2021-16917-19/09/2025","SMITHFIELD","CITY OF PLAYFORD.",2,1,0,0,1,2021,"May","Friday","09:10 pm",80,"Sealed","Dry","Not Raining","Night","Rear End",2,,,1337807.57,1696999.81
"2021-16919-19/09/2025","CUMBERLAND PARK","CC MITCHAM.",2,1,0,0,1,2021,"May","Saturday","11:16 am",50,"Sealed","Dry","Not Raining","Daylight","Right Turn",2,,,1326714.57,1665113.65
"2021-16924-19/09/2025","ATHELSTONE","CC CAMPBELLTOWN.",2,1,0,0,1,2021,"May","Saturday","12:35 pm",60,"Sealed","Dry","Not Raining","Daylight","Hit Fixed Object",1,,,1338707.54,1677077.75
"2021-16925-19/09/2025","PARADISE","CC CAMPBELLTOWN.",2,1,0,0,1,2021,"May","Friday","03:30 pm",60,"Sealed","Dry","Not Raining","Daylight","Rear End",2,,,1335164.9,1676391.73
"2021-16933-19/09/2025","REDHILL","PT.PIRIE CITY & DIST. COUNCIL",2,1,1,0,0,2021,"May","Saturday","02:59 pm",110,"Sealed","Dry","Not Raining","Daylight","Right Angle",2,,,1297972.16,1825416.3
"2021-16934-19/09/2025","KENT TOWN","CC OF NORWOOD,PAYNEHAM & ST PETERS",2,1,0,0,1,2021,"May","Saturday","05:05 pm",60,"Sealed","Dry","Not Raining","Daylight","Right Angle",2,,,1330454.83,1670510.91
"2021-16936-19/09/2025","ADELAIDE","CITY OF ADELAIDE",2,1,0,0,1,2021,"May","Saturday","05:44 pm",50,"Sealed","Dry","Not Raining","Night","Hit Fixed Object",1,,,1328521.47,1670517.95
"2021-16942-19/09/2025","DRY CREEK","CITY OF PORT ADELAIDE ENFIELD",3,2,0,0,2,2021,"May","Saturday","11:33 pm",70,"Sealed","Dry","Not Raining","Night","Hit Fixed Object",1,"Y","Y",1327868.03,1679911.77
"2021-16945-19/09/2025","GLENELG NORTH","CITY OF HOLDFAST BAY",2,1,0,0,1,2021,"May","Friday","05:25 pm",60,"Sealed","Dry","Not Raining","Night","Rear End",2,,,1321003.72,1665305.11
"2021-16946-19/09/2025","CUMBERLAND PARK","CC MITCHAM.",2,1,0,0,1,2021,"May","Sunday","09:45 am",50,"Sealed","Dry","Not Raining","Daylight","Hit Parked Vehicle",1,,,1326712.3,1665193.25
"2021-16947-19/09/2025","MOUNT BARKER","DC MT.BARKER.",2,1,0,0,1,2021,"May","Friday","03:20 pm",60,"Sealed","Dry","Not Raining","Daylight","Rear End",2,,,1351217.58,1654435.13
"2021-16948-19/09/2025","GOODWOOD","CITY OF UNLEY",2,1,0,0,1,2021,"May","Sunday","09:55 am",50,"Sealed","Dry","Not Raining","Daylight","Hit Pedestrian",2,,,1327460.55,1667795.78
"2021-16952-19/09/2025","ADELAIDE","CITY OF ADELAIDE",2,2,0,0,2,2021,"May","Saturday","05:40 pm",50,"Sealed","Dry","Not Raining","Night","Rear End",2,,,1327925.66,1670500.3
"2021-16953-19/09/2025","GRANGE","CITY OF CHARLES STURT",2,1,0,0,1,2021,"May","Sunday","01:14 pm",60,"Sealed","Dry","Not Raining","Daylight","Rear End",1,,,1318950.06,1674477.57
"2021-16955-19/09/2025","MAGILL","CC CAMPBELLTOWN.",2,1,0,0,1,2021,"May","Sunday","10:45 am",60,"Sealed","Dry","Not Raining","Daylight","Right Turn",1,,,1335470.67,1672264.02
"2021-16958-19/09/2025","CHRISTIE DOWNS","CITY OF ONKAPARINGA",2,1,0,0,1,2021,"May","Sunday","04:10 pm",60,"Sealed","Dry","Not Raining","Daylight","Right Angle",2,,,1318484.22,1648627.93
"2021-16959-19/09/2025","HAPPY VALLEY","CITY OF ONKAPARINGA",2,1,0,1,0,2021,"May","Sunday","05:27 pm",60,"Sealed","Dry","Not Raining","Night","Right Angle",2,,,1326654.91,1653009.81
"2021-16962-19/09/2025","POMPOOTA","MID MURRAY DISTRICT COUNCIL",2,1,1,0,0,2021,"May","Sunday","08:32 pm",100,"Sealed","Dry","Not Raining","Night","Right Angle",1,,"Y",1398638.18,1660346.69
"2021-16963-19/09/2025","HOLDEN HILL","CITY OF PORT ADELAIDE ENFIELD",2,1,0,0,1,2021,"May","Sunday","11:14 pm",60,"Sealed","Dry","Not Raining","Night","Right Angle",1,,,1333825.9,1678094.42
"2021-16964-19/09/2025","STIRLING NORTH","CC PT.AUGUSTA.",2,1,1,0,0,2021,"May","Sunday","06:25 pm",80,"Sealed","Dry","Not Raining","Night","Hit Pedestrian",2,"Y",,1263759.34,1939593.71
"2021-16966-19/09/2025","GIFFORD HILL","RC MURRAY BRIDGE.",2,1,0,0,1,2021,"May","Friday","11:35 am",100,"Sealed","Dry","Not Raining","Daylight","Hit Fixed Object",1,,,1386169.22,1640783.21
"2021-16967-19/09/2025","HEATHPOOL","CC OF NORWOOD,PAYNEHAM & ST PETERS",3,1,0,0,1,2021,"May","Monday","07:26 am",60,"Sealed","Dry","Not Raining","Daylight","Hit Pedestrian",1,,,1332294.97,1669851.84
"2021-16972-19/09/2025","NONNING",,1,1,0,0,1,2021,"May","Friday","08:00 am",100,"Unsealed","Dry","Not Raining","Daylight","Roll Over",1,,,1148845.57,1939490
"2021-16980-19/09/2025","PROSPECT","CITY OF PROSPECT",2,1,0,0,1,2021,"May","Sunday","11:21 pm",60,"Unsealed","Dry","Not Raining","Night","Rear End",2,,,1328025.83,1676422.11
"2021-16982-19/09/2025","KLEMZIG","CITY OF PORT ADELAIDE ENFIELD",1,1,0,0,1,2021,"May","Monday","03:40 pm",60,"Sealed","Dry","Not Raining","Daylight","Roll Over",1,,,1332006.77,1675391.78
"2021-16985-19/09/2025","PARAFIELD GARDENS","CITY OF SALISBURY",2,3,0,0,3,2021,"May","Monday","04:10 pm",60,"Sealed","Dry","Not Raining","Daylight","Right Angle",1,,,1331651.62,1686657.21
"2021-16988-19/09/2025","ROXBY DOWNS",,2,2,0,0,2,2021,"May","Monday","06:20 pm",100,"Sealed","Dry","Not Raining","Night","Side Swipe",2,,,1192134.48,2163793.1
"2021-16991-19/09/2025","WATTLE FLAT","DC YANKALILLA.",2,2,0,2,0,2021,"May","Monday","08:40 pm",100,"Unsealed","Dry","Not Raining","Night","Hit Fixed Object",1,,"Y",1308781.4,1617794.71
"2021-16992-19/09/2025","ENFIELD","CITY OF PORT ADELAIDE ENFIELD",2,1,0,0,1,2021,"June","Tuesday","07:26 am",50,"Sealed","Dry","Not Raining","Daylight","Hit Fixed Object",1,,,1329510.3,1677194.65
"2021-16995-19/09/2025","TOTNESS","DC MT.BARKER.",2,1,0,0,1,2021,"May","Monday","06:50 pm",110,"Sealed","Dry","Not Raining","Night","Hit Animal",2,,,1349738.63,1655335.56
"2021-16998-19/09/2025","POORAKA","CITY OF SALISBURY",2,1,0,0,1,2021,"May","Friday","06:30 pm",60,"Sealed","Dry","Not Raining","Night","Hit Fixed Object",1,,,1329349.2,1681623.38
"2021-17000-19/09/2025","PROSPECT","CITY OF PROSPECT",2,1,0,0,1,2021,"May","Saturday","11:30 am",50,"Sealed","Dry","Not Raining","Daylight","Rear End",2,,,1328088.99,1675358.82