"REPORT_ID","Suburb","LGA Name","Total Units","Total Cas","Total Fats","Total SI","Total MI","Year","Month","Day","Time","Area Speed","Road Surface","Moisture Cond","Weather Cond","DayNight","Crash Type","Unit Resp","DUI Involved","Drugs Involved","ACCLOC_X","ACCLOC_Y"
"2021-17002-19/09/2025","LYRUP","DC RENMARK PARINGA",2,1,0,0,1,2021,"May","Sunday","10:40 am",80,"Sealed","Dry","Not Raining","Daylight","Hit Parked Vehicle",1,,,1518953.26,1735543.15
"2021-17006-19/09/2025","UNLEY","CITY OF UNLEY",2,1,0,1,0,2021,"June","Tuesday","11:00 am",50,"Sealed","Dry","Not Raining","Daylight","Side Swipe",2,,,1328364.47,1668624.06
"2021-17010-19/09/2025","LONSDALE","CITY OF ONKAPARINGA",2,3,0,0,3,2021,"June","Tuesday","12:26 pm",70,"Sealed","Dry","Not Raining","Daylight","Rear End",2,,,1319399.31,1650973.55
"2021-17012-19/09/2025","BARABBA","DC MALLALA.",2,1,0,0,1,2021,"June","Tuesday","05:20 am",100,"Unsealed","Dry","Not Raining","Night","Hit Animal",2,,,1328270.85,1730425.14
"2021-17017-19/09/2025","ENFIELD","CITY OF PORT ADELAIDE ENFIELD",2,1,0,0,1,2021,"May","Thursday","09:00 am",50,"Sealed","Dry","Not Raining","Daylight","Right Angle",2,,,1328933.16,1678607.84
"2021-17022-19/09/2025","KURRALTA PARK","CITY OF WEST TORRENS",3,1,0,0,1,2021,"June","Tuesday","04:24 pm",60,"Sealed","Dry","Not Raining","Daylight","Rear End",1,,,1325435.59,1667464.08
"2021-17024-19/09/2025","PLYMPTON","CITY OF WEST TORRENS",2,1,0,0,1,2021,"May","Monday","05:20 pm",60,"Sealed","Dry","Not Raining","Night","Rear End",2,,,1324819.76,1667013.72
"2021-17025-19/09/2025","PENFIELD GARDENS","CITY OF PLAYFORD.",2,1,0,0,1,2021,"June","Tuesday","05:08 pm",110,"Sealed","Dry","Not Raining","Daylight","Rear End",1,,,1330074.34,1697763.66
"2021-17026-19/09/2025","WELLAND","CITY OF CHARLES STURT",2,1,0,0,1,2021,"June","Tuesday","05:05 pm",60,"Sealed","Dry","Not Raining","Daylight","Right Angle",2,,,1324881.94,1673976.81
"2021-17030-19/09/2025","WINDSOR GARDENS","CITY OF PORT ADELAIDE ENFIELD",2,1,0,0,1,2021,"June","Tuesday","05:30 pm",60,"Sealed","Dry","Not Raining","Night","Rear End",1,,,1333356.69,1677688.75
"2021-17031-19/09/2025","MODBURY","CITY OF TEA TREE GULLY",2,1,0,0,1,2021,"June","Tuesday","07:25 pm",60,"Sealed","Dry","Not Raining","Night","Right Turn",1,,,1337056.82,1680951.37
"2021-17034-19/09/2025","HENLEY BEACH","CITY OF CHARLES STURT",2,1,0,0,1,2021,"June","Wednesday","06:45 am",50,"Sealed","Dry","Not Raining","Night","Right Angle",1,,,1318884.7,1672305.12
"2021-17040-19/09/2025","UPPER STURT","CC MITCHAM.",2,1,0,0,1,2021,"June","Wednesday","09:30 am",60,"Sealed","Dry","Not Raining","Daylight","Hit Fixed Object",1,,,1332985.32,1659934.96
"2021-17045-19/09/2025","PORT LINCOLN","CC PT.LINCOLN.",2,1,0,0,1,2021,"June","Wednesday","10:30 am",60,"Sealed","Dry","Not Raining","Daylight","Rear End",1,,,1078310.04,1697424.58
"2021-17054-19/09/2025","TORRENSVILLE","CITY OF WEST TORRENS",2,1,0,0,1,2021,"May","Friday","03:20 pm",60,"Sealed","Dry","Not Raining","Daylight","Rear End",2,,,1325754.68,1670981.93
"2021-17055-19/09/2025","BROOKLYN PARK","CITY OF WEST TORRENS",4,1,0,0,1,2021,"June","Wednesday","11:45 am",50,"Sealed","Dry","Not Raining","Daylight","Right Angle",2,,,1323590.88,1670430.8
"2021-17058-19/09/2025","COOBER PEDY",,1,1,0,1,0,2021,"June","Wednesday","01:51 pm",110,"Sealed","Dry","Not Raining","Daylight","Roll Over",1,,,996332.41,2303808.26
"2021-17059-19/09/2025","GAWLER","CT GAWLER.",3,2,0,0,2,2021,"June","Wednesday","03:15 pm",50,"Sealed","Wet","Not Raining","Daylight","Right Angle",1,,,1343360.5,1706625.65
"2021-17060-19/09/2025","NORTH PLYMPTON","CITY OF WEST TORRENS",2,1,0,0,1,2021,"June","Wednesday","04:10 pm",50,"Sealed","Dry","Not Raining","Daylight","Right Angle",1,,,1323801.56,1667289.43
"2021-17065-19/09/2025","FULHAM GARDENS","CITY OF CHARLES STURT",2,1,0,0,1,2021,"June","Wednesday","10:42 am",60,"Unsealed","Wet","Not Raining","Daylight","Side Swipe",2,,,1320681.77,1671738.35
"2021-17066-19/09/2025","WILLASTON","LIGHT REGIONAL COUNCIL",3,1,0,0,1,2021,"June","Wednesday","05:16 pm",110,"Sealed","Dry","Not Raining","Night","Hit Fixed Object",1,,,1342271.2,1708514.08
"2021-17068-19/09/2025","PARADISE","CC CAMPBELLTOWN.",2,1,0,0,1,2021,"May","Tuesday","06:10 pm",60,"Sealed","Dry","Not Raining","Night","Rear End",2,,,1335002.28,1676192.32
"2021-17073-19/09/2025","LYNDOCH","THE BAROSSA COUNCIL.",2,1,0,1,0,2021,"June","Wednesday","08:25 pm",80,"Sealed","Wet","Not Raining","Night","Hit Fixed Object",1,"Y",,1353267.06,1703563.04
"2021-17075-19/09/2025","GLEN OSMOND","CITY OF BURNSIDE",2,1,0,0,1,2021,"June","Thursday","05:05 am",50,"Sealed","Dry","Not Raining","Night","Right Angle",2,,,1332656.52,1666897.91
"2021-17076-19/09/2025","BALHANNAH","THE ADELAIDE HILLS COUNCIL",2,1,0,1,0,2021,"June","Wednesday","02:00 pm",80,"Sealed","Dry","Not Raining","Daylight","Hit Fixed Object",1,,,1349594.13,1661749.98
"2021-17078-19/09/2025","WOODVILLE NORTH","CITY OF CHARLES STURT",2,3,0,0,3,2021,"June","Thursday","08:05 am",60,"Sealed","Dry","Not Raining","Daylight","Right Turn",1,,,1323971.39,1676739.16
"2021-17089-19/09/2025","WINGFIELD","CITY OF PORT ADELAIDE ENFIELD",2,1,0,0,1,2021,"June","Thursday","10:10 am",90,"Sealed","Dry","Not Raining","Daylight","Rear End",1,,,1324575.48,1681043.77
"2021-17093-19/09/2025","NAIRNE","DC MT.BARKER.",2,2,0,0,2,2021,"June","Wednesday","04:55 pm",50,"Sealed","Dry","Not Raining","Daylight","Rear End",2,,,1357045.4,1657359.85
"2021-17095-19/09/2025","NORMANVILLE","DC YANKALILLA.",2,1,0,0,1,2021,"June","Tuesday","01:50 pm",50,"Sealed","Dry","Not Raining","Daylight","Right Angle",2,,,1301301.97,1613689.11
"2021-17096-19/09/2025","WOODCHESTER","ALEXANDRINA COUNCIL",2,1,0,0,1,2021,"May","Thursday","03:00 pm",100,"Sealed","Dry","Not Raining","Daylight","Right Angle",2,,,1358793.17,1635774.11
"2021-17099-19/09/2025","TATACHILLA","CITY OF ONKAPARINGA",2,2,0,0,2,2021,"June","Thursday","03:15 pm",90,"Sealed","Dry","Not Raining","Daylight","Right Angle",1,,,1317646.97,1638169.75
"2021-17102-19/09/2025","KAPUNDA","LIGHT REGIONAL COUNCIL",2,1,0,1,0,2021,"June","Thursday","04:20 pm",50,"Sealed","Dry","Not Raining","Daylight","Right Angle",1,,,1359735.83,1734611.33
"2021-17103-19/09/2025","KUITPO","CITY OF ONKAPARINGA",2,1,0,1,0,2021,"June","Thursday","04:13 pm",80,"Sealed","Dry","Not Raining","Daylight","Hit Fixed Object",1,"Y","Y",1335615.03,1639028.63
"2021-17106-19/09/2025","MORPHETT VALE","CITY OF ONKAPARINGA",2,2,0,1,1,2021,"June","Thursday","06:03 pm",60,"Sealed","Dry","Not Raining","Night","Right Turn",1,,,1321231.61,1651032.91
"2021-17107-19/09/2025","KAPUNDA","LIGHT REGIONAL COUNCIL",1,1,0,0,1,2021,"June","Thursday","05:55 pm",100,"Sealed","Dry","Not Raining","Night","Roll Over",1,,,1363042.18,1733009.57
"2021-17109-19/09/2025","WATERLOO CORNER","CITY OF SALISBURY",5,1,0,0,1,2021,"June","Thursday","07:20 pm",110,"Sealed","Dry","Not Raining","Night","Rear End",2,,,1326903.44,1692982.38
"2021-17111-19/09/2025","ELIZABETH EAST","CITY OF PLAYFORD.",2,1,0,0,1,2021,"June","Thursday","07:34 pm",80,"Sealed","Dry","Not Raining","Night","Rear End",2,,,1336144.59,1691664.44
"2021-17112-19/09/2025","HENLEY BEACH SOUTH","CITY OF CHARLES STURT",1,1,0,0,1,2021,"May","Sunday","12:00 pm",60,"Sealed","Dry","Not Raining","Daylight","Roll Over",1,,"Y",1319700.82,1671018.68
"2021-17115-19/09/2025","KANGARILLA","CITY OF ONKAPARINGA",1,1,0,0,1,2021,"June","Friday","04:30 am",80,"Sealed","Wet","Raining","Night","Roll Over",1,,,1328966.37,1646466.25
"2021-17124-19/09/2025","SHEA-OAK LOG","LIGHT REGIONAL COUNCIL",2,1,0,0,1,2021,"June","Friday","07:45 am",100,"Sealed","Wet","Not Raining","Daylight","Rear End",1,,,1345589.38,1713688.99
"2021-17131-19/09/2025","SOUTH KILKERRAN","YORKE PENINSULA COUNCIL",1,3,1,2,0,2021,"June","Friday","11:50 am",100,"Unsealed","Dry","Not Raining","Daylight","Roll Over",1,,,1234749.22,1731177.51
"2021-17135-19/09/2025","SEAFORD","CITY OF ONKAPARINGA",2,1,0,1,0,2021,"June","Friday","03:22 pm",50,"Sealed","Dry","Not Raining","Daylight","Right Angle",1,,,1316637.3,1642092.68
"2021-17136-19/09/2025","STEPNEY","CC OF NORWOOD,PAYNEHAM & ST PETERS",2,1,0,0,1,2021,"June","Friday","03:30 pm",60,"Sealed","Dry","Not Raining","Daylight","Rear End",1,,,1330690.77,1671720.82
"2021-17139-19/09/2025","WILLUNGA","CITY OF ONKAPARINGA",2,1,0,0,1,2021,"May","Monday","06:30 pm",100,"Sealed","Wet","Not Raining","Night","Rear End",2,,,1320752.27,1634479.25
"2021-17145-19/09/2025","PARA HILLS","CITY OF SALISBURY",2,1,0,0,1,2021,"June","Friday","06:06 pm",60,"Sealed","Dry","Not Raining","Night","Hit Pedestrian",1,,,1334431.79,1682965.84
"2021-17146-19/09/2025","WEST LAKES","CITY OF CHARLES STURT",2,2,0,0,2,2021,"June","Friday","05:30 pm",60,"Sealed","Dry","Not Raining","Night","Right Turn",2,,,1319878.85,1675858.09
"2021-17158-19/09/2025","MORPHETT VALE","CITY OF ONKAPARINGA",2,1,0,1,0,2021,"June","Friday","11:30 pm",50,"Sealed","Dry","Not Raining","Night","Hit Fixed Object",1,"Y",,1321039.01,1649246.75
"2021-17160-19/09/2025","OWEN","WAKEFIELD REGIONAL COUNCIL",2,1,0,0,1,2021,"June","Friday","11:00 pm",50,"Unsealed","Dry","Not Raining","Night","Hit Fixed Object",1,,,1325124.58,1743079.7
"2021-17174-19/09/2025","ELIZABETH","CITY OF PLAYFORD.",2,1,0,0,1,2021,"June","Saturday","01:57 pm",50,"Sealed","Dry","Not Raining","Daylight","Rear End",2,,,1335277.57,1693292.96
"2021-17177-19/09/2025","ALDGATE","THE ADELAIDE HILLS COUNCIL",1,1,0,0,1,2021,"June","Saturday","03:15 pm",50,"Sealed","Wet","Raining","Daylight","Roll Over",1,,,1340600.48,1660334.56
"2021-17180-19/09/2025","MELROSE PARK","CC MITCHAM.",3,2,0,0,2,2021,"June","Saturday","03:48 pm",60,"Sealed","Dry","Not Raining","Daylight","Rear End",1,,,1325928.12,1664190.68
"2021-17182-19/09/2025","PURPLE DOWNS",,1,1,0,0,1,2021,"June","Saturday","04:30 pm",110,"Sealed","Dry","Not Raining","Daylight","Roll Over",1,,,1181669.28,2127577.85
"2021-17183-19/09/2025","FULLARTON","CITY OF UNLEY",2,1,0,0,1,2021,"June","Saturday","06:56 pm",40,"Sealed","Dry","Not Raining","Night","Right Turn",1,,,1330842.93,1667816.73
"2021-17186-19/09/2025","PARAFIELD GARDENS","CITY OF SALISBURY",2,1,0,0,1,2021,"June","Friday","01:00 pm",60,"Sealed","Dry","Not Raining","Daylight","Side Swipe",1,,,1329981.36,1684973.48
"2021-17187-19/09/2025","BOWDEN","CITY OF CHARLES STURT",2,1,0,0,1,2021,"June","Thursday","01:40 pm",60,"Sealed","Dry","Not Raining","Daylight","Rear End",2,,,1326799,1672973.26
"2021-17190-19/09/2025","HINDMARSH ISLAND","ALEXANDRINA COUNCIL",1,1,0,0,1,2021,"June","Saturday","05:30 pm",50,"Sealed","Dry","Not Raining","Night","Roll Over",1,,,1346530.14,1604767.83
"2021-17193-19/09/2025","CHAIN OF PONDS","THE ADELAIDE HILLS COUNCIL",2,1,0,0,1,2021,"June","Saturday","10:30 pm",80,"Sealed","Wet","Not Raining","Night","Hit Fixed Object",1,,,1351815.95,1681114.74
"2021-17196-19/09/2025","PENFIELD GARDENS","CITY OF PLAYFORD.",3,1,0,1,0,2021,"June","Sunday","05:15 am",80,"Sealed","Dry","Not Raining","Night","Hit Fixed Object",1,,,1332648.91,1699689.3
"2021-17199-19/09/2025","WOODVILLE","CITY OF CHARLES STURT",1,1,0,1,0,2021,"June","Sunday","09:18 am",50,"Sealed","Dry","Not Raining","Daylight","Roll Over",1,,,1322896.63,1676022.66
"2021-17200-19/09/2025","BOOKPURNONG","LOXTON WAIKERIE DISTRICT COUNCIL",2,1,1,0,0,2021,"June","Sunday","10:11 am",110,"Sealed","Dry","Not Raining","Daylight","Hit Fixed Object",1,,,1520423.03,1729190.02
"2021-17205-19/09/2025","EDINBURGH NORTH","CITY OF PLAYFORD.",3,3,0,2,1,2021,"June","Sunday","03:50 pm",60,"Sealed","Dry","Not Raining","Daylight","Rear End",1,,,1335099.83,1694187
"2021-17209-19/09/2025","WHYALLA BARSON","CC WHYALLA.",1,1,0,1,0,2021,"June","Sunday","03:54 pm",50,"Sealed","Dry","Not Raining","Daylight","Roll Over",1,,,1239555.47,1886460.28
"2021-17210-19/09/2025","PORT ELLIOT","ALEXANDRINA COUNCIL",1,1,0,1,0,2021,"June","Saturday","03:00 pm",100,"Sealed","Dry","Not Raining","Daylight","Roll Over",1,,,1332801.55,1606338.98
"2021-17214-19/09/2025","ADELAIDE","CITY OF ADELAIDE",2,1,0,0,1,2021,"June","Wednesday","05:30 pm",50,"Sealed","Dry","Not Raining","Night","Hit Fixed Object",1,,,1327839.03,1671116.9
"2021-17215-19/09/2025","KILBURN","CITY OF PORT ADELAIDE ENFIELD",4,1,0,0,1,2021,"June","Sunday","06:11 pm",50,"Sealed","Dry","Not Raining","Night","Hit Parked Vehicle",1,"Y",,1327018.36,1678211.29
"2021-17232-19/09/2025","SALISBURY HEIGHTS","CITY OF SALISBURY",2,1,0,0,1,2021,"June","Monday","08:30 am",80,"Sealed","Dry","Not Raining","Daylight","Rear End",2,,,1335937.64,1688754.16
"2021-17233-19/09/2025","GOLDEN GROVE","CITY OF TEA TREE GULLY",2,1,0,0,1,2021,"June","Friday","08:30 am",60,"Sealed","Wet","Not Raining","Daylight","Rear End",2,,,1337903.73,1685352.47
"2021-17235-19/09/2025","GLENSIDE","CITY OF BURNSIDE",3,2,0,0,2,2021,"June","Monday","11:04 am",60,"Sealed","Dry","Not Raining","Daylight","Rear End",1,,,1330671.58,1669013.23
"2021-17238-19/09/2025","WARD BELT","LIGHT REGIONAL COUNCIL",2,1,0,1,0,2021,"June","Monday","12:30 pm",100,"Sealed","Dry","Not Raining","Daylight","Rear End",2,,,1334485.38,1707333.77
"2021-17241-19/09/2025","ADELAIDE","CITY OF ADELAIDE",2,1,0,0,1,2021,"June","Monday","02:15 pm",60,"Sealed","Dry","Not Raining","Daylight","Side Swipe",2,,,1330487.48,1670390.6
"2021-17243-19/09/2025","WILLUNGA HILL","ALEXANDRINA COUNCIL",2,4,0,0,4,2021,"June","Monday","03:40 pm",100,"Sealed","Wet","Raining","Daylight","Right Angle",2,,,1325443.37,1629605.5
"2021-17244-19/09/2025","BLAKEVIEW","CITY OF PLAYFORD.",2,1,0,0,1,2021,"June","Monday","03:30 pm",90,"Sealed","Dry","Not Raining","Daylight","Right Angle",1,,,1338952.48,1699124.92
"2021-17247-19/09/2025","HACKHAM WEST","CITY OF ONKAPARINGA",2,1,0,1,0,2021,"June","Sunday","12:50 pm",50,"Sealed","Dry","Not Raining","Daylight","Hit Pedestrian",2,,,1320658.38,1647102.46
"2021-17258-19/09/2025","ADELAIDE","CITY OF ADELAIDE",2,1,0,0,1,2021,"June","Monday","06:11 pm",60,"Sealed","Wet","Raining","Night","Side Swipe",1,,,1327386.13,1670329.21
"2021-17265-19/09/2025","PORT ADELAIDE","CITY OF PORT ADELAIDE ENFIELD",2,3,0,0,3,2021,"June","Monday","05:25 pm",60,"Sealed","Wet","Raining","Night","Right Turn",2,,,1320480.89,1679072.79
"2021-17267-19/09/2025","MUNNO PARA","CITY OF PLAYFORD.",4,2,0,0,2,2021,"June","Monday","10:30 pm",80,"Sealed","Wet","Raining","Night","Rear End",2,"Y",,1338210.83,1697712.55
"2021-17275-19/09/2025","EDINBURGH","CITY OF SALISBURY",2,1,0,1,0,2021,"June","Tuesday","07:21 am",60,"Sealed","Wet","Raining","Daylight","Rear End",2,,"Y",1332472.7,1691219.38
"2021-17282-19/09/2025","ADELAIDE","CITY OF ADELAIDE",2,1,0,0,1,2021,"June","Tuesday","09:45 am",50,"Sealed","Wet","Raining","Daylight","Hit Pedestrian",2,,,1327760.44,1670650.45
"2021-17290-19/09/2025","ST MARYS","CC MARION.",2,1,0,0,1,2021,"June","Tuesday","10:15 am",60,"Sealed","Wet","Raining","Daylight","Rear End",2,,,1325956.5,1663294.98
"2021-17292-19/09/2025","WEST HINDMARSH","CITY OF CHARLES STURT",2,1,0,0,1,2021,"June","Tuesday","11:53 am",60,"Sealed","Dry","Not Raining","Daylight","Right Angle",2,,,1325467.16,1673137.63
"2021-17298-19/09/2025","MITCHAM","CC MITCHAM.",2,1,0,0,1,2021,"June","Tuesday","03:20 pm",60,"Sealed","Wet","Raining","Daylight","Right Turn",2,,,1330788.15,1664892.02
"2021-17301-19/09/2025","KESWICK","CITY OF WEST TORRENS",2,1,0,0,1,2021,"June","Tuesday","03:17 pm",60,"Sealed","Wet","Raining","Daylight","Rear End",2,,,1325794.33,1668947.63
"2021-17307-19/09/2025","MIDDLETON","ALEXANDRINA COUNCIL",2,2,0,1,1,2021,"June","Tuesday","03:11 pm",100,"Sealed","Dry","Not Raining","Daylight","Right Angle",1,,,1339130.53,1605742.57
"2021-17308-19/09/2025","TORRENS PARK","CC MITCHAM.",2,2,0,0,2,2021,"June","Tuesday","03:40 pm",60,"Sealed","Wet","Raining","Daylight","Hit Pedestrian",2,,,1329649.81,1664220.82
"2021-17315-19/09/2025","ROYAL PARK","CITY OF CHARLES STURT",3,1,0,1,0,2021,"June","Tuesday","06:24 pm",60,"Sealed","Wet","Not Raining","Night","Hit Parked Vehicle",1,"Y","Y",1320670.5,1677618.27
"2021-17317-19/09/2025","OLD NOARLUNGA","CITY OF ONKAPARINGA",3,2,0,0,2,2021,"June","Tuesday","05:15 pm",60,"Sealed","Wet","Raining","Night","Rear End",1,,,1317978.09,1642623
"2021-17320-19/09/2025","PETINA","DC STREAKY BAY.",3,2,0,0,2,2021,"June","Tuesday","06:15 pm",100,"Unsealed","Wet","Raining","Night","Hit Animal",2,,,933425.82,1948943.45
"2021-17323-19/09/2025","MODBURY","CITY OF TEA TREE GULLY",2,1,0,0,1,2021,"June","Wednesday","08:00 am",60,"Sealed","Dry","Not Raining","Daylight","Right Angle",2,,,1337037.87,1680631.92
"2021-17326-19/09/2025","WALKERVILLE","WALKERVILLE TOWN COUNCIL",4,3,0,0,3,2021,"June","Wednesday","08:45 am",60,"Sealed","Dry","Not Raining","Daylight","Right Turn",1,,,1329861.24,1674670.61
"2021-17327-19/09/2025","REGENCY PARK","CITY OF PORT ADELAIDE ENFIELD",2,1,0,1,0,2021,"June","Wednesday","09:05 am",60,"Sealed","Wet","Not Raining","Daylight","Hit Pedestrian",1,,,1326449.2,1676384.02
"2021-17330-19/09/2025","MCLAREN FLAT","CITY OF ONKAPARINGA",1,1,0,1,0,2021,"June","Sunday","10:10 am",80,"Sealed","Unknown","Unknown","Daylight","Roll Over",1,,,1331204.94,1640339.72
"2021-17331-19/09/2025","PENONG",,2,1,0,0,1,2021,"June","Wednesday","09:20 am",80,"Sealed","Wet","Not Raining","Daylight","Rear End",2,,,819707.11,2006027.18
"2021-17333-19/09/2025","MOUNT GAMBIER","CC MT.GAMBIER.",2,1,0,1,0,2021,"June","Wednesday","10:52 am",60,"Sealed","Wet","Not Raining","Daylight","Right Angle",1,,,1508779.68,1341470.69
"2021-17334-19/09/2025","BIRKENHEAD","CITY OF PORT ADELAIDE ENFIELD",2,1,0,1,0,2021,"June","Wednesday","09:58 am",50,"Sealed","Dry","Not Raining","Daylight","Right Angle",2,,,1319608.52,1681138.77
"2021-17345-19/09/2025","GAWLER","CT GAWLER.",2,1,0,0,1,2021,"June","Wednesday","02:15 pm",50,"Sealed","Dry","Not Raining","Daylight","Hit Pedestrian",1,,,1343362.16,1706266.97
"2021-17353-19/09/2025","ELIZABETH VALE","CITY OF PLAYFORD.",2,1,0,0,1,2021,"June","Wednesday","03:09 pm",50,"Sealed","Dry","Not Raining","Daylight","Side Swipe",1,,,1334368.03,1689791.76
"2021-17362-19/09/2025","COLONEL LIGHT GARDENS","CC MITCHAM.",3,1,0,0,1,2021,"June","Wednesday","04:40 pm",50,"Sealed","Dry","Not Raining","Daylight","Rear End",1,,,1326732.36,1664509.04
"2021-17365-19/09/2025","HECTORVILLE","CC CAMPBELLTOWN.",2,1,0,0,1,2021,"June","Wednesday","06:40 pm",60,"Sealed","Dry","Not Raining","Night","Right Turn",2,,,1334554.18,1674532.6
"2021-17367-19/09/2025","LUCINDALE","DC NARACOORTE & LUCINDALE.",2,1,0,1,0,2021,"June","Wednesday","05:15 pm",110,"Sealed","Wet","Not Raining","Night","Hit Fixed Object",1,,,1475060.92,1437205.05
"2021-17368-19/09/2025","SUMMERTOWN","THE ADELAIDE HILLS COUNCIL",2,1,0,1,0,2021,"June","Wednesday","05:45 pm",60,"Sealed","Wet","Raining","Night","Hit Pedestrian",1,,,1340063.53,1666635.41
"2021-17370-19/09/2025","ST MARYS","CC MITCHAM.",2,1,0,0,1,2021,"June","Wednesday","09:02 pm",60,"Sealed","Dry","Not Raining","Night","Right Angle",2,,,1325999.46,1662052.15
"2021-17372-19/09/2025","RENMARK","DC RENMARK PARINGA",2,2,0,0,2,2021,"June","Wednesday","07:05 pm",60,"Sealed","Dry","Not Raining","Night","Right Angle",2,,,1527715.63,1744576.87
"2021-17373-19/09/2025","FLINDERS PARK","CITY OF CHARLES STURT",2,1,0,0,1,2021,"June","Wednesday","09:35 pm",60,"Sealed","Dry","Not Raining","Night","Hit Parked Vehicle",1,,,1322732.31,1673135.18
"2021-17375-19/09/2025","AGERY","YORKE PENINSULA COUNCIL",2,1,0,0,1,2021,"June","Wednesday","06:11 pm",100,"Sealed","Dry","Not Raining","Night","Hit Pedestrian",1,,,1252546.77,1759467.91
"2021-17377-19/09/2025","MORPHETT VALE","CITY OF ONKAPARINGA",2,1,0,0,1,2021,"June","Wednesday","11:00 am",70,"Sealed","Dry","Not Raining","Daylight","Right Turn",2,,,1319744.55,1650980.02
"2021-17379-19/09/2025","PARA VISTA","CITY OF SALISBURY",2,1,0,0,1,2021,"June","Thursday","08:59 am",60,"Sealed","Dry","Not Raining","Daylight","Rear End",1,,,1334497.12,1681247.41
"2021-17380-19/09/2025","UNDERDALE","CITY OF WEST TORRENS",2,1,0,0,1,2021,"June","Thursday","08:50 am",60,"Sealed","Dry","Not Raining","Daylight","Right Angle",2,,,1324328.3,1670954.65
"2021-17382-19/09/2025","INGLE FARM","CITY OF SALISBURY",4,1,0,0,1,2021,"June","Thursday","09:56 am",70,"Sealed","Dry","Not Raining","Daylight","Side Swipe",1,,,1332120.96,1681780.41
"2021-17383-19/09/2025","HAPPY VALLEY","CITY OF ONKAPARINGA",2,1,0,0,1,2021,"June","Thursday","08:30 am",80,"Sealed","Dry","Not Raining","Daylight","Rear End",2,,,1323417.65,1654231
"2021-17385-19/09/2025","BALHANNAH","THE ADELAIDE HILLS COUNCIL",2,1,0,0,1,2021,"June","Thursday","11:20 am",80,"Sealed","Dry","Not Raining","Daylight","Rear End",2,,,1347420.17,1661612.82
"2021-17387-19/09/2025","PETHERICK","DC TATIARA.",1,1,0,0,1,2021,"June","Thursday","08:00 am",100,"Unsealed","Dry","Not Raining","Daylight","Roll Over",1,,,1460971.2,1498387.52
"2021-17388-19/09/2025","PORT MACDONNELL","DISTRICT COUNCIL OF GRANT",2,1,0,0,1,2021,"June","Thursday","10:50 am",80,"Sealed","Dry","Not Raining","Daylight","Hit Fixed Object",1,,,1501712.35,1316710.17
"2021-17389-19/09/2025","GREENHILL","THE ADELAIDE HILLS COUNCIL",2,1,0,0,1,2021,"June","Thursday","12:00 pm",80,"Sealed","Wet","Raining","Daylight","Hit Fixed Object",1,,,1338365.86,1666762.01
"2021-17391-19/09/2025","MOUNT CRAWFORD","THE BAROSSA COUNCIL.",2,2,0,0,2,2021,"June","Thursday","01:00 pm",100,"Sealed","Dry","Not Raining","Daylight","Hit Fixed Object",1,,,1361582.18,1688606.05
"2021-17393-19/09/2025","SEAFORD MEADOWS","CITY OF ONKAPARINGA",2,1,0,0,1,2021,"June","Thursday","02:30 pm",60,"Sealed","Dry","Not Raining","Daylight","Right Angle",2,,,1317908.33,1642798.91
"2021-17394-19/09/2025","ALLANDALE STATION",,2,1,0,1,0,2021,"June","Thursday","09:45 am",100,"Unsealed","Dry","Not Raining","Daylight","Hit Animal",2,,,1059632.93,2471561.97
"2021-17396-19/09/2025","MARRYATVILLE","CC OF NORWOOD,PAYNEHAM & ST PETERS",2,1,0,0,1,2021,"June","Thursday","03:29 pm",60,"Sealed","Dry","Not Raining","Daylight","Right Angle",2,,,1333002.68,1670436.26
"2021-17397-19/09/2025","WOODVILLE NORTH","CITY OF PORT ADELAIDE ENFIELD",2,1,0,0,1,2021,"June","Thursday","03:50 pm",60,"Sealed","Dry","Not Raining","Daylight","Head On",1,,,1323948.88,1677672.96
"2021-17403-19/09/2025","MURRAY BRIDGE","RC MURRAY BRIDGE.",2,1,0,0,1,2021,"June","Thursday","03:45 pm",50,"Sealed","Dry","Not Raining","Daylight","Right Turn",2,,,1388783.23,1646586.8
"2021-17410-19/09/2025","WARRADALE","CC MARION.",2,1,1,0,0,2021,"June","Thursday","07:40 pm",60,"Sealed","Dry","Not Raining","Night","Right Angle",2,,"Y",1322739.43,1661852.48
"2021-17418-19/09/2025","GLENGOWRIE","CC MARION.",2,1,0,1,0,2021,"June","Friday","07:00 am",60,"Sealed","Dry","Not Raining","Night","Right Turn",2,,,1322668.58,1664197.71
"2021-17419-19/09/2025","ENFIELD","CITY OF PORT ADELAIDE ENFIELD",2,1,0,0,1,2021,"June","Friday","08:40 am",60,"Sealed","Dry","Not Raining","Daylight","Rear End",2,,,1329087.42,1676447.25
"2021-17421-19/09/2025","WYNN VALE","CITY OF TEA TREE GULLY",2,1,0,0,1,2021,"June","Friday","08:45 am",60,"Sealed","Dry","Not Raining","Daylight","Rear End",2,,,1338151.63,1683641.61
"2021-17425-19/09/2025","WOODVILLE SOUTH","CITY OF CHARLES STURT",2,1,0,0,1,2021,"June","Friday","11:21 am",60,"Sealed","Dry","Not Raining","Daylight","Right Angle",1,,,1323230.67,1675400.11
"2021-17426-19/09/2025","MAWSON LAKES","CITY OF SALISBURY",2,1,0,0,1,2021,"June","Friday","12:48 pm",60,"Sealed","Dry","Not Raining","Daylight","Hit Fixed Object",1,,,1330496.17,1683915.05
"2021-17431-19/09/2025","ADELAIDE","CITY OF ADELAIDE",2,1,0,0,1,2021,"June","Friday","02:14 pm",50,"Sealed","Dry","Not Raining","Daylight","Right Turn",1,,,1328608.37,1670036.71