"REPORT_ID","Suburb","LGA Name","Total Units","Total Cas","Total Fats","Total SI","Total MI","Year","Month","Day","Time","Area Speed","Road Surface","Moisture Cond","Weather Cond","DayNight","Crash Type","Unit Resp","DUI Involved","Drugs Involved","ACCLOC_X","ACCLOC_Y"
"2021-17435-19/09/2025","HINDMARSH","CITY OF CHARLES STURT",2,1,0,0,1,2021,"June","Friday","03:40 pm",60,"Sealed","Dry","Not Raining","Daylight","Right Angle",1,,,1325751.39,1673287.71
"2021-17436-19/09/2025","CAVAN","CITY OF SALISBURY",2,1,0,0,1,2021,"June","Friday","08:30 am",70,"Sealed","Dry","Not Raining","Daylight","Rear End",2,,,1328720.71,1681534.83
"2021-17437-19/09/2025","ADELAIDE","CITY OF ADELAIDE",2,1,0,0,1,2021,"June","Friday","02:50 pm",50,"Sealed","Dry","Not Raining","Daylight","Hit Pedestrian",1,,,1328471.62,1670979.97
"2021-17452-19/09/2025","WINGFIELD","CITY OF PORT ADELAIDE ENFIELD",2,1,0,1,0,2021,"June","Friday","07:45 pm",60,"Sealed","Dry","Not Raining","Night","Right Turn",2,,,1325562.7,1679205.12
"2021-17457-19/09/2025","CULBURRA","COORONG DISTRICT COUNCIL",2,1,1,0,0,2021,"June","Saturday","01:05 am",110,"Sealed","Dry","Not Raining","Night","Head On",1,,,1447449.08,1568430.26
"2021-17459-19/09/2025","HINDMARSH ISLAND","ALEXANDRINA COUNCIL",2,1,0,0,1,2021,"June","Friday","10:00 pm",50,"Sealed","Dry","Not Raining","Night","Hit Fixed Object",1,"Y",,1356089.03,1604847.18
"2021-17461-19/09/2025","ADELAIDE","CITY OF ADELAIDE",3,1,0,0,1,2021,"June","Saturday","08:10 am",60,"Sealed","Dry","Not Raining","Daylight","Rear End",2,,,1327352.12,1670751.23
"2021-17467-19/09/2025","VICTOR HARBOR","DC VICTOR HARBOR.",1,1,0,1,0,2021,"June","Saturday","11:10 am",50,"Sealed","Dry","Not Raining","Daylight","Roll Over",1,,,1328382.18,1601428.48
"2021-17469-19/09/2025","YOUNGHUSBAND","MID MURRAY DISTRICT COUNCIL",3,2,0,1,1,2021,"June","Saturday","09:00 am",80,"Sealed","Dry","Not Raining","Daylight","Rear End",2,,,1399872.3,1673472.43
"2021-17470-19/09/2025","GREENACRES","CITY OF PORT ADELAIDE ENFIELD",2,1,0,0,1,2021,"June","Saturday","01:50 pm",60,"Sealed","Dry","Not Raining","Daylight","Right Angle",2,,,1330430.11,1677200.82
"2021-17479-19/09/2025","PARKSIDE","CITY OF UNLEY",2,1,0,0,1,2021,"June","Saturday","06:00 pm",50,"Sealed","Dry","Not Raining","Night","Right Turn",1,,,1329625.03,1668353.59
"2021-17481-19/09/2025","BROOKLYN PARK","CITY OF WEST TORRENS",2,1,0,0,1,2021,"June","Saturday","06:30 pm",60,"Sealed","Dry","Not Raining","Night","Right Turn",1,,,1323129.01,1670083.9
"2021-17486-19/09/2025","WYNN VALE","CITY OF TEA TREE GULLY",2,1,0,0,1,2021,"June","Sunday","12:30 am",70,"Sealed","Dry","Not Raining","Night","Hit Fixed Object",1,"Y",,1336682.89,1683908.6
"2021-17488-19/09/2025","CUMBERLAND PARK","CC MITCHAM.",2,1,0,0,1,2021,"June","Saturday","11:50 am",50,"Sealed","Dry","Not Raining","Daylight","Right Angle",2,,,1326697.29,1665777.96
"2021-17490-19/09/2025","HOLDEN HILL","CITY OF PORT ADELAIDE ENFIELD",2,1,0,0,1,2021,"June","Sunday","10:30 am",60,"Sealed","Dry","Not Raining","Daylight","Right Turn",1,,,1333963.39,1677962.96
"2021-17491-19/09/2025","PARALOWIE","CITY OF SALISBURY",2,2,0,0,2,2021,"June","Sunday","10:20 am",50,"Sealed","Dry","Not Raining","Daylight","Right Angle",2,,,1330899.75,1689886.49
"2021-17492-19/09/2025","PARACOMBE","THE ADELAIDE HILLS COUNCIL",2,1,0,0,1,2021,"June","Sunday","11:45 am",80,"Sealed","Dry","Not Raining","Daylight","Hit Fixed Object",1,,,1344416.7,1676956.99
"2021-17494-19/09/2025","SALISBURY EAST","CITY OF SALISBURY",2,1,0,1,0,2021,"June","Sunday","12:31 pm",60,"Sealed","Dry","Not Raining","Daylight","Rear End",1,,,1335458.66,1686267.71
"2021-17499-19/09/2025","DOVER GARDENS","CC MARION.",2,1,0,0,1,2021,"June","Sunday","02:30 pm",60,"Sealed","Dry","Not Raining","Daylight","Rear End",1,,,1322777.22,1660601.37
"2021-17505-19/09/2025","BLINMAN",,1,1,0,0,1,2021,"June","Sunday","01:30 pm",90,"Sealed","Dry","Not Raining","Daylight","Roll Over",1,,,1350731.06,2088387.55
"2021-17507-19/09/2025","BROOKLYN PARK","CITY OF WEST TORRENS",2,3,0,0,3,2021,"June","Saturday","11:45 pm",60,"Sealed","Dry","Not Raining","Night","Right Turn",2,,,1324123.03,1670938.82
"2021-17509-19/09/2025","PORT NEILL","DC TUMBY BAY.",2,1,0,0,1,2021,"June","Sunday","06:30 pm",110,"Sealed","Dry","Not Raining","Night","Hit Fixed Object",1,,,1121058.06,1765262.4
"2021-17515-19/09/2025","ANANGU PITJANTJATJARA YANKUNYTJATJARA",,1,4,0,4,0,2021,"June","Sunday","03:20 pm",100,"Unsealed","Dry","Not Raining","Daylight","Roll Over",1,,,828172.83,2557359.64
"2021-17517-19/09/2025","ADELAIDE","CITY OF ADELAIDE",2,1,0,0,1,2021,"June","Wednesday","04:20 pm",50,"Sealed","Dry","Not Raining","Daylight","Rear End",2,,,1329017.91,1670995.12
"2021-17518-19/09/2025","SEATON","CITY OF CHARLES STURT",2,1,0,0,1,2021,"June","Sunday","11:48 pm",60,"Sealed","Dry","Not Raining","Night","Right Turn",1,,,1320702.94,1676060.67
"2021-17520-19/09/2025","SMITHFIELD PLAINS","CITY OF PLAYFORD.",3,1,0,1,0,2021,"June","Monday","01:09 pm",50,"Sealed","Dry","Not Raining","Daylight","Hit Parked Vehicle",1,,,1336850.57,1697910.11
"2021-17521-19/09/2025","MARLESTON","CITY OF WEST TORRENS",3,2,0,0,2,2021,"June","Monday","01:20 pm",60,"Sealed","Dry","Not Raining","Daylight","Rear End",1,,,1325800.69,1668751.34
"2021-17525-19/09/2025","FLINDERS PARK","CITY OF CHARLES STURT",2,1,0,0,1,2021,"June","Monday","04:11 pm",60,"Sealed","Dry","Not Raining","Daylight","Rear End",2,,,1324115.73,1673117.92
"2021-17527-19/09/2025","PARALOWIE","CITY OF SALISBURY",1,1,0,1,0,2021,"June","Saturday","09:30 am",60,"Sealed","Dry","Not Raining","Daylight","Roll Over",1,,,1328632.06,1688769.49
"2021-17535-19/09/2025","DRY CREEK","CITY OF SALISBURY",3,1,0,0,1,2021,"June","Tuesday","07:05 am",110,"Sealed","Dry","Not Raining","Night","Hit Fixed Object",1,,,1326971.18,1685118.57
"2021-17536-19/09/2025","WHYALLA","CC WHYALLA.",1,1,0,0,1,2021,"June","Monday","01:00 pm",60,"Sealed","Dry","Not Raining","Daylight","Roll Over",1,"Y",,1239453.59,1881994.4
"2021-17544-19/09/2025","ADELAIDE","CITY OF ADELAIDE",2,1,0,0,1,2021,"June","Tuesday","12:09 pm",50,"Sealed","Dry","Not Raining","Daylight","Hit Pedestrian",1,,,1328830.34,1670043.02
"2021-17546-19/09/2025","SALISBURY PLAIN","CITY OF SALISBURY",2,1,0,0,1,2021,"June","Tuesday","12:10 pm",80,"Sealed","Dry","Not Raining","Daylight","Right Angle",2,,,1334718.19,1687196.62
"2021-17547-19/09/2025","FERRYDEN PARK","CITY OF PORT ADELAIDE ENFIELD",1,1,0,0,1,2021,"June","Tuesday","02:56 pm",60,"Sealed","Dry","Not Raining","Daylight","Other",9,,,1324873.18,1676337.52
"2021-17556-19/09/2025","SALISBURY EAST","CITY OF SALISBURY",2,1,0,0,1,2021,"June","Tuesday","06:40 pm",60,"Sealed","Dry","Not Raining","Night","Right Turn",2,,,1334189.82,1684652.72
"2021-17562-19/09/2025","WARD BELT","LIGHT REGIONAL COUNCIL",4,1,1,0,0,2021,"June","Tuesday","11:20 pm",110,"Sealed","Wet","Raining","Night","Hit Pedestrian",1,,"Y",1338757.48,1705886.3
"2021-17564-19/09/2025","FLAGSTAFF HILL","CITY OF ONKAPARINGA",2,1,0,0,1,2021,"June","Wednesday","06:00 am",60,"Sealed","Wet","Raining","Night","Hit Object on Road",1,,,1326988.63,1655142.67
"2021-17568-19/09/2025","WALKERVILLE","WALKERVILLE TOWN COUNCIL",2,1,0,1,0,2021,"June","Wednesday","07:58 am",60,"Sealed","Dry","Not Raining","Daylight","Hit Pedestrian",2,,,1330436.21,1675179.69
"2021-17570-19/09/2025","PAYNEHAM","CC OF NORWOOD,PAYNEHAM & ST PETERS",1,1,0,1,0,2021,"June","Wednesday","05:49 pm",60,"Sealed","Dry","Not Raining","Night","Other",9,,,1332162.99,1673774.81
"2021-17577-19/09/2025","MEDINDIE","WALKERVILLE TOWN COUNCIL",3,2,0,0,2,2021,"June","Wednesday","06:30 am",60,"Sealed","Dry","Not Raining","Night","Rear End",2,,,1328468.06,1673796.41
"2021-17588-19/09/2025","MODBURY","CITY OF TEA TREE GULLY",2,1,0,0,1,2021,"June","Wednesday","03:42 pm",50,"Sealed","Dry","Not Raining","Daylight","Right Angle",2,,,1336676.3,1680619.32
"2021-17589-19/09/2025","PORT ADELAIDE","CITY OF PORT ADELAIDE ENFIELD",2,1,0,0,1,2021,"June","Friday","05:30 pm",50,"Sealed","Dry","Not Raining","Night","Rear End",2,,,1320123.56,1679970.76
"2021-17590-19/09/2025","THEBARTON","CITY OF WEST TORRENS",2,1,0,0,1,2021,"June","Wednesday","04:24 pm",60,"Sealed","Dry","Not Raining","Daylight","Side Swipe",1,,,1326570.84,1671527.41
"2021-17592-19/09/2025","SALISBURY SOUTH","CITY OF SALISBURY",2,1,0,0,1,2021,"June","Wednesday","05:10 pm",60,"Sealed","Dry","Not Raining","Daylight","Right Angle",1,,,1332449.49,1686210.73
"2021-17594-19/09/2025","PARAFIELD GARDENS","CITY OF SALISBURY",4,2,0,0,2,2021,"June","Wednesday","05:35 pm",60,"Sealed","Dry","Not Raining","Night","Rear End",1,,,1331373.56,1686738.08
"2021-17596-19/09/2025","MAWSON LAKES","CITY OF SALISBURY",2,1,0,0,1,2021,"June","Wednesday","05:43 pm",50,"Sealed","Dry","Not Raining","Night","Right Angle",1,,,1329596.86,1684007.1
"2021-17598-19/09/2025","WALLAROO PLAIN","COPPER COAST DISTRICT COUNCIL",1,1,0,1,0,2021,"June","Wednesday","04:45 pm",100,"Unsealed","Wet","Not Raining","Daylight","Roll Over",1,,,1246562.63,1788989.18
"2021-17603-19/09/2025","DRY CREEK","CITY OF PORT ADELAIDE ENFIELD",2,1,0,0,1,2021,"June","Thursday","04:35 am",90,"Sealed","Dry","Not Raining","Night","Hit Fixed Object",1,,"Y",1325007.41,1681070.23
"2021-17606-19/09/2025","MACDONALD PARK","CITY OF PLAYFORD.",5,3,0,0,3,2021,"June","Thursday","06:30 am",110,"Sealed","Wet","Raining","Night","Rear End",1,,,1334345.96,1699228.09
"2021-17608-19/09/2025","DIREK","CITY OF SALISBURY",2,2,0,0,2,2021,"June","Thursday","07:10 am",90,"Sealed","Dry","Not Raining","Night","Right Turn",2,,,1329120.97,1693448.18
"2021-17609-19/09/2025","ABERFOYLE PARK","CITY OF ONKAPARINGA",2,1,0,1,0,2021,"June","Thursday","08:40 am",60,"Sealed","Wet","Not Raining","Daylight","Rear End",2,,,1327278.66,1655391.42
"2021-17610-19/09/2025","KEITH","DC TATIARA.",2,1,0,0,1,2021,"June","Thursday","07:00 am",60,"Sealed","Wet","Not Raining","Night","Rear End",1,,"Y",1482106.38,1534180.94
"2021-17615-19/09/2025","STRATHALBYN","ALEXANDRINA COUNCIL",2,2,1,1,0,2021,"June","Thursday","06:00 am",50,"Sealed","Dry","Not Raining","Night","Hit Fixed Object",1,,"Y",1354121.56,1632800.3
"2021-17623-19/09/2025","UNLEY","CITY OF UNLEY",2,1,0,0,1,2021,"May","Thursday","03:20 pm",60,"Sealed","Dry","Not Raining","Daylight","Right Turn",2,,,1329084.57,1667940.31
"2021-17632-19/09/2025","NOARLUNGA CENTRE","CITY OF ONKAPARINGA",2,1,0,0,1,2021,"June","Thursday","03:31 pm",60,"Sealed","Wet","Raining","Daylight","Right Turn",1,,,1317769.78,1647443.26
"2021-17633-19/09/2025","DRY CREEK","CITY OF PORT ADELAIDE ENFIELD",3,1,0,0,1,2021,"June","Thursday","03:54 pm",80,"Sealed","Wet","Raining","Daylight","Hit Fixed Object",1,,,1325377.65,1681294.55
"2021-17644-19/09/2025","UNDERDALE","CITY OF WEST TORRENS",2,1,0,0,1,2021,"June","Thursday","04:20 pm",60,"Sealed","Wet","Not Raining","Daylight","Right Angle",1,,,1324328.3,1670954.65
"2021-17645-19/09/2025","NORWOOD","CC OF NORWOOD,PAYNEHAM & ST PETERS",2,1,0,0,1,2021,"June","Thursday","04:47 pm",60,"Sealed","Wet","Not Raining","Daylight","Hit Pedestrian",2,,,1330660.31,1671036.76
"2021-17647-19/09/2025","BROADVIEW","CITY OF PORT ADELAIDE ENFIELD",3,3,0,0,3,2021,"June","Thursday","05:40 pm",60,"Sealed","Wet","Not Raining","Night","Right Turn",1,,,1330251.19,1676477.94
"2021-17654-19/09/2025","CAMPBELLTOWN","CC CAMPBELLTOWN.",2,1,0,0,1,2021,"June","Thursday","05:30 pm",60,"Sealed","Wet","Raining","Night","Right Angle",2,,,1334413.26,1675617.42
"2021-17655-19/09/2025","SEMAPHORE","CITY OF PORT ADELAIDE ENFIELD",2,1,0,0,1,2021,"June","Thursday","07:54 pm",50,"Sealed","Wet","Raining","Night","Right Angle",1,,,1318652.66,1680524.65
"2021-17656-19/09/2025","DOVER GARDENS","CC MARION.",2,1,0,0,1,2021,"June","Thursday","08:02 pm",60,"Sealed","Wet","Raining","Night","Hit Pedestrian",1,,,1322777.22,1660601.37
"2021-17657-19/09/2025","FORESTVILLE","CITY OF UNLEY",2,1,0,0,1,2021,"June","Thursday","07:58 pm",60,"Sealed","Wet","Raining","Night","Right Turn",2,,,1326320.33,1668149.85
"2021-17659-19/09/2025","MOUNT GAMBIER","CC MT.GAMBIER.",2,1,0,0,1,2021,"June","Thursday","08:20 pm",50,"Sealed","Wet","Raining","Night","Right Turn",1,,,1510634.56,1339951.5
"2021-17660-19/09/2025","PROSPECT","CITY OF PROSPECT",2,1,0,0,1,2021,"June","Thursday","08:35 pm",60,"Sealed","Wet","Raining","Night","Hit Pedestrian",1,,,1328873.8,1676077.29
"2021-17665-19/09/2025","NETLEY","CITY OF WEST TORRENS",2,2,0,0,2,2021,"June","Friday","06:30 am",60,"Sealed","Wet","Raining","Night","Right Turn",2,,,1324175.25,1668909.78
"2021-17670-19/09/2025","KANGARILLA","CITY OF ONKAPARINGA",2,1,0,0,1,2021,"June","Thursday","08:45 pm",80,"Sealed","Wet","Raining","Night","Rear End",2,,,1334826.51,1644590.54
"2021-17671-19/09/2025","NORTON SUMMIT","THE ADELAIDE HILLS COUNCIL",2,1,0,0,1,2021,"June","Thursday","11:30 am",80,"Sealed","Dry","Not Raining","Daylight","Rear End",2,,,1340484.59,1669901.53
"2021-17676-19/09/2025","KINGSWOOD","CC MITCHAM.",2,1,0,0,1,2021,"June","Friday","09:50 am",50,"Sealed","Wet","Not Raining","Daylight","Right Angle",2,,,1329340.65,1665960.56
"2021-17680-19/09/2025","KENSINGTON PARK","CITY OF BURNSIDE",2,1,0,0,1,2021,"June","Thursday","06:00 pm",60,"Sealed","Wet","Raining","Night","Rear End",1,,,1333874.52,1671267.4
"2021-17689-19/09/2025","ROSTREVOR","CC CAMPBELLTOWN.",2,1,0,0,1,2021,"June","Friday","12:15 pm",60,"Sealed","Dry","Not Raining","Daylight","Right Angle",1,,,1335420.63,1674141.02
"2021-17694-19/09/2025","ROSEWATER","CITY OF PORT ADELAIDE ENFIELD",2,1,0,0,1,2021,"June","Friday","01:10 pm",60,"Sealed","Dry","Not Raining","Daylight","Rear End",1,,,1321972.51,1679107.34
"2021-17713-19/09/2025","ADELAIDE","CITY OF ADELAIDE",2,1,0,0,1,2021,"June","Saturday","12:18 am",50,"Sealed","Dry","Not Raining","Night","Hit Pedestrian",1,,,1327859.83,1670803.63
"2021-17714-19/09/2025","ELIZABETH GROVE","CITY OF PLAYFORD.",2,1,0,0,1,2021,"June","Friday","10:15 pm",50,"Sealed","Dry","Not Raining","Night","Hit Parked Vehicle",2,,,1335721.12,1690949.36
"2021-17719-19/09/2025","GAWLER","CT GAWLER.",2,1,0,0,1,2021,"June","Saturday","08:40 am",50,"Sealed","Dry","Not Raining","Daylight","Side Swipe",2,,,1342571.11,1706522.54
"2021-17723-19/09/2025","HACKHAM WEST","CITY OF ONKAPARINGA",2,1,0,0,1,2021,"June","Saturday","11:02 am",60,"Sealed","Dry","Not Raining","Daylight","Rear End",2,,,1319241.13,1647488.03
"2021-17724-19/09/2025","VERDUN","THE ADELAIDE HILLS COUNCIL",2,1,0,0,1,2021,"June","Friday","04:20 pm",60,"Sealed","Wet","Raining","Daylight","Rear End",2,,,1345081.73,1660095.56
"2021-17728-19/09/2025","PORT NEILL","DC TUMBY BAY.",2,1,0,0,1,2021,"June","Saturday","08:30 am",110,"Sealed","Wet","Not Raining","Daylight","Hit Fixed Object",1,,,1114996.62,1758960.36
"2021-17732-19/09/2025","WINDSOR GARDENS","CITY OF PORT ADELAIDE ENFIELD",2,1,0,0,1,2021,"June","Saturday","11:30 am",60,"Sealed","Dry","Not Raining","Daylight","Side Swipe",1,,,1333010.83,1677390.27
"2021-17734-19/09/2025","SALISBURY EAST","CITY OF SALISBURY",3,1,0,0,1,2021,"June","Saturday","02:11 pm",60,"Sealed","Dry","Not Raining","Daylight","Side Swipe",1,,,1335641.47,1686469.85
"2021-17735-19/09/2025","WARRADALE","CC MARION.",2,1,0,0,1,2021,"June","Saturday","03:02 pm",60,"Sealed","Dry","Not Raining","Daylight","Right Angle",2,,,1322187.03,1662480.23
"2021-17736-19/09/2025","VICTOR HARBOR","DC VICTOR HARBOR.",2,1,0,0,1,2021,"June","Saturday","02:30 pm",60,"Sealed","Wet","Not Raining","Daylight","Hit Pedestrian",2,,,1328086.29,1601415.55
"2021-17738-19/09/2025","ALDINGA","CITY OF ONKAPARINGA",3,1,0,0,1,2021,"June","Saturday","05:23 pm",80,"Sealed","Dry","Not Raining","Night","Rear End",1,,,1316552.26,1635807.15
"2021-17741-19/09/2025","INGLE FARM","CITY OF SALISBURY",4,2,0,0,2,2021,"June","Saturday","06:05 pm",60,"Sealed","Wet","Raining","Night","Rear End",1,,,1332103.12,1681758.59
"2021-17743-19/09/2025","KILBURN","CITY OF PORT ADELAIDE ENFIELD",2,3,0,0,3,2021,"June","Saturday","07:05 pm",50,"Sealed","Wet","Not Raining","Night","Hit Parked Vehicle",1,,,1327627.74,1678225.26
"2021-17744-19/09/2025","PROSPECT","CITY OF PROSPECT",2,1,0,0,1,2021,"June","Saturday","08:19 pm",60,"Sealed","Wet","Not Raining","Night","Hit Pedestrian",1,,,1328873.3,1676432.66
"2021-17748-19/09/2025","MURRAY BRIDGE EAST","RC MURRAY BRIDGE.",2,1,0,0,1,2021,"June","Saturday","11:50 pm",50,"Sealed","Wet","Not Raining","Night","Hit Fixed Object",1,"Y",,1391206.13,1647721.45
"2021-17749-19/09/2025","MYLOR","THE ADELAIDE HILLS COUNCIL",2,1,0,0,1,2021,"June","Saturday","12:45 pm",80,"Sealed","Wet","Raining","Daylight","Hit Fixed Object",1,,,1341856.63,1657779.76
"2021-17751-19/09/2025","BEDFORD PARK","CC MITCHAM.",2,3,0,0,3,2021,"June","Sunday","09:00 am",70,"Sealed","Dry","Not Raining","Daylight","Right Angle",2,,,1325178.03,1660402.84
"2021-17755-19/09/2025","WILLUNGA","CITY OF ONKAPARINGA",2,1,0,1,0,2021,"June","Sunday","10:40 am",100,"Sealed","Wet","Raining","Daylight","Hit Fixed Object",1,,,1324518.84,1631008.93
"2021-17758-19/09/2025","DUNCAN","KANGAROO ISLAND COUNCIL",1,2,1,1,0,2021,"June","Sunday","12:00 am",110,"Sealed","Dry","Not Raining","Night","Roll Over",1,,,1197084.98,1578798.21
"2021-17761-19/09/2025","HAY FLAT","DC YANKALILLA.",2,1,0,0,1,2021,"June","Saturday","12:00 pm",80,"Unsealed","Wet","Raining","Daylight","Hit Fixed Object",1,,,1302674.86,1606925.55
"2021-17762-19/09/2025","MUNNO PARA","CITY OF PLAYFORD.",2,1,0,0,1,2021,"June","Sunday","12:50 pm",60,"Sealed","Dry","Not Raining","Daylight","Rear End",2,,,1336657.2,1698570.87
"2021-17764-19/09/2025","FINDON","CITY OF CHARLES STURT",2,1,0,0,1,2021,"June","Sunday","12:55 pm",60,"Sealed","Dry","Not Raining","Daylight","Hit Pedestrian",1,,,1322416.58,1673244.14
"2021-17765-19/09/2025","VIRGINIA","CITY OF PLAYFORD.",4,1,0,0,1,2021,"June","Sunday","01:10 pm",110,"Sealed","Dry","Not Raining","Daylight","Hit Fixed Object",1,,,1328099.67,1696524.09
"2021-17766-19/09/2025","ETADUNNA",,1,1,0,1,0,2021,"June","Thursday","11:00 am",100,"Unsealed","Dry","Not Raining","Daylight","Roll Over",1,,,1341826.36,2342187.37
"2021-17767-19/09/2025","VALLEY VIEW","CITY OF PORT ADELAIDE ENFIELD",2,1,0,0,1,2021,"June","Sunday","03:10 pm",60,"Sealed","Dry","Not Raining","Daylight","Right Turn",2,,,1334550.17,1679386.94
"2021-17768-19/09/2025","FLAXLEY","DC MT.BARKER.",2,2,0,0,2,2021,"June","Sunday","02:45 pm",80,"Sealed","Dry","Not Raining","Daylight","Hit Fixed Object",1,,,1348669.47,1647737.05
"2021-17770-19/09/2025","ROSE PARK","CITY OF BURNSIDE",2,1,0,0,1,2021,"June","Sunday","04:20 pm",60,"Sealed","Dry","Not Raining","Daylight","Right Turn",1,,,1330659.98,1669865.61
"2021-17772-19/09/2025","CLARE","CLARE AND GILBERT VALLEYS DISTRICT COUNCIL",1,1,0,0,1,2021,"June","Sunday","04:06 pm",50,"Sealed","Dry","Not Raining","Daylight","Roll Over",1,,,1334119.49,1791319.84
"2021-17773-19/09/2025","GEPPS CROSS","CITY OF PORT ADELAIDE ENFIELD",2,1,0,1,0,2021,"June","Sunday","04:50 pm",70,"Sealed","Dry","Not Raining","Daylight","Hit Fixed Object",1,,,1329435.85,1680216.96
"2021-17774-19/09/2025","MOUNT GAMBIER","CC MT.GAMBIER.",1,1,0,0,1,2021,"June","Sunday","05:10 pm",60,"Sealed","Dry","Not Raining","Daylight","Other",1,,,1509805.52,1340997.45
"2021-17775-19/09/2025","OAKLANDS PARK","CC MARION.",2,1,0,0,1,2021,"June","Sunday","03:35 pm",60,"Sealed","Dry","Not Raining","Daylight","Hit Pedestrian",1,,,1323063.16,1661158.65
"2021-17778-19/09/2025","PORT WILLUNGA","CITY OF ONKAPARINGA",3,2,0,0,2,2021,"June","Sunday","03:50 pm",50,"Sealed","Dry","Not Raining","Daylight","Hit Parked Vehicle",1,"Y",,1314308.61,1633558.83
"2021-17780-19/09/2025","SOLOMONTOWN","PT.PIRIE CITY & DIST. COUNCIL",1,1,0,1,0,2021,"June","Sunday","04:48 pm",50,"Unsealed","Dry","Not Raining","Daylight","Roll Over",1,,"Y",1281455.66,1864266.67
"2021-17781-19/09/2025","CHAIN OF PONDS","THE ADELAIDE HILLS COUNCIL",3,1,0,0,1,2021,"June","Sunday","06:50 pm",80,"Sealed","Wet","Not Raining","Night","Hit Fixed Object",1,,"Y",1351293.64,1681120.7
"2021-17783-19/09/2025","SEAFORD MEADOWS","CITY OF ONKAPARINGA",2,1,0,1,0,2021,"June","Monday","06:39 am",70,"Sealed","Dry","Not Raining","Night","Hit Pedestrian",1,,,1316341.55,1642778.25
"2021-17784-19/09/2025","BROOKLYN PARK","CITY OF WEST TORRENS",2,1,0,0,1,2021,"June","Monday","06:50 am",60,"Sealed","Dry","Not Raining","Night","Right Angle",1,,,1323280.39,1670502.25
"2021-17785-19/09/2025","PAYNEHAM","CC OF NORWOOD,PAYNEHAM & ST PETERS",2,1,0,0,1,2021,"June","Monday","08:15 am",60,"Sealed","Dry","Not Raining","Daylight","Right Turn",2,,,1332187.17,1673376.47
"2021-17786-19/09/2025","ROYAL PARK","CITY OF CHARLES STURT",2,1,0,0,1,2021,"June","Monday","06:15 am",60,"Sealed","Dry","Not Raining","Night","Right Angle",1,,,1320701.07,1676158.29
"2021-17788-19/09/2025","MANNINGHAM","CITY OF PORT ADELAIDE ENFIELD",2,1,0,0,1,2021,"June","Monday","07:10 am",60,"Sealed","Dry","Not Raining","Night","Side Swipe",1,,,1330590.69,1675396.37
"2021-17789-19/09/2025","ATHELSTONE","CC CAMPBELLTOWN.",2,1,0,0,1,2021,"June","Monday","08:50 am",60,"Sealed","Dry","Not Raining","Daylight","Right Angle",2,,,1337332.28,1674747.2
"2021-17792-19/09/2025","TORRENSVILLE","CITY OF WEST TORRENS",3,1,0,0,1,2021,"June","Monday","09:07 am",60,"Sealed","Dry","Not Raining","Daylight","Side Swipe",1,,,1325436.2,1672006.42
"2021-17800-19/09/2025","VIRGINIA","CITY OF PLAYFORD.",2,1,0,0,1,2021,"June","Monday","12:10 pm",110,"Sealed","Dry","Not Raining","Daylight","Right Angle",1,,,1324127.47,1701207.09
"2021-17804-19/09/2025","SALISBURY PLAIN","CITY OF SALISBURY",2,1,0,0,1,2021,"June","Monday","07:44 am",60,"Sealed","Dry","Not Raining","Daylight","Rear End",2,,,1335448.86,1688120.42
"2021-17809-19/09/2025","THORNGATE","CITY OF PROSPECT",2,2,0,0,2,2021,"June","Monday","03:59 pm",60,"Sealed","Dry","Not Raining","Daylight","Right Turn",1,,,1328127.05,1673664.08
"2021-17810-19/09/2025","KURRALTA PARK","CITY OF WEST TORRENS",2,1,0,0,1,2021,"June","Monday","08:00 am",60,"Sealed","Dry","Not Raining","Daylight","Right Angle",2,,,1325813.8,1668335
"2021-17812-19/09/2025","BALD HILLS","DC YANKALILLA.",3,1,0,0,1,2021,"June","Monday","03:15 pm",100,"Sealed","Dry","Not Raining","Daylight","Hit Fixed Object",1,"Y",,1308965.89,1607421.28
"2021-17814-19/09/2025","CALTOWIE NORTH","NORTHERN AREAS DISTRICT COUNCIL",2,1,0,0,1,2021,"June","Monday","08:50 am",100,"Unsealed","Dry","Not Raining","Daylight","Hit Fixed Object",1,,,1324888.38,1868440.62
"2021-17824-19/09/2025","REYNELLA","CITY OF ONKAPARINGA",2,1,0,1,0,2021,"June","Monday","05:20 pm",60,"Sealed","Dry","Not Raining","Night","Right Turn",2,,,1321549.3,1651438.46
"2021-17827-19/09/2025","BURTON","CITY OF SALISBURY",2,1,0,0,1,2021,"June","Monday","08:03 pm",60,"Sealed","Dry","Not Raining","Night","Rear End",2,,,1329853.26,1690440.01
"2021-17828-19/09/2025","CHRISTIES BEACH","CITY OF ONKAPARINGA",2,1,0,1,0,2021,"June","Monday","08:05 pm",50,"Sealed","Dry","Not Raining","Night","Hit Parked Vehicle",1,"Y","Y",1316718.29,1647644.01
"2021-17831-19/09/2025","RIVERTON","CLARE AND GILBERT VALLEYS DISTRICT COUNCIL",2,1,0,1,0,2021,"June","Monday","09:55 pm",100,"Sealed","Dry","Not Raining","Night","Hit Fixed Object",1,,,1340624.54,1753903.04
"2021-17834-19/09/2025","POORAKA","CITY OF SALISBURY",2,1,0,0,1,2021,"June","Tuesday","08:15 am",80,"Sealed","Dry","Not Raining","Daylight","Right Angle",2,,,1331536.65,1683142.51
"2021-17835-19/09/2025","MONTACUTE","THE ADELAIDE HILLS COUNCIL",2,1,0,0,1,2021,"June","Monday","01:30 pm",80,"Sealed","Dry","Not Raining","Daylight","Right Turn",2,,,1342645.22,1674909.38