"REPORT_ID","Suburb","LGA Name","Total Units","Total Cas","Total Fats","Total SI","Total MI","Year","Month","Day","Time","Area Speed","Road Surface","Moisture Cond","Weather Cond","DayNight","Crash Type","Unit Resp","DUI Involved","Drugs Involved","ACCLOC_X","ACCLOC_Y"
"2021-17838-19/09/2025","THEBARTON","CITY OF WEST TORRENS",2,1,0,1,0,2021,"June","Tuesday","09:37 am",60,"Sealed","Dry","Not Raining","Daylight","Hit Pedestrian",1,,,1326578.58,1671690.95
"2021-17845-19/09/2025","CROYDON","CITY OF CHARLES STURT",1,1,0,0,1,2021,"June","Monday","07:50 am",40,"Sealed","Dry","Not Raining","Daylight","Roll Over",1,,,1325391.94,1673929.07
"2021-17853-19/09/2025","GOLDEN GROVE","CITY OF TEA TREE GULLY",2,1,0,0,1,2021,"June","Tuesday","04:05 pm",60,"Sealed","Wet","Not Raining","Daylight","Right Angle",2,,,1339692.13,1685785.8
"2021-17856-19/09/2025","MORPHETT VALE","CITY OF ONKAPARINGA",5,2,0,0,2,2021,"June","Tuesday","06:05 pm",60,"Sealed","Dry","Not Raining","Night","Rear End",2,,,1320414.56,1648682.08
"2021-17857-19/09/2025","BARMERA","THE BERRI BARMERA COUNCIL",1,1,0,0,1,2021,"June","Tuesday","04:10 pm",110,"Sealed","Dry","Not Raining","Daylight","Roll Over",1,,,1506316.67,1739517.87
"2021-17858-19/09/2025","DUDLEY PARK","CITY OF PORT ADELAIDE ENFIELD",2,1,0,0,1,2021,"June","Tuesday","04:53 pm",50,"Sealed","Wet","Unknown","Daylight","Hit Fixed Object",1,,,1326837.43,1676050.58
"2021-17859-19/09/2025","TAILEM BEND","COORONG DISTRICT COUNCIL",1,1,0,1,0,2021,"June","Tuesday","04:30 pm",100,"Sealed","Dry","Not Raining","Daylight","Roll Over",1,,,1405247.9,1638024.14
"2021-17860-19/09/2025","ELIZABETH PARK","CITY OF PLAYFORD.",2,1,0,0,1,2021,"June","Tuesday","06:20 pm",50,"Sealed","Wet","Not Raining","Night","Hit Parked Vehicle",1,,"Y",1336517.14,1694219.09
"2021-17864-19/09/2025","FULHAM","CITY OF WEST TORRENS",4,1,0,0,1,2021,"June","Tuesday","04:50 pm",60,"Sealed","Dry","Not Raining","Daylight","Rear End",1,,,1320981.07,1670844.76
"2021-17867-19/09/2025","PENFIELD","CITY OF PLAYFORD.",2,1,0,0,1,2021,"June","Tuesday","05:50 pm",80,"Sealed","Dry","Not Raining","Night","Rear End",2,,,1331401.54,1697660.52
"2021-17868-19/09/2025","MAWSON LAKES","CITY OF SALISBURY",2,1,0,0,1,2021,"March","Thursday","08:35 am",70,"Sealed","Dry","Not Raining","Daylight","Rear End",2,,,1329523.92,1684398.16
"2021-17871-19/09/2025","STURT","CC MARION.",3,2,0,0,2,2021,"June","Wednesday","11:05 am",60,"Sealed","Dry","Not Raining","Daylight","Rear End",2,,,1323725.24,1660650.06
"2021-17874-19/09/2025","MITCHELL PARK","CC MARION.",3,1,0,1,0,2021,"June","Wednesday","12:30 pm",60,"Sealed","Dry","Not Raining","Daylight","Rear End",1,,,1324351.02,1662703.76
"2021-17879-19/09/2025","SEATON","CITY OF CHARLES STURT",2,1,0,0,1,2021,"June","Wednesday","09:30 am",60,"Sealed","Wet","Not Raining","Daylight","Rear End",1,,,1319956.69,1673059.61
"2021-17880-19/09/2025","SAMPSON FLAT","CITY OF PLAYFORD.",3,1,0,0,1,2021,"June","Wednesday","03:30 pm",80,"Sealed","Dry","Not Raining","Daylight","Hit Fixed Object",1,,,1344549.32,1688989.22
"2021-17884-19/09/2025","COLLINSWOOD","CITY OF PROSPECT",2,1,0,0,1,2021,"June","Wednesday","04:25 pm",60,"Sealed","Dry","Not Raining","Daylight","Rear End",1,,,1330008.07,1674796.97
"2021-17885-19/09/2025","SALISBURY DOWNS","CITY OF SALISBURY",2,1,0,1,0,2021,"June","Wednesday","04:47 pm",50,"Sealed","Dry","Not Raining","Daylight","Roll Over",1,,"Y",1330974.81,1687700.97
"2021-17887-19/09/2025","SALISBURY EAST","CITY OF SALISBURY",2,2,0,0,2,2021,"June","Wednesday","05:45 pm",80,"Sealed","Dry","Not Raining","Night","Right Turn",2,,,1336487.28,1687416.1
"2021-17889-19/09/2025","PARAFIELD GARDENS","CITY OF SALISBURY",2,1,0,1,0,2021,"June","Wednesday","07:07 pm",60,"Sealed","Dry","Not Raining","Night","Right Angle",1,,,1330516.88,1685635.1
"2021-17897-19/09/2025","MARDEN","CC OF NORWOOD,PAYNEHAM & ST PETERS",2,2,0,0,2,2021,"June","Thursday","07:09 am",60,"Sealed","Wet","Raining","Night","Right Angle",1,,,1331719.87,1674250.47
"2021-17900-19/09/2025","INGLE FARM","CITY OF SALISBURY",3,2,0,0,2,2021,"June","Thursday","08:10 am",60,"Sealed","Wet","Raining","Daylight","Rear End",1,,,1333593.54,1681228.03
"2021-17901-19/09/2025","NEWTON","CC CAMPBELLTOWN.",3,1,0,0,1,2021,"June","Thursday","07:35 am",60,"Sealed","Wet","Raining","Daylight","Right Turn",2,,,1335409,1674565.16
"2021-17902-19/09/2025","MOUNT GAMBIER","CC MT.GAMBIER.",3,1,0,0,1,2021,"June","Thursday","08:35 am",60,"Sealed","Dry","Not Raining","Daylight","Rear End",1,,,1511378.2,1338803.28
"2021-17908-19/09/2025","MODBURY HEIGHTS","CITY OF TEA TREE GULLY",2,1,0,0,1,2021,"June","Wednesday","12:00 pm",60,"Sealed","Dry","Not Raining","Daylight","Right Angle",2,,,1336788.38,1683536.95
"2021-17909-19/09/2025","CAMPBELLTOWN","CC CAMPBELLTOWN.",2,1,0,0,1,2021,"June","Thursday","07:50 am",60,"Sealed","Wet","Raining","Daylight","Rear End",2,,,1334135.21,1675147.35
"2021-17911-19/09/2025","GAWLER SOUTH","CT GAWLER.",2,1,0,0,1,2021,"June","Thursday","12:55 pm",50,"Sealed","Wet","Raining","Daylight","Right Angle",2,,,1342781.13,1705387.44
"2021-17913-19/09/2025","SEMAPHORE SOUTH","CITY OF PORT ADELAIDE ENFIELD",2,2,0,0,2,2021,"June","Thursday","12:35 pm",50,"Sealed","Dry","Not Raining","Daylight","Right Angle",1,,,1318461.58,1679922.32
"2021-17919-19/09/2025","TROTT PARK","CC MARION.",2,1,0,0,1,2021,"June","Thursday","10:30 am",80,"Sealed","Wet","Unknown","Daylight","Rear End",2,,,1322112.85,1656461.34
"2021-17920-19/09/2025","ATHOL PARK","CITY OF CHARLES STURT",2,1,0,0,1,2021,"June","Tuesday","04:20 pm",60,"Sealed","Dry","Not Raining","Daylight","Right Turn",2,,,1323910.28,1678952.31
"2021-17932-19/09/2025","EDWARDSTOWN","CC MARION.",3,1,0,0,1,2021,"June","Thursday","05:14 pm",50,"Sealed","Wet","Not Raining","Night","Right Angle",2,,,1325475.07,1665839.52
"2021-17933-19/09/2025","GLENALTA","CC MITCHAM.",2,1,0,1,0,2021,"June","Thursday","05:50 pm",50,"Sealed","Wet","Raining","Night","Hit Pedestrian",2,,,1330799.8,1660515.91
"2021-17934-19/09/2025","NOARLUNGA CENTRE","CITY OF ONKAPARINGA",2,3,0,0,3,2021,"June","Thursday","05:40 pm",60,"Sealed","Wet","Raining","Night","Rear End",1,,,1319094.8,1647483.87
"2021-17937-19/09/2025","PENNINGTON","CITY OF CHARLES STURT",1,1,0,1,0,2021,"June","Thursday","08:10 pm",50,"Sealed","Wet","Raining","Night","Roll Over",1,,,1322885.76,1678149.31
"2021-17938-19/09/2025","LYNDOCH","THE BAROSSA COUNCIL.",3,1,0,0,1,2021,"June","Thursday","08:20 pm",50,"Sealed","Wet","Raining","Night","Hit Fixed Object",1,"Y",,1355902.73,1705713.89
"2021-17940-19/09/2025","MORPHETT VALE","CITY OF ONKAPARINGA",2,1,0,0,1,2021,"June","Thursday","06:13 pm",60,"Sealed","Wet","Not Raining","Night","Right Turn",2,,,1321098.73,1651033.35
"2021-17941-19/09/2025","NORTH SHIELDS","DC LOWER EYRE PENINSULA",1,1,0,0,1,2021,"June","Thursday","10:18 pm",80,"Sealed","Wet","Raining","Night","Left Road - Out of Control",1,,,1079299.75,1709230.46
"2021-17944-19/09/2025","LOXTON NORTH","LOXTON WAIKERIE DISTRICT COUNCIL",2,1,0,1,0,2021,"June","Friday","06:10 am",110,"Sealed","Dry","Not Raining","Night","Hit Fixed Object",1,,,1513611.49,1719961.49
"2021-17948-19/09/2025","KENSINGTON GARDENS","CITY OF BURNSIDE",2,1,0,0,1,2021,"June","Friday","08:22 am",60,"Sealed","Wet","Raining","Daylight","Right Angle",2,,,1334525.49,1670478.53
"2021-17949-19/09/2025","SALISBURY DOWNS","CITY OF SALISBURY",3,1,0,0,1,2021,"June","Thursday","02:15 pm",60,"Sealed","Dry","Not Raining","Daylight","Rear End",1,,,1331442.92,1686831.6
"2021-17950-19/09/2025","MITCHELL PARK","CC MARION.",2,2,0,2,0,2021,"June","Friday","08:32 am",50,"Sealed","Wet","Not Raining","Daylight","Head On",2,,,1325092.15,1661448.31
"2021-17951-19/09/2025","INGLE FARM","CITY OF SALISBURY",2,1,0,0,1,2021,"June","Friday","08:50 am",70,"Unsealed","Wet","Not Raining","Daylight","Right Angle",2,,,1332599.08,1681609.28
"2021-17954-19/09/2025","NORWOOD","CC OF NORWOOD,PAYNEHAM & ST PETERS",2,1,0,0,1,2021,"June","Friday","09:00 am",50,"Sealed","Wet","Not Raining","Daylight","Right Angle",1,,,1331020.19,1671390.92
"2021-17957-19/09/2025","NORTH ADELAIDE","CITY OF ADELAIDE",3,1,0,0,1,2021,"June","Friday","09:47 am",50,"Sealed","Wet","Not Raining","Daylight","Right Turn",1,,,1328188.98,1672874.48
"2021-17958-19/09/2025","MURRAY BRIDGE","RC MURRAY BRIDGE.",2,1,0,0,1,2021,"June","Friday","10:20 am",50,"Sealed","Dry","Not Raining","Daylight","Right Angle",2,,"Y",1389008.59,1645717.19
"2021-17964-19/09/2025","VISTA","CITY OF TEA TREE GULLY",2,2,0,0,2,2021,"June","Friday","12:35 pm",80,"Sealed","Wet","Not Raining","Daylight","Hit Fixed Object",1,,,1340745.83,1679966.2
"2021-17965-19/09/2025","HENLEY BEACH SOUTH","CITY OF CHARLES STURT",2,1,0,0,1,2021,"June","Friday","01:15 pm",50,"Sealed","Dry","Not Raining","Daylight","Right Turn",1,,,1319088.71,1670656.79
"2021-17979-19/09/2025","PAYNEHAM","CC OF NORWOOD,PAYNEHAM & ST PETERS",3,1,0,0,1,2021,"June","Friday","06:15 pm",60,"Sealed","Wet","Raining","Night","Right Turn",1,,,1332162.99,1673774.81
"2021-17980-19/09/2025","KIDMAN PARK","CITY OF CHARLES STURT",2,1,0,0,1,2021,"June","Friday","06:30 pm",60,"Sealed","Wet","Raining","Night","Right Turn",2,,,1322419.52,1673125.07
"2021-17981-19/09/2025","EDINBURGH NORTH","CITY OF PLAYFORD.",2,1,0,0,1,2021,"June","Friday","04:50 pm",60,"Sealed","Wet","Not Raining","Daylight","Right Angle",2,,,1335231.45,1695330.11
"2021-17983-19/09/2025","ELIZABETH EAST","CITY OF PLAYFORD.",2,1,0,0,1,2021,"June","Friday","04:00 pm",40,"Sealed","Wet","Not Raining","Daylight","Side Swipe",2,,,1336410.85,1692265.59
"2021-17987-19/09/2025","SMITHFIELD PLAINS","CITY OF PLAYFORD.",2,1,0,0,1,2021,"June","Saturday","01:10 am",60,"Sealed","Wet","Raining","Night","Hit Fixed Object",1,,"Y",1336418.44,1698062.73
"2021-17988-19/09/2025","CAMDEN PARK","CITY OF WEST TORRENS",2,1,0,0,1,2021,"June","Saturday","02:55 am",60,"Sealed","Wet","Not Raining","Night","Hit Fixed Object",1,,,1322615.66,1666104.64
"2021-17990-19/09/2025","SOUTH PLYMPTON","CC MARION.",2,1,0,0,1,2021,"June","Friday","09:20 am",60,"Sealed","Wet","Not Raining","Daylight","Rear End",2,,,1324270.97,1665104.26
"2021-17995-19/09/2025","ELIZABETH EAST","CITY OF PLAYFORD.",2,1,0,0,1,2021,"June","Saturday","11:07 am",80,"Sealed","Dry","Not Raining","Daylight","Right Turn",1,,,1336146.35,1691544.42
"2021-17999-19/09/2025","BLACK SPRINGS","CLARE AND GILBERT VALLEYS DISTRICT COUNCIL",2,3,0,0,3,2021,"June","Saturday","11:00 am",110,"Sealed","Dry","Not Raining","Daylight","Right Angle",2,,,1357348.77,1784095.46
"2021-18007-19/09/2025","HACKHAM WEST","CITY OF ONKAPARINGA",2,1,0,1,0,2021,"May","Thursday","02:44 pm",50,"Sealed","Dry","Not Raining","Daylight","Right Angle",2,,,1320232.67,1647009.39
"2021-18014-19/09/2025","CYGNET RIVER","KANGAROO ISLAND COUNCIL",2,1,0,1,0,2021,"June","Friday","10:50 pm",100,"Sealed","Wet","Not Raining","Night","Hit Fixed Object",1,"Y","Y",1229146.96,1588598.14
"2021-18015-19/09/2025","COOBER PEDY",,1,1,0,0,1,2021,"June","Saturday","12:08 pm",110,"Sealed","Dry","Not Raining","Daylight","Roll Over",1,,,995866.83,2307940.38
"2021-18018-19/09/2025","PENFIELD","CITY OF PLAYFORD.",2,1,0,0,1,2021,"June","Saturday","06:47 pm",80,"Sealed","Dry","Not Raining","Night","Rear End",2,,,1331830.77,1697271.06
"2021-18025-19/09/2025","WAIKERIE","LOXTON WAIKERIE DISTRICT COUNCIL",2,1,0,0,1,2021,"June","Saturday","09:05 pm",50,"Sealed","Dry","Not Raining","Night","Hit Fixed Object",1,"Y","Y",1458615.61,1748179.77
"2021-18028-19/09/2025","ADELAIDE","CITY OF ADELAIDE",2,1,0,0,1,2021,"June","Sunday","03:30 am",50,"Sealed","Wet","Not Raining","Night","Hit Pedestrian",1,,,1328176.74,1670971.66
"2021-18031-19/09/2025","OAKDEN","CITY OF PORT ADELAIDE ENFIELD",3,1,0,0,1,2021,"June","Sunday","08:30 am",50,"Sealed","Wet","Raining","Daylight","Hit Fixed Object",1,,,1332381.05,1678213.71
"2021-18035-19/09/2025","HACKNEY","CC OF NORWOOD,PAYNEHAM & ST PETERS",2,1,0,0,1,2021,"June","Saturday","12:20 pm",60,"Sealed","Dry","Not Raining","Daylight","Rear End",2,,,1329888.83,1671303.98
"2021-18043-19/09/2025","MACCLESFIELD","DC MT.BARKER.",2,1,0,0,1,2021,"June","Sunday","01:10 pm",80,"Sealed","Wet","Not Raining","Daylight","Hit Fixed Object",1,,,1351311.34,1641887.47
"2021-18045-19/09/2025","DRY CREEK","CITY OF PORT ADELAIDE ENFIELD",2,1,0,0,1,2021,"June","Sunday","03:44 pm",80,"Sealed","Dry","Not Raining","Daylight","Hit Fixed Object",1,,"Y",1325428.26,1681538.17
"2021-18046-19/09/2025","STREAKY BAY","DC STREAKY BAY.",2,2,0,0,2,2021,"June","Saturday","12:05 am",100,"Unsealed","Wet","Raining","Night","Hit Fixed Object",1,,,925993.02,1909084.31
"2021-18047-19/09/2025","WALKLEY HEIGHTS","CITY OF SALISBURY",2,1,0,0,1,2021,"June","Sunday","04:00 pm",60,"Sealed","Wet","Not Raining","Daylight","Rear End",1,,,1331258.29,1680682.96
"2021-18048-19/09/2025","RENOWN PARK","CITY OF CHARLES STURT",2,1,0,0,1,2021,"June","Sunday","06:55 pm",40,"Sealed","Dry","Not Raining","Night","Side Swipe",1,,,1327093.66,1673973.55
"2021-18050-19/09/2025","COONALPYN","COORONG DISTRICT COUNCIL",2,1,0,0,1,2021,"June","Sunday","08:20 pm",80,"Unsealed","Wet","Raining","Night","Hit Fixed Object",1,,,1435893.22,1587742.28
"2021-18053-19/09/2025","ADELAIDE","CITY OF ADELAIDE",2,1,0,0,1,2021,"June","Sunday","12:30 pm",50,"Sealed","Dry","Not Raining","Daylight","Right Turn",2,,,1329038.86,1670203.05
"2021-18054-19/09/2025","UPPER STURT","THE ADELAIDE HILLS COUNCIL",2,1,0,0,1,2021,"June","Sunday","02:00 pm",60,"Sealed","Wet","Raining","Daylight","Head On",2,,,1336545.31,1659587.56
"2021-18056-19/09/2025","WALKLEY HEIGHTS","CITY OF SALISBURY",2,2,0,0,2,2021,"June","Monday","08:20 am",60,"Sealed","Dry","Not Raining","Daylight","Hit Fixed Object",1,,,1332411.55,1680504.19
"2021-18059-19/09/2025","WILLUNGA","CITY OF ONKAPARINGA",2,1,0,0,1,2021,"June","Friday","06:00 pm",50,"Sealed","Wet","Raining","Night","Right Angle",2,,,1323062.89,1632488.5
"2021-18060-19/09/2025","MALVERN","CITY OF UNLEY",2,1,0,0,1,2021,"June","Monday","09:05 am",50,"Sealed","Dry","Not Raining","Daylight","Right Angle",1,,,1329522.89,1666780.2
"2021-18062-19/09/2025","KINGSCOTE","KANGAROO ISLAND COUNCIL",2,1,0,0,1,2021,"June","Monday","09:45 am",60,"Sealed","Dry","Not Raining","Daylight","Right Angle",2,,,1238768.82,1592575.44
"2021-18068-19/09/2025","PARA HILLS","CITY OF SALISBURY",2,1,0,0,1,2021,"June","Monday","11:35 am",60,"Sealed","Dry","Not Raining","Daylight","Right Angle",1,,,1334938.65,1682313.78
"2021-18071-19/09/2025","PORT AUGUSTA WEST","CC PT.AUGUSTA.",2,1,0,0,1,2021,"June","Sunday","08:20 pm",50,"Sealed","Dry","Not Raining","Night","Hit Pedestrian",2,,,1258596.17,1944151.8
"2021-18076-19/09/2025","MOUNT GAMBIER","CC MT.GAMBIER.",2,2,0,0,2,2021,"June","Monday","08:25 am",60,"Sealed","Dry","Not Raining","Daylight","Right Angle",1,,,1509598.27,1339140.53
"2021-18078-19/09/2025","LOWER LIGHT","DC MALLALA.",2,1,0,1,0,2021,"June","Monday","04:20 pm",110,"Sealed","Dry","Not Raining","Daylight","Roll Over",1,,"Y",1316214.49,1713438.64
"2021-18079-19/09/2025","OLD REYNELLA","CITY OF ONKAPARINGA",2,3,0,0,3,2021,"June","Monday","05:31 pm",60,"Sealed","Dry","Not Raining","Night","Right Turn",1,,,1321793.48,1651700.05
"2021-18080-19/09/2025","GLENELG","CITY OF HOLDFAST BAY",2,1,0,0,1,2021,"June","Monday","05:46 pm",50,"Sealed","Dry","Not Raining","Night","Side Swipe",1,,,1320306.89,1665104.94
"2021-18084-19/09/2025","TORRENSVILLE","CITY OF WEST TORRENS",2,1,0,1,0,2021,"June","Monday","05:44 pm",60,"Sealed","Dry","Not Raining","Night","Hit Pedestrian",2,,,1324370.03,1670955.6
"2021-18089-19/09/2025","WINDSOR GARDENS","CITY OF PORT ADELAIDE ENFIELD",2,1,0,0,1,2021,"June","Monday","10:55 pm",60,"Sealed","Dry","Not Raining","Night","Hit Fixed Object",1,,,1333568.84,1677882.74
"2021-18095-19/09/2025","NORTHGATE","CITY OF PORT ADELAIDE ENFIELD",2,1,0,0,1,2021,"June","Tuesday","08:15 am",50,"Sealed","Dry","Not Raining","Daylight","Hit Fixed Object",1,,,1331215.14,1678880.7
"2021-18098-19/09/2025","CHANDLERS HILL","CITY OF ONKAPARINGA",1,1,0,1,0,2021,"June","Tuesday","07:10 am",80,"Sealed","Wet","Not Raining","Night","Roll Over",1,,,1329706.97,1654369.42
"2021-18099-19/09/2025","WYNN VALE","CITY OF TEA TREE GULLY",2,1,0,0,1,2021,"June","Monday","05:52 pm",80,"Sealed","Dry","Not Raining","Night","Rear End",1,,,1335750.14,1683084.6
"2021-18100-19/09/2025","ST AGNES","CITY OF TEA TREE GULLY",2,2,0,0,2,2021,"June","Tuesday","12:05 pm",60,"Sealed","Dry","Not Raining","Daylight","Right Angle",1,,,1339724.44,1681901.93
"2021-18106-19/09/2025","OLD NOARLUNGA","CITY OF ONKAPARINGA",2,1,0,0,1,2021,"June","Monday","05:25 pm",60,"Sealed","Dry","Not Raining","Night","Rear End",2,,,1318321.87,1641691.06
"2021-18112-19/09/2025","MCLAREN FLAT","CITY OF ONKAPARINGA",2,1,0,0,1,2021,"June","Tuesday","03:14 pm",50,"Sealed","Dry","Not Raining","Daylight","Right Angle",1,,,1326912.29,1639856.19
"2021-18113-19/09/2025","PORT AUGUSTA","CC PT.AUGUSTA.",3,1,0,0,1,2021,"June","Tuesday","01:00 pm",60,"Sealed","Dry","Not Raining","Daylight","Hit Parked Vehicle",1,,,1260991.12,1943178.24
"2021-18120-19/09/2025","SALISBURY","CITY OF SALISBURY",3,1,0,0,1,2021,"June","Tuesday","04:35 pm",60,"Sealed","Dry","Not Raining","Daylight","Rear End",1,,,1332757.45,1688480.61
"2021-18124-19/09/2025","WEST RICHMOND","CITY OF WEST TORRENS",2,1,0,0,1,2021,"June","Tuesday","06:15 pm",60,"Sealed","Dry","Not Raining","Night","Right Turn",2,,,1324149.55,1669572.24
"2021-18130-19/09/2025","MODBURY NORTH","CITY OF TEA TREE GULLY",2,2,0,0,2,2021,"June","Tuesday","08:30 pm",80,"Sealed","Dry","Not Raining","Night","Right Turn",2,,,1336150.87,1681195.09
"2021-18132-19/09/2025","MOUNT GAMBIER","CC MT.GAMBIER.",2,1,0,1,0,2021,"June","Monday","03:19 pm",50,"Sealed","Dry","Not Raining","Daylight","Right Angle",2,,,1509812.11,1340523.59
"2021-18133-19/09/2025","RENOWN PARK","CITY OF CHARLES STURT",3,1,0,0,1,2021,"June","Tuesday","10:56 pm",60,"Sealed","Dry","Not Raining","Night","Right Angle",1,,,1325878.11,1674919.2
"2021-18142-19/09/2025","PAYNEHAM","CC OF NORWOOD,PAYNEHAM & ST PETERS",2,1,0,1,0,2021,"June","Wednesday","09:40 am",60,"Sealed","Dry","Not Raining","Daylight","Side Swipe",1,,,1332533.8,1673956.14
"2021-18146-19/09/2025","VISTA","CITY OF TEA TREE GULLY",2,1,0,0,1,2021,"June","Wednesday","11:20 am",80,"Sealed","Dry","Not Raining","Daylight","Right Turn",1,,,1340797.57,1679756.33
"2021-18147-19/09/2025","CROYDON PARK","CITY OF PORT ADELAIDE ENFIELD",2,1,0,0,1,2021,"June","Wednesday","09:10 am",60,"Sealed","Dry","Not Raining","Daylight","Side Swipe",2,,,1326049.99,1675485.9
"2021-18153-19/09/2025","WOODVILLE SOUTH","CITY OF CHARLES STURT",2,1,0,0,1,2021,"June","Tuesday","06:00 pm",60,"Sealed","Dry","Not Raining","Night","Rear End",1,,,1322435.5,1676085.93
"2021-18155-19/09/2025","TAILEM BEND","COORONG DISTRICT COUNCIL",2,1,0,0,1,2021,"June","Tuesday","04:29 pm",80,"Sealed","Dry","Not Raining","Daylight","Rear End",2,,,1403777.08,1632972.73
"2021-18157-19/09/2025","NORTH ADELAIDE","CITY OF ADELAIDE",2,1,0,0,1,2021,"June","Wednesday","02:44 pm",60,"Sealed","Dry","Not Raining","Daylight","Right Turn",1,,,1327899.7,1671597.52
"2021-18164-19/09/2025","NORTH ADELAIDE","CITY OF ADELAIDE",2,1,0,0,1,2021,"June","Wednesday","04:51 pm",50,"Sealed","Dry","Not Raining","Daylight","Rear End",2,,,1327944.4,1672141.81
"2021-18175-19/09/2025","PROSPECT","CITY OF PROSPECT",3,1,0,0,1,2021,"June","Wednesday","11:52 pm",60,"Sealed","Wet","Raining","Night","Rear End",1,,,1327519.01,1676399.9
"2021-18176-19/09/2025","NOARLUNGA CENTRE","CITY OF ONKAPARINGA",2,1,0,0,1,2021,"June","Wednesday","11:04 pm",60,"Sealed","Wet","Raining","Night","Right Turn",2,,,1317352.73,1647421.53
"2021-18177-19/09/2025","BETHEL","CLARE AND GILBERT VALLEYS DISTRICT COUNCIL",2,1,0,0,1,2021,"June","Wednesday","07:07 pm",100,"Sealed","Dry","Not Raining","Night","Roll Over",1,,"Y",1347523.85,1734689.94
"2021-18179-19/09/2025","CROSS ROADS","COPPER COAST DISTRICT COUNCIL",2,1,0,0,1,2021,"June","Wednesday","11:13 pm",60,"Sealed","Dry","Not Raining","Night","Hit Fixed Object",1,"Y",,1240642.57,1769066.81
"2021-18180-19/09/2025","PORT ADELAIDE","CITY OF PORT ADELAIDE ENFIELD",2,1,0,0,1,2021,"July","Thursday","02:37 am",60,"Sealed","Wet","Not Raining","Night","Right Turn",2,,,1319839.14,1679085.47
"2021-18181-19/09/2025","SEATON","CITY OF CHARLES STURT",2,1,0,0,1,2021,"July","Thursday","01:10 am",60,"Sealed","Dry","Not Raining","Night","Hit Fixed Object",1,,,1320702.94,1676060.67
"2021-18182-19/09/2025","GOODWOOD","CITY OF UNLEY",2,1,1,0,0,2021,"June","Wednesday","09:55 pm",50,"Sealed","Dry","Not Raining","Night","Hit Pedestrian",2,"Y",,1327464.11,1667675.87
"2021-18185-19/09/2025","MOUNT BARKER","DC MT.BARKER.",2,2,0,0,2,2021,"July","Thursday","08:15 am",50,"Sealed","Dry","Not Raining","Daylight","Rear End",2,,,1351901.57,1653063.6
"2021-18189-19/09/2025","RICHMOND","CITY OF WEST TORRENS",3,1,0,1,0,2021,"July","Thursday","07:52 am",60,"Sealed","Dry","Not Raining","Daylight","Head On",1,,,1325780.33,1669463.64
"2021-18193-19/09/2025","LONSDALE","CITY OF ONKAPARINGA",2,1,0,0,1,2021,"July","Thursday","08:05 am",80,"Sealed","Wet","Not Raining","Daylight","Rear End",2,,"Y",1318716.44,1651448.02
"2021-18195-19/09/2025","ADELAIDE","CITY OF ADELAIDE",2,1,0,1,0,2021,"July","Thursday","09:25 am",50,"Sealed","Dry","Not Raining","Daylight","Side Swipe",1,,,1327445.58,1670488.41
"2021-18196-19/09/2025","MOUNT BARKER","DC MT.BARKER.",2,1,0,0,1,2021,"July","Thursday","07:00 am",60,"Sealed","Dry","Not Raining","Night","Rear End",2,,,1352319.81,1652646.5
"2021-18197-19/09/2025","PORT PIRIE SOUTH","PT.PIRIE CITY & DIST. COUNCIL",2,1,0,1,0,2021,"July","Thursday","09:17 am",50,"Sealed","Dry","Not Raining","Daylight","Hit Fixed Object",1,,,1280050.26,1864423.69
"2021-18198-19/09/2025","CASTAMBUL","THE ADELAIDE HILLS COUNCIL",2,1,0,0,1,2021,"July","Thursday","10:00 am",70,"Sealed","Dry","Not Raining","Daylight","Rear End",2,,,1342917.1,1676488.78
"2021-18199-19/09/2025","UNGARRA","DC TUMBY BAY.",2,1,0,0,1,2021,"June","Tuesday","05:30 pm",80,"Unsealed","Dry","Not Raining","Night","Hit Fixed Object",1,,,1094743.62,1758941.99
"2021-18200-19/09/2025","WEST RICHMOND","CITY OF WEST TORRENS",2,1,0,0,1,2021,"July","Thursday","08:50 am",60,"Sealed","Dry","Not Raining","Daylight","Right Angle",2,,,1324155.67,1669340.86
"2021-18204-19/09/2025","CLEARVIEW","CITY OF PORT ADELAIDE ENFIELD",2,1,0,0,1,2021,"June","Wednesday","07:40 pm",50,"Sealed","Dry","Not Raining","Night","Right Angle",2,,,1330166.67,1678625.9
"2021-18205-19/09/2025","RIDGEHAVEN","CITY OF TEA TREE GULLY",2,1,0,0,1,2021,"July","Thursday","11:40 am",60,"Sealed","Dry","Not Raining","Daylight","Rear End",2,,,1339707.22,1682437.22
"2021-18210-19/09/2025","CUDLEE CREEK","THE ADELAIDE HILLS COUNCIL",2,1,0,1,0,2021,"July","Thursday","02:20 pm",80,"Sealed","Dry","Not Raining","Daylight","Hit Fixed Object",1,,,1352434.92,1676423.4
"2021-18211-19/09/2025","WINDSOR GARDENS","CITY OF PORT ADELAIDE ENFIELD",3,1,0,0,1,2021,"July","Thursday","03:55 pm",60,"Sealed","Dry","Not Raining","Daylight","Rear End",1,,,1332852.21,1677253.35
"2021-18212-19/09/2025","COLLINSWOOD","CITY OF PROSPECT",2,1,0,0,1,2021,"July","Thursday","03:50 pm",60,"Sealed","Dry","Not Raining","Daylight","Right Turn",1,,,1330007.92,1674808.61
"2021-18227-19/09/2025","KILBURN","CITY OF PORT ADELAIDE ENFIELD",2,1,0,0,1,2021,"July","Thursday","08:00 pm",60,"Sealed","Dry","Not Raining","Night","Hit Pedestrian",2,,,1327208.47,1677346.16
"2021-18231-19/09/2025","ROYSTON PARK","CC OF NORWOOD,PAYNEHAM & ST PETERS",2,1,0,0,1,2021,"July","Friday","05:35 am",60,"Sealed","Dry","Not Raining","Night","Hit Fixed Object",1,,,1332024.01,1673615.24