"REPORT_ID","Suburb","LGA Name","Total Units","Total Cas","Total Fats","Total SI","Total MI","Year","Month","Day","Time","Area Speed","Road Surface","Moisture Cond","Weather Cond","DayNight","Crash Type","Unit Resp","DUI Involved","Drugs Involved","ACCLOC_X","ACCLOC_Y"
"2021-18232-19/09/2025","WAYVILLE","CITY OF UNLEY",2,1,0,0,1,2021,"July","Friday","07:04 am",60,"Sealed","Wet","Raining","Night","Rear End",1,,,1327432.21,1668782.52
"2021-18237-19/09/2025","BARABBA","DC MALLALA.",3,1,0,0,1,2021,"July","Friday","09:00 am",80,"Unsealed","Dry","Not Raining","Daylight","Hit Fixed Object",1,,,1328754.53,1734490.66
"2021-18241-19/09/2025","NORTH BRIGHTON","CITY OF HOLDFAST BAY",2,1,0,0,1,2021,"July","Thursday","04:10 pm",50,"Sealed","Dry","Not Raining","Daylight","Right Angle",1,,,1320686.99,1662457.64
"2021-18249-19/09/2025","LONSDALE","CITY OF ONKAPARINGA",2,1,0,0,1,2021,"July","Thursday","05:00 pm",70,"Sealed","Dry","Not Raining","Daylight","Rear End",2,,,1319355.84,1650971.48
"2021-18254-19/09/2025","OAKLANDS PARK","CC MARION.",2,1,0,0,1,2021,"July","Friday","04:47 pm",60,"Sealed","Dry","Not Raining","Daylight","Rear End",2,,,1323027.25,1661181.87
"2021-18257-19/09/2025","SEMAPHORE","CITY OF PORT ADELAIDE ENFIELD",2,2,0,0,2,2021,"July","Friday","05:15 pm",60,"Sealed","Wet","Not Raining","Night","Right Angle",1,,,1318292.42,1680820.83
"2021-18259-19/09/2025","COOBER PEDY","DC COOBER PEDY",1,1,0,0,1,2021,"July","Thursday","11:50 pm",50,"Sealed","Dry","Not Raining","Night","Roll Over",1,,,975851.07,2330737.75
"2021-18260-19/09/2025","WHYALLA NORRIE","CC WHYALLA.",2,1,0,1,0,2021,"July","Friday","06:05 pm",50,"Sealed","Dry","Not Raining","Night","Hit Pedestrian",1,,,1236999.89,1884707.1
"2021-18266-19/09/2025","ECHUNGA","DC MT.BARKER.",3,1,0,0,1,2021,"July","Friday","04:45 pm",100,"Sealed","Wet","Raining","Daylight","Rear End",2,,,1344635.93,1648003.39
"2021-18267-19/09/2025","PASADENA","CC MITCHAM.",2,1,0,0,1,2021,"July","Saturday","01:24 am",60,"Sealed","Dry","Not Raining","Night","Hit Fixed Object",1,,,1327230.37,1662055.41
"2021-18269-19/09/2025","GLOSSOP","THE BERRI BARMERA COUNCIL",2,3,0,2,1,2021,"July","Saturday","01:25 am",100,"Sealed","Dry","Not Raining","Night","Hit Fixed Object",1,,,1507293.98,1735320.59
"2021-18272-19/09/2025","SEMAPHORE SOUTH","CITY OF PORT ADELAIDE ENFIELD",1,1,0,0,1,2021,"July","Saturday","08:40 am",50,"Sealed","Dry","Not Raining","Daylight","Roll Over",1,,,1317712.25,1680146
"2021-18275-19/09/2025","SELLICKS HILL","DC YANKALILLA.",2,1,0,0,1,2021,"July","Saturday","10:42 am",100,"Sealed","Wet","Not Raining","Daylight","Side Swipe",1,,,1319851.47,1624625.05
"2021-18276-19/09/2025","CAMPBELLTOWN","CC CAMPBELLTOWN.",2,1,0,0,1,2021,"July","Saturday","10:58 am",60,"Sealed","Dry","Not Raining","Daylight","Right Turn",2,,,1334468.27,1675734.19
"2021-18279-19/09/2025","WONGYARRA","DC MT.REMARKABLE.",1,1,0,0,1,2021,"July","Friday","06:20 pm",110,"Sealed","Dry","Not Raining","Night","Left Road - Out of Control",1,,,1300720.26,1888137.6
"2021-18288-19/09/2025","MOUNT BARKER","DC MT.BARKER.",2,1,0,0,1,2021,"July","Saturday","04:45 pm",50,"Sealed","Dry","Not Raining","Daylight","Right Angle",1,,,1351365.55,1654287.91
"2021-18289-19/09/2025","VALE PARK","WALKERVILLE TOWN COUNCIL",2,1,0,0,1,2021,"July","Saturday","05:10 pm",60,"Sealed","Dry","Not Raining","Daylight","Rear End",2,,,1330645.93,1675348.15
"2021-18295-19/09/2025","LOUTH BAY","DC LOWER EYRE PENINSULA",1,1,0,0,1,2021,"July","Saturday","05:00 pm",50,"Unsealed","Dry","Not Raining","Daylight","Roll Over",1,,,1085073.76,1718964.07
"2021-18297-19/09/2025","MURRAY BRIDGE","RC MURRAY BRIDGE.",2,1,0,1,0,2021,"July","Saturday","09:45 pm",50,"Sealed","Dry","Not Raining","Night","Hit Pedestrian",2,"Y",,1389018.11,1644861.39
"2021-18298-19/09/2025","WEST LAKES","CITY OF CHARLES STURT",2,1,0,0,1,2021,"July","Sunday","12:53 am",60,"Sealed","Wet","Not Raining","Night","Hit Fixed Object",1,"Y",,1319652.9,1679090.82
"2021-18301-19/09/2025","MURRAY BRIDGE","RC MURRAY BRIDGE.",2,1,0,0,1,2021,"July","Sunday","02:44 am",100,"Sealed","Dry","Not Raining","Night","Hit Fixed Object",1,"Y","Y",1388498.44,1644790.92
"2021-18303-19/09/2025","TWO WELLS","DC MALLALA.",2,1,0,1,0,2021,"July","Sunday","03:00 am",110,"Sealed","Wet","Raining","Night","Hit Fixed Object",1,"Y",,1321457.27,1707556.56
"2021-18310-19/09/2025","MELROSE PARK","CC MITCHAM.",2,1,0,0,1,2021,"July","Sunday","01:20 pm",60,"Sealed","Dry","Not Raining","Daylight","Right Angle",1,,,1325941.1,1664108.67
"2021-18313-19/09/2025","SEBASTOPOL","WATTLE RANGE COUNCIL",2,1,0,0,1,2021,"July","Friday","07:20 pm",100,"Sealed","Wet","Raining","Night","Hit Animal",2,,,1480652.85,1377575.65
"2021-18314-19/09/2025","HAPPY VALLEY","CITY OF ONKAPARINGA",3,1,0,0,1,2021,"July","Sunday","02:05 pm",50,"Sealed","Dry","Not Raining","Daylight","Hit Fixed Object",1,,,1325925.09,1652527.15
"2021-18318-19/09/2025","NEWTON","CC CAMPBELLTOWN.",2,1,0,0,1,2021,"July","Sunday","04:22 pm",60,"Sealed","Dry","Not Raining","Daylight","Rear End",2,,,1335378.78,1675633.73
"2021-18334-19/09/2025","COCKATOO VALLEY","THE BAROSSA COUNCIL.",2,1,0,0,1,2021,"July","Monday","03:30 am",80,"Sealed","Wet","Raining","Night","Hit Animal",2,,,1350623.91,1704185.7
"2021-18336-19/09/2025","ANGLE VALE","CITY OF PLAYFORD.",2,1,0,0,1,2021,"July","Monday","01:47 am",50,"Sealed","Unknown","Unknown","Night","Hit Fixed Object",1,,"Y",1333876.87,1701720.63
"2021-18343-19/09/2025","GLENELG EAST","CITY OF HOLDFAST BAY",3,3,0,0,3,2021,"July","Monday","10:49 am",60,"Sealed","Dry","Not Raining","Daylight","Side Swipe",9,,,1322038.15,1665334.94
"2021-18349-19/09/2025","KLEMZIG","CITY OF PORT ADELAIDE ENFIELD",3,1,0,0,1,2021,"July","Monday","02:29 pm",60,"Sealed","Dry","Not Raining","Daylight","Rear End",1,,,1331738.27,1676292.32
"2021-18350-19/09/2025","WESTBOURNE PARK","CC MITCHAM.",2,2,0,1,1,2021,"July","Monday","02:39 pm",60,"Sealed","Dry","Not Raining","Daylight","Right Angle",1,,,1327546.38,1664994.52
"2021-18351-19/09/2025","CURRENCY CREEK","ALEXANDRINA COUNCIL",3,1,0,0,1,2021,"July","Monday","01:45 pm",80,"Sealed","Dry","Not Raining","Daylight","Hit Fixed Object",1,,"Y",1341554.33,1612035.27
"2021-18355-19/09/2025","ANDREWS FARM","CITY OF PLAYFORD.",2,1,0,0,1,2021,"July","Sunday","04:45 pm",80,"Sealed","Dry","Not Raining","Daylight","Right Turn",1,,,1334880.08,1696879.35
"2021-18366-19/09/2025","MODBURY","CITY OF TEA TREE GULLY",2,1,0,0,1,2021,"July","Monday","08:40 pm",60,"Sealed","Dry","Not Raining","Night","Head On",1,,,1336513.77,1681179.06
"2021-18371-19/09/2025","PARAFIELD","CITY OF SALISBURY",2,1,0,0,1,2021,"July","Tuesday","06:45 am",40,"Sealed","Dry","Not Raining","Night","Side Swipe",2,,,1332297.55,1684136.76
"2021-18373-19/09/2025","MCLAREN VALE","CITY OF ONKAPARINGA",2,1,0,0,1,2021,"July","Tuesday","07:00 am",60,"Sealed","Dry","Not Raining","Night","Right Angle",2,,,1322925.16,1637162.84
"2021-18383-19/09/2025","SALISBURY","CITY OF SALISBURY",2,3,0,1,2,2021,"July","Tuesday","11:52 am",60,"Sealed","Dry","Not Raining","Daylight","Head On",2,,"Y",1333482,1689009.09
"2021-18384-19/09/2025","BALHANNAH","THE ADELAIDE HILLS COUNCIL",2,1,0,0,1,2021,"April","Sunday","06:00 am",80,"Sealed","Dry","Not Raining","Night","Hit Animal",2,,,1346849.01,1663475.75
"2021-18385-19/09/2025","ROBE","DC ROBE.",2,1,0,0,1,2021,"July","Tuesday","12:25 pm",100,"Unsealed","Dry","Not Raining","Daylight","Roll Over",1,,,1429986.41,1415479.55
"2021-18389-19/09/2025","ST AGNES","CITY OF TEA TREE GULLY",3,1,0,0,1,2021,"July","Tuesday","02:40 pm",50,"Sealed","Dry","Not Raining","Daylight","Hit Parked Vehicle",1,,,1339309.6,1680483.19
"2021-18391-19/09/2025","ADELAIDE","CITY OF ADELAIDE",2,1,0,1,0,2021,"July","Monday","01:30 pm",50,"Sealed","Dry","Not Raining","Daylight","Right Angle",2,,,1328073.56,1669866.17
"2021-18393-19/09/2025","KAPUNDA","LIGHT REGIONAL COUNCIL",2,2,0,1,1,2021,"July","Tuesday","09:40 am",50,"Sealed","Dry","Not Raining","Daylight","Right Angle",2,,"Y",1359735.83,1734611.33
"2021-18394-19/09/2025","MOUNT BARKER","DC MT.BARKER.",3,1,0,0,1,2021,"July","Tuesday","04:23 pm",60,"Sealed","Dry","Not Raining","Daylight","Rear End",2,,,1351994.86,1652972.12
"2021-18397-19/09/2025","ANGLE VALE","CITY OF PLAYFORD.",2,1,0,0,1,2021,"July","Monday","08:20 pm",60,"Sealed","Dry","Not Raining","Night","Right Angle",1,,,1333811.97,1702083.52
"2021-18399-19/09/2025","CLELAND","THE ADELAIDE HILLS COUNCIL",2,1,0,0,1,2021,"July","Tuesday","02:45 pm",80,"Sealed","Dry","Not Raining","Daylight","Rear End",2,,,1336532.63,1667624.12
"2021-18401-19/09/2025","ELIZABETH","CITY OF PLAYFORD.",2,1,0,0,1,2021,"July","Tuesday","04:00 pm",60,"Sealed","Dry","Not Raining","Daylight","Side Swipe",1,,,1335655.83,1693821.56
"2021-18402-19/09/2025","UPPER STURT","THE ADELAIDE HILLS COUNCIL",2,1,0,0,1,2021,"July","Tuesday","04:50 pm",60,"Sealed","Dry","Not Raining","Daylight","Right Angle",1,,,1335095.56,1659577.47
"2021-18405-19/09/2025","MURRAY BRIDGE","RC MURRAY BRIDGE.",4,1,0,0,1,2021,"July","Tuesday","03:05 pm",50,"Sealed","Dry","Not Raining","Daylight","Hit Parked Vehicle",1,,,1389317.28,1646930.48
"2021-18418-19/09/2025","ALDINGA","CITY OF ONKAPARINGA",2,1,0,1,0,2021,"July","Sunday","04:00 pm",50,"Sealed","Dry","Not Raining","Daylight","Hit Pedestrian",1,,,1316621.91,1632995.91
"2021-18422-19/09/2025","SALISBURY","CITY OF SALISBURY",2,1,0,0,1,2021,"July","Wednesday","10:21 am",50,"Sealed","Dry","Not Raining","Daylight","Side Swipe",2,,,1332209.13,1688235
"2021-18425-19/09/2025","NAILSWORTH","CITY OF PROSPECT",2,1,0,0,1,2021,"July","Wednesday","11:54 am",60,"Sealed","Dry","Not Raining","Daylight","Rear End",2,,,1328894.73,1675309.19
"2021-18429-19/09/2025","EDINBURGH NORTH","CITY OF PLAYFORD.",2,1,0,0,1,2021,"July","Wednesday","07:30 am",60,"Sealed","Dry","Not Raining","Daylight","Right Angle",2,,,1335065.47,1694698.46
"2021-18430-19/09/2025","LEIGHTON","REGIONAL COUNCIL OF GOYDER",2,2,0,0,2,2021,"July","Wednesday","12:45 pm",110,"Sealed","Dry","Not Raining","Daylight","Hit Fixed Object",1,,,1347771.85,1814538.39
"2021-18431-19/09/2025","PLYMPTON PARK","CC MARION.",2,1,0,0,1,2021,"July","Friday","06:00 pm",60,"Sealed","Wet","Not Raining","Night","Right Angle",2,,,1324273.29,1665285.06
"2021-18433-19/09/2025","VIVONNE BAY","KANGAROO ISLAND COUNCIL",1,2,0,0,2,2021,"July","Wednesday","12:10 pm",100,"Unsealed","Dry","Not Raining","Daylight","Roll Over",1,,,1193253.94,1561917.41
"2021-18436-19/09/2025","WINDSOR GARDENS","CITY OF PORT ADELAIDE ENFIELD",2,1,0,0,1,2021,"June","Tuesday","12:30 pm",60,"Sealed","Dry","Not Raining","Daylight","Hit Pedestrian",2,,,1332796.93,1677206.08
"2021-18438-19/09/2025","BROADVIEW","CITY OF PORT ADELAIDE ENFIELD",2,1,0,0,1,2021,"July","Wednesday","04:03 pm",50,"Sealed","Dry","Not Raining","Daylight","Hit Parked Vehicle",1,,,1330156.58,1676822.29
"2021-18442-19/09/2025","PENNINGTON","CITY OF CHARLES STURT",2,1,0,0,1,2021,"July","Wednesday","05:13 pm",60,"Sealed","Dry","Not Raining","Daylight","Hit Pedestrian",2,,,1322283.01,1677906.57
"2021-18445-19/09/2025","INGLE FARM","CITY OF SALISBURY",3,1,0,0,1,2021,"July","Wednesday","06:05 pm",70,"Sealed","Dry","Not Raining","Night","Rear End",1,,,1333009.96,1680789.39
"2021-18448-19/09/2025","BROWN HILL CREEK","CC MITCHAM.",2,1,0,0,1,2021,"July","Wednesday","03:55 pm",90,"Sealed","Dry","Not Raining","Daylight","Hit Fixed Object",1,,,1333547.98,1665420.86
"2021-18451-19/09/2025","HOLDEN HILL","CITY OF PORT ADELAIDE ENFIELD",2,2,0,0,2,2021,"July","Wednesday","10:20 pm",60,"Sealed","Dry","Not Raining","Night","Rear End",2,,,1333953.14,1677954.56
"2021-18452-19/09/2025","REGENCY PARK","CITY OF PORT ADELAIDE ENFIELD",3,1,0,0,1,2021,"July","Thursday","03:45 am",60,"Sealed","Dry","Not Raining","Night","Hit Fixed Object",1,,"Y",1325607.25,1676354.38
"2021-18454-19/09/2025","WATERLOO CORNER","CITY OF PLAYFORD.",2,1,0,0,1,2021,"July","Thursday","06:45 am",90,"Sealed","Dry","Not Raining","Night","Right Angle",2,,,1329037.55,1693187.23
"2021-18455-19/09/2025","INGLE FARM","CITY OF SALISBURY",2,1,0,0,1,2021,"July","Thursday","06:28 am",60,"Sealed","Dry","Not Raining","Night","Right Angle",2,,,1333676.11,1681209.82
"2021-18457-19/09/2025","HOPE VALLEY","CITY OF TEA TREE GULLY",3,1,0,0,1,2021,"July","Thursday","08:50 am",60,"Sealed","Dry","Not Raining","Daylight","Right Turn",1,,,1338079.25,1679496.38
"2021-18458-19/09/2025","UNDERDALE","CITY OF WEST TORRENS",2,1,0,0,1,2021,"July","Thursday","06:40 am",60,"Sealed","Dry","Not Raining","Night","Rear End",2,,,1323851.85,1670942.12
"2021-18467-19/09/2025","HAYBOROUGH","DC VICTOR HARBOR.",2,2,0,0,2,2021,"July","Wednesday","07:00 pm",50,"Sealed","Dry","Not Raining","Night","Hit Parked Vehicle",1,"Y",,1330145.85,1603139.38
"2021-18470-19/09/2025","MODBURY","CITY OF TEA TREE GULLY",3,5,0,0,5,2021,"July","Thursday","03:35 pm",60,"Sealed","Dry","Not Raining","Daylight","Rear End",1,,,1336332.88,1680521.23
"2021-18471-19/09/2025","MURRAY BRIDGE","RC MURRAY BRIDGE.",3,3,0,0,3,2021,"July","Thursday","03:15 pm",60,"Sealed","Dry","Not Raining","Daylight","Hit Fixed Object",1,,,1386612.05,1647373.34
"2021-18473-19/09/2025","KERSBROOK","THE ADELAIDE HILLS COUNCIL",2,1,0,0,1,2021,"July","Thursday","01:25 pm",80,"Sealed","Dry","Not Raining","Daylight","Head On",1,,,1352621.15,1683927.03
"2021-18474-19/09/2025","ELIZABETH GROVE","CITY OF PLAYFORD.",2,1,0,0,1,2021,"July","Thursday","05:10 pm",80,"Sealed","Dry","Not Raining","Daylight","Rear End",2,,,1336080.31,1692236.44
"2021-18477-19/09/2025","MOUNT GAMBIER","CC MT.GAMBIER.",2,1,0,0,1,2021,"July","Thursday","05:41 pm",50,"Sealed","Dry","Not Raining","Night","Right Angle",2,,,1511934.16,1339998.85
"2021-18482-19/09/2025","STIRLING","THE ADELAIDE HILLS COUNCIL",2,1,0,0,1,2021,"July","Thursday","07:15 pm",60,"Sealed","Dry","Not Raining","Night","Hit Animal",2,,,1338112.23,1661737.65
"2021-18484-19/09/2025","WINDSOR GARDENS","CITY OF PORT ADELAIDE ENFIELD",2,1,0,0,1,2021,"July","Thursday","12:55 pm",60,"Sealed","Dry","Not Raining","Daylight","Rear End",2,,,1333112.26,1677477.72
"2021-18488-19/09/2025","PASKEVILLE","BARUNGA WEST DISTRICT COUNCIL",2,1,0,0,1,2021,"July","Thursday","10:15 pm",100,"Sealed","Dry","Not Raining","Night","Hit Fixed Object",1,,"Y",1271219.95,1770052.14
"2021-18496-19/09/2025","SEMAPHORE","CITY OF PORT ADELAIDE ENFIELD",3,1,0,0,1,2021,"July","Friday","10:53 am",50,"Sealed","Wet","Not Raining","Daylight","Right Turn",1,,"Y",1318652.66,1680524.65
"2021-18500-19/09/2025","LOBETHAL","THE ADELAIDE HILLS COUNCIL",2,1,0,0,1,2021,"July","Friday","09:55 am",100,"Unsealed","Dry","Not Raining","Daylight","Head On",2,,,1354477.63,1674536.77
"2021-18501-19/09/2025","PARKSIDE","CITY OF UNLEY",2,1,0,0,1,2021,"July","Friday","11:00 am",60,"Sealed","Wet","Raining","Daylight","Rear End",1,,,1329067.64,1668566.83
"2021-18503-19/09/2025","GLENELG EAST","CITY OF HOLDFAST BAY",2,1,0,0,1,2021,"July","Friday","05:40 am",60,"Sealed","Wet","Raining","Night","Right Angle",1,,,1321757.85,1665327.21
"2021-18505-19/09/2025","CLOVELLY PARK","CC MARION.",2,1,0,0,1,2021,"July","Saturday","10:55 am",50,"Sealed","Dry","Not Raining","Daylight","Hit Parked Vehicle",2,,,1325754.2,1663256.79
"2021-18508-19/09/2025","KIDMAN PARK","CITY OF CHARLES STURT",2,1,0,0,1,2021,"July","Thursday","05:00 pm",50,"Sealed","Dry","Not Raining","Daylight","Rear End",2,,,1321384.12,1672217.67
"2021-18512-19/09/2025","NORTH ADELAIDE","CITY OF ADELAIDE",2,2,0,0,2,2021,"July","Friday","02:30 pm",50,"Sealed","Dry","Not Raining","Daylight","Right Angle",1,,,1328724.27,1672222.31
"2021-18513-19/09/2025","BEDFORD PARK","CC MITCHAM.",2,1,0,0,1,2021,"May","Tuesday","08:20 pm",50,"Sealed","Dry","Not Raining","Night","Right Angle",2,,,1325207.45,1660096.9
"2021-18516-19/09/2025","ALDINGA","CITY OF ONKAPARINGA",2,2,0,0,2,2021,"July","Friday","06:08 pm",70,"Sealed","Dry","Not Raining","Night","Rear End",1,,,1316569.63,1632797.81
"2021-18517-19/09/2025","ST MARYS","CC MITCHAM.",2,1,0,0,1,2021,"July","Sunday","02:00 pm",60,"Sealed","Dry","Not Raining","Daylight","Rear End",2,,,1325956.16,1663317.85
"2021-18520-19/09/2025","ADELAIDE","CITY OF ADELAIDE",2,1,0,0,1,2021,"July","Thursday","07:57 pm",60,"Sealed","Dry","Not Raining","Night","Hit Fixed Object",1,"Y",,1327369.06,1670949.09
"2021-18521-19/09/2025","ATHELSTONE","CC CAMPBELLTOWN.",2,1,0,0,1,2021,"July","Friday","06:40 pm",60,"Sealed","Wet","Raining","Night","Hit Parked Vehicle",1,,,1337402.45,1676907.49
"2021-18522-19/09/2025","SEAFORD","CITY OF ONKAPARINGA",2,1,0,0,1,2021,"July","Friday","05:45 pm",70,"Sealed","Dry","Not Raining","Night","Right Turn",2,,,1316371.66,1642084.36
"2021-18525-19/09/2025","HINDMARSH","CITY OF CHARLES STURT",3,5,0,5,0,2021,"July","Saturday","04:00 am",60,"Sealed","Dry","Not Raining","Night","Right Angle",1,"Y",,1325549.01,1673454.12
"2021-18529-19/09/2025","GLENELG NORTH","CITY OF HOLDFAST BAY",2,1,0,0,1,2021,"July","Saturday","08:35 am",50,"Sealed","Wet","Raining","Daylight","Right Angle",1,,,1320786.48,1665315.19
"2021-18531-19/09/2025","EDWARDSTOWN","CC MARION.",2,1,0,1,0,2021,"July","Saturday","07:08 am",60,"Sealed","Dry","Not Raining","Night","Right Angle",2,"Y",,1325910.32,1664786.52
"2021-18532-19/09/2025","HINDMARSH TIERS","DC VICTOR HARBOR.",2,1,0,0,1,2021,"July","Saturday","07:30 am",100,"Sealed","Wet","Raining","Daylight","Hit Fixed Object",1,,,1322105,1616521.64
"2021-18533-19/09/2025","ROSETOWN","DC KINGSTON.",2,3,1,2,0,2021,"July","Saturday","07:37 am",60,"Sealed","Dry","Not Raining","Daylight","Hit Fixed Object",1,,,1434051.48,1455584.66
"2021-18541-19/09/2025","ADELAIDE","CITY OF ADELAIDE",2,1,0,0,1,2021,"July","Saturday","01:45 pm",60,"Sealed","Dry","Not Raining","Daylight","Rear End",1,,,1327352.93,1670721.24
"2021-18544-19/09/2025","PORT ADELAIDE","CITY OF PORT ADELAIDE ENFIELD",2,1,0,0,1,2021,"July","Saturday","03:52 pm",50,"Sealed","Dry","Not Raining","Daylight","Right Turn",1,,,1319866.72,1679909.05
"2021-18548-19/09/2025","SMITHFIELD","CITY OF PLAYFORD.",2,1,0,0,1,2021,"July","Saturday","05:30 pm",50,"Sealed","Dry","Not Raining","Night","Right Angle",1,,,1337359.47,1697484.38
"2021-18550-19/09/2025","ROSTREVOR","CC CAMPBELLTOWN.",2,2,0,0,2,2021,"July","Saturday","06:02 pm",60,"Sealed","Dry","Not Raining","Night","Right Angle",1,,,1337587.74,1674755.08
"2021-18551-19/09/2025","CHRISTIE DOWNS","CITY OF ONKAPARINGA",2,1,0,0,1,2021,"July","Friday","04:50 pm",70,"Sealed","Dry","Not Raining","Daylight","Hit Fixed Object",1,,,1317932.02,1648606.33
"2021-18556-19/09/2025","GEPPS CROSS","CITY OF PORT ADELAIDE ENFIELD",3,1,0,1,0,2021,"July","Saturday","08:44 pm",70,"Sealed","Dry","Not Raining","Night","Rear End",1,,,1329197.66,1679851.27
"2021-18557-19/09/2025","GEPPS CROSS","CITY OF PORT ADELAIDE ENFIELD",3,1,0,0,1,2021,"July","Saturday","08:44 pm",70,"Sealed","Dry","Not Raining","Night","Rear End",1,,,1329351.7,1680087.55
"2021-18558-19/09/2025","PINERY","WAKEFIELD REGIONAL COUNCIL",2,2,0,1,1,2021,"July","Saturday","06:45 pm",100,"Sealed","Dry","Not Raining","Night","Hit Fixed Object",1,,,1319424.23,1745143.28
"2021-18560-19/09/2025","KILBURN","CITY OF PORT ADELAIDE ENFIELD",1,1,0,1,0,2021,"July","Saturday","09:35 pm",60,"Sealed","Dry","Not Raining","Night","Roll Over",1,,,1327188.44,1678644.52
"2021-18561-19/09/2025","FULHAM","CITY OF WEST TORRENS",3,1,0,0,1,2021,"July","Sunday","04:10 am",60,"Sealed","Dry","Not Raining","Night","Right Angle",2,"Y",,1320990.23,1670855.57
"2021-18563-19/09/2025","BLINMAN",,1,1,0,0,1,2021,"July","Saturday","11:00 am",90,"Sealed","Dry","Not Raining","Daylight","Roll Over",1,,,1351036.34,2090774
"2021-18565-19/09/2025","BROOKLYN PARK","CITY OF WEST TORRENS",2,1,0,0,1,2021,"July","Sunday","01:10 pm",60,"Sealed","Dry","Not Raining","Daylight","Right Angle",2,,,1324141.55,1669861.03
"2021-18566-19/09/2025","BEAUMONT","CITY OF BURNSIDE",2,1,0,0,1,2021,"July","Sunday","01:36 pm",50,"Sealed","Dry","Not Raining","Daylight","Right Angle",1,,,1333379.83,1667716.32
"2021-18567-19/09/2025","FINDON","CITY OF CHARLES STURT",2,1,0,0,1,2021,"July","Sunday","01:50 pm",60,"Sealed","Dry","Not Raining","Daylight","Right Angle",2,,,1322392.04,1674377.44
"2021-18568-19/09/2025","GLOBE DERBY PARK","CITY OF SALISBURY",3,1,0,0,1,2021,"July","Sunday","02:50 pm",80,"Sealed","Dry","Not Raining","Daylight","Side Swipe",1,,,1328633.87,1684801.56
"2021-18570-19/09/2025","GOLDEN GROVE","CITY OF TEA TREE GULLY",3,2,0,1,1,2021,"July","Sunday","05:35 pm",60,"Sealed","Dry","Not Raining","Night","Right Turn",1,,,1337859.71,1685518.84
"2021-18575-19/09/2025","NORTH ADELAIDE","CITY OF ADELAIDE",2,1,0,0,1,2021,"July","Sunday","10:00 pm",50,"Sealed","Dry","Not Raining","Night","Side Swipe",2,,,1328162.07,1672977.97
"2021-18578-19/09/2025","STRATHALBYN","ALEXANDRINA COUNCIL",1,1,0,1,0,2021,"July","Monday","06:00 am",60,"Sealed","Wet","Raining","Night","Roll Over",1,,,1354071.44,1634869
"2021-18582-19/09/2025","RICHMOND","CITY OF WEST TORRENS",1,1,0,0,1,2021,"July","Monday","09:27 am",60,"Sealed","Dry","Not Raining","Daylight","Other",1,,,1324974.93,1669714.21
"2021-18583-19/09/2025","ANNA CREEK",,1,1,0,1,0,2021,"July","Saturday","11:45 am",100,"Unsealed","Dry","Not Raining","Daylight","Roll Over",1,,,1127745.37,2342034.87
"2021-18587-19/09/2025","EDWARDSTOWN","CC MARION.",2,1,0,0,1,2021,"July","Monday","11:16 am",50,"Sealed","Dry","Not Raining","Daylight","Right Angle",1,,,1325281.23,1665401.77
"2021-18588-19/09/2025","ADELAIDE","CITY OF ADELAIDE",2,1,0,1,0,2021,"July","Monday","11:24 am",50,"Sealed","Wet","Raining","Daylight","Hit Pedestrian",1,,,1328370.08,1670184.7
"2021-18589-19/09/2025","INGLE FARM","CITY OF SALISBURY",2,1,0,0,1,2021,"July","Monday","11:25 am",70,"Sealed","Dry","Not Raining","Daylight","Rear End",1,,,1332695.39,1681563.48
"2021-18592-19/09/2025","BURTON","CITY OF SALISBURY",2,1,0,0,1,2021,"July","Monday","12:50 pm",70,"Sealed","Dry","Not Raining","Daylight","Rear End",2,,,1329183.9,1691589.82
"2021-18595-19/09/2025","LINDEN PARK","CITY OF BURNSIDE",2,2,0,0,2,2021,"July","Monday","01:55 pm",60,"Sealed","Wet","Raining","Daylight","Hit Parked Vehicle",1,,,1332330.94,1668859.79
"2021-18597-19/09/2025","NORTH PLYMPTON","CITY OF WEST TORRENS",2,1,0,0,1,2021,"July","Monday","02:45 pm",50,"Sealed","Dry","Not Raining","Daylight","Hit Parked Vehicle",1,,,1323801.09,1667309.97
"2021-18607-19/09/2025","SEATON","CITY OF CHARLES STURT",2,1,0,0,1,2021,"July","Monday","08:10 pm",60,"Sealed","Wet","Raining","Night","Rear End",1,,,1320743.26,1674650.69
"2021-18608-19/09/2025","PARAFIELD","CITY OF SALISBURY",3,1,0,0,1,2021,"July","Monday","08:36 pm",80,"Sealed","Wet","Raining","Night","Rear End",2,,,1332336.87,1684153.85
"2021-18609-19/09/2025","MONTEITH","RC MURRAY BRIDGE.",2,1,0,0,1,2021,"July","Monday","03:40 pm",110,"Sealed","Dry","Not Raining","Daylight","Right Angle",2,,,1393904.45,1643641.56
"2021-18610-19/09/2025","SEAFORD MEADOWS","CITY OF ONKAPARINGA",2,1,0,0,1,2021,"July","Monday","11:00 pm",70,"Sealed","Wet","Not Raining","Night","Right Angle",1,,,1316341.55,1642778.25
"2021-18613-19/09/2025","KENSINGTON","CC OF NORWOOD,PAYNEHAM & ST PETERS",2,1,0,0,1,2021,"July","Monday","11:30 pm",60,"Sealed","Dry","Not Raining","Night","Side Swipe",2,,,1332267.47,1670478.81
"2021-18625-19/09/2025","NAILSWORTH","CITY OF PROSPECT",2,1,0,1,0,2021,"July","Tuesday","12:00 pm",60,"Sealed","Dry","Not Raining","Daylight","Right Angle",2,,,1328905.03,1675265.24
"2021-18626-19/09/2025","GAWLER SOUTH","CT GAWLER.",2,1,0,0,1,2021,"July","Tuesday","12:38 pm",60,"Sealed","Dry","Not Raining","Daylight","Rear End",2,,,1342764.41,1704818.17
"2021-18628-19/09/2025","WINGFIELD","CITY OF PORT ADELAIDE ENFIELD",2,1,0,0,1,2021,"July","Tuesday","01:35 pm",90,"Sealed","Dry","Not Raining","Daylight","Rear End",2,,,1325474.49,1680511.6