"REPORT_ID","Suburb","LGA Name","Total Units","Total Cas","Total Fats","Total SI","Total MI","Year","Month","Day","Time","Area Speed","Road Surface","Moisture Cond","Weather Cond","DayNight","Crash Type","Unit Resp","DUI Involved","Drugs Involved","ACCLOC_X","ACCLOC_Y"
"2021-18629-19/09/2025","PENNINGTON","CITY OF CHARLES STURT",2,1,0,0,1,2021,"July","Monday","08:20 am",60,"Sealed","Dry","Not Raining","Daylight","Hit Parked Vehicle",2,,,1323012.52,1678152.64
"2021-18632-19/09/2025","RIVERTON","CLARE AND GILBERT VALLEYS DISTRICT COUNCIL",2,2,0,0,2,2021,"July","Tuesday","11:40 am",50,"Sealed","Dry","Not Raining","Daylight","Right Angle",2,,,1344975.16,1755555.7
"2021-18635-19/09/2025","ELIZABETH NORTH","CITY OF PLAYFORD.",2,2,0,0,2,2021,"July","Saturday","10:10 am",80,"Sealed","Dry","Not Raining","Daylight","Rear End",2,,,1336972.07,1695458.34
"2021-18644-19/09/2025","ADELAIDE","CITY OF ADELAIDE",4,1,0,0,1,2021,"July","Tuesday","04:25 pm",60,"Sealed","Dry","Not Raining","Daylight","Rear End",1,,,1326848.84,1671376.86
"2021-18645-19/09/2025","PLYMPTON","CITY OF WEST TORRENS",2,1,0,1,0,2021,"July","Tuesday","04:50 pm",60,"Sealed","Dry","Not Raining","Daylight","Hit Pedestrian",2,,,1324229.45,1666486.77
"2021-18649-19/09/2025","MARDEN","CC OF NORWOOD,PAYNEHAM & ST PETERS",2,1,0,1,0,2021,"July","Tuesday","03:10 pm",60,"Sealed","Dry","Not Raining","Daylight","Side Swipe",1,,,1332498.51,1673954.55
"2021-18650-19/09/2025","LEIGH CREEK",,1,1,0,0,1,2021,"July","Tuesday","04:20 pm",110,"Sealed","Dry","Not Raining","Daylight","Roll Over",1,,,1326062.95,2150531.03
"2021-18655-19/09/2025","CROYDON","CITY OF CHARLES STURT",2,1,0,0,1,2021,"July","Tuesday","07:20 pm",60,"Sealed","Wet","Raining","Night","Right Angle",1,,,1325511.09,1673480.99
"2021-18659-19/09/2025","TROTT PARK","CC MARION.",1,1,0,1,0,2021,"July","Wednesday","07:34 am",100,"Sealed","Dry","Not Raining","Daylight","Roll Over",1,,,1322990.14,1655703.27
"2021-18669-19/09/2025","KESWICK TERMINAL","CITY OF WEST TORRENS",2,1,0,0,1,2021,"July","Tuesday","08:30 am",60,"Sealed","Dry","Not Raining","Daylight","Hit Pedestrian",1,,,1326765.32,1668957.27
"2021-18672-19/09/2025","MORPHETT VALE","CITY OF ONKAPARINGA",2,1,0,0,1,2021,"July","Wednesday","12:00 pm",60,"Sealed","Dry","Not Raining","Daylight","Right Angle",1,,,1320698.53,1649853.87
"2021-18680-19/09/2025","BROOKLYN PARK","CITY OF WEST TORRENS",2,1,0,1,0,2021,"July","Wednesday","04:50 pm",50,"Sealed","Dry","Not Raining","Daylight","Hit Fixed Object",1,,"Y",1323971.79,1670519.33
"2021-18682-19/09/2025","COORONG","COORONG DISTRICT COUNCIL",2,1,0,0,1,2021,"July","Wednesday","06:00 pm",100,"Sealed","Dry","Not Raining","Night","Hit Animal",2,,,1410971.38,1547193.63
"2021-18687-19/09/2025","MODBURY","CITY OF TEA TREE GULLY",2,1,0,0,1,2021,"July","Wednesday","07:50 pm",60,"Sealed","Wet","Raining","Night","Rear End",1,"Y","Y",1336172.76,1680701.99
"2021-18690-19/09/2025","LONSDALE","CITY OF ONKAPARINGA",1,1,0,1,0,2021,"July","Thursday","05:50 am",80,"Sealed","Dry","Not Raining","Night","Roll Over",1,,,1318651.25,1650962.37
"2021-18691-19/09/2025","PORT LINCOLN","CC PT.LINCOLN.",2,1,0,0,1,2021,"July","Thursday","06:20 am",50,"Sealed","Wet","Not Raining","Night","Hit Parked Vehicle",1,,"Y",1077564.01,1698686.34
"2021-18703-19/09/2025","SALISBURY EAST","CITY OF SALISBURY",2,1,0,0,1,2021,"July","Thursday","09:05 am",50,"Sealed","Dry","Not Raining","Daylight","Right Angle",1,,,1334221.46,1686108.31
"2021-18708-19/09/2025","PARK HOLME","CC MARION.",2,1,0,0,1,2021,"July","Thursday","11:05 am",60,"Sealed","Dry","Not Raining","Daylight","Rear End",2,,,1324302.74,1664024.88
"2021-18718-19/09/2025","HOLDEN HILL","CITY OF PORT ADELAIDE ENFIELD",2,1,0,0,1,2021,"July","Thursday","01:45 pm",60,"Sealed","Dry","Not Raining","Daylight","Hit Pedestrian",2,,,1333809.35,1678092.37
"2021-18720-19/09/2025","GOMERSAL","LIGHT REGIONAL COUNCIL",2,2,0,0,2,2021,"July","Thursday","03:00 pm",90,"Sealed","Wet","Raining","Daylight","Rear End",2,,,1357192.16,1713548.64
"2021-18724-19/09/2025","CLARE","CLARE AND GILBERT VALLEYS DISTRICT COUNCIL",2,1,0,1,0,2021,"July","Thursday","12:15 am",100,"Sealed","Unknown","Unknown","Night","Hit Fixed Object",1,"Y",,1332658.64,1790608.6
"2021-18731-19/09/2025","SALISBURY PLAIN","CITY OF SALISBURY",3,1,0,0,1,2021,"July","Thursday","03:55 pm",80,"Sealed","Wet","Raining","Daylight","Rear End",1,,,1335455.1,1688128.4
"2021-18732-19/09/2025","MCCRACKEN","DC VICTOR HARBOR.",2,1,0,0,1,2021,"July","Thursday","04:05 pm",60,"Sealed","Wet","Raining","Daylight","Hit Fixed Object",1,,,1329709.1,1603391.99
"2021-18733-19/09/2025","BROOKLYN PARK","CITY OF WEST TORRENS",2,1,0,0,1,2021,"July","Thursday","06:30 pm",60,"Sealed","Wet","Raining","Night","Right Turn",2,,,1324123.03,1670938.82
"2021-18738-19/09/2025","VENUS BAY","DC ELLISTON.",1,4,1,1,2,2021,"July","Thursday","04:02 pm",100,"Sealed","Wet","Raining","Daylight","Roll Over",1,,,974067,1871821.73
"2021-18741-19/09/2025","ELIZABETH","CITY OF PLAYFORD.",2,2,0,0,2,2021,"July","Thursday","09:30 pm",50,"Sealed","Wet","Raining","Night","Right Angle",2,,,1335340.81,1693637.97
"2021-18747-19/09/2025","LOCKLEYS","CITY OF WEST TORRENS",2,1,0,1,0,2021,"July","Wednesday","06:30 am",60,"Sealed","Dry","Not Raining","Night","Hit Fixed Object",1,,,1321888.03,1669990.23
"2021-18755-19/09/2025","SEAFORD RISE","CITY OF ONKAPARINGA",2,1,0,0,1,2021,"July","Friday","11:15 am",60,"Sealed","Wet","Raining","Daylight","Rear End",2,,,1317537.2,1641650.26
"2021-18757-19/09/2025","PAYNEHAM SOUTH","CC OF NORWOOD,PAYNEHAM & ST PETERS",2,1,0,0,1,2021,"March","Friday","02:00 pm",60,"Sealed","Dry","Not Raining","Daylight","Rear End",2,,,1332198.85,1672910.41
"2021-18761-19/09/2025","WHYALLA PLAYFORD","CC WHYALLA.",2,1,0,0,1,2021,"July","Friday","11:45 am",60,"Sealed","Dry","Not Raining","Daylight","Side Swipe",1,,,1239364.92,1883256.57
"2021-18780-19/09/2025","SALISBURY PLAIN","CITY OF SALISBURY",2,1,0,0,1,2021,"July","Friday","05:48 pm",60,"Sealed","Wet","Raining","Night","Rear End",2,,,1335455.1,1688128.4
"2021-18781-19/09/2025","GLENSIDE","CITY OF BURNSIDE",3,1,0,0,1,2021,"July","Friday","06:27 pm",60,"Sealed","Wet","Raining","Night","Right Angle",2,,,1330673.28,1668997.6
"2021-18785-19/09/2025","FULHAM","CITY OF WEST TORRENS",3,1,0,0,1,2021,"July","Friday","07:19 pm",50,"Sealed","Wet","Not Raining","Night","Right Angle",2,,,1320341.74,1670938.84
"2021-18792-19/09/2025","TORRENSVILLE","CITY OF WEST TORRENS",2,1,0,0,1,2021,"July","Friday","11:25 pm",50,"Sealed","Wet","Raining","Night","Hit Fixed Object",1,"Y","Y",1324969,1671039.71
"2021-18797-19/09/2025","PENOLA","WATTLE RANGE COUNCIL",2,1,0,0,1,2021,"July","Friday","10:05 pm",110,"Sealed","Wet","Raining","Night","Hit Fixed Object",9,,,1518175.42,1392054.4
"2021-18799-19/09/2025","WEST BEACH","CITY OF CHARLES STURT",2,1,0,0,1,2021,"July","Saturday","11:00 am",50,"Sealed","Dry","Not Raining","Daylight","Right Angle",2,,,1319712.09,1668800.39
"2021-18802-19/09/2025","MORPHETT VALE","CITY OF ONKAPARINGA",2,1,0,0,1,2021,"July","Saturday","12:55 pm",60,"Sealed","Dry","Not Raining","Daylight","Right Turn",1,,,1320740.69,1651011.75
"2021-18818-19/09/2025","HACKHAM WEST","CITY OF ONKAPARINGA",2,5,0,0,5,2021,"July","Saturday","07:20 pm",60,"Sealed","Dry","Not Raining","Night","Right Turn",1,,,1320847.03,1647531.84
"2021-18819-19/09/2025","ADELAIDE","CITY OF ADELAIDE",3,4,0,0,4,2021,"July","Saturday","08:30 pm",50,"Sealed","Wet","Not Raining","Night","Rear End",1,,,1327926.78,1670459.2
"2021-18820-19/09/2025","ELIZABETH NORTH","CITY OF PLAYFORD.",2,3,0,1,2,2021,"July","Saturday","10:06 pm",50,"Sealed","Wet","Raining","Night","Hit Fixed Object",1,"Y","Y",1336417.78,1695642.44
"2021-18822-19/09/2025","MOUNT GAMBIER","CC MT.GAMBIER.",2,1,0,0,1,2021,"July","Saturday","10:59 pm",60,"Sealed","Wet","Raining","Night","Hit Fixed Object",1,,,1508569.99,1338011.44
"2021-18823-19/09/2025","PORT AUGUSTA WEST","CC PT.AUGUSTA.",2,1,0,0,1,2021,"July","Saturday","10:18 pm",60,"Sealed","Dry","Not Raining","Night","Hit Pedestrian",2,,,1258668.44,1943220.29
"2021-18824-19/09/2025","HAPPY VALLEY","CITY OF ONKAPARINGA",2,2,0,2,0,2021,"July","Saturday","11:13 pm",80,"Sealed","Dry","Not Raining","Night","Right Turn",2,,"Y",1323035.19,1653569.3
"2021-18830-19/09/2025","ADELAIDE","CITY OF ADELAIDE",2,1,0,0,1,2021,"July","Saturday","10:30 pm",50,"Sealed","Wet","Raining","Night","Right Turn",1,,,1329506.27,1671011.88
"2021-18834-19/09/2025","ADELAIDE","CITY OF ADELAIDE",2,1,0,1,0,2021,"July","Sunday","12:10 pm",50,"Unsealed","Dry","Not Raining","Daylight","Side Swipe",1,,,1327878.65,1669860.7
"2021-18836-19/09/2025","KENSINGTON GARDENS","CITY OF BURNSIDE",3,1,0,1,0,2021,"July","Sunday","10:10 am",50,"Sealed","Wet","Not Raining","Daylight","Hit Parked Vehicle",1,,"Y",1334125.05,1671297.13
"2021-18837-19/09/2025","ELIZABETH EAST","CITY OF PLAYFORD.",2,1,0,0,1,2021,"July","Saturday","01:30 am",80,"Sealed","Wet","Raining","Night","Hit Fixed Object",1,,,1336038.21,1692710.13
"2021-18839-19/09/2025","PROSPECT","CITY OF PROSPECT",2,1,0,0,1,2021,"July","Wednesday","06:45 am",60,"Sealed","Dry","Not Raining","Night","Hit Pedestrian",1,,,1328059.62,1676423.15
"2021-18844-19/09/2025","NAIRNE","DC MT.BARKER.",2,2,0,2,0,2021,"July","Sunday","03:00 pm",80,"Sealed","Dry","Not Raining","Daylight","Rear End",2,,,1355291.41,1659749.11
"2021-18845-19/09/2025","ELIZABETH DOWNS","CITY OF PLAYFORD.",2,1,0,1,0,2021,"July","Sunday","04:03 pm",60,"Sealed","Dry","Not Raining","Daylight","Right Turn",1,,,1337892.32,1696510.46
"2021-18846-19/09/2025","MOUNT GAMBIER","CC MT.GAMBIER.",3,2,0,0,2,2021,"July","Saturday","10:55 am",50,"Sealed","Dry","Not Raining","Daylight","Hit Parked Vehicle",1,,,1509198,1341986.62
"2021-18858-19/09/2025","CHANDLERS HILL","CITY OF ONKAPARINGA",2,1,0,1,0,2021,"July","Monday","07:15 am",70,"Sealed","Wet","Raining","Night","Hit Animal",2,,,1329943.31,1653227.62
"2021-18863-19/09/2025","WASLEYS","LIGHT REGIONAL COUNCIL",4,1,0,0,1,2021,"July","Monday","06:25 am",100,"Sealed","Dry","Not Raining","Night","Hit Fixed Object",1,,,1337284.95,1720898.96
"2021-18869-19/09/2025","HOLOWILIENA",,1,1,0,0,1,2021,"July","Sunday","03:00 pm",100,"Unsealed","Dry","Not Raining","Daylight","Roll Over",1,,,1361826.02,2004838.56
"2021-18871-19/09/2025","MYRTLE BANK","CITY OF UNLEY",2,1,0,0,1,2021,"April","Friday","04:30 pm",60,"Sealed","Dry","Not Raining","Daylight","Right Angle",2,,,1331861.79,1667177.84
"2021-18873-19/09/2025","PARAFIELD GARDENS","CITY OF SALISBURY",2,1,0,0,1,2021,"July","Monday","01:50 pm",50,"Sealed","Dry","Not Raining","Daylight","Right Turn",2,,,1330574.08,1685958.46
"2021-18875-19/09/2025","ONE TREE HILL","CITY OF PLAYFORD.",2,1,0,0,1,2021,"July","Monday","01:45 pm",80,"Sealed","Wet","Raining","Daylight","Right Angle",2,,,1345404.66,1692419.4
"2021-18878-19/09/2025","WONGYARRA","DC MT.REMARKABLE.",1,1,0,0,1,2021,"July","Monday","01:30 pm",100,"Unsealed","Wet","Not Raining","Daylight","Roll Over",1,,,1302297.91,1886780.73
"2021-18881-19/09/2025","CAMPBELLTOWN","CC CAMPBELLTOWN.",3,1,0,0,1,2021,"July","Monday","03:10 pm",60,"Sealed","Dry","Not Raining","Daylight","Right Angle",2,,,1334468.27,1675734.19
"2021-18882-19/09/2025","LOWER LIGHT","DC MALLALA.",2,2,1,1,0,2021,"July","Monday","01:55 pm",110,"Sealed","Dry","Not Raining","Daylight","Roll Over",1,,,1316547.04,1713072.45
"2021-18886-19/09/2025","WALLAROO MINES","COPPER COAST DISTRICT COUNCIL",2,2,0,0,2,2021,"July","Monday","05:15 pm",60,"Sealed","Dry","Not Raining","Daylight","Rear End",1,,,1248775.87,1780091.49
"2021-18887-19/09/2025","DRY CREEK","CITY OF SALISBURY",2,1,0,0,1,2021,"July","Monday","05:15 pm",110,"Sealed","Dry","Not Raining","Daylight","Side Swipe",2,,,1325434.65,1683016.94
"2021-18888-19/09/2025","HOLDEN HILL","CITY OF TEA TREE GULLY",3,1,0,0,1,2021,"July","Monday","06:25 pm",60,"Sealed","Wet","Raining","Night","Right Turn",2,,,1334713.27,1678543.84
"2021-18890-19/09/2025","MAWSON LAKES","CITY OF SALISBURY",3,1,0,0,1,2021,"July","Monday","07:43 pm",60,"Sealed","Wet","Raining","Night","Rear End",1,,,1329952.29,1684280.77
"2021-18891-19/09/2025","BURTON","CITY OF SALISBURY",4,1,0,0,1,2021,"July","Monday","07:25 pm",60,"Sealed","Wet","Raining","Night","Right Angle",2,,,1330151.76,1690822.54
"2021-18892-19/09/2025","MUNNO PARA","CITY OF PLAYFORD.",2,1,0,0,1,2021,"July","Monday","02:55 pm",60,"Sealed","Dry","Not Raining","Daylight","Rear End",2,,,1336692.66,1698550.18
"2021-18895-19/09/2025","CHELTENHAM","CITY OF CHARLES STURT",2,2,0,1,1,2021,"July","Monday","09:15 pm",60,"Sealed","Wet","Raining","Night","Right Turn",2,,,1322282.82,1677760.1
"2021-18896-19/09/2025","DARLINGTON","CC MARION.",2,1,0,0,1,2021,"July","Monday","11:16 pm",100,"Sealed","Wet","Not Raining","Night","Rear End",2,,,1324077.53,1659313.08
"2021-18899-19/09/2025","MEDINDIE","WALKERVILLE TOWN COUNCIL",2,1,0,0,1,2021,"July","Monday","12:35 pm",60,"Sealed","Dry","Not Raining","Daylight","Right Turn",2,,,1328359.11,1673680.45
"2021-18901-19/09/2025","PARK HOLME","CC MARION.",2,2,0,0,2,2021,"July","Tuesday","10:25 am",60,"Sealed","Wet","Not Raining","Daylight","Hit Fixed Object",1,,,1324306.18,1663906.57
"2021-18904-19/09/2025","PROSPECT","CITY OF PROSPECT",2,2,0,0,2,2021,"July","Thursday","01:00 pm",40,"Sealed","Dry","Not Raining","Daylight","Rear End",2,,,1328096.16,1675072.37
"2021-18905-19/09/2025","NORTH ADELAIDE","CITY OF ADELAIDE",3,3,0,0,3,2021,"July","Monday","06:45 pm",50,"Sealed","Wet","Raining","Night","Hit Pedestrian",2,,,1328596.07,1672974.03
"2021-18907-19/09/2025","WOODVILLE NORTH","CITY OF PORT ADELAIDE ENFIELD",2,1,0,0,1,2021,"July","Tuesday","01:30 pm",60,"Sealed","Dry","Not Raining","Daylight","Hit Parked Vehicle",1,,,1323962.82,1677102.32
"2021-18908-19/09/2025","VALE PARK","WALKERVILLE TOWN COUNCIL",3,1,0,0,1,2021,"July","Tuesday","03:26 pm",50,"Sealed","Dry","Not Raining","Daylight","Hit Parked Vehicle",1,,,1331457.34,1674970.25
"2021-18909-19/09/2025","SMITHFIELD PLAINS","CITY OF PLAYFORD.",3,2,0,0,2,2021,"July","Tuesday","02:45 pm",60,"Sealed","Dry","Not Raining","Daylight","Rear End",2,,,1336899.06,1697749.75
"2021-18911-19/09/2025","PLYMPTON","CITY OF WEST TORRENS",1,1,0,0,1,2021,"July","Monday","04:30 pm",50,"Sealed","Wet","Raining","Daylight","Roll Over",1,,,1324978.19,1667353.26
"2021-18914-19/09/2025","ALDINGA","CITY OF ONKAPARINGA",2,1,0,0,1,2021,"July","Tuesday","03:49 pm",90,"Sealed","Dry","Not Raining","Daylight","Rear End",1,,,1316982.44,1633429.01
"2021-18916-19/09/2025","DAW PARK","CC MITCHAM.",2,1,0,0,1,2021,"July","Tuesday","04:45 pm",60,"Sealed","Dry","Not Raining","Daylight","Hit Pedestrian",1,,,1326717.86,1664971.41
"2021-18919-19/09/2025","HIGHGATE","CITY OF UNLEY",2,1,0,0,1,2021,"July","Tuesday","08:55 am",60,"Sealed","Dry","Not Raining","Daylight","Rear End",2,,,1330521.93,1666284.61
"2021-18920-19/09/2025","INGLE FARM","CITY OF SALISBURY",2,1,0,0,1,2021,"July","Tuesday","02:40 pm",50,"Sealed","Dry","Not Raining","Daylight","Rear End",2,,,1332619.93,1681449.44
"2021-18930-19/09/2025","DARLINGTON","CITY OF ONKAPARINGA",1,1,1,0,0,2021,"July","Wednesday","06:35 am",80,"Sealed","Dry","Not Raining","Night","Roll Over",1,,,1324330.84,1658784.68
"2021-18933-19/09/2025","BEDFORD PARK","CC MARION.",2,1,0,0,1,2021,"July","Tuesday","06:45 am",80,"Sealed","Dry","Not Raining","Night","Side Swipe",2,,,1324625.85,1660062.63
"2021-18934-19/09/2025","CLARENCE GARDENS","CC MITCHAM.",2,1,0,0,1,2021,"July","Saturday","01:30 pm",60,"Sealed","Dry","Not Raining","Daylight","Rear End",2,,,1325860.87,1666151.31
"2021-18936-19/09/2025","SALISBURY EAST","CITY OF SALISBURY",2,1,0,0,1,2021,"July","Monday","12:00 pm",60,"Sealed","Dry","Not Raining","Daylight","Rear End",2,,,1334189.82,1684652.72
"2021-18939-19/09/2025","KANGARILLA","CITY OF ONKAPARINGA",2,1,0,0,1,2021,"July","Thursday","04:00 am",80,"Sealed","Dry","Not Raining","Night","Hit Fixed Object",1,,,1333421.5,1647259.07
"2021-18945-19/09/2025","GEPPS CROSS","CITY OF PORT ADELAIDE ENFIELD",2,1,0,0,1,2021,"July","Thursday","02:45 pm",60,"Sealed","Dry","Not Raining","Daylight","Right Turn",1,,,1330377.17,1679315.41
"2021-18950-19/09/2025","PARILLA","SOUTHERN MALLEE DISTRICT COUNCIL",2,2,0,1,1,2021,"July","Thursday","06:15 pm",110,"Sealed","Wet","Raining","Night","Hit Fixed Object",1,,,1509549.81,1621164.91
"2021-18955-19/09/2025","ELIZABETH VALE","CITY OF PLAYFORD.",2,1,0,0,1,2021,"July","Friday","10:45 am",60,"Sealed","Wet","Not Raining","Daylight","Hit Fixed Object",1,,,1334353.21,1689788.21
"2021-18956-19/09/2025","MORTANA","DC STREAKY BAY.",3,1,0,0,1,2021,"July","Thursday","08:15 pm",110,"Sealed","Wet","Raining","Night","Hit Animal",2,,,951966.92,1891241.45
"2021-18958-19/09/2025","CLOVELLY PARK","CC MARION.",2,1,0,0,1,2021,"June","Tuesday","08:30 am",60,"Sealed","Dry","Not Raining","Daylight","Right Turn",2,,,1325246.65,1663297.21
"2021-18961-19/09/2025","MORPHETT VALE","CITY OF ONKAPARINGA",2,1,0,0,1,2021,"July","Friday","09:52 pm",50,"Sealed","Wet","Raining","Night","Hit Parked Vehicle",1,,,1322049.29,1649453.02
"2021-18962-19/09/2025","UNLEY","CITY OF UNLEY",2,1,0,0,1,2021,"July","Friday","09:40 pm",60,"Sealed","Wet","Not Raining","Night","Rear End",2,,,1328489.37,1668964.8
"2021-18963-19/09/2025","ELIZABETH NORTH","CITY OF PLAYFORD.",2,1,0,1,0,2021,"July","Saturday","02:00 am",50,"Sealed","Dry","Not Raining","Night","Hit Pedestrian",2,,,1336229.69,1695482.44
"2021-18964-19/09/2025","EDINBURGH NORTH","CITY OF PLAYFORD.",2,1,0,0,1,2021,"July","Saturday","08:25 am",60,"Sealed","Wet","Raining","Daylight","Hit Fixed Object",1,,,1333888.71,1694789.04
"2021-18967-19/09/2025","O'HALLORAN HILL","CITY OF ONKAPARINGA",2,1,0,0,1,2021,"July","Saturday","01:26 pm",50,"Sealed","Wet","Raining","Daylight","Right Angle",1,,,1323903.87,1655220.69
"2021-18970-19/09/2025","VISTA","CITY OF TEA TREE GULLY",2,1,0,0,1,2021,"July","Saturday","06:35 pm",60,"Sealed","Dry","Not Raining","Night","Rear End",2,,,1339790.92,1679937.68
"2021-18971-19/09/2025","GOULD CREEK","CITY OF PLAYFORD.",2,2,0,0,2,2021,"July","Saturday","08:30 pm",50,"Unsealed","Wet","Raining","Night","Hit Fixed Object",1,,,1345012.87,1688508.6
"2021-18973-19/09/2025","INGLE FARM","CITY OF SALISBURY",3,1,0,1,0,2021,"July","Sunday","03:53 am",50,"Sealed","Wet","Unknown","Night","Hit Fixed Object",1,"Y",,1332694.12,1681746.53
"2021-18975-19/09/2025","COLLEY","DC STREAKY BAY.",2,1,0,0,1,2021,"July","Friday","06:00 pm",100,"Unsealed","Wet","Raining","Night","Hit Fixed Object",1,"Y",,972738.79,1879964.23
"2021-18978-19/09/2025","SALISBURY DOWNS","CITY OF SALISBURY",2,2,0,0,2,2021,"July","Sunday","02:02 pm",60,"Sealed","Dry","Not Raining","Daylight","Hit Fixed Object",1,,"Y",1331457.7,1686824.67
"2021-18985-19/09/2025","BACK VALLEY","DC YANKALILLA.",2,1,0,1,0,2021,"July","Sunday","09:50 pm",100,"Unsealed","Wet","Raining","Night","Roll Over",1,"Y","Y",1314641.07,1603808.99
"2021-18989-19/09/2025","GOODWOOD","CITY OF UNLEY",1,1,0,1,0,2021,"July","Monday","09:50 am",40,"Sealed","Dry","Not Raining","Daylight","Roll Over",1,,,1328132.94,1667976.95
"2021-18996-19/09/2025","CHRISTIES BEACH","CITY OF ONKAPARINGA",2,1,0,0,1,2021,"July","Monday","04:40 pm",80,"Sealed","Dry","Not Raining","Daylight","Hit Fixed Object",1,,,1317488.92,1649061.23
"2021-18998-19/09/2025","MOUNT MCINTYRE","WATTLE RANGE COUNCIL",2,1,0,0,1,2021,"July","Tuesday","04:00 am",100,"Sealed","Wet","Not Raining","Night","Hit Object on Road",1,,,1488370.72,1368965.72
"2021-19002-19/09/2025","SMITHFIELD PLAINS","CITY OF PLAYFORD.",3,1,0,1,0,2021,"July","Tuesday","03:51 pm",60,"Sealed","Dry","Not Raining","Daylight","Hit Fixed Object",1,,,1336890.29,1697733.98
"2021-19006-19/09/2025","ALLENBY GARDENS","CITY OF CHARLES STURT",2,1,0,0,1,2021,"July","Tuesday","06:55 pm",40,"Sealed","Wet","Raining","Night","Hit Fixed Object",1,,,1324464.59,1673291.38
"2021-19011-19/09/2025","MILLBROOK","THE ADELAIDE HILLS COUNCIL",2,2,0,0,2,2021,"July","Wednesday","04:00 am",80,"Sealed","Wet","Raining","Night","Hit Fixed Object",1,,,1346995.53,1681882.1
"2021-19013-19/09/2025","PARALOWIE","CITY OF SALISBURY",2,1,0,0,1,2021,"July","Tuesday","07:05 pm",60,"Sealed","Wet","Raining","Night","Right Angle",1,,,1328997.56,1689352.64
"2021-19017-19/09/2025","TUSMORE","CITY OF BURNSIDE",2,1,0,0,1,2021,"July","Wednesday","09:15 am",60,"Sealed","Dry","Not Raining","Daylight","Right Angle",2,,,1333197.69,1669076.37
"2021-19020-19/09/2025","VIRGINIA","CITY OF PLAYFORD.",2,1,0,0,1,2021,"July","Wednesday","09:40 am",50,"Sealed","Wet","Not Raining","Daylight","Right Angle",2,,,1325845.26,1699473.52
"2021-19022-19/09/2025","ADELAIDE","CITY OF ADELAIDE",2,1,0,0,1,2021,"July","Tuesday","12:00 pm",50,"Unsealed","Dry","Not Raining","Daylight","Head On",2,,,1328451.09,1671570.6
"2021-19024-19/09/2025","MILE END","CITY OF WEST TORRENS",2,1,0,0,1,2021,"July","Wednesday","11:45 am",60,"Sealed","Dry","Not Raining","Daylight","Rear End",1,,,1326627.44,1671015.08
"2021-19025-19/09/2025","NOARLUNGA DOWNS","CITY OF ONKAPARINGA",3,1,0,0,1,2021,"July","Wednesday","12:10 pm",50,"Sealed","Dry","Not Raining","Daylight","Hit Parked Vehicle",1,,,1317879.24,1646118.04
"2021-19026-19/09/2025","FULHAM","CITY OF WEST TORRENS",3,1,0,0,1,2021,"July","Wednesday","12:20 pm",60,"Sealed","Dry","Not Raining","Daylight","Rear End",1,,,1320983.43,1670707.07
"2021-19028-19/09/2025","ST MARYS","CC MITCHAM.",2,1,0,1,0,2021,"July","Wednesday","12:55 pm",60,"Sealed","Dry","Not Raining","Daylight","Right Turn",2,,,1325955.93,1663326.3
"2021-19029-19/09/2025","PORT ADELAIDE","CITY OF PORT ADELAIDE ENFIELD",2,1,1,0,0,2021,"July","Wednesday","11:20 am",40,"Sealed","Wet","Not Raining","Daylight","Hit Pedestrian",1,,,1320026.86,1679951.3
"2021-19030-19/09/2025","PENWORTHAM","CLARE AND GILBERT VALLEYS DISTRICT COUNCIL",2,1,0,0,1,2021,"July","Wednesday","01:30 pm",100,"Sealed","Wet","Raining","Daylight","Hit Fixed Object",1,,,1335799.48,1780628.08
"2021-19034-19/09/2025","KENSINGTON PARK","CITY OF BURNSIDE",2,1,0,0,1,2021,"July","Wednesday","01:30 pm",60,"Sealed","Dry","Not Raining","Daylight","Right Angle",2,,,1333879.5,1671121.63
"2021-19036-19/09/2025","BUGLE RANGES","DC MT.BARKER.",2,1,0,0,1,2021,"July","Wednesday","02:25 pm",80,"Sealed","Wet","Not Raining","Daylight","Hit Fixed Object",1,"Y",,1350355.95,1646548.81
"2021-19046-19/09/2025","GLYNDE","CC OF NORWOOD,PAYNEHAM & ST PETERS",2,1,0,0,1,2021,"July","Wednesday","04:53 pm",50,"Sealed","Dry","Not Raining","Daylight","Hit Fixed Object",1,,,1333753.72,1673646.2
"2021-19047-19/09/2025","BIRKENHEAD","CITY OF PORT ADELAIDE ENFIELD",2,1,0,1,0,2021,"July","Wednesday","07:10 pm",60,"Sealed","Dry","Not Raining","Night","Right Angle",1,,,1319529.71,1680498.67
"2021-19051-19/09/2025","BAROOTA","DC MT.REMARKABLE.",2,4,2,2,0,2021,"July","Wednesday","03:40 pm",110,"Sealed","Dry","Not Raining","Daylight","Hit Fixed Object",1,,"Y",1278324.41,1895973.86
"2021-19052-19/09/2025","TRURO","MID MURRAY DISTRICT COUNCIL",1,1,0,0,1,2021,"July","Wednesday","09:05 pm",110,"Sealed","Wet","Not Raining","Night","Roll Over",1,,,1385866.95,1727078.95
"2021-19058-19/09/2025","SEATON","CITY OF CHARLES STURT",2,1,0,0,1,2021,"July","Thursday","06:50 am",60,"Sealed","Dry","Not Raining","Night","Hit Parked Vehicle",1,,,1320731.75,1675061.34
"2021-19061-19/09/2025","CHRISTIE DOWNS","CITY OF ONKAPARINGA",2,1,0,0,1,2021,"July","Thursday","09:20 am",100,"Sealed","Dry","Not Raining","Daylight","Hit Fixed Object",1,,,1319157.51,1648619.95
"2021-19063-19/09/2025","ADELAIDE","CITY OF ADELAIDE",2,1,0,0,1,2021,"July","Thursday","10:10 am",60,"Sealed","Dry","Not Raining","Daylight","Hit Parked Vehicle",1,,,1327155.26,1670306.49