"REPORT_ID","Suburb","LGA Name","Total Units","Total Cas","Total Fats","Total SI","Total MI","Year","Month","Day","Time","Area Speed","Road Surface","Moisture Cond","Weather Cond","DayNight","Crash Type","Unit Resp","DUI Involved","Drugs Involved","ACCLOC_X","ACCLOC_Y"
"2021-19065-19/09/2025","PARAFIELD GARDENS","CITY OF SALISBURY",2,1,0,0,1,2021,"July","Thursday","11:00 am",50,"Sealed","Dry","Not Raining","Daylight","Right Angle",1,,,1330886.09,1685809.66
"2021-19066-19/09/2025","BERRI","THE BERRI BARMERA COUNCIL",2,2,0,0,2,2021,"July","Thursday","11:40 am",60,"Sealed","Dry","Not Raining","Daylight","Side Swipe",2,,"Y",1515987.09,1736367.67
"2021-19068-19/09/2025","HILLBANK","CITY OF PLAYFORD.",2,1,0,0,1,2021,"July","Thursday","09:35 am",80,"Sealed","Dry","Not Raining","Daylight","Right Angle",2,,,1336127.25,1690847.05
"2021-19070-19/09/2025","MORPHETT VALE","CITY OF ONKAPARINGA",2,1,0,0,1,2021,"May","Tuesday","07:30 am",70,"Sealed","Dry","Not Raining","Daylight","Rear End",2,,,1319574.44,1650993
"2021-19074-19/09/2025","NOARLUNGA DOWNS","CITY OF ONKAPARINGA",2,1,0,0,1,2021,"July","Thursday","01:04 pm",60,"Sealed","Dry","Not Raining","Daylight","Right Angle",2,,,1318141.08,1646799.61
"2021-19075-19/09/2025","GLENELG","CITY OF HOLDFAST BAY",2,1,0,1,0,2021,"July","Thursday","01:37 pm",40,"Sealed","Dry","Not Raining","Daylight","Hit Pedestrian",1,,,1320629.77,1664889.26
"2021-19076-19/09/2025","NOVAR GARDENS","CITY OF WEST TORRENS",2,1,0,1,0,2021,"July","Thursday","01:50 pm",60,"Sealed","Dry","Not Raining","Daylight","Hit Fixed Object",1,,,1322603.87,1666572.27
"2021-19079-19/09/2025","PARK HOLME","CC MARION.",2,1,0,0,1,2021,"July","Thursday","01:00 pm",60,"Sealed","Dry","Not Raining","Daylight","Right Angle",2,,,1324299.68,1664120.04
"2021-19081-19/09/2025","MORPHETT VALE","CITY OF ONKAPARINGA",1,1,0,0,1,2021,"July","Thursday","03:34 pm",50,"Sealed","Dry","Not Raining","Daylight","Roll Over",1,,,1321276.52,1648301.23
"2021-19084-19/09/2025","GOLDEN GROVE","CITY OF TEA TREE GULLY",2,1,0,0,1,2021,"July","Thursday","04:15 pm",60,"Sealed","Dry","Not Raining","Daylight","Roll Over",1,,,1339768.13,1685880.56
"2021-19094-19/09/2025","MULLAQUANA","CC WHYALLA.",2,1,0,1,0,2021,"July","Thursday","05:00 pm",100,"Sealed","Dry","Not Raining","Daylight","Side Swipe",2,,,1235122.81,1878944.07
"2021-19098-19/09/2025","CAVAN","CITY OF SALISBURY",2,1,0,0,1,2021,"July","Friday","06:25 am",70,"Sealed","Dry","Not Raining","Night","Side Swipe",1,,,1328743.09,1681375.74
"2021-19099-19/09/2025","MARLESTON","CITY OF WEST TORRENS",3,2,0,0,2,2021,"July","Friday","06:10 am",60,"Sealed","Dry","Not Raining","Night","Rear End",1,,,1325800.69,1668751.34
"2021-19100-19/09/2025","SOUTH PLYMPTON","CC MARION.",2,1,0,0,1,2021,"July","Friday","08:15 am",60,"Sealed","Dry","Not Raining","Daylight","Right Turn",1,,,1324247.23,1666113.9
"2021-19105-19/09/2025","KERSBROOK","THE ADELAIDE HILLS COUNCIL",2,1,0,0,1,2021,"July","Friday","07:35 am",100,"Sealed","Dry","Not Raining","Daylight","Right Angle",1,,,1351626.3,1684092.25
"2021-19107-19/09/2025","STIRLING","THE ADELAIDE HILLS COUNCIL",2,1,0,0,1,2021,"July","Friday","07:55 am",80,"Sealed","Dry","Not Raining","Daylight","Rear End",1,,,1338468.51,1661544.57
"2021-19117-19/09/2025","GULNARE","NORTHERN AREAS DISTRICT COUNCIL",2,2,0,0,2,2021,"July","Friday","11:35 am",110,"Sealed","Dry","Not Raining","Daylight","Right Angle",1,,,1318475.8,1832853.84
"2021-19121-19/09/2025","KURRALTA PARK","CITY OF WEST TORRENS",2,1,0,0,1,2021,"July","Thursday","06:09 pm",60,"Sealed","Dry","Not Raining","Night","Rear End",2,,,1325056.76,1667167.22
"2021-19128-19/09/2025","BLAKEVIEW","CITY OF PLAYFORD.",2,1,0,0,1,2021,"July","Friday","08:20 am",80,"Sealed","Wet","Not Raining","Daylight","Rear End",1,,,1337658.48,1696676.19
"2021-19129-19/09/2025","TUSMORE","CITY OF BURNSIDE",2,1,0,0,1,2021,"July","Friday","09:35 pm",60,"Sealed","Wet","Not Raining","Night","Right Turn",1,,,1332323.44,1669056.96
"2021-19131-19/09/2025","THORNLEA","WATTLE RANGE COUNCIL",2,1,1,0,0,2021,"July","Friday","10:00 pm",110,"Sealed","Dry","Not Raining","Night","Head On",1,,,1464977.35,1387932.88
"2021-19133-19/09/2025","DRY CREEK","CITY OF SALISBURY",2,1,0,1,0,2021,"July","Saturday","06:00 am",90,"Sealed","Dry","Not Raining","Night","Right Angle",1,,,1327392.62,1681252.34
"2021-19134-19/09/2025","SEATON","CITY OF CHARLES STURT",3,4,0,0,4,2021,"July","Saturday","08:00 am",60,"Sealed","Dry","Not Raining","Daylight","Rear End",1,,,1320713.46,1676070.15
"2021-19135-19/09/2025","EDWARDSTOWN","CC MARION.",2,1,0,0,1,2021,"July","Saturday","08:10 am",50,"Sealed","Dry","Not Raining","Daylight","Hit Parked Vehicle",1,,,1325321.8,1663772.76
"2021-19137-19/09/2025","POORAKA","CITY OF SALISBURY",2,2,0,0,2,2021,"July","Saturday","09:46 am",80,"Sealed","Wet","Not Raining","Daylight","Right Angle",2,,,1331536.65,1683142.51
"2021-19139-19/09/2025","WOODVILLE PARK","CITY OF CHARLES STURT",2,2,0,0,2,2021,"July","Saturday","10:20 am",60,"Unsealed","Wet","Raining","Daylight","Right Angle",2,"Y",,1324107.82,1675858.37
"2021-19140-19/09/2025","FITZROY","CITY OF PROSPECT",2,1,0,0,1,2021,"July","Tuesday","04:00 pm",60,"Sealed","Dry","Not Raining","Daylight","Rear End",2,,,1327600.28,1673638.86
"2021-19141-19/09/2025","NORWOOD","CC OF NORWOOD,PAYNEHAM & ST PETERS",2,1,0,0,1,2021,"July","Friday","03:40 pm",50,"Sealed","Dry","Not Raining","Daylight","Rear End",1,,,1331534.46,1670723.72
"2021-19144-19/09/2025","TORRENS PARK","CC MITCHAM.",2,1,0,0,1,2021,"July","Saturday","04:55 pm",60,"Sealed","Wet","Raining","Daylight","Rear End",2,,,1329165.42,1665187.81
"2021-19145-19/09/2025","CULTANA","CC PT.AUGUSTA.",1,1,1,0,0,2021,"July","Saturday","04:10 pm",100,"Sealed","Dry","Not Raining","Daylight","Roll Over",1,"Y","Y",1256591.29,1937512.33
"2021-19148-19/09/2025","MUNNO PARA","CITY OF PLAYFORD.",3,1,0,0,1,2021,"July","Saturday","08:00 pm",80,"Sealed","Wet","Raining","Night","Rear End",1,,,1338210.83,1697712.55
"2021-19149-19/09/2025","PENNINGTON","CITY OF CHARLES STURT",2,1,0,0,1,2021,"July","Saturday","09:15 pm",60,"Sealed","Dry","Not Raining","Night","Hit Fixed Object",1,,,1323102.86,1679134.11
"2021-19157-19/09/2025","GLENGOWRIE","CC MARION.",2,1,0,0,1,2021,"July","Thursday","10:30 am",60,"Sealed","Dry","Not Raining","Daylight","Rear End",2,,,1321403.49,1663922.65
"2021-19158-19/09/2025","MAYLANDS","CC OF NORWOOD,PAYNEHAM & ST PETERS",2,1,0,0,1,2021,"August","Sunday","11:47 am",50,"Sealed","Dry","Not Raining","Daylight","Hit Parked Vehicle",1,,,1331824.12,1672298.1
"2021-19167-19/09/2025","ELIZABETH VALE","CITY OF PLAYFORD.",2,2,0,0,2,2021,"August","Sunday","04:10 pm",60,"Sealed","Dry","Not Raining","Daylight","Head On",2,,,1335575.26,1690152.73
"2021-19168-19/09/2025","ADELAIDE","CITY OF ADELAIDE",2,1,0,1,0,2021,"August","Sunday","03:10 pm",50,"Sealed","Dry","Not Raining","Daylight","Right Turn",2,,,1329043.2,1670049.08
"2021-19177-19/09/2025","SHEA-OAK LOG","LIGHT REGIONAL COUNCIL",2,1,0,1,0,2021,"August","Sunday","07:20 pm",100,"Unsealed","Wet","Not Raining","Night","Hit Fixed Object",1,,,1351084.49,1718099.73
"2021-19180-19/09/2025","VERDUN","THE ADELAIDE HILLS COUNCIL",2,2,0,0,2,2021,"August","Sunday","12:55 pm",80,"Sealed","Dry","Not Raining","Daylight","Rear End",2,,,1345247.01,1659767.24
"2021-19183-19/09/2025","ANDREWS FARM","CITY OF PLAYFORD.",2,1,0,0,1,2021,"August","Monday","07:30 am",60,"Sealed","Dry","Not Raining","Daylight","Right Angle",2,,,1335019.44,1699478.57
"2021-19184-19/09/2025","MYLOR","THE ADELAIDE HILLS COUNCIL",1,1,0,0,1,2021,"August","Sunday","01:40 pm",80,"Sealed","Dry","Not Raining","Daylight","Roll Over",1,,,1342487.65,1656523.32
"2021-19187-19/09/2025","WOODVILLE","CITY OF CHARLES STURT",2,1,0,0,1,2021,"August","Monday","08:57 am",50,"Sealed","Dry","Not Raining","Daylight","Rear End",2,,,1323116.13,1676277.81
"2021-19188-19/09/2025","LUCINDALE","DC NARACOORTE & LUCINDALE.",3,1,0,0,1,2021,"August","Sunday","08:00 am",110,"Sealed","Wet","Raining","Daylight","Hit Fixed Object",1,,,1476192.73,1444376.7
"2021-19193-19/09/2025","MIDDLETON","ALEXANDRINA COUNCIL",2,1,0,0,1,2021,"August","Sunday","02:30 pm",50,"Sealed","Dry","Not Raining","Daylight","Right Angle",2,,,1335873.03,1605558.27
"2021-19195-19/09/2025","MONASH","THE BERRI BARMERA COUNCIL",2,3,0,0,3,2021,"August","Monday","11:10 am",110,"Sealed","Dry","Not Raining","Daylight","Side Swipe",1,,,1511632.81,1739090.72
"2021-19196-19/09/2025","ADELAIDE","CITY OF ADELAIDE",2,1,0,0,1,2021,"August","Monday","11:47 am",50,"Sealed","Dry","Not Raining","Daylight","Hit Pedestrian",2,,,1328282.45,1671143.29
"2021-19199-19/09/2025","LUCINDALE","DC NARACOORTE & LUCINDALE.",2,2,0,0,2,2021,"July","Saturday","03:50 pm",110,"Sealed","Wet","Raining","Daylight","Hit Fixed Object",1,,,1478435.27,1430533.98
"2021-19201-19/09/2025","INGLE FARM","CITY OF SALISBURY",3,1,0,0,1,2021,"August","Monday","02:36 pm",70,"Sealed","Wet","Not Raining","Daylight","Right Turn",1,,,1332599.08,1681609.28
"2021-19202-19/09/2025","MERRITON","PT.PIRIE CITY & DIST. COUNCIL",1,1,0,0,1,2021,"August","Monday","02:35 pm",110,"Sealed","Wet","Raining","Daylight","Roll Over",1,,,1292787.67,1837769.07
"2021-19210-19/09/2025","ENFIELD","CITY OF PORT ADELAIDE ENFIELD",1,1,0,1,0,2021,"July","Saturday","03:00 am",60,"Sealed","Wet","Raining","Night","Roll Over",1,,,1328812.8,1678568.94
"2021-19214-19/09/2025","KESWICK TERMINAL","CITY OF WEST TORRENS",3,1,0,1,0,2021,"August","Monday","05:22 pm",60,"Sealed","Wet","Raining","Daylight","Right Turn",1,,,1326431.79,1668967.8
"2021-19217-19/09/2025","MCLAREN VALE","CITY OF ONKAPARINGA",3,1,0,0,1,2021,"August","Monday","06:50 pm",60,"Sealed","Wet","Not Raining","Night","Hit Animal",2,,,1318344.71,1641676.25
"2021-19221-19/09/2025","ALDINGA BEACH","CITY OF ONKAPARINGA",2,1,0,0,1,2021,"August","Monday","11:15 pm",50,"Sealed","Wet","Raining","Night","Hit Fixed Object",1,"Y",,1313680.34,1632907.57
"2021-19223-19/09/2025","PLYMPTON","CITY OF WEST TORRENS",2,2,0,0,2,2021,"August","Tuesday","07:09 am",60,"Sealed","Dry","Not Raining","Daylight","Right Turn",1,,,1324227.3,1666580.54
"2021-19225-19/09/2025","ROSTREVOR","CC CAMPBELLTOWN.",2,1,0,0,1,2021,"August","Tuesday","08:35 am",60,"Sealed","Dry","Not Raining","Daylight","Right Angle",2,,,1335450.52,1672991.24
"2021-19230-19/09/2025","BLACKWOOD","CC MITCHAM.",2,1,0,0,1,2021,"August","Monday","05:30 pm",60,"Sealed","Wet","Raining","Daylight","Rear End",2,,,1330193.03,1661027.42
"2021-19233-19/09/2025","PORT LINCOLN","CC PT.LINCOLN.",2,1,0,0,1,2021,"August","Tuesday","11:10 am",60,"Sealed","Wet","Raining","Daylight","Right Angle",1,,,1078035.71,1697970.75
"2021-19240-19/09/2025","TORRENSVILLE","CITY OF WEST TORRENS",5,1,0,0,1,2021,"August","Tuesday","02:17 pm",50,"Sealed","Dry","Not Raining","Daylight","Head On",2,,,1325689.35,1670991.37
"2021-19244-19/09/2025","MOUNT BARKER","DC MT.BARKER.",2,1,0,1,0,2021,"August","Tuesday","04:08 pm",50,"Sealed","Wet","Not Raining","Daylight","Hit Pedestrian",2,,,1351789.62,1654318.42
"2021-19250-19/09/2025","OVINGHAM","CITY OF CHARLES STURT",3,3,0,0,3,2021,"August","Tuesday","03:40 pm",60,"Sealed","Dry","Not Raining","Daylight","Right Turn",1,,,1327121.41,1673280.8
"2021-19258-19/09/2025","ADELAIDE","CITY OF ADELAIDE",2,1,0,0,1,2021,"August","Tuesday","08:40 pm",50,"Sealed","Dry","Not Raining","Night","Hit Pedestrian",1,,,1327930.12,1670340.86
"2021-19271-19/09/2025","KIDMAN PARK","CITY OF CHARLES STURT",2,1,0,1,0,2021,"August","Wednesday","11:15 am",60,"Sealed","Dry","Not Raining","Daylight","Right Angle",1,,,1322240.14,1673120.05
"2021-19272-19/09/2025","NORTH ADELAIDE","CITY OF ADELAIDE",2,1,0,0,1,2021,"August","Wednesday","08:00 am",50,"Sealed","Dry","Not Raining","Daylight","Hit Pedestrian",2,,,1328111.74,1673172.85
"2021-19274-19/09/2025","PARKSIDE","CITY OF UNLEY",3,1,0,1,0,2021,"August","Wednesday","12:20 pm",50,"Sealed","Dry","Not Raining","Daylight","Hit Parked Vehicle",1,,,1330058.41,1668597.52
"2021-19275-19/09/2025","MITCHELL PARK","CC MARION.",2,1,0,0,1,2021,"July","Wednesday","12:00 pm",60,"Sealed","Dry","Not Raining","Daylight","Right Angle",2,,,1324403.18,1660967.98
"2021-19277-19/09/2025","MOONTA","COPPER COAST DISTRICT COUNCIL",2,1,0,0,1,2021,"August","Wednesday","11:58 am",50,"Sealed","Dry","Not Raining","Daylight","Right Angle",1,,,1238857.39,1768157.52
"2021-19278-19/09/2025","POORAKA","CITY OF SALISBURY",2,1,0,0,1,2021,"August","Wednesday","01:40 pm",70,"Sealed","Dry","Not Raining","Daylight","Right Angle",1,,,1330901.74,1681830.98
"2021-19281-19/09/2025","ELIZABETH VALE","CITY OF PLAYFORD.",2,1,0,0,1,2021,"August","Wednesday","02:50 pm",60,"Sealed","Dry","Not Raining","Daylight","Right Angle",2,,,1335254.54,1690056.88
"2021-19287-19/09/2025","RICHMOND","CITY OF WEST TORRENS",3,1,0,0,1,2021,"August","Wednesday","04:10 pm",60,"Sealed","Dry","Not Raining","Daylight","Right Turn",1,,,1325778.62,1669534.55
"2021-19289-19/09/2025","ADELAIDE","CITY OF ADELAIDE",2,1,0,0,1,2021,"August","Wednesday","05:00 pm",50,"Sealed","Dry","Not Raining","Daylight","Hit Pedestrian",1,,,1328013.78,1670657.66
"2021-19291-19/09/2025","WYNN VALE","CITY OF TEA TREE GULLY",2,1,0,0,1,2021,"August","Wednesday","05:38 pm",50,"Sealed","Wet","Not Raining","Night","Rear End",2,,,1336227.12,1684582.78
"2021-19295-19/09/2025","SNOWTOWN","WAKEFIELD REGIONAL COUNCIL",2,1,0,1,0,2021,"August","Wednesday","06:10 pm",110,"Sealed","Dry","Not Raining","Night","Hit Fixed Object",1,,,1296921.37,1799299.39
"2021-19296-19/09/2025","ADELAIDE","CITY OF ADELAIDE",2,1,0,0,1,2021,"August","Wednesday","02:45 pm",60,"Sealed","Dry","Not Raining","Daylight","Rear End",2,,,1327386.13,1670329.21
"2021-19302-19/09/2025","NORWOOD","CC OF NORWOOD,PAYNEHAM & ST PETERS",2,1,0,0,1,2021,"August","Wednesday","03:15 pm",60,"Sealed","Dry","Not Raining","Daylight","Right Angle",2,,,1330623.32,1670361.88
"2021-19305-19/09/2025","OSBORNE","CITY OF PORT ADELAIDE ENFIELD",2,1,0,0,1,2021,"August","Thursday","06:03 am",60,"Sealed","Wet","Raining","Night","Rear End",2,,,1319091.14,1684987.55
"2021-19307-19/09/2025","BURNSIDE","CITY OF BURNSIDE",2,1,0,0,1,2021,"August","Thursday","06:35 am",60,"Sealed","Wet","Raining","Night","Right Angle",1,,,1334752.82,1669124.21
"2021-19308-19/09/2025","WILLUNGA HILL","ALEXANDRINA COUNCIL",2,2,0,1,1,2021,"August","Thursday","07:00 am",100,"Sealed","Wet","Raining","Night","Right Turn",1,,,1325443.37,1629605.5
"2021-19313-19/09/2025","EDEN HILLS","CC MITCHAM.",2,1,0,1,0,2021,"August","Thursday","10:26 am",60,"Sealed","Wet","Not Raining","Daylight","Hit Fixed Object",1,,,1327282.19,1659352.2
"2021-19315-19/09/2025","ROBE","DC ROBE.",2,1,0,1,0,2021,"August","Thursday","10:00 am",50,"Sealed","Dry","Not Raining","Daylight","Hit Pedestrian",1,,,1422768.6,1418395.25
"2021-19316-19/09/2025","DAW PARK","CC MITCHAM.",2,1,0,0,1,2021,"August","Thursday","12:00 pm",60,"Sealed","Wet","Raining","Daylight","Right Angle",2,,,1327552.25,1664523.07
"2021-19319-19/09/2025","PENFIELD GARDENS","CITY OF PLAYFORD.",2,1,0,1,0,2021,"August","Thursday","01:30 pm",100,"Sealed","Dry","Not Raining","Daylight","Right Angle",1,,,1328945.63,1700236.7
"2021-19320-19/09/2025","MOUNT BARKER","DC MT.BARKER.",2,1,0,0,1,2021,"August","Thursday","12:30 pm",60,"Sealed","Dry","Not Raining","Daylight","Rear End",2,,,1351233.24,1654406.51
"2021-19321-19/09/2025","MITCHELL PARK","CC MARION.",3,1,0,0,1,2021,"August","Thursday","02:18 pm",60,"Sealed","Dry","Not Raining","Daylight","Rear End",1,,,1324378.42,1661783.84
"2021-19323-19/09/2025","HIGHBURY","CITY OF TEA TREE GULLY",2,1,0,0,1,2021,"August","Thursday","02:38 pm",50,"Sealed","Dry","Not Raining","Daylight","Hit Fixed Object",1,,,1337747,1678104.45
"2021-19331-19/09/2025","SOMERTON PARK","CITY OF HOLDFAST BAY",2,1,0,0,1,2021,"August","Wednesday","04:30 pm",60,"Sealed","Dry","Not Raining","Daylight","Rear End",2,,,1321645.94,1663477.3
"2021-19333-19/09/2025","BOOBOROWIE","REGIONAL COUNCIL OF GOYDER",1,1,0,0,1,2021,"August","Thursday","03:20 pm",100,"Sealed","Wet","Raining","Daylight","Roll Over",1,,,1347856.93,1819412.15
"2021-19335-19/09/2025","REYNELLA","CITY OF ONKAPARINGA",2,1,0,0,1,2021,"August","Thursday","06:20 pm",100,"Sealed","Dry","Not Raining","Night","Side Swipe",1,,,1321138.73,1652546.23
"2021-19340-19/09/2025","SOUTH PLYMPTON","CC MARION.",2,1,0,0,1,2021,"August","Thursday","04:40 pm",60,"Sealed","Dry","Not Raining","Daylight","Right Turn",2,,,1324291.75,1664735.62
"2021-19344-19/09/2025","CROYDON","CITY OF CHARLES STURT",2,1,0,0,1,2021,"August","Thursday","09:30 pm",60,"Sealed","Dry","Not Raining","Night","Hit Pedestrian",1,,,1325782.84,1674601.33
"2021-19345-19/09/2025","SEATON","CITY OF CHARLES STURT",2,1,0,1,0,2021,"August","Thursday","11:10 pm",50,"Sealed","Dry","Not Raining","Night","Hit Pedestrian",2,"Y",,1320391.96,1675635.56
"2021-19346-19/09/2025","PARAFIELD GARDENS","CITY OF SALISBURY",2,1,0,0,1,2021,"August","Friday","07:09 am",70,"Sealed","Wet","Raining","Daylight","Right Angle",1,,,1329053.39,1685667.81
"2021-19348-19/09/2025","GREENWITH","CITY OF TEA TREE GULLY",3,1,0,0,1,2021,"August","Thursday","03:25 pm",60,"Sealed","Wet","Not Raining","Daylight","Rear End",2,,,1339896.08,1687449.58
"2021-19359-19/09/2025","ST GEORGES","CITY OF BURNSIDE",2,1,0,0,1,2021,"August","Friday","12:50 pm",50,"Sealed","Dry","Not Raining","Daylight","Hit Parked Vehicle",1,,,1332534.61,1667536.83
"2021-19362-19/09/2025","PROSPECT","CITY OF PROSPECT",2,1,0,0,1,2021,"August","Friday","01:30 pm",50,"Sealed","Dry","Not Raining","Daylight","Rear End",1,,,1328061.71,1676338.03
"2021-19363-19/09/2025","NORWOOD","CC OF NORWOOD,PAYNEHAM & ST PETERS",2,1,0,0,1,2021,"August","Friday","01:53 pm",60,"Sealed","Dry","Not Raining","Daylight","Right Angle",1,,,1330847.85,1670369.57
"2021-19364-19/09/2025","FREELING","LIGHT REGIONAL COUNCIL",2,2,0,0,2,2021,"August","Friday","01:05 pm",100,"Sealed","Wet","Not Raining","Daylight","Right Angle",2,,,1349611.91,1720281.28
"2021-19365-19/09/2025","MYLOR","THE ADELAIDE HILLS COUNCIL",3,1,0,0,1,2021,"August","Friday","09:00 am",50,"Sealed","Dry","Not Raining","Daylight","Hit Fixed Object",1,,,1342118.39,1657839.1
"2021-19366-19/09/2025","GLENELG","CITY OF HOLDFAST BAY",2,1,0,0,1,2021,"August","Thursday","02:30 pm",40,"Sealed","Dry","Not Raining","Daylight","Hit Parked Vehicle",2,,,1320602.11,1664888.49
"2021-19367-19/09/2025","TAILEM BEND","COORONG DISTRICT COUNCIL",2,1,0,0,1,2021,"August","Friday","02:45 pm",60,"Sealed","Dry","Not Raining","Daylight","Hit Parked Vehicle",1,,,1404780.04,1631398.71
"2021-19370-19/09/2025","PLYMPTON","CITY OF WEST TORRENS",2,1,0,0,1,2021,"August","Friday","03:25 pm",50,"Sealed","Wet","Raining","Daylight","Right Angle",1,,,1324789.89,1667218.08
"2021-19371-19/09/2025","CRAFERS WEST","THE ADELAIDE HILLS COUNCIL",2,1,0,0,1,2021,"August","Friday","09:05 am",100,"Sealed","Wet","Raining","Daylight","Hit Fixed Object",1,,,1335715,1664721.99
"2021-19372-19/09/2025","WEST CROYDON","CITY OF CHARLES STURT",3,1,0,0,1,2021,"August","Friday","03:09 pm",60,"Sealed","Wet","Raining","Daylight","Right Angle",1,,,1324486.64,1674386.19
"2021-19373-19/09/2025","KESWICK","CITY OF WEST TORRENS",2,2,0,0,2,2021,"August","Wednesday","11:15 am",50,"Sealed","Dry","Not Raining","Daylight","Rear End",2,,,1326455.47,1668497.87
"2021-19375-19/09/2025","WALKERVILLE","WALKERVILLE TOWN COUNCIL",3,1,0,0,1,2021,"August","Friday","03:55 pm",60,"Sealed","Wet","Raining","Daylight","Side Swipe",1,,,1329759.48,1674579.47
"2021-19385-19/09/2025","ADELAIDE","CITY OF ADELAIDE",3,1,0,0,1,2021,"August","Friday","06:28 pm",50,"Sealed","Wet","Not Raining","Night","Side Swipe",1,,,1329420.88,1670857.05
"2021-19388-19/09/2025","KEILIRA","DC KINGSTON.",1,1,0,0,1,2021,"August","Friday","04:30 pm",110,"Sealed","Wet","Not Raining","Daylight","Roll Over",1,,,1466235.52,1475552.39
"2021-19389-19/09/2025","TORRENSVILLE","CITY OF WEST TORRENS",4,1,0,0,1,2021,"August","Friday","06:32 pm",60,"Unsealed","Wet","Raining","Night","Rear End",1,,,1325504.76,1671810.43
"2021-19390-19/09/2025","PORT PIRIE SOUTH","PT.PIRIE CITY & DIST. COUNCIL",1,2,0,0,2,2021,"August","Friday","07:30 pm",50,"Sealed","Dry","Not Raining","Night","Roll Over",1,,,1280504.88,1863261.92
"2021-19392-19/09/2025","MILLBROOK","THE ADELAIDE HILLS COUNCIL",2,1,0,0,1,2021,"August","Friday","06:25 pm",80,"Sealed","Wet","Raining","Night","Hit Object on Road",1,,,1346551.06,1681811.5
"2021-19396-19/09/2025","PARIS CREEK","ALEXANDRINA COUNCIL",1,1,0,1,0,2021,"August","Saturday","05:10 am",80,"Sealed","Wet","Not Raining","Night","Left Road - Out of Control",1,,"Y",1348436.5,1637656.41
"2021-19399-19/09/2025","HENLEY BEACH","CITY OF CHARLES STURT",1,1,0,1,0,2021,"August","Saturday","09:10 am",40,"Sealed","Dry","Not Raining","Daylight","Roll Over",1,,,1318732.37,1672123.05
"2021-19401-19/09/2025","HOUGHTON","CITY OF TEA TREE GULLY",1,1,0,0,1,2021,"August","Saturday","09:22 am",80,"Sealed","Wet","Raining","Daylight","Left Road - Out of Control",1,,"Y",1342663.95,1681407.11
"2021-19404-19/09/2025","CAMPBELLTOWN","CC CAMPBELLTOWN.",2,1,0,0,1,2021,"August","Saturday","09:55 am",60,"Sealed","Dry","Not Raining","Daylight","Rear End",1,,,1335086.49,1674545.42
"2021-19405-19/09/2025","CHELTENHAM","CITY OF CHARLES STURT",2,1,0,0,1,2021,"August","Saturday","11:43 am",60,"Sealed","Dry","Not Raining","Daylight","Right Turn",1,,,1322134.8,1676489.66
"2021-19408-19/09/2025","MITCHELL PARK","CC MARION.",2,1,0,0,1,2021,"August","Saturday","12:52 pm",60,"Sealed","Dry","Not Raining","Daylight","Right Angle",1,,,1324907.98,1660692.23
"2021-19416-19/09/2025","EDINBURGH NORTH","CITY OF PLAYFORD.",3,1,0,0,1,2021,"August","Saturday","04:06 pm",60,"Sealed","Dry","Not Raining","Daylight","Right Angle",2,,,1334921.32,1694319.84
"2021-19420-19/09/2025","KERSBROOK","THE ADELAIDE HILLS COUNCIL",2,1,0,1,0,2021,"August","Saturday","03:25 pm",100,"Unsealed","Dry","Not Raining","Daylight","Hit Animal",2,,,1348684.89,1686766.64
"2021-19424-19/09/2025","NORTHFIELD","CITY OF PORT ADELAIDE ENFIELD",3,1,0,1,0,2021,"August","Saturday","08:40 pm",60,"Sealed","Dry","Not Raining","Night","Side Swipe",1,,,1331317.33,1679293.52
"2021-19425-19/09/2025","BLAIR ATHOL","CITY OF PORT ADELAIDE ENFIELD",2,2,0,0,2,2021,"August","Saturday","10:23 pm",60,"Sealed","Dry","Not Raining","Night","Right Angle",1,,,1328801.22,1679044.33
"2021-19426-19/09/2025","WAITPINGA","DC VICTOR HARBOR.",2,1,0,1,0,2021,"August","Saturday","06:17 pm",100,"Sealed","Wet","Not Raining","Night","Hit Fixed Object",1,,,1315284.35,1599980.5
"2021-19428-19/09/2025","ADELAIDE","CITY OF ADELAIDE",2,1,0,0,1,2021,"August","Sunday","12:02 am",50,"Sealed","Dry","Not Raining","Night","Side Swipe",1,,,1328413.14,1670346.5
"2021-19433-19/09/2025","MILE END","CITY OF WEST TORRENS",2,1,0,0,1,2021,"August","Saturday","12:15 pm",60,"Sealed","Dry","Not Raining","Daylight","Right Turn",1,,,1326279.99,1670246.25
"2021-19436-19/09/2025","WALKLEY HEIGHTS","CITY OF SALISBURY",2,1,0,0,1,2021,"August","Sunday","12:20 pm",50,"Sealed","Dry","Not Raining","Daylight","Hit Pedestrian",2,,,1332564.23,1680161.26
"2021-19440-19/09/2025","LOBETHAL","THE ADELAIDE HILLS COUNCIL",1,1,0,1,0,2021,"August","Sunday","02:00 pm",50,"Sealed","Dry","Not Raining","Daylight","Roll Over",1,,,1353621.15,1672136.53
"2021-19444-19/09/2025","EDINBURGH","CITY OF SALISBURY",1,1,0,0,1,2021,"August","Sunday","04:27 pm",60,"Sealed","Dry","Not Raining","Daylight","Roll Over",1,,,1332362.33,1691687.53
"2021-19447-19/09/2025","WOLSELEY","DC TATIARA.",1,1,0,0,1,2021,"August","Sunday","04:30 pm",100,"Unsealed","Dry","Not Raining","Daylight","Roll Over",1,,,1529548.22,1506643.9