"REPORT_ID","Suburb","LGA Name","Total Units","Total Cas","Total Fats","Total SI","Total MI","Year","Month","Day","Time","Area Speed","Road Surface","Moisture Cond","Weather Cond","DayNight","Crash Type","Unit Resp","DUI Involved","Drugs Involved","ACCLOC_X","ACCLOC_Y"
"2021-19449-19/09/2025","PARA VISTA","CITY OF SALISBURY",2,2,0,1,1,2021,"August","Sunday","04:30 pm",60,"Sealed","Dry","Not Raining","Daylight","Head On",2,,,1334518.44,1680688.7
"2021-19450-19/09/2025","PAYNEHAM","CC OF NORWOOD,PAYNEHAM & ST PETERS",2,2,0,0,2,2021,"August","Sunday","07:25 pm",60,"Sealed","Dry","Not Raining","Night","Right Turn",1,,"Y",1332172.02,1673790.11
"2021-19452-19/09/2025","PARAFIELD GARDENS","CITY OF SALISBURY",3,1,0,0,1,2021,"August","Monday","08:20 am",25,"Sealed","Dry","Not Raining","Daylight","Rear End",1,,,1330396.83,1686100.94
"2021-19454-19/09/2025","MILE END SOUTH","CITY OF WEST TORRENS",3,1,0,0,1,2021,"August","Monday","08:45 am",60,"Sealed","Dry","Not Raining","Daylight","Hit Fixed Object",1,,,1326376.74,1669477.09
"2021-19455-19/09/2025","WEST BEACH","CITY OF CHARLES STURT",2,1,0,0,1,2021,"August","Sunday","12:40 pm",60,"Sealed","Dry","Not Raining","Daylight","Rear End",2,,,1319731.64,1669736.85
"2021-19460-19/09/2025","NORWOOD","CC OF NORWOOD,PAYNEHAM & ST PETERS",2,1,0,0,1,2021,"August","Monday","11:00 am",60,"Sealed","Dry","Not Raining","Daylight","Right Turn",2,,,1331874.28,1670398.69
"2021-19463-19/09/2025","MODBURY NORTH","CITY OF TEA TREE GULLY",2,1,0,0,1,2021,"August","Friday","06:10 am",80,"Sealed","Wet","Raining","Night","Rear End",2,,,1335950.3,1682345.28
"2021-19465-19/09/2025","CRYSTAL BROOK","PT.PIRIE CITY & DIST. COUNCIL",2,2,0,0,2,2021,"August","Monday","11:05 am",80,"Sealed","Dry","Not Raining","Daylight","Right Angle",2,,,1298306.9,1845137.21
"2021-19468-19/09/2025","MONTACUTE","THE ADELAIDE HILLS COUNCIL",2,1,0,1,0,2021,"August","Friday","01:26 pm",80,"Sealed","Wet","Not Raining","Daylight","Head On",2,,,1342087.23,1674793.42
"2021-19474-19/09/2025","MUNNO PARA","CITY OF PLAYFORD.",3,1,0,0,1,2021,"August","Monday","03:30 pm",60,"Sealed","Dry","Not Raining","Daylight","Rear End",2,,,1336410.44,1698707.13
"2021-19476-19/09/2025","SALISBURY PLAIN","CITY OF SALISBURY",3,1,0,0,1,2021,"August","Monday","04:04 pm",60,"Sealed","Dry","Not Raining","Daylight","Right Angle",2,,,1333807.7,1687916.19
"2021-19477-19/09/2025","GREEN FIELDS","CITY OF SALISBURY",2,1,0,0,1,2021,"August","Monday","03:35 pm",90,"Sealed","Dry","Not Raining","Daylight","Rear End",1,,,1328656.28,1685901.86
"2021-19487-19/09/2025","HINDMARSH","CITY OF CHARLES STURT",2,1,0,0,1,2021,"August","Monday","06:15 pm",60,"Sealed","Dry","Not Raining","Night","Right Angle",2,,,1326463.81,1672651.14
"2021-19488-19/09/2025","MORPHETT VALE","CITY OF ONKAPARINGA",2,1,0,0,1,2021,"August","Monday","05:15 pm",60,"Sealed","Dry","Not Raining","Daylight","Right Turn",2,,,1320315.29,1651001.19
"2021-19490-19/09/2025","FORRESTON","THE ADELAIDE HILLS COUNCIL",1,1,0,0,1,2021,"August","Monday","07:20 pm",100,"Sealed","Dry","Not Raining","Night","Roll Over",1,,,1356412.42,1686348.43
"2021-19491-19/09/2025","WILLIAMSTOWN","THE BAROSSA COUNCIL.",2,1,0,0,1,2021,"August","Monday","06:45 pm",50,"Sealed","Wet","Not Raining","Night","Head On",1,,,1355915.49,1698129.09
"2021-19498-19/09/2025","WINGFIELD","CITY OF PORT ADELAIDE ENFIELD",2,1,0,0,1,2021,"August","Tuesday","07:58 am",90,"Sealed","Dry","Not Raining","Daylight","Rear End",1,,,1326561.39,1681035.21
"2021-19499-19/09/2025","MOUNT BARKER","DC MT.BARKER.",2,1,0,0,1,2021,"August","Tuesday","07:54 am",50,"Sealed","Dry","Not Raining","Daylight","Right Angle",1,,,1353443.72,1653037.66
"2021-19502-19/09/2025","TUSMORE","CITY OF BURNSIDE",2,1,0,0,1,2021,"August","Tuesday","09:35 am",60,"Sealed","Dry","Not Raining","Daylight","Side Swipe",2,,,1333197.69,1669076.37
"2021-19503-19/09/2025","ELIZABETH NORTH","CITY OF PLAYFORD.",2,1,0,0,1,2021,"August","Tuesday","09:05 am",50,"Sealed","Dry","Not Raining","Daylight","Side Swipe",2,,,1336272.61,1695169.02
"2021-19505-19/09/2025","WINGFIELD","CITY OF PORT ADELAIDE ENFIELD",2,1,0,0,1,2021,"August","Tuesday","09:40 am",60,"Sealed","Dry","Not Raining","Daylight","Right Turn",2,,,1323910.63,1679162.4
"2021-19510-19/09/2025","STURT","CC MARION.",3,1,0,0,1,2021,"August","Monday","04:40 pm",60,"Sealed","Dry","Not Raining","Daylight","Rear End",1,,,1324100,1659437.16
"2021-19513-19/09/2025","NOARLUNGA CENTRE","CITY OF ONKAPARINGA",2,1,0,1,0,2021,"August","Tuesday","03:20 pm",60,"Sealed","Dry","Not Raining","Daylight","Hit Pedestrian",2,,,1317544.11,1647432.85
"2021-19515-19/09/2025","SEACOMBE GARDENS","CC MARION.",3,1,0,0,1,2021,"August","Tuesday","04:20 pm",60,"Sealed","Dry","Not Raining","Daylight","Rear End",1,,,1323497.4,1660654.3
"2021-19517-19/09/2025","PORT WAKEFIELD","WAKEFIELD REGIONAL COUNCIL",2,1,0,0,1,2021,"August","Tuesday","03:40 pm",80,"Sealed","Dry","Not Raining","Daylight","Rear End",2,,,1287887.39,1761653.42
"2021-19518-19/09/2025","PORT PIRIE","PT.PIRIE CITY & DIST. COUNCIL",2,1,0,1,0,2021,"August","Tuesday","04:36 pm",50,"Sealed","Dry","Not Raining","Daylight","Right Turn",2,,,1279833.93,1866067.99
"2021-19519-19/09/2025","WYNN VALE","CITY OF TEA TREE GULLY",2,2,0,0,2,2021,"August","Monday","03:30 pm",60,"Sealed","Dry","Not Raining","Daylight","Rear End",2,,,1338912.98,1684761.61
"2021-19522-19/09/2025","CAMPBELLTOWN","CC CAMPBELLTOWN.",1,1,0,0,1,2021,"August","Tuesday","05:22 pm",60,"Sealed","Dry","Not Raining","Daylight","Roll Over",1,,,1334103.26,1675090.19
"2021-19523-19/09/2025","WALKER FLAT","MID MURRAY DISTRICT COUNCIL",1,1,1,0,0,2021,"August","Tuesday","04:11 pm",100,"Sealed","Dry","Not Raining","Daylight","Roll Over",1,,,1414988.79,1684115.33
"2021-19525-19/09/2025","PORT PIRIE WEST","PT.PIRIE CITY & DIST. COUNCIL",2,1,0,1,0,2021,"August","Tuesday","08:39 pm",50,"Sealed","Dry","Not Raining","Night","Hit Parked Vehicle",1,,,1278903.78,1865609.37
"2021-19527-19/09/2025","WOODVILLE NORTH","CITY OF CHARLES STURT",2,1,0,0,1,2021,"August","Wednesday","01:15 am",50,"Sealed","Dry","Not Raining","Night","Hit Fixed Object",1,,,1323082.42,1677771.14
"2021-19528-19/09/2025","NOARLUNGA DOWNS","CITY OF ONKAPARINGA",7,1,0,0,1,2021,"August","Wednesday","07:27 am",80,"Sealed","Wet","Raining","Daylight","Rear End",1,,,1319127.85,1644204.65
"2021-19529-19/09/2025","TANUNDA","THE BAROSSA COUNCIL.",1,1,0,1,0,2021,"August","Tuesday","12:15 pm",80,"Sealed","Dry","Not Raining","Daylight","Roll Over",1,,,1364891.22,1715682.04
"2021-19531-19/09/2025","SEACLIFF PARK","CITY OF HOLDFAST BAY",2,1,0,0,1,2021,"August","Wednesday","07:50 am",60,"Sealed","Wet","Raining","Daylight","Right Turn",2,,,1321187.59,1659325.76
"2021-19536-19/09/2025","LOCKLEYS","CITY OF WEST TORRENS",4,1,0,0,1,2021,"August","Wednesday","09:00 am",60,"Sealed","Wet","Raining","Daylight","Rear End",1,,,1320911.17,1669960.22
"2021-19538-19/09/2025","OVINGHAM","CITY OF CHARLES STURT",2,1,0,0,1,2021,"August","Tuesday","09:35 am",60,"Sealed","Dry","Not Raining","Daylight","Right Turn",1,,,1327131.58,1673269.49
"2021-19541-19/09/2025","CLEARVIEW","CITY OF PORT ADELAIDE ENFIELD",2,1,0,0,1,2021,"August","Wednesday","08:40 am",50,"Sealed","Wet","Raining","Daylight","Rear End",1,,,1329775.92,1678800.58
"2021-19543-19/09/2025","GLOBE DERBY PARK","CITY OF SALISBURY",2,1,0,0,1,2021,"July","Monday","06:10 pm",60,"Sealed","Dry","Not Raining","Night","Rear End",2,,,1328297.57,1684785.71
"2021-19544-19/09/2025","STIRLING","THE ADELAIDE HILLS COUNCIL",2,1,0,0,1,2021,"August","Wednesday","08:35 am",110,"Sealed","Wet","Raining","Daylight","Hit Fixed Object",1,,,1340074.22,1662390.88
"2021-19546-19/09/2025","WINDSOR GARDENS","CITY OF PORT ADELAIDE ENFIELD",2,1,0,0,1,2021,"August","Tuesday","06:30 pm",60,"Sealed","Wet","Raining","Night","Rear End",2,,,1333670.27,1677972.16
"2021-19547-19/09/2025","MEDINDIE","WALKERVILLE TOWN COUNCIL",3,2,0,0,2,2021,"August","Wednesday","11:40 am",60,"Sealed","Wet","Raining","Daylight","Rear End",1,,,1328586.79,1673906.24
"2021-19549-19/09/2025","MEDINDIE","WALKERVILLE TOWN COUNCIL",3,2,0,0,2,2021,"August","Wednesday","11:28 am",60,"Sealed","Wet","Raining","Daylight","Rear End",1,,,1328912.72,1674237.63
"2021-19550-19/09/2025","NOARLUNGA CENTRE","CITY OF ONKAPARINGA",2,3,0,1,2,2021,"August","Wednesday","12:10 pm",50,"Sealed","Dry","Not Raining","Daylight","Right Angle",1,,,1317903.46,1647081.22
"2021-19552-19/09/2025","NETLEY","CITY OF WEST TORRENS",2,1,0,0,1,2021,"August","Wednesday","12:35 pm",60,"Sealed","Wet","Not Raining","Daylight","Rear End",1,,,1324187.23,1668092.41
"2021-19558-19/09/2025","CALCA","DC STREAKY BAY.",1,1,0,1,0,2021,"August","Tuesday","02:30 pm",100,"Unsealed","Dry","Not Raining","Daylight","Roll Over",1,,,938067.11,1880043.43
"2021-19560-19/09/2025","LIGHTSVIEW","CITY OF PORT ADELAIDE ENFIELD",2,2,0,1,1,2021,"August","Thursday","07:00 pm",50,"Sealed","Dry","Not Raining","Night","Head On",1,,,1331007.79,1677549.39
"2021-19561-19/09/2025","SEAFORD MEADOWS","CITY OF ONKAPARINGA",2,2,0,0,2,2021,"August","Monday","03:40 pm",60,"Sealed","Dry","Not Raining","Daylight","Rear End",2,,,1318114,1642829.74
"2021-19563-19/09/2025","OLD REYNELLA","CITY OF ONKAPARINGA",2,1,0,1,0,2021,"August","Wednesday","04:40 pm",50,"Sealed","Dry","Not Raining","Daylight","Hit Pedestrian",2,,,1322271.55,1652130.01
"2021-19567-19/09/2025","SMITHFIELD PLAINS","CITY OF PLAYFORD.",2,1,0,0,1,2021,"August","Wednesday","05:30 pm",60,"Sealed","Dry","Not Raining","Daylight","Rear End",2,,,1336793.74,1697562.79
"2021-19569-19/09/2025","STIRLING","THE ADELAIDE HILLS COUNCIL",2,1,0,0,1,2021,"August","Wednesday","06:00 pm",80,"Sealed","Wet","Not Raining","Night","Hit Fixed Object",1,,,1341368.86,1663349.41
"2021-19571-19/09/2025","HINDMARSH ISLAND","ALEXANDRINA COUNCIL",2,1,0,0,1,2021,"August","Wednesday","06:17 pm",50,"Sealed","Dry","Not Raining","Night","Hit Fixed Object",1,"Y",,1346198.33,1604574.48
"2021-19572-19/09/2025","HENLEY BEACH","CITY OF CHARLES STURT",2,1,0,1,0,2021,"August","Wednesday","07:30 pm",50,"Sealed","Dry","Not Raining","Night","Right Angle",1,,,1319388.76,1672318.06
"2021-19581-19/09/2025","MOANA","CITY OF ONKAPARINGA",2,1,0,0,1,2021,"August","Wednesday","03:45 pm",70,"Sealed","Dry","Not Raining","Daylight","Right Angle",2,,,1316453.68,1639147.64
"2021-19583-19/09/2025","CROYDON","CITY OF CHARLES STURT",3,3,0,0,3,2021,"August","Thursday","07:45 am",60,"Sealed","Dry","Not Raining","Daylight","Side Swipe",1,,,1325017.48,1673923.25
"2021-19585-19/09/2025","ADELAIDE","CITY OF ADELAIDE",2,1,0,0,1,2021,"August","Friday","02:15 pm",50,"Sealed","Dry","Not Raining","Daylight","Right Turn",2,,,1329227.63,1671120.53
"2021-19587-19/09/2025","HAPPY VALLEY","CITY OF ONKAPARINGA",3,1,0,0,1,2021,"August","Thursday","12:25 pm",60,"Sealed","Dry","Not Raining","Daylight","Right Angle",1,,,1324632.69,1653443.53
"2021-19592-19/09/2025","PENNINGTON","CITY OF CHARLES STURT",2,1,0,1,0,2021,"August","Thursday","01:30 pm",50,"Sealed","Dry","Not Raining","Daylight","Head On",1,,,1323107.67,1678898.06
"2021-19596-19/09/2025","SEATON","CITY OF CHARLES STURT",2,1,0,0,1,2021,"August","Thursday","02:45 pm",60,"Sealed","Dry","Not Raining","Daylight","Rear End",2,,,1319916.58,1674656.77
"2021-19600-19/09/2025","LONSDALE","CITY OF ONKAPARINGA",2,1,0,0,1,2021,"August","Thursday","03:07 pm",100,"Sealed","Dry","Not Raining","Daylight","Rear End",2,,,1319549.79,1650725.76
"2021-19605-19/09/2025","ALDGATE","THE ADELAIDE HILLS COUNCIL",2,1,0,0,1,2021,"August","Thursday","05:00 pm",50,"Sealed","Wet","Not Raining","Daylight","Head On",2,,,1341035.93,1661449.4
"2021-19606-19/09/2025","WINDSOR GARDENS","CITY OF PORT ADELAIDE ENFIELD",2,1,0,0,1,2021,"August","Thursday","06:35 pm",50,"Sealed","Wet","Not Raining","Night","Hit Pedestrian",2,"Y",,1334434.4,1677334.29
"2021-19609-19/09/2025","GLYNDE","CC OF NORWOOD,PAYNEHAM & ST PETERS",2,2,0,0,2,2021,"August","Wednesday","04:00 pm",60,"Sealed","Dry","Not Raining","Daylight","Right Turn",1,,,1333805.16,1673647.41
"2021-19611-19/09/2025","ELIZABETH SOUTH","CITY OF PLAYFORD.",2,1,0,0,1,2021,"August","Thursday","07:30 pm",60,"Sealed","Wet","Not Raining","Night","Hit Pedestrian",1,,,1334931.57,1691909.23
"2021-19613-19/09/2025","RENMARK","DC RENMARK PARINGA",2,1,0,0,1,2021,"August","Thursday","03:35 pm",60,"Sealed","Dry","Not Raining","Daylight","Right Angle",1,,,1527715.63,1744576.87
"2021-19614-19/09/2025","SEFTON PARK","CITY OF PROSPECT",2,1,0,0,1,2021,"August","Thursday","11:50 pm",60,"Sealed","Dry","Not Raining","Night","Hit Pedestrian",2,"Y",,1328879.01,1675890.5
"2021-19620-19/09/2025","NORTON SUMMIT","THE ADELAIDE HILLS COUNCIL",2,1,0,0,1,2021,"August","Thursday","01:15 pm",60,"Sealed","Wet","Raining","Daylight","Head On",2,,,1339415.9,1670471.12
"2021-19623-19/09/2025","MILLBROOK","THE ADELAIDE HILLS COUNCIL",2,1,0,0,1,2021,"August","Friday","09:45 am",80,"Sealed","Wet","Not Raining","Daylight","Hit Fixed Object",1,,,1349067.11,1681517.89
"2021-19624-19/09/2025","OTTOWAY","CITY OF PORT ADELAIDE ENFIELD",3,1,0,0,1,2021,"August","Friday","07:25 am",60,"Sealed","Dry","Not Raining","Daylight","Right Angle",2,,,1323302.23,1679138.69
"2021-19625-19/09/2025","ROSTREVOR","CC CAMPBELLTOWN.",3,1,0,0,1,2021,"August","Friday","10:15 am",60,"Sealed","Dry","Not Raining","Daylight","Rear End",1,,,1335430.43,1673762.2
"2021-19626-19/09/2025","PROSPECT","CITY OF PROSPECT",2,1,0,0,1,2021,"August","Friday","10:49 am",50,"Sealed","Dry","Not Raining","Daylight","Hit Parked Vehicle",1,,,1328093.53,1675172.96
"2021-19629-19/09/2025","ELIZABETH","CITY OF PLAYFORD.",2,1,0,0,1,2021,"August","Friday","01:07 pm",50,"Sealed","Dry","Not Raining","Daylight","Hit Pedestrian",2,,,1335294.24,1693555.16
"2021-19630-19/09/2025","RENOWN PARK","CITY OF CHARLES STURT",2,1,0,0,1,2021,"August","Friday","08:30 am",60,"Sealed","Dry","Not Raining","Daylight","Right Angle",2,,"Y",1326904.01,1674115.64
"2021-19632-19/09/2025","WOODVILLE NORTH","CITY OF PORT ADELAIDE ENFIELD",2,1,0,0,1,2021,"August","Friday","08:40 am",60,"Sealed","Dry","Not Raining","Daylight","Hit Pedestrian",1,,,1323968.26,1676872.01
"2021-19634-19/09/2025","PROSPECT","CITY OF PROSPECT",3,1,0,0,1,2021,"August","Friday","02:00 pm",60,"Sealed","Dry","Not Raining","Daylight","Rear End",1,,,1328726.42,1676429.12
"2021-19635-19/09/2025","SEAFORD MEADOWS","CITY OF ONKAPARINGA",2,1,0,0,1,2021,"August","Friday","03:21 pm",70,"Sealed","Dry","Not Raining","Daylight","Rear End",2,,,1316308.45,1643773.82
"2021-19636-19/09/2025","STEPNEY","CC OF NORWOOD,PAYNEHAM & ST PETERS",3,2,0,0,2,2021,"August","Friday","03:22 pm",60,"Sealed","Dry","Not Raining","Daylight","Rear End",2,,,1330965.54,1672204.02
"2021-19645-19/09/2025","PARA HILLS WEST","CITY OF SALISBURY",2,1,0,1,0,2021,"August","Friday","04:20 pm",60,"Sealed","Dry","Not Raining","Daylight","Right Turn",2,,,1333434.52,1683702.92
"2021-19648-19/09/2025","STURT","CC MARION.",2,1,0,0,1,2021,"August","Friday","06:06 pm",60,"Sealed","Dry","Not Raining","Night","Rear End",2,,,1324012.07,1660669.07
"2021-19653-19/09/2025","JAMESTOWN","NORTHERN AREAS DISTRICT COUNCIL",3,1,0,1,0,2021,"August","Friday","07:05 pm",50,"Sealed","Dry","Not Raining","Night","Hit Fixed Object",1,"Y",,1335132.23,1861056.87
"2021-19656-19/09/2025","MAWSON LAKES","CITY OF SALISBURY",2,1,0,0,1,2021,"August","Friday","10:00 pm",70,"Sealed","Dry","Not Raining","Night","Right Turn",1,,,1329569.95,1684428.06
"2021-19659-19/09/2025","SALISBURY DOWNS","CITY OF SALISBURY",1,1,0,0,1,2021,"August","Saturday","08:05 am",60,"Sealed","Dry","Not Raining","Daylight","Other",1,,,1332167.06,1687734.92
"2021-19665-19/09/2025","URRBRAE","CC MITCHAM.",3,1,0,0,1,2021,"August","Saturday","12:40 pm",60,"Sealed","Dry","Not Raining","Daylight","Rear End",1,,,1330765.11,1666293.95
"2021-19670-19/09/2025","KYANCUTTA","DC WUDINNA. (DC LE HUNTE.)",2,1,0,0,1,2021,"August","Saturday","02:00 pm",110,"Sealed","Dry","Not Raining","Daylight","Hit Fixed Object",1,,,1050809.46,1875361.5
"2021-19683-19/09/2025","SEAFORD RISE","CITY OF ONKAPARINGA",2,3,0,1,2,2021,"August","Saturday","06:21 pm",70,"Sealed","Dry","Not Raining","Night","Right Turn",1,,,1316400.3,1641374.04
"2021-19685-19/09/2025","ADELAIDE","CITY OF ADELAIDE",2,1,0,0,1,2021,"August","Saturday","07:53 pm",50,"Sealed","Dry","Not Raining","Night","Side Swipe",1,,,1328287.82,1670816.26
"2021-19686-19/09/2025","PROSPECT","CITY OF PROSPECT",2,2,0,0,2,2021,"August","Saturday","08:17 pm",60,"Sealed","Dry","Not Raining","Night","Right Turn",2,,,1327256.55,1675581.09
"2021-19687-19/09/2025","RAMCO","LOXTON WAIKERIE DISTRICT COUNCIL",2,1,0,1,0,2021,"August","Saturday","09:50 pm",80,"Sealed","Dry","Not Raining","Night","Hit Fixed Object",1,,,1454374.24,1748866.44
"2021-19691-19/09/2025","WATERLOO CORNER","CITY OF SALISBURY",3,1,0,1,0,2021,"August","Sunday","01:35 am",90,"Sealed","Dry","Not Raining","Night","Hit Fixed Object",1,"Y",,1327617.35,1692229.56
"2021-19692-19/09/2025","PARADISE","CC CAMPBELLTOWN.",2,2,0,0,2,2021,"August","Saturday","12:50 pm",60,"Sealed","Dry","Not Raining","Daylight","Right Turn",1,,,1335190,1675919.89
"2021-19697-19/09/2025","HACKNEY","CC OF NORWOOD,PAYNEHAM & ST PETERS",2,1,0,1,0,2021,"August","Sunday","10:00 am",50,"Sealed","Dry","Not Raining","Daylight","Hit Parked Vehicle",2,,,1330330.68,1672074.01
"2021-19699-19/09/2025","TOOTENILLA","DC LOWER EYRE PENINSULA",2,1,0,0,1,2021,"August","Sunday","11:50 am",80,"Unsealed","Dry","Not Raining","Daylight","Roll Over",1,,,1073996.45,1704928.39
"2021-19700-19/09/2025","HACKHAM WEST","CITY OF ONKAPARINGA",3,1,0,0,1,2021,"August","Sunday","12:44 pm",60,"Sealed","Dry","Not Raining","Daylight","Right Angle",1,,,1320847.03,1647531.84
"2021-19704-19/09/2025","OVERLAND CORNER",,2,1,0,0,1,2021,"August","Sunday","03:45 pm",110,"Sealed","Dry","Not Raining","Daylight","Hit Fixed Object",1,,,1484402.33,1750358.31
"2021-19705-19/09/2025","NETHERBY","CC MITCHAM.",1,1,0,1,0,2021,"August","Sunday","04:30 pm",60,"Sealed","Dry","Not Raining","Daylight","Left Road - Out of Control",1,,,1330786.64,1665565.31
"2021-19708-19/09/2025","KULPARA","BARUNGA WEST DISTRICT COUNCIL",2,1,0,0,1,2021,"August","Sunday","04:15 pm",60,"Sealed","Dry","Not Raining","Daylight","Right Angle",2,,,1279749.57,1768165.58
"2021-19712-19/09/2025","SANDALWOOD","DC KAROONDA EAST MURRAY.",1,3,0,1,2,2021,"August","Sunday","03:00 am",110,"Sealed","Dry","Not Raining","Night","Roll Over",1,,"Y",1466224.17,1661429.95
"2021-19713-19/09/2025","CUDLEE CREEK","THE ADELAIDE HILLS COUNCIL",2,1,0,1,0,2021,"August","Sunday","05:00 pm",80,"Sealed","Dry","Not Raining","Daylight","Hit Fixed Object",1,,,1346969.22,1678608.48
"2021-19715-19/09/2025","NORWOOD","CC OF NORWOOD,PAYNEHAM & ST PETERS",2,2,0,0,2,2021,"August","Sunday","09:33 pm",50,"Sealed","Dry","Not Raining","Night","Hit Fixed Object",1,,,1332053.13,1671082.87
"2021-19717-19/09/2025","SALISBURY","CITY OF SALISBURY",3,1,0,0,1,2021,"August","Sunday","09:05 pm",60,"Sealed","Dry","Not Raining","Night","Head On",2,,,1333483.39,1689004.49
"2021-19722-19/09/2025","NALYAPPA","YORKE PENINSULA COUNCIL",1,1,0,1,0,2021,"August","Sunday","12:00 pm",100,"Unsealed","Dry","Not Raining","Daylight","Roll Over",1,,,1230040.99,1750173.24
"2021-19723-19/09/2025","BOLIVAR","CITY OF SALISBURY",1,1,0,0,1,2021,"August","Monday","08:30 am",90,"Sealed","Dry","Not Raining","Daylight","Roll Over",1,,,1328554.34,1688239.17
"2021-19726-19/09/2025","WHYALLA PLAYFORD","CC WHYALLA.",2,2,0,1,1,2021,"August","Monday","07:54 am",60,"Sealed","Dry","Not Raining","Daylight","Right Angle",1,,,1239235.14,1883107.02
"2021-19733-19/09/2025","POMPOOTA","MID MURRAY DISTRICT COUNCIL",2,1,0,0,1,2021,"August","Saturday","10:00 pm",50,"Unsealed","Dry","Not Raining","Night","Hit Fixed Object",1,,,1396861.25,1659748.64
"2021-19738-19/09/2025","GEPPS CROSS","CITY OF PORT ADELAIDE ENFIELD",2,1,0,0,1,2021,"August","Monday","02:35 pm",70,"Sealed","Dry","Not Raining","Daylight","Side Swipe",9,,,1328755.94,1680461.5
"2021-19742-19/09/2025","MCLAREN VALE","CITY OF ONKAPARINGA",3,1,0,0,1,2021,"August","Monday","02:50 pm",60,"Sealed","Dry","Not Raining","Daylight","Rear End",2,,,1318344.71,1641676.25
"2021-19744-19/09/2025","KIDMAN PARK","CITY OF CHARLES STURT",3,2,0,0,2,2021,"August","Monday","02:55 pm",50,"Sealed","Dry","Not Raining","Daylight","Hit Parked Vehicle",1,,,1321782.5,1672298.7
"2021-19747-19/09/2025","GLENELG SOUTH","CITY OF HOLDFAST BAY",2,1,0,0,1,2021,"August","Monday","04:16 pm",60,"Sealed","Dry","Not Raining","Daylight","Rear End",2,,,1321054.28,1663847.41
"2021-19748-19/09/2025","MURRAY BRIDGE","RC MURRAY BRIDGE.",2,2,0,0,2,2021,"August","Saturday","01:40 pm",50,"Unsealed","Dry","Not Raining","Daylight","Head On",2,,,1389171.06,1647554.51
"2021-19755-19/09/2025","SALISBURY DOWNS","CITY OF SALISBURY",2,1,0,0,1,2021,"August","Monday","06:11 pm",60,"Sealed","Dry","Not Raining","Night","Right Angle",1,,,1331677.55,1687102.85
"2021-19759-19/09/2025","ADELAIDE","CITY OF ADELAIDE",3,2,0,2,0,2021,"August","Monday","09:00 pm",50,"Sealed","Dry","Not Raining","Night","Hit Pedestrian",2,"Y",,1328503.41,1671147.67
"2021-19761-19/09/2025","ELIZABETH SOUTH","CITY OF PLAYFORD.",2,1,0,0,1,2021,"August","Monday","08:40 am",60,"Sealed","Wet","Not Raining","Daylight","Right Angle",2,,,1334380.51,1691380.48
"2021-19763-19/09/2025","CRAFERS WEST","THE ADELAIDE HILLS COUNCIL",1,1,0,0,1,2021,"August","Monday","07:45 pm",60,"Sealed","Wet","Not Raining","Night","Roll Over",1,"Y","Y",1336887,1663079.11
"2021-19765-19/09/2025","GLENELG NORTH","CITY OF HOLDFAST BAY",2,1,0,0,1,2021,"August","Monday","10:10 pm",50,"Sealed","Dry","Not Raining","Night","Hit Parked Vehicle",1,,,1320493.33,1666197.46
"2021-19772-19/09/2025","HALLETT COVE","CC MARION.",2,1,0,0,1,2021,"August","Tuesday","09:00 am",60,"Sealed","Wet","Not Raining","Daylight","Right Turn",1,,,1320161.88,1654139.75
"2021-19782-19/09/2025","PARK HOLME","CC MARION.",2,1,0,0,1,2021,"August","Monday","06:50 am",60,"Sealed","Wet","Not Raining","Night","Rear End",2,,,1324319.06,1663273.94
"2021-19788-19/09/2025","MODBURY","CITY OF TEA TREE GULLY",2,1,0,0,1,2021,"August","Tuesday","01:30 pm",60,"Sealed","Dry","Not Raining","Daylight","Rear End",2,,,1335394.04,1679414.32
"2021-19789-19/09/2025","STURT","CC MARION.",2,1,0,0,1,2021,"August","Tuesday","02:20 pm",80,"Sealed","Dry","Not Raining","Daylight","Side Swipe",2,"Y",,1324165.28,1659542.36
"2021-19792-19/09/2025","MOUNT BARKER","DC MT.BARKER.",2,1,0,0,1,2021,"August","Tuesday","04:18 pm",60,"Sealed","Dry","Not Raining","Daylight","Rear End",2,,,1351395.83,1653583.98
"2021-19794-19/09/2025","KESWICK","CITY OF WEST TORRENS",2,1,0,0,1,2021,"August","Tuesday","03:22 pm",60,"Sealed","Dry","Not Raining","Daylight","Rear End",2,,,1325794.33,1668947.63
"2021-19795-19/09/2025","WATERLOO CORNER","CITY OF PLAYFORD.",2,1,0,0,1,2021,"August","Tuesday","05:45 pm",90,"Sealed","Dry","Not Raining","Daylight","Right Angle",1,,,1326345.17,1696674.21
"2021-19798-19/09/2025","PORT LINCOLN","CC PT.LINCOLN.",2,1,0,1,0,2021,"August","Tuesday","06:55 pm",50,"Sealed","Dry","Not Raining","Night","Rear End",2,,"Y",1077877.82,1698287.73
"2021-19801-19/09/2025","TEMPLERS","LIGHT REGIONAL COUNCIL",3,1,0,0,1,2021,"August","Tuesday","05:33 pm",100,"Sealed","Dry","Not Raining","Daylight","Other",1,,,1343793.87,1719343.43
"2021-19802-19/09/2025","PINERY","WAKEFIELD REGIONAL COUNCIL",2,1,0,1,0,2021,"August","Tuesday","05:16 pm",80,"Unsealed","Dry","Not Raining","Daylight","Hit Fixed Object",1,,,1317824.14,1739580.76