"REPORT_ID","Suburb","LGA Name","Total Units","Total Cas","Total Fats","Total SI","Total MI","Year","Month","Day","Time","Area Speed","Road Surface","Moisture Cond","Weather Cond","DayNight","Crash Type","Unit Resp","DUI Involved","Drugs Involved","ACCLOC_X","ACCLOC_Y"
"2021-20492-19/09/2025","HAZELWOOD PARK","CITY OF BURNSIDE",4,1,0,0,1,2021,"September","Friday","03:15 pm",60,"Sealed","Dry","Not Raining","Daylight","Rear End",1,,,1333942.93,1668929.02
"2021-20500-19/09/2025","NOARLUNGA CENTRE","CITY OF ONKAPARINGA",3,1,0,0,1,2021,"September","Saturday","11:30 am",60,"Sealed","Wet","Unknown","Daylight","Rear End",1,,,1318999.72,1647480.65
"2021-20501-19/09/2025","URRBRAE","CITY OF UNLEY",3,1,0,0,1,2021,"September","Saturday","12:25 pm",60,"Sealed","Wet","Not Raining","Daylight","Rear End",2,,,1332320.83,1666338.42
"2021-20502-19/09/2025","SEATON","CITY OF CHARLES STURT",2,1,0,0,1,2021,"September","Saturday","04:35 pm",60,"Sealed","Dry","Not Raining","Daylight","Rear End",2,,,1320750.49,1674773.93
"2021-20503-19/09/2025","KIDMAN PARK","CITY OF CHARLES STURT",2,1,0,0,1,2021,"September","Friday","04:40 pm",60,"Sealed","Wet","Raining","Daylight","Right Angle",2,,,1322537.88,1672228.09
"2021-20509-19/09/2025","MILLICENT","WATTLE RANGE COUNCIL",2,1,0,1,0,2021,"September","Saturday","11:16 pm",50,"Sealed","Wet","Not Raining","Night","Hit Pedestrian",2,,,1473464.01,1368395.49
"2021-20515-19/09/2025","HYNAM","DC NARACOORTE & LUCINDALE.",1,1,0,1,0,2021,"September","Saturday","03:45 pm",50,"Unsealed","Dry","Not Raining","Daylight","Roll Over",1,"Y",,1522522.43,1438887.43
"2021-20518-19/09/2025","PARKSIDE","CITY OF UNLEY",2,1,0,0,1,2021,"September","Sunday","12:18 pm",60,"Sealed","Dry","Not Raining","Daylight","Right Turn",1,,,1329603.75,1668978.88
"2021-20522-19/09/2025","ELIZABETH","CITY OF PLAYFORD.",2,2,0,0,2,2021,"September","Sunday","03:50 pm",50,"Sealed","Dry","Not Raining","Daylight","Right Turn",2,,,1335337.57,1693201.94
"2021-20523-19/09/2025","TERINGIE","THE ADELAIDE HILLS COUNCIL",2,1,0,0,1,2021,"September","Sunday","03:50 pm",60,"Sealed","Dry","Not Raining","Daylight","Hit Fixed Object",1,,"Y",1337932.3,1672013.54
"2021-20530-19/09/2025","BERRI","THE BERRI BARMERA COUNCIL",2,1,0,0,1,2021,"September","Sunday","04:30 pm",50,"Sealed","Dry","Not Raining","Daylight","Right Angle",1,,,1514607.99,1733984.57
"2021-20540-19/09/2025","MAGILL","CC CAMPBELLTOWN.",2,1,0,0,1,2021,"September","Monday","12:25 pm",60,"Sealed","Dry","Not Raining","Daylight","Right Angle",1,,,1335452.93,1672931.31
"2021-20542-19/09/2025","STANLEY FLAT","CLARE AND GILBERT VALLEYS DISTRICT COUNCIL",3,1,0,0,1,2021,"September","Monday","11:30 am",60,"Unsealed","Dry","Not Raining","Daylight","Hit Fixed Object",1,,,1335551.84,1798476.94
"2021-20545-19/09/2025","DIREK","CITY OF SALISBURY",2,2,0,0,2,2021,"September","Monday","02:18 pm",90,"Sealed","Dry","Not Raining","Daylight","Right Angle",1,,,1329380.64,1693913.15
"2021-20546-19/09/2025","STEPNEY","CC OF NORWOOD,PAYNEHAM & ST PETERS",2,1,0,0,1,2021,"September","Monday","02:30 pm",60,"Sealed","Dry","Not Raining","Daylight","Right Turn",1,,,1331150.89,1671732.93
"2021-20547-19/09/2025","ALDINGA","CITY OF ONKAPARINGA",2,1,0,0,1,2021,"September","Monday","03:30 pm",70,"Sealed","Dry","Not Raining","Daylight","Rear End",2,,,1316840.75,1633195.42
"2021-20552-19/09/2025","ENFIELD","CITY OF PORT ADELAIDE ENFIELD",4,2,0,0,2,2021,"September","Monday","04:00 pm",60,"Sealed","Dry","Not Raining","Daylight","Rear End",1,,,1329466.83,1676448.25
"2021-20554-19/09/2025","ADELAIDE","CITY OF ADELAIDE",2,1,0,1,0,2021,"September","Monday","04:47 pm",50,"Sealed","Dry","Not Raining","Daylight","Right Turn",1,,,1329593.2,1669909.56
"2021-20560-19/09/2025","INGLE FARM","CITY OF SALISBURY",2,3,0,0,3,2021,"September","Monday","06:40 pm",60,"Sealed","Dry","Not Raining","Night","Right Angle",1,"Y","Y",1334489.3,1681505.84
"2021-20561-19/09/2025","WILD DOG VALLEY","DC NARACOORTE & LUCINDALE.",2,1,0,0,1,2021,"September","Monday","06:28 pm",110,"Sealed","Dry","Not Raining","Night","Side Swipe",1,,,1507462.28,1447307.87
"2021-20567-19/09/2025","KANMANTOO","DC MT.BARKER.",3,1,0,0,1,2021,"September","Tuesday","07:00 am",100,"Sealed","Dry","Not Raining","Daylight","Hit Fixed Object",1,,,1365408.9,1654887.43
"2021-20568-19/09/2025","PARAFIELD","CITY OF SALISBURY",2,1,0,0,1,2021,"September","Tuesday","06:35 am",80,"Sealed","Dry","Not Raining","Daylight","Side Swipe",2,,,1331998.96,1683726.83
"2021-20573-19/09/2025","SEAFORD MEADOWS","CITY OF ONKAPARINGA",2,1,0,0,1,2021,"September","Tuesday","10:17 am",50,"Sealed","Dry","Not Raining","Daylight","Hit Fixed Object",1,,,1316816.06,1643022.5
"2021-20575-19/09/2025","ELIZABETH","CITY OF PLAYFORD.",2,1,0,0,1,2021,"September","Tuesday","09:10 am",60,"Sealed","Dry","Not Raining","Daylight","Right Angle",2,,,1335655.83,1693821.56
"2021-20579-19/09/2025","SALISBURY HEIGHTS","CITY OF SALISBURY",2,1,0,0,1,2021,"September","Sunday","11:55 am",50,"Sealed","Dry","Not Raining","Daylight","Rear End",2,,,1335937.64,1688754.16
"2021-20580-19/09/2025","NETLEY","CITY OF WEST TORRENS",2,1,0,0,1,2021,"September","Monday","02:20 pm",60,"Sealed","Dry","Not Raining","Daylight","Rear End",1,,,1324175.25,1668909.78
"2021-20585-19/09/2025","KESWICK","CITY OF UNLEY",2,1,0,1,0,2021,"September","Tuesday","04:55 pm",60,"Sealed","Dry","Not Raining","Daylight","Side Swipe",1,,,1326445.41,1668317.86
"2021-20586-19/09/2025","TORRENSVILLE","CITY OF WEST TORRENS",2,1,0,0,1,2021,"September","Tuesday","06:00 pm",50,"Sealed","Dry","Not Raining","Daylight","Right Angle",1,,,1324752.09,1671176.58
"2021-20589-19/09/2025","GLENGOWRIE","CC MARION.",2,1,0,0,1,2021,"September","Tuesday","04:00 pm",60,"Sealed","Dry","Not Raining","Daylight","Rear End",2,,,1322662.43,1664460.36
"2021-20590-19/09/2025","MOORAK","DISTRICT COUNCIL OF GRANT",2,1,0,0,1,2021,"September","Tuesday","06:48 pm",80,"Sealed","Wet","Not Raining","Night","Right Angle",1,,,1507751.47,1336698.18
"2021-20595-19/09/2025","ADELAIDE","CITY OF ADELAIDE",2,1,0,0,1,2021,"September","Tuesday","08:53 pm",60,"Sealed","Dry","Not Raining","Night","Right Angle",1,,,1327349.63,1671109.58
"2021-20597-19/09/2025","HALLETT","REGIONAL COUNCIL OF GOYDER",2,1,0,1,0,2021,"September","Tuesday","08:15 am",100,"Unsealed","Dry","Not Raining","Daylight","Right Angle",2,,,1361452.5,1836649.52
"2021-20600-19/09/2025","FORESTVILLE","CITY OF UNLEY",2,1,1,0,0,2021,"September","Wednesday","08:06 am",60,"Sealed","Dry","Not Raining","Daylight","Right Angle",1,,,1326423.1,1668286.76
"2021-20606-19/09/2025","LARGS NORTH","CITY OF PORT ADELAIDE ENFIELD",3,2,0,0,2,2021,"September","Wednesday","09:20 am",60,"Sealed","Dry","Not Raining","Daylight","Right Turn",1,,,1319167.62,1682813.65
"2021-20616-19/09/2025","GLENCOE","WATTLE RANGE COUNCIL",2,1,0,0,1,2021,"September","Wednesday","04:02 pm",100,"Sealed","Dry","Not Raining","Daylight","Right Angle",2,,,1494931.74,1354829.37
"2021-20618-19/09/2025","SOUTH BRIGHTON","CITY OF HOLDFAST BAY",2,1,0,0,1,2021,"September","Wednesday","04:31 pm",50,"Sealed","Dry","Not Raining","Daylight","Right Angle",2,,,1320535.85,1660150.02
"2021-20625-19/09/2025","SALISBURY EAST","CITY OF SALISBURY",2,1,0,0,1,2021,"September","Wednesday","07:05 pm",60,"Sealed","Dry","Not Raining","Night","Right Turn",1,,,1334189.82,1684652.72
"2021-20627-19/09/2025","REGENCY PARK","CITY OF PORT ADELAIDE ENFIELD",2,1,0,0,1,2021,"September","Wednesday","10:59 pm",60,"Sealed","Dry","Not Raining","Night","Right Turn",2,,,1325605.74,1678215.46
"2021-20633-19/09/2025","SEMAPHORE PARK","CITY OF CHARLES STURT",2,1,0,0,1,2021,"September","Thursday","07:51 am",60,"Sealed","Dry","Not Raining","Daylight","Head On",2,,,1318657.43,1679240.09
"2021-20635-19/09/2025","WOODS POINT","RC MURRAY BRIDGE.",2,1,0,0,1,2021,"September","Thursday","07:42 am",100,"Sealed","Dry","Not Raining","Daylight","Hit Fixed Object",1,,,1396663.23,1636336.1
"2021-20636-19/09/2025","GLENUNGA","CITY OF UNLEY",2,1,0,0,1,2021,"September","Thursday","08:30 am",60,"Sealed","Dry","Not Raining","Daylight","Right Turn",1,,,1331772.93,1667318.12
"2021-20639-19/09/2025","MAGILL","CC CAMPBELLTOWN.",2,1,0,0,1,2021,"September","Thursday","09:39 am",60,"Sealed","Dry","Not Raining","Daylight","Hit Fixed Object",1,,,1335483.19,1671847.51
"2021-20641-19/09/2025","MCLAREN VALE","CITY OF ONKAPARINGA",2,1,0,0,1,2021,"September","Thursday","09:58 am",80,"Sealed","Dry","Not Raining","Daylight","Hit Fixed Object",1,,,1320452.05,1639982.78
"2021-20643-19/09/2025","BLAIR ATHOL","CITY OF PORT ADELAIDE ENFIELD",2,1,0,0,1,2021,"September","Thursday","11:04 am",50,"Sealed","Dry","Not Raining","Daylight","Right Angle",2,,,1328027.61,1678095.14
"2021-20644-19/09/2025","ANGLE VALE","CITY OF PLAYFORD.",3,2,0,0,2,2021,"September","Thursday","10:25 am",110,"Sealed","Dry","Not Raining","Daylight","Rear End",1,,,1335700.58,1701756.92
"2021-20645-19/09/2025","SALISBURY DOWNS","CITY OF SALISBURY",2,1,0,0,1,2021,"September","Wednesday","05:10 pm",60,"Sealed","Dry","Not Raining","Daylight","Side Swipe",2,,,1331481.56,1686855.41
"2021-20646-19/09/2025","SEATON","CITY OF CHARLES STURT",2,1,0,0,1,2021,"August","Tuesday","11:30 am",60,"Sealed","Dry","Not Raining","Daylight","Right Angle",1,,,1321332.29,1673094.51
"2021-20647-19/09/2025","MUNDULLA WEST","DC TATIARA.",2,1,0,0,1,2021,"September","Thursday","09:00 am",110,"Sealed","Dry","Not Raining","Daylight","Hit Fixed Object",1,,,1501748.52,1503975.17
"2021-20657-19/09/2025","EDWARDSTOWN","CC MARION.",7,1,0,0,1,2021,"September","Thursday","02:50 pm",60,"Sealed","Dry","Not Raining","Daylight","Rear End",1,,,1325934.46,1664032.4
"2021-20659-19/09/2025","DRY CREEK","CITY OF SALISBURY",1,1,0,0,1,2021,"September","Thursday","03:40 pm",90,"Sealed","Dry","Not Raining","Daylight","Left Road - Out of Control",9,,,1328368.65,1682933.5
"2021-20660-19/09/2025","PARA HILLS WEST","CITY OF SALISBURY",2,1,0,0,1,2021,"September","Wednesday","08:41 am",60,"Sealed","Dry","Not Raining","Daylight","Rear End",1,,,1334024.51,1684430.17
"2021-20662-19/09/2025","ENFIELD","CITY OF PORT ADELAIDE ENFIELD",2,2,0,0,2,2021,"September","Thursday","03:40 pm",60,"Sealed","Dry","Not Raining","Daylight","Right Turn",2,,,1328844.48,1677690.06
"2021-20665-19/09/2025","GEPPS CROSS","CITY OF PORT ADELAIDE ENFIELD",2,1,0,0,1,2021,"September","Thursday","04:15 pm",70,"Sealed","Dry","Not Raining","Daylight","Rear End",2,,,1328773.73,1680394.63
"2021-20666-19/09/2025","MAWSON LAKES","CITY OF SALISBURY",2,1,0,0,1,2021,"September","Thursday","05:04 pm",50,"Sealed","Dry","Not Raining","Daylight","Right Angle",1,,,1330496.17,1683915.05
"2021-20667-19/09/2025","MUNNO PARA","CITY OF PLAYFORD.",3,2,0,0,2,2021,"September","Thursday","05:15 pm",60,"Sealed","Dry","Not Raining","Daylight","Right Turn",1,,,1336692.66,1698550.18
"2021-20668-19/09/2025","MARION","CC MARION.",3,2,0,0,2,2021,"September","Thursday","05:18 pm",60,"Sealed","Dry","Not Raining","Daylight","Rear End",1,,,1324033.56,1660669.74
"2021-20674-19/09/2025","UNDERDALE","CITY OF WEST TORRENS",2,1,0,0,1,2021,"September","Thursday","11:00 am",60,"Sealed","Dry","Not Raining","Daylight","Side Swipe",1,,,1323842.31,1671225.39
"2021-20677-19/09/2025","KENSINGTON PARK","CITY OF BURNSIDE",2,1,0,0,1,2021,"September","Thursday","06:55 pm",60,"Sealed","Dry","Not Raining","Night","Right Turn",1,,,1333243.38,1670441.92
"2021-20679-19/09/2025","MOUNT BARKER","DC MT.BARKER.",2,1,0,0,1,2021,"September","Thursday","11:00 pm",50,"Sealed","Dry","Not Raining","Night","Hit Fixed Object",1,,,1352737.29,1653204.32
"2021-20681-19/09/2025","BUGLE RANGES","DC MT.BARKER.",3,1,0,1,0,2021,"September","Friday","05:50 am",100,"Sealed","Dry","Not Raining","Night","Hit Fixed Object",1,,,1353922.29,1646700.68
"2021-20682-19/09/2025","LOCKLEYS","CITY OF WEST TORRENS",2,1,0,0,1,2021,"September","Friday","08:40 am",60,"Sealed","Dry","Not Raining","Daylight","Right Angle",2,,,1321516.01,1670852.29
"2021-20686-19/09/2025","GLENROY","WATTLE RANGE COUNCIL",2,3,0,0,3,2021,"September","Thursday","12:14 pm",100,"Unsealed","Dry","Not Raining","Daylight","Hit Fixed Object",1,,"Y",1514921.39,1403482.61
"2021-20687-19/09/2025","ENFIELD","CITY OF PORT ADELAIDE ENFIELD",2,1,0,0,1,2021,"September","Thursday","09:20 am",60,"Sealed","Dry","Not Raining","Daylight","Rear End",2,,,1328821.62,1678606.27
"2021-20688-19/09/2025","KENSINGTON","CC OF NORWOOD,PAYNEHAM & ST PETERS",2,1,0,0,1,2021,"September","Friday","08:50 am",60,"Sealed","Dry","Not Raining","Daylight","Right Turn",1,,,1332250,1671075.27
"2021-20689-19/09/2025","ELIZABETH SOUTH","CITY OF PLAYFORD.",2,1,0,1,0,2021,"September","Friday","10:13 am",60,"Sealed","Dry","Not Raining","Daylight","Hit Pedestrian",2,,,1334424.03,1690947.72
"2021-20694-19/09/2025","HILLBANK","CITY OF PLAYFORD.",2,2,0,2,0,2021,"September","Thursday","01:35 pm",80,"Sealed","Dry","Not Raining","Daylight","Hit Parked Vehicle",2,,,1336153.32,1690729.89
"2021-20698-19/09/2025","PROSPECT","CITY OF PROSPECT",2,1,0,0,1,2021,"September","Thursday","03:40 pm",60,"Sealed","Dry","Not Raining","Daylight","Rear End",2,,,1327241.53,1676403.39
"2021-20701-19/09/2025","ELIZABETH NORTH","CITY OF PLAYFORD.",2,2,0,0,2,2021,"September","Friday","03:34 pm",60,"Sealed","Dry","Not Raining","Daylight","Right Angle",1,,,1336436.19,1694658.79
"2021-20702-19/09/2025","BLINMAN",,2,1,0,0,1,2021,"September","Thursday","11:55 am",90,"Sealed","Dry","Not Raining","Daylight","Hit Animal",2,,,1350906.01,2089425.41
"2021-20704-19/09/2025","CAMPBELLTOWN","CC CAMPBELLTOWN.",2,1,0,1,0,2021,"September","Friday","04:18 pm",60,"Sealed","Dry","Not Raining","Daylight","Hit Pedestrian",2,,,1333899.94,1674711.7
"2021-20706-19/09/2025","NORTH ADELAIDE","CITY OF ADELAIDE",3,2,0,1,1,2021,"September","Friday","04:52 pm",50,"Sealed","Dry","Not Raining","Daylight","Hit Pedestrian",1,,,1327857.85,1672477.76
"2021-20709-19/09/2025","BOLIVAR","CITY OF SALISBURY",1,1,0,0,1,2021,"September","Friday","05:55 pm",110,"Sealed","Dry","Not Raining","Daylight","Roll Over",1,,,1327912.86,1689509.54
"2021-20710-19/09/2025","MUNNO PARA","CITY OF PLAYFORD.",3,1,0,0,1,2021,"September","Friday","06:45 pm",60,"Sealed","Dry","Not Raining","Night","Rear End",1,,,1336475.92,1698670.02
"2021-20711-19/09/2025","INGLE FARM","CITY OF SALISBURY",3,2,0,0,2,2021,"September","Friday","06:50 pm",60,"Sealed","Dry","Not Raining","Night","Right Angle",2,,,1331807.38,1681390.84
"2021-20712-19/09/2025","EVANSTON PARK","CT GAWLER.",2,2,0,0,2,2021,"September","Friday","04:20 pm",60,"Sealed","Dry","Not Raining","Daylight","Right Turn",2,,,1342467.26,1704020.67
"2021-20716-19/09/2025","SEACLIFF","CITY OF HOLDFAST BAY",3,1,0,0,1,2021,"September","Friday","09:30 pm",50,"Sealed","Dry","Not Raining","Night","Hit Fixed Object",1,"Y","Y",1320841.26,1659693.66
"2021-20717-19/09/2025","PROSPECT","CITY OF PROSPECT",2,1,0,0,1,2021,"September","Friday","09:15 pm",60,"Sealed","Dry","Not Raining","Night","Hit Fixed Object",1,,,1327707.39,1676404.25
"2021-20721-19/09/2025","GLENBURNIE","CC MT.GAMBIER.",2,1,0,0,1,2021,"September","Saturday","08:11 am",80,"Sealed","Dry","Not Raining","Daylight","Hit Fixed Object",1,,,1513470.33,1338614.89
"2021-20722-19/09/2025","TEPKO","MID MURRAY DISTRICT COUNCIL",2,3,0,1,2,2021,"September","Saturday","07:00 am",100,"Sealed","Dry","Not Raining","Daylight","Hit Fixed Object",1,,"Y",1380548.47,1665058.83
"2021-20734-19/09/2025","RENOWN PARK","CITY OF CHARLES STURT",2,2,0,0,2,2021,"September","Saturday","04:45 pm",60,"Sealed","Dry","Not Raining","Daylight","Rear End",2,,,1325878.11,1674919.2
"2021-20735-19/09/2025","WILLIAMSTOWN","THE BAROSSA COUNCIL.",2,1,0,0,1,2021,"September","Saturday","12:01 am",100,"Sealed","Dry","Not Raining","Night","Hit Fixed Object",1,,,1355243.29,1700232.08
"2021-20737-19/09/2025","HOPE GAP","WAKEFIELD REGIONAL COUNCIL",2,1,0,0,1,2021,"September","Saturday","04:30 pm",110,"Sealed","Dry","Not Raining","Daylight","Hit Fixed Object",1,,,1298680.63,1812315.64
"2021-20740-19/09/2025","PARKSIDE","CITY OF UNLEY",2,2,0,0,2,2021,"September","Saturday","10:57 pm",60,"Sealed","Wet","Raining","Night","Right Turn",1,,"Y",1329603.35,1668996.84
"2021-20744-19/09/2025","WATERLOO CORNER","CITY OF PLAYFORD.",3,1,1,0,0,2021,"September","Saturday","11:31 pm",110,"Sealed","Dry","Not Raining","Night","Hit Pedestrian",1,,,1326654.52,1694851.63
"2021-20747-19/09/2025","STURT","CC MARION.",2,1,0,0,1,2021,"September","Saturday","02:15 pm",60,"Sealed","Dry","Not Raining","Daylight","Rear End",2,,,1324418.54,1660680
"2021-20748-19/09/2025","NORTH ADELAIDE","CITY OF ADELAIDE",2,1,0,0,1,2021,"September","Sunday","12:25 am",50,"Sealed","Wet","Raining","Night","Right Angle",1,,,1327703.97,1673074.33
"2021-20750-19/09/2025","URANIA","YORKE PENINSULA COUNCIL",2,1,0,0,1,2021,"September","Sunday","08:00 am",100,"Unsealed","Wet","Raining","Daylight","Roll Over",1,,,1237484.2,1717857.27
"2021-20752-19/09/2025","VIRGINIA","CITY OF PLAYFORD.",2,1,0,0,1,2021,"September","Sunday","11:55 am",90,"Sealed","Wet","Raining","Daylight","Rear End",2,,,1326421.71,1696569.21
"2021-20768-19/09/2025","PARAFIELD GARDENS","CITY OF SALISBURY",2,1,0,0,1,2021,"September","Monday","07:50 am",40,"Sealed","Dry","Not Raining","Daylight","Hit Parked Vehicle",1,,,1329132.42,1687826.61
"2021-20775-19/09/2025","STIRLING","THE ADELAIDE HILLS COUNCIL",2,1,0,0,1,2021,"September","Monday","07:40 am",80,"Sealed","Wet","Raining","Daylight","Right Angle",1,,,1338787.87,1661686.75
"2021-20776-19/09/2025","EDEN HILLS","CC MITCHAM.",3,2,0,0,2,2021,"September","Monday","09:21 am",60,"Sealed","Dry","Not Raining","Daylight","Rear End",1,,,1328532.78,1659598.21
"2021-20779-19/09/2025","OVINGHAM","CITY OF CHARLES STURT",2,1,0,0,1,2021,"September","Monday","10:57 am",60,"Sealed","Dry","Not Raining","Daylight","Right Turn",2,,,1327121.41,1673280.8
"2021-20783-19/09/2025","FERRYDEN PARK","CITY OF PORT ADELAIDE ENFIELD",2,1,0,0,1,2021,"September","Monday","12:40 pm",50,"Sealed","Dry","Not Raining","Daylight","Hit Fixed Object",1,,,1325248.15,1676758.53
"2021-20788-19/09/2025","MODBURY","CITY OF TEA TREE GULLY",2,1,0,0,1,2021,"September","Monday","02:25 pm",50,"Sealed","Dry","Not Raining","Daylight","Hit Fixed Object",1,,,1336882.27,1680600.89
"2021-20790-19/09/2025","BELLEVUE HEIGHTS","CC MITCHAM.",2,1,0,0,1,2021,"September","Monday","03:25 pm",50,"Sealed","Dry","Not Raining","Daylight","Right Angle",2,,,1326974.19,1659334.82
"2021-20792-19/09/2025","GAWLER BELT","LIGHT REGIONAL COUNCIL",2,2,0,0,2,2021,"September","Monday","03:40 pm",80,"Sealed","Dry","Not Raining","Daylight","Right Angle",1,,,1340787.02,1708793.69
"2021-20795-19/09/2025","PORT LINCOLN","CC PT.LINCOLN.",2,1,0,0,1,2021,"September","Monday","04:24 pm",50,"Sealed","Dry","Not Raining","Daylight","Side Swipe",2,,,1078425.94,1698452.72
"2021-20799-19/09/2025","HIGHBURY","CITY OF TEA TREE GULLY",2,1,0,1,0,2021,"September","Monday","07:42 pm",60,"Sealed","Dry","Not Raining","Night","Right Angle",2,,,1337696.71,1678328.49
"2021-20802-19/09/2025","WHYALLA STUART","CC WHYALLA.",1,1,0,0,1,2021,"September","Monday","08:05 pm",60,"Sealed","Dry","Not Raining","Night","Roll Over",1,"Y","Y",1235918.46,1883690.19
"2021-20803-19/09/2025","BOLIVAR","CITY OF SALISBURY",2,2,0,1,1,2021,"September","Monday","11:24 pm",80,"Sealed","Dry","Not Raining","Night","Rear End",2,,"Y",1328457.27,1688613.24
"2021-20804-19/09/2025","MONARTO SOUTH","RC MURRAY BRIDGE.",1,1,0,1,0,2021,"September","Monday","11:20 pm",100,"Sealed","Dry","Not Raining","Night","Roll Over",1,,,1375255.36,1647784.94
"2021-20805-19/09/2025","GEPPS CROSS","CITY OF PORT ADELAIDE ENFIELD",3,1,0,0,1,2021,"September","Tuesday","07:40 am",70,"Sealed","Dry","Not Raining","Daylight","Rear End",1,,,1329373.82,1680161.77
"2021-20807-19/09/2025","INGLE FARM","CITY OF SALISBURY",4,4,0,0,4,2021,"September","Tuesday","08:25 am",60,"Sealed","Dry","Not Raining","Daylight","Right Angle",1,,,1331651.67,1681192.56
"2021-20808-19/09/2025","PASADENA","CC MITCHAM.",2,1,0,0,1,2021,"September","Tuesday","08:00 am",60,"Sealed","Dry","Not Raining","Daylight","Rear End",2,,,1326928.21,1661462.67
"2021-20811-19/09/2025","TORRENS PARK","CC MITCHAM.",2,1,0,1,0,2021,"September","Tuesday","09:27 am",60,"Sealed","Dry","Not Raining","Daylight","Side Swipe",2,,,1330024.71,1664063.9
"2021-20815-19/09/2025","COWANDILLA","CITY OF WEST TORRENS",2,1,0,0,1,2021,"September","Tuesday","03:27 pm",60,"Sealed","Dry","Not Raining","Daylight","Rear End",1,,,1324147.41,1669973.55
"2021-20818-19/09/2025","PORT ELLIOT","ALEXANDRINA COUNCIL",2,1,0,0,1,2021,"September","Tuesday","03:14 pm",50,"Sealed","Dry","Not Raining","Daylight","Right Angle",1,,,1333317.66,1603408.32
"2021-20820-19/09/2025","INGLE FARM","CITY OF SALISBURY",2,1,0,0,1,2021,"September","Tuesday","06:20 am",60,"Sealed","Dry","Not Raining","Daylight","Side Swipe",1,,"Y",1332673.83,1682575.16
"2021-20828-19/09/2025","EDINBURGH NORTH","CITY OF PLAYFORD.",2,1,0,1,0,2021,"September","Wednesday","09:10 am",50,"Sealed","Dry","Not Raining","Daylight","Hit Fixed Object",1,,,1334402.36,1694768.83
"2021-20838-19/09/2025","SOMERTON PARK","CITY OF HOLDFAST BAY",2,1,0,0,1,2021,"September","Tuesday","04:10 pm",60,"Sealed","Dry","Not Raining","Daylight","Hit Pedestrian",2,,,1321809.4,1662469.61
"2021-20841-19/09/2025","ALBERT PARK","CITY OF CHARLES STURT",2,1,0,1,0,2021,"September","Thursday","11:10 pm",60,"Sealed","Dry","Not Raining","Night","Side Swipe",2,,,1321535.02,1675688.66
"2021-20846-19/09/2025","EASTWOOD","CITY OF BURNSIDE",2,1,0,0,1,2021,"September","Wednesday","04:25 pm",60,"Sealed","Dry","Not Raining","Daylight","Right Angle",2,,,1330332.11,1669015.63
"2021-20852-19/09/2025","PLYMPTON PARK","CC MARION.",2,1,0,0,1,2021,"September","Wednesday","04:30 pm",60,"Sealed","Dry","Not Raining","Daylight","Right Angle",1,,,1324084.36,1666108.57
"2021-20855-19/09/2025","PLYMPTON","CITY OF WEST TORRENS",2,1,0,1,0,2021,"September","Wednesday","06:35 pm",60,"Sealed","Dry","Not Raining","Night","Rear End",1,,"Y",1324704.41,1666907.86
"2021-20856-19/09/2025","UNLEY","CITY OF UNLEY",3,1,0,1,0,2021,"September","Wednesday","07:00 pm",60,"Sealed","Dry","Not Raining","Night","Hit Parked Vehicle",1,,,1329079.06,1668174.7
"2021-20857-19/09/2025","ADELAIDE","CITY OF ADELAIDE",2,1,0,0,1,2021,"September","Wednesday","07:10 pm",50,"Sealed","Dry","Not Raining","Night","Right Turn",1,"Y",,1329029.5,1670532.59
"2021-20858-19/09/2025","MORPHETTVILLE","CC MARION.",2,1,0,1,0,2021,"September","Wednesday","08:35 pm",60,"Sealed","Dry","Not Raining","Night","Right Turn",1,"Y",,1322660.95,1664507.42
"2021-20859-19/09/2025","MORPHETTVILLE","CC MARION.",2,1,0,0,1,2021,"September","Wednesday","09:25 pm",50,"Sealed","Dry","Not Raining","Night","Right Angle",1,,,1323443.56,1663928.98
"2021-20860-19/09/2025","TWO WELLS","DC MALLALA.",3,3,0,1,2,2021,"September","Wednesday","09:58 pm",80,"Sealed","Dry","Not Raining","Night","Right Turn",2,,,1322938.3,1706293.11
"2021-20861-19/09/2025","ANGASTON","THE BAROSSA COUNCIL.",4,1,0,1,0,2021,"September","Thursday","12:03 am",50,"Sealed","Dry","Not Raining","Night","Hit Fixed Object",1,"Y","Y",1371465.75,1716525.71
"2021-20862-19/09/2025","STURT","CC MARION.",2,1,0,1,0,2021,"September","Thursday","08:45 am",60,"Sealed","Dry","Not Raining","Daylight","Rear End",2,,,1323763.39,1659429.28
"2021-20863-19/09/2025","PARK HOLME","CC MARION.",2,3,0,1,2,2021,"September","Thursday","08:27 am",60,"Sealed","Dry","Not Raining","Daylight","Right Angle",2,,,1324312.53,1663694.14