"REPORT_ID","Suburb","LGA Name","Total Units","Total Cas","Total Fats","Total SI","Total MI","Year","Month","Day","Time","Area Speed","Road Surface","Moisture Cond","Weather Cond","DayNight","Crash Type","Unit Resp","DUI Involved","Drugs Involved","ACCLOC_X","ACCLOC_Y"
"2021-20865-19/09/2025","EAST MOONTA","COPPER COAST DISTRICT COUNCIL",1,1,0,0,1,2021,"September","Thursday","08:50 am",100,"Sealed","Dry","Not Raining","Daylight","Roll Over",1,,,1241364.82,1766613.29
"2021-20875-19/09/2025","NOARLUNGA DOWNS","CITY OF ONKAPARINGA",2,1,0,0,1,2021,"September","Thursday","10:32 am",60,"Sealed","Dry","Not Raining","Daylight","Right Angle",2,,,1318544.62,1646725.5
"2021-20882-19/09/2025","HENLEY BEACH","CITY OF CHARLES STURT",2,1,0,0,1,2021,"September","Wednesday","03:30 pm",50,"Sealed","Dry","Not Raining","Daylight","Rear End",2,,,1319127,1672310.49
"2021-20883-19/09/2025","MODBURY","CITY OF TEA TREE GULLY",2,2,0,0,2,2021,"September","Thursday","02:41 pm",60,"Sealed","Dry","Not Raining","Daylight","Rear End",1,,,1336565.36,1680604.68
"2021-20886-19/09/2025","MODBURY","CITY OF TEA TREE GULLY",2,2,0,0,2,2021,"September","Thursday","03:27 pm",60,"Sealed","Dry","Not Raining","Daylight","Right Angle",2,,,1336871.18,1680909.71
"2021-20888-19/09/2025","TORRENSVILLE","CITY OF WEST TORRENS",2,1,0,0,1,2021,"September","Thursday","03:50 pm",50,"Sealed","Dry","Not Raining","Daylight","Right Angle",2,,,1325456.64,1671623.96
"2021-20889-19/09/2025","WYNN VALE","CITY OF TEA TREE GULLY",2,1,0,0,1,2021,"September","Thursday","03:30 pm",60,"Sealed","Dry","Not Raining","Daylight","Rear End",2,,,1337386.99,1685020.75
"2021-20890-19/09/2025","WYNN VALE","CITY OF TEA TREE GULLY",4,2,0,0,2,2021,"September","Thursday","04:14 pm",70,"Sealed","Dry","Not Raining","Daylight","Side Swipe",2,,,1336671.92,1683912.93
"2021-20891-19/09/2025","LONSDALE","CITY OF ONKAPARINGA",2,3,0,0,3,2021,"September","Thursday","04:20 pm",50,"Sealed","Dry","Not Raining","Daylight","Side Swipe",1,,,1318993.73,1650486.38
"2021-20893-19/09/2025","NETLEY","CITY OF WEST TORRENS",2,2,0,1,1,2021,"September","Thursday","05:26 pm",60,"Sealed","Dry","Not Raining","Daylight","Right Turn",2,,,1324175.25,1668909.78
"2021-20897-19/09/2025","INGLE FARM","CITY OF SALISBURY",1,1,0,1,0,2021,"September","Thursday","05:33 pm",70,"Sealed","Dry","Not Raining","Daylight","Roll Over",1,,,1332710.1,1681558.08
"2021-20899-19/09/2025","PENNINGTON","CITY OF CHARLES STURT",2,1,0,1,0,2021,"September","Thursday","07:32 pm",60,"Sealed","Dry","Not Raining","Night","Rear End",1,,,1322283.12,1677963.16
"2021-20900-19/09/2025","REDWOOD PARK","CITY OF TEA TREE GULLY",2,2,0,0,2,2021,"September","Thursday","08:43 pm",50,"Sealed","Dry","Not Raining","Night","Head On",1,"Y","Y",1339558.87,1683560.47
"2021-20905-19/09/2025","GLADSTONE","NORTHERN AREAS DISTRICT COUNCIL",3,1,0,1,0,2021,"September","Thursday","05:00 pm",110,"Unsealed","Dry","Not Raining","Daylight","Hit Fixed Object",1,,"Y",1308708.71,1858158.22
"2021-20910-19/09/2025","EDEN VALLEY","THE BAROSSA COUNCIL.",2,1,0,0,1,2021,"August","Friday","10:30 pm",100,"Sealed","Dry","Not Raining","Night","Hit Fixed Object",1,"Y","Y",1375504.52,1699183.72
"2021-20917-19/09/2025","GLENSIDE","CITY OF BURNSIDE",2,1,0,0,1,2021,"September","Thursday","09:30 am",60,"Sealed","Dry","Not Raining","Daylight","Rear End",2,,,1330673.28,1668997.6
"2021-20921-19/09/2025","INNAMINCKA",,1,1,0,0,1,2021,"May","Thursday","02:00 pm",100,"Unsealed","Dry","Not Raining","Daylight","Roll Over",1,,,1548306.96,2423344.56
"2021-20923-19/09/2025","DAVOREN PARK","CITY OF PLAYFORD.",2,1,0,0,1,2021,"September","Friday","03:15 pm",60,"Sealed","Dry","Not Raining","Daylight","Rear End",2,,,1335799.14,1696930.28
"2021-20924-19/09/2025","MAWSON LAKES","CITY OF SALISBURY",2,1,0,0,1,2021,"September","Friday","03:05 pm",60,"Sealed","Dry","Not Raining","Daylight","Right Angle",1,,,1330292.61,1684024.31
"2021-20928-19/09/2025","GREENACRES","CITY OF PORT ADELAIDE ENFIELD",3,1,0,0,1,2021,"September","Friday","03:30 pm",60,"Sealed","Dry","Not Raining","Daylight","Rear End",1,,,1330425.15,1677047.65
"2021-20930-19/09/2025","MARION","CC MARION.",2,1,0,1,0,2021,"September","Friday","05:33 pm",60,"Sealed","Dry","Not Raining","Daylight","Right Angle",1,,,1324366.05,1661874.49
"2021-20933-19/09/2025","WEST HINDMARSH","CITY OF CHARLES STURT",3,1,0,0,1,2021,"September","Friday","06:59 pm",60,"Sealed","Dry","Not Raining","Night","Right Turn",1,,,1325467.16,1673137.63
"2021-20936-19/09/2025","OVINGHAM","CITY OF CHARLES STURT",2,1,0,0,1,2021,"September","Friday","03:45 pm",60,"Sealed","Dry","Not Raining","Daylight","Right Turn",2,,"Y",1327328.98,1673487.83
"2021-20941-19/09/2025","LITTLEHAMPTON","DC MT.BARKER.",1,1,0,0,1,2021,"September","Friday","11:20 pm",80,"Sealed","Wet","Raining","Night","Roll Over",1,,,1351916.38,1658417.81
"2021-20945-19/09/2025","MOORAK","DISTRICT COUNCIL OF GRANT",1,1,0,0,1,2021,"September","Saturday","11:20 am",60,"Sealed","Wet","Not Raining","Daylight","Roll Over",1,,,1508490.66,1337954.35
"2021-20950-19/09/2025","TROTT PARK","CC MARION.",2,1,0,0,1,2021,"September","Saturday","01:00 pm",80,"Sealed","Dry","Not Raining","Daylight","Rear End",2,,,1322110.13,1656550.09
"2021-20951-19/09/2025","EVANSTON GARDENS","CT GAWLER.",3,1,0,0,1,2021,"September","Saturday","03:40 pm",50,"Sealed","Dry","Not Raining","Daylight","Hit Fixed Object",1,,,1341247.73,1703553.79
"2021-20952-19/09/2025","HOVE","CITY OF HOLDFAST BAY",2,1,0,0,1,2021,"September","Saturday","04:07 pm",50,"Sealed","Dry","Not Raining","Daylight","Side Swipe",2,,,1321591.06,1661184.34
"2021-20954-19/09/2025","SUTTONTOWN","DISTRICT COUNCIL OF GRANT",2,1,0,0,1,2021,"September","Saturday","04:30 pm",100,"Sealed","Dry","Not Raining","Daylight","Hit Fixed Object",1,,,1508194.41,1346931.09
"2021-20958-19/09/2025","SUMMERTOWN","THE ADELAIDE HILLS COUNCIL",2,2,0,1,1,2021,"September","Saturday","04:12 pm",50,"Sealed","Wet","Not Raining","Daylight","Hit Fixed Object",1,"Y",,1340081.44,1667164.82
"2021-20963-19/09/2025","SADDLEWORTH","CLARE AND GILBERT VALLEYS DISTRICT COUNCIL",2,1,1,0,0,2021,"September","Saturday","01:00 pm",80,"Sealed","Dry","Not Raining","Daylight","Hit Fixed Object",1,,"Y",1347775.32,1762820.22
"2021-20973-19/09/2025","PARK HOLME","CC MARION.",2,1,0,1,0,2021,"September","Sunday","09:30 am",60,"Sealed","Dry","Not Raining","Daylight","Hit Fixed Object",1,,,1324306.56,1663889.44
"2021-20977-19/09/2025","CUMMINS","DC LOWER EYRE PENINSULA",2,1,0,1,0,2021,"September","Sunday","10:10 am",50,"Sealed","Dry","Not Raining","Daylight","Right Angle",2,,,1066629.6,1749634.55
"2021-20981-19/09/2025","WELLAND","CITY OF CHARLES STURT",2,1,0,0,1,2021,"September","Sunday","12:10 pm",60,"Sealed","Dry","Not Raining","Daylight","Right Angle",1,,,1324881.94,1673976.81
"2021-20986-19/09/2025","WINGFIELD","CITY OF PORT ADELAIDE ENFIELD",2,1,0,0,1,2021,"September","Friday","03:30 pm",60,"Sealed","Dry","Not Raining","Daylight","Rear End",2,,,1325526.71,1679203.7
"2021-20987-19/09/2025","SELLICKS HILL","DC YANKALILLA.",2,1,0,1,0,2021,"September","Sunday","02:48 pm",100,"Sealed","Dry","Not Raining","Daylight","Hit Animal",2,,,1313077.08,1623634.86
"2021-20989-19/09/2025","COOBER PEDY",,1,1,0,1,0,2021,"September","Sunday","12:00 pm",100,"Unsealed","Dry","Not Raining","Daylight","Roll Over",1,,,988718.91,2348822.53
"2021-20991-19/09/2025","CROYDON PARK","CITY OF PORT ADELAIDE ENFIELD",1,1,0,1,0,2021,"September","Sunday","01:07 pm",60,"Sealed","Dry","Not Raining","Daylight","Roll Over",1,,,1326053.08,1675323.81
"2021-20994-19/09/2025","PARA HILLS","CITY OF SALISBURY",2,2,0,2,0,2021,"September","Sunday","05:56 pm",60,"Sealed","Dry","Not Raining","Daylight","Hit Fixed Object",1,,,1334460.86,1682400.51
"2021-20995-19/09/2025","PORT GERMEIN","DC MT.REMARKABLE.",2,1,0,1,0,2021,"September","Sunday","10:40 am",100,"Sealed","Dry","Not Raining","Daylight","Hit Fixed Object",1,,,1287376.92,1886926.53
"2021-20997-19/09/2025","PORT PATERSON","CC PT.AUGUSTA.",1,1,0,1,0,2021,"September","Sunday","03:15 pm",80,"Unsealed","Dry","Not Raining","Daylight","Roll Over",1,,,1266101.55,1932887.45
"2021-20999-19/09/2025","PADTHAWAY","DC TATIARA.",1,1,0,0,1,2021,"September","Sunday","07:15 pm",100,"Unsealed","Wet","Raining","Night","Roll Over",1,,,1492464.15,1474562.28
"2021-21000-19/09/2025","GLYNDE","CC OF NORWOOD,PAYNEHAM & ST PETERS",2,5,0,0,5,2021,"September","Sunday","07:57 pm",60,"Sealed","Dry","Not Raining","Night","Right Angle",2,"Y",,1333785.54,1674516.59
"2021-21001-19/09/2025","BOOKABIE",,2,3,0,2,1,2021,"September","Sunday","04:25 am",110,"Sealed","Dry","Not Raining","Night","Head On",2,,,764889.22,2016612.63
"2021-21003-19/09/2025","SALISBURY HEIGHTS","CITY OF SALISBURY",2,1,0,0,1,2021,"September","Monday","05:13 am",60,"Sealed","Wet","Raining","Night","Right Angle",1,,"Y",1336258.37,1687698.86
"2021-21010-19/09/2025","WINGFIELD","CITY OF PORT ADELAIDE ENFIELD",3,2,0,0,2,2021,"September","Monday","09:10 am",90,"Sealed","Dry","Not Raining","Daylight","Rear End",1,,,1326532.77,1681036.67
"2021-21021-19/09/2025","PARAFIELD GARDENS","CITY OF SALISBURY",2,1,0,0,1,2021,"September","Monday","11:50 am",50,"Sealed","Wet","Raining","Daylight","Hit Fixed Object",1,,,1329756.61,1687393.32
"2021-21026-19/09/2025","MONTACUTE","THE ADELAIDE HILLS COUNCIL",2,2,0,0,2,2021,"September","Monday","01:00 pm",60,"Unsealed","Wet","Raining","Daylight","Hit Fixed Object",1,,,1342850.98,1671688.57
"2021-21032-19/09/2025","PARALOWIE","CITY OF SALISBURY",2,1,0,1,0,2021,"September","Monday","04:15 pm",50,"Sealed","Dry","Not Raining","Daylight","Right Angle",1,,,1330340.62,1689180.17
"2021-21034-19/09/2025","HAHNDORF","DC MT.BARKER.",2,1,0,1,0,2021,"September","Monday","03:45 pm",100,"Unsealed","Dry","Not Raining","Daylight","Hit Fixed Object",1,"Y","Y",1350584.6,1658767.83
"2021-21041-19/09/2025","WARRADALE","CC MARION.",2,1,0,0,1,2021,"September","Monday","06:20 pm",50,"Sealed","Wet","Raining","Night","Hit Parked Vehicle",1,,,1322290.14,1661613.28
"2021-21047-19/09/2025","MONTACUTE","THE ADELAIDE HILLS COUNCIL",3,1,0,0,1,2021,"September","Monday","11:37 pm",80,"Sealed","Dry","Not Raining","Night","Hit Fixed Object",1,"Y","Y",1340773.67,1673892.12
"2021-21048-19/09/2025","LOVEDAY","THE BERRI BARMERA COUNCIL",2,1,0,1,0,2021,"September","Tuesday","06:00 am",100,"Sealed","Dry","Not Raining","Night","Hit Fixed Object",1,,"Y",1499733.59,1734489.96
"2021-21049-19/09/2025","STEPNEY","CC OF NORWOOD,PAYNEHAM & ST PETERS",2,1,0,0,1,2021,"September","Monday","08:50 pm",60,"Sealed","Dry","Not Raining","Night","Right Turn",1,,,1331410.34,1671738.59
"2021-21050-19/09/2025","SALISBURY EAST","CITY OF SALISBURY",4,1,0,0,1,2021,"September","Tuesday","08:15 am",80,"Sealed","Dry","Not Raining","Daylight","Rear End",1,,,1334018.56,1686314.2
"2021-21052-19/09/2025","GLYNDE","CC OF NORWOOD,PAYNEHAM & ST PETERS",5,3,0,0,3,2021,"September","Tuesday","09:06 am",60,"Sealed","Dry","Not Raining","Daylight","Rear End",1,,,1333449.31,1674376.29
"2021-21055-19/09/2025","GLENELG NORTH","CITY OF HOLDFAST BAY",2,1,0,0,1,2021,"September","Monday","11:50 am",60,"Sealed","Dry","Not Raining","Daylight","Hit Pedestrian",2,,,1321014.42,1665321.69
"2021-21056-19/09/2025","ADELAIDE","CITY OF ADELAIDE",2,1,0,0,1,2021,"September","Tuesday","07:45 am",60,"Sealed","Dry","Not Raining","Daylight","Right Turn",1,,,1327395.92,1670003.03
"2021-21058-19/09/2025","CAVAN","CITY OF SALISBURY",2,1,0,0,1,2021,"September","Tuesday","10:57 am",70,"Sealed","Dry","Not Raining","Daylight","Right Angle",2,,,1328919.42,1681623.93
"2021-21059-19/09/2025","ELIZABETH GROVE","CITY OF PLAYFORD.",3,1,0,0,1,2021,"September","Tuesday","12:00 pm",80,"Sealed","Dry","Not Raining","Daylight","Rear End",1,,,1336119.29,1691347.36
"2021-21060-19/09/2025","SEMAPHORE","CITY OF PORT ADELAIDE ENFIELD",2,1,0,0,1,2021,"September","Tuesday","01:00 pm",50,"Sealed","Dry","Not Raining","Daylight","Side Swipe",1,,,1318467.59,1680579.81
"2021-21067-19/09/2025","KILKENNY","CITY OF CHARLES STURT",3,1,0,0,1,2021,"September","Tuesday","04:40 pm",60,"Sealed","Dry","Not Raining","Daylight","Right Turn",2,,,1323973.6,1676658.54
"2021-21069-19/09/2025","COWANDILLA","CITY OF WEST TORRENS",2,1,0,0,1,2021,"September","Friday","04:00 pm",60,"Sealed","Dry","Not Raining","Daylight","Rear End",2,,,1324135.56,1670033.53
"2021-21075-19/09/2025","ELIZABETH NORTH","CITY OF PLAYFORD.",2,1,0,1,0,2021,"September","Tuesday","06:59 pm",80,"Sealed","Dry","Not Raining","Night","Right Turn",1,,,1336972.07,1695458.34
"2021-21077-19/09/2025","HAHNDORF","DC MT.BARKER.",2,1,0,0,1,2021,"September","Tuesday","06:19 pm",50,"Sealed","Dry","Not Raining","Night","Hit Fixed Object",1,"Y",,1346725.58,1658753.54
"2021-21079-19/09/2025","ONKAPARINGA HILLS","CITY OF ONKAPARINGA",3,1,0,1,0,2021,"September","Tuesday","10:00 pm",80,"Sealed","Dry","Not Raining","Night","Hit Fixed Object",1,"Y",,1324795.78,1647415.97
"2021-21084-19/09/2025","WELLAND","CITY OF CHARLES STURT",2,1,0,0,1,2021,"September","Wednesday","07:48 am",60,"Sealed","Wet","Raining","Daylight","Right Turn",1,,,1324861.57,1673197.21
"2021-21086-19/09/2025","CLEARVIEW","CITY OF PORT ADELAIDE ENFIELD",3,1,0,0,1,2021,"September","Wednesday","07:45 am",60,"Sealed","Wet","Raining","Daylight","Right Angle",1,,,1329637.6,1679286.1
"2021-21090-19/09/2025","PARACOMBE","THE ADELAIDE HILLS COUNCIL",2,1,0,0,1,2021,"September","Tuesday","10:45 am",80,"Sealed","Dry","Not Raining","Daylight","Right Angle",1,,,1342235.66,1679638.03
"2021-21091-19/09/2025","LONSDALE","CITY OF ONKAPARINGA",2,1,0,0,1,2021,"September","Wednesday","09:53 am",70,"Sealed","Dry","Not Raining","Daylight","Right Angle",2,,"Y",1319355.84,1650971.48
"2021-21096-19/09/2025","SEMAPHORE SOUTH","CITY OF PORT ADELAIDE ENFIELD",1,1,0,0,1,2021,"September","Wednesday","09:50 am",50,"Sealed","Wet","Not Raining","Daylight","Roll Over",1,,,1317555.01,1679415.87
"2021-21098-19/09/2025","MODBURY","CITY OF TEA TREE GULLY",2,1,0,0,1,2021,"September","Wednesday","12:50 pm",60,"Sealed","Dry","Not Raining","Daylight","Rear End",1,,,1336892.09,1680277.31
"2021-21101-19/09/2025","HOUGHTON","THE ADELAIDE HILLS COUNCIL",2,1,0,0,1,2021,"September","Tuesday","09:45 pm",80,"Sealed","Wet","Raining","Night","Hit Fixed Object",1,,,1343365.13,1681301.46
"2021-21112-19/09/2025","COLLEGE PARK","CC OF NORWOOD,PAYNEHAM & ST PETERS",3,1,0,1,0,2021,"September","Wednesday","03:39 pm",50,"Sealed","Dry","Not Raining","Daylight","Right Angle",1,,,1330629.4,1672156.97
"2021-21114-19/09/2025","ADELAIDE","CITY OF ADELAIDE",2,1,0,0,1,2021,"September","Wednesday","03:59 pm",50,"Sealed","Dry","Not Raining","Daylight","Hit Pedestrian",2,,,1328561.62,1671136.61
"2021-21117-19/09/2025","CROYDON","CITY OF CHARLES STURT",3,1,0,0,1,2021,"September","Wednesday","05:15 pm",80,"Sealed","Dry","Not Raining","Daylight","Rear End",2,,,1325705.79,1674264.54
"2021-21118-19/09/2025","ROSEWATER","CITY OF PORT ADELAIDE ENFIELD",2,1,0,0,1,2021,"September","Wednesday","08:30 am",60,"Sealed","Dry","Not Raining","Daylight","Rear End",2,,,1320932.3,1679054.56
"2021-21122-19/09/2025","BOWHILL","MID MURRAY DISTRICT COUNCIL",1,1,0,1,0,2021,"September","Wednesday","04:37 pm",100,"Sealed","Dry","Not Raining","Daylight","Left Road - Out of Control",1,,,1419924.24,1669492.66
"2021-21127-19/09/2025","WAYVILLE","CITY OF UNLEY",2,1,0,0,1,2021,"September","Wednesday","09:15 am",60,"Sealed","Dry","Not Raining","Daylight","Rear End",2,,,1327425.52,1668934.69
"2021-21129-19/09/2025","HACKNEY","CC OF NORWOOD,PAYNEHAM & ST PETERS",2,1,0,0,1,2021,"September","Wednesday","07:30 am",60,"Sealed","Wet","Raining","Daylight","Rear End",2,,,1329902.14,1671311.39
"2021-21131-19/09/2025","WINGFIELD","CITY OF PORT ADELAIDE ENFIELD",3,1,0,0,1,2021,"September","Wednesday","04:35 pm",60,"Sealed","Dry","Not Raining","Daylight","Rear End",2,,,1325562.16,1679187.23
"2021-21135-19/09/2025","WOODVILLE SOUTH","CITY OF CHARLES STURT",2,1,0,0,1,2021,"September","Wednesday","12:46 pm",50,"Sealed","Dry","Not Raining","Daylight","Side Swipe",2,,,1322471.79,1675470.46
"2021-21139-19/09/2025","CLARENCE GARDENS","CC MITCHAM.",1,1,0,1,0,2021,"September","Thursday","12:51 pm",60,"Sealed","Dry","Not Raining","Daylight","Roll Over",1,,,1325860.87,1666151.31
"2021-21144-19/09/2025","FINDON","CITY OF CHARLES STURT",2,1,0,0,1,2021,"September","Thursday","01:30 pm",60,"Sealed","Dry","Not Raining","Daylight","Right Angle",2,,,1322841.53,1673138.17
"2021-21151-19/09/2025","MILE END SOUTH","CITY OF WEST TORRENS",2,1,0,1,0,2021,"September","Thursday","05:05 pm",60,"Sealed","Dry","Not Raining","Daylight","Right Turn",1,,,1325878.64,1670081.21
"2021-21153-19/09/2025","URRBRAE","CC MITCHAM.",4,1,0,0,1,2021,"September","Thursday","04:35 pm",60,"Sealed","Dry","Not Raining","Daylight","Right Turn",1,,,1330785.59,1665600.33
"2021-21155-19/09/2025","KINGSWOOD","CC MITCHAM.",2,1,0,0,1,2021,"September","Thursday","06:39 pm",60,"Sealed","Dry","Not Raining","Night","Right Turn",2,,"Y",1329136.35,1666242.69
"2021-21157-19/09/2025","FULLARTON","CITY OF UNLEY",2,1,0,1,0,2021,"September","Thursday","06:30 pm",40,"Sealed","Dry","Not Raining","Night","Right Angle",1,,,1331495.57,1667343.59
"2021-21160-19/09/2025","PENNINGTON","CITY OF CHARLES STURT",2,1,0,0,1,2021,"September","Thursday","08:55 pm",50,"Sealed","Dry","Not Raining","Night","Hit Fixed Object",1,,,1323002.61,1678153.15
"2021-21161-19/09/2025","WAITPINGA","DC VICTOR HARBOR.",1,1,0,0,1,2021,"September","Thursday","05:10 pm",100,"Sealed","Dry","Not Raining","Daylight","Left Road - Out of Control",1,,,1314089.37,1594910.51
"2021-21164-19/09/2025","PORT ADELAIDE","CITY OF PORT ADELAIDE ENFIELD",2,1,0,0,1,2021,"September","Friday","06:50 am",60,"Sealed","Dry","Not Raining","Daylight","Rear End",2,,,1321070.54,1680322.69
"2021-21167-19/09/2025","GLENGOWRIE","CC MARION.",2,1,0,0,1,2021,"September","Friday","08:28 am",50,"Sealed","Dry","Not Raining","Daylight","Right Angle",1,,,1322212.56,1663749.97
"2021-21170-19/09/2025","GOLDEN GROVE","CITY OF TEA TREE GULLY",2,1,0,0,1,2021,"September","Friday","08:49 am",60,"Sealed","Dry","Not Raining","Daylight","Rear End",1,,,1337942.17,1685109.51
"2021-21173-19/09/2025","WEST BEACH","CITY OF CHARLES STURT",2,1,0,0,1,2021,"September","Friday","09:57 am",60,"Sealed","Dry","Not Raining","Daylight","Side Swipe",2,,,1319580.23,1668746.55
"2021-21177-19/09/2025","PORT ARTHUR","YORKE PENINSULA COUNCIL",2,1,0,0,1,2021,"September","Friday","06:30 am",100,"Sealed","Dry","Not Raining","Daylight","Hit Fixed Object",1,,,1282446.74,1759966.22
"2021-21180-19/09/2025","MOUNT GEORGE","THE ADELAIDE HILLS COUNCIL",2,1,0,0,1,2021,"September","Friday","11:49 am",110,"Sealed","Dry","Not Raining","Daylight","Roll Over",2,,,1342418.92,1661643.07
"2021-21182-19/09/2025","MORPHETT VALE","CITY OF ONKAPARINGA",2,1,0,0,1,2021,"September","Friday","08:00 am",100,"Sealed","Dry","Not Raining","Daylight","Hit Parked Vehicle",2,,,1319103.88,1647776.38
"2021-21183-19/09/2025","ADELAIDE","CITY OF ADELAIDE",2,1,0,0,1,2021,"September","Thursday","03:45 pm",50,"Sealed","Dry","Not Raining","Daylight","Right Turn",1,,,1329570.16,1670701.85
"2021-21185-19/09/2025","EDWARDSTOWN","CC MARION.",2,1,0,0,1,2021,"September","Friday","01:46 pm",60,"Sealed","Dry","Not Raining","Daylight","Hit Fixed Object",1,,"Y",1325934.46,1664032.4
"2021-21190-19/09/2025","WILLUNGA","CITY OF ONKAPARINGA",2,1,0,1,0,2021,"September","Friday","02:23 pm",50,"Sealed","Dry","Not Raining","Daylight","Hit Pedestrian",2,,,1322471.11,1632468.06
"2021-21195-19/09/2025","ADELAIDE","CITY OF ADELAIDE",2,1,0,0,1,2021,"September","Friday","12:50 pm",50,"Sealed","Dry","Not Raining","Daylight","Rear End",1,,,1329209.42,1669899.64
"2021-21196-19/09/2025","WELLAND","CITY OF CHARLES STURT",2,1,1,0,0,2021,"September","Friday","02:45 pm",60,"Sealed","Dry","Not Raining","Daylight","Hit Pedestrian",1,,,1324914.03,1674013.33
"2021-21199-19/09/2025","LEAWOOD GARDENS","CC MITCHAM.",2,1,1,0,0,2021,"September","Friday","01:45 pm",100,"Sealed","Dry","Not Raining","Daylight","Rear End",1,,,1334681.96,1665868.97
"2021-21204-19/09/2025","ADELAIDE","CITY OF ADELAIDE",2,1,0,1,0,2021,"September","Friday","05:06 pm",60,"Sealed","Dry","Not Raining","Daylight","Right Angle",1,,,1329884.53,1670392.01
"2021-21208-19/09/2025","TROTT PARK","CC MARION.",2,1,0,1,0,2021,"September","Friday","06:36 pm",70,"Sealed","Dry","Not Raining","Night","Right Turn",1,"Y",,1322901.04,1656579.37
"2021-21209-19/09/2025","CAVAN","CITY OF SALISBURY",2,1,0,1,0,2021,"September","Friday","07:40 pm",70,"Sealed","Dry","Not Raining","Night","Right Angle",1,,,1328919.42,1681623.93
"2021-21212-19/09/2025","ELIZABETH SOUTH","CITY OF PLAYFORD.",2,1,0,0,1,2021,"September","Friday","09:57 pm",60,"Sealed","Dry","Not Raining","Night","Right Angle",1,,,1334380.51,1691380.48
"2021-21213-19/09/2025","PARA HILLS WEST","CITY OF SALISBURY",2,1,0,0,1,2021,"September","Friday","07:00 pm",50,"Sealed","Dry","Not Raining","Night","Hit Fixed Object",1,,,1332441.25,1683653.96
"2021-21215-19/09/2025","NURRAGI","ALEXANDRINA COUNCIL",2,1,0,1,0,2021,"September","Friday","11:21 pm",100,"Sealed","Dry","Not Raining","Night","Hit Fixed Object",1,,,1356881.26,1623824.62
"2021-21228-19/09/2025","MCLAREN VALE","CITY OF ONKAPARINGA",2,2,0,0,2,2021,"September","Saturday","12:53 pm",80,"Sealed","Dry","Not Raining","Daylight","Right Angle",1,,,1322263.95,1639474.19
"2021-21236-19/09/2025","MITCHAM","CC MITCHAM.",2,1,0,0,1,2021,"September","Saturday","04:32 pm",40,"Sealed","Dry","Not Raining","Daylight","Hit Fixed Object",1,,,1330279.37,1664692.95
"2021-21237-19/09/2025","SEATON","CITY OF CHARLES STURT",2,1,0,0,1,2021,"September","Saturday","04:20 pm",60,"Sealed","Dry","Not Raining","Daylight","Right Angle",1,,,1320783.7,1673357.43
"2021-21239-19/09/2025","WESTBOURNE PARK","CC MITCHAM.",2,1,0,0,1,2021,"September","Saturday","05:00 pm",50,"Sealed","Dry","Not Raining","Daylight","Hit Pedestrian",1,,,1327634.06,1665682.3
"2021-21240-19/09/2025","TAILEM BEND","COORONG DISTRICT COUNCIL",2,1,0,0,1,2021,"September","Saturday","09:39 am",50,"Sealed","Dry","Not Raining","Daylight","Side Swipe",2,,"Y",1404954.9,1631622.67
"2021-21242-19/09/2025","DRY CREEK","CITY OF PORT ADELAIDE ENFIELD",2,4,0,3,1,2021,"September","Saturday","09:15 pm",90,"Sealed","Dry","Not Raining","Night","Rear End",1,,,1324636.9,1681057.39
"2021-21243-19/09/2025","DRY CREEK","CITY OF PORT ADELAIDE ENFIELD",2,1,0,0,1,2021,"September","Sunday","01:13 am",60,"Sealed","Dry","Not Raining","Night","Hit Fixed Object",1,"Y",,1327211.72,1679306.44
"2021-21251-19/09/2025","SALISBURY","CITY OF SALISBURY",2,1,0,0,1,2021,"September","Friday","05:20 pm",50,"Sealed","Dry","Not Raining","Daylight","Right Angle",2,,,1333126.43,1688963.41
"2021-21252-19/09/2025","SALISBURY DOWNS","CITY OF SALISBURY",2,1,0,0,1,2021,"September","Sunday","01:00 pm",50,"Sealed","Dry","Not Raining","Daylight","Hit Pedestrian",2,,,1331703.42,1686893.65
"2021-21253-19/09/2025","SHEA-OAK LOG","LIGHT REGIONAL COUNCIL",2,1,0,0,1,2021,"September","Sunday","01:25 pm",110,"Sealed","Dry","Not Raining","Daylight","Right Turn",1,,,1347458.7,1713695.88
"2021-21255-19/09/2025","NAIRNE","DC MT.BARKER.",4,1,0,0,1,2021,"September","Sunday","03:20 pm",50,"Sealed","Dry","Not Raining","Daylight","Hit Fixed Object",1,,,1355814.57,1659002.02
"2021-21256-19/09/2025","MAGILL","CC CAMPBELLTOWN.",3,1,0,0,1,2021,"September","Sunday","04:37 pm",60,"Sealed","Dry","Not Raining","Daylight","Hit Fixed Object",1,,,1335970.16,1671895.18
"2021-21259-19/09/2025","KERSBROOK","THE ADELAIDE HILLS COUNCIL",3,1,0,0,1,2021,"September","Sunday","05:00 pm",100,"Sealed","Dry","Not Raining","Daylight","Hit Fixed Object",1,"Y","Y",1348782.52,1687890.41