"REPORT_ID","Suburb","LGA Name","Total Units","Total Cas","Total Fats","Total SI","Total MI","Year","Month","Day","Time","Area Speed","Road Surface","Moisture Cond","Weather Cond","DayNight","Crash Type","Unit Resp","DUI Involved","Drugs Involved","ACCLOC_X","ACCLOC_Y"
"2021-21260-19/09/2025","WESTBOURNE PARK","CC MITCHAM.",3,1,0,0,1,2021,"September","Sunday","07:15 pm",60,"Sealed","Dry","Not Raining","Night","Rear End",1,,,1327528.54,1665508.13
"2021-21273-19/09/2025","ELIZABETH VALE","CITY OF PLAYFORD.",2,1,0,0,1,2021,"September","Monday","11:06 am",80,"Sealed","Dry","Not Raining","Daylight","Hit Fixed Object",1,,"Y",1336232.32,1690011.16
"2021-21276-19/09/2025","CLARENCE GARDENS","CC MARION.",3,1,0,0,1,2021,"September","Monday","12:25 pm",60,"Sealed","Dry","Not Raining","Daylight","Rear End",1,,,1325896.81,1665322.7
"2021-21279-19/09/2025","PARK HOLME","CC MARION.",2,1,0,0,1,2021,"September","Friday","08:10 am",60,"Sealed","Wet","Raining","Daylight","Rear End",2,,,1324314.75,1663588.74
"2021-21283-19/09/2025","ROYAL PARK","CITY OF CHARLES STURT",2,1,0,0,1,2021,"September","Monday","02:40 pm",60,"Sealed","Dry","Not Raining","Daylight","Right Angle",2,,,1320686.56,1677665.91
"2021-21288-19/09/2025","BLACKWOOD","CC MITCHAM.",2,1,0,0,1,2021,"September","Monday","03:40 pm",50,"Sealed","Dry","Not Raining","Daylight","Right Angle",2,,,1329690.48,1660048.86
"2021-21290-19/09/2025","SALISBURY DOWNS","CITY OF SALISBURY",2,6,0,2,4,2021,"September","Monday","02:12 pm",50,"Sealed","Dry","Not Raining","Daylight","Head On",1,,,1331348.61,1688350.1
"2021-21296-19/09/2025","REYNELLA","CITY OF ONKAPARINGA",2,1,0,1,0,2021,"September","Monday","08:00 pm",100,"Sealed","Dry","Not Raining","Night","Hit Fixed Object",1,"Y","Y",1321039.04,1652498.37
"2021-21297-19/09/2025","BOLIVAR","CITY OF SALISBURY",3,1,0,0,1,2021,"September","Monday","05:10 pm",110,"Sealed","Dry","Not Raining","Daylight","Hit Fixed Object",1,,,1327621.49,1686795.27
"2021-21302-19/09/2025","DRY CREEK","CITY OF SALISBURY",2,1,0,0,1,2021,"September","Tuesday","05:40 am",110,"Sealed","Dry","Not Raining","Night","Rear End",2,,,1325439.51,1682182.3
"2021-21307-19/09/2025","TORRENSVILLE","CITY OF WEST TORRENS",2,1,0,0,1,2021,"April","Saturday","08:45 am",50,"Sealed","Dry","Not Raining","Daylight","Rear End",2,,,1325740.32,1670993.32
"2021-21308-19/09/2025","PORT LINCOLN","CC PT.LINCOLN.",2,1,0,0,1,2021,"September","Tuesday","12:30 pm",50,"Sealed","Dry","Not Raining","Daylight","Right Angle",1,,,1078202.2,1697623.47
"2021-21313-19/09/2025","MANNUM","MID MURRAY DISTRICT COUNCIL",3,1,0,0,1,2021,"September","Tuesday","03:20 pm",100,"Sealed","Dry","Not Raining","Daylight","Hit Fixed Object",1,,,1386834.03,1667799.66
"2021-21314-19/09/2025","HINDMARSH","CITY OF CHARLES STURT",2,1,0,1,0,2021,"September","Tuesday","05:06 pm",60,"Sealed","Dry","Not Raining","Daylight","Hit Pedestrian",1,,,1326024.21,1672989.41
"2021-21316-19/09/2025","KLEMZIG","CITY OF PORT ADELAIDE ENFIELD",2,1,0,1,0,2021,"September","Tuesday","07:05 pm",60,"Sealed","Dry","Not Raining","Night","Hit Pedestrian",1,,,1332160.91,1674987.82
"2021-21317-19/09/2025","STURT","CC MARION.",4,1,0,1,0,2021,"September","Tuesday","05:45 pm",60,"Sealed","Dry","Not Raining","Daylight","Rear End",1,,,1324252.49,1660675.43
"2021-21320-19/09/2025","CUDLEE CREEK","THE ADELAIDE HILLS COUNCIL",3,1,0,1,0,2021,"September","Tuesday","08:05 pm",80,"Sealed","Dry","Not Raining","Night","Hit Fixed Object",1,,,1350417.75,1678577.02
"2021-21327-19/09/2025","LONSDALE","CITY OF ONKAPARINGA",3,1,1,0,0,2021,"September","Wednesday","09:30 am",80,"Sealed","Dry","Not Raining","Daylight","Hit Fixed Object",1,,,1317998.1,1650279.02
"2021-21330-19/09/2025","OLD NOARLUNGA","CITY OF ONKAPARINGA",3,1,0,0,1,2021,"September","Wednesday","11:40 am",60,"Sealed","Dry","Not Raining","Daylight","Rear End",1,,,1317862.97,1642468.34
"2021-21331-19/09/2025","SALISBURY EAST","CITY OF SALISBURY",2,1,0,0,1,2021,"September","Wednesday","09:30 am",80,"Sealed","Dry","Not Raining","Daylight","Rear End",2,,,1333298.13,1685374.25
"2021-21332-19/09/2025","SEAFORD MEADOWS","CITY OF ONKAPARINGA",3,1,0,0,1,2021,"September","Wednesday","11:14 am",70,"Sealed","Dry","Not Raining","Daylight","Rear End",1,,,1316305.9,1643809.93
"2021-21333-19/09/2025","BEVERLEY","CITY OF CHARLES STURT",2,2,0,0,2,2021,"September","Sunday","11:45 am",60,"Sealed","Dry","Not Raining","Daylight","Rear End",2,,,1323563.63,1675114.67
"2021-21334-19/09/2025","KIDMAN PARK","CITY OF CHARLES STURT",2,2,0,0,2,2021,"September","Wednesday","11:16 am",50,"Sealed","Dry","Not Raining","Daylight","Right Angle",1,,,1321537.59,1672199.11
"2021-21339-19/09/2025","FULHAM","CITY OF WEST TORRENS",2,1,0,0,1,2021,"September","Tuesday","06:00 pm",60,"Sealed","Dry","Not Raining","Daylight","Rear End",2,,,1320978.35,1670782.67
"2021-21343-19/09/2025","GLENSIDE","CITY OF BURNSIDE",2,1,0,0,1,2021,"September","Wednesday","07:15 am",60,"Sealed","Dry","Not Raining","Daylight","Rear End",2,,,1332312.22,1669046.07
"2021-21344-19/09/2025","HOLDEN HILL","CITY OF TEA TREE GULLY",2,1,0,0,1,2021,"September","Friday","10:15 am",60,"Sealed","Dry","Not Raining","Daylight","Rear End",2,,,1335199.41,1679220.06
"2021-21345-19/09/2025","MURRAY BRIDGE SOUTH","RC MURRAY BRIDGE.",2,1,0,0,1,2021,"September","Wednesday","04:20 pm",80,"Sealed","Wet","Raining","Daylight","Rear End",1,,,1390584.55,1642838.81
"2021-21346-19/09/2025","ADELAIDE","CITY OF ADELAIDE",2,1,0,0,1,2021,"September","Wednesday","04:00 pm",50,"Sealed","Wet","Raining","Daylight","Right Angle",1,,,1328105.44,1671138.4
"2021-21348-19/09/2025","ROCKLEIGH","MID MURRAY DISTRICT COUNCIL",2,1,0,0,1,2021,"September","Wednesday","04:34 pm",100,"Sealed","Wet","Raining","Daylight","Hit Fixed Object",9,,,1380710.59,1664359.2
"2021-21349-19/09/2025","GLENELG","CITY OF HOLDFAST BAY",1,1,0,1,0,2021,"September","Wednesday","05:45 pm",40,"Sealed","Wet","Raining","Daylight","Roll Over",1,,,1320545.35,1664886.88
"2021-21351-19/09/2025","TOTNESS","DC MT.BARKER.",4,1,0,0,1,2021,"September","Wednesday","06:50 pm",110,"Sealed","Wet","Raining","Night","Hit Fixed Object",1,,,1349289.51,1655801.41
"2021-21352-19/09/2025","NAPPERBY","PT.PIRIE CITY & DIST. COUNCIL",2,1,0,0,1,2021,"September","Wednesday","04:08 pm",110,"Sealed","Dry","Not Raining","Daylight","Right Angle",2,,,1285578.3,1868442.54
"2021-21354-19/09/2025","KESWICK TERMINAL","CITY OF WEST TORRENS",3,1,0,0,1,2021,"September","Wednesday","05:20 pm",60,"Sealed","Dry","Not Raining","Daylight","Rear End",1,,,1326368.41,1669554.65
"2021-21356-19/09/2025","BELAIR","CC MITCHAM.",2,1,0,0,1,2021,"September","Wednesday","07:42 pm",60,"Sealed","Wet","Not Raining","Night","Head On",2,,,1330584.71,1662997.77
"2021-21362-19/09/2025","NORWOOD","CC OF NORWOOD,PAYNEHAM & ST PETERS",2,1,0,0,1,2021,"September","Thursday","08:40 am",60,"Sealed","Wet","Not Raining","Daylight","Right Turn",1,,,1331050.68,1670376
"2021-21364-19/09/2025","ST MARYS","CC MITCHAM.",2,2,0,0,2,2021,"September","Thursday","08:57 am",60,"Sealed","Wet","Raining","Daylight","Right Turn",1,,,1325955.93,1663326.3
"2021-21366-19/09/2025","WATERLOO CORNER","CITY OF PLAYFORD.",3,2,0,0,2,2021,"September","Thursday","09:55 am",90,"Sealed","Wet","Not Raining","Daylight","Right Angle",1,,,1326345.17,1696674.21
"2021-21374-19/09/2025","WILLIAMSTOWN","THE BAROSSA COUNCIL.",3,1,0,0,1,2021,"September","Thursday","01:15 pm",100,"Sealed","Wet","Not Raining","Daylight","Hit Fixed Object",1,,,1358083.92,1698268.55
"2021-21376-19/09/2025","MINLATON","YORKE PENINSULA COUNCIL",2,1,0,0,1,2021,"September","Thursday","10:35 am",50,"Sealed","Dry","Not Raining","Daylight","Side Swipe",1,,"Y",1237292.91,1690423.18
"2021-21381-19/09/2025","HAPPY VALLEY","CITY OF ONKAPARINGA",2,1,0,0,1,2021,"September","Tuesday","02:30 pm",60,"Sealed","Wet","Not Raining","Daylight","Rear End",2,,,1324887.42,1653452.61
"2021-21388-19/09/2025","LOWER LIGHT","DC MALLALA.",1,1,0,1,0,2021,"September","Thursday","12:01 am",80,"Unsealed","Dry","Not Raining","Night","Left Road - Out of Control",1,,"Y",1316334.38,1712422.01
"2021-21391-19/09/2025","KERSBROOK","THE ADELAIDE HILLS COUNCIL",2,1,1,0,0,2021,"September","Thursday","09:00 pm",80,"Sealed","Wet","Raining","Night","Hit Fixed Object",1,"Y",,1350598.2,1686766.49
"2021-21392-19/09/2025","MEDINDIE","WALKERVILLE TOWN COUNCIL",4,1,0,0,1,2021,"October","Friday","12:54 am",60,"Sealed","Wet","Raining","Night","Hit Fixed Object",1,"Y",,1329440,1673571.88
"2021-21397-19/09/2025","MAWSON LAKES","CITY OF SALISBURY",2,1,0,0,1,2021,"September","Thursday","12:30 pm",70,"Sealed","Wet","Raining","Daylight","Side Swipe",2,,,1330162.28,1681780.93
"2021-21404-19/09/2025","MODBURY","CITY OF TEA TREE GULLY",3,1,0,0,1,2021,"October","Friday","02:30 pm",60,"Sealed","Dry","Not Raining","Daylight","Rear End",1,,,1336135.81,1680353.03
"2021-21407-19/09/2025","KIDMAN PARK","CITY OF CHARLES STURT",4,1,0,0,1,2021,"October","Friday","03:06 pm",50,"Sealed","Dry","Not Raining","Daylight","Rear End",1,,,1321952.82,1672210.82
"2021-21412-19/09/2025","NORTH BRIGHTON","CITY OF HOLDFAST BAY",2,1,0,0,1,2021,"October","Friday","04:51 pm",50,"Sealed","Dry","Not Raining","Daylight","Right Turn",2,,,1321866.93,1662003.09
"2021-21415-19/09/2025","OTTOWAY","CITY OF PORT ADELAIDE ENFIELD",2,1,0,0,1,2021,"October","Friday","06:16 pm",60,"Sealed","Dry","Not Raining","Daylight","Rear End",2,,,1323011.76,1679131.64
"2021-21417-19/09/2025","MODBURY","CITY OF TEA TREE GULLY",2,1,0,0,1,2021,"October","Friday","06:56 pm",60,"Sealed","Dry","Not Raining","Night","Right Turn",2,,,1336395.9,1680602.76
"2021-21418-19/09/2025","CRAIGMORE","CITY OF PLAYFORD.",1,1,0,0,1,2021,"October","Friday","07:05 pm",60,"Sealed","Dry","Not Raining","Night","Roll Over",1,"Y",,1338626.83,1696094.66
"2021-21421-19/09/2025","HYDE PARK","CITY OF UNLEY",2,1,0,0,1,2021,"October","Friday","09:07 pm",40,"Sealed","Dry","Not Raining","Night","Hit Parked Vehicle",1,,,1328755.45,1667415.04
"2021-21422-19/09/2025","PORT ADELAIDE","CITY OF PORT ADELAIDE ENFIELD",3,1,0,0,1,2021,"October","Friday","08:55 pm",50,"Sealed","Dry","Not Raining","Night","Hit Fixed Object",1,"Y",,1320362.04,1679572.1
"2021-21431-19/09/2025","HACKHAM","CITY OF ONKAPARINGA",3,1,0,0,1,2021,"October","Saturday","12:10 pm",60,"Sealed","Dry","Not Raining","Daylight","Side Swipe",2,,,1318663.13,1643636.35
"2021-21432-19/09/2025","WASLEYS","LIGHT REGIONAL COUNCIL",2,1,0,0,1,2021,"October","Saturday","11:30 am",100,"Unsealed","Dry","Not Raining","Daylight","Hit Fixed Object",1,,,1339441.59,1716419.47
"2021-21437-19/09/2025","PORT NOARLUNGA","CITY OF ONKAPARINGA",3,1,0,0,1,2021,"October","Saturday","01:42 pm",60,"Sealed","Dry","Not Raining","Daylight","Rear End",1,,,1316516.56,1646583.2
"2021-21438-19/09/2025","WOODVILLE","CITY OF CHARLES STURT",2,1,0,0,1,2021,"October","Saturday","01:20 pm",60,"Sealed","Dry","Not Raining","Daylight","Rear End",1,,,1322233.78,1676326.69
"2021-21440-19/09/2025","TOOPERANG","ALEXANDRINA COUNCIL",2,1,0,0,1,2021,"October","Friday","09:00 pm",100,"Sealed","Dry","Not Raining","Night","Hit Fixed Object",1,,"Y",1339393.15,1621162.22
"2021-21441-19/09/2025","MARINO","CITY OF HOLDFAST BAY",1,1,0,0,1,2021,"October","Saturday","02:40 pm",50,"Sealed","Dry","Not Raining","Daylight","Roll Over",1,,,1320612.65,1658123.09
"2021-21445-19/09/2025","ASHBOURNE","ALEXANDRINA COUNCIL",2,1,1,0,0,2021,"October","Saturday","02:00 pm",100,"Sealed","Dry","Not Raining","Daylight","Hit Fixed Object",1,"Y",,1342977.6,1629933.84
"2021-21446-19/09/2025","BURTON","CITY OF SALISBURY",2,1,0,0,1,2021,"October","Saturday","04:15 pm",70,"Sealed","Dry","Not Raining","Daylight","Hit Fixed Object",1,,,1329280.24,1691512.41
"2021-21451-19/09/2025","BANGOR","DC MT.REMARKABLE.",1,1,0,1,0,2021,"October","Saturday","05:05 pm",100,"Unsealed","Dry","Not Raining","Daylight","Roll Over",1,,,1291847.97,1891159.18
"2021-21452-19/09/2025","SEATON","CITY OF CHARLES STURT",2,1,0,0,1,2021,"October","Saturday","09:15 pm",50,"Sealed","Wet","Raining","Night","Hit Fixed Object",1,,,1321311.92,1675545.47
"2021-21454-19/09/2025","MOUNT BARKER","DC MT.BARKER.",2,2,0,0,2,2021,"October","Saturday","08:54 pm",60,"Sealed","Dry","Not Raining","Night","Rear End",2,"Y",,1350820.67,1652886.74
"2021-21457-19/09/2025","WARD BELT","LIGHT REGIONAL COUNCIL",2,1,0,0,1,2021,"October","Sunday","04:50 am",100,"Sealed","Wet","Raining","Night","Hit Fixed Object",1,"Y","Y",1334193.93,1707655.47
"2021-21458-19/09/2025","HENLEY BEACH","CITY OF CHARLES STURT",2,2,0,0,2,2021,"October","Sunday","07:21 am",40,"Sealed","Dry","Not Raining","Daylight","Hit Parked Vehicle",1,"Y","Y",1319190.9,1672005.09
"2021-21461-19/09/2025","PASADENA","CC MITCHAM.",2,1,0,0,1,2021,"October","Sunday","11:34 am",60,"Sealed","Wet","Not Raining","Daylight","Hit Parked Vehicle",1,,,1327256.84,1663344.57
"2021-21467-19/09/2025","MARION","CC MARION.",2,1,0,0,1,2021,"September","Tuesday","10:50 am",60,"Sealed","Dry","Not Raining","Daylight","Rear End",2,,,1324375.43,1661874.99
"2021-21468-19/09/2025","MOUNT LYNDHURST",,1,1,0,0,1,2021,"October","Sunday","01:24 pm",100,"Unsealed","Dry","Not Raining","Daylight","Roll Over",1,,,1392939.8,2234141.16
"2021-21469-19/09/2025","WIRRULLA","DC STREAKY BAY.",2,1,0,1,0,2021,"October","Sunday","03:00 pm",110,"Sealed","Dry","Not Raining","Daylight","Hit Fixed Object",1,,,958040.58,1953083.27
"2021-21471-19/09/2025","BRIDGEWATER","THE ADELAIDE HILLS COUNCIL",2,4,0,0,4,2021,"October","Sunday","07:00 pm",50,"Sealed","Dry","Not Raining","Daylight","Head On",1,"Y","Y",1342716.39,1660863.1
"2021-21472-19/09/2025","ANDREWS FARM","CITY OF PLAYFORD.",2,1,0,0,1,2021,"October","Saturday","04:00 pm",60,"Sealed","Dry","Not Raining","Daylight","Rear End",2,,,1334636.12,1699534.38
"2021-21476-19/09/2025","WILD HORSE PLAINS","DC MALLALA.",2,1,0,0,1,2021,"October","Sunday","11:15 pm",110,"Sealed","Dry","Not Raining","Night","Hit Fixed Object",1,"Y",,1302368.74,1733841.43
"2021-21478-19/09/2025","KANGARILLA","CITY OF ONKAPARINGA",2,1,0,0,1,2021,"October","Sunday","01:00 pm",80,"Sealed","Wet","Raining","Daylight","Rear End",2,,,1334790.46,1644603.66
"2021-21481-19/09/2025","BRUKUNGA","DC MT.BARKER.",3,1,0,0,1,2021,"October","Monday","08:20 am",80,"Sealed","Dry","Not Raining","Daylight","Hit Fixed Object",1,,,1361164.44,1660458.96
"2021-21487-19/09/2025","SALISBURY PLAIN","CITY OF SALISBURY",1,1,0,0,1,2021,"September","Tuesday","01:10 pm",80,"Sealed","Dry","Not Raining","Daylight","Roll Over",1,,,1335455.1,1688128.4
"2021-21489-19/09/2025","PARAFIELD GARDENS","CITY OF SALISBURY",2,1,0,0,1,2021,"October","Monday","02:25 pm",60,"Sealed","Wet","Not Raining","Daylight","Right Angle",2,,,1331651.62,1686657.21
"2021-21496-19/09/2025","ADELAIDE","CITY OF ADELAIDE",5,2,0,2,0,2021,"October","Monday","10:14 pm",60,"Sealed","Wet","Raining","Night","Rear End",1,,,1327395.15,1670031.25
"2021-21501-19/09/2025","PARAFIELD GARDENS","CITY OF SALISBURY",3,1,0,0,1,2021,"September","Wednesday","04:35 pm",70,"Sealed","Dry","Not Raining","Daylight","Rear End",1,,,1329053.39,1685667.81
"2021-21503-19/09/2025","NORTH BRIGHTON","CITY OF HOLDFAST BAY",2,1,0,0,1,2021,"October","Tuesday","11:50 am",60,"Sealed","Dry","Not Raining","Daylight","Right Angle",2,,,1321101.97,1662246.96
"2021-21508-19/09/2025","DAVOREN PARK","CITY OF PLAYFORD.",2,1,0,0,1,2021,"October","Tuesday","03:17 pm",60,"Sealed","Dry","Not Raining","Daylight","Rear End",2,,,1334581.1,1695710.22
"2021-21510-19/09/2025","HACKNEY","CC OF NORWOOD,PAYNEHAM & ST PETERS",4,1,0,0,1,2021,"October","Tuesday","03:35 pm",60,"Sealed","Dry","Not Raining","Daylight","Right Angle",1,,,1329759.05,1672157.19
"2021-21511-19/09/2025","TATACHILLA","CITY OF ONKAPARINGA",2,4,0,0,4,2021,"October","Tuesday","02:50 pm",90,"Sealed","Dry","Not Raining","Daylight","Right Angle",2,,,1317646.97,1638169.75
"2021-21512-19/09/2025","MUNNO PARA","CITY OF PLAYFORD.",2,1,0,0,1,2021,"October","Tuesday","03:47 pm",60,"Sealed","Dry","Not Raining","Daylight","Right Angle",2,,,1336690.92,1698532.16
"2021-21514-19/09/2025","ENFIELD","CITY OF PORT ADELAIDE ENFIELD",2,1,0,0,1,2021,"October","Tuesday","05:00 pm",60,"Sealed","Dry","Not Raining","Daylight","Right Angle",1,,,1329222.08,1676451.02
"2021-21518-19/09/2025","HOLDEN HILL","CITY OF PORT ADELAIDE ENFIELD",2,1,0,0,1,2021,"October","Tuesday","05:33 pm",60,"Sealed","Dry","Not Raining","Daylight","Rear End",1,,,1334350.45,1678361.7
"2021-21520-19/09/2025","MORPHETT VALE","CITY OF ONKAPARINGA",2,1,0,0,1,2021,"October","Tuesday","03:45 pm",60,"Sealed","Dry","Not Raining","Daylight","Rear End",2,,,1320768.87,1649856.17
"2021-21523-19/09/2025","WOODVILLE SOUTH","CITY OF CHARLES STURT",2,1,0,0,1,2021,"October","Tuesday","05:30 pm",60,"Sealed","Dry","Not Raining","Daylight","Rear End",1,,,1323230.67,1675400.11
"2021-21526-19/09/2025","FULHAM GARDENS","CITY OF CHARLES STURT",4,1,0,0,1,2021,"October","Tuesday","05:20 pm",60,"Sealed","Dry","Not Raining","Daylight","Rear End",2,,,1320636.3,1672301.77
"2021-21528-19/09/2025","GOLDEN GROVE","CITY OF TEA TREE GULLY",2,1,0,0,1,2021,"October","Tuesday","05:15 pm",60,"Sealed","Dry","Not Raining","Daylight","Rear End",2,,,1337446.7,1685047.17
"2021-21532-19/09/2025","MODBURY NORTH","CITY OF TEA TREE GULLY",2,2,0,0,2,2021,"October","Tuesday","06:40 pm",60,"Sealed","Dry","Not Raining","Daylight","Hit Parked Vehicle",1,,,1335136.83,1681150.25
"2021-21534-19/09/2025","HAZELWOOD PARK","CITY OF BURNSIDE",2,1,0,1,0,2021,"October","Tuesday","09:05 pm",60,"Unsealed","Dry","Not Raining","Night","Hit Fixed Object",1,,,1333297.32,1669080.22
"2021-21537-19/09/2025","BEACHPORT","WATTLE RANGE COUNCIL",2,1,0,0,1,2021,"October","Sunday","12:00 pm",50,"Unsealed","Wet","Not Raining","Daylight","Head On",1,,,1442835.25,1382946.49
"2021-21538-19/09/2025","CAMPBELLTOWN","CC CAMPBELLTOWN.",2,1,0,0,1,2021,"October","Wednesday","09:05 am",60,"Sealed","Dry","Not Raining","Daylight","Rear End",2,,,1334168.82,1675186.47
"2021-21540-19/09/2025","SEACLIFF","CITY OF HOLDFAST BAY",2,1,0,1,0,2021,"October","Tuesday","07:20 pm",40,"Sealed","Dry","Not Raining","Daylight","Hit Parked Vehicle",1,,,1320617.55,1659444.33
"2021-21541-19/09/2025","NORTH ADELAIDE","CITY OF ADELAIDE",3,1,0,0,1,2021,"October","Wednesday","10:47 am",50,"Sealed","Dry","Not Raining","Daylight","Rear End",1,,,1328938.88,1672535.53
"2021-21542-19/09/2025","MARDEN","CC OF NORWOOD,PAYNEHAM & ST PETERS",2,1,0,0,1,2021,"October","Tuesday","03:35 pm",60,"Unsealed","Dry","Not Raining","Daylight","Rear End",2,,,1331702.04,1674265.06
"2021-21544-19/09/2025","ST MARYS","CC MITCHAM.",2,1,0,0,1,2021,"October","Wednesday","12:00 pm",70,"Sealed","Dry","Not Raining","Daylight","Right Angle",1,,,1326016.92,1661424.44
"2021-21547-19/09/2025","SMITHFIELD","CITY OF PLAYFORD.",5,4,0,0,4,2021,"October","Wednesday","03:38 pm",80,"Sealed","Dry","Not Raining","Daylight","Rear End",1,,,1337735.37,1696872.73
"2021-21550-19/09/2025","GOLDEN GROVE","CITY OF TEA TREE GULLY",3,1,0,0,1,2021,"October","Wednesday","04:43 pm",60,"Sealed","Dry","Not Raining","Daylight","Right Turn",1,,"Y",1337859.71,1685518.84
"2021-21554-19/09/2025","LOXTON NORTH","LOXTON WAIKERIE DISTRICT COUNCIL",1,1,0,0,1,2021,"October","Monday","10:15 pm",50,"Sealed","Dry","Not Raining","Night","Left Road - Out of Control",1,"Y",,1516581.42,1720824.63
"2021-21556-19/09/2025","ELIZABETH GROVE","CITY OF PLAYFORD.",2,1,0,0,1,2021,"October","Wednesday","09:45 pm",50,"Sealed","Dry","Not Raining","Night","Hit Parked Vehicle",1,,,1335423.03,1691544.1
"2021-21557-19/09/2025","MYPOLONGA","RC MURRAY BRIDGE.",3,1,1,0,0,2021,"October","Wednesday","09:15 pm",80,"Sealed","Dry","Not Raining","Night","Hit Fixed Object",1,"Y",,1395238.92,1655108.74
"2021-21559-19/09/2025","VICTOR HARBOR","DC VICTOR HARBOR.",2,1,0,0,1,2021,"October","Wednesday","01:30 pm",50,"Sealed","Dry","Not Raining","Daylight","Right Angle",1,,,1327025.89,1601660.36
"2021-21560-19/09/2025","NAILSWORTH","CITY OF PROSPECT",2,1,0,0,1,2021,"October","Wednesday","11:30 am",60,"Sealed","Dry","Not Raining","Daylight","Right Turn",2,,,1328914.32,1674886.77
"2021-21561-19/09/2025","ANGLE PARK","CITY OF PORT ADELAIDE ENFIELD",2,1,0,0,1,2021,"October","Thursday","06:30 am",60,"Sealed","Dry","Not Raining","Night","Hit Fixed Object",1,,,1325534.99,1678907.28
"2021-21563-19/09/2025","PASADENA","CC MITCHAM.",2,1,0,0,1,2021,"October","Thursday","11:03 am",60,"Sealed","Dry","Not Raining","Daylight","Right Angle",1,,"Y",1327446.89,1662379.67
"2021-21567-19/09/2025","HACKHAM","CITY OF ONKAPARINGA",3,2,0,0,2,2021,"October","Thursday","11:44 am",60,"Sealed","Dry","Not Raining","Daylight","Hit Fixed Object",1,,"Y",1320982.04,1647534.33
"2021-21571-19/09/2025","RENMARK WEST","DC RENMARK PARINGA",3,3,1,0,2,2021,"October","Thursday","12:35 pm",100,"Sealed","Dry","Not Raining","Daylight","Right Angle",1,,,1527265.84,1747008.43
"2021-21574-19/09/2025","WINGFIELD","CITY OF PORT ADELAIDE ENFIELD",3,1,0,0,1,2021,"October","Thursday","04:10 pm",50,"Sealed","Dry","Not Raining","Daylight","Side Swipe",2,,,1323895.45,1680048.43
"2021-21575-19/09/2025","MANNUM","MID MURRAY DISTRICT COUNCIL",1,2,0,0,2,2021,"October","Thursday","03:30 pm",100,"Unsealed","Dry","Not Raining","Daylight","Roll Over",1,,,1383357.57,1668379.67
"2021-21579-19/09/2025","CHRISTIE DOWNS","CITY OF ONKAPARINGA",2,1,0,0,1,2021,"October","Thursday","05:25 pm",60,"Sealed","Dry","Not Raining","Daylight","Right Angle",1,,,1318626.77,1648629.75
"2021-21584-19/09/2025","WILLUNGA HILL","ALEXANDRINA COUNCIL",2,1,0,0,1,2021,"October","Friday","01:46 am",100,"Sealed","Dry","Not Raining","Night","Hit Fixed Object",1,,,1325634.58,1630296.32
"2021-21585-19/09/2025","OLD NOARLUNGA","CITY OF ONKAPARINGA",2,1,0,0,1,2021,"October","Friday","07:15 am",60,"Sealed","Dry","Not Raining","Daylight","Side Swipe",1,,,1317766.62,1641657.22
"2021-21594-19/09/2025","NORWOOD","CC OF NORWOOD,PAYNEHAM & ST PETERS",2,1,0,0,1,2021,"October","Friday","10:45 am",50,"Sealed","Dry","Not Raining","Daylight","Rear End",2,,,1331654.48,1671063.43
"2021-21601-19/09/2025","BELAIR","CC MITCHAM.",2,1,0,1,0,2021,"October","Friday","01:15 pm",60,"Sealed","Dry","Not Raining","Daylight","Hit Fixed Object",1,,,1330586.37,1663012.59
"2021-21602-19/09/2025","WOODVILLE NORTH","CITY OF CHARLES STURT",2,1,0,0,1,2021,"October","Friday","02:30 pm",60,"Sealed","Dry","Not Raining","Daylight","Rear End",1,,,1323660.61,1676678.56
"2021-21605-19/09/2025","MCLAREN VALE","CITY OF ONKAPARINGA",2,1,0,0,1,2021,"October","Friday","03:30 pm",60,"Sealed","Dry","Not Raining","Daylight","Right Angle",1,,,1318344.71,1641676.25
"2021-21608-19/09/2025","WHYALLA PLAYFORD","CC WHYALLA.",2,1,0,0,1,2021,"October","Friday","05:00 pm",50,"Sealed","Dry","Not Raining","Daylight","Right Angle",1,,,1238849.13,1883520.05
"2021-21620-19/09/2025","OAKDEN","CITY OF PORT ADELAIDE ENFIELD",1,1,0,0,1,2021,"October","Friday","08:20 pm",70,"Sealed","Dry","Not Raining","Night","Roll Over",1,,,1332224.89,1679312.23
"2021-21621-19/09/2025","CUDLEE CREEK","THE ADELAIDE HILLS COUNCIL",2,1,0,0,1,2021,"October","Friday","06:00 pm",80,"Sealed","Dry","Not Raining","Daylight","Head On",2,,,1347105.18,1679375.16
"2021-21622-19/09/2025","PROSPECT","CITY OF PROSPECT",2,1,0,0,1,2021,"October","Friday","05:40 pm",60,"Sealed","Dry","Not Raining","Daylight","Right Turn",2,,,1328873.3,1676432.66
"2021-21626-19/09/2025","KENSINGTON","CC OF NORWOOD,PAYNEHAM & ST PETERS",2,1,0,0,1,2021,"October","Friday","06:05 pm",60,"Sealed","Dry","Not Raining","Daylight","Rear End",1,,,1332833.96,1671087.62
"2021-21630-19/09/2025","BOLIVAR","CITY OF SALISBURY",2,1,0,0,1,2021,"October","Saturday","06:50 am",90,"Sealed","Dry","Not Raining","Daylight","Rear End",2,,,1328457.27,1688613.24