"REPORT_ID","Suburb","LGA Name","Total Units","Total Cas","Total Fats","Total SI","Total MI","Year","Month","Day","Time","Area Speed","Road Surface","Moisture Cond","Weather Cond","DayNight","Crash Type","Unit Resp","DUI Involved","Drugs Involved","ACCLOC_X","ACCLOC_Y"
"2021-21635-19/09/2025","MOUNT BARKER","DC MT.BARKER.",2,1,0,0,1,2021,"October","Saturday","09:55 am",60,"Sealed","Dry","Not Raining","Daylight","Right Angle",1,,,1351901.57,1653063.6
"2021-21636-19/09/2025","ATHOL PARK","CITY OF CHARLES STURT",2,1,0,0,1,2021,"October","Saturday","11:40 am",50,"Sealed","Dry","Not Raining","Daylight","Right Angle",2,,,1323500.55,1678942.99
"2021-21637-19/09/2025","MUNNO PARA","CITY OF PLAYFORD.",2,1,0,0,1,2021,"October","Friday","06:15 pm",60,"Sealed","Dry","Not Raining","Daylight","Right Turn",1,,"Y",1336690.92,1698532.16
"2021-21644-19/09/2025","WELLAND","CITY OF CHARLES STURT",2,1,0,0,1,2021,"October","Saturday","01:48 pm",60,"Sealed","Dry","Not Raining","Daylight","Side Swipe",1,,,1324814.61,1673196
"2021-21645-19/09/2025","DRY CREEK","CITY OF SALISBURY",2,1,0,0,1,2021,"October","Saturday","03:00 pm",90,"Sealed","Dry","Not Raining","Daylight","Hit Fixed Object",1,,,1327583.24,1681757.3
"2021-21647-19/09/2025","MACDONALD PARK","CITY OF PLAYFORD.",2,1,0,0,1,2021,"October","Saturday","04:38 pm",60,"Sealed","Dry","Not Raining","Daylight","Hit Fixed Object",1,,,1334398.22,1699684.61
"2021-21650-19/09/2025","ELIZABETH GROVE","CITY OF PLAYFORD.",2,4,0,0,4,2021,"October","Saturday","05:53 pm",80,"Sealed","Dry","Not Raining","Daylight","Side Swipe",2,,,1336152.31,1690914.77
"2021-21652-19/09/2025","PORT VICTORIA","YORKE PENINSULA COUNCIL",3,1,0,1,0,2021,"October","Saturday","10:20 pm",50,"Sealed","Dry","Not Raining","Night","Hit Fixed Object",1,"Y","Y",1227500.35,1719974.15
"2021-21654-19/09/2025","GAWLER BELT","LIGHT REGIONAL COUNCIL",1,1,0,1,0,2021,"October","Saturday","11:30 pm",110,"Sealed","Dry","Not Raining","Night","Roll Over",1,,,1343104.4,1709398.4
"2021-21655-19/09/2025","WANDILO","DISTRICT COUNCIL OF GRANT",1,1,0,0,1,2021,"October","Sunday","12:00 am",110,"Sealed","Dry","Not Raining","Night","Left Road - Out of Control",1,"Y","Y",1504334.67,1344816.82
"2021-21657-19/09/2025","YANINEE","DC WUDINNA. (DC LE HUNTE.)",2,1,0,0,1,2021,"October","Sunday","04:30 am",110,"Sealed","Dry","Not Raining","Night","Hit Fixed Object",1,,,1026966.37,1893936.59
"2021-21663-19/09/2025","HAWTHORNDENE","CC MITCHAM.",2,1,0,0,1,2021,"October","Sunday","11:30 am",60,"Sealed","Wet","Raining","Daylight","Right Angle",1,,,1331650.47,1660544.82
"2021-21664-19/09/2025","WIGLEY FLAT","LOXTON WAIKERIE DISTRICT COUNCIL",3,1,0,0,1,2021,"October","Sunday","10:55 am",110,"Sealed","Dry","Not Raining","Daylight","Other",2,,,1477284.49,1746342.65
"2021-21665-19/09/2025","CUNNINGHAM","YORKE PENINSULA COUNCIL",1,1,0,1,0,2021,"October","Saturday","04:00 pm",100,"Unsealed","Dry","Not Raining","Daylight","Roll Over",1,,,1261784.96,1726169.66
"2021-21667-19/09/2025","GOULD CREEK","CITY OF TEA TREE GULLY",5,2,0,2,0,2021,"October","Sunday","11:05 am",80,"Sealed","Dry","Not Raining","Daylight","Head On",2,,"Y",1344101.74,1688738.57
"2021-21669-19/09/2025","TOWITTA","MID MURRAY DISTRICT COUNCIL",1,1,0,0,1,2021,"October","Sunday","02:10 pm",100,"Unsealed","Dry","Not Raining","Daylight","Roll Over",1,,,1389113.66,1714034.97
"2021-21678-19/09/2025","DALKEY","WAKEFIELD REGIONAL COUNCIL",1,1,0,1,0,2021,"October","Sunday","07:42 pm",100,"Sealed","Dry","Not Raining","Night","Roll Over",1,,,1317348.15,1753205.33
"2021-21689-19/09/2025","INGLE FARM","CITY OF SALISBURY",2,1,0,0,1,2021,"October","Monday","01:05 pm",50,"Sealed","Dry","Not Raining","Daylight","Right Angle",2,"Y",,1333889.12,1681668.14
"2021-21690-19/09/2025","SALISBURY EAST","CITY OF SALISBURY",4,2,0,0,2,2021,"October","Monday","01:00 pm",60,"Sealed","Dry","Not Raining","Daylight","Hit Fixed Object",1,,,1334187.12,1684637.49
"2021-21699-19/09/2025","CLINTON","YORKE PENINSULA COUNCIL",1,1,0,0,1,2021,"October","Monday","04:28 pm",100,"Unsealed","Dry","Not Raining","Daylight","Left Road - Out of Control",1,,,1277047.52,1752280.33
"2021-21700-19/09/2025","POORAKA","CITY OF SALISBURY",2,1,0,0,1,2021,"October","Monday","05:23 pm",70,"Sealed","Dry","Not Raining","Daylight","Rear End",2,,,1330465.1,1681818.42
"2021-21704-19/09/2025","GLANDORE","CC MARION.",2,1,0,0,1,2021,"October","Monday","05:09 pm",60,"Sealed","Dry","Not Raining","Daylight","Right Angle",2,,,1325219.4,1666142.9
"2021-21706-19/09/2025","KADINA","COPPER COAST DISTRICT COUNCIL",2,2,0,0,2,2021,"October","Monday","06:55 pm",50,"Sealed","Dry","Not Raining","Daylight","Right Angle",1,,,1250858.11,1779267.5
"2021-21708-19/09/2025","CROYDON","CITY OF CHARLES STURT",3,1,0,0,1,2021,"October","Tuesday","08:20 am",80,"Sealed","Dry","Not Raining","Daylight","Rear End",1,,,1325759.35,1674403.32
"2021-21711-19/09/2025","GLENELG NORTH","CITY OF HOLDFAST BAY",2,1,0,0,1,2021,"October","Monday","10:40 am",60,"Sealed","Dry","Not Raining","Daylight","Right Angle",2,,,1320779.88,1665938.11
"2021-21715-19/09/2025","WALKLEY HEIGHTS","CITY OF PORT ADELAIDE ENFIELD",3,1,0,0,1,2021,"October","Tuesday","09:41 am",70,"Sealed","Dry","Not Raining","Daylight","Rear End",1,,,1333300.77,1679336.63
"2021-21717-19/09/2025","FULHAM GARDENS","CITY OF CHARLES STURT",2,1,0,0,1,2021,"October","Tuesday","06:00 am",60,"Sealed","Dry","Not Raining","Night","Rear End",2,,,1320774.74,1673037.01
"2021-21719-19/09/2025","COROMANDEL VALLEY","CITY OF ONKAPARINGA",2,1,0,0,1,2021,"October","Tuesday","10:40 am",60,"Sealed","Dry","Not Raining","Daylight","Right Turn",1,,,1330364.62,1657739.69
"2021-21721-19/09/2025","KAPUNDA","LIGHT REGIONAL COUNCIL",2,1,0,0,1,2021,"October","Tuesday","12:45 pm",100,"Sealed","Dry","Not Raining","Daylight","Rear End",1,,,1361798.61,1736098.83
"2021-21722-19/09/2025","STURT","CC MARION.",2,5,0,0,5,2021,"October","Tuesday","01:00 pm",60,"Sealed","Dry","Not Raining","Daylight","Right Turn",2,,,1324428.84,1659884.95
"2021-21727-19/09/2025","MILE END","CITY OF WEST TORRENS",2,1,0,0,1,2021,"October","Tuesday","02:10 pm",60,"Sealed","Dry","Not Raining","Daylight","Rear End",2,,,1326611.26,1671182.38
"2021-21728-19/09/2025","CAMDEN PARK","CITY OF WEST TORRENS",2,2,0,0,2,2021,"October","Tuesday","02:15 pm",60,"Sealed","Dry","Not Raining","Daylight","Rear End",2,,,1323160.3,1667018.37
"2021-21729-19/09/2025","ROWLAND FLAT","LIGHT REGIONAL COUNCIL",2,1,0,0,1,2021,"October","Tuesday","03:00 pm",50,"Unsealed","Dry","Not Raining","Daylight","Rear End",2,,,1359474.88,1709703.01
"2021-21734-19/09/2025","TENNYSON","CITY OF CHARLES STURT",2,1,0,0,1,2021,"October","Tuesday","04:20 pm",60,"Sealed","Dry","Not Raining","Daylight","Rear End",2,,,1318445.12,1674612.96
"2021-21737-19/09/2025","NORTH ADELAIDE","CITY OF ADELAIDE",3,1,0,0,1,2021,"October","Tuesday","05:30 pm",50,"Sealed","Dry","Not Raining","Daylight","Rear End",1,,,1329586.59,1672940.18
"2021-21740-19/09/2025","SEMAPHORE PARK","CITY OF CHARLES STURT",2,1,0,0,1,2021,"October","Tuesday","06:20 pm",60,"Sealed","Dry","Not Raining","Daylight","Side Swipe",2,,,1319009.03,1679184.57
"2021-21741-19/09/2025","ASCOT PARK","CC MARION.",2,1,0,0,1,2021,"October","Tuesday","06:02 pm",60,"Sealed","Dry","Not Raining","Daylight","Right Angle",2,,,1324446.56,1663275.03
"2021-21742-19/09/2025","GLYNDE","CC OF NORWOOD,PAYNEHAM & ST PETERS",2,2,0,2,0,2021,"October","Tuesday","04:10 pm",60,"Sealed","Dry","Not Raining","Daylight","Right Turn",2,,"Y",1333785.54,1674516.59
"2021-21743-19/09/2025","MURRAY BRIDGE","RC MURRAY BRIDGE.",1,1,0,0,1,2021,"October","Tuesday","05:05 pm",50,"Sealed","Dry","Not Raining","Daylight","Roll Over",1,,,1387692.3,1646922.74
"2021-21746-19/09/2025","BALHANNAH","THE ADELAIDE HILLS COUNCIL",2,1,0,0,1,2021,"October","Tuesday","03:20 pm",60,"Sealed","Dry","Not Raining","Daylight","Side Swipe",1,,,1348463.08,1662392.19
"2021-21747-19/09/2025","ELIZABETH EAST","CITY OF PLAYFORD.",4,1,0,0,1,2021,"October","Tuesday","10:13 pm",50,"Sealed","Dry","Not Raining","Night","Hit Fixed Object",1,,"Y",1336515.33,1691704.17
"2021-21752-19/09/2025","MILE END","CITY OF WEST TORRENS",3,1,0,0,1,2021,"October","Wednesday","07:20 am",50,"Sealed","Wet","Raining","Daylight","Right Angle",1,,,1325209.04,1670435.81
"2021-21755-19/09/2025","NOARLUNGA DOWNS","CITY OF ONKAPARINGA",2,1,0,0,1,2021,"October","Tuesday","03:30 pm",60,"Sealed","Dry","Not Raining","Daylight","Rear End",2,,,1318566.09,1646613.33
"2021-21756-19/09/2025","BEDFORD PARK","CC MARION.",4,1,0,0,1,2021,"October","Wednesday","07:45 am",70,"Sealed","Wet","Not Raining","Daylight","Rear End",2,,,1324591.41,1659850.81
"2021-21762-19/09/2025","BALHANNAH","THE ADELAIDE HILLS COUNCIL",2,1,0,0,1,2021,"October","Wednesday","10:10 am",80,"Sealed","Dry","Not Raining","Daylight","Right Angle",1,,,1349740.17,1661649.42
"2021-21763-19/09/2025","ELIZABETH EAST","CITY OF PLAYFORD.",2,3,0,0,3,2021,"October","Wednesday","12:38 pm",80,"Sealed","Dry","Not Raining","Daylight","Right Turn",1,,,1336146.35,1691544.42
"2021-21773-19/09/2025","WEST CROYDON","CITY OF CHARLES STURT",2,1,0,0,1,2021,"October","Wednesday","06:25 pm",60,"Sealed","Dry","Not Raining","Daylight","Side Swipe",2,,,1325200.57,1675451.99
"2021-21774-19/09/2025","ABERFOYLE PARK","CITY OF ONKAPARINGA",2,1,0,0,1,2021,"October","Wednesday","07:20 pm",50,"Sealed","Dry","Not Raining","Daylight","Hit Fixed Object",1,,,1327901.09,1654376.23
"2021-21776-19/09/2025","ELIZABETH DOWNS","CITY OF PLAYFORD.",2,1,0,0,1,2021,"October","Wednesday","06:42 pm",60,"Sealed","Dry","Not Raining","Daylight","Rear End",2,,,1337874.56,1694581.67
"2021-21785-19/09/2025","PARA HILLS WEST","CITY OF SALISBURY",3,1,0,0,1,2021,"October","Thursday","09:07 am",80,"Sealed","Wet","Raining","Daylight","Rear End",2,,,1332696.07,1684607.11
"2021-21788-19/09/2025","GILLES PLAINS","CITY OF PORT ADELAIDE ENFIELD",2,1,0,0,1,2021,"October","Wednesday","03:50 pm",60,"Sealed","Dry","Not Raining","Daylight","Rear End",2,,,1333635.76,1678283.55
"2021-21789-19/09/2025","ROSEWORTHY","LIGHT REGIONAL COUNCIL",2,1,0,0,1,2021,"October","Thursday","09:20 am",60,"Sealed","Wet","Not Raining","Daylight","Right Angle",2,,,1343730.75,1713529.75
"2021-21795-19/09/2025","SOUTH PLYMPTON","CC MARION.",2,1,0,0,1,2021,"October","Wednesday","06:00 am",60,"Sealed","Wet","Raining","Night","Right Angle",1,,,1324269.89,1665400.44
"2021-21803-19/09/2025","HACKNEY","CC OF NORWOOD,PAYNEHAM & ST PETERS",2,2,0,0,2,2021,"October","Thursday","10:00 am",60,"Sealed","Wet","Raining","Daylight","Rear End",2,,,1329946.03,1671337.02
"2021-21807-19/09/2025","ASCOT PARK","CC MARION.",2,1,0,0,1,2021,"October","Thursday","03:10 pm",60,"Sealed","Wet","Raining","Daylight","Right Angle",2,,,1325080.9,1663300.91
"2021-21810-19/09/2025","PARADISE","CC CAMPBELLTOWN.",2,1,0,0,1,2021,"October","Thursday","03:15 pm",60,"Sealed","Dry","Not Raining","Daylight","Hit Fixed Object",1,,,1335041.75,1676152.9
"2021-21812-19/09/2025","RIDGEHAVEN","CITY OF TEA TREE GULLY",2,1,0,0,1,2021,"October","Thursday","03:25 pm",60,"Sealed","Dry","Not Raining","Daylight","Rear End",2,,,1337884.25,1682448.55
"2021-21820-19/09/2025","NAIRNE","DC MT.BARKER.",2,1,0,0,1,2021,"October","Thursday","04:00 pm",50,"Sealed","Dry","Not Raining","Daylight","Right Turn",1,,,1356117.15,1657597.14
"2021-21825-19/09/2025","SEAFORD RISE","CITY OF ONKAPARINGA",2,2,0,0,2,2021,"October","Thursday","08:23 pm",90,"Sealed","Dry","Not Raining","Night","Rear End",2,,,1317460.06,1639061.45
"2021-21834-19/09/2025","WALKLEY HEIGHTS","CITY OF SALISBURY",3,2,0,0,2,2021,"October","Friday","11:12 am",70,"Sealed","Dry","Not Raining","Daylight","Right Turn",1,,,1332959.7,1680497.31
"2021-21835-19/09/2025","VERDUN","THE ADELAIDE HILLS COUNCIL",2,1,0,0,1,2021,"October","Friday","08:25 am",50,"Sealed","Dry","Not Raining","Daylight","Rear End",2,,,1345542.24,1660961.23
"2021-21839-19/09/2025","WOODVILLE WEST","CITY OF CHARLES STURT",2,2,0,0,2,2021,"October","Friday","12:55 pm",60,"Sealed","Dry","Not Raining","Daylight","Hit Fixed Object",1,,,1322377.65,1674973.08
"2021-21840-19/09/2025","PARAFIELD","CITY OF SALISBURY",2,1,0,0,1,2021,"October","Friday","11:00 am",80,"Sealed","Dry","Not Raining","Daylight","Side Swipe",2,,,1332097.61,1683884.36
"2021-21841-19/09/2025","MCLAREN VALE","CITY OF ONKAPARINGA",2,1,0,0,1,2021,"October","Friday","02:25 pm",50,"Sealed","Dry","Not Raining","Daylight","Right Turn",1,,,1321542.54,1639005.28
"2021-21844-19/09/2025","MANNINGHAM","CITY OF PORT ADELAIDE ENFIELD",2,1,0,0,1,2021,"October","Friday","02:30 pm",60,"Sealed","Dry","Not Raining","Daylight","Rear End",2,,,1330457.23,1676189.08
"2021-21848-19/09/2025","ALDINGA","CITY OF ONKAPARINGA",3,4,0,0,4,2021,"October","Friday","03:36 pm",90,"Sealed","Dry","Not Raining","Daylight","Rear End",1,,,1317389.04,1634078.79
"2021-21856-19/09/2025","HOPE VALLEY","CITY OF TEA TREE GULLY",2,1,0,0,1,2021,"October","Friday","08:40 pm",60,"Sealed","Dry","Not Raining","Night","Rear End",2,,,1336918.37,1679451.5
"2021-21859-19/09/2025","PENFIELD GARDENS","CITY OF PLAYFORD.",2,1,0,0,1,2021,"October","Friday","09:50 pm",80,"Sealed","Dry","Not Raining","Night","Head On",2,,,1329916.65,1699689.58
"2021-21869-19/09/2025","WOODVILLE WEST","CITY OF CHARLES STURT",2,1,0,0,1,2021,"October","Friday","11:30 am",60,"Sealed","Wet","Raining","Daylight","Right Angle",1,,,1322344.21,1675977.71
"2021-21871-19/09/2025","WYNN VALE","CITY OF TEA TREE GULLY",2,1,0,0,1,2021,"October","Saturday","11:32 am",70,"Sealed","Dry","Not Raining","Daylight","Right Angle",2,,,1336816.75,1684469.13
"2021-21873-19/09/2025","PORT WAKEFIELD","WAKEFIELD REGIONAL COUNCIL",2,1,0,0,1,2021,"October","Saturday","08:15 am",110,"Sealed","Dry","Not Raining","Daylight","Hit Fixed Object",1,,,1290295.12,1755227.96
"2021-21877-19/09/2025","FELIXSTOW","CC OF NORWOOD,PAYNEHAM & ST PETERS",2,1,0,0,1,2021,"October","Saturday","12:25 pm",60,"Sealed","Dry","Not Raining","Daylight","Side Swipe",1,,,1333137.51,1674237.89
"2021-21878-19/09/2025","NETLEY","CITY OF WEST TORRENS",2,1,0,0,1,2021,"October","Saturday","12:50 pm",60,"Sealed","Dry","Not Raining","Daylight","Right Angle",2,,,1324166.39,1668906.15
"2021-21879-19/09/2025","MODBURY","CITY OF TEA TREE GULLY",2,1,0,0,1,2021,"October","Saturday","02:15 pm",60,"Sealed","Dry","Not Raining","Daylight","Right Angle",2,,,1336879.26,1680835.19
"2021-21883-19/09/2025","SMITHFIELD","CITY OF PLAYFORD.",3,1,0,0,1,2021,"October","Saturday","02:50 pm",80,"Sealed","Dry","Not Raining","Daylight","Rear End",1,,,1337734.92,1696871.93
"2021-21889-19/09/2025","STEPNEY","CC OF NORWOOD,PAYNEHAM & ST PETERS",2,1,0,0,1,2021,"October","Saturday","05:05 pm",60,"Sealed","Dry","Not Raining","Daylight","Right Angle",2,,,1331287.47,1672634.49
"2021-21891-19/09/2025","EASTWOOD","CITY OF BURNSIDE",2,1,0,0,1,2021,"October","Saturday","07:30 pm",60,"Sealed","Dry","Not Raining","Daylight","Rear End",2,,"Y",1329950.06,1668986.88
"2021-21892-19/09/2025","NULLARBOR",,1,1,1,0,0,2021,"October","Saturday","04:37 pm",110,"Sealed","Dry","Not Raining","Daylight","Roll Over",1,,,438201.99,2024536.78
"2021-21893-19/09/2025","GLENELG","CITY OF HOLDFAST BAY",2,5,0,0,5,2021,"October","Saturday","08:50 pm",40,"Sealed","Dry","Not Raining","Night","Rear End",2,,,1320458.76,1664884.38
"2021-21895-19/09/2025","TORRENSVILLE","CITY OF WEST TORRENS",6,1,0,1,0,2021,"October","Saturday","11:00 pm",50,"Sealed","Dry","Not Raining","Night","Hit Parked Vehicle",1,"Y","Y",1324580.31,1671171.99
"2021-21904-19/09/2025","STIRLING NORTH","CC PT.AUGUSTA.",3,5,0,0,5,2021,"October","Sunday","11:30 am",110,"Sealed","Dry","Not Raining","Daylight","Right Turn",1,,"Y",1264499.93,1938917.89
"2021-21907-19/09/2025","CAMPBELLTOWN","CC CAMPBELLTOWN.",2,1,0,0,1,2021,"October","Sunday","12:45 pm",60,"Sealed","Dry","Not Raining","Daylight","Rear End",1,,,1333825.29,1674579.83
"2021-21909-19/09/2025","TILLEY SWAMP","DC KINGSTON.",2,1,0,0,1,2021,"October","Sunday","09:30 am",110,"Sealed","Dry","Not Raining","Daylight","Hit Fixed Object",1,,,1424337.65,1517496.61
"2021-21910-19/09/2025","PAYNEHAM","CC OF NORWOOD,PAYNEHAM & ST PETERS",3,1,0,0,1,2021,"October","Saturday","04:45 pm",60,"Sealed","Dry","Not Raining","Daylight","Rear End",2,,,1332307.56,1673860.52
"2021-21914-19/09/2025","ADELAIDE","CITY OF ADELAIDE",2,1,0,0,1,2021,"October","Sunday","05:00 pm",50,"Sealed","Dry","Not Raining","Daylight","Right Angle",2,,"Y",1328866.1,1671144.24
"2021-21915-19/09/2025","PARADISE","CC CAMPBELLTOWN.",2,1,0,0,1,2021,"October","Sunday","02:15 pm",60,"Sealed","Dry","Not Raining","Daylight","Rear End",2,,,1334972.38,1676235.05
"2021-21916-19/09/2025","URRBRAE","CC MITCHAM.",5,1,0,0,1,2021,"October","Sunday","03:37 pm",60,"Sealed","Dry","Not Raining","Daylight","Rear End",1,,,1332258.46,1666336.41
"2021-21917-19/09/2025","LOWAN VALE","DC TATIARA.",2,1,0,0,1,2021,"October","Sunday","02:45 pm",100,"Unsealed","Dry","Not Raining","Daylight","Hit Fixed Object",1,,,1511349.66,1520861.15
"2021-21918-19/09/2025","NEW PORT","CITY OF PORT ADELAIDE ENFIELD",2,3,1,0,2,2021,"October","Sunday","05:28 pm",60,"Sealed","Dry","Not Raining","Daylight","Right Angle",2,,,1319529.71,1680498.67
"2021-21919-19/09/2025","MOUNT PLEASANT","THE BAROSSA COUNCIL.",3,5,1,3,1,2021,"October","Sunday","06:00 pm",100,"Sealed","Dry","Not Raining","Daylight","Head On",1,"Y",,1372377.89,1689440.91
"2021-21920-19/09/2025","PARACOMBE","THE ADELAIDE HILLS COUNCIL",2,1,0,1,0,2021,"October","Sunday","03:15 pm",80,"Sealed","Dry","Not Raining","Daylight","Hit Fixed Object",1,,,1344251.2,1676882.31
"2021-21921-19/09/2025","HOLDEN HILL","CITY OF TEA TREE GULLY",2,3,0,0,3,2021,"October","Sunday","08:00 pm",60,"Sealed","Dry","Not Raining","Night","Right Turn",2,,,1334713.27,1678543.84
"2021-21922-19/09/2025","CRAIGMORE","CITY OF PLAYFORD.",2,3,0,0,3,2021,"October","Sunday","08:30 pm",60,"Sealed","Dry","Not Raining","Night","Right Turn",2,,,1339417.24,1696987.69
"2021-21930-19/09/2025","KINGSTON SE","DC KINGSTON.",2,1,0,0,1,2021,"October","Monday","09:40 am",110,"Sealed","Dry","Not Raining","Daylight","Right Angle",2,,,1434713.69,1456951.82
"2021-21931-19/09/2025","KAPUNDA","LIGHT REGIONAL COUNCIL",2,1,0,0,1,2021,"October","Monday","09:30 am",25,"Sealed","Dry","Not Raining","Daylight","Hit Pedestrian",1,,,1359968.03,1734401.36
"2021-21934-19/09/2025","TAPEROO","CITY OF PORT ADELAIDE ENFIELD",3,2,0,0,2,2021,"October","Monday","11:10 am",60,"Sealed","Dry","Not Raining","Daylight","Right Angle",2,,,1319467.94,1683563.08
"2021-21937-19/09/2025","LOXTON","LOXTON WAIKERIE DISTRICT COUNCIL",2,1,0,0,1,2021,"October","Sunday","12:30 pm",50,"Sealed","Dry","Not Raining","Daylight","Right Angle",1,,,1511153.33,1715760.35
"2021-21939-19/09/2025","NOARLUNGA CENTRE","CITY OF ONKAPARINGA",2,2,0,0,2,2021,"October","Monday","02:35 pm",60,"Sealed","Dry","Not Raining","Daylight","Right Turn",2,,,1317362.94,1647424.75
"2021-21941-19/09/2025","ELIZABETH","CITY OF PLAYFORD.",3,1,0,0,1,2021,"October","Monday","03:25 pm",60,"Sealed","Dry","Not Raining","Daylight","Rear End",1,,,1335605.91,1693883.79
"2021-21944-19/09/2025","CUMBERLAND PARK","CC MITCHAM.",2,1,0,0,1,2021,"October","Wednesday","05:15 pm",50,"Sealed","Dry","Not Raining","Daylight","Right Angle",1,,,1326714.57,1665113.65
"2021-21947-19/09/2025","ELIZABETH VALE","CITY OF PLAYFORD.",2,1,0,0,1,2021,"October","Monday","05:15 pm",60,"Sealed","Dry","Not Raining","Daylight","Hit Pedestrian",2,,,1335254.54,1690056.88
"2021-21949-19/09/2025","NURIOOTPA","THE BAROSSA COUNCIL.",2,1,0,0,1,2021,"October","Monday","05:20 pm",50,"Sealed","Dry","Not Raining","Daylight","Right Angle",2,,,1367060.48,1721066.14
"2021-21950-19/09/2025","WEST HINDMARSH","CITY OF CHARLES STURT",3,1,0,0,1,2021,"October","Tuesday","01:30 pm",60,"Sealed","Dry","Not Raining","Daylight","Side Swipe",1,,,1325341.16,1672469.99
"2021-21955-19/09/2025","REGENCY PARK","CITY OF PORT ADELAIDE ENFIELD",3,1,0,0,1,2021,"October","Tuesday","04:38 pm",60,"Sealed","Dry","Not Raining","Daylight","Rear End",1,,,1326439.69,1679153.86
"2021-21956-19/09/2025","HENLEY BEACH","CITY OF CHARLES STURT",2,2,0,0,2,2021,"October","Tuesday","05:10 pm",60,"Sealed","Dry","Not Raining","Daylight","Right Angle",2,,,1319257.84,1671539.65
"2021-21959-19/09/2025","PORT ADELAIDE","CITY OF PORT ADELAIDE ENFIELD",2,1,0,1,0,2021,"October","Tuesday","05:52 am",50,"Sealed","Dry","Not Raining","Night","Right Turn",1,,,1320402.4,1679487.99
"2021-21966-19/09/2025","PORT AUGUSTA","CC PT.AUGUSTA.",3,1,0,0,1,2021,"October","Tuesday","12:04 pm",50,"Sealed","Dry","Not Raining","Daylight","Hit Parked Vehicle",1,,,1260546.32,1940100.38
"2021-21968-19/09/2025","GOULD CREEK","CITY OF TEA TREE GULLY",2,1,0,0,1,2021,"October","Monday","10:45 pm",80,"Sealed","Dry","Not Raining","Night","Roll Over",1,,,1344377.3,1688777.6
"2021-21971-19/09/2025","KESWICK TERMINAL","CITY OF WEST TORRENS",2,1,0,0,1,2021,"October","Tuesday","03:47 pm",60,"Sealed","Dry","Not Raining","Daylight","Right Turn",2,,,1326765.32,1668957.27
"2021-21972-19/09/2025","CAMPBELLTOWN","CC CAMPBELLTOWN.",2,1,0,0,1,2021,"October","Tuesday","11:50 am",50,"Sealed","Dry","Not Raining","Daylight","Right Angle",1,,,1334015.09,1676089.8
"2021-21973-19/09/2025","NORTH ADELAIDE","CITY OF ADELAIDE",2,1,0,1,0,2021,"October","Tuesday","12:15 am",60,"Sealed","Dry","Not Raining","Night","Hit Fixed Object",1,,"Y",1327883.82,1672126.44
"2021-21975-19/09/2025","TENNYSON","CITY OF CHARLES STURT",2,1,0,0,1,2021,"October","Sunday","09:20 am",60,"Sealed","Dry","Not Raining","Daylight","Hit Parked Vehicle",1,,,1318374.68,1674891.54
"2021-21978-19/09/2025","PORT LINCOLN","CC PT.LINCOLN.",2,1,0,0,1,2021,"October","Monday","05:10 pm",50,"Sealed","Dry","Not Raining","Daylight","Right Angle",2,,,1078137.7,1697455.06
"2021-21981-19/09/2025","WALKERVILLE","CITY OF PROSPECT",2,1,0,0,1,2021,"October","Tuesday","06:10 pm",60,"Sealed","Dry","Not Raining","Daylight","Hit Pedestrian",1,,,1329764.87,1674599.93
"2021-21983-19/09/2025","KLEMZIG","CITY OF PORT ADELAIDE ENFIELD",2,1,0,0,1,2021,"October","Tuesday","02:11 am",60,"Sealed","Dry","Not Raining","Night","Right Turn",2,,,1331685.71,1676259.54
"2021-21984-19/09/2025","SMITHFIELD","CITY OF PLAYFORD.",2,1,0,0,1,2021,"October","Tuesday","09:20 pm",50,"Sealed","Dry","Not Raining","Night","Hit Fixed Object",1,"Y","Y",1337497.89,1697403.63
"2021-21987-19/09/2025","WYNN VALE","CITY OF TEA TREE GULLY",2,1,0,0,1,2021,"October","Tuesday","12:35 pm",70,"Sealed","Dry","Not Raining","Daylight","Side Swipe",2,,,1335893.54,1683295.89
"2021-21996-19/09/2025","ALDGATE","THE ADELAIDE HILLS COUNCIL",4,1,0,0,1,2021,"October","Wednesday","07:38 am",110,"Sealed","Dry","Not Raining","Daylight","Rear End",2,,,1342128.47,1661759.18
"2021-22000-19/09/2025","ROSTREVOR","CC CAMPBELLTOWN.",2,1,0,0,1,2021,"October","Tuesday","03:20 pm",25,"Sealed","Dry","Not Raining","Daylight","Right Angle",1,,,1336263.64,1673892.05
"2021-22005-19/09/2025","EDINBURGH","CITY OF SALISBURY",2,1,0,0,1,2021,"October","Wednesday","12:00 pm",50,"Sealed","Dry","Not Raining","Daylight","Side Swipe",2,,,1332998.59,1690066.29
"2021-22007-19/09/2025","SEAVIEW DOWNS","CC MARION.",2,1,0,0,1,2021,"October","Wednesday","12:55 pm",60,"Sealed","Dry","Not Raining","Daylight","Right Angle",1,,,1322813.34,1659390.01
"2021-22012-19/09/2025","FLINDERS PARK","CITY OF CHARLES STURT",2,1,0,0,1,2021,"October","Friday","04:30 pm",60,"Sealed","Dry","Not Raining","Daylight","Side Swipe",1,,,1323440.3,1673146.84
"2021-22017-19/09/2025","CLARENDON","CITY OF ONKAPARINGA",2,1,0,1,0,2021,"October","Friday","05:45 pm",70,"Sealed","Dry","Not Raining","Daylight","Right Angle",2,,,1330046.27,1651824.89