"REPORT_ID","Suburb","LGA Name","Total Units","Total Cas","Total Fats","Total SI","Total MI","Year","Month","Day","Time","Area Speed","Road Surface","Moisture Cond","Weather Cond","DayNight","Crash Type","Unit Resp","DUI Involved","Drugs Involved","ACCLOC_X","ACCLOC_Y"
"2021-22021-19/09/2025","MILE END","CITY OF WEST TORRENS",2,1,0,0,1,2021,"October","Wednesday","05:50 pm",60,"Sealed","Dry","Not Raining","Daylight","Side Swipe",2,,,1326262.98,1670249.88
"2021-22027-19/09/2025","BASKET RANGE","THE ADELAIDE HILLS COUNCIL",2,1,0,0,1,2021,"October","Sunday","01:15 pm",80,"Sealed","Dry","Not Raining","Daylight","Hit Fixed Object",1,,,1343658.28,1668395.45
"2021-22030-19/09/2025","HINDMARSH","CITY OF CHARLES STURT",2,1,0,0,1,2021,"October","Thursday","08:44 am",60,"Sealed","Dry","Not Raining","Daylight","Right Angle",2,,,1325786.35,1672873.96
"2021-22033-19/09/2025","ADELAIDE","CITY OF ADELAIDE",2,1,0,0,1,2021,"October","Thursday","08:40 am",50,"Sealed","Dry","Not Raining","Daylight","Side Swipe",2,,,1329197.28,1669899.35
"2021-22043-19/09/2025","INGLE FARM","CITY OF SALISBURY",4,2,0,0,2,2021,"October","Thursday","02:26 pm",60,"Sealed","Dry","Not Raining","Daylight","Rear End",2,,,1333018.14,1681460.73
"2021-22044-19/09/2025","GEPPS CROSS","CITY OF PORT ADELAIDE ENFIELD",3,1,0,0,1,2021,"October","Thursday","02:37 pm",70,"Sealed","Dry","Not Raining","Daylight","Rear End",2,,,1329472.79,1680313.36
"2021-22048-19/09/2025","WHYALLA PLAYFORD","CC WHYALLA.",2,1,0,0,1,2021,"October","Thursday","03:40 pm",60,"Sealed","Dry","Not Raining","Daylight","Right Angle",2,,,1239659.67,1883594.45
"2021-22050-19/09/2025","GAWLER","CT GAWLER.",2,1,0,0,1,2021,"October","Thursday","04:00 pm",50,"Sealed","Dry","Not Raining","Daylight","Side Swipe",1,,,1343134.89,1707108.68
"2021-22057-19/09/2025","PENFIELD","CITY OF PLAYFORD.",5,2,0,0,2,2021,"October","Thursday","05:00 pm",80,"Sealed","Dry","Not Raining","Daylight","Other",1,,,1333636.96,1696248.78
"2021-22058-19/09/2025","PLYMPTON","CITY OF WEST TORRENS",2,1,0,1,0,2021,"October","Thursday","05:36 pm",60,"Sealed","Dry","Not Raining","Daylight","Right Angle",2,,,1323609.56,1667029.66
"2021-22060-19/09/2025","HORSNELL GULLY","THE ADELAIDE HILLS COUNCIL",1,1,0,0,1,2021,"November","Tuesday","01:19 pm",60,"Sealed","Dry","Not Raining","Daylight","Roll Over",1,,,1339356.96,1670170.17
"2021-22061-19/09/2025","MELROSE PARK","CC MITCHAM.",2,1,0,0,1,2021,"October","Thursday","06:51 pm",60,"Sealed","Dry","Not Raining","Daylight","Right Angle",2,,,1325954.25,1663678.13
"2021-22064-19/09/2025","ANGLE VALE","CITY OF PLAYFORD.",3,2,0,1,1,2021,"October","Thursday","06:50 pm",60,"Sealed","Dry","Not Raining","Daylight","Head On",2,"Y",,1334236.77,1702146.35
"2021-22066-19/09/2025","LOCKLEYS","CITY OF WEST TORRENS",2,1,0,0,1,2021,"October","Thursday","05:20 pm",60,"Sealed","Dry","Not Raining","Daylight","Rear End",2,,,1322632.15,1671121.51
"2021-22072-19/09/2025","HAWTHORN","CC MITCHAM.",2,1,0,0,1,2021,"October","Friday","08:25 am",40,"Sealed","Dry","Not Raining","Daylight","Right Angle",1,,,1329000.16,1666042.72
"2021-22075-19/09/2025","KLEMZIG","CITY OF PORT ADELAIDE ENFIELD",3,1,0,0,1,2021,"October","Thursday","06:15 pm",60,"Sealed","Dry","Not Raining","Daylight","Rear End",2,,,1331575.99,1676164
"2021-22078-19/09/2025","PAYNEHAM","CC OF NORWOOD,PAYNEHAM & ST PETERS",2,1,0,0,1,2021,"October","Friday","09:30 am",60,"Sealed","Dry","Not Raining","Daylight","Hit Pedestrian",1,,,1332533.8,1673956.14
"2021-22080-19/09/2025","FULHAM GARDENS","CITY OF CHARLES STURT",2,1,0,0,1,2021,"October","Friday","10:04 am",50,"Sealed","Dry","Not Raining","Daylight","Side Swipe",1,,,1320596.83,1672374.57
"2021-22082-19/09/2025","DRY CREEK","CITY OF PORT ADELAIDE ENFIELD",2,1,0,0,1,2021,"October","Friday","10:15 am",60,"Sealed","Dry","Not Raining","Daylight","Rear End",1,,,1327398.96,1680268.66
"2021-22083-19/09/2025","MURRAY BRIDGE SOUTH","RC MURRAY BRIDGE.",2,1,1,0,0,2021,"October","Friday","08:45 am",100,"Sealed","Dry","Not Raining","Daylight","Rear End",1,,,1387528.02,1642837.87
"2021-22084-19/09/2025","MARRYATVILLE","CC OF NORWOOD,PAYNEHAM & ST PETERS",2,2,0,0,2,2021,"October","Tuesday","02:42 pm",60,"Sealed","Dry","Not Raining","Daylight","Right Turn",2,,,1332280.78,1670410.05
"2021-22096-19/09/2025","MAWSON LAKES","CITY OF SALISBURY",3,1,0,0,1,2021,"October","Friday","01:40 pm",70,"Sealed","Dry","Not Raining","Daylight","Rear End",1,,,1329549.75,1684430.78
"2021-22099-19/09/2025","GLENELG EAST","CITY OF HOLDFAST BAY",2,1,0,0,1,2021,"October","Friday","12:20 pm",60,"Sealed","Dry","Not Raining","Daylight","Rear End",2,,,1322637.42,1665387.9
"2021-22100-19/09/2025","FINDON","CITY OF CHARLES STURT",2,2,0,0,2,2021,"October","Friday","04:17 pm",60,"Sealed","Dry","Not Raining","Daylight","Rear End",1,,,1322415.86,1673273.5
"2021-22102-19/09/2025","MORPHETT VALE","CITY OF ONKAPARINGA",2,2,0,1,1,2021,"October","Friday","03:54 pm",80,"Sealed","Dry","Not Raining","Daylight","Right Turn",2,,,1323067.15,1650493.84
"2021-22106-19/09/2025","ADELAIDE","CITY OF ADELAIDE",2,1,0,0,1,2021,"October","Friday","06:41 pm",50,"Sealed","Dry","Not Raining","Daylight","Hit Pedestrian",2,,,1327800.25,1670168.52
"2021-22111-19/09/2025","WILLUNGA HILL","ALEXANDRINA COUNCIL",2,1,0,0,1,2021,"October","Friday","06:10 pm",100,"Sealed","Dry","Unknown","Daylight","Right Angle",2,,,1325443.37,1629605.5
"2021-22113-19/09/2025","MOUNT GAMBIER","CC MT.GAMBIER.",2,1,0,0,1,2021,"October","Friday","10:12 pm",50,"Sealed","Dry","Not Raining","Night","Hit Fixed Object",1,,,1511969.28,1340072.2
"2021-22125-19/09/2025","HINDMARSH","CITY OF CHARLES STURT",3,2,0,2,0,2021,"October","Saturday","12:36 pm",60,"Sealed","Dry","Not Raining","Daylight","Rear End",1,,,1325802.81,1673244.8
"2021-22126-19/09/2025","KENSINGTON GARDENS","CITY OF BURNSIDE",2,1,0,1,0,2021,"October","Saturday","09:50 am",60,"Sealed","Dry","Not Raining","Daylight","Hit Pedestrian",2,,,1334643.27,1671142.13
"2021-22128-19/09/2025","HORSNELL GULLY","THE ADELAIDE HILLS COUNCIL",2,1,1,0,0,2021,"October","Saturday","11:44 am",60,"Sealed","Dry","Not Raining","Daylight","Hit Fixed Object",1,,,1337833.28,1670820.76
"2021-22134-19/09/2025","WEST BEACH","CITY OF WEST TORRENS",4,1,0,0,1,2021,"October","Friday","04:52 pm",80,"Sealed","Dry","Not Raining","Daylight","Rear End",1,,,1320937.44,1668121.15
"2021-22136-19/09/2025","WINGFIELD","CITY OF PORT ADELAIDE ENFIELD",3,1,0,0,1,2021,"October","Saturday","03:57 pm",90,"Sealed","Dry","Not Raining","Daylight","Hit Fixed Object",1,,,1325536.04,1679186.83
"2021-22142-19/09/2025","TAILEM BEND","COORONG DISTRICT COUNCIL",3,1,0,1,0,2021,"October","Friday","10:40 pm",110,"Sealed","Dry","Not Raining","Night","Hit Fixed Object",1,,,1397152.6,1639053.87
"2021-22146-19/09/2025","MAWSON LAKES","CITY OF SALISBURY",2,1,0,0,1,2021,"October","Saturday","06:53 pm",50,"Sealed","Dry","Not Raining","Daylight","Right Angle",1,,,1330489.89,1683822.36
"2021-22155-19/09/2025","CAREW","DC TATIARA.",2,1,0,1,0,2021,"October","Sunday","01:30 am",100,"Sealed","Dry","Not Raining","Night","Hit Fixed Object",1,"Y",,1496919.39,1509965.31
"2021-22157-19/09/2025","HIGHBURY","CITY OF TEA TREE GULLY",2,2,0,0,2,2021,"October","Sunday","01:55 am",80,"Sealed","Wet","Raining","Night","Hit Fixed Object",1,,,1340796.12,1679419.5
"2021-22158-19/09/2025","ELIZABETH DOWNS","CITY OF PLAYFORD.",4,1,0,1,0,2021,"October","Sunday","02:27 am",50,"Sealed","Dry","Not Raining","Night","Hit Parked Vehicle",1,"Y",,1338228.13,1694870.51
"2021-22166-19/09/2025","GRANGE","CITY OF CHARLES STURT",1,1,0,1,0,2021,"October","Sunday","09:10 am",25,"Sealed","Dry","Not Raining","Daylight","Roll Over",1,,,1318678.38,1674472.57
"2021-22168-19/09/2025","SUMMERTOWN","THE ADELAIDE HILLS COUNCIL",3,1,0,1,0,2021,"October","Sunday","11:10 am",80,"Sealed","Dry","Not Raining","Daylight","Rear End",1,,"Y",1339203.79,1666938.92
"2021-22171-19/09/2025","HOVE","CITY OF HOLDFAST BAY",2,1,0,0,1,2021,"October","Sunday","12:00 pm",50,"Sealed","Dry","Not Raining","Daylight","Right Angle",1,,,1320781.55,1661533.45
"2021-22173-19/09/2025","SADDLEWORTH","CLARE AND GILBERT VALLEYS DISTRICT COUNCIL",1,1,0,1,0,2021,"October","Sunday","10:40 am",100,"Sealed","Dry","Not Raining","Daylight","Left Road - Out of Control",1,,,1345367.86,1765349.32
"2021-22174-19/09/2025","HOPE VALLEY","CITY OF TEA TREE GULLY",2,1,0,0,1,2021,"October","Sunday","04:50 pm",60,"Sealed","Dry","Not Raining","Daylight","Rear End",2,,,1337020.96,1677952.45
"2021-22176-19/09/2025","BRUKUNGA","DC MT.BARKER.",2,1,0,0,1,2021,"October","Sunday","04:32 pm",100,"Unsealed","Dry","Not Raining","Daylight","Hit Fixed Object",1,,,1363910.38,1659119.73
"2021-22178-19/09/2025","KERSBROOK","THE ADELAIDE HILLS COUNCIL",1,1,0,1,0,2021,"October","Sunday","05:00 pm",100,"Sealed","Dry","Not Raining","Daylight","Roll Over",1,,,1351271.8,1694874.26
"2021-22179-19/09/2025","URAIDLA","THE ADELAIDE HILLS COUNCIL",2,1,0,1,0,2021,"October","Sunday","07:40 pm",80,"Sealed","Dry","Not Raining","Night","Hit Fixed Object",1,"Y",,1341034.29,1665379.91
"2021-22195-19/09/2025","WEST BEACH","CITY OF CHARLES STURT",2,1,0,0,1,2021,"October","Monday","12:15 pm",60,"Sealed","Dry","Not Raining","Daylight","Hit Fixed Object",1,,,1319503.5,1669661.43
"2021-22198-19/09/2025","OAKLANDS PARK","CC MARION.",2,1,0,0,1,2021,"October","Monday","01:00 pm",50,"Sealed","Dry","Not Raining","Daylight","Right Angle",1,,,1323444.78,1661479
"2021-22199-19/09/2025","LEASINGHAM","CLARE AND GILBERT VALLEYS DISTRICT COUNCIL",2,1,0,0,1,2021,"October","Monday","09:10 am",80,"Sealed","Dry","Not Raining","Daylight","Head On",1,,"Y",1336777.41,1774637.24
"2021-22200-19/09/2025","SELLICKS HILL","CITY OF ONKAPARINGA",2,1,0,0,1,2021,"October","Monday","01:42 pm",90,"Sealed","Dry","Not Raining","Daylight","Hit Fixed Object",1,,,1315598.4,1627876.24
"2021-22201-19/09/2025","GAWLER SOUTH","CT GAWLER.",1,1,0,1,0,2021,"October","Monday","01:55 pm",50,"Sealed","Dry","Not Raining","Daylight","Roll Over",1,,,1342899.95,1705735.22
"2021-22202-19/09/2025","BLAIR ATHOL","CITY OF PORT ADELAIDE ENFIELD",2,2,0,0,2,2021,"October","Monday","11:47 am",50,"Sealed","Dry","Not Raining","Daylight","Rear End",2,,,1328038.1,1677608.73
"2021-22208-19/09/2025","UNDERDALE","CITY OF WEST TORRENS",2,1,0,1,0,2021,"October","Monday","03:05 pm",50,"Sealed","Dry","Not Raining","Daylight","Head On",1,,,1323917.46,1671494.05
"2021-22211-19/09/2025","SALISBURY DOWNS","CITY OF SALISBURY",7,2,0,0,2,2021,"October","Monday","04:55 pm",60,"Sealed","Dry","Not Raining","Daylight","Rear End",1,,,1331514.37,1686780.8
"2021-22213-19/09/2025","NORWOOD","CC OF NORWOOD,PAYNEHAM & ST PETERS",2,1,0,0,1,2021,"October","Monday","04:15 pm",50,"Sealed","Dry","Not Raining","Daylight","Hit Parked Vehicle",1,,,1331442.62,1671368.4
"2021-22216-19/09/2025","RENOWN PARK","CITY OF CHARLES STURT",2,1,0,0,1,2021,"October","Monday","06:49 pm",40,"Sealed","Dry","Not Raining","Daylight","Hit Parked Vehicle",1,,"Y",1326840.1,1674394.09
"2021-22217-19/09/2025","NORWOOD","CC OF NORWOOD,PAYNEHAM & ST PETERS",2,1,0,0,1,2021,"October","Friday","09:20 am",60,"Sealed","Dry","Not Raining","Daylight","Rear End",2,,,1331460.58,1670389.39
"2021-22220-19/09/2025","SEATON","CITY OF CHARLES STURT",4,1,1,0,0,2021,"October","Monday","06:58 pm",60,"Sealed","Dry","Not Raining","Daylight","Hit Fixed Object",1,,,1320756.03,1674563.14
"2021-22223-19/09/2025","HALLETT","REGIONAL COUNCIL OF GOYDER",2,2,0,2,0,2021,"October","Tuesday","02:43 am",60,"Sealed","Dry","Not Raining","Night","Hit Parked Vehicle",1,,,1360131.95,1841595.26
"2021-22226-19/09/2025","HECTORVILLE","CC CAMPBELLTOWN.",2,1,0,0,1,2021,"October","Tuesday","09:22 am",50,"Sealed","Dry","Not Raining","Daylight","Right Angle",1,,,1335020.76,1674070.44
"2021-22230-19/09/2025","COLONEL LIGHT GARDENS","CC MITCHAM.",3,1,0,0,1,2021,"October","Tuesday","11:15 am",60,"Sealed","Dry","Not Raining","Daylight","Right Angle",1,,,1327565.43,1664581.2
"2021-22234-19/09/2025","KENSINGTON GARDENS","CITY OF BURNSIDE",2,1,0,0,1,2021,"October","Monday","02:30 pm",60,"Sealed","Dry","Not Raining","Daylight","Right Angle",2,,,1334014.56,1671808.94
"2021-22235-19/09/2025","MOUNT GAMBIER","CC MT.GAMBIER.",2,1,0,0,1,2021,"October","Monday","05:00 pm",50,"Sealed","Dry","Not Raining","Daylight","Right Angle",2,,,1507844.47,1341252.19
"2021-22243-19/09/2025","MEADOWS","DC MT.BARKER.",2,1,0,0,1,2021,"October","Tuesday","11:00 am",50,"Sealed","Dry","Not Raining","Daylight","Right Angle",1,,,1341748.39,1641780.69
"2021-22245-19/09/2025","PARAFIELD GARDENS","CITY OF SALISBURY",2,1,0,0,1,2021,"October","Tuesday","07:20 am",50,"Sealed","Dry","Not Raining","Daylight","Right Angle",2,,,1330056.75,1687808.57
"2021-22248-19/09/2025","HILTON","CITY OF WEST TORRENS",2,1,0,0,1,2021,"October","Tuesday","08:30 am",60,"Sealed","Dry","Not Raining","Daylight","Right Turn",1,,,1325158.67,1670075.2
"2021-22249-19/09/2025","EASTWOOD","CITY OF BURNSIDE",2,1,0,0,1,2021,"October","Tuesday","02:10 pm",60,"Sealed","Dry","Not Raining","Daylight","Right Angle",1,,,1330696.83,1668482.82
"2021-22251-19/09/2025","GAWLER SOUTH","CT GAWLER.",2,1,0,0,1,2021,"August","Saturday","12:00 pm",50,"Sealed","Dry","Not Raining","Daylight","Rear End",2,,,1342781.13,1705387.44
"2021-22260-19/09/2025","STEPNEY","CC OF NORWOOD,PAYNEHAM & ST PETERS",2,1,0,1,0,2021,"October","Tuesday","05:35 pm",40,"Sealed","Dry","Not Raining","Daylight","Hit Pedestrian",2,,,1331511.22,1672236.69
"2021-22266-19/09/2025","CLARENDON","CITY OF ONKAPARINGA",1,1,0,0,1,2021,"October","Tuesday","06:35 pm",80,"Sealed","Dry","Not Raining","Daylight","Roll Over",1,,,1331286.23,1649101.49
"2021-22271-19/09/2025","MORPHETT VALE","CITY OF ONKAPARINGA",2,1,0,0,1,2021,"October","Wednesday","06:47 am",60,"Sealed","Dry","Not Raining","Daylight","Right Angle",1,,,1319615.41,1649824.47
"2021-22273-19/09/2025","PARAFIELD GARDENS","CITY OF SALISBURY",2,1,0,0,1,2021,"October","Sunday","02:26 pm",60,"Sealed","Dry","Not Raining","Daylight","Head On",1,,,1330106.3,1687877.1
"2021-22278-19/09/2025","MCLAREN VALE","CITY OF ONKAPARINGA",2,2,0,1,1,2021,"October","Wednesday","08:20 am",80,"Sealed","Dry","Not Raining","Daylight","Head On",1,,,1318790.75,1641147.39
"2021-22279-19/09/2025","REGENCY PARK","CITY OF PORT ADELAIDE ENFIELD",3,1,0,0,1,2021,"October","Sunday","03:30 pm",60,"Sealed","Dry","Not Raining","Daylight","Rear End",2,,,1326449.2,1676384.02
"2021-22285-19/09/2025","PENNINGTON","CITY OF CHARLES STURT",2,1,0,0,1,2021,"October","Friday","04:30 pm",50,"Sealed","Dry","Not Raining","Daylight","Hit Pedestrian",1,,,1322671.9,1678723.26
"2021-22287-19/09/2025","NETLEY","CITY OF WEST TORRENS",2,1,0,0,1,2021,"October","Wednesday","11:56 am",60,"Sealed","Wet","Raining","Daylight","Right Turn",2,,,1324181.88,1668334.18
"2021-22288-19/09/2025","KIDMAN PARK","CITY OF CHARLES STURT",3,4,0,1,3,2021,"October","Wednesday","11:45 am",60,"Sealed","Wet","Raining","Daylight","Rear End",1,,,1322419.52,1673125.07
"2021-22291-19/09/2025","LEAWOOD GARDENS","CITY OF BURNSIDE",2,1,0,1,0,2021,"October","Monday","08:15 pm",90,"Sealed","Dry","Not Raining","Night","Hit Fixed Object",1,,"Y",1334938.51,1665710.68
"2021-22294-19/09/2025","LOWER LIGHT","DC MALLALA.",2,1,0,1,0,2021,"October","Wednesday","01:20 pm",110,"Sealed","Dry","Not Raining","Daylight","Hit Fixed Object",1,,"Y",1318465.63,1710889.17
"2021-22303-19/09/2025","KIELPA","DC CLEVE.",1,1,1,0,0,2021,"October","Wednesday","06:00 pm",100,"Sealed","Dry","Not Raining","Daylight","Roll Over",1,"Y",,1114749.65,1821192.72
"2021-22310-19/09/2025","SEAFORD MEADOWS","CITY OF ONKAPARINGA",2,1,0,0,1,2021,"October","Thursday","06:47 am",60,"Sealed","Wet","Raining","Daylight","Right Turn",1,,,1318091.98,1642826.26
"2021-22313-19/09/2025","NORWOOD","CC OF NORWOOD,PAYNEHAM & ST PETERS",2,1,0,0,1,2021,"October","Wednesday","05:00 pm",50,"Sealed","Dry","Not Raining","Daylight","Side Swipe",1,,,1332053.13,1671082.87
"2021-22315-19/09/2025","KESWICK TERMINAL","CITY OF WEST TORRENS",5,1,0,0,1,2021,"October","Thursday","08:15 am",60,"Sealed","Wet","Not Raining","Daylight","Right Angle",2,,,1326201.4,1670110.18
"2021-22320-19/09/2025","THEBARTON","CITY OF WEST TORRENS",3,1,0,0,1,2021,"October","Wednesday","03:30 pm",60,"Sealed","Dry","Not Raining","Daylight","Rear End",2,,,1326578.61,1671464.01
"2021-22321-19/09/2025","VIRGINIA","CITY OF PLAYFORD.",1,1,0,0,1,2021,"October","Thursday","10:15 am",80,"Sealed","Wet","Raining","Daylight","Left Road - Out of Control",1,,,1326989.45,1698669.71
"2021-22326-19/09/2025","MORPHETT VALE","CITY OF ONKAPARINGA",2,1,0,0,1,2021,"October","Thursday","11:46 am",60,"Sealed","Dry","Not Raining","Daylight","Right Angle",2,,,1321386.67,1651035.35
"2021-22327-19/09/2025","STURT","CC MARION.",2,1,0,0,1,2021,"October","Friday","12:00 pm",70,"Sealed","Dry","Not Raining","Daylight","Rear End",1,,,1324265.12,1659441.67
"2021-22328-19/09/2025","WINGFIELD","CITY OF PORT ADELAIDE ENFIELD",2,1,0,0,1,2021,"October","Thursday","10:30 am",60,"Sealed","Wet","Raining","Daylight","Rear End",2,,,1325562.16,1679187.23
"2021-22329-19/09/2025","REID","LIGHT REGIONAL COUNCIL",2,1,0,0,1,2021,"October","Thursday","12:30 pm",110,"Sealed","Wet","Raining","Daylight","Hit Parked Vehicle",2,,,1341377.17,1706423.69
"2021-22331-19/09/2025","HILLCREST","CITY OF PORT ADELAIDE ENFIELD",2,1,0,0,1,2021,"October","Thursday","01:15 pm",50,"Sealed","Dry","Not Raining","Daylight","Side Swipe",2,,,1333690.51,1678096.45
"2021-22333-19/09/2025","OAKLANDS PARK","CC MARION.",2,1,0,0,1,2021,"October","Thursday","03:10 pm",60,"Sealed","Dry","Not Raining","Daylight","Hit Pedestrian",2,,,1323362.05,1660863.34
"2021-22334-19/09/2025","MAGILL","CC CAMPBELLTOWN.",2,1,0,0,1,2021,"October","Thursday","12:15 pm",60,"Sealed","Wet","Not Raining","Daylight","Right Angle",1,,,1335459.03,1672690.81
"2021-22336-19/09/2025","BRIGHTON","CITY OF HOLDFAST BAY",3,2,0,1,1,2021,"October","Thursday","03:10 pm",50,"Sealed","Dry","Not Raining","Daylight","Hit Parked Vehicle",1,,,1320365.17,1660826.76
"2021-22338-19/09/2025","ST AGNES","CITY OF TEA TREE GULLY",2,1,0,0,1,2021,"October","Tuesday","04:30 pm",60,"Sealed","Dry","Not Raining","Daylight","Rear End",2,,,1338584.03,1681287.55
"2021-22339-19/09/2025","MEDINDIE","WALKERVILLE TOWN COUNCIL",2,2,0,0,2,2021,"October","Thursday","03:15 pm",60,"Sealed","Dry","Not Raining","Daylight","Rear End",2,,,1329427.86,1673315.25
"2021-22343-19/09/2025","WHYALLA NORRIE","CC WHYALLA.",2,1,0,0,1,2021,"October","Thursday","04:20 pm",50,"Sealed","Dry","Not Raining","Daylight","Hit Fixed Object",1,,,1236612.68,1883775.29
"2021-22347-19/09/2025","ADELAIDE","CITY OF ADELAIDE",3,1,0,0,1,2021,"October","Thursday","05:15 pm",50,"Sealed","Dry","Not Raining","Daylight","Side Swipe",2,,,1329025.12,1670677.65
"2021-22351-19/09/2025","FLAGSTAFF HILL","CITY OF ONKAPARINGA",2,1,0,0,1,2021,"October","Thursday","07:40 am",70,"Sealed","Wet","Raining","Daylight","Rear End",2,,,1325322.48,1657873.2
"2021-22358-19/09/2025","VICTOR HARBOR","DC VICTOR HARBOR.",2,1,0,0,1,2021,"October","Wednesday","09:55 am",50,"Sealed","Dry","Not Raining","Daylight","Hit Pedestrian",2,,,1328152.91,1601007.3
"2021-22359-19/09/2025","PETERBOROUGH","DC OF PETERBOROUGH",1,1,0,1,0,2021,"October","Thursday","08:15 pm",60,"Sealed","Dry","Unknown","Night","Roll Over",1,,,1356306.69,1885818.54
"2021-22361-19/09/2025","URRBRAE","CC MITCHAM.",2,2,0,0,2,2021,"October","Friday","07:15 am",60,"Sealed","Wet","Not Raining","Daylight","Right Angle",2,,,1331592.03,1666315.48
"2021-22364-19/09/2025","PARALOWIE","CITY OF SALISBURY",2,1,0,0,1,2021,"October","Friday","08:35 am",25,"Sealed","Dry","Not Raining","Daylight","Right Angle",2,,,1330770.31,1689719.12
"2021-22372-19/09/2025","BEULAH PARK","CITY OF BURNSIDE",2,1,0,1,0,2021,"October","Friday","08:30 am",60,"Sealed","Dry","Not Raining","Daylight","Side Swipe",1,,,1332595.67,1671771.8
"2021-22373-19/09/2025","PANORAMA","CC MITCHAM.",2,1,0,0,1,2021,"October","Friday","08:30 am",60,"Sealed","Dry","Not Raining","Daylight","Right Angle",2,,,1327580.8,1663430.02
"2021-22374-19/09/2025","MYPOLONGA","RC MURRAY BRIDGE.",2,2,0,0,2,2021,"October","Friday","08:02 am",100,"Sealed","Wet","Raining","Daylight","Hit Fixed Object",1,,,1391371.5,1653896.33
"2021-22375-19/09/2025","HAMILTON","LIGHT REGIONAL COUNCIL",1,1,0,0,1,2021,"October","Thursday","04:00 pm",80,"Unsealed","Dry","Not Raining","Daylight","Roll Over",1,,,1358959.05,1747831.35
"2021-22379-19/09/2025","REGENCY PARK","CITY OF PORT ADELAIDE ENFIELD",2,1,0,0,1,2021,"October","Friday","12:40 pm",50,"Sealed","Dry","Not Raining","Daylight","Right Angle",1,,,1326009.74,1678811.48
"2021-22383-19/09/2025","TAILEM BEND","COORONG DISTRICT COUNCIL",2,2,0,0,2,2021,"October","Friday","12:35 pm",80,"Sealed","Dry","Not Raining","Daylight","Side Swipe",2,,,1403889.93,1632793
"2021-22385-19/09/2025","MURRAY BRIDGE","RC MURRAY BRIDGE.",2,1,0,1,0,2021,"October","Friday","12:30 pm",50,"Sealed","Dry","Not Raining","Daylight","Right Angle",1,,,1388358.88,1647601.11
"2021-22386-19/09/2025","GLENELG NORTH","CITY OF HOLDFAST BAY",2,1,0,0,1,2021,"October","Friday","02:54 pm",60,"Sealed","Dry","Not Raining","Daylight","Rear End",1,,,1321003.72,1665305.11
"2021-22388-19/09/2025","ATHELSTONE","CC CAMPBELLTOWN.",2,1,0,0,1,2021,"October","Friday","03:20 pm",60,"Sealed","Dry","Not Raining","Daylight","Hit Parked Vehicle",1,,,1337760.38,1677019.98
"2021-22397-19/09/2025","CUDLEE CREEK","THE ADELAIDE HILLS COUNCIL",2,1,0,0,1,2021,"October","Friday","03:30 pm",60,"Sealed","Dry","Not Raining","Daylight","Head On",2,,,1349450.48,1679345.96
"2021-22399-19/09/2025","ANDREWS FARM","CITY OF PLAYFORD.",3,1,0,0,1,2021,"October","Friday","07:18 pm",60,"Sealed","Dry","Not Raining","Daylight","Hit Fixed Object",1,"Y",,1334954.39,1699300.26
"2021-22400-19/09/2025","CLEARVIEW","CITY OF PORT ADELAIDE ENFIELD",2,1,0,0,1,2021,"October","Friday","08:15 pm",25,"Sealed","Dry","Not Raining","Night","Rear End",1,,,1330401.19,1677967.89
"2021-22401-19/09/2025","DIREK","CITY OF SALISBURY",2,1,0,1,0,2021,"October","Friday","10:00 pm",80,"Sealed","Dry","Not Raining","Night","Hit Fixed Object",1,,,1329665.47,1693141.76
"2021-22404-19/09/2025","NORTH HAVEN","CITY OF PORT ADELAIDE ENFIELD",2,1,0,1,0,2021,"October","Friday","11:30 pm",60,"Sealed","Dry","Not Raining","Night","Head On",2,,,1318940.29,1686456.34
"2021-22405-19/09/2025","MALLALA","DC MALLALA.",2,1,0,1,0,2021,"October","Friday","11:40 pm",100,"Sealed","Dry","Not Raining","Night","Hit Fixed Object",1,"Y",,1320488.3,1727557.89
"2021-22409-19/09/2025","HACKNEY","CC OF NORWOOD,PAYNEHAM & ST PETERS",2,1,0,0,1,2021,"October","Saturday","09:23 am",60,"Sealed","Dry","Not Raining","Daylight","Rear End",2,,,1329902.14,1671311.39
"2021-22415-19/09/2025","WINDSOR GARDENS","CITY OF PORT ADELAIDE ENFIELD",4,2,0,0,2,2021,"October","Saturday","12:30 pm",60,"Sealed","Dry","Not Raining","Daylight","Rear End",1,,,1333146.23,1677507.06
"2021-22416-19/09/2025","ADELAIDE","CITY OF ADELAIDE",2,1,0,0,1,2021,"October","Saturday","12:50 pm",50,"Sealed","Dry","Not Raining","Daylight","Right Angle",2,,,1327928.7,1670388.38
"2021-22418-19/09/2025","HAPPY VALLEY","CITY OF ONKAPARINGA",2,1,0,0,1,2021,"October","Saturday","01:37 pm",50,"Sealed","Dry","Not Raining","Daylight","Side Swipe",2,,,1327028.17,1653179.61
"2021-22422-19/09/2025","ALBERT PARK","CITY OF CHARLES STURT",2,1,0,1,0,2021,"October","Saturday","04:17 pm",50,"Sealed","Dry","Not Raining","Daylight","Hit Parked Vehicle",1,"Y",,1321613.8,1676058.16