"REPORT_ID","Suburb","LGA Name","Total Units","Total Cas","Total Fats","Total SI","Total MI","Year","Month","Day","Time","Area Speed","Road Surface","Moisture Cond","Weather Cond","DayNight","Crash Type","Unit Resp","DUI Involved","Drugs Involved","ACCLOC_X","ACCLOC_Y"
"2021-22424-19/09/2025","WISANGER","KANGAROO ISLAND COUNCIL",2,1,0,0,1,2021,"October","Saturday","05:30 pm",100,"Unsealed","Dry","Not Raining","Daylight","Hit Fixed Object",1,,,1227614.1,1596099.21
"2021-22429-19/09/2025","NOARLUNGA CENTRE","CITY OF ONKAPARINGA",2,1,0,1,0,2021,"October","Saturday","06:55 pm",60,"Sealed","Dry","Not Raining","Daylight","Right Angle",1,,,1317362.94,1647424.75
"2021-22431-19/09/2025","ANDREWS FARM","CITY OF PLAYFORD.",2,1,0,1,0,2021,"October","Saturday","09:00 pm",60,"Sealed","Dry","Not Raining","Night","Right Angle",2,,,1335437.15,1699236.93
"2021-22432-19/09/2025","MORGAN","MID MURRAY DISTRICT COUNCIL",2,1,0,1,0,2021,"October","Saturday","07:20 pm",100,"Unsealed","Dry","Not Raining","Daylight","Hit Fixed Object",1,,,1427621.23,1754257.68
"2021-22433-19/09/2025","WEST BEACH","CITY OF WEST TORRENS",2,1,0,0,1,2021,"October","Saturday","09:04 pm",60,"Sealed","Dry","Not Raining","Night","Hit Fixed Object",1,,,1320532.07,1667354.81
"2021-22435-19/09/2025","NORTH ADELAIDE","CITY OF ADELAIDE",2,1,0,0,1,2021,"October","Sunday","12:33 am",50,"Sealed","Dry","Not Raining","Night","Hit Fixed Object",1,"Y",,1328424.82,1671914.3
"2021-22436-19/09/2025","ALDINGA BEACH","CITY OF ONKAPARINGA",2,1,0,1,0,2021,"October","Saturday","09:05 pm",50,"Sealed","Dry","Not Raining","Night","Hit Fixed Object",1,,,1312939.87,1632223.22
"2021-22439-19/09/2025","PARAFIELD GARDENS","CITY OF SALISBURY",2,1,0,1,0,2021,"October","Sunday","02:20 am",50,"Sealed","Dry","Not Raining","Night","Hit Pedestrian",2,,,1329961.67,1687284.97
"2021-22442-19/09/2025","GLENELG","CITY OF HOLDFAST BAY",1,1,0,0,1,2021,"October","Sunday","09:08 am",40,"Sealed","Dry","Not Raining","Daylight","Roll Over",1,,,1320859.65,1664895.86
"2021-22445-19/09/2025","MILLBROOK","THE ADELAIDE HILLS COUNCIL",2,2,0,1,1,2021,"October","Sunday","11:30 am",80,"Sealed","Dry","Not Raining","Daylight","Head On",2,,,1349067.85,1681518.6
"2021-22454-19/09/2025","KESWICK","CITY OF WEST TORRENS",2,2,0,0,2,2021,"October","Sunday","02:02 pm",60,"Sealed","Dry","Not Raining","Daylight","Right Turn",2,,,1325794.33,1668947.63
"2021-22455-19/09/2025","HAWTHORNDENE","CC MITCHAM.",2,2,0,0,2,2021,"October","Sunday","02:25 pm",50,"Sealed","Dry","Not Raining","Daylight","Right Angle",1,,,1330046.87,1659778.23
"2021-22459-19/09/2025","PORT ADELAIDE","CITY OF PORT ADELAIDE ENFIELD",2,1,0,1,0,2021,"October","Sunday","02:41 pm",60,"Sealed","Dry","Not Raining","Daylight","Hit Pedestrian",1,,,1320569.66,1680529.51
"2021-22461-19/09/2025","TORRENSVILLE","CITY OF WEST TORRENS",2,1,0,0,1,2021,"October","Saturday","02:00 pm",60,"Sealed","Dry","Not Raining","Daylight","Rear End",1,,,1325740.69,1670981.51
"2021-22464-19/09/2025","KURRALTA PARK","CITY OF WEST TORRENS",1,1,0,0,1,2021,"October","Friday","04:30 pm",50,"Sealed","Dry","Not Raining","Daylight","Roll Over",9,,"Y",1325334.06,1667565.07
"2021-22466-19/09/2025","ONE TREE HILL","CITY OF PLAYFORD.",1,1,0,0,1,2021,"October","Sunday","07:18 pm",50,"Sealed","Dry","Not Raining","Daylight","Other",1,,,1344467.8,1693070.44
"2021-22470-19/09/2025","KLEMZIG","CITY OF PORT ADELAIDE ENFIELD",2,1,0,0,1,2021,"November","Monday","08:00 am",60,"Sealed","Dry","Not Raining","Daylight","Rear End",2,,,1332121.1,1676620.76
"2021-22471-19/09/2025","SALISBURY DOWNS","CITY OF SALISBURY",2,1,0,0,1,2021,"November","Monday","08:41 am",60,"Sealed","Dry","Not Raining","Daylight","Right Angle",1,,,1331563.32,1686726.38
"2021-22472-19/09/2025","WINGFIELD","CITY OF PORT ADELAIDE ENFIELD",2,1,0,0,1,2021,"November","Monday","08:40 am",60,"Sealed","Dry","Not Raining","Daylight","Rear End",1,,,1325562.16,1679187.23
"2021-22475-19/09/2025","COLLINSWOOD","WALKERVILLE TOWN COUNCIL",3,1,0,0,1,2021,"October","Sunday","11:40 am",60,"Sealed","Dry","Not Raining","Daylight","Rear End",1,,,1330080.56,1674859.51
"2021-22476-19/09/2025","WARRADALE","CC MARION.",3,1,0,1,0,2021,"November","Monday","09:47 am",60,"Sealed","Dry","Not Raining","Daylight","Hit Fixed Object",1,,,1322192.9,1662469.41
"2021-22479-19/09/2025","ADELAIDE AIRPORT","CITY OF WEST TORRENS",2,1,0,0,1,2021,"October","Sunday","01:00 pm",40,"Sealed","Dry","Not Raining","Daylight","Rear End",2,,,1321021.76,1668333.84
"2021-22481-19/09/2025","FIRLE","CC OF NORWOOD,PAYNEHAM & ST PETERS",2,1,0,0,1,2021,"November","Monday","10:36 am",50,"Sealed","Dry","Not Raining","Daylight","Rear End",2,,,1333527.63,1672936.45
"2021-22482-19/09/2025","MOUNT BARKER SUMMIT","DC MT.BARKER.",2,1,0,0,1,2021,"November","Monday","11:55 am",80,"Unsealed","Dry","Not Raining","Daylight","Hit Fixed Object",1,,,1358370.63,1652234.76
"2021-22484-19/09/2025","MILE END","CITY OF WEST TORRENS",3,1,0,0,1,2021,"November","Monday","07:20 am",60,"Sealed","Dry","Not Raining","Daylight","Rear End",2,,,1325760.06,1670514.7
"2021-22486-19/09/2025","TONSLEY","CC MARION.",2,1,0,0,1,2021,"November","Monday","01:12 pm",60,"Sealed","Dry","Not Raining","Daylight","Side Swipe",2,,,1325976.71,1661711.57
"2021-22489-19/09/2025","TAILEM BEND","COORONG DISTRICT COUNCIL",2,1,0,0,1,2021,"November","Monday","02:10 pm",100,"Sealed","Dry","Not Raining","Daylight","Right Angle",2,,,1405321.48,1639251.6
"2021-22492-19/09/2025","ROYAL PARK","CITY OF CHARLES STURT",2,1,0,0,1,2021,"November","Monday","02:37 pm",60,"Sealed","Dry","Not Raining","Daylight","Right Turn",2,,,1320696.01,1677657.59
"2021-22494-19/09/2025","GLANDORE","CITY OF UNLEY",1,1,0,0,1,2021,"November","Monday","03:06 pm",60,"Sealed","Dry","Not Raining","Daylight","Roll Over",1,,,1325867.75,1666760.1
"2021-22502-19/09/2025","MOSQUITO HILL","ALEXANDRINA COUNCIL",3,2,0,2,0,2021,"November","Monday","07:20 pm",100,"Sealed","Dry","Not Raining","Daylight","Side Swipe",1,,,1334767.58,1616011.2
"2021-22505-19/09/2025","SALISBURY NORTH","CITY OF SALISBURY",2,3,0,0,3,2021,"November","Tuesday","08:36 am",50,"Sealed","Dry","Not Raining","Daylight","Side Swipe",1,,,1331544.66,1691258.07
"2021-22506-19/09/2025","OAKDEN","CITY OF PORT ADELAIDE ENFIELD",2,1,0,0,1,2021,"November","Tuesday","07:55 am",50,"Sealed","Dry","Not Raining","Daylight","Right Angle",1,,,1332044.89,1678084.03
"2021-22514-19/09/2025","LYNTON","CC MITCHAM.",2,1,0,0,1,2021,"November","Tuesday","11:11 am",60,"Sealed","Dry","Not Raining","Daylight","Hit Fixed Object",1,,"Y",1329196.45,1662511.46
"2021-22515-19/09/2025","PORT LINCOLN","CC PT.LINCOLN.",2,1,0,1,0,2021,"November","Tuesday","11:25 am",50,"Sealed","Dry","Not Raining","Daylight","Right Angle",2,,,1078043.26,1698861.28
"2021-22521-19/09/2025","KLEMZIG","CITY OF PORT ADELAIDE ENFIELD",2,1,0,0,1,2021,"November","Tuesday","02:40 pm",60,"Sealed","Dry","Not Raining","Daylight","Right Turn",1,,,1331712.34,1676185.74
"2021-22525-19/09/2025","SEACOMBE GARDENS","CC MARION.",2,1,0,0,1,2021,"November","Tuesday","04:13 pm",60,"Sealed","Dry","Not Raining","Daylight","Hit Pedestrian",2,,,1322977.39,1660640.14
"2021-22526-19/09/2025","REDHILL","PT.PIRIE CITY & DIST. COUNCIL",2,1,0,0,1,2021,"November","Tuesday","03:52 pm",40,"Sealed","Dry","Not Raining","Daylight","Rear End",1,,,1298750.76,1822045.45
"2021-22529-19/09/2025","ADELAIDE","CITY OF ADELAIDE",2,1,0,0,1,2021,"November","Tuesday","04:30 pm",50,"Sealed","Dry","Not Raining","Daylight","Side Swipe",1,,,1328460.3,1670828.21
"2021-22535-19/09/2025","ELIZABETH VALE","CITY OF PLAYFORD.",2,1,0,0,1,2021,"November","Tuesday","06:15 pm",60,"Sealed","Wet","Not Raining","Daylight","Rear End",1,,,1335254.54,1690056.88
"2021-22536-19/09/2025","O'HALLORAN HILL","CITY OF ONKAPARINGA",3,1,0,0,1,2021,"November","Tuesday","05:30 pm",80,"Sealed","Dry","Not Raining","Daylight","Right Turn",2,,,1324339.12,1657031.25
"2021-22537-19/09/2025","HILTON","CITY OF WEST TORRENS",2,1,0,1,0,2021,"November","Tuesday","05:20 pm",60,"Sealed","Dry","Not Raining","Daylight","Right Turn",1,,,1325664,1670084.64
"2021-22538-19/09/2025","KENSINGTON PARK","CITY OF BURNSIDE",2,1,0,0,1,2021,"November","Tuesday","06:20 pm",60,"Sealed","Dry","Not Raining","Daylight","Right Angle",2,,,1333860.85,1671749.42
"2021-22539-19/09/2025","NORTH ADELAIDE","CITY OF ADELAIDE",2,1,0,0,1,2021,"November","Tuesday","09:06 pm",50,"Sealed","Dry","Not Raining","Night","Right Turn",1,,,1328295.01,1672486.86
"2021-22544-19/09/2025","PROSPECT","CITY OF PROSPECT",2,1,0,0,1,2021,"November","Wednesday","09:20 am",50,"Sealed","Wet","Raining","Daylight","Hit Parked Vehicle",1,,,1328744.76,1676586.39
"2021-22545-19/09/2025","COLLEGE PARK","CC OF NORWOOD,PAYNEHAM & ST PETERS",2,2,0,0,2,2021,"November","Wednesday","09:32 am",60,"Sealed","Dry","Not Raining","Daylight","Right Angle",2,,"Y",1330456.53,1671635.28
"2021-22547-19/09/2025","TORRENSVILLE","CITY OF WEST TORRENS",2,1,0,0,1,2021,"November","Tuesday","05:15 pm",60,"Sealed","Dry","Not Raining","Daylight","Rear End",2,,,1325740.69,1670981.51
"2021-22550-19/09/2025","ELIZABETH","CITY OF PLAYFORD.",2,1,0,0,1,2021,"November","Wednesday","11:10 am",50,"Sealed","Wet","Not Raining","Daylight","Hit Pedestrian",2,,,1335375.8,1693165.69
"2021-22551-19/09/2025","PORT AUGUSTA","CC PT.AUGUSTA.",2,1,0,1,0,2021,"November","Wednesday","11:20 am",60,"Sealed","Dry","Not Raining","Daylight","Right Angle",1,,,1259874.73,1941801.48
"2021-22552-19/09/2025","SALISBURY","CITY OF SALISBURY",2,1,0,0,1,2021,"November","Monday","10:40 pm",60,"Sealed","Dry","Not Raining","Night","Rear End",2,,,1333274.03,1688346.12
"2021-22554-19/09/2025","INGLE FARM","CITY OF SALISBURY",4,2,0,0,2,2021,"November","Wednesday","01:45 pm",60,"Sealed","Dry","Not Raining","Daylight","Rear End",1,,,1332248.41,1681949.38
"2021-22555-19/09/2025","MAYLANDS","CC OF NORWOOD,PAYNEHAM & ST PETERS",4,4,0,0,4,2021,"November","Wednesday","01:40 pm",60,"Sealed","Dry","Not Raining","Daylight","Rear End",1,,,1332100.29,1671758.58
"2021-22556-19/09/2025","JAMESTOWN","NORTHERN AREAS DISTRICT COUNCIL",1,1,0,1,0,2021,"November","Wednesday","11:55 am",110,"Sealed","Dry","Not Raining","Daylight","Roll Over",1,,"Y",1337029.5,1871469.55
"2021-22557-19/09/2025","NOARLUNGA DOWNS","CITY OF ONKAPARINGA",2,1,0,0,1,2021,"November","Wednesday","03:10 pm",60,"Sealed","Dry","Not Raining","Daylight","Rear End",2,,,1317857.01,1646860.51
"2021-22559-19/09/2025","NEW PORT","CITY OF PORT ADELAIDE ENFIELD",2,1,0,0,1,2021,"November","Wednesday","03:35 pm",60,"Sealed","Dry","Not Raining","Daylight","Rear End",2,,,1319183.3,1679164.13
"2021-22560-19/09/2025","MUNNO PARA WEST","CITY OF PLAYFORD.",2,1,0,0,1,2021,"November","Wednesday","04:48 pm",60,"Sealed","Dry","Not Raining","Daylight","Right Angle",1,,,1335849.85,1700711.46
"2021-22562-19/09/2025","MCLAREN VALE","CITY OF ONKAPARINGA",3,1,0,0,1,2021,"November","Wednesday","03:14 pm",80,"Sealed","Dry","Not Raining","Daylight","Right Angle",2,,,1322960.76,1635999.19
"2021-22563-19/09/2025","TWO WELLS","DC MALLALA.",2,1,0,0,1,2021,"November","Wednesday","04:34 pm",110,"Sealed","Dry","Not Raining","Daylight","Right Angle",1,,,1322581.3,1704271.98
"2021-22564-19/09/2025","PARADISE","CC CAMPBELLTOWN.",2,1,0,0,1,2021,"November","Tuesday","05:25 pm",60,"Sealed","Dry","Not Raining","Daylight","Rear End",1,,,1334990.02,1676209.82
"2021-22567-19/09/2025","SEAFORD MEADOWS","CITY OF ONKAPARINGA",2,1,0,0,1,2021,"November","Wednesday","05:20 pm",60,"Sealed","Dry","Not Raining","Daylight","Rear End",2,,"Y",1318257.56,1643063.36
"2021-22568-19/09/2025","WILLIAMSTOWN","THE BAROSSA COUNCIL.",1,1,0,1,0,2021,"November","Wednesday","03:00 pm",100,"Sealed","Dry","Not Raining","Daylight","Roll Over",1,,,1352103.98,1697199.38
"2021-22569-19/09/2025","KILBURN","CITY OF PORT ADELAIDE ENFIELD",3,1,0,0,1,2021,"November","Wednesday","05:50 pm",60,"Sealed","Dry","Not Raining","Daylight","Rear End",1,,,1326885.11,1679179.09
"2021-22572-19/09/2025","GILLES PLAINS","CITY OF TEA TREE GULLY",2,1,0,0,1,2021,"November","Wednesday","05:30 am",50,"Sealed","Wet","Raining","Night","Hit Parked Vehicle",1,,,1334250.26,1679158.31
"2021-22582-19/09/2025","PARA HILLS","CITY OF SALISBURY",2,1,0,0,1,2021,"November","Thursday","07:35 am",50,"Sealed","Dry","Not Raining","Daylight","Hit Fixed Object",1,,,1334983.43,1683095.93
"2021-22583-19/09/2025","KENSINGTON","CC OF NORWOOD,PAYNEHAM & ST PETERS",2,1,0,0,1,2021,"November","Thursday","07:35 am",60,"Sealed","Dry","Not Raining","Daylight","Right Turn",1,,,1332757.46,1670428.66
"2021-22595-19/09/2025","FINDON","CITY OF CHARLES STURT",3,2,0,0,2,2021,"November","Thursday","10:12 am",60,"Sealed","Dry","Not Raining","Daylight","Right Angle",1,,,1322391.64,1674259.27
"2021-22596-19/09/2025","WOODVILLE SOUTH","CITY OF CHARLES STURT",2,1,0,0,1,2021,"November","Thursday","08:05 am",50,"Sealed","Dry","Not Raining","Daylight","Right Turn",2,,,1322631.3,1675700.38
"2021-22597-19/09/2025","PLYMPTON","CITY OF WEST TORRENS",2,1,0,0,1,2021,"November","Thursday","10:14 am",60,"Sealed","Dry","Not Raining","Daylight","Hit Fixed Object",1,,,1323709.09,1666196.06
"2021-22604-19/09/2025","WIGLEY FLAT","LOXTON WAIKERIE DISTRICT COUNCIL",2,1,0,0,1,2021,"November","Thursday","11:40 am",110,"Sealed","Dry","Not Raining","Daylight","Hit Fixed Object",1,,,1484594.4,1745958.24
"2021-22606-19/09/2025","CLARE","CLARE AND GILBERT VALLEYS DISTRICT COUNCIL",2,1,0,0,1,2021,"September","Monday","09:30 am",50,"Sealed","Dry","Not Raining","Daylight","Hit Parked Vehicle",2,,,1333605.59,1791672.04
"2021-22608-19/09/2025","PENFIELD GARDENS","CITY OF PLAYFORD.",2,1,0,1,0,2021,"November","Thursday","01:45 pm",100,"Sealed","Dry","Not Raining","Daylight","Right Angle",2,,"Y",1328822.38,1697635.36
"2021-22609-19/09/2025","OVERLAND CORNER","THE BERRI BARMERA COUNCIL",3,3,0,2,1,2021,"November","Thursday","02:05 pm",110,"Sealed","Dry","Not Raining","Daylight","Side Swipe",2,,,1500499.32,1745864.29
"2021-22610-19/09/2025","WHITWARTA","WAKEFIELD REGIONAL COUNCIL",1,1,0,0,1,2021,"November","Thursday","01:45 pm",100,"Unsealed","Dry","Not Raining","Daylight","Roll Over",1,,,1307355.99,1760927.51
"2021-22613-19/09/2025","ROCKY GULLY","RC MURRAY BRIDGE.",2,1,0,0,1,2021,"November","Thursday","03:36 pm",80,"Unsealed","Dry","Not Raining","Daylight","Roll Over",1,,,1385821.52,1648362.03
"2021-22617-19/09/2025","POORAKA","CITY OF SALISBURY",2,1,0,0,1,2021,"November","Thursday","04:40 pm",70,"Sealed","Dry","Not Raining","Daylight","Rear End",2,,,1330425.49,1681827.04
"2021-22622-19/09/2025","FREELING","LIGHT REGIONAL COUNCIL",1,1,0,0,1,2021,"November","Thursday","10:45 am",100,"Sealed","Dry","Not Raining","Daylight","Roll Over",1,,,1351694.64,1722143.03
"2021-22628-19/09/2025","PENFIELD GARDENS","CITY OF PLAYFORD.",3,1,0,0,1,2021,"November","Friday","06:53 am",80,"Sealed","Dry","Not Raining","Daylight","Side Swipe",1,,,1328945.63,1700236.7
"2021-22634-19/09/2025","MODBURY","CITY OF TEA TREE GULLY",2,1,0,0,1,2021,"November","Friday","09:55 am",60,"Sealed","Dry","Not Raining","Daylight","Side Swipe",2,,,1336234.83,1681196.71
"2021-22639-19/09/2025","PROSPECT","CITY OF PROSPECT",2,1,0,1,0,2021,"November","Friday","12:24 pm",40,"Sealed","Dry","Not Raining","Daylight","Hit Fixed Object",1,,,1328470.16,1675762.73
"2021-22641-19/09/2025","GLENELG SOUTH","CITY OF HOLDFAST BAY",2,1,0,0,1,2021,"November","Wednesday","07:00 pm",50,"Sealed","Dry","Not Raining","Daylight","Right Angle",2,,,1320398.15,1664002.19
"2021-22644-19/09/2025","WINDSOR GARDENS","CITY OF PORT ADELAIDE ENFIELD",2,1,0,0,1,2021,"November","Friday","01:40 pm",60,"Sealed","Dry","Not Raining","Daylight","Rear End",2,,,1333762.38,1678051.51
"2021-22645-19/09/2025","MOUNT GAMBIER","CC MT.GAMBIER.",2,1,0,0,1,2021,"November","Thursday","12:40 pm",50,"Sealed","Dry","Not Raining","Daylight","Hit Pedestrian",2,,,1510387.79,1340065.2
"2021-22650-19/09/2025","INGLE FARM","CITY OF SALISBURY",2,4,0,0,4,2021,"November","Friday","03:20 pm",50,"Sealed","Dry","Not Raining","Daylight","Hit Fixed Object",1,,,1333967.39,1681252.31
"2021-22652-19/09/2025","KURRALTA PARK","CITY OF WEST TORRENS",2,2,0,0,2,2021,"November","Friday","03:50 pm",60,"Sealed","Dry","Not Raining","Daylight","Right Turn",2,,,1325819.1,1668480.34
"2021-22655-19/09/2025","PARAFIELD","CITY OF SALISBURY",3,1,0,0,1,2021,"November","Friday","02:00 pm",70,"Sealed","Dry","Not Raining","Daylight","Rear End",1,,,1331812.14,1683486.03
"2021-22658-19/09/2025","MOUNT GAMBIER","CC MT.GAMBIER.",2,1,0,0,1,2021,"December","Friday","05:30 pm",60,"Sealed","Dry","Not Raining","Daylight","Side Swipe",1,,,1512076.61,1339289.76
"2021-22661-19/09/2025","KILBURN","CITY OF PORT ADELAIDE ENFIELD",1,1,0,0,1,2021,"November","Friday","06:05 pm",50,"Sealed","Dry","Not Raining","Daylight","Roll Over",1,,,1327776.03,1678519.55
"2021-22664-19/09/2025","SALISBURY DOWNS","CITY OF SALISBURY",2,1,0,0,1,2021,"November","Friday","04:30 pm",20,"Sealed","Dry","Not Raining","Daylight","Right Angle",1,,,1331518.78,1688128.37
"2021-22666-19/09/2025","SNOWTOWN","WAKEFIELD REGIONAL COUNCIL",2,1,0,0,1,2021,"November","Monday","08:00 am",110,"Sealed","Dry","Not Raining","Daylight","Hit Fixed Object",1,,,1297034.08,1805887.63
"2021-22668-19/09/2025","FELIXSTOW","CC OF NORWOOD,PAYNEHAM & ST PETERS",3,1,0,1,0,2021,"November","Friday","05:54 pm",50,"Sealed","Dry","Not Raining","Daylight","Side Swipe",1,,,1332928.32,1674881.77
"2021-22669-19/09/2025","NOARLUNGA DOWNS","CITY OF ONKAPARINGA",2,1,0,0,1,2021,"November","Friday","08:30 pm",50,"Sealed","Dry","Not Raining","Night","Hit Pedestrian",2,,,1318637.26,1646106.08
"2021-22670-19/09/2025","MACGILLIVRAY","KANGAROO ISLAND COUNCIL",2,1,0,0,1,2021,"November","Friday","06:57 pm",100,"Sealed","Dry","Not Raining","Daylight","Hit Fixed Object",1,,,1228577.81,1575282.05
"2021-22672-19/09/2025","ELIZABETH PARK","CITY OF PLAYFORD.",2,1,0,0,1,2021,"November","Saturday","07:21 am",60,"Sealed","Dry","Not Raining","Daylight","Hit Fixed Object",1,,,1338307.74,1694516.46
"2021-22673-19/09/2025","NOARLUNGA CENTRE","CITY OF ONKAPARINGA",2,1,0,0,1,2021,"November","Saturday","07:40 am",60,"Sealed","Dry","Not Raining","Daylight","Right Turn",2,,,1317352.73,1647421.53
"2021-22677-19/09/2025","ADELAIDE","CITY OF ADELAIDE",1,1,0,1,0,2021,"November","Saturday","10:00 am",60,"Sealed","Dry","Not Raining","Daylight","Roll Over",1,,,1327901.33,1670963.7
"2021-22679-19/09/2025","OAKLANDS PARK","CC MARION.",2,1,0,0,1,2021,"November","Saturday","10:57 am",60,"Sealed","Dry","Not Raining","Daylight","Right Angle",1,,,1323283.19,1663110.47
"2021-22680-19/09/2025","MOUNT BARKER","DC MT.BARKER.",2,1,0,0,1,2021,"November","Friday","03:50 pm",60,"Sealed","Dry","Not Raining","Daylight","Rear End",2,,,1351397.72,1654049.3
"2021-22686-19/09/2025","NORTH ADELAIDE","CITY OF ADELAIDE",2,2,0,0,2,2021,"November","Friday","11:30 pm",50,"Sealed","Dry","Not Raining","Night","Right Angle",2,,,1328660.53,1672322.4
"2021-22688-19/09/2025","KESWICK","CITY OF WEST TORRENS",2,1,0,0,1,2021,"November","Saturday","02:22 pm",50,"Sealed","Dry","Not Raining","Daylight","Right Angle",2,,,1326341.39,1668494.49
"2021-22695-19/09/2025","GEPPS CROSS","CITY OF PORT ADELAIDE ENFIELD",2,1,0,0,1,2021,"November","Saturday","05:55 pm",60,"Sealed","Dry","Not Raining","Daylight","Rear End",2,,,1328808.92,1679265.78
"2021-22696-19/09/2025","MIRANDA","CC PT.AUGUSTA.",2,1,0,1,0,2021,"November","Saturday","07:00 pm",110,"Sealed","Wet","Raining","Daylight","Hit Fixed Object",1,"Y","Y",1276253.39,1909171.78
"2021-22697-19/09/2025","SEAFORD RISE","CITY OF ONKAPARINGA",2,2,0,0,2,2021,"November","Saturday","08:19 pm",70,"Sealed","Dry","Not Raining","Night","Right Turn",2,,,1316386.82,1641371.18
"2021-22702-19/09/2025","MARINO","CC MARION.",2,1,0,0,1,2021,"November","Sunday","09:08 am",50,"Sealed","Dry","Not Raining","Daylight","Right Angle",1,,,1320617.61,1657680.82
"2021-22703-19/09/2025","BOOLEROO CENTRE","DC MT.REMARKABLE.",2,1,0,0,1,2021,"October","Saturday","03:04 pm",100,"Unsealed","Dry","Not Raining","Daylight","Hit Fixed Object",1,,,1313438.1,1902390.77
"2021-22704-19/09/2025","LOWER INMAN VALLEY","DC VICTOR HARBOR.",1,1,0,0,1,2021,"November","Sunday","09:58 am",100,"Sealed","Dry","Not Raining","Daylight","Roll Over",1,,,1325334.03,1604264.56
"2021-22705-19/09/2025","ADELAIDE","CITY OF ADELAIDE",2,1,0,0,1,2021,"November","Saturday","10:00 pm",60,"Sealed","Dry","Not Raining","Night","Rear End",2,,,1327367.65,1671000.56
"2021-22713-19/09/2025","GEPPS CROSS","CITY OF PORT ADELAIDE ENFIELD",2,1,0,0,1,2021,"November","Sunday","02:18 pm",60,"Sealed","Dry","Not Raining","Daylight","Side Swipe",2,,,1330377.17,1679315.41
"2021-22714-19/09/2025","WYNN VALE","CITY OF TEA TREE GULLY",2,2,0,0,2,2021,"November","Sunday","05:00 pm",70,"Sealed","Dry","Not Raining","Daylight","Right Angle",2,,,1336316.01,1683630.76
"2021-22716-19/09/2025","SANDERSTON","MID MURRAY DISTRICT COUNCIL",2,1,0,1,0,2021,"November","Sunday","04:30 pm",100,"Sealed","Dry","Not Raining","Daylight","Hit Fixed Object",1,,,1383412.44,1687229.23
"2021-22720-19/09/2025","TWO WELLS","DC MALLALA.",2,1,0,0,1,2021,"November","Monday","12:55 am",80,"Sealed","Dry","Not Raining","Night","Hit Fixed Object",1,,,1325112.89,1704114.33
"2021-22722-19/09/2025","WELLAND","CITY OF CHARLES STURT",1,1,0,1,0,2021,"November","Monday","07:36 am",60,"Sealed","Dry","Not Raining","Daylight","Roll Over",1,,,1324796.27,1674051.07
"2021-22726-19/09/2025","CHRISTIE DOWNS","CITY OF ONKAPARINGA",2,1,0,0,1,2021,"November","Saturday","12:00 pm",50,"Sealed","Dry","Not Raining","Daylight","Hit Parked Vehicle",1,,,1317539.96,1647870.99
"2021-22731-19/09/2025","WARRADALE","CC MARION.",2,1,0,0,1,2021,"November","Monday","11:44 am",60,"Sealed","Dry","Not Raining","Daylight","Right Angle",1,,,1322720.14,1662474.36
"2021-22741-19/09/2025","VIRGINIA","CITY OF PLAYFORD.",2,1,0,1,0,2021,"November","Monday","01:59 pm",90,"Sealed","Dry","Not Raining","Daylight","Right Angle",1,,,1326421.71,1696569.21
"2021-22744-19/09/2025","MACGILLIVRAY","KANGAROO ISLAND COUNCIL",2,2,1,1,0,2021,"November","Monday","02:10 pm",110,"Sealed","Dry","Not Raining","Daylight","Hit Fixed Object",1,,,1219897.77,1572480.67
"2021-22748-19/09/2025","WINGFIELD","CITY OF PORT ADELAIDE ENFIELD",3,1,0,0,1,2021,"November","Monday","05:30 pm",60,"Sealed","Dry","Not Raining","Daylight","Rear End",1,,,1324323.58,1679172.9
"2021-22751-19/09/2025","ST MARYS","CC MARION.",2,1,0,0,1,2021,"November","Monday","03:40 pm",60,"Sealed","Dry","Not Raining","Daylight","Rear End",2,,,1325956.93,1663266.27
"2021-22756-19/09/2025","BEULAH PARK","CITY OF BURNSIDE",2,1,0,0,1,2021,"November","Tuesday","07:20 am",50,"Sealed","Dry","Not Raining","Daylight","Right Turn",1,,,1332402.85,1671426.55
"2021-22758-19/09/2025","URRBRAE","CC MITCHAM.",4,2,0,0,2,2021,"November","Tuesday","09:15 am",60,"Sealed","Dry","Not Raining","Daylight","Right Turn",2,,,1330785.59,1665600.33
"2021-22759-19/09/2025","BRAHMA LODGE","CITY OF SALISBURY",2,1,0,0,1,2021,"November","Tuesday","08:10 am",50,"Sealed","Dry","Not Raining","Daylight","Right Angle",2,,,1333736.1,1686492.71
"2021-22763-19/09/2025","FELIXSTOW","CC OF NORWOOD,PAYNEHAM & ST PETERS",2,2,0,0,2,2021,"November","Tuesday","11:10 am",60,"Sealed","Dry","Not Raining","Daylight","Right Angle",1,,,1332333.32,1674280.97
"2021-22764-19/09/2025","TWO WELLS","DC MALLALA.",2,1,0,0,1,2021,"November","Tuesday","11:35 am",80,"Sealed","Dry","Not Raining","Daylight","Right Angle",1,,,1323569.14,1705342.84
"2021-22767-19/09/2025","BALHANNAH","THE ADELAIDE HILLS COUNCIL",1,1,0,0,1,2021,"November","Saturday","06:00 pm",60,"Sealed","Wet","Raining","Daylight","Roll Over",1,,,1348778.25,1660702.39