"REPORT_ID","Suburb","LGA Name","Total Units","Total Cas","Total Fats","Total SI","Total MI","Year","Month","Day","Time","Area Speed","Road Surface","Moisture Cond","Weather Cond","DayNight","Crash Type","Unit Resp","DUI Involved","Drugs Involved","ACCLOC_X","ACCLOC_Y"
"2021-22769-19/09/2025","MCLAREN VALE","CITY OF ONKAPARINGA",3,2,0,2,0,2021,"November","Tuesday","09:55 am",50,"Sealed","Dry","Not Raining","Daylight","Hit Parked Vehicle",1,,,1321807.07,1638758.15
"2021-22771-19/09/2025","STURT","CC MARION.",2,1,0,0,1,2021,"November","Monday","07:10 pm",60,"Sealed","Dry","Not Raining","Daylight","Rear End",2,,,1324100,1659437.16
"2021-22772-19/09/2025","BRIGHTON","CITY OF HOLDFAST BAY",3,1,0,0,1,2021,"November","Tuesday","03:23 pm",60,"Sealed","Dry","Not Raining","Daylight","Rear End",1,,,1321149.37,1660558.32
"2021-22774-19/09/2025","PENFIELD GARDENS","CITY OF PLAYFORD.",2,1,0,0,1,2021,"November","Tuesday","03:45 pm",90,"Sealed","Dry","Not Raining","Daylight","Rear End",2,,,1329262.58,1701409.17
"2021-22779-19/09/2025","ANGASTON","THE BAROSSA COUNCIL.",2,2,2,0,0,2021,"November","Tuesday","04:20 pm",100,"Unsealed","Dry","Not Raining","Daylight","Roll Over",1,,,1369247.55,1710171.94
"2021-22782-19/09/2025","WHYALLA STUART","CC WHYALLA.",3,1,0,0,1,2021,"November","Tuesday","07:30 pm",60,"Sealed","Wet","Raining","Daylight","Side Swipe",1,,,1235987.58,1884099.9
"2021-22785-19/09/2025","PORT ADELAIDE","CITY OF PORT ADELAIDE ENFIELD",2,1,0,0,1,2021,"November","Wednesday","06:20 am",60,"Sealed","Dry","Not Raining","Daylight","Right Angle",2,,,1319837.28,1679071.49
"2021-22790-19/09/2025","ST AGNES","CITY OF TEA TREE GULLY",2,1,0,0,1,2021,"November","Tuesday","09:00 am",60,"Sealed","Dry","Not Raining","Daylight","Rear End",2,,,1338636.66,1680049.81
"2021-22791-19/09/2025","MAGILL","CC CAMPBELLTOWN.",2,1,0,0,1,2021,"November","Wednesday","08:30 am",60,"Sealed","Dry","Not Raining","Daylight","Hit Pedestrian",1,,,1335617.73,1671852.55
"2021-22792-19/09/2025","CHRISTIE DOWNS","CITY OF ONKAPARINGA",2,3,0,0,3,2021,"November","Wednesday","08:45 am",50,"Sealed","Dry","Not Raining","Daylight","Hit Parked Vehicle",1,,,1318857.5,1648258.18
"2021-22795-19/09/2025","KESWICK","CITY OF WEST TORRENS",2,1,0,1,0,2021,"October","Tuesday","05:00 pm",60,"Sealed","Dry","Not Raining","Daylight","Side Swipe",2,,,1325805.32,1668947.85
"2021-22796-19/09/2025","KANGARILLA","CITY OF ONKAPARINGA",1,1,0,0,1,2021,"November","Wednesday","09:10 am",80,"Sealed","Dry","Not Raining","Daylight","Left Road - Out of Control",1,,,1332468.51,1647989.98
"2021-22797-19/09/2025","ERINDALE","CITY OF BURNSIDE",2,1,0,0,1,2021,"November","Wednesday","12:15 pm",50,"Sealed","Dry","Not Raining","Daylight","Right Angle",1,,,1334328.6,1670196.77
"2021-22798-19/09/2025","MENINGIE","COORONG DISTRICT COUNCIL",5,1,0,1,0,2021,"November","Wednesday","06:10 am",50,"Sealed","Dry","Not Raining","Daylight","Hit Fixed Object",1,,"Y",1392264.49,1583375.45
"2021-22800-19/09/2025","SEATON","CITY OF CHARLES STURT",2,1,0,0,1,2021,"November","Wednesday","12:18 pm",60,"Sealed","Dry","Not Raining","Daylight","Right Angle",2,,,1320770.29,1673572.29
"2021-22802-19/09/2025","ROWLAND FLAT","THE BAROSSA COUNCIL.",1,1,0,0,1,2021,"November","Wednesday","01:22 pm",100,"Unsealed","Dry","Not Raining","Daylight","Roll Over",1,,,1361368.62,1705611.53
"2021-22803-19/09/2025","WARRADALE","CC MARION.",2,1,0,1,0,2021,"November","Wednesday","02:20 pm",60,"Sealed","Dry","Not Raining","Daylight","Hit Parked Vehicle",1,,"Y",1322760.64,1661145.05
"2021-22804-19/09/2025","COOKE PLAINS","COORONG DISTRICT COUNCIL",2,1,0,0,1,2021,"November","Wednesday","03:30 pm",110,"Sealed","Dry","Not Raining","Daylight","Rear End",2,,"Y",1414419.86,1617035.1
"2021-22808-19/09/2025","OAKBANK","THE ADELAIDE HILLS COUNCIL",2,1,0,0,1,2021,"November","Wednesday","03:55 pm",80,"Sealed","Dry","Not Raining","Daylight","Side Swipe",2,,,1351659.42,1664151.67
"2021-22811-19/09/2025","PROSPECT","CITY OF PROSPECT",2,1,0,0,1,2021,"November","Wednesday","04:40 pm",60,"Sealed","Dry","Not Raining","Daylight","Rear End",2,,,1328219.69,1676417
"2021-22814-19/09/2025","OVINGHAM","CITY OF CHARLES STURT",3,1,0,0,1,2021,"November","Wednesday","05:15 pm",60,"Sealed","Dry","Not Raining","Daylight","Rear End",1,,,1327373.27,1673531.52
"2021-22815-19/09/2025","MYRTLE BANK","CITY OF UNLEY",2,1,0,0,1,2021,"November","Wednesday","10:30 am",60,"Sealed","Dry","Not Raining","Daylight","Rear End",1,,,1332074.77,1666841.66
"2021-22817-19/09/2025","MAWSON LAKES","CITY OF SALISBURY",2,1,0,0,1,2021,"November","Wednesday","04:30 pm",40,"Sealed","Dry","Not Raining","Daylight","Rear End",2,,,1329173.14,1683953.03
"2021-22820-19/09/2025","NORTHFIELD","CITY OF PORT ADELAIDE ENFIELD",2,1,0,0,1,2021,"November","Wednesday","06:45 pm",60,"Sealed","Dry","Not Raining","Daylight","Rear End",2,,,1330407.78,1678042.15
"2021-22822-19/09/2025","GLOSSOP","THE BERRI BARMERA COUNCIL",2,1,0,0,1,2021,"November","Wednesday","09:35 pm",80,"Sealed","Dry","Not Raining","Night","Hit Fixed Object",1,,,1507571.77,1735298.79
"2021-22823-19/09/2025","ELIZABETH GROVE","CITY OF PLAYFORD.",2,1,0,1,0,2021,"November","Wednesday","11:40 pm",80,"Sealed","Dry","Not Raining","Night","Hit Fixed Object",1,,,1336119.25,1691349.67
"2021-22824-19/09/2025","FIRLE","CC OF NORWOOD,PAYNEHAM & ST PETERS",2,2,0,0,2,2021,"November","Wednesday","08:55 pm",50,"Sealed","Dry","Not Raining","Night","Hit Pedestrian",2,,,1333503.88,1673073.93
"2021-22826-19/09/2025","STIRLING NORTH","CC PT.AUGUSTA.",1,1,0,0,1,2021,"November","Thursday","06:08 am",110,"Sealed","Wet","Raining","Daylight","Left Road - Out of Control",1,,,1268054.86,1935668.66
"2021-22829-19/09/2025","WYNN VALE","CITY OF TEA TREE GULLY",2,1,0,0,1,2021,"November","Tuesday","04:00 pm",60,"Sealed","Dry","Not Raining","Daylight","Right Angle",2,,,1337212.91,1684934.56
"2021-22833-19/09/2025","MINLATON","YORKE PENINSULA COUNCIL",2,1,0,0,1,2021,"November","Sunday","02:00 pm",100,"Sealed","Dry","Not Raining","Daylight","Rear End",2,,,1234951.22,1681313.52
"2021-22834-19/09/2025","EVANSTON PARK","CT GAWLER.",2,1,0,0,1,2021,"November","Thursday","11:10 am",60,"Sealed","Wet","Raining","Daylight","Hit Fixed Object",1,,,1341881.56,1703214.18
"2021-22836-19/09/2025","FULLARTON","CITY OF UNLEY",2,1,0,0,1,2021,"November","Thursday","11:50 am",60,"Sealed","Dry","Not Raining","Daylight","Rear End",2,,,1330823.77,1668228.41
"2021-22840-19/09/2025","NORWOOD","CC OF NORWOOD,PAYNEHAM & ST PETERS",2,1,0,0,1,2021,"June","Friday","08:30 am",50,"Sealed","Dry","Not Raining","Daylight","Rear End",2,,,1331451.37,1671057.66
"2021-22854-19/09/2025","LIGHTSVIEW","CITY OF PORT ADELAIDE ENFIELD",2,1,0,0,1,2021,"November","Thursday","05:25 pm",60,"Sealed","Wet","Raining","Daylight","Rear End",2,,,1330410.13,1677647.85
"2021-22857-19/09/2025","MOUNT BARKER","DC MT.BARKER.",2,1,0,0,1,2021,"November","Thursday","05:44 pm",50,"Sealed","Wet","Raining","Daylight","Right Turn",1,,,1351836.26,1653932.15
"2021-22864-19/09/2025","MOUNT TORRENS","THE ADELAIDE HILLS COUNCIL",2,1,0,0,1,2021,"December","Thursday","05:06 pm",100,"Sealed","Dry","Not Raining","Daylight","Hit Fixed Object",1,,,1357007.69,1673098.73
"2021-22866-19/09/2025","CAVAN","CITY OF SALISBURY",2,1,0,0,1,2021,"November","Thursday","09:05 pm",70,"Sealed","Wet","Not Raining","Night","Right Angle",2,,,1328738.48,1681551.68
"2021-22871-19/09/2025","HACKNEY","CC OF NORWOOD,PAYNEHAM & ST PETERS",2,1,0,0,1,2021,"November","Friday","08:50 am",60,"Sealed","Dry","Not Raining","Daylight","Rear End",1,,,1329856.78,1671606.78
"2021-22876-19/09/2025","ABMINGA STATION",,2,2,0,0,2,2021,"November","Sunday","06:30 am",110,"Sealed","Dry","Not Raining","Daylight","Hit Fixed Object",1,,,1502095.39,1957680.3
"2021-22879-19/09/2025","CAMPBELLTOWN","CC CAMPBELLTOWN.",2,1,0,0,1,2021,"November","Friday","10:42 am",50,"Sealed","Wet","Not Raining","Daylight","Hit Pedestrian",2,,,1334963.6,1675336.15
"2021-22881-19/09/2025","SALISBURY EAST","CITY OF SALISBURY",2,1,0,0,1,2021,"November","Thursday","04:29 pm",60,"Sealed","Wet","Raining","Daylight","Rear End",2,,,1334781.33,1685415.11
"2021-22891-19/09/2025","INGLEWOOD","THE ADELAIDE HILLS COUNCIL",2,1,0,0,1,2021,"November","Friday","03:20 pm",80,"Sealed","Dry","Not Raining","Daylight","Hit Fixed Object",1,,,1346403.48,1681732.03
"2021-22893-19/09/2025","NORWOOD","CC OF NORWOOD,PAYNEHAM & ST PETERS",2,1,0,0,1,2021,"May","Saturday","05:11 pm",40,"Sealed","Wet","Raining","Daylight","Right Turn",2,,,1332050.48,1671221.27
"2021-22897-19/09/2025","WARRADALE","CC MARION.",2,1,0,0,1,2021,"November","Friday","06:47 pm",50,"Sealed","Dry","Not Raining","Daylight","Hit Parked Vehicle",1,,,1322276.93,1660782.2
"2021-22902-19/09/2025","BOLIVAR","CITY OF SALISBURY",2,1,0,0,1,2021,"November","Saturday","08:19 am",110,"Sealed","Dry","Not Raining","Daylight","Side Swipe",2,,,1328004.72,1689239.65
"2021-22903-19/09/2025","INGLEWOOD","THE ADELAIDE HILLS COUNCIL",1,1,0,1,0,2021,"November","Friday","06:00 am",50,"Sealed","Dry","Not Raining","Night","Roll Over",1,,,1345058.37,1681240.51
"2021-22908-19/09/2025","GAWLER","CT GAWLER.",2,1,0,0,1,2021,"November","Saturday","08:40 am",50,"Sealed","Dry","Not Raining","Daylight","Roll Over",1,,,1343287.87,1706527.63
"2021-22923-19/09/2025","EVERARD PARK","CITY OF UNLEY",2,2,0,0,2,2021,"November","Saturday","04:10 pm",60,"Sealed","Dry","Not Raining","Daylight","Right Turn",1,,,1325838.75,1667742.18
"2021-22924-19/09/2025","SEACOMBE GARDENS","CC MARION.",2,1,0,0,1,2021,"November","Saturday","04:20 pm",60,"Sealed","Dry","Not Raining","Daylight","Right Angle",2,,,1323587.85,1660284.11
"2021-22928-19/09/2025","MCLAREN VALE","CITY OF ONKAPARINGA",2,1,0,0,1,2021,"November","Saturday","05:53 pm",80,"Sealed","Dry","Not Raining","Daylight","Right Angle",2,,,1322188.53,1641792.06
"2021-22933-19/09/2025","NANGWARRY","WATTLE RANGE COUNCIL",2,1,0,0,1,2021,"November","Saturday","07:15 pm",50,"Sealed","Dry","Not Raining","Daylight","Hit Parked Vehicle",1,,"Y",1514948.39,1372155.09
"2021-22935-19/09/2025","PARAFIELD","CITY OF SALISBURY",2,1,0,0,1,2021,"November","Friday","03:45 pm",80,"Sealed","Dry","Not Raining","Daylight","Rear End",2,,,1331812.14,1683486.03
"2021-22936-19/09/2025","O'HALLORAN HILL","CITY OF ONKAPARINGA",2,3,0,0,3,2021,"November","Saturday","11:40 pm",50,"Sealed","Wet","Raining","Night","Hit Fixed Object",1,,,1324276.91,1654978
"2021-22937-19/09/2025","ALDINGA BEACH","CITY OF ONKAPARINGA",2,1,0,0,1,2021,"November","Sunday","02:30 am",50,"Sealed","Wet","Raining","Night","Hit Fixed Object",1,"Y",,1313669.04,1632407.06
"2021-22938-19/09/2025","PETERSVILLE","YORKE PENINSULA COUNCIL",2,2,0,1,1,2021,"November","Saturday","11:50 pm",100,"Sealed","Wet","Not Raining","Night","Hit Fixed Object",1,,,1261003.45,1734018.18
"2021-22939-19/09/2025","TARPEENA","DISTRICT COUNCIL OF GRANT",2,1,1,0,0,2021,"November","Sunday","02:34 am",80,"Sealed","Wet","Raining","Night","Hit Fixed Object",1,,"Y",1512542.03,1361610.41
"2021-22940-19/09/2025","HAPPY VALLEY","CITY OF ONKAPARINGA",2,1,0,0,1,2021,"November","Sunday","08:55 am",80,"Sealed","Wet","Not Raining","Daylight","Hit Fixed Object",1,,,1326426.41,1654758.15
"2021-22943-19/09/2025","SOUTH PLYMPTON","CC MARION.",3,1,0,0,1,2021,"November","Sunday","10:40 am",60,"Sealed","Dry","Not Raining","Daylight","Rear End",1,,,1324249.63,1665745.46
"2021-22944-19/09/2025","HAPPY VALLEY","CITY OF ONKAPARINGA",3,2,0,0,2,2021,"November","Sunday","09:39 am",80,"Sealed","Dry","Not Raining","Daylight","Right Angle",2,,,1324354.16,1656489.47
"2021-22949-19/09/2025","WINGFIELD","CITY OF PORT ADELAIDE ENFIELD",3,1,0,0,1,2021,"November","Sunday","12:00 pm",90,"Sealed","Dry","Not Raining","Daylight","Side Swipe",2,,,1325413.44,1680878.76
"2021-22950-19/09/2025","KILBURN","CITY OF PORT ADELAIDE ENFIELD",4,1,0,0,1,2021,"November","Sunday","12:45 pm",60,"Sealed","Dry","Not Raining","Daylight","Rear End",1,,,1326872.44,1679165.67
"2021-22953-19/09/2025","MEDINDIE","WALKERVILLE TOWN COUNCIL",2,1,0,0,1,2021,"November","Sunday","02:45 pm",60,"Sealed","Dry","Not Raining","Daylight","Side Swipe",2,,,1329456.18,1673895.29
"2021-22954-19/09/2025","PARAFIELD GARDENS","CITY OF SALISBURY",4,1,0,0,1,2021,"November","Sunday","03:45 pm",50,"Sealed","Dry","Not Raining","Daylight","Hit Fixed Object",1,,,1329146.59,1685842.64
"2021-22955-19/09/2025","BASKET RANGE","THE ADELAIDE HILLS COUNCIL",2,1,0,0,1,2021,"November","Sunday","03:35 pm",80,"Sealed","Wet","Not Raining","Daylight","Hit Fixed Object",1,,,1343550.86,1668073.18
"2021-22957-19/09/2025","TUSMORE","CITY OF BURNSIDE",2,1,0,0,1,2021,"November","Sunday","05:00 pm",60,"Sealed","Dry","Not Raining","Daylight","Right Turn",2,,,1332311.5,1669056.54
"2021-22958-19/09/2025","PANORAMA","CC MITCHAM.",3,1,0,0,1,2021,"November","Sunday","06:49 pm",60,"Sealed","Dry","Not Raining","Daylight","Right Angle",1,"Y",,1327593.65,1663436.21
"2021-22960-19/09/2025","KILBURN","CITY OF PORT ADELAIDE ENFIELD",2,1,0,0,1,2021,"November","Sunday","08:59 pm",50,"Sealed","Dry","Not Raining","Night","Hit Fixed Object",1,,,1328024.87,1678201.36
"2021-22962-19/09/2025","ALDINGA BEACH","CITY OF ONKAPARINGA",5,1,0,1,0,2021,"November","Sunday","10:07 pm",50,"Sealed","Dry","Not Raining","Night","Hit Fixed Object",1,,,1313821.73,1632698.19
"2021-22963-19/09/2025","MOUNT JAGGED","ALEXANDRINA COUNCIL",2,1,0,0,1,2021,"November","Monday","05:35 am",100,"Sealed","Wet","Raining","Night","Hit Animal",2,,,1329769.8,1614779.57
"2021-22968-19/09/2025","COROMANDEL VALLEY","CITY OF ONKAPARINGA",2,1,0,1,0,2021,"November","Monday","08:38 am",60,"Sealed","Wet","Raining","Daylight","Right Angle",2,,,1330429.4,1657835.4
"2021-22969-19/09/2025","MOANA","CITY OF ONKAPARINGA",2,2,0,0,2,2021,"November","Monday","08:50 am",50,"Sealed","Dry","Not Raining","Daylight","Right Turn",2,,,1316186.4,1640693.07
"2021-22973-19/09/2025","EASTWOOD","CITY OF UNLEY",2,1,0,0,1,2021,"November","Friday","01:20 pm",60,"Sealed","Wet","Raining","Daylight","Right Turn",1,,,1330431.19,1668538.86
"2021-22976-19/09/2025","REGENCY PARK","CITY OF PORT ADELAIDE ENFIELD",2,1,0,0,1,2021,"November","Sunday","06:05 pm",60,"Sealed","Dry","Not Raining","Daylight","Right Turn",2,,,1326449.2,1676384.02
"2021-22978-19/09/2025","BLACKWOOD","CC MITCHAM.",3,3,0,1,2,2021,"November","Monday","10:25 am",50,"Sealed","Wet","Raining","Daylight","Side Swipe",1,,,1329660.26,1660487.45
"2021-22981-19/09/2025","MAGILL","CITY OF BURNSIDE",2,1,0,0,1,2021,"November","Monday","12:50 pm",60,"Sealed","Dry","Not Raining","Daylight","Rear End",2,,,1336305.9,1671832.46
"2021-22982-19/09/2025","LOCKLEYS","CITY OF WEST TORRENS",3,1,0,0,1,2021,"November","Monday","08:05 am",60,"Sealed","Dry","Not Raining","Daylight","Rear End",2,,,1320913.95,1669976.03
"2021-22983-19/09/2025","WOODVILLE SOUTH","CITY OF CHARLES STURT",2,1,0,0,1,2021,"November","Monday","02:46 pm",60,"Sealed","Dry","Not Raining","Daylight","Right Angle",2,,,1323024.53,1675577.53
"2021-22986-19/09/2025","ALDINGA","CITY OF ONKAPARINGA",2,2,0,0,2,2021,"November","Monday","03:10 pm",70,"Sealed","Dry","Not Raining","Daylight","Right Turn",1,,,1316061.41,1631986.32
"2021-22989-19/09/2025","GAWLER BELT","LIGHT REGIONAL COUNCIL",2,2,0,0,2,2021,"November","Monday","04:23 pm",100,"Sealed","Dry","Not Raining","Daylight","Side Swipe",2,,,1343264.23,1710274.32
"2021-22992-19/09/2025","GLANDORE","CITY OF UNLEY",2,1,0,0,1,2021,"November","Monday","07:00 pm",60,"Sealed","Dry","Not Raining","Daylight","Rear End",2,,,1325858.31,1667089.09
"2021-22993-19/09/2025","HILLCREST","CITY OF PORT ADELAIDE ENFIELD",2,1,0,0,1,2021,"November","Monday","07:36 pm",50,"Sealed","Dry","Not Raining","Daylight","Hit Fixed Object",1,,,1332119.64,1676761.96
"2021-22997-19/09/2025","BUGLE RANGES","DC MT.BARKER.",2,1,0,1,0,2021,"November","Monday","07:45 am",100,"Unsealed","Dry","Not Raining","Daylight","Hit Fixed Object",1,,,1353091.44,1646685.71
"2021-23004-19/09/2025","EUDUNDA","REGIONAL COUNCIL OF GOYDER",2,1,0,0,1,2021,"November","Tuesday","09:45 am",50,"Sealed","Dry","Not Raining","Daylight","Hit Parked Vehicle",1,,,1375691.08,1752640.65
"2021-23005-19/09/2025","MAGILL","CC CAMPBELLTOWN.",2,1,0,0,1,2021,"November","Tuesday","09:40 am",60,"Sealed","Dry","Not Raining","Daylight","Right Turn",1,,,1335458.15,1672732.62
"2021-23007-19/09/2025","ELIZABETH","CITY OF PLAYFORD.",2,1,0,0,1,2021,"November","Tuesday","11:12 am",60,"Sealed","Dry","Not Raining","Daylight","Right Angle",2,,,1335772.55,1693801.98
"2021-23012-19/09/2025","DRY CREEK","CITY OF SALISBURY",2,1,0,0,1,2021,"November","Tuesday","01:14 pm",40,"Sealed","Dry","Not Raining","Daylight","Hit Fixed Object",1,,,1327597.42,1681739.26
"2021-23013-19/09/2025","NORTHFIELD","CITY OF PORT ADELAIDE ENFIELD",2,1,0,0,1,2021,"November","Tuesday","11:50 am",60,"Sealed","Dry","Not Raining","Daylight","Rear End",2,,,1330426.72,1679301.06
"2021-23017-19/09/2025","CALLINGTON","RC MURRAY BRIDGE.",2,1,0,0,1,2021,"November","Tuesday","07:15 am",110,"Sealed","Dry","Not Raining","Daylight","Side Swipe",1,,,1367423.13,1647143.91
"2021-23020-19/09/2025","DISMAL SWAMP","DISTRICT COUNCIL OF GRANT",2,2,0,0,2,2021,"November","Sunday","05:30 pm",100,"Unsealed","Wet","Raining","Daylight","Hit Fixed Object",1,,,1506490.02,1354378.72
"2021-23021-19/09/2025","ELIZABETH GROVE","CITY OF PLAYFORD.",3,1,0,0,1,2021,"November","Tuesday","03:35 pm",80,"Sealed","Dry","Not Raining","Daylight","Rear End",1,,,1336118.68,1691385.65
"2021-23024-19/09/2025","ADELAIDE","CITY OF ADELAIDE",2,1,0,0,1,2021,"November","Tuesday","04:45 pm",60,"Sealed","Dry","Not Raining","Daylight","Right Angle",1,,,1327382.28,1670486.86
"2021-23026-19/09/2025","MOUNT GAMBIER","CC MT.GAMBIER.",2,1,0,0,1,2021,"November","Tuesday","12:45 pm",60,"Sealed","Dry","Not Raining","Daylight","Rear End",2,,,1511781.67,1339469.66
"2021-23031-19/09/2025","CLOVELLY PARK","CC MARION.",2,1,0,0,1,2021,"November","Tuesday","06:15 pm",60,"Sealed","Dry","Not Raining","Daylight","Right Angle",1,,,1325752.36,1663320.21
"2021-23034-19/09/2025","GAWLER BELT","LIGHT REGIONAL COUNCIL",2,1,0,0,1,2021,"November","Tuesday","09:25 pm",110,"Sealed","Dry","Not Raining","Night","Right Angle",2,,,1343193.19,1709546.95
"2021-23043-19/09/2025","HUNTFIELD HEIGHTS","CITY OF ONKAPARINGA",3,1,0,0,1,2021,"November","Wednesday","09:10 am",60,"Sealed","Dry","Not Raining","Daylight","Right Turn",1,,,1320864.95,1646550.7
"2021-23044-19/09/2025","SEAFORD RISE","CITY OF ONKAPARINGA",3,1,0,0,1,2021,"November","Wednesday","09:29 am",60,"Sealed","Dry","Not Raining","Daylight","Rear End",2,,,1317537.2,1641650.26
"2021-23047-19/09/2025","CLARENCE GARDENS","CC MITCHAM.",2,1,0,0,1,2021,"November","Wednesday","08:45 am",60,"Sealed","Dry","Not Raining","Daylight","Rear End",1,,,1326532.97,1666170.23
"2021-23048-19/09/2025","HALLETT COVE","CC MARION.",2,1,0,0,1,2021,"November","Tuesday","07:10 pm",80,"Sealed","Dry","Not Raining","Daylight","Rear End",2,,,1320547.62,1654071.98
"2021-23049-19/09/2025","GREENACRES","CITY OF PORT ADELAIDE ENFIELD",2,1,0,0,1,2021,"November","Tuesday","07:15 pm",60,"Sealed","Dry","Not Raining","Daylight","Right Angle",2,,,1330430.11,1677200.82
"2021-23050-19/09/2025","MAYLANDS","CC OF NORWOOD,PAYNEHAM & ST PETERS",2,1,0,0,1,2021,"November","Wednesday","11:42 am",60,"Sealed","Dry","Not Raining","Daylight","Side Swipe",2,,,1332227.82,1672177.66
"2021-23053-19/09/2025","KLEMZIG","CITY OF PORT ADELAIDE ENFIELD",2,1,0,1,0,2021,"November","Wednesday","12:35 pm",50,"Sealed","Dry","Not Raining","Daylight","Right Turn",1,,,1331706.81,1675598.43
"2021-23054-19/09/2025","PORT NOARLUNGA","CITY OF ONKAPARINGA",3,2,0,0,2,2021,"November","Wednesday","03:45 pm",60,"Sealed","Dry","Not Raining","Daylight","Rear End",1,,,1316953.62,1646595.48
"2021-23058-19/09/2025","MOUNT GEORGE","THE ADELAIDE HILLS COUNCIL",3,1,0,0,1,2021,"November","Wednesday","02:55 pm",110,"Sealed","Dry","Not Raining","Daylight","Rear End",1,,,1343298.03,1661521.85
"2021-23059-19/09/2025","STIRLING","THE ADELAIDE HILLS COUNCIL",2,1,0,0,1,2021,"November","Wednesday","03:17 pm",60,"Sealed","Dry","Not Raining","Daylight","Rear End",2,,,1338783.47,1661765.64
"2021-23061-19/09/2025","GREENOCK","LIGHT REGIONAL COUNCIL",2,1,0,1,0,2021,"November","Wednesday","02:20 pm",110,"Sealed","Dry","Not Raining","Daylight","Side Swipe",1,,,1359844.18,1720386.73
"2021-23072-19/09/2025","KURRALTA PARK","CITY OF WEST TORRENS",2,1,0,0,1,2021,"November","Wednesday","10:08 pm",60,"Sealed","Dry","Not Raining","Night","Right Turn",1,,,1325808.51,1668480.07
"2021-23075-19/09/2025","ROSSLYN PARK","CITY OF BURNSIDE",2,1,0,0,1,2021,"November","Thursday","07:30 am",50,"Sealed","Dry","Not Raining","Daylight","Right Angle",2,,,1336051.31,1671172.18
"2021-23076-19/09/2025","PARAFIELD GARDENS","CITY OF SALISBURY",3,1,0,0,1,2021,"November","Thursday","08:00 am",60,"Sealed","Dry","Not Raining","Daylight","Rear End",1,,,1331418.39,1686798.56
"2021-23077-19/09/2025","MUNNO PARA","CITY OF PLAYFORD.",2,1,0,0,1,2021,"November","Thursday","08:10 am",80,"Sealed","Dry","Not Raining","Daylight","Rear End",2,,,1338210.83,1697712.55
"2021-23082-19/09/2025","TOORAK GARDENS","CITY OF BURNSIDE",2,2,0,0,2,2021,"November","Thursday","09:05 am",50,"Sealed","Dry","Not Raining","Daylight","Right Angle",2,,,1332108.89,1669195.2
"2021-23083-19/09/2025","OAKDEN","CITY OF PORT ADELAIDE ENFIELD",4,2,0,1,1,2021,"November","Thursday","08:59 am",60,"Sealed","Dry","Not Raining","Daylight","Rear End",1,,,1333612.15,1678306.55
"2021-23088-19/09/2025","GAWLER SOUTH","CT GAWLER.",3,1,0,0,1,2021,"November","Wednesday","06:20 pm",50,"Sealed","Dry","Not Raining","Daylight","Rear End",1,,,1342781.13,1705387.44
"2021-23090-19/09/2025","BROOKLYN PARK","CITY OF WEST TORRENS",2,1,0,0,1,2021,"November","Thursday","07:40 am",60,"Sealed","Dry","Not Raining","Daylight","Rear End",2,,,1323133.56,1670095.46
"2021-23096-19/09/2025","CLIFTON HILLS STATION",,1,1,0,1,0,2021,"November","Wednesday","03:05 pm",100,"Unsealed","Dry","Not Raining","Daylight","Roll Over",1,,,1425341.71,2543130.46
"2021-23098-19/09/2025","ST MORRIS","CC OF NORWOOD,PAYNEHAM & ST PETERS",2,1,0,0,1,2021,"November","Thursday","03:45 pm",60,"Sealed","Dry","Not Raining","Daylight","Right Angle",2,,,1333620.65,1671798.5
"2021-23103-19/09/2025","NOARLUNGA CENTRE","CITY OF ONKAPARINGA",1,1,0,0,1,2021,"November","Thursday","04:50 pm",50,"Sealed","Dry","Not Raining","Daylight","Roll Over",1,,,1318579.86,1646808.32
"2021-23108-19/09/2025","MILLICENT","WATTLE RANGE COUNCIL",2,1,1,0,0,2021,"November","Thursday","03:45 pm",110,"Sealed","Dry","Not Raining","Daylight","Hit Fixed Object",1,,,1476660.02,1363925.17
"2021-23119-19/09/2025","MANSFIELD PARK","CITY OF PORT ADELAIDE ENFIELD",1,1,0,1,0,2021,"November","Friday","10:06 am",60,"Sealed","Dry","Not Raining","Daylight","Roll Over",1,,"Y",1323940.18,1678041.91
"2021-23124-19/09/2025","NAILSWORTH","CITY OF PROSPECT",2,1,0,0,1,2021,"November","Friday","02:57 pm",60,"Sealed","Dry","Not Raining","Daylight","Right Angle",2,,,1328902.01,1675373.6
"2021-23127-19/09/2025","GEPPS CROSS","CITY OF PORT ADELAIDE ENFIELD",2,1,0,0,1,2021,"November","Friday","03:05 pm",60,"Sealed","Dry","Not Raining","Daylight","Right Angle",1,,,1330663.81,1679770.81
"2021-23129-19/09/2025","NORTH ADELAIDE","CITY OF ADELAIDE",2,1,0,0,1,2021,"November","Friday","04:17 pm",50,"Sealed","Dry","Not Raining","Daylight","Hit Parked Vehicle",2,,,1329160.44,1672675.58
"2021-23130-19/09/2025","RENOWN PARK","CITY OF CHARLES STURT",2,1,0,0,1,2021,"November","Friday","03:37 pm",60,"Sealed","Wet","Raining","Daylight","Hit Fixed Object",1,"Y",,1325958.03,1675069.35