"REPORT_ID","Suburb","LGA Name","Total Units","Total Cas","Total Fats","Total SI","Total MI","Year","Month","Day","Time","Area Speed","Road Surface","Moisture Cond","Weather Cond","DayNight","Crash Type","Unit Resp","DUI Involved","Drugs Involved","ACCLOC_X","ACCLOC_Y"
"2021-23133-19/09/2025","POORAKA","CITY OF SALISBURY",3,1,0,0,1,2021,"November","Friday","04:15 pm",70,"Sealed","Wet","Raining","Daylight","Rear End",2,,,1330489.22,1681819.14
"2021-23134-19/09/2025","ADELAIDE","CITY OF ADELAIDE",2,1,0,0,1,2021,"November","Friday","06:25 pm",50,"Sealed","Dry","Not Raining","Daylight","Hit Pedestrian",1,,,1328463.96,1670516.22
"2021-23136-19/09/2025","KILBURN","CITY OF PORT ADELAIDE ENFIELD",2,1,0,0,1,2021,"November","Friday","06:57 pm",50,"Sealed","Wet","Not Raining","Daylight","Rear End",2,,,1327198.93,1677719.85
"2021-23140-19/09/2025","WYNN VALE","CITY OF TEA TREE GULLY",4,1,0,0,1,2021,"November","Friday","10:30 pm",80,"Sealed","Dry","Not Raining","Night","Side Swipe",1,"Y",,1335750.14,1683084.6
"2021-23149-19/09/2025","EDINBURGH","CITY OF SALISBURY",2,1,1,0,0,2021,"November","Saturday","12:37 am",60,"Sealed","Wet","Raining","Night","Hit Fixed Object",1,,,1332728.66,1692336.88
"2021-23153-19/09/2025","TOORAK GARDENS","CITY OF BURNSIDE",2,1,0,0,1,2021,"November","Thursday","05:00 pm",60,"Sealed","Dry","Not Raining","Daylight","Rear End",2,,,1332201.74,1669044.34
"2021-23154-19/09/2025","GLYNDE","CC OF NORWOOD,PAYNEHAM & ST PETERS",1,1,0,0,1,2021,"November","Saturday","09:18 am",60,"Sealed","Dry","Not Raining","Daylight","Roll Over",1,,,1333266.1,1674283.34
"2021-23155-19/09/2025","TORRENS PARK","CC MITCHAM.",2,1,0,0,1,2021,"November","Saturday","10:30 am",60,"Sealed","Dry","Not Raining","Daylight","Right Angle",1,,,1330012.26,1664229.65
"2021-23161-19/09/2025","SEAFORD RISE","CITY OF ONKAPARINGA",2,1,0,0,1,2021,"November","Saturday","12:20 pm",60,"Sealed","Dry","Not Raining","Daylight","Right Angle",2,,,1317113.07,1641616.88
"2021-23166-19/09/2025","BLACKWOOD","CC MITCHAM.",2,1,0,0,1,2021,"November","Saturday","02:36 pm",50,"Sealed","Dry","Not Raining","Daylight","Right Angle",2,,,1329690.48,1660048.86
"2021-23168-19/09/2025","EDWARDSTOWN","CC MARION.",2,1,0,0,1,2021,"November","Saturday","03:40 pm",60,"Sealed","Dry","Not Raining","Daylight","Right Turn",1,,,1325910.32,1664786.52
"2021-23170-19/09/2025","SMITHFIELD","CITY OF PLAYFORD.",2,2,0,0,2,2021,"November","Saturday","04:30 pm",80,"Sealed","Dry","Not Raining","Daylight","Rear End",2,,,1338145,1697596.33
"2021-23171-19/09/2025","UNDERDALE","CITY OF WEST TORRENS",3,1,0,0,1,2021,"November","Saturday","04:55 pm",60,"Sealed","Dry","Not Raining","Daylight","Right Angle",2,,,1324328.3,1670954.65
"2021-23173-19/09/2025","BURTON","CITY OF SALISBURY",2,1,0,0,1,2021,"November","Saturday","08:10 pm",60,"Sealed","Dry","Not Raining","Night","Hit Fixed Object",1,"Y",,1330071.66,1690717.88
"2021-23174-19/09/2025","ROYSTON PARK","CC OF NORWOOD,PAYNEHAM & ST PETERS",4,1,0,0,1,2021,"November","Saturday","09:05 pm",50,"Sealed","Dry","Not Raining","Night","Hit Parked Vehicle",1,,,1331156.9,1674035.93
"2021-23182-19/09/2025","ELIZABETH GROVE","CITY OF PLAYFORD.",2,1,0,0,1,2021,"November","Sunday","06:15 am",80,"Sealed","Dry","Not Raining","Daylight","Right Turn",2,,,1336102.24,1692239.97
"2021-23185-19/09/2025","WOODCROFT","CITY OF ONKAPARINGA",3,2,0,0,2,2021,"November","Saturday","09:00 pm",80,"Sealed","Dry","Not Raining","Night","Hit Pedestrian",2,,,1323086.47,1650183.07
"2021-23187-19/09/2025","ALDINGA","CITY OF ONKAPARINGA",2,1,1,0,0,2021,"November","Sunday","07:24 am",80,"Sealed","Dry","Not Raining","Daylight","Hit Fixed Object",1,,,1315730.49,1633390.78
"2021-23190-19/09/2025","WATTLE FLAT","DC YANKALILLA.",2,1,0,0,1,2021,"November","Sunday","12:05 pm",100,"Sealed","Dry","Not Raining","Daylight","Hit Fixed Object",1,,,1309872.98,1616207.98
"2021-23196-19/09/2025","HENLEY BEACH","CITY OF CHARLES STURT",2,1,0,1,0,2021,"November","Sunday","01:35 pm",50,"Sealed","Dry","Not Raining","Daylight","Right Turn",1,,,1319017.86,1673029.6
"2021-23207-19/09/2025","HEWETT","LIGHT REGIONAL COUNCIL",2,1,0,0,1,2021,"November","Sunday","03:55 pm",110,"Sealed","Dry","Not Raining","Daylight","Rear End",2,,,1343223.02,1709324.57
"2021-23211-19/09/2025","TORRENS PARK","CC MITCHAM.",4,1,0,0,1,2021,"November","Sunday","07:30 pm",60,"Sealed","Dry","Not Raining","Daylight","Right Angle",1,,,1329889.31,1664226.59
"2021-23217-19/09/2025","MOUNT BARKER","DC MT.BARKER.",2,1,0,0,1,2021,"November","Monday","06:50 am",60,"Sealed","Dry","Not Raining","Daylight","Right Angle",2,,,1352238.42,1652734.71
"2021-23221-19/09/2025","PORT ADELAIDE","CITY OF PORT ADELAIDE ENFIELD",2,1,0,0,1,2021,"November","Monday","09:09 am",60,"Sealed","Dry","Not Raining","Daylight","Right Angle",1,,,1320505.18,1679177.44
"2021-23228-19/09/2025","PORT ADELAIDE","CITY OF PORT ADELAIDE ENFIELD",2,1,0,0,1,2021,"November","Monday","12:30 pm",50,"Sealed","Dry","Not Raining","Daylight","Rear End",1,,,1319965.85,1679541.56
"2021-23230-19/09/2025","STURT","CC MARION.",3,1,0,0,1,2021,"November","Monday","12:30 pm",60,"Sealed","Dry","Not Raining","Daylight","Rear End",1,,,1323793.03,1660662.42
"2021-23232-19/09/2025","CAVAN","CITY OF SALISBURY",2,1,0,1,0,2021,"November","Monday","09:50 am",70,"Sealed","Dry","Not Raining","Daylight","Side Swipe",1,,,1328740.41,1681477.39
"2021-23241-19/09/2025","TRANMERE","CC CAMPBELLTOWN.",2,2,0,0,2,2021,"November","Monday","04:55 pm",60,"Sealed","Dry","Not Raining","Daylight","Right Angle",2,,,1334246.84,1671815.04
"2021-23242-19/09/2025","MCLAREN VALE","CITY OF ONKAPARINGA",2,1,0,0,1,2021,"November","Monday","12:25 pm",70,"Sealed","Dry","Not Raining","Daylight","Rear End",2,,,1321134.3,1638272.5
"2021-23246-19/09/2025","BRUKUNGA","DC MT.BARKER.",2,1,0,1,0,2021,"November","Monday","06:30 pm",80,"Unsealed","Dry","Not Raining","Daylight","Hit Fixed Object",1,,,1360726.05,1661749.84
"2021-23251-19/09/2025","LOCKLEYS","CITY OF WEST TORRENS",3,2,0,2,0,2021,"November","Monday","10:10 pm",60,"Sealed","Dry","Not Raining","Night","Hit Fixed Object",1,,,1322319.79,1670005.79
"2021-23252-19/09/2025","RIVERTON","CLARE AND GILBERT VALLEYS DISTRICT COUNCIL",2,1,0,0,1,2021,"November","Tuesday","07:00 am",100,"Sealed","Wet","Raining","Daylight","Head On",1,,,1344455.24,1751832.29
"2021-23253-19/09/2025","RENMARK","DC RENMARK PARINGA",2,1,0,0,1,2021,"November","Tuesday","09:52 am",50,"Sealed","Dry","Not Raining","Daylight","Right Angle",1,,,1528880.44,1745761.16
"2021-23254-19/09/2025","WOODVILLE SOUTH","CITY OF CHARLES STURT",2,1,0,0,1,2021,"October","Saturday","10:05 am",50,"Sealed","Wet","Raining","Daylight","Hit Pedestrian",2,,,1322656.93,1675735.62
"2021-23255-19/09/2025","BEDFORD PARK","CC MARION.",2,2,0,0,2,2021,"November","Tuesday","09:25 am",70,"Sealed","Dry","Not Raining","Daylight","Right Angle",1,,,1325127,1660448.01
"2021-23256-19/09/2025","ADELAIDE","CITY OF ADELAIDE",2,1,0,0,1,2021,"November","Monday","03:15 pm",50,"Sealed","Dry","Not Raining","Daylight","Hit Parked Vehicle",2,,,1328796.04,1669732.77
"2021-23258-19/09/2025","PANORAMA","CC MITCHAM.",2,1,0,0,1,2021,"November","Tuesday","12:55 pm",50,"Sealed","Dry","Not Raining","Daylight","Hit Fixed Object",1,,,1328014.29,1662811.56
"2021-23262-19/09/2025","ADELAIDE","CITY OF ADELAIDE",2,1,0,1,0,2021,"November","Sunday","01:45 am",50,"Sealed","Dry","Not Raining","Night","Hit Pedestrian",2,,,1328438.28,1670978.96
"2021-23264-19/09/2025","SALISBURY","CITY OF SALISBURY",3,2,0,0,2,2021,"November","Tuesday","02:10 pm",60,"Sealed","Dry","Not Raining","Daylight","Right Turn",1,,,1333632.48,1688660.75
"2021-23269-19/09/2025","NOARLUNGA CENTRE","CITY OF ONKAPARINGA",2,1,0,0,1,2021,"November","Tuesday","02:46 pm",60,"Sealed","Dry","Not Raining","Daylight","Rear End",2,,,1318792.53,1647389.96
"2021-23272-19/09/2025","HOLDEN HILL","CITY OF PORT ADELAIDE ENFIELD",4,1,0,0,1,2021,"November","Tuesday","03:50 pm",60,"Sealed","Dry","Not Raining","Daylight","Hit Parked Vehicle",1,,"Y",1333891.1,1678162.17
"2021-23273-19/09/2025","BLAKISTON","DC MT.BARKER.",3,1,0,0,1,2021,"November","Tuesday","07:53 am",80,"Sealed","Wet","Raining","Daylight","Rear End",1,,,1354815.56,1656344.22
"2021-23281-19/09/2025","NORWOOD","CC OF NORWOOD,PAYNEHAM & ST PETERS",2,1,0,0,1,2021,"November","Tuesday","08:12 pm",50,"Sealed","Wet","Raining","Night","Hit Fixed Object",1,,,1331551.35,1671060.5
"2021-23284-19/09/2025","ROXBY DOWNS",,2,1,0,0,1,2021,"November","Tuesday","08:50 pm",110,"Sealed","Dry","Not Raining","Night","Hit Animal",2,,,1184454.26,2158689.05
"2021-23285-19/09/2025","WALLAROO MINES","COPPER COAST DISTRICT COUNCIL",2,1,0,0,1,2021,"November","Tuesday","11:50 pm",60,"Sealed","Dry","Not Raining","Night","Hit Parked Vehicle",1,,,1249160.8,1779916.12
"2021-23289-19/09/2025","KILBURN","CITY OF PORT ADELAIDE ENFIELD",2,1,0,0,1,2021,"November","Wednesday","08:50 am",50,"Sealed","Dry","Not Raining","Daylight","Right Turn",1,,,1328037.47,1677627.71
"2021-23292-19/09/2025","UNLEY","CITY OF UNLEY",2,1,0,0,1,2021,"November","Tuesday","04:00 pm",60,"Sealed","Dry","Not Raining","Daylight","Right Angle",1,,,1329090.63,1667778.43
"2021-23294-19/09/2025","NORTH ADELAIDE","CITY OF ADELAIDE",3,1,0,0,1,2021,"November","Wednesday","08:55 am",50,"Sealed","Wet","Not Raining","Daylight","Rear End",1,,,1327938.45,1671602.67
"2021-23298-19/09/2025","PORT NOARLUNGA","CITY OF ONKAPARINGA",2,1,0,0,1,2021,"November","Wednesday","12:13 pm",50,"Sealed","Dry","Not Raining","Daylight","Hit Fixed Object",1,,,1315818.25,1646567.82
"2021-23300-19/09/2025","KLEMZIG","CITY OF PORT ADELAIDE ENFIELD",2,1,0,0,1,2021,"November","Wednesday","12:10 pm",50,"Sealed","Dry","Not Raining","Daylight","Hit Fixed Object",1,,,1332688.19,1675947.4
"2021-23308-19/09/2025","HEATHFIELD","THE ADELAIDE HILLS COUNCIL",2,1,0,0,1,2021,"November","Tuesday","01:30 pm",80,"Sealed","Dry","Not Raining","Daylight","Rear End",2,,,1338292.57,1660344.83
"2021-23309-19/09/2025","GOOLWA BEACH","ALEXANDRINA COUNCIL",2,1,0,0,1,2021,"November","Monday","06:40 pm",50,"Sealed","Dry","Not Raining","Daylight","Rear End",2,,,1342347.74,1605805
"2021-23312-19/09/2025","EDWARDSTOWN","CC MARION.",4,1,0,0,1,2021,"November","Wednesday","02:53 pm",50,"Sealed","Dry","Not Raining","Daylight","Rear End",1,,,1325716.07,1664781.31
"2021-23313-19/09/2025","PARK HOLME","CC MARION.",2,1,0,0,1,2021,"November","Wednesday","03:52 pm",50,"Sealed","Dry","Not Raining","Daylight","Hit Parked Vehicle",1,,,1323753.99,1664205.43
"2021-23317-19/09/2025","CAREY GULLY","THE ADELAIDE HILLS COUNCIL",2,1,0,0,1,2021,"November","Wednesday","04:29 pm",80,"Sealed","Dry","Not Raining","Daylight","Right Angle",2,,,1343561.1,1665913.5
"2021-23322-19/09/2025","OTTOWAY","CITY OF PORT ADELAIDE ENFIELD",3,1,0,1,0,2021,"November","Wednesday","11:40 pm",60,"Sealed","Dry","Not Raining","Night","Hit Fixed Object",1,,"Y",1323003.13,1679140.86
"2021-23328-19/09/2025","SALISBURY NORTH","CITY OF SALISBURY",2,1,0,0,1,2021,"November","Thursday","10:18 am",60,"Sealed","Dry","Not Raining","Daylight","Right Angle",2,,,1332233.92,1689178.1
"2021-23332-19/09/2025","REYNELLA EAST","CITY OF ONKAPARINGA",2,1,0,0,1,2021,"December","Wednesday","02:50 pm",50,"Sealed","Dry","Not Raining","Daylight","Right Angle",2,,"Y",1324189.5,1652272.92
"2021-23334-19/09/2025","GRACE PLAINS","DC MALLALA.",2,2,0,1,1,2021,"November","Thursday","11:58 am",100,"Unsealed","Dry","Not Raining","Daylight","Right Angle",2,,,1322262.46,1732081.47
"2021-23338-19/09/2025","WARRADALE","CC MARION.",2,1,0,0,1,2021,"November","Thursday","01:37 pm",60,"Sealed","Dry","Not Raining","Daylight","Right Angle",2,,,1322655.42,1661624.06
"2021-23342-19/09/2025","TUSMORE","CITY OF BURNSIDE",3,1,0,0,1,2021,"November","Thursday","02:30 pm",60,"Sealed","Dry","Not Raining","Daylight","Hit Parked Vehicle",1,,,1332756.77,1669067.14
"2021-23348-19/09/2025","SOUTH PLYMPTON","CC MARION.",2,1,0,0,1,2021,"November","Thursday","05:42 pm",60,"Sealed","Dry","Not Raining","Daylight","Right Turn",1,,,1325053.44,1666137.81
"2021-23350-19/09/2025","INGLE FARM","CITY OF SALISBURY",2,2,0,0,2,2021,"November","Thursday","06:40 pm",60,"Sealed","Dry","Not Raining","Daylight","Hit Parked Vehicle",2,,"Y",1332997.85,1681468.14
"2021-23351-19/09/2025","MITCHAM","CC MITCHAM.",3,1,0,0,1,2021,"November","Thursday","02:15 pm",60,"Sealed","Dry","Not Raining","Daylight","Rear End",1,,,1330068.26,1664013.15
"2021-23352-19/09/2025","WALKLEY HEIGHTS","CITY OF PORT ADELAIDE ENFIELD",4,1,0,0,1,2021,"November","Thursday","04:30 pm",70,"Sealed","Dry","Not Raining","Daylight","Side Swipe",2,,,1333265.4,1679345.92
"2021-23356-19/09/2025","HOUGHTON","THE ADELAIDE HILLS COUNCIL",1,1,0,0,1,2021,"November","Thursday","10:30 pm",80,"Sealed","Dry","Not Raining","Night","Roll Over",1,,,1344218.94,1681458.06
"2021-23357-19/09/2025","HINDMARSH VALLEY","DC VICTOR HARBOR.",2,1,0,1,0,2021,"November","Thursday","10:30 pm",100,"Sealed","Dry","Not Raining","Night","Hit Fixed Object",1,,,1328456.17,1607736.06
"2021-23361-19/09/2025","SALISBURY","CITY OF SALISBURY",2,1,0,0,1,2021,"November","Friday","08:30 am",60,"Sealed","Dry","Not Raining","Daylight","Right Angle",2,,,1333449.7,1689383.07
"2021-23364-19/09/2025","SEAFORD RISE","CITY OF ONKAPARINGA",2,1,0,0,1,2021,"November","Friday","08:15 am",70,"Sealed","Dry","Not Raining","Daylight","Rear End",2,,,1316420.5,1640461.94
"2021-23365-19/09/2025","ALDINGA BEACH","CITY OF ONKAPARINGA",2,2,0,2,0,2021,"November","Friday","10:30 am",50,"Sealed","Dry","Not Raining","Daylight","Right Angle",2,,,1314651.75,1632394.35
"2021-23372-19/09/2025","KUITPO","CITY OF ONKAPARINGA",2,1,0,1,0,2021,"November","Friday","01:05 pm",80,"Sealed","Dry","Not Raining","Daylight","Hit Animal",2,,,1334769.74,1640465.46
"2021-23376-19/09/2025","KILKENNY","CITY OF CHARLES STURT",2,1,0,0,1,2021,"November","Wednesday","09:30 am",50,"Sealed","Wet","Raining","Daylight","Rear End",2,,,1324308.39,1676403.71
"2021-23382-19/09/2025","LEABROOK","CITY OF BURNSIDE",2,1,0,0,1,2021,"November","Friday","03:32 pm",50,"Sealed","Dry","Not Raining","Daylight","Hit Parked Vehicle",1,,,1333528.9,1670173.77
"2021-23385-19/09/2025","PARADISE","CC CAMPBELLTOWN.",2,1,0,0,1,2021,"November","Friday","04:15 pm",60,"Sealed","Dry","Not Raining","Daylight","Rear End",2,,,1334471.29,1676983.1
"2021-23386-19/09/2025","POORAKA","CITY OF SALISBURY",4,2,0,0,2,2021,"November","Friday","04:30 pm",70,"Sealed","Dry","Not Raining","Daylight","Rear End",1,,,1330545.47,1681820.15
"2021-23388-19/09/2025","WARNERTOWN","PT.PIRIE CITY & DIST. COUNCIL",1,1,0,0,1,2021,"November","Friday","07:35 am",110,"Sealed","Dry","Not Raining","Daylight","Roll Over",1,,,1293550.49,1854119.11
"2021-23389-19/09/2025","BALAKLAVA","WAKEFIELD REGIONAL COUNCIL",2,1,0,0,1,2021,"November","Friday","05:04 pm",100,"Sealed","Dry","Not Raining","Daylight","Hit Pedestrian",2,,,1317188.97,1758841.37
"2021-23392-19/09/2025","LONSDALE","CITY OF ONKAPARINGA",3,1,0,0,1,2021,"November","Friday","06:10 pm",80,"Sealed","Dry","Not Raining","Daylight","Rear End",2,,,1317823.83,1649782.83
"2021-23398-19/09/2025","BALAKLAVA","WAKEFIELD REGIONAL COUNCIL",1,1,0,1,0,2021,"November","Friday","04:30 pm",100,"Sealed","Dry","Not Raining","Daylight","Roll Over",1,,,1317435.37,1758945.33
"2021-23400-19/09/2025","MURRAY BRIDGE","RC MURRAY BRIDGE.",2,1,0,0,1,2021,"November","Friday","03:42 pm",50,"Sealed","Dry","Not Raining","Daylight","Hit Pedestrian",1,,,1389142.7,1645591.28
"2021-23403-19/09/2025","WOODVILLE PARK","CITY OF CHARLES STURT",2,1,0,0,1,2021,"November","Friday","03:15 pm",60,"Sealed","Dry","Not Raining","Daylight","Rear End",2,,,1324027.88,1675459.37
"2021-23404-19/09/2025","WATERLOO CORNER","CITY OF PLAYFORD.",2,1,0,0,1,2021,"November","Saturday","02:32 pm",110,"Sealed","Dry","Not Raining","Daylight","Hit Fixed Object",1,,,1326711.8,1694108.29
"2021-23405-19/09/2025","PORT ADELAIDE","CITY OF PORT ADELAIDE ENFIELD",2,1,0,0,1,2021,"November","Friday","08:48 pm",50,"Sealed","Dry","Not Raining","Night","Right Turn",1,,,1319930.48,1679830.82
"2021-23407-19/09/2025","BROWNLOW KI","KANGAROO ISLAND COUNCIL",2,1,0,1,0,2021,"November","Friday","05:30 pm",50,"Sealed","Dry","Not Raining","Daylight","Hit Fixed Object",1,"Y","Y",1236707.34,1590823.59
"2021-23408-19/09/2025","MUNNO PARA","CITY OF PLAYFORD.",1,1,0,0,1,2021,"November","Friday","10:25 pm",50,"Sealed","Dry","Not Raining","Night","Roll Over",1,,,1337699.09,1699269.81
"2021-23412-19/09/2025","GLENELG NORTH","CITY OF HOLDFAST BAY",2,1,0,0,1,2021,"November","Saturday","07:50 am",50,"Sealed","Dry","Not Raining","Daylight","Rear End",2,,,1320357.74,1665843.44
"2021-23413-19/09/2025","GEPPS CROSS","CITY OF PORT ADELAIDE ENFIELD",3,1,0,0,1,2021,"November","Saturday","09:21 am",60,"Sealed","Dry","Not Raining","Daylight","Rear End",1,,,1328821.62,1679280.51
"2021-23416-19/09/2025","URRBRAE","CC MITCHAM.",2,1,0,0,1,2021,"November","Saturday","10:28 am",60,"Sealed","Dry","Not Raining","Daylight","Right Turn",1,,,1330785.59,1665600.33
"2021-23417-19/09/2025","GLENSIDE","CITY OF BURNSIDE",4,1,0,0,1,2021,"November","Friday","05:00 pm",60,"Sealed","Dry","Not Raining","Daylight","Rear End",1,,,1331671.43,1669029.28
"2021-23420-19/09/2025","FLAGSTAFF HILL","CITY OF ONKAPARINGA",2,1,1,0,0,2021,"November","Saturday","10:35 am",50,"Sealed","Dry","Not Raining","Daylight","Side Swipe",1,,,1329441.94,1656339.36
"2021-23435-19/09/2025","ROBERTSTOWN","REGIONAL COUNCIL OF GOYDER",1,2,0,0,2,2021,"November","Saturday","05:20 pm",80,"Unsealed","Dry","Not Raining","Daylight","Left Road - Out of Control",1,"Y",,1371970.47,1772066.74
"2021-23437-19/09/2025","ENFIELD","CITY OF PORT ADELAIDE ENFIELD",2,1,0,0,1,2021,"November","Saturday","06:55 pm",50,"Sealed","Dry","Not Raining","Daylight","Right Angle",2,,,1329178.42,1678296.67
"2021-23438-19/09/2025","VENUS BAY","DC ELLISTON.",2,2,0,0,2,2021,"November","Saturday","12:30 pm",100,"Unsealed","Dry","Not Raining","Daylight","Hit Fixed Object",1,,,971311.01,1863382.6
"2021-23439-19/09/2025","MACDONALD PARK","CITY OF PLAYFORD.",2,1,0,0,1,2021,"November","Saturday","09:00 pm",60,"Sealed","Dry","Not Raining","Night","Head On",2,"Y",,1334422.36,1699669.31
"2021-23440-19/09/2025","ROSEWORTHY","LIGHT REGIONAL COUNCIL",2,1,0,0,1,2021,"November","Saturday","11:12 pm",50,"Sealed","Dry","Not Raining","Night","Rear End",2,,,1343397.75,1713448.72
"2021-23444-19/09/2025","ELIZABETH PARK","CITY OF PLAYFORD.",2,1,0,1,0,2021,"November","Sunday","03:45 am",60,"Sealed","Dry","Not Raining","Night","Hit Fixed Object",1,"Y",,1337119.59,1693422.39
"2021-23445-19/09/2025","INGLE FARM","CITY OF SALISBURY",2,1,0,1,0,2021,"November","Sunday","06:50 am",70,"Sealed","Dry","Not Raining","Daylight","Right Angle",1,,,1332124.43,1681793.89
"2021-23447-19/09/2025","COCKATOO VALLEY","THE BAROSSA COUNCIL.",2,1,0,0,1,2021,"November","Sunday","07:45 am",100,"Sealed","Dry","Not Raining","Daylight","Hit Animal",2,,,1352501.73,1702666.61
"2021-23448-19/09/2025","PARALOWIE","CITY OF SALISBURY",3,2,0,2,0,2021,"November","Sunday","06:28 am",90,"Sealed","Dry","Not Raining","Daylight","Hit Fixed Object",1,,"Y",1328430.15,1688806.35
"2021-23449-19/09/2025","MUNDULLA WEST","DC TATIARA.",2,2,0,0,2,2021,"November","Sunday","08:50 am",110,"Sealed","Dry","Not Raining","Daylight","Right Angle",2,,,1501323.4,1504066.84
"2021-23450-19/09/2025","WALKERVILLE","WALKERVILLE TOWN COUNCIL",2,1,0,0,1,2021,"November","Saturday","10:50 am",60,"Sealed","Dry","Not Raining","Daylight","Rear End",1,,,1329495.38,1674243.17
"2021-23451-19/09/2025","MOUNT GAMBIER","CC MT.GAMBIER.",2,1,0,0,1,2021,"November","Sunday","12:10 pm",40,"Sealed","Dry","Not Raining","Daylight","Roll Over",1,,,1508287.84,1338831.53
"2021-23455-19/09/2025","FERRYDEN PARK","CITY OF PORT ADELAIDE ENFIELD",2,1,0,0,1,2021,"November","Sunday","12:30 pm",50,"Sealed","Dry","Not Raining","Daylight","Hit Fixed Object",1,,,1325095.88,1676447.79
"2021-23458-19/09/2025","UNDERDALE","CITY OF WEST TORRENS",2,1,0,0,1,2021,"November","Saturday","08:00 am",60,"Sealed","Dry","Not Raining","Daylight","Rear End",2,,,1323851.85,1670942.12
"2021-23459-19/09/2025","GOOLWA SOUTH","ALEXANDRINA COUNCIL",2,1,0,0,1,2021,"November","Sunday","02:30 pm",40,"Unsealed","Dry","Not Raining","Daylight","Hit Pedestrian",1,,,1342105.83,1603933.67
"2021-23463-19/09/2025","MONTACUTE","THE ADELAIDE HILLS COUNCIL",1,1,0,1,0,2021,"November","Sunday","05:11 pm",80,"Sealed","Dry","Not Raining","Daylight","Roll Over",9,,,1343715.31,1672440.56
"2021-23468-19/09/2025","HILTON","CITY OF WEST TORRENS",2,4,0,0,4,2021,"November","Sunday","05:55 pm",60,"Sealed","Dry","Not Raining","Daylight","Rear End",2,,,1325770.44,1670232.08
"2021-23478-19/09/2025","PARADISE","CC CAMPBELLTOWN.",2,1,0,0,1,2021,"November","Monday","07:55 am",60,"Sealed","Dry","Not Raining","Daylight","Hit Pedestrian",2,,,1335067.18,1676092.49
"2021-23479-19/09/2025","ALDGATE","THE ADELAIDE HILLS COUNCIL",2,1,0,0,1,2021,"November","Sunday","09:00 pm",50,"Sealed","Dry","Not Raining","Night","Hit Fixed Object",1,,,1340250.49,1660261.39
"2021-23482-19/09/2025","HACKNEY","CC OF NORWOOD,PAYNEHAM & ST PETERS",2,1,0,0,1,2021,"November","Monday","08:30 am",60,"Sealed","Dry","Not Raining","Daylight","Right Angle",2,,,1329820.01,1671828.21
"2021-23490-19/09/2025","RENMARK","DC RENMARK PARINGA",2,1,0,0,1,2021,"November","Monday","11:25 am",60,"Sealed","Dry","Not Raining","Daylight","Hit Fixed Object",1,,,1531227.24,1744485.54
"2021-23492-19/09/2025","MELROSE PARK","CC MITCHAM.",2,1,0,0,1,2021,"November","Monday","02:10 pm",60,"Sealed","Dry","Not Raining","Daylight","Side Swipe",2,,,1325911.02,1664732.35
"2021-23494-19/09/2025","FERRYDEN PARK","CITY OF PORT ADELAIDE ENFIELD",4,1,0,0,1,2021,"November","Monday","02:15 pm",50,"Sealed","Dry","Not Raining","Daylight","Hit Parked Vehicle",1,,,1324823.26,1677148.64
"2021-23500-19/09/2025","PROSPECT","CITY OF PROSPECT",1,1,0,0,1,2021,"November","Monday","04:50 pm",50,"Sealed","Dry","Not Raining","Daylight","Roll Over",9,,,1328507.4,1676836.22
"2021-23503-19/09/2025","HOPE VALLEY","CITY OF TEA TREE GULLY",3,1,0,1,0,2021,"November","Monday","05:55 pm",60,"Sealed","Dry","Not Raining","Daylight","Hit Fixed Object",1,,,1336917.21,1679496.26
"2021-23524-19/09/2025","GERANIUM","SOUTHERN MALLEE DISTRICT COUNCIL",1,1,1,0,0,2021,"November","Tuesday","10:08 am",80,"Sealed","Dry","Not Raining","Daylight","Roll Over",1,,,1468700.02,1600054.6
"2021-23525-19/09/2025","WEST BEACH","CITY OF WEST TORRENS",2,1,0,0,1,2021,"November","Tuesday","02:36 pm",50,"Sealed","Dry","Not Raining","Daylight","Head On",2,,,1320184.4,1667331.94
"2021-23536-19/09/2025","MOUNT GAMBIER","CC MT.GAMBIER.",2,1,0,1,0,2021,"November","Tuesday","05:05 pm",50,"Sealed","Dry","Not Raining","Daylight","Right Angle",1,,,1509566.08,1340181.02
"2021-23541-19/09/2025","UNDERDALE","CITY OF WEST TORRENS",4,1,0,0,1,2021,"November","Tuesday","06:05 pm",60,"Sealed","Dry","Not Raining","Daylight","Rear End",1,,,1323851.85,1670942.12
"2021-23544-19/09/2025","MUNNO PARA","CITY OF PLAYFORD.",4,1,0,0,1,2021,"November","Tuesday","07:40 pm",50,"Sealed","Dry","Not Raining","Daylight","Hit Fixed Object",1,,,1337227.35,1698556.47
"2021-23545-19/09/2025","HUNTFIELD HEIGHTS","CITY OF ONKAPARINGA",2,1,0,0,1,2021,"November","Tuesday","07:40 pm",60,"Sealed","Dry","Not Raining","Daylight","Hit Pedestrian",1,,,1320864.95,1646550.7
"2021-23548-19/09/2025","SEATON","CITY OF CHARLES STURT",2,1,0,0,1,2021,"December","Wednesday","03:20 am",60,"Sealed","Dry","Not Raining","Night","Right Angle",1,,,1320770.29,1673572.29
"2021-23549-19/09/2025","PARAFIELD GARDENS","CITY OF SALISBURY",2,1,0,0,1,2021,"December","Wednesday","05:05 am",60,"Sealed","Dry","Not Raining","Night","Hit Fixed Object",1,,,1331386.82,1686755.97