"REPORT_ID","Suburb","LGA Name","Total Units","Total Cas","Total Fats","Total SI","Total MI","Year","Month","Day","Time","Area Speed","Road Surface","Moisture Cond","Weather Cond","DayNight","Crash Type","Unit Resp","DUI Involved","Drugs Involved","ACCLOC_X","ACCLOC_Y"
"2021-23551-19/09/2025","LARGS NORTH","CITY OF PORT ADELAIDE ENFIELD",2,1,0,0,1,2021,"December","Wednesday","06:09 am",60,"Sealed","Dry","Not Raining","Daylight","Right Angle",1,,,1319279.56,1683568.92
"2021-23552-19/09/2025","WALKLEY HEIGHTS","CITY OF SALISBURY",4,2,0,1,1,2021,"December","Wednesday","07:34 am",60,"Sealed","Dry","Not Raining","Daylight","Rear End",1,,,1331258.29,1680682.96
"2021-23559-19/09/2025","PARADISE","CC CAMPBELLTOWN.",2,2,0,0,2,2021,"November","Tuesday","04:30 pm",60,"Sealed","Dry","Not Raining","Daylight","Right Turn",1,,,1335190,1675919.89
"2021-23560-19/09/2025","TORRENSVILLE","CITY OF WEST TORRENS",2,1,0,1,0,2021,"December","Wednesday","08:00 am",50,"Sealed","Dry","Not Raining","Daylight","Hit Fixed Object",1,,,1324956.76,1671502.59
"2021-23562-19/09/2025","HOPE VALLEY","CITY OF TEA TREE GULLY",2,2,0,0,2,2021,"November","Tuesday","03:15 pm",60,"Sealed","Dry","Not Raining","Daylight","Right Angle",1,,,1338490.16,1679538.76
"2021-23565-19/09/2025","MOUNT BARKER","DC MT.BARKER.",2,1,0,0,1,2021,"December","Wednesday","11:00 am",60,"Sealed","Dry","Not Raining","Daylight","Right Angle",2,,,1351140.64,1654571.45
"2021-23568-19/09/2025","SALISBURY","CITY OF SALISBURY",2,1,0,0,1,2021,"December","Wednesday","12:01 pm",60,"Sealed","Dry","Not Raining","Daylight","Hit Pedestrian",2,,,1333389.6,1688248.34
"2021-23569-19/09/2025","MOUNT GAMBIER","CC MT.GAMBIER.",2,1,0,1,0,2021,"December","Wednesday","01:00 pm",60,"Sealed","Dry","Not Raining","Daylight","Hit Pedestrian",2,,,1510778.62,1340230.79
"2021-23578-19/09/2025","MUNNO PARA","CITY OF PLAYFORD.",2,2,0,0,2,2021,"December","Wednesday","02:19 pm",80,"Sealed","Dry","Not Raining","Daylight","Right Angle",2,,,1338215.81,1697721.36
"2021-23581-19/09/2025","SALISBURY","CITY OF SALISBURY",2,5,0,0,5,2021,"December","Wednesday","03:05 pm",60,"Sealed","Dry","Not Raining","Daylight","Right Angle",1,,,1332408.12,1688037.34
"2021-23582-19/09/2025","ADELAIDE","CITY OF ADELAIDE",3,1,0,0,1,2021,"December","Wednesday","03:42 pm",50,"Sealed","Dry","Not Raining","Daylight","Rear End",2,,,1329700.39,1670386.54
"2021-23583-19/09/2025","SEACLIFF PARK","CITY OF HOLDFAST BAY",2,1,0,0,1,2021,"December","Wednesday","02:45 pm",60,"Sealed","Dry","Not Raining","Daylight","Rear End",2,,"Y",1321417.71,1659333.6
"2021-23584-19/09/2025","OLD NOARLUNGA","CITY OF ONKAPARINGA",2,1,0,0,1,2021,"December","Wednesday","03:55 pm",60,"Sealed","Dry","Not Raining","Daylight","Rear End",2,,,1317807.94,1642357.75
"2021-23586-19/09/2025","ALDGATE","THE ADELAIDE HILLS COUNCIL",2,1,0,0,1,2021,"December","Wednesday","04:02 pm",50,"Sealed","Dry","Not Raining","Daylight","Right Angle",1,,,1339740.52,1660164.57
"2021-23587-19/09/2025","ST MORRIS","CC OF NORWOOD,PAYNEHAM & ST PETERS",2,2,0,1,1,2021,"December","Wednesday","05:07 pm",60,"Sealed","Dry","Not Raining","Daylight","Right Angle",2,"Y",,1333244.3,1671788.45
"2021-23588-19/09/2025","ST MORRIS","CC OF NORWOOD,PAYNEHAM & ST PETERS",2,1,0,1,0,2021,"December","Wednesday","05:55 pm",60,"Sealed","Dry","Not Raining","Daylight","Right Angle",2,,,1333620.65,1671798.5
"2021-23589-19/09/2025","CHRISTIES BEACH","CITY OF ONKAPARINGA",2,2,0,0,2,2021,"December","Wednesday","06:20 pm",60,"Sealed","Dry","Not Raining","Daylight","Right Angle",2,,,1317355.86,1648343.09
"2021-23590-19/09/2025","EASTWOOD","CITY OF BURNSIDE",2,1,0,0,1,2021,"December","Wednesday","02:30 pm",60,"Sealed","Dry","Not Raining","Daylight","Rear End",2,,,1330538.64,1669019.4
"2021-23592-19/09/2025","WOODCROFT","CITY OF ONKAPARINGA",2,1,0,0,1,2021,"December","Wednesday","07:15 pm",60,"Sealed","Dry","Not Raining","Daylight","Hit Pedestrian",2,,,1323684.92,1651100.27
"2021-23601-19/09/2025","SALISBURY DOWNS","CITY OF SALISBURY",2,1,0,0,1,2021,"December","Thursday","06:34 am",60,"Sealed","Dry","Not Raining","Daylight","Hit Pedestrian",1,,,1331442.92,1686831.6
"2021-23602-19/09/2025","THEBARTON","CITY OF WEST TORRENS",2,1,0,0,1,2021,"December","Thursday","06:50 am",60,"Sealed","Dry","Not Raining","Daylight","Rear End",1,,,1326533.86,1672108.54
"2021-23603-19/09/2025","ALLENBY GARDENS","CITY OF CHARLES STURT",5,1,0,0,1,2021,"November","Tuesday","08:25 am",60,"Sealed","Dry","Not Raining","Daylight","Rear End",2,,,1324554.13,1673188.84
"2021-23604-19/09/2025","DUBLIN","DC MALLALA.",1,1,0,0,1,2021,"December","Thursday","06:15 am",100,"Sealed","Dry","Not Raining","Daylight","Roll Over",1,,"Y",1313490.06,1721379.84
"2021-23605-19/09/2025","KENSINGTON","CC OF NORWOOD,PAYNEHAM & ST PETERS",2,1,0,0,1,2021,"December","Thursday","09:00 am",60,"Sealed","Dry","Not Raining","Daylight","Right Turn",1,,,1332704.45,1671084.38
"2021-23606-19/09/2025","SALISBURY HEIGHTS","CITY OF SALISBURY",2,2,0,0,2,2021,"December","Thursday","08:25 am",60,"Sealed","Dry","Not Raining","Daylight","Right Turn",1,,,1336144.67,1687778.05
"2021-23610-19/09/2025","HACKNEY","CC OF NORWOOD,PAYNEHAM & ST PETERS",2,1,0,0,1,2021,"December","Thursday","10:15 am",60,"Sealed","Dry","Not Raining","Daylight","Side Swipe",1,,,1329881.23,1671445.97
"2021-23611-19/09/2025","NURIOOTPA","LIGHT REGIONAL COUNCIL",2,2,0,0,2,2021,"December","Thursday","09:20 am",60,"Sealed","Dry","Not Raining","Daylight","Right Angle",1,,,1364772.29,1720072.41
"2021-23612-19/09/2025","THEBARTON","CITY OF WEST TORRENS",3,1,0,0,1,2021,"December","Wednesday","01:10 pm",60,"Sealed","Dry","Not Raining","Daylight","Rear End",1,,,1326578.58,1671690.95
"2021-23613-19/09/2025","NURIOOTPA","THE BAROSSA COUNCIL.",2,2,0,0,2,2021,"December","Thursday","11:53 am",60,"Sealed","Dry","Not Raining","Daylight","Right Angle",2,,,1365347.68,1719916.25
"2021-23615-19/09/2025","HOLDEN HILL","CITY OF TEA TREE GULLY",2,1,0,0,1,2021,"December","Thursday","12:39 pm",50,"Sealed","Dry","Not Raining","Daylight","Right Turn",2,,,1334777.68,1678281.16
"2021-23616-19/09/2025","STIRLING","THE ADELAIDE HILLS COUNCIL",1,1,0,0,1,2021,"December","Thursday","12:09 pm",50,"Sealed","Dry","Not Raining","Daylight","Roll Over",1,,,1338674.84,1660975.28
"2021-23626-19/09/2025","WINDSOR GARDENS","CITY OF PORT ADELAIDE ENFIELD",2,1,0,0,1,2021,"December","Thursday","04:10 pm",60,"Sealed","Dry","Not Raining","Daylight","Side Swipe",1,,,1332828.22,1677244.59
"2021-23629-19/09/2025","MORPHETT VALE","CITY OF ONKAPARINGA",2,1,0,0,1,2021,"December","Thursday","03:15 pm",60,"Sealed","Dry","Not Raining","Daylight","Right Angle",2,,,1320801.81,1649043.97
"2021-23630-19/09/2025","SALISBURY PARK","CITY OF SALISBURY",4,1,0,0,1,2021,"December","Thursday","05:50 pm",80,"Sealed","Dry","Not Raining","Daylight","Rear End",1,,,1335477.43,1688157.16
"2021-23632-19/09/2025","HAPPY VALLEY","CITY OF ONKAPARINGA",2,1,0,0,1,2021,"December","Thursday","06:07 pm",50,"Sealed","Dry","Not Raining","Daylight","Hit Parked Vehicle",1,,,1324981.55,1652389.97
"2021-23634-19/09/2025","LYNDOCH","THE BAROSSA COUNCIL.",2,1,0,0,1,2021,"December","Thursday","05:45 pm",50,"Sealed","Dry","Not Raining","Daylight","Head On",2,,,1354468.23,1706661.15
"2021-23641-19/09/2025","WEST LAKES","CITY OF CHARLES STURT",2,1,0,0,1,2021,"December","Friday","07:52 am",50,"Sealed","Dry","Not Raining","Daylight","Hit Pedestrian",2,,,1319253.75,1676070.45
"2021-23643-19/09/2025","GERMAN FLAT","DISTRICT COUNCIL OF GRANT",2,1,0,0,1,2021,"December","Thursday","05:00 pm",110,"Sealed","Dry","Not Raining","Daylight","Hit Fixed Object",1,,,1483484.67,1346728.22
"2021-23647-19/09/2025","NURIOOTPA","THE BAROSSA COUNCIL.",2,1,0,0,1,2021,"December","Thursday","02:40 pm",80,"Sealed","Dry","Not Raining","Daylight","Rear End",2,,,1365357.19,1716791.02
"2021-23649-19/09/2025","KINGS PARK","CITY OF UNLEY",2,1,0,0,1,2021,"December","Friday","10:01 am",60,"Sealed","Dry","Not Raining","Daylight","Hit Pedestrian",1,,,1327502.76,1666376.43
"2021-23650-19/09/2025","PLYMPTON","CITY OF WEST TORRENS",3,1,0,1,0,2021,"December","Friday","09:30 am",60,"Sealed","Dry","Not Raining","Daylight","Hit Pedestrian",1,,,1323622.51,1666113.82
"2021-23654-19/09/2025","KERSBROOK","THE ADELAIDE HILLS COUNCIL",1,1,0,0,1,2021,"December","Friday","11:15 am",100,"Sealed","Dry","Not Raining","Daylight","Roll Over",1,,,1351271.83,1694874.42
"2021-23656-19/09/2025","SPRINGTON","THE BAROSSA COUNCIL.",2,1,0,0,1,2021,"December","Friday","07:45 am",50,"Sealed","Dry","Not Raining","Daylight","Right Angle",1,,,1373969.33,1693083.09
"2021-23658-19/09/2025","EDWARDSTOWN","CC MARION.",2,1,0,0,1,2021,"December","Friday","12:00 pm",50,"Sealed","Dry","Not Raining","Daylight","Rear End",2,,,1325176.43,1664768.72
"2021-23660-19/09/2025","HALLETT COVE","CC MARION.",2,1,0,0,1,2021,"December","Friday","07:00 am",60,"Sealed","Dry","Not Raining","Daylight","Right Angle",2,,,1319052.18,1654222.75
"2021-23661-19/09/2025","NOARLUNGA CENTRE","CITY OF ONKAPARINGA",2,1,0,0,1,2021,"December","Friday","01:05 pm",60,"Sealed","Dry","Not Raining","Daylight","Right Angle",2,,,1317568.99,1647433.96
"2021-23663-19/09/2025","PORT ADELAIDE","CITY OF PORT ADELAIDE ENFIELD",3,1,0,0,1,2021,"December","Friday","02:42 pm",50,"Sealed","Dry","Not Raining","Daylight","Rear End",2,,,1319790.22,1679903.22
"2021-23666-19/09/2025","WINGFIELD","CITY OF PORT ADELAIDE ENFIELD",3,1,0,0,1,2021,"December","Friday","03:00 pm",50,"Sealed","Dry","Not Raining","Daylight","Rear End",1,,,1323897.54,1679797.24
"2021-23667-19/09/2025","ELIZABETH SOUTH","CITY OF PLAYFORD.",4,1,0,0,1,2021,"December","Friday","02:53 pm",60,"Sealed","Dry","Not Raining","Daylight","Rear End",1,,,1334245.81,1689769.87
"2021-23668-19/09/2025","ELIZABETH","CITY OF PLAYFORD.",2,1,0,0,1,2021,"December","Friday","03:06 pm",60,"Sealed","Dry","Not Raining","Daylight","Right Turn",1,,,1335401.81,1692746.36
"2021-23672-19/09/2025","GLENGOWRIE","CC MARION.",2,1,0,0,1,2021,"October","Saturday","04:00 pm",60,"Sealed","Dry","Not Raining","Daylight","Right Angle",1,,,1322689.23,1663557.47
"2021-23673-19/09/2025","PELICAN LAGOON","KANGAROO ISLAND COUNCIL",3,4,0,0,4,2021,"December","Friday","12:54 pm",100,"Sealed","Dry","Not Raining","Daylight","Right Turn",2,,"Y",1248358.28,1571321.29
"2021-23679-19/09/2025","LEABROOK","CITY OF BURNSIDE",2,1,0,0,1,2021,"December","Friday","06:25 pm",60,"Sealed","Dry","Not Raining","Daylight","Rear End",2,,,1333843.25,1670459.88
"2021-23680-19/09/2025","PENNINGTON","CITY OF CHARLES STURT",1,1,0,0,1,2021,"December","Friday","05:35 pm",50,"Sealed","Dry","Not Raining","Daylight","Roll Over",1,"Y","Y",1323120.52,1678479.22
"2021-23688-19/09/2025","PORT NOARLUNGA","CITY OF ONKAPARINGA",2,1,0,0,1,2021,"December","Friday","11:43 pm",50,"Sealed","Dry","Not Raining","Night","Hit Parked Vehicle",1,"Y",,1315827.52,1646887.47
"2021-23690-19/09/2025","BROADVIEW","CITY OF PROSPECT",2,1,0,0,1,2021,"December","Saturday","06:50 am",60,"Sealed","Dry","Not Raining","Daylight","Right Angle",2,,,1330477.57,1675215.65
"2021-23694-19/09/2025","VIRGINIA","CITY OF PLAYFORD.",3,1,0,0,1,2021,"December","Saturday","09:50 am",80,"Sealed","Dry","Not Raining","Daylight","Right Angle",1,,,1328371.64,1699225.45
"2021-23696-19/09/2025","BRIGHTON","CITY OF HOLDFAST BAY",2,1,0,0,1,2021,"December","Saturday","10:28 am",50,"Sealed","Dry","Not Raining","Daylight","Rear End",2,,,1320478.74,1660789.06
"2021-23697-19/09/2025","BRAHMA LODGE","CITY OF SALISBURY",2,1,0,0,1,2021,"December","Friday","03:30 pm",80,"Sealed","Dry","Not Raining","Daylight","Rear End",2,,,1334683.43,1687186.41
"2021-23698-19/09/2025","CLARENDON","CITY OF ONKAPARINGA",2,1,0,0,1,2021,"December","Saturday","10:51 am",80,"Sealed","Dry","Not Raining","Daylight","Rear End",1,,,1331361.77,1649000.23
"2021-23699-19/09/2025","MOUNT BARKER","DC MT.BARKER.",2,2,0,0,2,2021,"December","Friday","03:37 pm",60,"Sealed","Dry","Not Raining","Daylight","Rear End",2,,,1351409.02,1653530.17
"2021-23702-19/09/2025","PLYMPTON","CITY OF WEST TORRENS",2,1,0,0,1,2021,"December","Saturday","10:30 am",60,"Sealed","Dry","Not Raining","Daylight","Rear End",1,,,1324227.97,1666559.26
"2021-23703-19/09/2025","VIRGINIA","CITY OF PLAYFORD.",3,2,0,0,2,2021,"December","Saturday","11:45 am",90,"Sealed","Dry","Not Raining","Daylight","Right Turn",1,,,1326421.71,1696569.21
"2021-23710-19/09/2025","MEADOWS","DC MT.BARKER.",2,1,0,0,1,2021,"December","Saturday","02:21 pm",100,"Sealed","Dry","Not Raining","Daylight","Hit Fixed Object",1,,,1341824.27,1643188.97
"2021-23712-19/09/2025","GRANGE","CITY OF CHARLES STURT",2,1,0,0,1,2021,"December","Saturday","04:15 pm",60,"Sealed","Dry","Not Raining","Daylight","Hit Parked Vehicle",1,,,1319454.95,1674683.78
"2021-23715-19/09/2025","ADELAIDE","CITY OF ADELAIDE",3,2,0,0,2,2021,"December","Saturday","03:55 pm",60,"Sealed","Dry","Not Raining","Daylight","Rear End",1,,,1327359.49,1670486.3
"2021-23723-19/09/2025","HOVE","CITY OF HOLDFAST BAY",2,1,0,1,0,2021,"December","Saturday","08:15 pm",60,"Sealed","Dry","Not Raining","Daylight","Hit Pedestrian",2,,,1321110.27,1661589.71
"2021-23725-19/09/2025","SALISBURY DOWNS","CITY OF SALISBURY",2,1,0,0,1,2021,"December","Saturday","10:50 pm",60,"Sealed","Dry","Not Raining","Night","Right Angle",1,,,1331457.7,1686824.67
"2021-23726-19/09/2025","PORT AUGUSTA WEST","CC PT.AUGUSTA.",2,1,0,0,1,2021,"December","Saturday","11:00 pm",50,"Sealed","Dry","Not Raining","Night","Hit Fixed Object",1,"Y",,1258100.31,1944482.6
"2021-23727-19/09/2025","WILLUNGA HILL","ALEXANDRINA COUNCIL",2,1,0,1,0,2021,"December","Sunday","04:00 am",100,"Sealed","Dry","Not Raining","Night","Hit Fixed Object",1,"Y",,1325452.46,1628131.51
"2021-23728-19/09/2025","GAWLER RIVER","LIGHT REGIONAL COUNCIL",3,1,0,1,0,2021,"December","Sunday","03:00 am",80,"Unsealed","Dry","Not Raining","Night","Hit Fixed Object",1,,,1332417.26,1706566.34
"2021-23730-19/09/2025","RIDGEHAVEN","CITY OF TEA TREE GULLY",2,1,0,0,1,2021,"December","Sunday","09:15 am",60,"Sealed","Dry","Not Raining","Daylight","Right Angle",1,,,1337429.53,1681233.58
"2021-23736-19/09/2025","HOVE","CITY OF HOLDFAST BAY",2,1,0,0,1,2021,"December","Sunday","11:30 am",50,"Sealed","Dry","Not Raining","Daylight","Hit Fixed Object",1,,,1320212.29,1661622.96
"2021-23739-19/09/2025","GOLDEN GROVE","CITY OF TEA TREE GULLY",2,1,0,0,1,2021,"December","Sunday","11:45 am",80,"Sealed","Dry","Not Raining","Daylight","Rear End",2,,,1342771.2,1687234.54
"2021-23745-19/09/2025","BURTON","CITY OF SALISBURY",2,1,0,0,1,2021,"December","Sunday","01:20 pm",60,"Sealed","Dry","Not Raining","Daylight","Right Angle",2,,,1330151.76,1690822.54
"2021-23746-19/09/2025","LEAWOOD GARDENS","CITY OF BURNSIDE",2,1,0,0,1,2021,"December","Sunday","02:55 pm",60,"Sealed","Dry","Not Raining","Daylight","Rear End",1,,,1335268.37,1665274.54
"2021-23748-19/09/2025","ATHOL PARK","CITY OF PORT ADELAIDE ENFIELD",2,1,0,0,1,2021,"December","Sunday","04:00 pm",60,"Sealed","Dry","Not Raining","Daylight","Hit Pedestrian",2,,,1323913.39,1678811.71
"2021-23750-19/09/2025","WEST CROYDON","CITY OF CHARLES STURT",2,1,0,1,0,2021,"December","Sunday","06:00 pm",60,"Sealed","Dry","Not Raining","Daylight","Hit Pedestrian",2,,,1324649.55,1674245.6
"2021-23752-19/09/2025","MCLAREN VALE","CITY OF ONKAPARINGA",3,3,0,0,3,2021,"December","Sunday","04:55 pm",80,"Sealed","Dry","Not Raining","Daylight","Right Angle",2,,,1322263.95,1639474.19
"2021-23753-19/09/2025","BURTON","CITY OF SALISBURY",2,1,0,0,1,2021,"December","Sunday","07:58 pm",60,"Sealed","Dry","Not Raining","Daylight","Hit Pedestrian",1,,,1329628.23,1691237.6
"2021-23756-19/09/2025","GULFVIEW HEIGHTS","CITY OF SALISBURY",2,1,0,0,1,2021,"December","Monday","12:17 am",50,"Sealed","Dry","Not Raining","Night","Hit Parked Vehicle",1,,,1334866.44,1685398.7
"2021-23765-19/09/2025","BELAIR","CC MITCHAM.",2,1,0,0,1,2021,"December","Monday","10:21 am",60,"Sealed","Dry","Not Raining","Daylight","Roll Over",1,,,1332667.96,1660487.86
"2021-23766-19/09/2025","TOORAK GARDENS","CITY OF BURNSIDE",2,1,0,0,1,2021,"December","Monday","10:45 am",60,"Sealed","Dry","Not Raining","Daylight","Right Angle",2,,,1332281.44,1670031.47
"2021-23768-19/09/2025","THEBARTON","CITY OF WEST TORRENS",2,1,0,1,0,2021,"December","Friday","05:00 pm",60,"Sealed","Dry","Not Raining","Daylight","Side Swipe",2,,,1326555.4,1671678.49
"2021-23770-19/09/2025","STURT","CC MARION.",2,2,0,0,2,2021,"December","Monday","11:52 am",60,"Sealed","Dry","Not Raining","Daylight","Right Turn",2,,,1324403.19,1660679.72
"2021-23772-19/09/2025","BEDFORD PARK","CC MITCHAM.",2,1,0,0,1,2021,"December","Monday","12:30 pm",60,"Sealed","Dry","Not Raining","Daylight","Rear End",2,,,1325724.1,1660702.39
"2021-23776-19/09/2025","HACKHAM WEST","CITY OF ONKAPARINGA",2,4,0,0,4,2021,"December","Monday","12:57 pm",60,"Sealed","Dry","Not Raining","Daylight","Right Turn",2,,,1320847.03,1647531.84
"2021-23784-19/09/2025","KLEMZIG","CITY OF PORT ADELAIDE ENFIELD",2,1,0,0,1,2021,"December","Monday","02:30 pm",60,"Sealed","Dry","Not Raining","Daylight","Rear End",2,,,1332068.73,1676591.63
"2021-23785-19/09/2025","ROSSLYN PARK","CITY OF BURNSIDE",2,1,0,0,1,2021,"December","Monday","07:30 am",60,"Sealed","Dry","Not Raining","Daylight","Right Angle",2,,,1335500.57,1671157.56
"2021-23786-19/09/2025","URANIA","YORKE PENINSULA COUNCIL",1,1,0,0,1,2021,"December","Monday","09:00 am",100,"Unsealed","Dry","Not Raining","Daylight","Roll Over",1,,,1237468.1,1722588.43
"2021-23788-19/09/2025","MORPHETT VALE","CITY OF ONKAPARINGA",3,1,0,1,0,2021,"December","Monday","04:50 pm",80,"Sealed","Dry","Not Raining","Daylight","Hit Fixed Object",1,,,1323125.76,1648769.35
"2021-23794-19/09/2025","KLEMZIG","CITY OF PORT ADELAIDE ENFIELD",2,1,0,0,1,2021,"December","Monday","04:50 pm",60,"Sealed","Dry","Not Raining","Daylight","Rear End",1,,,1331713.02,1676270.48
"2021-23798-19/09/2025","CRYSTAL BROOK","PT.PIRIE CITY & DIST. COUNCIL",2,1,0,1,0,2021,"December","Monday","08:21 pm",60,"Sealed","Dry","Not Raining","Night","Hit Fixed Object",1,,,1297467.52,1846989.52
"2021-23801-19/09/2025","NORTH ADELAIDE","CITY OF ADELAIDE",2,1,0,1,0,2021,"December","Tuesday","05:26 am",50,"Sealed","Wet","Raining","Night","Hit Pedestrian",2,,,1328459.65,1672274.06
"2021-23803-19/09/2025","KESWICK","CITY OF WEST TORRENS",2,1,0,0,1,2021,"December","Tuesday","07:17 am",60,"Sealed","Dry","Not Raining","Daylight","Right Turn",1,,,1326549.19,1668970.9
"2021-23805-19/09/2025","GOLDEN GROVE","CITY OF TEA TREE GULLY",2,1,0,0,1,2021,"December","Tuesday","08:00 am",60,"Sealed","Dry","Not Raining","Daylight","Rear End",2,,"Y",1339692.13,1685785.8
"2021-23809-19/09/2025","MOUNT CRAWFORD","THE BAROSSA COUNCIL.",2,4,1,3,0,2021,"December","Tuesday","05:40 am",100,"Sealed","Wet","Not Raining","Night","Hit Fixed Object",1,,"Y",1361599.93,1688624.84
"2021-23814-19/09/2025","MAWSON LAKES","CITY OF SALISBURY",2,1,0,0,1,2021,"December","Monday","05:30 pm",70,"Sealed","Dry","Not Raining","Daylight","Rear End",2,,,1329501.12,1684369.35
"2021-23818-19/09/2025","PETWOOD","DC MT.BARKER.",2,1,0,0,1,2021,"December","Tuesday","08:20 am",110,"Sealed","Dry","Not Raining","Daylight","Hit Animal",2,,,1360710.62,1651666.38
"2021-23823-19/09/2025","PROSPECT","CITY OF PROSPECT",2,1,0,0,1,2021,"December","Monday","09:20 pm",50,"Sealed","Dry","Not Raining","Night","Right Angle",2,,,1328055.04,1676826.11
"2021-23824-19/09/2025","HAYBOROUGH","DC VICTOR HARBOR.",3,2,0,0,2,2021,"December","Tuesday","12:20 pm",50,"Sealed","Dry","Not Raining","Daylight","Hit Parked Vehicle",1,,,1330887.51,1602837.31
"2021-23825-19/09/2025","NOARLUNGA CENTRE","CITY OF ONKAPARINGA",2,1,0,0,1,2021,"December","Tuesday","12:30 pm",60,"Sealed","Dry","Not Raining","Daylight","Right Turn",2,,,1317362.94,1647424.75
"2021-23826-19/09/2025","WALKERVILLE","WALKERVILLE TOWN COUNCIL",2,1,0,0,1,2021,"December","Monday","07:30 pm",60,"Sealed","Dry","Not Raining","Daylight","Rear End",2,,,1329495.38,1674243.17
"2021-23832-19/09/2025","KIDMAN PARK","CITY OF CHARLES STURT",3,1,0,0,1,2021,"December","Tuesday","03:36 pm",60,"Sealed","Dry","Not Raining","Daylight","Right Turn",1,,,1322419.52,1673125.07
"2021-23833-19/09/2025","CHELTENHAM","CITY OF CHARLES STURT",2,1,0,0,1,2021,"December","Tuesday","03:10 pm",60,"Sealed","Dry","Not Raining","Daylight","Right Angle",2,,,1321917.2,1676598.46
"2021-23835-19/09/2025","ELIZABETH VALE","CITY OF PLAYFORD.",3,1,0,1,0,2021,"December","Tuesday","04:05 pm",80,"Sealed","Dry","Not Raining","Daylight","Rear End",1,,,1336131.87,1690547.15
"2021-23837-19/09/2025","SALISBURY HEIGHTS","CITY OF SALISBURY",3,3,0,0,3,2021,"December","Tuesday","04:24 pm",80,"Sealed","Dry","Not Raining","Daylight","Rear End",1,,,1335851.01,1688640.78
"2021-23845-19/09/2025","DIREK","CITY OF SALISBURY",7,2,0,0,2,2021,"December","Tuesday","04:10 pm",80,"Sealed","Dry","Not Raining","Daylight","Head On",1,,,1330738.26,1692735.41
"2021-23848-19/09/2025","OVINGHAM","CITY OF CHARLES STURT",2,1,0,0,1,2021,"December","Tuesday","07:30 pm",60,"Sealed","Dry","Not Raining","Daylight","Rear End",2,,,1327131.58,1673269.49
"2021-23850-19/09/2025","ABERFOYLE PARK","CITY OF ONKAPARINGA",2,1,0,0,1,2021,"December","Tuesday","08:00 pm",50,"Sealed","Dry","Not Raining","Daylight","Hit Fixed Object",1,,,1327711.48,1654822.33
"2021-23852-19/09/2025","GLENGOWRIE","CC MARION.",3,1,0,0,1,2021,"December","Tuesday","09:25 pm",60,"Sealed","Dry","Not Raining","Night","Rear End",1,,,1322642.4,1665159.63
"2021-23853-19/09/2025","KENSINGTON PARK","CITY OF BURNSIDE",2,1,0,0,1,2021,"December","Monday","04:48 pm",60,"Sealed","Dry","Not Raining","Daylight","Hit Fixed Object",1,,"Y",1333883.02,1671006.99
"2021-23862-19/09/2025","RIDLEYTON","CITY OF CHARLES STURT",2,1,0,0,1,2021,"December","Wednesday","08:35 am",60,"Sealed","Dry","Not Raining","Daylight","Rear End",2,,,1326114.33,1674736.54
"2021-23863-19/09/2025","WESTBOURNE PARK","CC MITCHAM.",3,1,0,0,1,2021,"December","Tuesday","05:30 pm",60,"Sealed","Dry","Not Raining","Daylight","Rear End",2,,,1327530.95,1665418.15
"2021-23866-19/09/2025","GLENELG EAST","CITY OF HOLDFAST BAY",2,1,0,0,1,2021,"November","Friday","05:50 pm",60,"Sealed","Dry","Not Raining","Daylight","Rear End",2,,,1322636.62,1665410.15
"2021-23867-19/09/2025","ST GEORGES","CITY OF BURNSIDE",3,1,0,0,1,2021,"December","Wednesday","10:29 am",60,"Sealed","Dry","Not Raining","Daylight","Side Swipe",1,,,1332365.61,1667472.1
"2021-23878-19/09/2025","LONSDALE","CITY OF ONKAPARINGA",2,1,0,1,0,2021,"December","Sunday","07:00 pm",70,"Sealed","Dry","Not Raining","Daylight","Side Swipe",1,,,1319101.72,1649810.71
"2021-23879-19/09/2025","SHEIDOW PARK","CC MARION.",2,1,0,0,1,2021,"December","Tuesday","09:50 pm",80,"Sealed","Dry","Not Raining","Night","Right Angle",1,,,1320343.3,1653904.34
"2021-23880-19/09/2025","HACKNEY","CC OF NORWOOD,PAYNEHAM & ST PETERS",2,1,0,0,1,2021,"December","Wednesday","04:25 pm",60,"Sealed","Dry","Not Raining","Daylight","Rear End",2,,,1329799.78,1671891.25
"2021-23881-19/09/2025","CAMPBELLTOWN","CC CAMPBELLTOWN.",3,1,0,0,1,2021,"December","Wednesday","03:44 pm",60,"Sealed","Dry","Not Raining","Daylight","Right Angle",2,,,1335396.86,1675023.91
"2021-23884-19/09/2025","THEBARTON","CITY OF WEST TORRENS",2,1,0,0,1,2021,"December","Wednesday","05:10 pm",50,"Sealed","Dry","Not Raining","Daylight","Right Turn",1,,,1326399.81,1672092.65
"2021-23885-19/09/2025","PENFIELD","CITY OF PLAYFORD.",3,1,0,0,1,2021,"December","Wednesday","05:46 pm",80,"Sealed","Dry","Not Raining","Daylight","Rear End",1,,,1332655.95,1696801.52