"REPORT_ID","Suburb","LGA Name","Total Units","Total Cas","Total Fats","Total SI","Total MI","Year","Month","Day","Time","Area Speed","Road Surface","Moisture Cond","Weather Cond","DayNight","Crash Type","Unit Resp","DUI Involved","Drugs Involved","ACCLOC_X","ACCLOC_Y"
"2021-23889-19/09/2025","ADELAIDE","CITY OF ADELAIDE",2,1,0,1,0,2021,"December","Wednesday","08:50 pm",50,"Sealed","Dry","Not Raining","Night","Rear End",2,,,1329370.9,1670855.91
"2021-23894-19/09/2025","TORRENS PARK","CC MITCHAM.",2,1,0,0,1,2021,"December","Thursday","11:45 am",50,"Sealed","Dry","Not Raining","Daylight","Right Angle",2,,,1329311.52,1664972.28
"2021-23905-19/09/2025","NURIOOTPA","LIGHT REGIONAL COUNCIL",2,1,0,1,0,2021,"December","Thursday","01:25 pm",110,"Sealed","Dry","Not Raining","Daylight","Side Swipe",1,,,1368270.66,1721923.01
"2021-23912-19/09/2025","PROSPECT","CITY OF PROSPECT",2,1,0,0,1,2021,"December","Thursday","04:40 pm",60,"Sealed","Dry","Not Raining","Daylight","Rear End",1,,,1328862.6,1676432.75
"2021-23913-19/09/2025","PROSPECT","CITY OF PROSPECT",3,1,0,0,1,2021,"December","Thursday","05:00 pm",60,"Sealed","Dry","Not Raining","Daylight","Side Swipe",2,,,1328862.6,1676432.75
"2021-23915-19/09/2025","ADELAIDE","CITY OF ADELAIDE",2,1,0,0,1,2021,"September","Wednesday","08:00 am",50,"Sealed","Dry","Not Raining","Daylight","Hit Parked Vehicle",1,,,1329380.25,1670541.99
"2021-23921-19/09/2025","WINGFIELD","CITY OF PORT ADELAIDE ENFIELD",4,1,0,0,1,2021,"December","Thursday","04:30 pm",60,"Sealed","Dry","Not Raining","Daylight","Rear End",2,,,1326388.52,1679169.53
"2021-23927-19/09/2025","CHRISTIES BEACH","CITY OF ONKAPARINGA",2,1,0,0,1,2021,"December","Friday","02:30 am",70,"Sealed","Dry","Not Raining","Night","Hit Fixed Object",1,"Y","Y",1317355.86,1648343.09
"2021-23930-19/09/2025","SALISBURY","CITY OF SALISBURY",2,1,0,1,0,2021,"December","Friday","05:25 am",60,"Sealed","Dry","Not Raining","Night","Hit Fixed Object",1,,,1332506.06,1688160.14
"2021-23934-19/09/2025","STURT","CC MARION.",4,2,0,0,2,2021,"December","Thursday","06:00 pm",60,"Sealed","Dry","Not Raining","Daylight","Rear End",1,,,1323641.08,1660647.05
"2021-23939-19/09/2025","HEWETT","LIGHT REGIONAL COUNCIL",2,1,0,0,1,2021,"December","Thursday","06:00 pm",50,"Sealed","Dry","Not Raining","Daylight","Right Angle",2,,,1343275.35,1708560.58
"2021-23942-19/09/2025","KENT TOWN","CC OF NORWOOD,PAYNEHAM & ST PETERS",2,1,0,0,1,2021,"December","Friday","01:00 pm",60,"Sealed","Dry","Not Raining","Daylight","Rear End",2,,,1329936.66,1671050.39
"2021-23943-19/09/2025","BUCKLAND PARK","CITY OF PLAYFORD.",2,1,0,0,1,2021,"December","Friday","12:45 pm",60,"Sealed","Dry","Not Raining","Daylight","Right Angle",1,,,1323972.55,1697288.73
"2021-23944-19/09/2025","INGLE FARM","CITY OF SALISBURY",3,2,0,0,2,2021,"December","Thursday","09:00 pm",60,"Sealed","Dry","Not Raining","Night","Rear End",1,,,1334398.26,1681140.04
"2021-23947-19/09/2025","OAKDEN","CITY OF PORT ADELAIDE ENFIELD",2,1,0,0,1,2021,"December","Friday","02:20 pm",60,"Sealed","Dry","Not Raining","Daylight","Right Turn",2,,,1333378.55,1678561.06
"2021-23965-19/09/2025","CAMPBELLTOWN","CC CAMPBELLTOWN.",2,1,0,0,1,2021,"December","Friday","05:30 pm",60,"Sealed","Dry","Not Raining","Daylight","Rear End",2,,,1335329.16,1674562.05
"2021-23966-19/09/2025","GRANGE","CITY OF CHARLES STURT",2,1,0,1,0,2021,"December","Friday","04:48 pm",40,"Sealed","Dry","Not Raining","Daylight","Hit Pedestrian",2,,,1318522.46,1673328.23
"2021-23967-19/09/2025","SEAFORD RISE","CITY OF ONKAPARINGA",2,4,0,0,4,2021,"December","Friday","06:35 pm",60,"Sealed","Dry","Not Raining","Daylight","Right Turn",2,,,1317537.2,1641650.26
"2021-23971-19/09/2025","INGLEWOOD","THE ADELAIDE HILLS COUNCIL",1,1,0,0,1,2021,"December","Friday","05:27 pm",60,"Unsealed","Dry","Not Raining","Daylight","Roll Over",1,,,1347138.61,1685387.92
"2021-23973-19/09/2025","NARACOORTE","DC NARACOORTE & LUCINDALE.",2,3,0,3,0,2021,"December","Friday","10:50 pm",100,"Unsealed","Dry","Not Raining","Night","Hit Fixed Object",1,"Y",,1508902.08,1436242.64
"2021-23974-19/09/2025","KENSINGTON","CC OF NORWOOD,PAYNEHAM & ST PETERS",2,1,0,0,1,2021,"December","Friday","04:00 pm",60,"Sealed","Dry","Not Raining","Daylight","Rear End",2,,,1332634.95,1670749.62
"2021-23976-19/09/2025","GREENACRES","CITY OF PORT ADELAIDE ENFIELD",2,1,0,0,1,2021,"December","Friday","06:30 pm",50,"Sealed","Dry","Not Raining","Daylight","Hit Fixed Object",1,,,1330556.52,1677160.59
"2021-23979-19/09/2025","NORTH ADELAIDE","CITY OF ADELAIDE",2,1,0,0,1,2021,"December","Saturday","07:45 am",50,"Sealed","Dry","Not Raining","Daylight","Right Turn",1,,,1328833.47,1672289.85
"2021-23980-19/09/2025","RIDGEHAVEN","CITY OF TEA TREE GULLY",2,1,0,0,1,2021,"December","Thursday","07:00 pm",60,"Sealed","Dry","Not Raining","Daylight","Right Angle",2,,,1339706.32,1682460.68
"2021-23985-19/09/2025","MEADOWS","DC MT.BARKER.",3,1,0,0,1,2021,"December","Saturday","10:35 am",100,"Sealed","Dry","Not Raining","Daylight","Other",9,,,1343073.91,1646249.23
"2021-23986-19/09/2025","MILLBROOK","THE ADELAIDE HILLS COUNCIL",1,1,0,0,1,2021,"December","Saturday","11:10 am",80,"Sealed","Dry","Not Raining","Daylight","Roll Over",1,,,1349402.64,1680954.26
"2021-23987-19/09/2025","BLACKWOOD","CC MITCHAM.",2,1,0,0,1,2021,"December","Saturday","12:05 pm",60,"Sealed","Dry","Not Raining","Daylight","Right Angle",2,,,1329190.88,1660034.87
"2021-23990-19/09/2025","HAPPY VALLEY","CITY OF ONKAPARINGA",2,1,0,0,1,2021,"December","Saturday","11:00 am",50,"Sealed","Dry","Not Raining","Daylight","Other",2,,,1326670.01,1653513.57
"2021-23991-19/09/2025","GREENACRES","CITY OF PORT ADELAIDE ENFIELD",2,1,0,0,1,2021,"December","Friday","05:10 pm",50,"Sealed","Dry","Not Raining","Daylight","Right Angle",2,,,1331210.2,1676699.14
"2021-23997-19/09/2025","SALISBURY EAST","CITY OF SALISBURY",2,1,0,0,1,2021,"December","Saturday","03:30 pm",60,"Sealed","Dry","Not Raining","Daylight","Rear End",2,,,1334187.12,1684637.49
"2021-23999-19/09/2025","AUBURN","CLARE AND GILBERT VALLEYS DISTRICT COUNCIL",1,1,0,0,1,2021,"December","Saturday","09:15 am",60,"Sealed","Dry","Not Raining","Daylight","Roll Over",1,,,1337242.54,1772940.49
"2021-24000-19/09/2025","CANUNDA","WATTLE RANGE COUNCIL",1,1,0,1,0,2021,"December","Saturday","01:11 pm",40,"Unsealed","Dry","Not Raining","Daylight","Roll Over",1,,,1464637.1,1360671.03
"2021-24002-19/09/2025","TWO WELLS","DC MALLALA.",2,2,0,0,2,2021,"December","Saturday","06:10 pm",110,"Sealed","Dry","Not Raining","Daylight","Right Angle",2,,,1321397.01,1707669.72
"2021-24004-19/09/2025","CROMER","THE ADELAIDE HILLS COUNCIL",2,1,0,0,1,2021,"December","Saturday","04:51 pm",100,"Sealed","Dry","Not Raining","Daylight","Right Angle",1,,,1361394.91,1684498.8
"2021-24013-19/09/2025","LINWOOD","LIGHT REGIONAL COUNCIL",2,1,0,0,1,2021,"December","Saturday","10:30 pm",100,"Sealed","Dry","Not Raining","Night","Hit Fixed Object",1,,,1343511.07,1731271.82
"2021-24017-19/09/2025","MOUNT GAMBIER","CC MT.GAMBIER.",3,1,0,0,1,2021,"December","Sunday","01:32 am",50,"Sealed","Dry","Not Raining","Night","Hit Parked Vehicle",1,"Y","Y",1511105.44,1340966.18
"2021-24019-19/09/2025","SALISBURY DOWNS","CITY OF SALISBURY",2,1,0,0,1,2021,"December","Saturday","09:00 pm",50,"Sealed","Dry","Not Raining","Night","Hit Parked Vehicle",1,,,1331069.33,1688075.35
"2021-24023-19/09/2025","WILLUNGA","CITY OF ONKAPARINGA",2,2,0,0,2,2021,"December","Sunday","12:50 am",100,"Sealed","Dry","Not Raining","Night","Hit Fixed Object",1,,,1324532.67,1631005.61
"2021-24024-19/09/2025","ADELAIDE","CITY OF ADELAIDE",1,1,0,0,1,2021,"December","Sunday","09:49 am",50,"Sealed","Dry","Not Raining","Daylight","Roll Over",1,,,1329235.96,1670842.02
"2021-24025-19/09/2025","WEST BEACH","CITY OF WEST TORRENS",2,1,0,0,1,2021,"December","Saturday","08:50 am",80,"Sealed","Dry","Not Raining","Daylight","Rear End",2,,,1320918.66,1669210.1
"2021-24026-19/09/2025","SELLICKS BEACH","CITY OF ONKAPARINGA",2,3,0,0,3,2021,"December","Sunday","09:42 am",90,"Sealed","Dry","Not Raining","Daylight","Rear End",2,,,1314447.17,1625141.23
"2021-24027-19/09/2025","MARION","CC MARION.",1,1,0,0,1,2021,"December","Sunday","09:35 am",80,"Sealed","Dry","Not Raining","Daylight","Roll Over",1,,,1323800.91,1661781.01
"2021-24031-19/09/2025","GLYNDE","CC OF NORWOOD,PAYNEHAM & ST PETERS",3,2,0,0,2,2021,"December","Sunday","12:07 pm",60,"Sealed","Dry","Not Raining","Daylight","Hit Fixed Object",1,,,1333812.31,1673353.37
"2021-24033-19/09/2025","GAWLER EAST","CT GAWLER.",2,2,0,1,1,2021,"December","Sunday","11:10 am",50,"Sealed","Dry","Not Raining","Daylight","Head On",1,,,1345528.96,1705861.34
"2021-24035-19/09/2025","DAWESLEY","DC MT.BARKER.",4,1,0,0,1,2021,"December","Sunday","12:50 pm",80,"Sealed","Dry","Not Raining","Daylight","Hit Fixed Object",1,,,1359892.59,1656911.81
"2021-24039-19/09/2025","NOARLUNGA CENTRE","CITY OF ONKAPARINGA",2,1,0,0,1,2021,"December","Saturday","10:33 pm",50,"Sealed","Dry","Not Raining","Night","Right Angle",1,,,1318000.68,1647334.49
"2021-24040-19/09/2025","WARRADALE","CC MARION.",2,1,0,1,0,2021,"December","Sunday","02:10 pm",60,"Sealed","Dry","Not Raining","Daylight","Side Swipe",1,,"Y",1322709.27,1663070.54
"2021-24042-19/09/2025","CHELTENHAM","CITY OF CHARLES STURT",1,1,0,0,1,2021,"December","Sunday","05:09 pm",60,"Sealed","Dry","Not Raining","Daylight","Roll Over",1,,,1322183.91,1676909.58
"2021-24044-19/09/2025","PORT ADELAIDE","CITY OF PORT ADELAIDE ENFIELD",2,1,0,0,1,2021,"December","Sunday","06:05 pm",50,"Sealed","Dry","Not Raining","Daylight","Right Angle",2,,,1319866.72,1679909.05
"2021-24046-19/09/2025","STRATHALBYN","ALEXANDRINA COUNCIL",2,2,0,0,2,2021,"December","Sunday","05:02 pm",80,"Sealed","Dry","Not Raining","Daylight","Hit Fixed Object",1,"Y",,1354247.49,1630608.81
"2021-24048-19/09/2025","WALLAROO MINES","COPPER COAST DISTRICT COUNCIL",1,1,0,1,0,2021,"December","Sunday","07:27 pm",70,"Sealed","Dry","Not Raining","Daylight","Left Road - Out of Control",1,"Y",,1248730.06,1779261.98
"2021-24052-19/09/2025","ADELAIDE","CITY OF ADELAIDE",2,1,0,0,1,2021,"December","Saturday","06:50 pm",50,"Sealed","Dry","Not Raining","Daylight","Hit Parked Vehicle",2,,,1329115.44,1670997.75
"2021-24053-19/09/2025","CLARENCE GARDENS","CC MITCHAM.",3,1,0,0,1,2021,"December","Monday","08:25 am",60,"Sealed","Dry","Not Raining","Daylight","Rear End",1,,,1325896.93,1665897.22
"2021-24062-19/09/2025","RICHMOND","CITY OF WEST TORRENS",3,1,0,0,1,2021,"December","Monday","11:20 am",60,"Sealed","Dry","Not Raining","Daylight","Rear End",1,,,1325804.12,1668987
"2021-24063-19/09/2025","MOUNT TORRENS","THE ADELAIDE HILLS COUNCIL",2,2,0,1,1,2021,"December","Monday","08:00 am",50,"Sealed","Dry","Not Raining","Daylight","Head On",1,,"Y",1361353.24,1675062.07
"2021-24069-19/09/2025","TOTNESS","DC MT.BARKER.",2,1,0,0,1,2021,"December","Monday","01:00 pm",60,"Sealed","Dry","Not Raining","Daylight","Right Angle",1,,,1350811.17,1655687.82
"2021-24072-19/09/2025","GLENELG","CITY OF HOLDFAST BAY",2,1,0,0,1,2021,"December","Sunday","04:30 pm",40,"Sealed","Dry","Not Raining","Daylight","Hit Pedestrian",1,,,1320305.15,1665171.97
"2021-24073-19/09/2025","BELAIR","CC MITCHAM.",2,2,0,0,2,2021,"December","Sunday","09:30 pm",60,"Sealed","Dry","Not Raining","Night","Right Angle",1,,,1329030.08,1662363.79
"2021-24077-19/09/2025","KINGSTON ON MURRAY","LOXTON WAIKERIE DISTRICT COUNCIL",2,1,0,1,0,2021,"December","Monday","03:20 pm",110,"Sealed","Dry","Not Raining","Daylight","Right Angle",1,,,1491785.21,1740604.29
"2021-24078-19/09/2025","PARINGA","DC RENMARK PARINGA",2,3,1,1,1,2021,"December","Monday","02:42 pm",60,"Sealed","Dry","Not Raining","Daylight","Side Swipe",1,,,1532123.93,1744375.21
"2021-24083-19/09/2025","HAMPSTEAD GARDENS","CITY OF PORT ADELAIDE ENFIELD",3,1,0,0,1,2021,"December","Monday","06:16 pm",60,"Sealed","Dry","Not Raining","Daylight","Rear End",1,,,1331886.06,1676419.97
"2021-24086-19/09/2025","BIRDWOOD","THE ADELAIDE HILLS COUNCIL",2,1,0,1,0,2021,"December","Monday","05:40 pm",80,"Sealed","Dry","Not Raining","Daylight","Hit Fixed Object",1,,,1365008.5,1683149.21
"2021-24090-19/09/2025","WINDSOR GARDENS","CITY OF PORT ADELAIDE ENFIELD",2,1,0,1,0,2021,"December","Monday","11:00 pm",60,"Sealed","Dry","Not Raining","Night","Rear End",2,,,1334353.69,1677372.12
"2021-24093-19/09/2025","VINE VALE","THE BAROSSA COUNCIL.",1,1,0,0,1,2021,"December","Tuesday","09:10 am",80,"Sealed","Dry","Not Raining","Daylight","Roll Over",1,,,1366470.79,1713343.9
"2021-24096-19/09/2025","ADELAIDE","CITY OF ADELAIDE",1,1,0,0,1,2021,"December","Monday","12:14 pm",60,"Sealed","Wet","Raining","Daylight","Roll Over",1,,,1330512.74,1670386.41
"2021-24097-19/09/2025","WARRADALE","CC MARION.",2,1,0,0,1,2021,"December","Tuesday","11:10 am",60,"Sealed","Dry","Not Raining","Daylight","Right Angle",2,,,1322625.8,1661694.87
"2021-24103-19/09/2025","GOOLWA","ALEXANDRINA COUNCIL",2,1,0,0,1,2021,"December","Tuesday","12:20 pm",50,"Sealed","Dry","Not Raining","Daylight","Right Angle",1,,,1343892.44,1606753.48
"2021-24104-19/09/2025","CHANDLERS HILL","CITY OF ONKAPARINGA",2,1,0,0,1,2021,"December","Tuesday","08:00 am",60,"Sealed","Dry","Not Raining","Daylight","Hit Fixed Object",1,,,1329713.56,1654368.35
"2021-24105-19/09/2025","MURRAY BRIDGE","RC MURRAY BRIDGE.",2,1,0,0,1,2021,"December","Tuesday","12:44 pm",50,"Sealed","Dry","Not Raining","Daylight","Right Angle",1,,,1388359.06,1647600.12
"2021-24106-19/09/2025","GAWLER","CT GAWLER.",2,2,0,0,2,2021,"December","Tuesday","10:40 am",50,"Sealed","Dry","Not Raining","Daylight","Right Angle",2,,,1343184.35,1706624.4
"2021-24111-19/09/2025","ELIZABETH","CITY OF PLAYFORD.",2,1,0,0,1,2021,"December","Tuesday","03:20 pm",50,"Sealed","Dry","Not Raining","Daylight","Right Angle",1,,,1335358.25,1693627.52
"2021-24113-19/09/2025","SALISBURY SOUTH","CITY OF SALISBURY",5,2,0,0,2,2021,"December","Tuesday","04:45 pm",60,"Sealed","Dry","Not Raining","Daylight","Rear End",1,,,1333251.58,1685411.31
"2021-24119-19/09/2025","GEPPS CROSS","CITY OF PORT ADELAIDE ENFIELD",3,1,0,0,1,2021,"December","Tuesday","04:50 pm",60,"Sealed","Dry","Not Raining","Daylight","Rear End",1,,,1328528.05,1679268.85
"2021-24122-19/09/2025","EVANSTON SOUTH","CT GAWLER.",1,1,0,0,1,2021,"December","Tuesday","10:05 pm",50,"Unsealed","Dry","Not Raining","Night","Roll Over",1,,"Y",1340440.58,1700911.13
"2021-24132-19/09/2025","SALISBURY PLAIN","CITY OF SALISBURY",3,1,0,0,1,2021,"December","Tuesday","02:30 pm",80,"Sealed","Dry","Not Raining","Daylight","Rear End",2,,,1335455.1,1688128.4
"2021-24134-19/09/2025","UNLEY","CITY OF UNLEY",3,1,0,0,1,2021,"December","Wednesday","02:25 pm",60,"Sealed","Dry","Not Raining","Daylight","Rear End",1,,,1328534.77,1668947.86
"2021-24136-19/09/2025","ENFIELD","CITY OF PORT ADELAIDE ENFIELD",1,1,0,0,1,2021,"November","Thursday","03:43 pm",60,"Sealed","Dry","Not Raining","Daylight","Roll Over",1,,"Y",1329222.08,1676451.02
"2021-24139-19/09/2025","STONYFELL","CITY OF BURNSIDE",1,1,0,0,1,2021,"December","Wednesday","03:43 pm",50,"Sealed","Dry","Not Raining","Daylight","Roll Over",1,,"Y",1334718.35,1669990.91
"2021-24140-19/09/2025","COROMANDEL VALLEY","CC MITCHAM.",3,1,0,0,1,2021,"December","Wednesday","03:15 pm",60,"Sealed","Dry","Not Raining","Daylight","Rear End",2,,,1330339.59,1658632.49
"2021-24143-19/09/2025","UNLEY","CITY OF UNLEY",2,1,0,0,1,2021,"December","Wednesday","04:54 pm",50,"Sealed","Dry","Not Raining","Daylight","Side Swipe",1,,,1328383.09,1668700.59
"2021-24144-19/09/2025","PARADISE","CC CAMPBELLTOWN.",2,1,0,1,0,2021,"December","Wednesday","04:50 pm",60,"Sealed","Dry","Not Raining","Daylight","Rear End",2,,,1335650.15,1676736.22
"2021-24149-19/09/2025","CAVAN","CITY OF SALISBURY",2,1,0,0,1,2021,"December","Wednesday","11:30 am",70,"Sealed","Dry","Not Raining","Daylight","Side Swipe",2,,,1328738.64,1681544.36
"2021-24153-19/09/2025","SALISBURY DOWNS","CITY OF SALISBURY",2,1,0,0,1,2021,"December","Wednesday","07:15 pm",60,"Sealed","Dry","Not Raining","Daylight","Rear End",2,,,1331255.16,1686972.94
"2021-24154-19/09/2025","SALISBURY DOWNS","CITY OF SALISBURY",2,1,0,0,1,2021,"December","Wednesday","06:50 pm",50,"Sealed","Dry","Not Raining","Daylight","Right Turn",1,,,1331171.98,1688433.45
"2021-24157-19/09/2025","POORAKA","CITY OF SALISBURY",3,2,0,0,2,2021,"December","Wednesday","05:32 pm",70,"Sealed","Dry","Not Raining","Daylight","Rear End",1,,,1330563.94,1681833.49
"2021-24165-19/09/2025","KILKENNY","CITY OF CHARLES STURT",3,1,0,0,1,2021,"December","Thursday","07:54 am",60,"Sealed","Dry","Not Raining","Daylight","Hit Fixed Object",1,,,1323980.7,1675217.28
"2021-24166-19/09/2025","ADELAIDE","CITY OF ADELAIDE",2,1,0,0,1,2021,"December","Thursday","08:45 am",50,"Sealed","Dry","Not Raining","Daylight","Right Turn",2,,,1329036.52,1670283.23
"2021-24177-19/09/2025","SEMAPHORE","CITY OF PORT ADELAIDE ENFIELD",2,1,0,0,1,2021,"December","Thursday","11:45 am",50,"Sealed","Dry","Not Raining","Daylight","Rear End",2,,,1318272.7,1680629.33
"2021-24178-19/09/2025","PAECHTOWN","DC MT.BARKER.",2,2,0,0,2,2021,"December","Thursday","11:55 am",110,"Sealed","Wet","Raining","Daylight","Rear End",2,,,1348263.89,1656442.4
"2021-24179-19/09/2025","NORWOOD","CC OF NORWOOD,PAYNEHAM & ST PETERS",3,1,0,0,1,2021,"December","Wednesday","06:30 pm",60,"Sealed","Dry","Not Raining","Daylight","Rear End",1,,,1331409.76,1671068.36
"2021-24182-19/09/2025","MARRYATVILLE","CC OF NORWOOD,PAYNEHAM & ST PETERS",2,1,0,0,1,2021,"December","Wednesday","06:00 pm",60,"Sealed","Dry","Not Raining","Daylight","Rear End",2,,,1332280.78,1670410.05
"2021-24191-19/09/2025","PORT ADELAIDE","CITY OF PORT ADELAIDE ENFIELD",3,2,0,0,2,2021,"December","Thursday","04:30 pm",60,"Sealed","Dry","Not Raining","Daylight","Right Angle",2,,,1320505.18,1679177.44
"2021-24195-19/09/2025","PORT WILLUNGA","CITY OF ONKAPARINGA",2,1,0,0,1,2021,"December","Thursday","04:30 pm",50,"Sealed","Dry","Not Raining","Daylight","Right Angle",2,,,1315438.74,1633607.8
"2021-24197-19/09/2025","MAYLANDS","CC OF NORWOOD,PAYNEHAM & ST PETERS",2,1,0,0,1,2021,"December","Wednesday","11:00 am",40,"Sealed","Dry","Not Raining","Daylight","Right Angle",1,,,1332231.32,1672046.15
"2021-24200-19/09/2025","MARION","CC MARION.",3,2,0,1,1,2021,"December","Thursday","06:55 pm",60,"Sealed","Dry","Not Raining","Daylight","Right Turn",1,,,1324366.05,1661874.49
"2021-24206-19/09/2025","GLYNDE","CC OF NORWOOD,PAYNEHAM & ST PETERS",2,1,0,1,0,2021,"December","Thursday","11:15 pm",60,"Sealed","Dry","Not Raining","Night","Right Angle",1,,,1333785.54,1674516.59
"2021-24208-19/09/2025","PANITYA","DC KIMBA.",1,1,0,0,1,2021,"December","Friday","02:10 am",110,"Sealed","Dry","Not Raining","Night","Roll Over",1,,"Y",1107887.22,1866342.52
"2021-24209-19/09/2025","GLADSTONE","NORTHERN AREAS DISTRICT COUNCIL",1,1,0,1,0,2021,"December","Friday","04:00 am",110,"Sealed","Dry","Not Raining","Night","Roll Over",1,,,1308248.06,1859099.37
"2021-24213-19/09/2025","SEACLIFF","CITY OF HOLDFAST BAY",2,1,0,1,0,2021,"December","Friday","08:25 am",50,"Sealed","Dry","Not Raining","Daylight","Right Angle",1,,,1320857.4,1659178.1
"2021-24216-19/09/2025","GREENWAYS","DC ROBE.",2,1,0,0,1,2021,"December","Friday","08:40 am",110,"Sealed","Dry","Not Raining","Daylight","Hit Fixed Object",1,,,1458614.78,1412238.38
"2021-24217-19/09/2025","ENFIELD","CITY OF PORT ADELAIDE ENFIELD",2,1,0,0,1,2021,"December","Friday","10:20 am",60,"Sealed","Dry","Not Raining","Daylight","Right Turn",2,,,1329039.94,1679271.97
"2021-24218-19/09/2025","WEST HINDMARSH","CITY OF CHARLES STURT",2,1,0,0,1,2021,"December","Friday","10:45 am",60,"Sealed","Dry","Not Raining","Daylight","Rear End",2,,,1325225.23,1673174.2
"2021-24221-19/09/2025","HAPPY VALLEY","CITY OF ONKAPARINGA",2,4,0,0,4,2021,"December","Friday","11:44 am",80,"Sealed","Dry","Not Raining","Daylight","Right Turn",2,,,1324354.16,1656489.47
"2021-24222-19/09/2025","BIRKENHEAD","CITY OF PORT ADELAIDE ENFIELD",2,2,0,0,2,2021,"December","Friday","11:05 am",60,"Sealed","Dry","Not Raining","Daylight","Rear End",2,,,1319959.07,1680684.57
"2021-24223-19/09/2025","MIDDLETON","ALEXANDRINA COUNCIL",2,1,0,0,1,2021,"December","Wednesday","05:30 pm",80,"Sealed","Dry","Not Raining","Daylight","Rear End",2,,,1336350.5,1606285.84
"2021-24229-19/09/2025","CHELTENHAM","CITY OF CHARLES STURT",2,2,0,0,2,2021,"December","Friday","12:20 pm",60,"Sealed","Dry","Not Raining","Daylight","Right Turn",2,,,1322282.82,1677760.1
"2021-24235-19/09/2025","WINDSOR GARDENS","CITY OF PORT ADELAIDE ENFIELD",2,1,0,0,1,2021,"December","Wednesday","03:20 pm",60,"Sealed","Dry","Not Raining","Daylight","Rear End",2,,,1333461.01,1677778.82
"2021-24236-19/09/2025","WEST CROYDON","CITY OF CHARLES STURT",2,1,0,0,1,2021,"December","Friday","01:13 pm",50,"Sealed","Dry","Not Raining","Daylight","Side Swipe",2,,"Y",1324600.04,1674518.71
"2021-24238-19/09/2025","ADELAIDE","CITY OF ADELAIDE",3,1,0,0,1,2021,"December","Thursday","05:15 pm",50,"Sealed","Dry","Not Raining","Daylight","Rear End",2,,,1327833.32,1670812.8
"2021-24246-19/09/2025","ELIZABETH SOUTH","CITY OF PLAYFORD.",4,1,0,0,1,2021,"December","Friday","04:18 pm",60,"Sealed","Dry","Not Raining","Daylight","Right Angle",2,,,1334405.61,1690427.67
"2021-24247-19/09/2025","SANDLETON","MID MURRAY DISTRICT COUNCIL",2,1,0,0,1,2021,"December","Friday","12:10 pm",110,"Sealed","Dry","Not Raining","Daylight","Hit Fixed Object",1,,,1406688.23,1727206.69
"2021-24252-19/09/2025","MOUNT GEORGE","THE ADELAIDE HILLS COUNCIL",2,1,0,0,1,2021,"December","Friday","06:45 pm",60,"Sealed","Dry","Not Raining","Daylight","Rear End",2,,,1342336.31,1661687.79
"2021-24253-19/09/2025","GOMERSAL","LIGHT REGIONAL COUNCIL",2,2,0,1,1,2021,"December","Friday","04:20 pm",100,"Unsealed","Dry","Not Raining","Daylight","Right Angle",2,,,1359024.05,1715198.27
"2021-24257-19/09/2025","GUMERACHA","THE ADELAIDE HILLS COUNCIL",2,1,0,0,1,2021,"December","Friday","08:00 am",80,"Sealed","Dry","Not Raining","Daylight","Hit Fixed Object",1,,,1356792.95,1681338.57
"2021-24259-19/09/2025","SALISBURY NORTH","CITY OF SALISBURY",2,1,0,0,1,2021,"December","Friday","04:00 pm",50,"Sealed","Dry","Not Raining","Daylight","Rear End",2,,,1331977.75,1689382.42
"2021-24260-19/09/2025","OAKDEN","CITY OF PORT ADELAIDE ENFIELD",2,4,0,1,3,2021,"December","Friday","09:00 pm",50,"Sealed","Dry","Not Raining","Night","Hit Fixed Object",1,"Y",,1333104.72,1678480.85
"2021-24261-19/09/2025","DIREK","CITY OF SALISBURY",2,1,0,0,1,2021,"December","Saturday","03:05 am",60,"Sealed","Dry","Not Raining","Night","Hit Fixed Object",1,,,1330587.61,1691957.11
"2021-24263-19/09/2025","BURTON","CITY OF SALISBURY",3,1,0,0,1,2021,"December","Saturday","07:29 am",90,"Sealed","Dry","Not Raining","Daylight","Head On",2,,,1328957.4,1693061.73
"2021-24265-19/09/2025","TENNYSON","CITY OF CHARLES STURT",2,1,0,0,1,2021,"December","Friday","07:30 am",60,"Sealed","Dry","Not Raining","Daylight","Right Turn",1,,,1318464.7,1674469.93
"2021-24267-19/09/2025","MYPONGA","DC YANKALILLA.",1,2,0,0,2,2021,"November","Sunday","04:00 pm",100,"Sealed","Dry","Not Raining","Daylight","Roll Over",1,,"Y",1309477.21,1618180.49
"2021-24268-19/09/2025","DULWICH","CITY OF BURNSIDE",2,1,0,0,1,2021,"December","Friday","06:00 pm",60,"Sealed","Dry","Not Raining","Daylight","Right Angle",2,,,1331360.79,1669028.13
"2021-24270-19/09/2025","ST MARYS","CC MITCHAM.",2,1,0,0,1,2021,"December","Saturday","12:45 pm",60,"Sealed","Dry","Not Raining","Daylight","Hit Pedestrian",2,,,1325955.93,1663326.3
"2021-24271-19/09/2025","ROSE PARK","CITY OF BURNSIDE",2,1,0,0,1,2021,"December","Saturday","02:10 pm",50,"Sealed","Dry","Not Raining","Daylight","Rear End",2,,,1331468.33,1670134.49