"REPORT_ID","Suburb","LGA Name","Total Units","Total Cas","Total Fats","Total SI","Total MI","Year","Month","Day","Time","Area Speed","Road Surface","Moisture Cond","Weather Cond","DayNight","Crash Type","Unit Resp","DUI Involved","Drugs Involved","ACCLOC_X","ACCLOC_Y"
"2021-24275-19/09/2025","NORTH HAVEN","CITY OF PORT ADELAIDE ENFIELD",3,1,0,0,1,2021,"December","Saturday","04:24 pm",50,"Unsealed","Dry","Not Raining","Daylight","Hit Parked Vehicle",1,,,1319327.3,1686161.29
"2021-24276-19/09/2025","WHYALLA JENKINS","CC WHYALLA.",2,1,0,1,0,2021,"December","Saturday","05:40 pm",80,"Sealed","Dry","Not Raining","Daylight","Right Angle",2,,,1233668.29,1882047.33
"2021-24278-19/09/2025","MODBURY","CITY OF TEA TREE GULLY",2,1,0,0,1,2021,"December","Saturday","05:55 pm",50,"Sealed","Dry","Not Raining","Daylight","Head On",2,"Y",,1335572.03,1680717.97
"2021-24280-19/09/2025","GLENELG NORTH","CITY OF HOLDFAST BAY",2,1,0,1,0,2021,"December","Saturday","07:15 pm",50,"Sealed","Dry","Not Raining","Daylight","Hit Fixed Object",1,,,1320299.72,1666027.95
"2021-24281-19/09/2025","PORT PIRIE SOUTH","PT.PIRIE CITY & DIST. COUNCIL",2,2,0,0,2,2021,"December","Saturday","07:45 pm",50,"Sealed","Dry","Not Raining","Daylight","Right Angle",2,,,1280314.4,1863619.51
"2021-24284-19/09/2025","STRATHALBYN","ALEXANDRINA COUNCIL",2,1,0,1,0,2021,"December","Saturday","04:45 pm",100,"Sealed","Dry","Not Raining","Daylight","Head On",1,,,1349399.04,1631518.61
"2021-24285-19/09/2025","PETWOOD","DC MT.BARKER.",2,1,0,1,0,2021,"December","Saturday","08:32 pm",110,"Sealed","Dry","Not Raining","Night","Hit Fixed Object",1,"Y",,1360759.6,1651561.56
"2021-24291-19/09/2025","ADELAIDE","CITY OF ADELAIDE",2,2,0,0,2,2021,"December","Sunday","05:00 am",50,"Sealed","Dry","Not Raining","Night","Right Angle",2,,,1327934.63,1670172.34
"2021-24292-19/09/2025","CLARENCE GARDENS","CC MITCHAM.",2,1,0,1,0,2021,"December","Friday","05:55 pm",60,"Sealed","Dry","Not Raining","Daylight","Side Swipe",2,,,1325899.66,1665584.72
"2021-24293-19/09/2025","MOUNT GAMBIER","CC MT.GAMBIER.",2,2,0,0,2,2021,"December","Sunday","10:30 am",60,"Sealed","Wet","Raining","Daylight","Right Angle",2,,,1510778.62,1340230.79
"2021-24294-19/09/2025","DOVER GARDENS","CC MARION.",3,1,0,0,1,2021,"December","Sunday","10:55 am",60,"Sealed","Dry","Not Raining","Daylight","Rear End",1,,,1322562.46,1660603.59
"2021-24297-19/09/2025","VICTOR HARBOR","DC VICTOR HARBOR.",2,1,0,0,1,2021,"December","Sunday","11:00 am",50,"Sealed","Dry","Not Raining","Daylight","Right Angle",1,,,1328441.92,1601487.98
"2021-24298-19/09/2025","COOBER PEDY",,1,1,0,0,1,2021,"December","Sunday","09:50 am",110,"Sealed","Dry","Not Raining","Daylight","Roll Over",1,,,952582.4,2357352.23
"2021-24302-19/09/2025","ST MARYS","CC MITCHAM.",2,1,0,0,1,2021,"December","Sunday","03:55 pm",50,"Sealed","Dry","Not Raining","Daylight","Right Angle",2,,,1326632.54,1662732.65
"2021-24307-19/09/2025","CRAFERS","THE ADELAIDE HILLS COUNCIL",2,1,0,0,1,2021,"December","Saturday","04:35 pm",80,"Sealed","Dry","Not Raining","Daylight","Right Angle",1,,,1337980.02,1662651.68
"2021-24309-19/09/2025","BASKET RANGE","THE ADELAIDE HILLS COUNCIL",2,1,0,1,0,2021,"December","Sunday","04:40 pm",80,"Sealed","Dry","Not Raining","Daylight","Head On",2,,,1344045.9,1668190.94
"2021-24311-19/09/2025","COCKATOO VALLEY","THE BAROSSA COUNCIL.",1,2,0,2,0,2021,"December","Sunday","11:45 pm",100,"Sealed","Dry","Not Raining","Night","Roll Over",1,"Y",,1349858.51,1704586
"2021-24316-19/09/2025","NORTH ADELAIDE","CITY OF ADELAIDE",3,1,0,1,0,2021,"December","Monday","10:00 am",50,"Sealed","Dry","Not Raining","Daylight","Rear End",1,,,1328469.15,1672271.75
"2021-24317-19/09/2025","MAGILL","CC CAMPBELLTOWN.",2,1,0,0,1,2021,"December","Monday","09:32 am",50,"Sealed","Dry","Not Raining","Daylight","Right Turn",1,,,1335093.81,1672378.8
"2021-24323-19/09/2025","WEST LAKES","CITY OF CHARLES STURT",2,1,0,0,1,2021,"December","Monday","11:10 am",60,"Sealed","Dry","Not Raining","Daylight","Right Angle",1,,,1319849.02,1677371.3
"2021-24324-19/09/2025","NORTH ADELAIDE","CITY OF ADELAIDE",2,1,0,0,1,2021,"December","Sunday","11:00 pm",50,"Sealed","Dry","Not Raining","Night","Side Swipe",2,,,1328087.06,1673327.96
"2021-24335-19/09/2025","ST MARYS","CC MARION.",6,1,0,0,1,2021,"December","Monday","02:15 pm",60,"Sealed","Dry","Not Raining","Daylight","Rear End",1,,,1325956.95,1663265.24
"2021-24337-19/09/2025","PARA HILLS WEST","CITY OF SALISBURY",2,1,0,0,1,2021,"December","Monday","04:27 pm",60,"Sealed","Dry","Not Raining","Daylight","Right Turn",1,,,1334052.2,1684481.31
"2021-24341-19/09/2025","ELIZABETH SOUTH","CITY OF PLAYFORD.",2,1,0,0,1,2021,"December","Monday","05:25 pm",60,"Sealed","Dry","Not Raining","Daylight","Right Angle",2,,,1334568.88,1691271.22
"2021-24346-19/09/2025","FLINDERS RANGES",,1,4,0,1,3,2021,"December","Monday","03:55 pm",110,"Sealed","Dry","Not Raining","Daylight","Roll Over",1,,,1315904.56,2024651.84
"2021-24347-19/09/2025","ST CLAIR","CITY OF CHARLES STURT",2,1,0,0,1,2021,"December","Monday","03:45 pm",60,"Sealed","Dry","Not Raining","Daylight","Right Turn",2,,,1323296.21,1676954.61
"2021-24348-19/09/2025","ST PETERS","CC OF NORWOOD,PAYNEHAM & ST PETERS",2,1,0,0,1,2021,"December","Monday","08:45 pm",60,"Sealed","Dry","Not Raining","Night","Hit Parked Vehicle",1,,,1331009.94,1672524.32
"2021-24352-19/09/2025","TOTNESS","DC MT.BARKER.",2,1,1,0,0,2021,"December","Monday","11:16 pm",80,"Sealed","Dry","Not Raining","Night","Hit Pedestrian",2,,,1349839.97,1656254.42
"2021-24361-19/09/2025","TAPEROO","CITY OF PORT ADELAIDE ENFIELD",2,1,0,0,1,2021,"December","Tuesday","10:30 am",60,"Sealed","Dry","Not Raining","Daylight","Right Angle",2,,,1319931.39,1684414.64
"2021-24363-19/09/2025","KILBURN","CITY OF PORT ADELAIDE ENFIELD",3,1,0,0,1,2021,"December","Tuesday","10:45 am",50,"Sealed","Dry","Not Raining","Daylight","Hit Fixed Object",1,,,1327984.79,1677779.66
"2021-24364-19/09/2025","PROSPECT","CITY OF PROSPECT",2,1,0,0,1,2021,"October","Monday","08:56 am",50,"Sealed","Dry","Not Raining","Daylight","Rear End",2,,,1328059.86,1676413.62
"2021-24370-19/09/2025","WALKLEY HEIGHTS","CITY OF PORT ADELAIDE ENFIELD",2,1,0,0,1,2021,"December","Tuesday","09:00 am",70,"Sealed","Dry","Not Raining","Daylight","Rear End",2,,,1333310.98,1679347.64
"2021-24372-19/09/2025","PENOLA","WATTLE RANGE COUNCIL",4,2,1,1,0,2021,"December","Tuesday","07:30 am",110,"Sealed","Wet","Raining","Daylight","Hit Fixed Object",1,,"Y",1516807.77,1380739.8
"2021-24379-19/09/2025","SOUTH PLYMPTON","CC MARION.",2,1,0,0,1,2021,"December","Tuesday","04:15 pm",60,"Sealed","Dry","Not Raining","Daylight","Hit Fixed Object",1,,,1324484.05,1666113.05
"2021-24380-19/09/2025","WELLAND","CITY OF CHARLES STURT",2,1,0,0,1,2021,"December","Tuesday","04:00 pm",60,"Sealed","Dry","Not Raining","Daylight","Right Angle",1,,,1324881.94,1673976.81
"2021-24386-19/09/2025","LOCKLEYS","CITY OF WEST TORRENS",4,1,0,0,1,2021,"December","Tuesday","06:00 pm",60,"Sealed","Dry","Not Raining","Daylight","Rear End",1,,,1320960.52,1670279.86
"2021-24387-19/09/2025","GREENWAYS","DC ROBE.",1,1,1,0,0,2021,"December","Tuesday","03:00 pm",110,"Sealed","Dry","Not Raining","Daylight","Roll Over",1,,"Y",1454640.64,1405679.95
"2021-24391-19/09/2025","ONE TREE HILL","CITY OF PLAYFORD.",2,2,0,1,1,2021,"December","Tuesday","06:09 pm",50,"Sealed","Dry","Not Raining","Daylight","Head On",1,,,1344188.39,1693101.53
"2021-24392-19/09/2025","GEPPS CROSS","CITY OF PORT ADELAIDE ENFIELD",2,1,0,0,1,2021,"December","Tuesday","06:45 pm",70,"Sealed","Dry","Not Raining","Daylight","Rear End",1,,,1329239.93,1679954.95
"2021-24398-19/09/2025","MYRTLE BANK","CITY OF UNLEY",2,1,0,0,1,2021,"December","Tuesday","09:59 pm",60,"Sealed","Dry","Not Raining","Night","Right Turn",2,,,1330740.33,1667146.25
"2021-24403-19/09/2025","ROSTREVOR","CC CAMPBELLTOWN.",2,1,0,0,1,2021,"December","Wednesday","09:56 am",50,"Sealed","Dry","Not Raining","Daylight","Right Angle",2,,,1336274.72,1673014.33
"2021-24405-19/09/2025","NOARLUNGA CENTRE","CITY OF ONKAPARINGA",3,1,0,0,1,2021,"December","Wednesday","10:45 am",60,"Sealed","Dry","Not Raining","Daylight","Rear End",2,,,1318975.97,1647479.84
"2021-24406-19/09/2025","ROYAL PARK","CITY OF CHARLES STURT",2,1,0,0,1,2021,"December","Wednesday","11:05 am",60,"Sealed","Dry","Not Raining","Daylight","Right Angle",1,,,1320686.28,1676880.51
"2021-24408-19/09/2025","MORPHETT VALE","CITY OF ONKAPARINGA",2,1,0,1,0,2021,"December","Wednesday","12:30 am",50,"Sealed","Dry","Not Raining","Night","Hit Parked Vehicle",2,,,1320262.1,1649014.43
"2021-24409-19/09/2025","MITCHELL PARK","CC MARION.",4,1,0,0,1,2021,"December","Wednesday","11:55 am",60,"Sealed","Dry","Not Raining","Daylight","Rear End",1,,,1324371.89,1661664.7
"2021-24410-19/09/2025","WEST CROYDON","CITY OF CHARLES STURT",2,1,0,0,1,2021,"December","Wednesday","12:25 pm",60,"Sealed","Dry","Not Raining","Daylight","Hit Fixed Object",1,,,1324486.64,1674386.19
"2021-24417-19/09/2025","TRINITY GARDENS","CC OF NORWOOD,PAYNEHAM & ST PETERS",2,1,0,0,1,2021,"December","Wednesday","02:13 pm",50,"Sealed","Dry","Not Raining","Daylight","Right Angle",2,,,1332344.25,1672049.19
"2021-24421-19/09/2025","MUNNO PARA","CITY OF PLAYFORD.",4,1,0,0,1,2021,"December","Wednesday","03:45 pm",60,"Sealed","Dry","Not Raining","Daylight","Rear End",1,,,1336750.71,1698498.07
"2021-24422-19/09/2025","FINDON","CITY OF CHARLES STURT",2,1,0,0,1,2021,"December","Wednesday","04:10 pm",60,"Sealed","Dry","Not Raining","Daylight","Hit Pedestrian",1,,,1322391.64,1674259.27
"2021-24432-19/09/2025","EDWARDSTOWN","CC MARION.",2,1,0,0,1,2021,"December","Wednesday","07:00 pm",60,"Sealed","Dry","Not Raining","Daylight","Right Turn",2,,,1325910.32,1664786.52
"2021-24434-19/09/2025","BROOKLYN PARK","CITY OF WEST TORRENS",2,2,0,0,2,2021,"December","Wednesday","08:45 pm",60,"Sealed","Dry","Not Raining","Night","Right Turn",1,,,1324123.03,1670938.82
"2021-24439-19/09/2025","NURIOOTPA","LIGHT REGIONAL COUNCIL",2,1,0,0,1,2021,"December","Thursday","06:55 am",80,"Sealed","Dry","Not Raining","Daylight","Head On",1,,,1363872.85,1720148.22
"2021-24449-19/09/2025","NORWOOD","CC OF NORWOOD,PAYNEHAM & ST PETERS",2,1,0,0,1,2021,"December","Thursday","09:57 am",60,"Sealed","Dry","Not Raining","Daylight","Right Turn",2,,,1330829.47,1671041.07
"2021-24454-19/09/2025","PARKSIDE","CITY OF UNLEY",2,1,0,0,1,2021,"December","Thursday","12:10 pm",60,"Sealed","Dry","Not Raining","Daylight","Rear End",2,,,1330707.37,1668283.15
"2021-24460-19/09/2025","SALISBURY EAST","CITY OF SALISBURY",2,1,0,0,1,2021,"December","Thursday","03:40 pm",50,"Sealed","Dry","Not Raining","Daylight","Hit Parked Vehicle",1,,,1334029.25,1685717.27
"2021-24468-19/09/2025","SOUTH HUMMOCKS","BARUNGA WEST DISTRICT COUNCIL",2,1,0,0,1,2021,"December","Thursday","04:55 pm",80,"Sealed","Dry","Not Raining","Daylight","Hit Object on Road",1,,,1284259.72,1765316.31
"2021-24472-19/09/2025","KLEMZIG","CITY OF PORT ADELAIDE ENFIELD",2,1,0,0,1,2021,"December","Thursday","05:50 pm",60,"Sealed","Dry","Not Raining","Daylight","Hit Pedestrian",1,,,1331881.33,1675724.54
"2021-24474-19/09/2025","GLENELG SOUTH","CITY OF HOLDFAST BAY",2,1,0,0,1,2021,"December","Thursday","06:19 pm",50,"Sealed","Dry","Not Raining","Daylight","Right Angle",1,,,1320410.56,1663865.38
"2021-24475-19/09/2025","TOORAK GARDENS","CITY OF BURNSIDE",2,2,0,0,2,2021,"December","Thursday","06:40 pm",60,"Sealed","Dry","Not Raining","Daylight","Right Angle",2,,,1332114.81,1669050.14
"2021-24477-19/09/2025","FERRYDEN PARK","CITY OF PORT ADELAIDE ENFIELD",2,1,0,0,1,2021,"December","Thursday","07:10 pm",50,"Sealed","Dry","Not Raining","Daylight","Right Angle",1,,,1324790.3,1676759.65
"2021-24482-19/09/2025","YAHL","DISTRICT COUNCIL OF GRANT",3,1,0,0,1,2021,"December","Thursday","10:57 pm",100,"Unsealed","Dry","Not Raining","Night","Hit Fixed Object",1,,,1514133.2,1333960.88
"2021-24483-19/09/2025","NORTH ADELAIDE","CITY OF ADELAIDE",2,1,0,0,1,2021,"December","Friday","03:20 am",50,"Sealed","Dry","Not Raining","Night","Hit Parked Vehicle",1,,"Y",1329230.53,1672719.16
"2021-24485-19/09/2025","SOUTH PLYMPTON","CC MARION.",3,1,0,0,1,2021,"December","Friday","06:50 am",60,"Sealed","Dry","Not Raining","Daylight","Rear End",1,,"Y",1325012.43,1666137.48
"2021-24490-19/09/2025","INGLE FARM","CITY OF SALISBURY",2,2,0,0,2,2021,"December","Friday","09:06 am",50,"Sealed","Dry","Not Raining","Daylight","Side Swipe",2,,,1332581.77,1681353.98
"2021-24491-19/09/2025","LARGS NORTH","CITY OF PORT ADELAIDE ENFIELD",2,1,0,0,1,2021,"December","Friday","09:07 am",60,"Sealed","Dry","Not Raining","Daylight","Right Angle",1,,,1319876.38,1683138.42
"2021-24494-19/09/2025","MILE END","CITY OF WEST TORRENS",2,1,0,0,1,2021,"December","Thursday","10:00 am",50,"Sealed","Dry","Not Raining","Daylight","Rear End",2,,,1325816.67,1670983.33
"2021-24495-19/09/2025","KINGSWOOD","CC MITCHAM.",2,1,0,0,1,2021,"December","Thursday","08:00 am",60,"Sealed","Dry","Not Raining","Daylight","Rear End",2,,,1329135.99,1666253.56
"2021-24496-19/09/2025","KILBURN","CITY OF PORT ADELAIDE ENFIELD",2,4,0,0,4,2021,"December","Friday","11:35 am",60,"Sealed","Dry","Not Raining","Daylight","Right Turn",2,,,1327206.14,1677437.48
"2021-24497-19/09/2025","WARRADALE","CC MARION.",2,1,0,1,0,2021,"December","Friday","12:10 pm",60,"Sealed","Dry","Not Raining","Daylight","Right Angle",2,,,1322624.17,1661697.89
"2021-24499-19/09/2025","MANNINGHAM","CITY OF PORT ADELAIDE ENFIELD",2,1,0,0,1,2021,"December","Friday","12:33 pm",40,"Sealed","Dry","Not Raining","Daylight","Right Angle",2,"Y",,1330467.4,1675457.05
"2021-24500-19/09/2025","HACKHAM WEST","CITY OF ONKAPARINGA",2,1,0,0,1,2021,"December","Friday","12:55 pm",60,"Sealed","Dry","Not Raining","Daylight","Rear End",1,,"Y",1319147.11,1647486.06
"2021-24503-19/09/2025","NAILSWORTH","CITY OF PROSPECT",2,1,0,0,1,2021,"December","Friday","01:25 pm",60,"Sealed","Dry","Not Raining","Daylight","Hit Pedestrian",1,,,1328920.22,1674652.01
"2021-24508-19/09/2025","SEATON","CITY OF CHARLES STURT",2,1,0,0,1,2021,"December","Friday","02:35 pm",60,"Sealed","Dry","Not Raining","Daylight","Hit Fixed Object",1,,,1320734.1,1675286.35
"2021-24514-19/09/2025","MANNINGHAM","CITY OF PORT ADELAIDE ENFIELD",2,1,0,0,1,2021,"December","Friday","04:58 pm",60,"Sealed","Dry","Not Raining","Daylight","Right Angle",1,,,1330461.05,1676023.65
"2021-24519-19/09/2025","BROADVIEW","CITY OF PROSPECT",2,1,0,0,1,2021,"December","Thursday","05:00 pm",60,"Sealed","Dry","Not Raining","Daylight","Rear End",2,,,1330477.57,1675215.65
"2021-24524-19/09/2025","CHARLTON GULLY","DC LOWER EYRE PENINSULA",2,1,0,1,0,2021,"December","Saturday","03:10 am",100,"Unsealed","Dry","Not Raining","Night","Hit Fixed Object",1,"Y",,1076126.04,1717450.51
"2021-24528-19/09/2025","CHANDLERS HILL","CITY OF ONKAPARINGA",2,1,0,0,1,2021,"December","Saturday","04:17 pm",80,"Sealed","Dry","Not Raining","Daylight","Hit Fixed Object",1,,,1328961.06,1651893.01
"2021-24533-19/09/2025","WINDSOR GARDENS","CITY OF PORT ADELAIDE ENFIELD",2,1,0,1,0,2021,"December","Saturday","07:15 pm",50,"Sealed","Dry","Not Raining","Daylight","Right Angle",1,,,1333843.04,1677900.61
"2021-24539-19/09/2025","LAKE GILLES",,1,1,1,0,0,2021,"December","Saturday","03:00 pm",110,"Sealed","Dry","Not Raining","Daylight","Roll Over",1,,,1155688.98,1877628.65
"2021-24541-19/09/2025","STEPNEY","CC OF NORWOOD,PAYNEHAM & ST PETERS",2,1,0,1,0,2021,"December","Sunday","02:40 am",60,"Sealed","Dry","Not Raining","Night","Hit Fixed Object",1,,"Y",1331089.34,1671731.39
"2021-24542-19/09/2025","PORT JULIA","YORKE PENINSULA COUNCIL",2,1,1,0,0,2021,"December","Saturday","09:25 pm",100,"Sealed","Dry","Not Raining","Night","Hit Pedestrian",2,,,1261738.2,1701180.23
"2021-24544-19/09/2025","GLENELG SOUTH","CITY OF HOLDFAST BAY",2,1,0,0,1,2021,"December","Sunday","11:45 am",50,"Sealed","Dry","Not Raining","Daylight","Right Turn",2,,,1320413.6,1663751.86
"2021-24548-19/09/2025","BASKET RANGE","THE ADELAIDE HILLS COUNCIL",4,1,0,0,1,2021,"December","Sunday","01:50 pm",80,"Sealed","Dry","Not Raining","Daylight","Hit Fixed Object",1,,,1343610.13,1668220.74
"2021-24549-19/09/2025","DERNANCOURT","CITY OF TEA TREE GULLY",2,1,0,0,1,2021,"December","Sunday","02:45 pm",50,"Sealed","Dry","Not Raining","Daylight","Hit Fixed Object",1,,,1335542.45,1677700.01
"2021-24560-19/09/2025","INMAN VALLEY","DC YANKALILLA.",1,1,0,0,1,2021,"December","Sunday","09:00 pm",100,"Unsealed","Dry","Not Raining","Night","Roll Over",1,,,1314624,1605957.09
"2021-24568-19/09/2025","SALISBURY","CITY OF SALISBURY",2,2,0,0,2,2021,"December","Monday","04:20 pm",60,"Sealed","Dry","Not Raining","Daylight","Right Angle",2,,,1333481.26,1689043.72
"2021-24578-19/09/2025","PLYMPTON","CITY OF WEST TORRENS",2,1,0,1,0,2021,"December","Monday","10:25 pm",50,"Sealed","Dry","Not Raining","Night","Hit Pedestrian",2,,,1324968.5,1667703.28
"2021-24581-19/09/2025","PURNONG","MID MURRAY DISTRICT COUNCIL",1,1,0,0,1,2021,"December","Monday","01:20 pm",100,"Sealed","Dry","Not Raining","Daylight","Roll Over",1,,,1423797.23,1675287.69
"2021-24582-19/09/2025","PORT MACDONNELL","DISTRICT COUNCIL OF GRANT",2,1,0,0,1,2021,"December","Monday","05:20 pm",50,"Sealed","Dry","Not Raining","Daylight","Side Swipe",2,,,1501561.43,1315570.36
"2021-24583-19/09/2025","SURREY DOWNS","CITY OF TEA TREE GULLY",2,1,0,0,1,2021,"December","Tuesday","09:07 am",60,"Sealed","Dry","Not Raining","Daylight","Right Angle",1,,,1338113.9,1683604.7
"2021-24585-19/09/2025","URRBRAE","CC MITCHAM.",2,1,0,0,1,2021,"December","Monday","01:00 pm",60,"Sealed","Dry","Not Raining","Daylight","Right Turn",2,,,1332701.73,1666101.35
"2021-24587-19/09/2025","ADELAIDE","CITY OF ADELAIDE",2,1,0,0,1,2021,"December","Tuesday","12:50 pm",50,"Sealed","Dry","Not Raining","Daylight","Side Swipe",2,,,1327484.98,1669850.35
"2021-24588-19/09/2025","KENSINGTON PARK","CITY OF BURNSIDE",3,1,0,0,1,2021,"December","Tuesday","02:30 pm",60,"Sealed","Dry","Not Raining","Daylight","Rear End",2,,,1333878.08,1671163.25
"2021-24592-19/09/2025","CLELAND","THE ADELAIDE HILLS COUNCIL",2,1,0,1,0,2021,"December","Monday","10:30 pm",80,"Sealed","Dry","Not Raining","Night","Hit Fixed Object",1,,,1338636.42,1666015.25
"2021-24597-19/09/2025","NAIRNE","DC MT.BARKER.",2,1,0,0,1,2021,"December","Tuesday","06:36 pm",80,"Sealed","Dry","Not Raining","Daylight","Hit Fixed Object",1,"Y",,1357705.33,1657473.38
"2021-24598-19/09/2025","KANGAROO HEAD","KANGAROO ISLAND COUNCIL",4,2,0,0,2,2021,"December","Tuesday","05:30 pm",100,"Sealed","Dry","Not Raining","Daylight","Head On",2,,"Y",1261825.76,1580657.2
"2021-24599-19/09/2025","IRONBANK","THE ADELAIDE HILLS COUNCIL",2,3,0,0,3,2021,"December","Tuesday","11:00 pm",60,"Sealed","Dry","Not Raining","Night","Hit Fixed Object",1,,,1336273.71,1658135.02
"2021-24600-19/09/2025","TWO WELLS","DC MALLALA.",2,3,0,0,3,2021,"December","Wednesday","05:45 am",100,"Sealed","Dry","Not Raining","Night","Right Angle",1,,,1325592.53,1707746.22
"2021-24601-19/09/2025","STEPNEY","CC OF NORWOOD,PAYNEHAM & ST PETERS",2,1,0,1,0,2021,"December","Wednesday","07:14 am",60,"Sealed","Dry","Not Raining","Daylight","Right Turn",1,,,1331423.77,1671738.91
"2021-24604-19/09/2025","INGLE FARM","CITY OF SALISBURY",2,3,0,0,3,2021,"December","Wednesday","09:00 am",60,"Sealed","Dry","Not Raining","Daylight","Right Turn",2,,,1332135.16,1681789.77
"2021-24610-19/09/2025","GAWLER","CT GAWLER.",2,2,0,1,1,2021,"December","Wednesday","11:09 am",50,"Sealed","Dry","Not Raining","Daylight","Hit Fixed Object",1,,,1343362.16,1706266.97
"2021-24611-19/09/2025","HIGHBURY","CITY OF TEA TREE GULLY",2,1,0,0,1,2021,"December","Wednesday","11:15 am",60,"Sealed","Dry","Not Raining","Daylight","Rear End",2,,,1338113.52,1678461.9
"2021-24614-19/09/2025","TOOPERANG","ALEXANDRINA COUNCIL",2,1,0,0,1,2021,"December","Wednesday","10:30 am",100,"Unsealed","Dry","Not Raining","Daylight","Hit Fixed Object",1,,,1340148.57,1619068.12
"2021-24621-19/09/2025","UPPER STURT","CC MITCHAM.",2,1,0,0,1,2021,"December","Wednesday","03:30 pm",60,"Sealed","Dry","Not Raining","Daylight","Rear End",2,,,1334589.92,1659373.03
"2021-24627-19/09/2025","NORTHFIELD","CITY OF PORT ADELAIDE ENFIELD",2,1,0,0,1,2021,"December","Wednesday","07:00 pm",60,"Sealed","Dry","Not Raining","Daylight","Hit Pedestrian",1,,,1330379.16,1678936.57
"2021-24630-19/09/2025","HARROGATE","DC MT.BARKER.",2,1,0,0,1,2021,"December","Thursday","01:20 am",60,"Unsealed","Dry","Not Raining","Night","Hit Fixed Object",1,,,1365268.65,1663946.25
"2021-24631-19/09/2025","PLYMPTON","CITY OF WEST TORRENS",2,1,0,0,1,2021,"December","Thursday","08:18 am",60,"Sealed","Dry","Not Raining","Daylight","Hit Fixed Object",1,,,1323490.26,1667026.65
"2021-24635-19/09/2025","HOUGHTON","THE ADELAIDE HILLS COUNCIL",2,2,0,2,0,2021,"December","Thursday","10:07 am",80,"Sealed","Dry","Not Raining","Daylight","Head On",1,,,1343309.56,1681319.07
"2021-24650-19/09/2025","PENOLA","WATTLE RANGE COUNCIL",2,1,0,1,0,2021,"December","Thursday","08:45 pm",100,"Sealed","Dry","Not Raining","Night","Hit Fixed Object",1,,,1525420.4,1383224.72
"2021-24653-19/09/2025","CAMPBELLTOWN","CC CAMPBELLTOWN.",3,1,0,1,0,2021,"December","Friday","01:32 am",60,"Sealed","Dry","Not Raining","Night","Hit Fixed Object",1,,,1334250.3,1675349.16
"2021-24655-19/09/2025","TORRENSVILLE","CITY OF WEST TORRENS",2,1,0,1,0,2021,"December","Friday","02:00 am",60,"Sealed","Dry","Not Raining","Night","Rear End",1,,"Y",1325754.03,1670993.72
"2021-24656-19/09/2025","MARION BAY","YORKE PENINSULA COUNCIL",2,1,0,0,1,2021,"December","Thursday","02:15 pm",100,"Sealed","Dry","Not Raining","Daylight","Roll Over",1,,"Y",1191238.01,1650703.33
"2021-24657-19/09/2025","ELIZABETH SOUTH","CITY OF PLAYFORD.",2,1,0,0,1,2021,"December","Friday","09:50 am",60,"Sealed","Dry","Not Raining","Daylight","Rear End",2,,,1334701.69,1691509.56
"2021-24661-19/09/2025","HALLETT COVE","CC MARION.",2,1,0,1,0,2021,"December","Friday","03:40 pm",50,"Sealed","Dry","Not Raining","Daylight","Hit Fixed Object",1,,,1318885.26,1654064.11
"2021-24664-19/09/2025","TAPEROO","CITY OF PORT ADELAIDE ENFIELD",2,1,0,0,1,2021,"December","Friday","05:19 pm",50,"Sealed","Dry","Not Raining","Daylight","Right Angle",1,,,1319711.4,1684422.4
"2021-24665-19/09/2025","TAILEM BEND","COORONG DISTRICT COUNCIL",2,1,0,0,1,2021,"December","Thursday","10:10 pm",60,"Sealed","Dry","Not Raining","Night","Hit Pedestrian",1,,,1404620.32,1631631.16
"2021-24667-19/09/2025","DARLINGTON","CC MARION.",2,1,0,0,1,2021,"December","Friday","07:28 pm",80,"Sealed","Dry","Not Raining","Daylight","Rear End",1,,"Y",1324084.17,1658832.13
"2021-24668-19/09/2025","BURRA EASTERN DISTRICTS","REGIONAL COUNCIL OF GOYDER",1,1,0,0,1,2021,"December","Friday","05:45 pm",100,"Unsealed","Dry","Not Raining","Daylight","Roll Over",1,,,1383272.52,1809854.68
"2021-24669-19/09/2025","SALISBURY","CITY OF SALISBURY",3,1,0,0,1,2021,"December","Friday","07:25 pm",50,"Sealed","Dry","Not Raining","Daylight","Hit Parked Vehicle",1,"Y",,1331762.17,1688522.52
"2021-24670-19/09/2025","FLINDERS PARK","CITY OF CHARLES STURT",2,1,0,0,1,2021,"December","Friday","09:19 pm",60,"Sealed","Dry","Not Raining","Night","Side Swipe",1,,,1322684.74,1673133.88
"2021-24671-19/09/2025","LEAWOOD GARDENS","THE ADELAIDE HILLS COUNCIL",1,2,0,0,2,2021,"December","Friday","09:20 pm",60,"Sealed","Dry","Not Raining","Night","Roll Over",1,,,1335616.21,1664888.82
"2021-24672-19/09/2025","SEDAN","MID MURRAY DISTRICT COUNCIL",2,1,0,0,1,2021,"December","Friday","10:57 pm",100,"Unsealed","Dry","Not Raining","Night","Hit Fixed Object",1,,"Y",1395237.78,1705497.13