"REPORT_ID","Suburb","LGA Name","Total Units","Total Cas","Total Fats","Total SI","Total MI","Year","Month","Day","Time","Area Speed","Road Surface","Moisture Cond","Weather Cond","DayNight","Crash Type","Unit Resp","DUI Involved","Drugs Involved","ACCLOC_X","ACCLOC_Y"
"2021-24684-19/09/2025","SALISBURY","CITY OF SALISBURY",2,1,0,0,1,2021,"December","Friday","11:29 pm",50,"Sealed","Dry","Not Raining","Night","Hit Fixed Object",1,,,1332914.66,1688148.95
"2021-24687-19/09/2025","GLENELG NORTH","CITY OF HOLDFAST BAY",2,1,0,1,0,2021,"December","Tuesday","07:15 pm",50,"Sealed","Dry","Not Raining","Daylight","Hit Fixed Object",1,,,1320457.63,1666684.77
"2021-24721-19/09/2025","ADELAIDE","CITY OF ADELAIDE",2,1,0,0,1,2021,"December","Tuesday","05:30 pm",50,"Sealed","Dry","Not Raining","Daylight","Rear End",2,,,1329226.46,1671155.57
"2021-24988-19/09/2025","MORPHETT VALE","CITY OF ONKAPARINGA",1,1,0,0,1,2021,"December","Friday","07:00 pm",60,"Sealed","Dry","Not Raining","Daylight","Roll Over",1,,,1320825.89,1648066.06
"2021-25036-19/09/2025","ADELAIDE","CITY OF ADELAIDE",1,1,0,0,1,2021,"December","Monday","04:00 am",50,"Sealed","Dry","Not Raining","Night","Other",1,"Y",,1328157.74,1669714.39
"2021-25038-19/09/2025","HACKNEY","CC OF NORWOOD,PAYNEHAM & ST PETERS",2,1,0,0,1,2021,"October","Thursday","07:55 am",60,"Sealed","Dry","Not Raining","Daylight","Rear End",2,,,1329764.73,1672195.57
"2021-25049-19/09/2025","SOUTH PLYMPTON","CC MARION.",2,1,0,0,1,2021,"December","Tuesday","11:00 am",60,"Sealed","Dry","Not Raining","Daylight","Rear End",2,,,1324252.65,1665975.79
"2021-25294-19/09/2025","HILLBANK","CITY OF PLAYFORD.",1,1,0,0,1,2021,"December","Saturday","09:00 am",80,"Sealed","Dry","Not Raining","Daylight","Roll Over",1,,,1336155.14,1690545.32
"2021-25503-19/09/2025","PENNINGTON","CITY OF CHARLES STURT",2,1,0,0,1,2021,"December","Friday","05:15 pm",60,"Sealed","Dry","Not Raining","Daylight","Rear End",2,,,1322283.82,1678327.69
"2021-25523-19/09/2025","STEPNEY","CC OF NORWOOD,PAYNEHAM & ST PETERS",2,1,0,0,1,2021,"September","Saturday","11:25 am",60,"Sealed","Dry","Not Raining","Daylight","Rear End",2,,,1331410.34,1671738.59
"2022-24465-19/09/2025","GOOLWA BEACH","ALEXANDRINA COUNCIL",2,1,0,0,1,2022,"January","Saturday","11:10 am",60,"Sealed","Dry","Not Raining","Daylight","Right Turn",1,,,1341686.96,1605942.79
"2022-24674-19/09/2025","ELIZABETH SOUTH","CITY OF PLAYFORD.",2,1,0,1,0,2022,"January","Saturday","01:00 am",50,"Sealed","Dry","Not Raining","Night","Hit Fixed Object",1,,"Y",1334806.75,1692733.86
"2022-24678-19/09/2025","HILTON","CITY OF WEST TORRENS",4,7,0,0,7,2022,"January","Saturday","01:45 am",60,"Sealed","Dry","Not Raining","Night","Rear End",1,,,1325766.21,1670076.38
"2022-24679-19/09/2025","WESTERN FLAT","DC TATIARA.",2,1,0,0,1,2022,"January","Saturday","10:30 am",110,"Sealed","Dry","Not Raining","Daylight","Hit Fixed Object",1,,,1515570.29,1484787.33
"2022-24686-19/09/2025","STURT","CC MARION.",2,1,0,0,1,2022,"January","Saturday","08:00 pm",60,"Sealed","Dry","Not Raining","Daylight","Right Turn",1,,,1324428.84,1659884.95
"2022-24691-19/09/2025","MARBLE HILL","THE ADELAIDE HILLS COUNCIL",2,1,0,0,1,2022,"January","Sunday","04:00 am",80,"Sealed","Dry","Not Raining","Night","Hit Fixed Object",1,,,1342679.08,1670963.25
"2022-24694-19/09/2025","WAURALTEE","YORKE PENINSULA COUNCIL",1,1,0,1,0,2022,"January","Saturday","07:30 pm",50,"Unsealed","Dry","Not Raining","Daylight","Roll Over",1,,,1229665.13,1710987.16
"2022-24698-19/09/2025","HAPPY VALLEY","CITY OF ONKAPARINGA",1,1,0,1,0,2022,"January","Sunday","02:15 pm",80,"Sealed","Dry","Not Raining","Daylight","Roll Over",1,,,1324294.69,1655871.16
"2022-24701-19/09/2025","CROYDON","CITY OF CHARLES STURT",2,2,0,0,2,2022,"January","Sunday","05:32 pm",60,"Sealed","Dry","Not Raining","Daylight","Right Angle",1,,,1325511.09,1673480.99
"2022-24706-19/09/2025","HAYBOROUGH","DC VICTOR HARBOR.",2,1,0,0,1,2022,"January","Sunday","09:32 pm",60,"Sealed","Dry","Not Raining","Night","Side Swipe",1,"Y",,1329732.48,1602748.83
"2022-24710-19/09/2025","HINDMARSH TIERS","DC VICTOR HARBOR.",2,2,0,0,2,2022,"January","Sunday","12:30 pm",100,"Sealed","Dry","Not Raining","Daylight","Hit Fixed Object",1,,,1321361.13,1617035.47
"2022-24711-19/09/2025","LEAWOOD GARDENS","CITY OF BURNSIDE",2,1,0,0,1,2022,"January","Monday","07:21 am",80,"Sealed","Dry","Not Raining","Daylight","Hit Fixed Object",1,,,1334857.74,1665797.14
"2022-24713-19/09/2025","NORMANVILLE","DC YANKALILLA.",2,1,0,0,1,2022,"January","Sunday","10:45 am",50,"Sealed","Dry","Not Raining","Daylight","Rear End",2,,,1300997.45,1613743.33
"2022-24714-19/09/2025","FINDON","CITY OF CHARLES STURT",1,1,0,1,0,2022,"January","Monday","10:26 am",80,"Sealed","Dry","Not Raining","Daylight","Roll Over",1,,,1321760.37,1673275.29
"2022-24715-19/09/2025","LUCINDALE","DC NARACOORTE & LUCINDALE.",2,2,0,2,0,2022,"January","Monday","10:15 am",110,"Sealed","Dry","Not Raining","Daylight","Right Angle",1,,,1478492.43,1434887.49
"2022-24719-19/09/2025","MCLAREN FLAT","CITY OF ONKAPARINGA",2,1,0,1,0,2022,"January","Monday","02:03 pm",80,"Sealed","Dry","Not Raining","Daylight","Hit Fixed Object",1,,,1330594.93,1640524.27
"2022-24723-19/09/2025","ADELAIDE","CITY OF ADELAIDE",2,1,0,1,0,2022,"January","Monday","04:50 pm",50,"Sealed","Dry","Not Raining","Daylight","Hit Pedestrian",1,,,1327930.12,1670340.86
"2022-24724-19/09/2025","PORT HUGHES","COPPER COAST DISTRICT COUNCIL",2,1,0,0,1,2022,"January","Monday","05:06 pm",50,"Sealed","Dry","Not Raining","Daylight","Rear End",1,,,1235032.75,1767558.66
"2022-24725-19/09/2025","TORRENS PARK","CC MITCHAM.",3,1,0,0,1,2022,"January","Monday","04:51 pm",60,"Sealed","Dry","Not Raining","Daylight","Side Swipe",2,,,1330024.71,1664063.9
"2022-24730-19/09/2025","KIDMAN PARK","CITY OF CHARLES STURT",4,1,0,0,1,2022,"January","Tuesday","01:18 am",50,"Sealed","Dry","Not Raining","Night","Hit Parked Vehicle",1,,,1322388.14,1672308.21
"2022-24732-19/09/2025","PORT AUGUSTA","CC PT.AUGUSTA.",2,1,0,0,1,2022,"January","Tuesday","09:30 am",50,"Sealed","Dry","Not Raining","Daylight","Right Angle",2,,,1261008.65,1942815.13
"2022-24735-19/09/2025","MILLBROOK","THE ADELAIDE HILLS COUNCIL",2,1,0,0,1,2022,"January","Monday","01:50 pm",80,"Sealed","Dry","Not Raining","Daylight","Hit Fixed Object",1,,,1346568.61,1679043.03
"2022-24736-19/09/2025","GLEN OSMOND","CITY OF BURNSIDE",2,1,0,0,1,2022,"January","Tuesday","01:00 pm",60,"Sealed","Dry","Not Raining","Daylight","Rear End",2,,,1332042.28,1666892.65
"2022-24738-19/09/2025","INGLE FARM","CITY OF SALISBURY",2,1,0,0,1,2022,"January","Tuesday","02:35 pm",60,"Sealed","Dry","Not Raining","Daylight","Rear End",2,,,1333735.02,1681174.14
"2022-24739-19/09/2025","FULLARTON","CITY OF UNLEY",2,1,0,0,1,2022,"January","Tuesday","02:14 pm",60,"Sealed","Dry","Not Raining","Daylight","Hit Parked Vehicle",1,,,1331387.39,1667801.89
"2022-24742-19/09/2025","EVANSTON GARDENS","CT GAWLER.",2,1,0,0,1,2022,"January","Tuesday","03:00 pm",80,"Sealed","Dry","Not Raining","Daylight","Side Swipe",2,,,1339531.55,1703309.84
"2022-24743-19/09/2025","INGOMAR",,1,2,0,0,2,2022,"January","Tuesday","01:30 pm",110,"Sealed","Dry","Not Raining","Daylight","Roll Over",1,,,1006842.35,2268768.67
"2022-24747-19/09/2025","DAW PARK","CC MITCHAM.",2,1,0,1,0,2022,"January","Tuesday","05:00 pm",60,"Sealed","Dry","Not Raining","Daylight","Hit Fixed Object",1,,,1327562.59,1664651.48
"2022-24748-19/09/2025","GAWLER","CT GAWLER.",2,1,0,0,1,2022,"January","Tuesday","02:24 pm",50,"Sealed","Dry","Not Raining","Daylight","Rear End",2,,,1343359.66,1706705.69
"2022-24752-19/09/2025","BURTON","CITY OF SALISBURY",2,1,0,0,1,2022,"January","Tuesday","07:54 pm",60,"Sealed","Dry","Not Raining","Daylight","Right Angle",2,,,1330151.76,1690822.54
"2022-24759-19/09/2025","KANGARILLA","CITY OF ONKAPARINGA",2,1,0,0,1,2022,"January","Wednesday","09:45 am",80,"Sealed","Wet","Raining","Daylight","Hit Fixed Object",1,,,1336613.97,1644141.08
"2022-24760-19/09/2025","MONTACUTE","THE ADELAIDE HILLS COUNCIL",1,1,0,1,0,2022,"January","Wednesday","08:20 am",80,"Sealed","Dry","Not Raining","Daylight","Roll Over",1,,,1342368.54,1674055.36
"2022-24761-19/09/2025","COROMANDEL VALLEY","CITY OF ONKAPARINGA",2,1,0,0,1,2022,"January","Wednesday","08:35 am",60,"Sealed","Wet","Not Raining","Daylight","Right Angle",2,,,1329813.33,1656907.74
"2022-24765-19/09/2025","WINGFIELD","CITY OF PORT ADELAIDE ENFIELD",2,1,0,0,1,2022,"January","Wednesday","12:45 pm",60,"Unsealed","Dry","Not Raining","Daylight","Rear End",2,,,1325562.16,1679187.23
"2022-24769-19/09/2025","KURRALTA PARK","CITY OF WEST TORRENS",2,1,0,0,1,2022,"January","Wednesday","06:05 pm",60,"Sealed","Dry","Not Raining","Daylight","Right Turn",1,,,1325778.61,1667717.09
"2022-24770-19/09/2025","BEACHPORT","WATTLE RANGE COUNCIL",1,1,0,1,0,2022,"January","Tuesday","06:25 pm",110,"Unsealed","Dry","Not Raining","Daylight","Roll Over",1,,,1438214.44,1390575.07
"2022-24773-19/09/2025","ANGLE VALE","CITY OF PLAYFORD.",3,1,0,0,1,2022,"January","Wednesday","06:43 pm",110,"Sealed","Dry","Not Raining","Daylight","Rear End",2,,,1335783.2,1701961.36
"2022-24776-19/09/2025","FULLARTON","CITY OF UNLEY",4,1,0,0,1,2022,"January","Wednesday","08:43 pm",60,"Sealed","Wet","Raining","Night","Right Angle",1,,,1330731.84,1667482.42
"2022-24785-19/09/2025","NEW PORT","CITY OF PORT ADELAIDE ENFIELD",1,1,0,0,1,2022,"January","Thursday","10:43 am",60,"Sealed","Wet","Raining","Daylight","Roll Over",1,,,1319810.97,1680439.31
"2022-24788-19/09/2025","POORAKA","CITY OF SALISBURY",3,1,0,1,0,2022,"January","Thursday","12:24 pm",80,"Sealed","Dry","Not Raining","Daylight","Right Angle",1,,,1331536.65,1683142.51
"2022-24790-19/09/2025","SELLICKS HILL","CITY OF ONKAPARINGA",3,1,0,0,1,2022,"January","Thursday","12:20 pm",90,"Sealed","Dry","Not Raining","Daylight","Rear End",1,,,1315514.14,1626426.57
"2022-24792-19/09/2025","BRIDGEWATER","THE ADELAIDE HILLS COUNCIL",2,1,0,0,1,2022,"January","Thursday","10:10 am",110,"Sealed","Dry","Not Raining","Daylight","Hit Fixed Object",1,,,1344848.61,1660033.74
"2022-24794-19/09/2025","HILLCREST","CITY OF PORT ADELAIDE ENFIELD",6,4,0,1,3,2022,"January","Thursday","02:25 pm",60,"Sealed","Dry","Not Raining","Daylight","Right Angle",1,,"Y",1332948.47,1677348.06
"2022-24795-19/09/2025","GUMERACHA","THE ADELAIDE HILLS COUNCIL",1,1,0,0,1,2022,"January","Thursday","01:30 pm",100,"Sealed","Dry","Not Raining","Daylight","Roll Over",1,,,1355551.47,1679570.59
"2022-24801-19/09/2025","MANNINGHAM","CITY OF PORT ADELAIDE ENFIELD",2,1,0,1,0,2022,"January","Thursday","04:50 pm",60,"Sealed","Dry","Not Raining","Daylight","Right Angle",1,,,1330467.4,1675457.05
"2022-24810-19/09/2025","EVANSTON SOUTH","CT GAWLER.",2,1,0,0,1,2022,"January","Thursday","10:20 pm",90,"Sealed","Dry","Not Raining","Night","Rear End",2,,,1339562.64,1700114.53
"2022-24812-19/09/2025","SALISBURY EAST","CITY OF SALISBURY",2,2,0,0,2,2022,"January","Thursday","10:06 pm",80,"Sealed","Wet","Raining","Night","Right Angle",2,,"Y",1333289.2,1685362.95
"2022-24813-19/09/2025","FULLARTON","CITY OF UNLEY",2,1,0,0,1,2022,"January","Friday","12:04 am",60,"Sealed","Wet","Raining","Night","Rear End",2,,,1331095.73,1668022.6
"2022-24820-19/09/2025","MYPONGA","DC YANKALILLA.",2,1,0,0,1,2022,"January","Thursday","11:00 am",100,"Sealed","Wet","Not Raining","Daylight","Rear End",2,,,1314634.66,1621167.45
"2022-24821-19/09/2025","HAPPY VALLEY","CITY OF ONKAPARINGA",2,1,0,0,1,2022,"January","Friday","10:12 am",70,"Sealed","Wet","Raining","Daylight","Right Angle",1,,,1325603.37,1656854
"2022-24822-19/09/2025","PETHERICK","DC TATIARA.",2,1,0,1,0,2022,"January","Thursday","06:40 pm",100,"Unsealed","Dry","Not Raining","Daylight","Hit Fixed Object",1,,,1462002.82,1503446.68
"2022-24825-19/09/2025","ADELAIDE","CITY OF ADELAIDE",3,1,0,0,1,2022,"January","Friday","12:25 pm",50,"Sealed","Wet","Raining","Daylight","Hit Pedestrian",1,,,1329226.46,1671155.57
"2022-24827-19/09/2025","GOODWOOD","CITY OF UNLEY",2,2,0,0,2,2022,"January","Friday","03:28 pm",50,"Sealed","Wet","Raining","Daylight","Right Angle",2,,,1327465.92,1667626.2
"2022-24830-19/09/2025","MANNINGHAM","CITY OF PORT ADELAIDE ENFIELD",2,1,0,0,1,2022,"January","Friday","03:05 pm",60,"Sealed","Dry","Not Raining","Daylight","Rear End",1,,,1330452.56,1676521.37
"2022-24834-19/09/2025","WESTBOURNE PARK","CC MITCHAM.",2,1,0,0,1,2022,"January","Friday","06:43 pm",60,"Sealed","Dry","Not Raining","Daylight","Right Turn",1,,,1327546.38,1664994.52
"2022-24839-19/09/2025","GEPPS CROSS","CITY OF PORT ADELAIDE ENFIELD",3,1,0,1,0,2022,"January","Friday","11:00 pm",60,"Sealed","Dry","Not Raining","Night","Rear End",1,"Y",,1328821.62,1679280.51
"2022-24843-19/09/2025","PARA HILLS","CITY OF SALISBURY",1,1,0,0,1,2022,"January","Saturday","09:22 am",50,"Sealed","Dry","Not Raining","Daylight","Left Road - Out of Control",1,,"Y",1333590.97,1683577.29
"2022-24852-19/09/2025","VALLEY VIEW","CITY OF PORT ADELAIDE ENFIELD",2,2,0,0,2,2022,"January","Saturday","02:30 pm",60,"Sealed","Dry","Not Raining","Daylight","Right Turn",2,,,1334550.17,1679386.94
"2022-24856-19/09/2025","POORAKA","CITY OF SALISBURY",2,1,0,0,1,2022,"January","Saturday","12:45 pm",70,"Sealed","Dry","Not Raining","Daylight","Rear End",2,,,1329917.43,1680996.65
"2022-24858-19/09/2025","SALISBURY","CITY OF SALISBURY",2,1,0,0,1,2022,"January","Saturday","05:15 pm",60,"Sealed","Dry","Not Raining","Daylight","Right Turn",1,,,1332782.42,1688511.32
"2022-24864-19/09/2025","SANDERSTON","MID MURRAY DISTRICT COUNCIL",1,1,0,1,0,2022,"January","Sunday","10:30 am",100,"Sealed","Dry","Not Raining","Daylight","Roll Over",1,,,1383761.59,1687072.3
"2022-24865-19/09/2025","KANGARILLA","CITY OF ONKAPARINGA",2,2,0,0,2,2022,"January","Sunday","10:05 am",80,"Sealed","Dry","Not Raining","Daylight","Right Angle",2,,,1334208.42,1644901.86
"2022-24866-19/09/2025","DOVER GARDENS","CC MARION.",2,2,0,0,2,2022,"January","Sunday","01:29 pm",60,"Sealed","Dry","Not Raining","Daylight","Right Turn",1,,,1322776.93,1660610.37
"2022-24868-19/09/2025","STURT","CC MARION.",2,2,0,0,2,2022,"January","Sunday","02:34 pm",60,"Sealed","Dry","Not Raining","Daylight","Rear End",2,,,1324404.88,1660668.91
"2022-24869-19/09/2025","ADELAIDE","CITY OF ADELAIDE",2,1,0,0,1,2022,"January","Saturday","10:20 pm",50,"Sealed","Dry","Not Raining","Night","Rear End",2,,,1327427.7,1670950.81
"2022-24870-19/09/2025","BROMPTON","CITY OF CHARLES STURT",3,1,0,1,0,2022,"January","Sunday","02:30 pm",40,"Sealed","Dry","Not Raining","Daylight","Head On",1,,"Y",1326333.04,1674017.36
"2022-24877-19/09/2025","ADELAIDE","CITY OF ADELAIDE",3,1,0,0,1,2022,"January","Monday","02:05 am",50,"Sealed","Dry","Not Raining","Night","Hit Fixed Object",1,,,1327921.16,1670654.98
"2022-24878-19/09/2025","CHANDLERS HILL","CITY OF ONKAPARINGA",2,1,0,0,1,2022,"January","Monday","07:26 am",70,"Sealed","Dry","Not Raining","Daylight","Right Turn",2,,,1329119.49,1652682.31
"2022-24885-19/09/2025","PROSPECT","CITY OF PROSPECT",3,1,0,1,0,2022,"January","Monday","10:38 am",60,"Sealed","Dry","Not Raining","Daylight","Hit Fixed Object",1,,,1327783.89,1676415.06
"2022-24888-19/09/2025","VALLEY VIEW","CITY OF TEA TREE GULLY",2,2,0,0,2,2022,"January","Monday","01:13 pm",60,"Sealed","Dry","Not Raining","Daylight","Hit Fixed Object",1,,,1335704.92,1680585.16
"2022-24892-19/09/2025","BURNSIDE","CITY OF BURNSIDE",2,1,0,0,1,2022,"January","Monday","03:48 pm",60,"Sealed","Dry","Not Raining","Daylight","Hit Fixed Object",1,,,1334966.52,1668706.23
"2022-24894-19/09/2025","MAWSON LAKES","CITY OF SALISBURY",3,1,0,0,1,2022,"January","Monday","04:23 pm",80,"Sealed","Dry","Not Raining","Daylight","Rear End",1,,,1331173.5,1682717.49
"2022-24904-19/09/2025","ONKAPARINGA HILLS","CITY OF ONKAPARINGA",2,1,0,0,1,2022,"January","Tuesday","07:16 am",80,"Sealed","Dry","Not Raining","Daylight","Right Angle",1,,,1327398.45,1650429.24
"2022-24905-19/09/2025","CRAFERS WEST","THE ADELAIDE HILLS COUNCIL",1,1,1,0,0,2022,"January","Tuesday","07:30 am",50,"Sealed","Dry","Not Raining","Daylight","Roll Over",1,,,1336825.99,1663470.48
"2022-24908-19/09/2025","NOARLUNGA CENTRE","CITY OF ONKAPARINGA",2,1,0,0,1,2022,"January","Tuesday","10:55 am",60,"Sealed","Dry","Not Raining","Daylight","Right Turn",1,,,1319094.8,1647483.87
"2022-24915-19/09/2025","ADELAIDE","CITY OF ADELAIDE",3,1,0,0,1,2022,"January","Tuesday","02:40 pm",60,"Sealed","Dry","Not Raining","Daylight","Side Swipe",1,,,1327402.13,1669577.51
"2022-24919-19/09/2025","MORPHETT VALE","CITY OF ONKAPARINGA",3,1,0,0,1,2022,"January","Tuesday","05:10 pm",50,"Sealed","Dry","Not Raining","Daylight","Hit Parked Vehicle",1,,,1321633.59,1650860.31
"2022-24923-19/09/2025","MYPONGA","DC YANKALILLA.",1,1,0,0,1,2022,"January","Tuesday","07:25 pm",80,"Unsealed","Dry","Not Raining","Daylight","Roll Over",1,,,1321213.2,1622822.9
"2022-24929-19/09/2025","PORT PIRIE","PT.PIRIE CITY & DIST. COUNCIL",2,1,0,1,0,2022,"January","Wednesday","07:05 am",50,"Sealed","Dry","Not Raining","Daylight","Hit Fixed Object",1,,,1279780.29,1864486.24
"2022-24934-19/09/2025","GLENELG EAST","CITY OF HOLDFAST BAY",2,4,0,0,4,2022,"January","Wednesday","11:12 am",60,"Sealed","Dry","Not Raining","Daylight","Right Turn",2,,,1321286.95,1664158.42
"2022-24939-19/09/2025","FINNISS","ALEXANDRINA COUNCIL",2,3,0,3,0,2022,"January","Wednesday","02:08 pm",100,"Sealed","Dry","Not Raining","Daylight","Head On",1,,,1346878.61,1621123.9
"2022-24940-19/09/2025","PROSPECT","CITY OF PROSPECT",3,1,0,0,1,2022,"January","Wednesday","01:30 pm",50,"Sealed","Dry","Not Raining","Daylight","Hit Parked Vehicle",1,,,1327451.98,1676557.38
"2022-24944-19/09/2025","COFFIN BAY","DC LOWER EYRE PENINSULA",2,1,0,0,1,2022,"January","Wednesday","01:00 pm",100,"Unsealed","Dry","Not Raining","Daylight","Head On",2,,,1041377.6,1709055.86
"2022-24945-19/09/2025","SEAFORD","CITY OF ONKAPARINGA",3,2,0,0,2,2022,"January","Wednesday","03:00 pm",70,"Sealed","Dry","Not Raining","Daylight","Rear End",1,,,1316371.66,1642084.36
"2022-24947-19/09/2025","MUNNO PARA","CITY OF PLAYFORD.",2,1,0,0,1,2022,"January","Wednesday","02:30 pm",80,"Sealed","Dry","Not Raining","Daylight","Rear End",2,,,1338210.83,1697712.55
"2022-24955-19/09/2025","TORRENSVILLE","CITY OF WEST TORRENS",3,1,0,0,1,2022,"January","Wednesday","10:30 am",60,"Unsealed","Dry","Not Raining","Daylight","Rear End",2,,,1325643.56,1671485.02
"2022-24956-19/09/2025","WEST LAKES","CITY OF CHARLES STURT",2,1,0,0,1,2022,"January","Wednesday","01:40 pm",50,"Sealed","Dry","Not Raining","Daylight","Right Angle",2,,,1318957.86,1676262.23
"2022-24957-19/09/2025","LOWER LIGHT","DC MALLALA.",2,1,0,0,1,2022,"January","Wednesday","06:35 pm",110,"Sealed","Dry","Not Raining","Daylight","Hit Fixed Object",1,,,1314937.7,1714928.53
"2022-24962-19/09/2025","KONGORONG","DISTRICT COUNCIL OF GRANT",2,2,0,1,1,2022,"January","Wednesday","07:05 pm",80,"Unsealed","Dry","Not Raining","Daylight","Hit Fixed Object",1,"Y","Y",1481863.15,1335353.81
"2022-24963-19/09/2025","KYANCUTTA","DC WUDINNA. (DC LE HUNTE.)",3,1,0,0,1,2022,"January","Wednesday","11:30 pm",110,"Sealed","Dry","Not Raining","Night","Head On",1,,,1059051.6,1873974.99
"2022-24964-19/09/2025","ROXBY DOWNS","MC ROXBY DOWNS",2,1,0,0,1,2022,"January","Thursday","01:55 am",50,"Sealed","Dry","Not Raining","Night","Hit Parked Vehicle",1,"Y",,1182678.46,2157936.94
"2022-24967-19/09/2025","EDEN VALLEY","THE BAROSSA COUNCIL.",2,1,0,0,1,2022,"January","Thursday","07:12 am",100,"Sealed","Dry","Not Raining","Daylight","Hit Fixed Object",1,,,1375794.4,1702561.72
"2022-24968-19/09/2025","ENFIELD","CITY OF PORT ADELAIDE ENFIELD",2,1,0,0,1,2022,"January","Thursday","07:55 am",60,"Sealed","Dry","Not Raining","Daylight","Rear End",2,,,1328811.91,1678605.98
"2022-24972-19/09/2025","SALISBURY DOWNS","CITY OF SALISBURY",3,1,0,0,1,2022,"January","Thursday","11:31 am",60,"Sealed","Dry","Not Raining","Daylight","Rear End",1,,,1331414.77,1686851.89
"2022-24975-19/09/2025","MOUNT GAMBIER","CC MT.GAMBIER.",2,1,0,0,1,2022,"January","Thursday","12:57 pm",50,"Sealed","Dry","Not Raining","Daylight","Hit Pedestrian",1,,,1509619.08,1340423.78
"2022-24976-19/09/2025","WINGFIELD","CITY OF PORT ADELAIDE ENFIELD",2,1,0,1,0,2022,"January","Thursday","01:48 pm",50,"Sealed","Dry","Not Raining","Daylight","Side Swipe",2,,,1325058.42,1680209.61
"2022-24984-19/09/2025","SEMAPHORE SOUTH","CITY OF PORT ADELAIDE ENFIELD",2,2,0,0,2,2022,"January","Thursday","05:53 pm",50,"Sealed","Dry","Not Raining","Daylight","Right Turn",1,,,1318461.58,1679922.32
"2022-24986-19/09/2025","CAMPBELLTOWN","CC CAMPBELLTOWN.",2,1,0,0,1,2022,"January","Thursday","05:00 pm",60,"Sealed","Dry","Not Raining","Daylight","Hit Pedestrian",1,,,1334468.27,1675734.19
"2022-24991-19/09/2025","PENFIELD GARDENS","CITY OF PLAYFORD.",3,5,0,1,4,2022,"January","Thursday","12:18 pm",80,"Sealed","Dry","Not Raining","Daylight","Right Angle",1,,,1331985.26,1698516.9
"2022-24993-19/09/2025","WINNINOWIE","CC PT.AUGUSTA.",2,1,0,1,0,2022,"January","Friday","06:15 am",110,"Sealed","Dry","Not Raining","Night","Hit Fixed Object",1,,"Y",1271098.74,1930210.13
"2022-25007-19/09/2025","MUNNO PARA","CITY OF PLAYFORD.",3,3,0,0,3,2022,"January","Friday","02:43 pm",60,"Sealed","Dry","Not Raining","Daylight","Rear End",1,,,1336340.83,1698728.48
"2022-25014-19/09/2025","TAPEROO","CITY OF PORT ADELAIDE ENFIELD",2,1,0,0,1,2022,"January","Friday","04:42 pm",60,"Sealed","Dry","Not Raining","Daylight","Hit Pedestrian",2,,,1319005.75,1683927.32
"2022-25015-19/09/2025","TORRENSVILLE","CITY OF WEST TORRENS",4,1,0,0,1,2022,"January","Friday","04:46 pm",60,"Sealed","Dry","Not Raining","Daylight","Rear End",1,,,1325740.69,1670981.51
"2022-25018-19/09/2025","HUMBUG SCRUB","CITY OF PLAYFORD.",2,1,0,0,1,2022,"January","Friday","06:58 pm",100,"Sealed","Dry","Not Raining","Daylight","Hit Fixed Object",1,,,1349602.67,1694791.67
"2022-25025-19/09/2025","GULFVIEW HEIGHTS","CITY OF SALISBURY",2,1,0,0,1,2022,"January","Friday","05:00 pm",60,"Sealed","Dry","Not Raining","Daylight","Rear End",2,,,1334426.81,1684341.95
"2022-25030-19/09/2025","MOUNT GEORGE","THE ADELAIDE HILLS COUNCIL",1,1,0,1,0,2022,"January","Saturday","11:15 am",80,"Sealed","Dry","Not Raining","Daylight","Roll Over",1,,,1341823.33,1663705.29
"2022-25032-19/09/2025","CRAFERS","THE ADELAIDE HILLS COUNCIL",2,1,0,1,0,2022,"January","Saturday","12:00 pm",50,"Sealed","Dry","Not Raining","Daylight","Rear End",1,,,1339777.31,1663554.29
"2022-25033-19/09/2025","HIGHGATE","CITY OF UNLEY",2,1,0,0,1,2022,"January","Saturday","01:29 pm",60,"Sealed","Dry","Not Raining","Daylight","Side Swipe",2,,,1330754.41,1666678.65
"2022-25037-19/09/2025","WILLUNGA","CITY OF ONKAPARINGA",1,1,0,0,1,2022,"January","Saturday","02:39 pm",50,"Sealed","Dry","Not Raining","Daylight","Roll Over",9,,,1323062.89,1632488.5
"2022-25039-19/09/2025","WARBURTO","COPPER COAST DISTRICT COUNCIL",2,1,0,0,1,2022,"January","Saturday","03:28 pm",100,"Sealed","Dry","Not Raining","Daylight","Side Swipe",2,"Y",,1241403.16,1777547.15
"2022-25041-19/09/2025","MODBURY NORTH","CITY OF TEA TREE GULLY",3,2,0,0,2,2022,"January","Saturday","04:18 pm",80,"Sealed","Dry","Not Raining","Daylight","Rear End",1,,,1335966.45,1682345.59
"2022-25044-19/09/2025","HENLEY BEACH","CITY OF CHARLES STURT",2,1,0,0,1,2022,"January","Saturday","05:50 pm",50,"Sealed","Dry","Not Raining","Daylight","Right Angle",1,,,1318884.7,1672305.12
"2022-25051-19/09/2025","WEST LAKES","CITY OF CHARLES STURT",2,1,0,1,0,2022,"January","Sunday","12:14 am",60,"Sealed","Dry","Not Raining","Night","Hit Fixed Object",1,,,1319661.78,1679089.66