"REPORT_ID","Suburb","LGA Name","Total Units","Total Cas","Total Fats","Total SI","Total MI","Year","Month","Day","Time","Area Speed","Road Surface","Moisture Cond","Weather Cond","DayNight","Crash Type","Unit Resp","DUI Involved","Drugs Involved","ACCLOC_X","ACCLOC_Y"
"2022-25054-19/09/2025","CLELAND","THE ADELAIDE HILLS COUNCIL",3,7,0,0,7,2022,"January","Sunday","07:00 am",100,"Sealed","Dry","Not Raining","Daylight","Rear End",1,,,1336954.48,1663025.68
"2022-25062-19/09/2025","BIRDWOOD","THE ADELAIDE HILLS COUNCIL",2,1,0,0,1,2022,"January","Sunday","09:35 am",50,"Sealed","Dry","Not Raining","Daylight","Side Swipe",1,,,1362358.13,1681481.37
"2022-25063-19/09/2025","MCLAREN VALE","CITY OF ONKAPARINGA",1,1,0,0,1,2022,"January","Sunday","02:41 pm",80,"Sealed","Dry","Not Raining","Daylight","Roll Over",1,,,1319434.14,1640949.27
"2022-25064-19/09/2025","MANNUM","MID MURRAY DISTRICT COUNCIL",2,1,0,1,0,2022,"January","Sunday","08:00 pm",50,"Sealed","Dry","Not Raining","Daylight","Hit Fixed Object",1,,,1393869.35,1669985.38
"2022-25065-19/09/2025","CLEMENTS GAP","BARUNGA WEST DISTRICT COUNCIL",1,1,0,0,1,2022,"January","Sunday","06:45 pm",100,"Unsealed","Dry","Not Raining","Daylight","Roll Over",1,,,1278765.57,1827384.13
"2022-25072-19/09/2025","EDINBURGH NORTH","CITY OF PLAYFORD.",2,1,0,0,1,2022,"January","Monday","11:18 am",60,"Sealed","Dry","Not Raining","Daylight","Right Angle",1,,,1335128.34,1695021.94
"2022-25079-19/09/2025","SALISBURY","CITY OF SALISBURY",2,1,0,0,1,2022,"January","Wednesday","08:50 am",60,"Sealed","Dry","Not Raining","Daylight","Rear End",1,,,1332797.9,1688508.36
"2022-25083-19/09/2025","ASCOT PARK","CC MARION.",2,1,0,1,0,2022,"January","Saturday","09:35 am",50,"Sealed","Dry","Not Raining","Daylight","Hit Parked Vehicle",2,,,1325080.62,1663318.28
"2022-25084-19/09/2025","GAWLER SOUTH","CT GAWLER.",2,1,0,1,0,2022,"January","Monday","02:15 pm",50,"Sealed","Dry","Not Raining","Daylight","Right Angle",2,,"Y",1342643.29,1705778.4
"2022-25085-19/09/2025","IRONBANK","THE ADELAIDE HILLS COUNCIL",2,1,0,0,1,2022,"January","Monday","11:50 am",80,"Sealed","Dry","Not Raining","Daylight","Hit Fixed Object",1,"Y",,1337259.82,1657124.27
"2022-25087-19/09/2025","CROYDON","CITY OF CHARLES STURT",2,1,0,0,1,2022,"January","Sunday","02:20 pm",60,"Sealed","Dry","Not Raining","Daylight","Rear End",2,,,1325511.09,1673480.99
"2022-25091-19/09/2025","BRAHMA LODGE","CITY OF SALISBURY",2,3,0,0,3,2022,"January","Monday","04:00 pm",80,"Sealed","Dry","Not Raining","Daylight","Rear End",2,,,1334265.72,1686625.89
"2022-25093-19/09/2025","URRBRAE","CC MITCHAM.",3,1,0,0,1,2022,"January","Monday","04:25 pm",60,"Sealed","Dry","Not Raining","Daylight","Right Turn",1,,,1330785.59,1665600.33
"2022-25096-19/09/2025","GLENELG NORTH","CITY OF HOLDFAST BAY",2,1,0,0,1,2022,"January","Monday","07:36 am",50,"Sealed","Dry","Not Raining","Daylight","Right Angle",2,,,1320786.48,1665315.19
"2022-25097-19/09/2025","ROSEWORTHY","LIGHT REGIONAL COUNCIL",2,1,0,1,0,2022,"January","Monday","05:00 pm",100,"Unsealed","Dry","Not Raining","Daylight","Hit Fixed Object",1,,,1344961.87,1714071.8
"2022-25101-19/09/2025","ENFIELD","CITY OF PORT ADELAIDE ENFIELD",2,1,0,1,0,2022,"January","Monday","09:30 pm",60,"Sealed","Dry","Not Raining","Night","Right Angle",1,,,1328840.03,1677862.04
"2022-25102-19/09/2025","CAMPBELLTOWN","CC CAMPBELLTOWN.",2,1,0,1,0,2022,"January","Monday","09:40 pm",60,"Sealed","Dry","Not Raining","Night","Hit Fixed Object",1,,,1334380.25,1675559
"2022-25105-19/09/2025","WOODCROFT","CITY OF ONKAPARINGA",2,2,0,0,2,2022,"January","Tuesday","07:32 am",80,"Sealed","Dry","Not Raining","Daylight","Right Angle",1,,,1323031.8,1652241.08
"2022-25108-19/09/2025","NETHERBY","CC MITCHAM.",2,1,0,1,0,2022,"January","Tuesday","09:55 am",50,"Sealed","Dry","Not Raining","Daylight","Hit Parked Vehicle",1,,,1330101.78,1665320.98
"2022-25109-19/09/2025","MORPHETT VALE","CITY OF ONKAPARINGA",2,1,0,0,1,2022,"January","Tuesday","12:28 pm",80,"Sealed","Dry","Not Raining","Daylight","Side Swipe",2,,"Y",1323068.47,1650379.27
"2022-25118-19/09/2025","SOLOMONTOWN","PT.PIRIE CITY & DIST. COUNCIL",2,1,0,1,0,2022,"January","Tuesday","11:19 am",60,"Sealed","Dry","Not Raining","Daylight","Right Angle",1,,"Y",1281446.84,1864853.33
"2022-25125-19/09/2025","WOODVILLE NORTH","CITY OF CHARLES STURT",2,3,0,0,3,2022,"January","Tuesday","06:00 pm",60,"Sealed","Dry","Not Raining","Daylight","Right Turn",2,,,1323935.83,1677839.8
"2022-25127-19/09/2025","PASADENA","CC MITCHAM.",2,1,0,1,0,2022,"January","Tuesday","07:25 pm",60,"Sealed","Dry","Not Raining","Daylight","Hit Fixed Object",1,,"Y",1327326.06,1663359.88
"2022-25135-19/09/2025","WEST BEACH","CITY OF WEST TORRENS",2,1,0,0,1,2022,"January","Tuesday","11:20 am",60,"Sealed","Dry","Not Raining","Daylight","Rear End",2,,,1320907.01,1669829.12
"2022-25137-19/09/2025","PARACOMBE","THE ADELAIDE HILLS COUNCIL",2,1,0,0,1,2022,"January","Wednesday","06:55 am",80,"Sealed","Dry","Not Raining","Daylight","Rear End",1,,,1344347.77,1678808.85
"2022-25138-19/09/2025","WAYVILLE","CITY OF UNLEY",2,1,0,0,1,2022,"January","Wednesday","11:00 am",60,"Sealed","Dry","Not Raining","Daylight","Rear End",2,,,1326888.57,1668898.92
"2022-25139-19/09/2025","KULPARA","BARUNGA WEST DISTRICT COUNCIL",2,1,0,1,0,2022,"January","Wednesday","01:30 pm",100,"Sealed","Dry","Not Raining","Daylight","Hit Fixed Object",1,,,1277410.37,1768679.57
"2022-25147-19/09/2025","PARADISE","CC CAMPBELLTOWN.",3,1,0,0,1,2022,"January","Wednesday","03:55 pm",60,"Sealed","Dry","Not Raining","Daylight","Rear End",1,,,1334931.87,1676317.03
"2022-25149-19/09/2025","HUNTFIELD HEIGHTS","CITY OF ONKAPARINGA",2,3,0,0,3,2022,"January","Wednesday","04:30 pm",100,"Sealed","Dry","Not Raining","Daylight","Rear End",2,,,1319234.62,1644725.49
"2022-25150-19/09/2025","SKYE","CITY OF BURNSIDE",3,1,0,0,1,2022,"January","Wednesday","04:40 pm",50,"Sealed","Dry","Not Raining","Daylight","Hit Fixed Object",1,,,1337061.88,1670547.19
"2022-25152-19/09/2025","BROOKLYN PARK","CITY OF WEST TORRENS",2,1,0,0,1,2022,"January","Wednesday","05:10 pm",60,"Sealed","Dry","Not Raining","Daylight","Right Angle",1,,,1323280.39,1670502.25
"2022-25153-19/09/2025","WAIKERIE","LOXTON WAIKERIE DISTRICT COUNCIL",2,3,0,0,3,2022,"January","Wednesday","04:48 pm",100,"Sealed","Dry","Not Raining","Daylight","Rear End",1,,,1459245.81,1746844.72
"2022-25161-19/09/2025","ATHELSTONE","CC CAMPBELLTOWN.",2,2,0,2,0,2022,"January","Thursday","06:05 am",60,"Sealed","Dry","Not Raining","Night","Hit Fixed Object",1,,,1337820.75,1675884.76
"2022-25164-19/09/2025","DARLINGTON","CITY OF ONKAPARINGA",3,2,0,1,1,2022,"January","Thursday","07:30 am",40,"Sealed","Dry","Not Raining","Daylight","Hit Object on Road",1,,,1324441.37,1659457.47
"2022-25166-19/09/2025","MARION","CC MARION.",2,1,0,1,0,2022,"January","Thursday","08:00 am",50,"Sealed","Dry","Not Raining","Daylight","Right Angle",1,,,1324197.56,1661689.5
"2022-25173-19/09/2025","TOTNESS","DC MT.BARKER.",2,1,0,0,1,2022,"January","Tuesday","11:15 am",60,"Sealed","Dry","Not Raining","Daylight","Right Angle",1,,,1350561.34,1655736.75
"2022-25174-19/09/2025","FIELD","COORONG DISTRICT COUNCIL",3,1,0,1,0,2022,"January","Thursday","10:00 am",100,"Sealed","Dry","Not Raining","Daylight","Hit Fixed Object",1,,,1411630.11,1581451.44
"2022-25177-19/09/2025","ROSTREVOR","CC CAMPBELLTOWN.",2,1,0,0,1,2022,"January","Thursday","12:20 pm",60,"Sealed","Dry","Not Raining","Daylight","Side Swipe",1,,,1337050.09,1674146.67
"2022-25178-19/09/2025","GAWLER EAST","CT GAWLER.",2,1,0,0,1,2022,"January","Thursday","12:25 pm",50,"Sealed","Dry","Not Raining","Daylight","Right Angle",2,,,1344698.59,1706799.62
"2022-25182-19/09/2025","PORT NOARLUNGA","CITY OF ONKAPARINGA",2,1,0,0,1,2022,"January","Thursday","01:55 pm",60,"Sealed","Dry","Not Raining","Daylight","Rear End",2,,,1316615.3,1646586.03
"2022-25190-19/09/2025","POOGINAGORIC","DC TATIARA.",2,1,0,0,1,2022,"January","Thursday","03:15 pm",100,"Sealed","Dry","Not Raining","Daylight","Hit Fixed Object",1,,,1523906.19,1490701.74
"2022-25192-19/09/2025","GOLDEN GROVE","CITY OF TEA TREE GULLY",2,1,0,0,1,2022,"January","Thursday","05:17 pm",60,"Sealed","Dry","Not Raining","Daylight","Right Turn",2,,,1337903.73,1685352.47
"2022-25198-19/09/2025","VALLEY VIEW","CITY OF TEA TREE GULLY",2,1,0,0,1,2022,"January","Thursday","08:31 pm",50,"Sealed","Dry","Not Raining","Night","Hit Parked Vehicle",1,"Y",,1335295.18,1680089.78
"2022-25201-19/09/2025","ENFIELD","CITY OF PORT ADELAIDE ENFIELD",2,1,0,1,0,2022,"January","Thursday","11:10 pm",60,"Sealed","Dry","Not Raining","Night","Hit Pedestrian",2,"Y",,1328819.26,1678685.24
"2022-25202-19/09/2025","UNDERDALE","CITY OF WEST TORRENS",3,1,0,0,1,2022,"January","Friday","07:00 am",60,"Sealed","Dry","Not Raining","Daylight","Hit Fixed Object",1,,,1323845.65,1671136.85
"2022-25207-19/09/2025","ELIZABETH PARK","CITY OF PLAYFORD.",2,1,0,0,1,2022,"January","Friday","12:15 pm",60,"Sealed","Dry","Not Raining","Daylight","Right Angle",2,,,1336957.42,1694263.87
"2022-25213-19/09/2025","PENOLA","WATTLE RANGE COUNCIL",2,1,0,0,1,2022,"January","Friday","11:04 am",110,"Sealed","Dry","Not Raining","Daylight","Hit Fixed Object",1,,,1517130.2,1381828.73
"2022-25215-19/09/2025","PROSPECT","CITY OF PROSPECT",2,1,0,0,1,2022,"January","Friday","08:50 am",60,"Sealed","Dry","Not Raining","Daylight","Rear End",2,,,1328862.28,1676441.72
"2022-25218-19/09/2025","TONSLEY","CC MARION.",2,1,0,0,1,2022,"January","Friday","03:50 pm",70,"Sealed","Dry","Not Raining","Daylight","Right Angle",1,,,1325529.82,1660865.71
"2022-25220-19/09/2025","ADELAIDE AIRPORT","CITY OF WEST TORRENS",2,1,0,0,1,2022,"January","Friday","04:26 pm",80,"Sealed","Dry","Not Raining","Daylight","Rear End",1,,,1320937.6,1668115.13
"2022-25224-19/09/2025","OLD NOARLUNGA","CITY OF ONKAPARINGA",2,1,0,0,1,2022,"January","Friday","02:10 pm",60,"Sealed","Dry","Not Raining","Daylight","Rear End",2,,,1317712.41,1642208.33
"2022-25230-19/09/2025","ELIZABETH","CITY OF PLAYFORD.",3,2,1,1,0,2022,"January","Friday","07:09 pm",80,"Sealed","Dry","Not Raining","Daylight","Rear End",1,,,1336007,1692766.8
"2022-25231-19/09/2025","SMITHFIELD","CITY OF PLAYFORD.",2,1,0,1,0,2022,"January","Friday","10:00 pm",50,"Sealed","Dry","Not Raining","Night","Hit Pedestrian",2,,,1337654.09,1697589.36
"2022-25235-19/09/2025","OLD NOARLUNGA","CITY OF ONKAPARINGA",2,1,0,0,1,2022,"January","Saturday","10:05 am",60,"Sealed","Wet","Raining","Daylight","Right Angle",1,,,1317990.15,1642207.38
"2022-25237-19/09/2025","WHYALLA PLAYFORD","CC WHYALLA.",2,1,0,1,0,2022,"January","Saturday","11:00 am",50,"Sealed","Wet","Raining","Daylight","Right Angle",1,,,1238964.93,1883749.16
"2022-25245-19/09/2025","STRATHALBYN","ALEXANDRINA COUNCIL",2,1,0,0,1,2022,"January","Saturday","01:03 pm",50,"Sealed","Dry","Not Raining","Daylight","Hit Fixed Object",1,,,1353328.78,1633157.62
"2022-25249-19/09/2025","PORT WAKEFIELD","WAKEFIELD REGIONAL COUNCIL",1,3,0,2,1,2022,"January","Saturday","11:45 am",100,"Sealed","Wet","Raining","Daylight","Left Road - Out of Control",1,,,1289305.11,1759882.11
"2022-25252-19/09/2025","KANGARILLA","CITY OF ONKAPARINGA",2,1,0,0,1,2022,"January","Saturday","04:05 pm",80,"Sealed","Wet","Raining","Daylight","Roll Over",1,,,1332524.81,1647985.66
"2022-25253-19/09/2025","ST MARYS","CC MITCHAM.",2,2,0,0,2,2022,"January","Saturday","04:40 pm",60,"Sealed","Wet","Raining","Daylight","Rear End",2,,,1325956.16,1663317.85
"2022-25257-19/09/2025","NEWTON","CC CAMPBELLTOWN.",2,1,0,0,1,2022,"January","Saturday","05:25 pm",60,"Sealed","Wet","Raining","Daylight","Rear End",2,,,1335409.35,1674554.22
"2022-25262-19/09/2025","WIRRINA COVE","DC YANKALILLA.",3,3,0,1,2,2022,"January","Saturday","05:40 pm",100,"Sealed","Wet","Raining","Daylight","Head On",2,,,1297055.1,1609956.54
"2022-25264-19/09/2025","COCKATOO VALLEY","THE BAROSSA COUNCIL.",2,1,0,0,1,2022,"January","Saturday","07:20 pm",100,"Sealed","Wet","Raining","Daylight","Hit Fixed Object",1,,,1353033.42,1702308.1
"2022-25265-19/09/2025","CLELAND","THE ADELAIDE HILLS COUNCIL",2,1,0,0,1,2022,"January","Saturday","09:38 pm",80,"Sealed","Wet","Raining","Night","Hit Fixed Object",1,,,1338631.92,1666007.03
"2022-25270-19/09/2025","COONALPYN","COORONG DISTRICT COUNCIL",2,1,0,0,1,2022,"January","Sunday","03:20 am",110,"Sealed","Dry","Not Raining","Night","Hit Fixed Object",1,,,1440582.24,1578746.45
"2022-25277-19/09/2025","PARKSIDE","CITY OF UNLEY",2,1,0,0,1,2022,"January","Sunday","11:22 am",60,"Sealed","Wet","Raining","Daylight","Right Turn",2,,,1330707.08,1668319.59
"2022-25289-19/09/2025","ROYAL PARK","CITY OF CHARLES STURT",2,1,0,0,1,2022,"January","Sunday","02:00 pm",60,"Sealed","Wet","Raining","Daylight","Right Angle",1,,,1320686.56,1677665.91
"2022-25291-19/09/2025","ADELAIDE","CITY OF ADELAIDE",3,1,0,0,1,2022,"January","Sunday","03:30 pm",60,"Sealed","Wet","Raining","Daylight","Head On",1,,"Y",1327422.04,1669072.54
"2022-25299-19/09/2025","CEDUNA","DC CEDUNA",1,1,0,1,0,2022,"January","Sunday","10:30 pm",100,"Sealed","Dry","Not Raining","Night","Roll Over",1,,,874342.79,1987828.5
"2022-25303-19/09/2025","SALISBURY PLAIN","CITY OF SALISBURY",3,1,0,0,1,2022,"January","Monday","08:37 am",80,"Sealed","Dry","Not Raining","Daylight","Rear End",1,,,1335434.47,1688134.74
"2022-25308-19/09/2025","KENT TOWN","CC OF NORWOOD,PAYNEHAM & ST PETERS",2,1,0,0,1,2022,"January","Monday","12:45 pm",60,"Sealed","Dry","Not Raining","Daylight","Right Angle",1,,,1329919.02,1671181.83
"2022-25312-19/09/2025","RENMARK WEST","DC RENMARK PARINGA",2,1,0,1,0,2022,"January","Monday","12:56 pm",80,"Sealed","Dry","Not Raining","Daylight","Right Angle",1,,,1527265.84,1747008.43
"2022-25324-19/09/2025","PROSPECT","CITY OF PROSPECT",2,1,0,0,1,2022,"January","Monday","06:29 pm",50,"Sealed","Dry","Not Raining","Daylight","Hit Pedestrian",1,,,1327144.59,1675591.97
"2022-25329-19/09/2025","BRAHMA LODGE","CITY OF SALISBURY",2,1,0,0,1,2022,"January","Tuesday","06:00 am",50,"Sealed","Dry","Not Raining","Night","Rear End",2,,,1333777.47,1687877.55
"2022-25330-19/09/2025","MORPHETT VALE","CITY OF ONKAPARINGA",1,1,0,0,1,2022,"January","Tuesday","08:59 am",60,"Sealed","Dry","Not Raining","Daylight","Roll Over",1,,,1319292.66,1648918.16
"2022-25334-19/09/2025","ADELAIDE","CITY OF ADELAIDE",2,1,0,0,1,2022,"January","Monday","11:00 am",50,"Sealed","Dry","Not Raining","Daylight","Hit Parked Vehicle",1,,,1328496.29,1670085.56
"2022-25337-19/09/2025","ADELAIDE","CITY OF ADELAIDE",2,1,0,0,1,2022,"January","Tuesday","09:19 am",50,"Sealed","Dry","Not Raining","Daylight","Side Swipe",1,,,1327921.16,1670654.98
"2022-25338-19/09/2025","GOLDEN GROVE","CITY OF TEA TREE GULLY",2,2,0,0,2,2022,"January","Tuesday","01:10 pm",60,"Sealed","Dry","Not Raining","Daylight","Right Angle",2,,,1337574.11,1685175.27
"2022-25342-19/09/2025","MUNNO PARA","CITY OF PLAYFORD.",2,1,0,0,1,2022,"January","Tuesday","02:45 pm",60,"Sealed","Dry","Not Raining","Daylight","Right Turn",2,,,1336690.92,1698532.16
"2022-25343-19/09/2025","PARA HILLS","CITY OF SALISBURY",2,2,0,0,2,2022,"January","Tuesday","03:20 pm",50,"Sealed","Dry","Not Raining","Daylight","Hit Fixed Object",1,,,1334549.68,1682950.26
"2022-25346-19/09/2025","REID","LIGHT REGIONAL COUNCIL",1,1,0,0,1,2022,"January","Tuesday","07:50 pm",110,"Sealed","Dry","Not Raining","Daylight","Roll Over",1,"Y",,1341169.99,1705769.65
"2022-25347-19/09/2025","WOODVILLE SOUTH","CITY OF CHARLES STURT",2,1,0,0,1,2022,"January","Tuesday","11:40 pm",60,"Sealed","Dry","Not Raining","Night","Hit Fixed Object",1,,,1322610.22,1675935.65
"2022-25348-19/09/2025","MOUNT GAMBIER","CC MT.GAMBIER.",2,2,0,0,2,2022,"January","Wednesday","03:35 am",50,"Sealed","Dry","Not Raining","Night","Hit Fixed Object",1,"Y",,1511419.07,1341061.26
"2022-25350-19/09/2025","WEST LAKES","CITY OF CHARLES STURT",2,1,0,0,1,2022,"January","Wednesday","09:19 am",40,"Sealed","Dry","Not Raining","Daylight","Right Angle",1,,,1318636.96,1676339.66
"2022-25355-19/09/2025","HOLDEN HILL","CITY OF TEA TREE GULLY",2,2,0,0,2,2022,"January","Wednesday","12:32 pm",60,"Sealed","Dry","Not Raining","Daylight","Right Angle",1,,,1335152.81,1679026.35
"2022-25359-19/09/2025","KILBURN","CITY OF PORT ADELAIDE ENFIELD",3,1,0,0,1,2022,"January","Wednesday","05:10 pm",60,"Sealed","Dry","Not Raining","Daylight","Right Turn",2,,,1327202.23,1678008.23
"2022-25360-19/09/2025","GOOLWA BEACH","ALEXANDRINA COUNCIL",3,1,0,0,1,2022,"January","Wednesday","04:22 pm",50,"Sealed","Dry","Not Raining","Daylight","Hit Pedestrian",2,,,1342350.73,1605842.33
"2022-25362-19/09/2025","ELIZABETH PARK","CITY OF PLAYFORD.",2,2,0,0,2,2022,"January","Wednesday","05:55 pm",80,"Sealed","Dry","Not Raining","Daylight","Right Angle",1,,,1336482.32,1694632.45
"2022-25363-19/09/2025","ELIZABETH","CITY OF PLAYFORD.",1,1,0,0,1,2022,"January","Tuesday","11:00 pm",50,"Sealed","Dry","Not Raining","Night","Other",1,,,1335640.23,1692493.32
"2022-25365-19/09/2025","SALISBURY NORTH","CITY OF SALISBURY",1,1,0,0,1,2022,"January","Wednesday","07:30 pm",60,"Sealed","Dry","Not Raining","Daylight","Roll Over",1,,,1331678.87,1689616.45
"2022-25366-19/09/2025","VICTOR HARBOR","DC VICTOR HARBOR.",2,1,0,0,1,2022,"January","Wednesday","05:15 pm",60,"Sealed","Dry","Not Raining","Daylight","Right Angle",1,,,1328426.07,1601496.66
"2022-25367-19/09/2025","PORT PIRIE WEST","PT.PIRIE CITY & DIST. COUNCIL",2,1,1,0,0,2022,"January","Wednesday","06:30 pm",50,"Sealed","Dry","Not Raining","Daylight","Hit Fixed Object",1,,"Y",1279516.84,1866510.14
"2022-25370-19/09/2025","MOUNT MCINTYRE","WATTLE RANGE COUNCIL",3,1,0,0,1,2022,"January","Thursday","06:45 am",100,"Sealed","Dry","Not Raining","Daylight","Hit Object on Road",1,,,1488368.59,1373761.38
"2022-25376-19/09/2025","GAWLER SOUTH","CT GAWLER.",2,1,0,0,1,2022,"January","Tuesday","05:20 pm",50,"Sealed","Dry","Not Raining","Daylight","Rear End",2,,,1343088.4,1705805.71
"2022-25390-19/09/2025","EVANSTON SOUTH","CT GAWLER.",2,1,0,0,1,2022,"January","Thursday","05:45 pm",90,"Sealed","Dry","Not Raining","Daylight","Rear End",2,,,1339562.64,1700114.53
"2022-25391-19/09/2025","WILD DOG VALLEY","DC NARACOORTE & LUCINDALE.",2,1,0,0,1,2022,"January","Thursday","04:40 pm",110,"Sealed","Dry","Not Raining","Daylight","Head On",2,,,1507299.29,1448093.96
"2022-25392-19/09/2025","ASHBOURNE","ALEXANDRINA COUNCIL",2,1,0,0,1,2022,"January","Thursday","07:30 pm",80,"Sealed","Dry","Not Raining","Daylight","Hit Fixed Object",1,"Y",,1341891.9,1629896
"2022-25393-19/09/2025","REGENCY PARK","CITY OF PORT ADELAIDE ENFIELD",2,1,0,1,0,2022,"January","Thursday","12:45 am",60,"Sealed","Dry","Not Raining","Night","Hit Fixed Object",1,,"Y",1326408.74,1677272.35
"2022-25395-19/09/2025","TWO WELLS","DC MALLALA.",2,1,0,0,1,2022,"January","Friday","12:41 am",110,"Sealed","Dry","Not Raining","Night","Hit Fixed Object",1,,,1321609.47,1707425.6
"2022-25405-19/09/2025","DARLINGTON","CITY OF ONKAPARINGA",2,1,0,0,1,2022,"January","Thursday","06:25 pm",70,"Sealed","Dry","Not Raining","Daylight","Rear End",2,,,1324669.23,1659922.71
"2022-25410-19/09/2025","TOOPERANG","ALEXANDRINA COUNCIL",1,1,0,0,1,2022,"January","Tuesday","10:30 am",100,"Sealed","Dry","Not Raining","Daylight","Roll Over",1,,,1341727.75,1618063.78
"2022-25414-19/09/2025","WALKERVILLE","WALKERVILLE TOWN COUNCIL",2,1,0,0,1,2022,"January","Friday","04:30 pm",60,"Sealed","Dry","Not Raining","Daylight","Right Angle",2,,,1330230.65,1675002.09
"2022-25416-19/09/2025","WOODVILLE SOUTH","CITY OF CHARLES STURT",2,2,0,0,2,2022,"January","Friday","04:45 pm",60,"Sealed","Dry","Not Raining","Daylight","Right Angle",1,,,1323024.53,1675577.53
"2022-25417-19/09/2025","WINGFIELD","CITY OF PORT ADELAIDE ENFIELD",2,1,0,0,1,2022,"January","Thursday","04:40 pm",90,"Sealed","Dry","Not Raining","Daylight","Side Swipe",2,,,1323275.16,1681020.65
"2022-25419-19/09/2025","PARKSIDE","CITY OF UNLEY",2,1,0,0,1,2022,"January","Friday","05:37 pm",50,"Sealed","Dry","Not Raining","Daylight","Hit Parked Vehicle",1,,,1330369.59,1667861.21
"2022-25425-19/09/2025","KELLIDIE BAY","DC LOWER EYRE PENINSULA",1,1,1,0,0,2022,"January","Friday","09:10 pm",80,"Unsealed","Dry","Not Raining","Night","Roll Over",1,"Y",,1041663.63,1713419.37
"2022-25428-19/09/2025","MONTACUTE","THE ADELAIDE HILLS COUNCIL",1,1,0,0,1,2022,"January","Saturday","09:20 am",80,"Sealed","Dry","Not Raining","Daylight","Roll Over",1,,,1338688.92,1674548.99
"2022-25429-19/09/2025","GLYNDE","CC OF NORWOOD,PAYNEHAM & ST PETERS",2,1,0,0,1,2022,"January","Saturday","09:26 am",60,"Sealed","Dry","Not Raining","Daylight","Hit Pedestrian",2,,,1333603.77,1674433.74
"2022-25443-19/09/2025","PARIS CREEK","ALEXANDRINA COUNCIL",2,2,0,1,1,2022,"January","Saturday","06:10 pm",80,"Sealed","Dry","Not Raining","Daylight","Hit Fixed Object",1,,,1348113.43,1637305.96
"2022-25444-19/09/2025","MILLBROOK","THE ADELAIDE HILLS COUNCIL",2,1,0,1,0,2022,"January","Saturday","02:35 pm",80,"Sealed","Dry","Not Raining","Daylight","Hit Fixed Object",1,,,1348701.08,1681803.89
"2022-25447-19/09/2025","CURRAMULKA","YORKE PENINSULA COUNCIL",1,1,0,0,1,2022,"January","Saturday","02:20 pm",80,"Unsealed","Dry","Not Raining","Daylight","Roll Over",1,,,1243216.49,1704412.47
"2022-25457-19/09/2025","ST CLAIR","CITY OF CHARLES STURT",3,3,0,0,3,2022,"January","Sunday","03:50 pm",60,"Sealed","Dry","Not Raining","Daylight","Right Turn",1,,,1322226.5,1677238.33
"2022-25458-19/09/2025","BRAY","DC ROBE.",2,1,0,0,1,2022,"January","Sunday","03:12 pm",110,"Sealed","Dry","Not Raining","Daylight","Roll Over",1,,,1450184.74,1406671.42
"2022-25464-19/09/2025","ELIZABETH NORTH","CITY OF PLAYFORD.",2,3,0,1,2,2022,"January","Monday","09:00 am",60,"Sealed","Dry","Not Raining","Daylight","Head On",1,,,1335794.74,1695026.31
"2022-25467-19/09/2025","TRANMERE","CC CAMPBELLTOWN.",2,1,0,0,1,2022,"January","Sunday","01:35 pm",60,"Sealed","Dry","Not Raining","Daylight","Right Angle",2,,,1333845.24,1672457.61
"2022-25474-19/09/2025","RENMARK","DC RENMARK PARINGA",2,1,0,0,1,2022,"January","Monday","10:55 am",50,"Sealed","Dry","Not Raining","Daylight","Hit Fixed Object",1,,,1527655.77,1744653.39
"2022-25483-19/09/2025","CAMPBELLTOWN","CC CAMPBELLTOWN.",2,1,0,0,1,2022,"January","Monday","05:29 pm",60,"Sealed","Dry","Not Raining","Daylight","Right Turn",1,,,1333981.07,1674874.22
"2022-25484-19/09/2025","HAPPY VALLEY","CITY OF ONKAPARINGA",2,2,0,0,2,2022,"January","Monday","04:40 pm",80,"Sealed","Dry","Not Raining","Daylight","Right Angle",1,,,1323033.85,1653421.92
"2022-25486-19/09/2025","TOTNESS","DC MT.BARKER.",2,1,0,0,1,2022,"January","Monday","04:30 pm",60,"Sealed","Dry","Not Raining","Daylight","Right Angle",2,,,1351073.68,1655554.69
"2022-25487-19/09/2025","WINGFIELD","CITY OF PORT ADELAIDE ENFIELD",2,1,0,0,1,2022,"February","Wednesday","07:55 am",90,"Sealed","Dry","Not Raining","Daylight","Rear End",1,,,1326387.05,1681044.12
"2022-25489-19/09/2025","GAWLER","CT GAWLER.",3,1,0,0,1,2022,"January","Monday","05:50 pm",50,"Sealed","Dry","Not Raining","Daylight","Right Angle",2,,,1343197.11,1706368.53
"2022-25490-19/09/2025","SMITHFIELD","CITY OF PLAYFORD.",2,2,0,1,1,2022,"January","Monday","08:30 pm",80,"Sealed","Dry","Not Raining","Night","Rear End",2,"Y",,1337921.78,1697162.81
"2022-25496-19/09/2025","CRAFERS WEST","THE ADELAIDE HILLS COUNCIL",2,2,0,0,2,2022,"February","Tuesday","11:46 am",60,"Sealed","Dry","Not Raining","Daylight","Right Angle",1,,,1337161.76,1661353.61
"2022-25498-19/09/2025","MAYLANDS","CC OF NORWOOD,PAYNEHAM & ST PETERS",2,2,0,0,2,2022,"February","Tuesday","02:00 pm",60,"Sealed","Dry","Not Raining","Daylight","Rear End",2,,,1332211.8,1672409.34