"REPORT_ID","Suburb","LGA Name","Total Units","Total Cas","Total Fats","Total SI","Total MI","Year","Month","Day","Time","Area Speed","Road Surface","Moisture Cond","Weather Cond","DayNight","Crash Type","Unit Resp","DUI Involved","Drugs Involved","ACCLOC_X","ACCLOC_Y"
"2022-25500-19/09/2025","SANDERSTON","MID MURRAY DISTRICT COUNCIL",2,1,0,1,0,2022,"February","Tuesday","02:20 pm",100,"Sealed","Dry","Not Raining","Daylight","Hit Fixed Object",1,,,1382684.73,1687368.66
"2022-25508-19/09/2025","VALLEY VIEW","CITY OF SALISBURY",2,2,0,2,0,2022,"February","Tuesday","06:28 pm",60,"Sealed","Dry","Not Raining","Daylight","Rear End",1,,,1334536.75,1680058.68
"2022-25509-19/09/2025","TRANMERE","CC CAMPBELLTOWN.",2,1,0,0,1,2022,"February","Tuesday","11:30 am",50,"Sealed","Dry","Not Raining","Daylight","Hit Fixed Object",1,,,1333971.98,1672159.81
"2022-25513-19/09/2025","GEPPS CROSS","CITY OF PORT ADELAIDE ENFIELD",2,1,0,0,1,2022,"February","Tuesday","10:00 pm",60,"Sealed","Dry","Not Raining","Night","Side Swipe",1,,,1329373.21,1679279.47
"2022-25515-19/09/2025","WOODVILLE NORTH","CITY OF CHARLES STURT",2,1,0,0,1,2022,"February","Tuesday","11:11 pm",60,"Sealed","Dry","Not Raining","Night","Hit Fixed Object",1,,,1323200.92,1677042.18
"2022-25516-19/09/2025","PROSPECT","CITY OF PROSPECT",2,1,0,1,0,2022,"February","Tuesday","11:07 pm",40,"Sealed","Dry","Not Raining","Night","Head On",2,,,1327288.22,1674232.96
"2022-25517-19/09/2025","PENFIELD GARDENS","CITY OF PLAYFORD.",2,1,0,0,1,2022,"February","Wednesday","06:53 am",80,"Sealed","Dry","Not Raining","Daylight","Right Angle",2,,"Y",1333134.46,1700544.36
"2022-25520-19/09/2025","GEPPS CROSS","CITY OF PORT ADELAIDE ENFIELD",2,1,0,0,1,2022,"February","Tuesday","05:30 pm",60,"Sealed","Dry","Not Raining","Daylight","Right Turn",2,,,1327996.81,1679245.21
"2022-25524-19/09/2025","TOOLIGIE","DC ELLISTON.",2,2,0,0,2,2022,"February","Tuesday","09:20 pm",110,"Sealed","Dry","Not Raining","Night","Hit Animal",2,,,1065356.39,1788855.29
"2022-25528-19/09/2025","ALMA","CLARE AND GILBERT VALLEYS DISTRICT COUNCIL",1,2,0,0,2,2022,"February","Wednesday","10:55 am",100,"Unsealed","Dry","Not Raining","Daylight","Roll Over",1,,,1339644.64,1742782.85
"2022-25539-19/09/2025","PARAFIELD GARDENS","CITY OF SALISBURY",2,1,0,0,1,2022,"February","Wednesday","07:25 pm",60,"Sealed","Dry","Not Raining","Daylight","Rear End",1,,,1330667.53,1685842.18
"2022-25540-19/09/2025","GOLDEN GROVE","CITY OF TEA TREE GULLY",1,1,0,1,0,2022,"February","Wednesday","05:50 pm",80,"Sealed","Dry","Not Raining","Daylight","Roll Over",1,,"Y",1342496.27,1687452.03
"2022-25545-19/09/2025","PROSPECT","CITY OF PROSPECT",3,1,0,0,1,2022,"February","Thursday","09:07 am",40,"Sealed","Dry","Not Raining","Daylight","Hit Parked Vehicle",1,,"Y",1327519.64,1675323.56
"2022-25546-19/09/2025","PORT LINCOLN","CC PT.LINCOLN.",2,1,0,0,1,2022,"February","Wednesday","05:20 pm",50,"Sealed","Dry","Not Raining","Daylight","Right Angle",2,,,1078973.58,1698187.38
"2022-25547-19/09/2025","SEACLIFF","CITY OF HOLDFAST BAY",2,1,0,0,1,2022,"February","Thursday","08:00 am",50,"Sealed","Wet","Raining","Daylight","Hit Parked Vehicle",1,,,1320620.29,1659340.68
"2022-25549-19/09/2025","SEAFORD HEIGHTS","CITY OF ONKAPARINGA",3,1,0,0,1,2022,"February","Thursday","09:35 am",90,"Sealed","Dry","Not Raining","Daylight","Hit Fixed Object",1,,,1317549.25,1641381.84
"2022-25553-19/09/2025","PORT ADELAIDE","CITY OF PORT ADELAIDE ENFIELD",1,1,0,1,0,2022,"February","Thursday","01:15 pm",60,"Sealed","Dry","Not Raining","Daylight","Roll Over",1,,,1320448.1,1679348.52
"2022-25557-19/09/2025","WINGFIELD","CITY OF PORT ADELAIDE ENFIELD",2,1,0,1,0,2022,"February","Thursday","04:10 pm",60,"Sealed","Dry","Not Raining","Daylight","Rear End",1,,,1325154.03,1679193.04
"2022-25559-19/09/2025","NORTHFIELD","CITY OF PORT ADELAIDE ENFIELD",2,1,0,0,1,2022,"February","Thursday","04:15 pm",60,"Sealed","Dry","Not Raining","Daylight","Rear End",1,,,1330398.9,1678041.81
"2022-25564-19/09/2025","WEST HINDMARSH","CITY OF CHARLES STURT",2,1,0,0,1,2022,"February","Thursday","05:34 pm",60,"Sealed","Dry","Not Raining","Daylight","Right Turn",1,,,1325421.27,1673141.18
"2022-25566-19/09/2025","NOARLUNGA CENTRE","CITY OF ONKAPARINGA",2,2,0,0,2,2022,"February","Thursday","06:06 pm",60,"Sealed","Dry","Not Raining","Daylight","Right Turn",2,,,1317362.94,1647424.75
"2022-25567-19/09/2025","KENT TOWN","CC OF NORWOOD,PAYNEHAM & ST PETERS",2,1,0,0,1,2022,"February","Thursday","06:05 pm",60,"Sealed","Dry","Not Raining","Daylight","Right Angle",1,,,1330236.06,1670690.4
"2022-25569-19/09/2025","NAPPERBY","PT.PIRIE CITY & DIST. COUNCIL",2,2,0,0,2,2022,"February","Thursday","03:30 pm",100,"Sealed","Dry","Not Raining","Daylight","Right Angle",2,,,1285474.81,1866762.6
"2022-25573-19/09/2025","LIGHTSVIEW","CITY OF PORT ADELAIDE ENFIELD",2,1,0,0,1,2022,"February","Friday","12:05 am",50,"Sealed","Dry","Not Raining","Night","Hit Fixed Object",1,"Y",,1331289.93,1677841.2
"2022-25575-19/09/2025","INGLE FARM","CITY OF SALISBURY",2,1,0,0,1,2022,"February","Friday","06:25 am",60,"Sealed","Dry","Not Raining","Night","Rear End",1,,,1333093.25,1681419.83
"2022-25577-19/09/2025","STURT","CC MARION.",2,1,0,1,0,2022,"February","Friday","08:30 am",60,"Sealed","Dry","Not Raining","Daylight","Hit Fixed Object",1,,,1323964.81,1660657.25
"2022-25580-19/09/2025","PARAFIELD GARDENS","CITY OF SALISBURY",2,1,0,0,1,2022,"February","Friday","10:24 am",60,"Sealed","Dry","Not Raining","Daylight","Side Swipe",2,,,1331378.46,1686724.74
"2022-25582-19/09/2025","SALISBURY EAST","CITY OF SALISBURY",3,1,0,0,1,2022,"February","Friday","11:20 am",50,"Sealed","Dry","Not Raining","Daylight","Hit Fixed Object",1,,,1335990.85,1686945.88
"2022-25588-19/09/2025","ADELAIDE","CITY OF ADELAIDE",2,1,0,0,1,2022,"February","Wednesday","06:15 pm",50,"Sealed","Dry","Not Raining","Daylight","Side Swipe",2,,,1328509.64,1669574.68
"2022-25590-19/09/2025","KENSINGTON GARDENS","CITY OF BURNSIDE",2,1,0,1,0,2022,"February","Friday","12:30 pm",60,"Sealed","Dry","Not Raining","Daylight","Right Angle",1,,,1334026.39,1670465.65
"2022-25592-19/09/2025","PROSPECT","CITY OF PROSPECT",2,1,0,0,1,2022,"February","Friday","01:10 pm",60,"Sealed","Dry","Not Raining","Daylight","Right Angle",2,,,1328913.51,1674556.12
"2022-25595-19/09/2025","TANUNDA","THE BAROSSA COUNCIL.",2,2,0,1,1,2022,"February","Friday","02:10 pm",50,"Sealed","Dry","Not Raining","Daylight","Right Angle",2,,,1362109.69,1713089.39
"2022-25597-19/09/2025","MILE END","CITY OF WEST TORRENS",3,2,0,0,2,2022,"February","Friday","03:21 pm",60,"Sealed","Dry","Not Raining","Daylight","Right Angle",1,,,1325749.1,1670558.92
"2022-25598-19/09/2025","GLYNDE","CC OF NORWOOD,PAYNEHAM & ST PETERS",2,1,0,0,1,2022,"February","Friday","03:10 pm",50,"Sealed","Dry","Not Raining","Daylight","Right Angle",2,,,1333486.46,1674144.9
"2022-25599-19/09/2025","SALISBURY DOWNS","CITY OF SALISBURY",3,1,0,0,1,2022,"February","Friday","03:20 pm",70,"Sealed","Dry","Not Raining","Daylight","Rear End",2,,,1331807.7,1686534.2
"2022-25606-19/09/2025","GLENELG EAST","CITY OF HOLDFAST BAY",3,1,0,0,1,2022,"February","Friday","05:25 pm",60,"Sealed","Dry","Not Raining","Daylight","Rear End",1,,,1321031.75,1664610.26
"2022-25609-19/09/2025","BLAIR ATHOL","CITY OF PORT ADELAIDE ENFIELD",1,1,0,0,1,2022,"February","Friday","09:43 am",60,"Sealed","Dry","Not Raining","Daylight","Roll Over",1,,,1328814.59,1678869.64
"2022-25614-19/09/2025","WILLYAROO","ALEXANDRINA COUNCIL",1,1,0,0,1,2022,"February","Friday","03:30 pm",100,"Sealed","Dry","Not Raining","Daylight","Roll Over",1,,,1357310.98,1630461.63
"2022-25618-19/09/2025","KILBURN","CITY OF PORT ADELAIDE ENFIELD",2,1,0,0,1,2022,"February","Saturday","03:55 am",50,"Sealed","Dry","Not Raining","Night","Hit Fixed Object",1,,,1328000.52,1678881.23
"2022-25620-19/09/2025","SEMAPHORE SOUTH","CITY OF PORT ADELAIDE ENFIELD",2,1,0,0,1,2022,"February","Saturday","06:52 am",50,"Sealed","Dry","Not Raining","Daylight","Hit Fixed Object",1,,,1317668.94,1679952.49
"2022-25622-19/09/2025","VISTA","CITY OF TEA TREE GULLY",2,1,0,0,1,2022,"February","Saturday","07:55 am",60,"Sealed","Dry","Not Raining","Daylight","Right Angle",1,,,1339792.5,1679839.88
"2022-25624-19/09/2025","WEST RICHMOND","CITY OF WEST TORRENS",2,1,0,0,1,2022,"February","Friday","04:30 pm",60,"Sealed","Dry","Not Raining","Daylight","Rear End",2,,,1324158.14,1669247.32
"2022-25626-19/09/2025","KORUNYE","DC MALLALA.",1,2,0,0,2,2022,"February","Saturday","10:00 am",80,"Unsealed","Dry","Not Raining","Daylight","Roll Over",1,,,1325786.61,1715917.75
"2022-25627-19/09/2025","SEMAPHORE PARK","CITY OF CHARLES STURT",2,1,0,0,1,2022,"February","Saturday","11:30 am",60,"Sealed","Dry","Not Raining","Daylight","Right Angle",2,,,1317667.99,1678760.12
"2022-25635-19/09/2025","FITZROY","CITY OF PROSPECT",2,1,0,0,1,2022,"February","Saturday","03:55 pm",60,"Sealed","Dry","Not Raining","Daylight","Rear End",2,,,1328081.76,1673674.26
"2022-25636-19/09/2025","HOUGHTON","THE ADELAIDE HILLS COUNCIL",3,1,0,0,1,2022,"February","Saturday","09:30 am",80,"Sealed","Dry","Not Raining","Daylight","Rear End",2,,,1343898.5,1681460.29
"2022-25639-19/09/2025","LARGS BAY","CITY OF PORT ADELAIDE ENFIELD",2,1,0,1,0,2022,"February","Saturday","05:16 pm",50,"Sealed","Dry","Not Raining","Daylight","Side Swipe",2,,,1318264.91,1681694.07
"2022-25641-19/09/2025","SOUTH PLYMPTON","CC MARION.",3,1,0,0,1,2022,"February","Saturday","05:30 pm",60,"Sealed","Dry","Not Raining","Daylight","Right Turn",2,,,1324237.94,1666104.08
"2022-25644-19/09/2025","PORT ADELAIDE","CITY OF PORT ADELAIDE ENFIELD",1,1,0,1,0,2022,"February","Saturday","08:15 pm",60,"Sealed","Dry","Not Raining","Daylight","Roll Over",1,,"Y",1321195.41,1680836.54
"2022-25646-19/09/2025","CRAFERS","THE ADELAIDE HILLS COUNCIL",2,1,0,1,0,2022,"February","Saturday","10:20 pm",60,"Sealed","Dry","Not Raining","Night","Hit Fixed Object",1,,,1338201.12,1663582.63
"2022-25648-19/09/2025","BURRA","REGIONAL COUNCIL OF GOYDER",2,1,0,1,0,2022,"February","Saturday","07:50 pm",60,"Sealed","Dry","Not Raining","Daylight","Right Angle",1,,,1363932.55,1808550.15
"2022-25650-19/09/2025","PROSPECT","CITY OF PROSPECT",2,1,0,1,0,2022,"February","Sunday","01:00 am",60,"Sealed","Dry","Not Raining","Night","Hit Pedestrian",2,"Y",,1328413.11,1676430.47
"2022-25652-19/09/2025","STIRLING NORTH","CC PT.AUGUSTA.",2,1,0,0,1,2022,"February","Sunday","06:00 am",80,"Unsealed","Dry","Not Raining","Night","Hit Fixed Object",1,,,1267198.95,1939360.32
"2022-25654-19/09/2025","EDINBURGH NORTH","CITY OF PLAYFORD.",2,1,0,0,1,2022,"February","Sunday","09:10 am",60,"Sealed","Dry","Not Raining","Daylight","Right Turn",2,,,1335095.48,1694826.17
"2022-25658-19/09/2025","PORT WAKEFIELD","WAKEFIELD REGIONAL COUNCIL",2,1,0,0,1,2022,"January","Wednesday","05:20 pm",110,"Sealed","Dry","Not Raining","Daylight","Hit Fixed Object",1,,,1292039.74,1751651.69
"2022-25661-19/09/2025","FLAXMAN VALLEY","THE BAROSSA COUNCIL.",3,1,0,0,1,2022,"February","Sunday","11:37 am",100,"Sealed","Dry","Not Raining","Daylight","Roll Over",2,,,1368737.3,1707044.69
"2022-25662-19/09/2025","DULWICH","CITY OF BURNSIDE",2,2,0,0,2,2022,"February","Sunday","12:43 pm",60,"Sealed","Dry","Not Raining","Daylight","Right Angle",2,,,1330656.29,1669532.66
"2022-25665-19/09/2025","O'SULLIVAN BEACH","CITY OF ONKAPARINGA",2,1,0,0,1,2022,"February","Sunday","02:00 pm",50,"Sealed","Dry","Not Raining","Daylight","Hit Parked Vehicle",1,,,1316502.36,1649903.4
"2022-25667-19/09/2025","ECHUNGA","DC MT.BARKER.",1,1,0,0,1,2022,"February","Sunday","03:30 pm",80,"Unsealed","Dry","Not Raining","Daylight","Roll Over",1,,,1345508.35,1654099.28
"2022-25675-19/09/2025","ALBERT PARK","CITY OF CHARLES STURT",2,1,0,0,1,2022,"February","Monday","08:00 am",60,"Sealed","Dry","Not Raining","Daylight","Right Angle",2,,"Y",1321631.72,1675814.87
"2022-25677-19/09/2025","CAMPBELLTOWN","CC CAMPBELLTOWN.",2,1,0,0,1,2022,"February","Monday","09:23 am",60,"Sealed","Dry","Not Raining","Daylight","Right Angle",1,,,1333967.96,1674851.07
"2022-25678-19/09/2025","ADELAIDE","CITY OF ADELAIDE",2,1,0,0,1,2022,"February","Monday","08:25 am",50,"Sealed","Dry","Not Raining","Daylight","Hit Pedestrian",1,,,1328466.25,1671147.66
"2022-25682-19/09/2025","MOUNT BARKER","DC MT.BARKER.",2,1,0,0,1,2022,"February","Monday","08:50 am",60,"Sealed","Dry","Not Raining","Daylight","Rear End",2,,,1352309.82,1652657.67
"2022-25683-19/09/2025","SEMAPHORE","CITY OF PORT ADELAIDE ENFIELD",3,1,0,0,1,2022,"February","Monday","12:30 pm",40,"Sealed","Dry","Not Raining","Daylight","Hit Pedestrian",1,,,1317922.99,1680636.64
"2022-25686-19/09/2025","UNLEY PARK","CITY OF UNLEY",3,1,0,0,1,2022,"February","Sunday","03:32 pm",60,"Sealed","Dry","Not Raining","Daylight","Rear End",2,,,1329125.81,1666719.47
"2022-25688-19/09/2025","URRBRAE","CC MITCHAM.",3,1,0,0,1,2022,"February","Monday","02:30 pm",60,"Sealed","Dry","Not Raining","Daylight","Rear End",2,,,1332468.5,1666277.42
"2022-25696-19/09/2025","MOUNT GAMBIER","CC MT.GAMBIER.",2,1,0,1,0,2022,"February","Monday","04:35 pm",50,"Sealed","Dry","Not Raining","Daylight","Side Swipe",2,,,1511721.2,1339999.49
"2022-25699-19/09/2025","STEPNEY","CC OF NORWOOD,PAYNEHAM & ST PETERS",4,1,0,0,1,2022,"February","Monday","05:10 pm",60,"Sealed","Dry","Not Raining","Daylight","Right Turn",1,,,1330900.74,1672117.08
"2022-25708-19/09/2025","TATACHILLA","CITY OF ONKAPARINGA",2,1,0,1,0,2022,"February","Tuesday","07:33 am",90,"Sealed","Dry","Not Raining","Daylight","Head On",1,,,1317690.02,1636728.58
"2022-25710-19/09/2025","PORT LINCOLN","CC PT.LINCOLN.",2,1,0,0,1,2022,"February","Tuesday","08:18 am",60,"Sealed","Dry","Not Raining","Daylight","Right Turn",1,,,1078080.04,1700276.31
"2022-25711-19/09/2025","KILBURN","CITY OF PORT ADELAIDE ENFIELD",2,1,0,0,1,2022,"February","Tuesday","08:36 am",60,"Sealed","Dry","Not Raining","Daylight","Right Angle",2,,,1327214.23,1677501.5
"2022-25715-19/09/2025","SAMPSON FLAT","CITY OF PLAYFORD.",3,1,0,0,1,2022,"February","Tuesday","02:49 pm",80,"Sealed","Wet","Raining","Daylight","Hit Fixed Object",1,,,1345251.45,1691174.57
"2022-25725-19/09/2025","ADELAIDE","CITY OF ADELAIDE",2,1,0,0,1,2022,"February","Tuesday","08:15 am",50,"Sealed","Dry","Not Raining","Daylight","Right Angle",1,,,1329573.62,1670623.85
"2022-25727-19/09/2025","INGLE FARM","CITY OF SALISBURY",2,1,0,1,0,2022,"February","Wednesday","05:45 am",60,"Sealed","Dry","Not Raining","Night","Hit Fixed Object",1,"Y",,1332783.06,1681094.91
"2022-25728-19/09/2025","WOODVILLE WEST","CITY OF CHARLES STURT",2,1,0,0,1,2022,"February","Wednesday","08:10 am",60,"Sealed","Dry","Not Raining","Daylight","Right Angle",1,,,1322351.33,1675658.76
"2022-25731-19/09/2025","COWELL","DC FRANKLIN HARBOR.",1,1,0,0,1,2022,"February","Wednesday","11:20 am",110,"Sealed","Dry","Not Raining","Daylight","Roll Over",1,,,1180274.25,1815097.32
"2022-25733-19/09/2025","WEST LAKES","CITY OF CHARLES STURT",3,2,0,0,2,2022,"February","Wednesday","11:05 am",60,"Sealed","Dry","Not Raining","Daylight","Right Turn",2,,,1319894.09,1678291.82
"2022-25734-19/09/2025","NOVAR GARDENS","CITY OF WEST TORRENS",2,1,0,0,1,2022,"February","Monday","12:30 pm",60,"Sealed","Dry","Not Raining","Daylight","Hit Parked Vehicle",2,,,1322604.81,1666537.17
"2022-25736-19/09/2025","SALISBURY DOWNS","CITY OF SALISBURY",2,1,0,0,1,2022,"February","Wednesday","08:40 am",25,"Sealed","Dry","Not Raining","Daylight","Hit Pedestrian",2,,,1330418.43,1688138.43
"2022-25739-19/09/2025","SEATON","CITY OF CHARLES STURT",2,1,0,0,1,2022,"February","Tuesday","01:30 pm",60,"Sealed","Dry","Not Raining","Daylight","Rear End",2,,,1321115.51,1674693.34
"2022-25741-19/09/2025","ARCOONA",,1,1,0,0,1,2022,"February","Tuesday","02:00 am",110,"Sealed","Dry","Not Raining","Night","Roll Over",1,,,1171516.31,2080435.11
"2022-25743-19/09/2025","CUMBERLAND PARK","CC MITCHAM.",2,1,0,1,0,2022,"February","Wednesday","02:45 pm",50,"Sealed","Dry","Not Raining","Daylight","Right Angle",1,,,1327327.6,1665433.01
"2022-25749-19/09/2025","FULLARTON","CITY OF UNLEY",3,1,0,0,1,2022,"February","Wednesday","03:00 pm",50,"Sealed","Dry","Not Raining","Daylight","Hit Parked Vehicle",1,,,1331311.53,1667499.04
"2022-25751-19/09/2025","KAPUNDA","LIGHT REGIONAL COUNCIL",2,1,0,0,1,2022,"February","Wednesday","01:45 pm",50,"Sealed","Dry","Not Raining","Daylight","Side Swipe",2,,,1360077.66,1735792.9
"2022-25755-19/09/2025","GEPPS CROSS","CITY OF PORT ADELAIDE ENFIELD",4,1,0,0,1,2022,"February","Wednesday","04:25 pm",60,"Sealed","Dry","Not Raining","Daylight","Rear End",2,,,1327258.25,1679232.13
"2022-25758-19/09/2025","SEAFORD MEADOWS","CITY OF ONKAPARINGA",2,1,0,0,1,2022,"February","Wednesday","06:05 pm",50,"Sealed","Dry","Not Raining","Daylight","Right Angle",1,,,1316914.25,1643760.66
"2022-25760-19/09/2025","NOARLUNGA CENTRE","CITY OF ONKAPARINGA",1,1,0,0,1,2022,"February","Wednesday","07:20 pm",50,"Sealed","Dry","Not Raining","Daylight","Left Road - Out of Control",1,,,1318334.73,1647386.89
"2022-25762-19/09/2025","WINGFIELD","CITY OF PORT ADELAIDE ENFIELD",2,1,0,0,1,2022,"February","Wednesday","01:20 pm",60,"Sealed","Dry","Not Raining","Daylight","Rear End",2,,,1325562.16,1679187.23
"2022-25763-19/09/2025","TORRENSVILLE","CITY OF WEST TORRENS",2,1,0,0,1,2022,"February","Wednesday","01:00 pm",50,"Sealed","Dry","Not Raining","Daylight","Right Angle",2,,,1324613.38,1670953.29
"2022-25765-19/09/2025","GEPPS CROSS","CITY OF PORT ADELAIDE ENFIELD",4,1,0,0,1,2022,"February","Thursday","08:15 am",60,"Sealed","Dry","Not Raining","Daylight","Rear End",1,,,1328116.76,1679249.17
"2022-25772-19/09/2025","PENFIELD GARDENS","CITY OF PLAYFORD.",2,1,0,0,1,2022,"February","Thursday","10:20 am",80,"Sealed","Dry","Not Raining","Daylight","Side Swipe",2,,,1330966.18,1699094.87
"2022-25777-19/09/2025","CAMDEN PARK","CITY OF WEST TORRENS",3,2,0,0,2,2022,"February","Thursday","12:51 pm",60,"Sealed","Dry","Not Raining","Daylight","Right Angle",2,,,1322588.76,1667003.62
"2022-25786-19/09/2025","MOUNT BARKER","DC MT.BARKER.",2,1,0,0,1,2022,"February","Thursday","03:25 pm",60,"Sealed","Dry","Not Raining","Daylight","Right Turn",2,,"Y",1352103.42,1652865.2
"2022-25793-19/09/2025","SALISBURY","CITY OF SALISBURY",2,1,0,0,1,2022,"February","Thursday","05:00 pm",40,"Sealed","Dry","Not Raining","Daylight","Side Swipe",2,,,1333056.1,1688588.78
"2022-25795-19/09/2025","VIRGINIA","CITY OF PLAYFORD.",2,1,0,1,0,2022,"February","Thursday","06:22 pm",90,"Sealed","Dry","Not Raining","Daylight","Right Turn",1,,,1326421.71,1696569.21
"2022-25796-19/09/2025","BROMPTON","CITY OF CHARLES STURT",2,1,0,0,1,2022,"February","Thursday","05:45 pm",40,"Sealed","Dry","Not Raining","Daylight","Hit Fixed Object",1,,,1326248.78,1673043.15
"2022-25803-19/09/2025","TAILEM BEND","COORONG DISTRICT COUNCIL",2,1,0,0,1,2022,"February","Thursday","09:15 pm",80,"Sealed","Dry","Not Raining","Night","Head On",1,,,1405160.57,1630301.04
"2022-25809-19/09/2025","DAW PARK","CC MITCHAM.",2,1,0,0,1,2022,"February","Friday","08:21 am",50,"Sealed","Dry","Not Raining","Daylight","Hit Parked Vehicle",1,,,1327107.82,1664732.32
"2022-25810-19/09/2025","ADELAIDE","CITY OF ADELAIDE",3,1,0,0,1,2022,"February","Friday","08:50 am",50,"Sealed","Dry","Not Raining","Daylight","Rear End",1,,,1327553.94,1670491.07
"2022-25814-19/09/2025","DAW PARK","CC MITCHAM.",2,1,0,0,1,2022,"February","Friday","07:00 am",50,"Sealed","Dry","Not Raining","Daylight","Right Angle",2,,,1326743.52,1664106.92
"2022-25817-19/09/2025","MUNNO PARA","CITY OF PLAYFORD.",2,1,0,0,1,2022,"February","Friday","01:30 pm",50,"Sealed","Dry","Not Raining","Daylight","Right Angle",2,,,1337113.76,1698741.35
"2022-25820-19/09/2025","POORAKA","CITY OF SALISBURY",2,1,0,0,1,2022,"February","Friday","03:45 pm",70,"Sealed","Dry","Not Raining","Daylight","Right Angle",1,,,1329917.43,1680996.65
"2022-25825-19/09/2025","WAYVILLE","CITY OF UNLEY",2,1,0,0,1,2022,"February","Friday","04:35 pm",60,"Sealed","Dry","Not Raining","Daylight","Rear End",2,,,1327969.17,1668950.29
"2022-25832-19/09/2025","FLINDERS PARK","CITY OF CHARLES STURT",2,1,0,0,1,2022,"February","Friday","10:30 pm",60,"Sealed","Dry","Not Raining","Night","Right Angle",1,,,1323927.02,1672574.22
"2022-25834-19/09/2025","ROYAL PARK","CITY OF CHARLES STURT",2,3,0,0,3,2022,"February","Friday","11:14 pm",60,"Sealed","Dry","Not Raining","Night","Right Turn",1,,,1320696.01,1677657.59
"2022-25835-19/09/2025","NETHERBY","CC MITCHAM.",2,1,0,1,0,2022,"February","Saturday","06:07 am",60,"Sealed","Dry","Not Raining","Night","Hit Parked Vehicle",1,,,1330302.96,1666278.41
"2022-25836-19/09/2025","NORTH HAVEN","CITY OF PORT ADELAIDE ENFIELD",3,1,0,0,1,2022,"February","Saturday","07:26 am",60,"Sealed","Dry","Not Raining","Daylight","Right Angle",1,,,1319053.24,1685755.11
"2022-25837-19/09/2025","WESTBOURNE PARK","CC MITCHAM.",2,1,0,0,1,2022,"February","Saturday","08:35 am",60,"Sealed","Dry","Not Raining","Daylight","Right Turn",1,,"Y",1327507.74,1666207.56
"2022-25844-19/09/2025","MOUNT BARKER","DC MT.BARKER.",2,1,0,0,1,2022,"February","Friday","06:00 pm",60,"Sealed","Dry","Not Raining","Daylight","Right Angle",1,,,1352097.62,1652870.91
"2022-25851-19/09/2025","HAZELWOOD PARK","CITY OF BURNSIDE",2,1,0,0,1,2022,"February","Saturday","12:49 pm",60,"Sealed","Dry","Not Raining","Daylight","Rear End",2,,,1333959.58,1668408.65
"2022-25855-19/09/2025","NORTH ADELAIDE","CITY OF ADELAIDE",2,1,0,0,1,2022,"February","Friday","06:10 pm",50,"Sealed","Dry","Not Raining","Daylight","Hit Pedestrian",2,,,1328104.58,1672537.18
"2022-25859-19/09/2025","NEWTON","CC CAMPBELLTOWN.",2,1,0,0,1,2022,"February","Saturday","04:20 pm",60,"Sealed","Dry","Not Raining","Daylight","Rear End",2,,,1335409,1674565.16
"2022-25860-19/09/2025","FISHERMAN BAY","BARUNGA WEST DISTRICT COUNCIL",2,1,0,0,1,2022,"February","Saturday","04:45 pm",50,"Unsealed","Dry","Not Raining","Daylight","Hit Parked Vehicle",1,,,1272377.08,1824304.09
"2022-25862-19/09/2025","BRIGHTON","CITY OF HOLDFAST BAY",1,1,0,0,1,2022,"February","Saturday","05:00 pm",60,"Sealed","Dry","Not Raining","Daylight","Roll Over",1,,,1321914.64,1660583.48
"2022-25863-19/09/2025","RENMARK","DC RENMARK PARINGA",2,1,0,0,1,2022,"February","Saturday","08:15 pm",50,"Sealed","Dry","Not Raining","Night","Right Angle",2,"Y",,1528837.66,1745423.1
"2022-25866-19/09/2025","KANGAROO HEAD","KANGAROO ISLAND COUNCIL",2,1,0,1,0,2022,"February","Saturday","08:00 pm",100,"Sealed","Dry","Not Raining","Daylight","Hit Fixed Object",1,"Y",,1262261.06,1580663.24
"2022-25868-19/09/2025","PORT LINCOLN","CC PT.LINCOLN.",2,2,1,1,0,2022,"February","Saturday","09:45 pm",80,"Sealed","Dry","Not Raining","Night","Roll Over",1,"Y",,1075723.64,1693549.25
"2022-25869-19/09/2025","MANOORA","CLARE AND GILBERT VALLEYS DISTRICT COUNCIL",3,1,0,0,1,2022,"February","Sunday","06:34 am",100,"Sealed","Dry","Not Raining","Night","Hit Fixed Object",1,,"Y",1346898.95,1777143.56
"2022-25872-19/09/2025","CROYDON","CITY OF CHARLES STURT",2,1,0,0,1,2022,"February","Saturday","10:10 am",60,"Sealed","Dry","Not Raining","Daylight","Hit Pedestrian",1,,,1325223.55,1673744.78
"2022-25873-19/09/2025","BRIGHTON","CITY OF HOLDFAST BAY",1,1,0,0,1,2022,"February","Sunday","09:35 am",50,"Sealed","Dry","Not Raining","Daylight","Roll Over",1,,,1320460.13,1660459.14
"2022-25879-19/09/2025","ADELAIDE","CITY OF ADELAIDE",2,1,0,0,1,2022,"February","Tuesday","06:20 pm",50,"Sealed","Dry","Not Raining","Daylight","Hit Pedestrian",2,,,1329018.64,1670959.2
"2022-25880-19/09/2025","FRANCES","DC NARACOORTE & LUCINDALE.",2,1,1,0,0,2022,"February","Sunday","11:35 am",100,"Sealed","Dry","Not Raining","Daylight","Hit Fixed Object",1,,"Y",1529553.12,1467713.5