"REPORT_ID","Suburb","LGA Name","Total Units","Total Cas","Total Fats","Total SI","Total MI","Year","Month","Day","Time","Area Speed","Road Surface","Moisture Cond","Weather Cond","DayNight","Crash Type","Unit Resp","DUI Involved","Drugs Involved","ACCLOC_X","ACCLOC_Y"
"2022-25882-19/09/2025","DOVER GARDENS","CC MARION.",2,1,0,0,1,2022,"February","Sunday","09:30 am",60,"Sealed","Dry","Not Raining","Daylight","Rear End",2,,,1322776.93,1660610.37
"2022-25884-19/09/2025","ATHELSTONE","CC CAMPBELLTOWN.",4,1,0,1,0,2022,"February","Sunday","01:56 pm",50,"Sealed","Dry","Not Raining","Daylight","Hit Parked Vehicle",1,,,1337297.78,1675955.04
"2022-25886-19/09/2025","DRY CREEK","CITY OF PORT ADELAIDE ENFIELD",3,2,0,0,2,2022,"February","Sunday","03:00 pm",70,"Sealed","Dry","Not Raining","Daylight","Hit Fixed Object",1,,,1327766.51,1679818.18
"2022-25888-19/09/2025","GRANGE","CITY OF CHARLES STURT",2,1,0,0,1,2022,"February","Sunday","02:20 pm",50,"Sealed","Dry","Not Raining","Daylight","Right Turn",2,,,1318594.02,1673883.34
"2022-25897-19/09/2025","MOUNT COMPASS","ALEXANDRINA COUNCIL",2,1,0,0,1,2022,"February","Sunday","10:30 pm",100,"Sealed","Dry","Not Raining","Night","Hit Animal",2,,,1329111.86,1622202.83
"2022-25899-19/09/2025","KENT TOWN","CC OF NORWOOD,PAYNEHAM & ST PETERS",2,1,0,0,1,2022,"February","Monday","10:50 am",50,"Sealed","Dry","Not Raining","Daylight","Right Angle",2,,,1330378.42,1671304.28
"2022-25905-19/09/2025","PENFIELD GARDENS","CITY OF PLAYFORD.",2,1,0,0,1,2022,"February","Monday","08:58 am",110,"Sealed","Dry","Not Raining","Daylight","Hit Fixed Object",1,,,1330736.58,1697938.48
"2022-25907-19/09/2025","WYNN VALE","CITY OF TEA TREE GULLY",2,2,0,0,2,2022,"February","Monday","10:12 am",80,"Sealed","Dry","Not Raining","Daylight","Head On",1,,,1335640.83,1683303.1
"2022-25913-19/09/2025","EDINBURGH NORTH","CITY OF PLAYFORD.",2,1,0,1,0,2022,"February","Friday","07:20 pm",60,"Sealed","Dry","Not Raining","Daylight","Rear End",1,,,1335205.13,1695266.19
"2022-25923-19/09/2025","BURTON","CITY OF SALISBURY",3,1,0,0,1,2022,"February","Monday","03:25 pm",70,"Sealed","Dry","Not Raining","Daylight","Rear End",1,,,1328483.17,1692076.3
"2022-25930-19/09/2025","MUNNO PARA WEST","CITY OF PLAYFORD.",2,1,0,0,1,2022,"February","Monday","05:45 pm",60,"Sealed","Dry","Not Raining","Daylight","Hit Pedestrian",2,,,1336164.68,1698824.53
"2022-25933-19/09/2025","HAWTHORN","CC MITCHAM.",3,2,0,0,2,2022,"February","Monday","05:15 pm",60,"Sealed","Dry","Not Raining","Daylight","Rear End",2,,,1328903.8,1666238.01
"2022-25936-19/09/2025","ARMAGH","CLARE AND GILBERT VALLEYS DISTRICT COUNCIL",2,1,0,0,1,2022,"February","Monday","05:50 pm",80,"Sealed","Dry","Not Raining","Daylight","Hit Fixed Object",1,"Y",,1330681.1,1791324.94
"2022-25944-19/09/2025","ADELAIDE","CITY OF ADELAIDE",2,1,0,0,1,2022,"February","Tuesday","08:30 am",50,"Sealed","Dry","Not Raining","Daylight","Right Angle",1,,,1328553.85,1670726.89
"2022-25946-19/09/2025","ST CLAIR","CITY OF CHARLES STURT",2,1,0,0,1,2022,"February","Tuesday","08:25 am",60,"Sealed","Dry","Not Raining","Daylight","Rear End",2,,,1322226.5,1677238.33
"2022-25948-19/09/2025","PORT AUGUSTA WEST","CC PT.AUGUSTA.",2,1,0,0,1,2022,"February","Monday","02:45 pm",40,"Sealed","Dry","Not Raining","Daylight","Rear End",2,,,1258875.43,1942989.17
"2022-25949-19/09/2025","BIRDWOOD","THE ADELAIDE HILLS COUNCIL",2,1,0,0,1,2022,"February","Saturday","12:30 am",100,"Sealed","Dry","Not Raining","Night","Hit Object on Road",1,,,1368449.95,1681976.6
"2022-25951-19/09/2025","ELIZABETH PARK","CITY OF PLAYFORD.",2,1,0,0,1,2022,"February","Monday","02:50 pm",60,"Sealed","Dry","Not Raining","Daylight","Right Angle",2,,,1337174.29,1693519.04
"2022-25952-19/09/2025","MAGILL","CC CAMPBELLTOWN.",2,1,0,0,1,2022,"February","Tuesday","12:00 pm",60,"Sealed","Dry","Not Raining","Daylight","Right Angle",1,,,1335816.27,1671858.3
"2022-25955-19/09/2025","NOARLUNGA CENTRE","CITY OF ONKAPARINGA",3,1,0,0,1,2022,"February","Tuesday","03:00 pm",60,"Sealed","Dry","Not Raining","Daylight","Rear End",1,,,1318845.83,1647059.27
"2022-25961-19/09/2025","PROSPECT","CITY OF PROSPECT",2,1,0,0,1,2022,"February","Tuesday","03:30 pm",60,"Sealed","Dry","Not Raining","Daylight","Rear End",2,,,1327258.97,1675455.24
"2022-25962-19/09/2025","CAMPBELLTOWN","CC CAMPBELLTOWN.",2,1,0,0,1,2022,"February","Tuesday","03:52 pm",60,"Sealed","Dry","Not Raining","Daylight","Right Angle",2,,,1333922.44,1674770.64
"2022-25970-19/09/2025","ELIZABETH NORTH","CITY OF PLAYFORD.",2,1,0,0,1,2022,"February","Tuesday","05:40 pm",50,"Sealed","Dry","Not Raining","Daylight","Head On",1,,,1336229.85,1695091.75
"2022-25975-19/09/2025","EDWARDSTOWN","CC MARION.",2,1,0,0,1,2022,"February","Tuesday","10:59 pm",50,"Sealed","Dry","Not Raining","Night","Hit Parked Vehicle",1,,"Y",1325195.93,1665399.59
"2022-25978-19/09/2025","BELAIR","CC MITCHAM.",2,1,0,0,1,2022,"February","Wednesday","06:09 am",60,"Sealed","Dry","Not Raining","Night","Hit Fixed Object",1,,,1329592.05,1662352.11
"2022-25984-19/09/2025","SEFTON PARK","CITY OF PORT ADELAIDE ENFIELD",1,1,0,0,1,2022,"February","Wednesday","08:53 am",60,"Sealed","Wet","Not Raining","Daylight","Roll Over",1,,,1329553.23,1676450.53
"2022-25989-19/09/2025","OLD NOARLUNGA","CITY OF ONKAPARINGA",3,2,0,0,2,2022,"February","Wednesday","08:45 am",60,"Sealed","Wet","Raining","Daylight","Rear End",2,,,1317977.4,1642324.21
"2022-25990-19/09/2025","OLD NOARLUNGA","CITY OF ONKAPARINGA",2,1,0,0,1,2022,"February","Monday","01:30 pm",60,"Sealed","Dry","Not Raining","Daylight","Right Angle",2,,,1318299.03,1641705.87
"2022-25998-19/09/2025","OAKLANDS PARK","CC MARION.",2,1,0,0,1,2022,"February","Tuesday","03:00 pm",50,"Sealed","Dry","Not Raining","Daylight","Side Swipe",2,,,1322874.68,1661114.38
"2022-26008-19/09/2025","WILLIAMSTOWN","THE BAROSSA COUNCIL.",2,1,0,0,1,2022,"February","Wednesday","04:35 pm",100,"Sealed","Dry","Not Raining","Daylight","Hit Fixed Object",1,,,1352020.25,1697080.63
"2022-26010-19/09/2025","WEST HINDMARSH","CITY OF CHARLES STURT",2,1,0,0,1,2022,"February","Wednesday","05:00 pm",60,"Sealed","Dry","Not Raining","Daylight","Hit Pedestrian",1,,,1324996.52,1673877.7
"2022-26011-19/09/2025","MOUNT GAMBIER","CC MT.GAMBIER.",2,1,0,0,1,2022,"February","Wednesday","05:55 pm",50,"Sealed","Dry","Not Raining","Daylight","Side Swipe",2,,,1510847.59,1339849.13
"2022-26020-19/09/2025","BORDERTOWN","DC TATIARA.",2,1,0,1,0,2022,"February","Thursday","04:30 am",100,"Sealed","Dry","Not Raining","Night","Hit Fixed Object",1,,,1517888.78,1506075.21
"2022-26021-19/09/2025","KENSINGTON","CC OF NORWOOD,PAYNEHAM & ST PETERS",2,2,0,2,0,2022,"February","Thursday","06:44 am",60,"Sealed","Dry","Not Raining","Night","Hit Fixed Object",1,,"Y",1332255.8,1670862.59
"2022-26022-19/09/2025","SALISBURY HEIGHTS","CITY OF SALISBURY",6,1,0,0,1,2022,"February","Thursday","07:09 am",50,"Sealed","Dry","Not Raining","Daylight","Hit Fixed Object",1,,,1336651.19,1688619.98
"2022-26024-19/09/2025","GULFVIEW HEIGHTS","CITY OF SALISBURY",2,1,0,1,0,2022,"February","Thursday","08:45 am",50,"Sealed","Dry","Not Raining","Daylight","Hit Pedestrian",2,,,1334899.35,1684930.55
"2022-26025-19/09/2025","BROWNLOW","REGIONAL COUNCIL OF GOYDER",1,2,0,0,2,2022,"February","Thursday","08:02 am",100,"Unsealed","Dry","Not Raining","Daylight","Roll Over",1,,,1396215.84,1740146.36
"2022-26027-19/09/2025","KUDLA","CT GAWLER.",3,5,0,0,5,2022,"February","Thursday","08:30 am",80,"Sealed","Dry","Not Raining","Daylight","Right Angle",1,,,1337680.92,1701807.18
"2022-26028-19/09/2025","NORWOOD","CC OF NORWOOD,PAYNEHAM & ST PETERS",2,1,0,0,1,2022,"February","Wednesday","05:50 pm",50,"Sealed","Dry","Not Raining","Daylight","Rear End",2,,,1331455.68,1670853.67
"2022-26032-19/09/2025","SUTTONTOWN","DISTRICT COUNCIL OF GRANT",1,2,0,1,1,2022,"February","Thursday","10:30 am",100,"Sealed","Dry","Not Raining","Daylight","Roll Over",1,,,1506728.86,1345469.52
"2022-26036-19/09/2025","KIDMAN PARK","CITY OF CHARLES STURT",2,1,0,0,1,2022,"February","Thursday","01:50 pm",60,"Sealed","Dry","Not Raining","Daylight","Right Turn",1,,,1321925.33,1673102.36
"2022-26038-19/09/2025","GEPPS CROSS","CITY OF PORT ADELAIDE ENFIELD",4,3,0,0,3,2022,"February","Thursday","02:10 pm",60,"Sealed","Dry","Not Raining","Daylight","Rear End",1,,"Y",1328947.51,1679283.51
"2022-26044-19/09/2025","KALBEEBA","THE BAROSSA COUNCIL.",1,1,0,0,1,2022,"February","Thursday","03:55 pm",50,"Sealed","Dry","Not Raining","Daylight","Roll Over",1,,,1346392.41,1705738.39
"2022-26045-19/09/2025","CAMPBELLTOWN","CC CAMPBELLTOWN.",3,1,0,0,1,2022,"February","Thursday","03:00 pm",60,"Sealed","Dry","Not Raining","Daylight","Rear End",1,,,1334346.33,1675518.88
"2022-26052-19/09/2025","COONALPYN","COORONG DISTRICT COUNCIL",2,1,0,0,1,2022,"February","Thursday","05:15 pm",60,"Sealed","Dry","Not Raining","Daylight","Hit Fixed Object",1,,,1439076.08,1581227.36
"2022-26054-19/09/2025","GAWLER EAST","CT GAWLER.",2,2,0,0,2,2022,"February","Thursday","08:00 pm",80,"Sealed","Dry","Not Raining","Daylight","Right Turn",2,,,1345776.04,1706540.78
"2022-26055-19/09/2025","OAKLANDS PARK","CC MARION.",2,1,0,0,1,2022,"February","Thursday","05:20 pm",60,"Sealed","Dry","Not Raining","Daylight","Right Angle",2,,,1323413.39,1660811.34
"2022-26057-19/09/2025","PARADISE","CC CAMPBELLTOWN.",2,1,0,0,1,2022,"February","Thursday","08:30 am",60,"Sealed","Dry","Not Raining","Daylight","Right Turn",2,,,1334461.82,1676974.32
"2022-26059-19/09/2025","DRY CREEK","CITY OF SALISBURY",2,1,0,0,1,2022,"February","Friday","06:40 am",90,"Sealed","Dry","Not Raining","Night","Rear End",1,,,1328654.19,1683293.96
"2022-26060-19/09/2025","CAMPBELLTOWN","CC CAMPBELLTOWN.",2,1,0,0,1,2022,"February","Friday","08:55 am",60,"Sealed","Dry","Not Raining","Daylight","Rear End",2,,,1333846.48,1674617.45
"2022-26063-19/09/2025","PROSPECT","CITY OF PROSPECT",3,1,0,0,1,2022,"February","Thursday","03:00 pm",50,"Sealed","Dry","Not Raining","Daylight","Rear End",2,,,1328059.62,1676423.15
"2022-26067-19/09/2025","MITCHELL PARK","CC MARION.",3,1,0,0,1,2022,"February","Friday","11:42 am",60,"Sealed","Dry","Not Raining","Daylight","Rear End",1,,,1324370.97,1662012.94
"2022-26069-19/09/2025","REGENCY PARK","CITY OF PORT ADELAIDE ENFIELD",2,1,0,0,1,2022,"February","Friday","12:16 pm",60,"Sealed","Dry","Not Raining","Daylight","Side Swipe",1,,,1325607.04,1676364.17
"2022-26075-19/09/2025","MOUNT BARKER","DC MT.BARKER.",2,1,0,0,1,2022,"February","Friday","01:55 pm",60,"Sealed","Dry","Not Raining","Daylight","Right Angle",2,,,1351901.57,1653063.6
"2022-26076-19/09/2025","EXETER","CITY OF PORT ADELAIDE ENFIELD",1,1,0,0,1,2022,"February","Friday","03:08 pm",60,"Sealed","Dry","Not Raining","Daylight","Roll Over",1,,,1319005.86,1680428.29
"2022-26078-19/09/2025","FULLARTON","CITY OF UNLEY",2,1,0,0,1,2022,"February","Friday","03:15 pm",60,"Sealed","Dry","Not Raining","Daylight","Right Angle",1,,,1331652.33,1667508.79
"2022-26080-19/09/2025","URRBRAE","CC MITCHAM.",1,1,0,1,0,2022,"February","Friday","04:35 pm",80,"Sealed","Dry","Not Raining","Daylight","Roll Over",1,,,1332899.32,1665798.92
"2022-26081-19/09/2025","LARGS NORTH","CITY OF PORT ADELAIDE ENFIELD",2,1,0,0,1,2022,"February","Friday","06:00 pm",60,"Sealed","Dry","Not Raining","Daylight","Right Angle",1,,,1319884.73,1682925.39
"2022-26086-19/09/2025","MYRTLE BANK","CITY OF UNLEY",4,1,0,1,0,2022,"February","Friday","04:50 pm",60,"Sealed","Dry","Not Raining","Daylight","Rear End",1,"Y",,1330740.33,1667146.25
"2022-26088-19/09/2025","TAPEROO","CITY OF PORT ADELAIDE ENFIELD",1,2,0,0,2,2022,"February","Friday","10:15 pm",60,"Sealed","Dry","Not Raining","Night","Roll Over",1,,,1319918.82,1684101.84
"2022-26090-19/09/2025","ELIZABETH PARK","CITY OF PLAYFORD.",3,1,0,0,1,2022,"February","Saturday","01:55 am",50,"Sealed","Dry","Not Raining","Night","Hit Fixed Object",1,"Y",,1337899.44,1694417.97
"2022-26093-19/09/2025","HART","WAKEFIELD REGIONAL COUNCIL",2,1,0,0,1,2022,"February","Saturday","06:20 am",110,"Sealed","Dry","Not Raining","Night","Hit Animal",2,,,1319440.75,1797632.65
"2022-26095-19/09/2025","MURRAY BRIDGE","RC MURRAY BRIDGE.",2,1,0,1,0,2022,"February","Saturday","09:50 am",50,"Sealed","Dry","Not Raining","Daylight","Right Angle",1,,,1388447.74,1646627.81
"2022-26097-19/09/2025","REYNELLA","CITY OF ONKAPARINGA",2,1,0,0,1,2022,"February","Friday","08:55 am",50,"Sealed","Dry","Not Raining","Daylight","Hit Pedestrian",1,,,1321118.44,1651560.75
"2022-26099-19/09/2025","MITCHELL PARK","CC MARION.",2,1,0,0,1,2022,"February","Saturday","11:50 am",60,"Sealed","Dry","Not Raining","Daylight","Rear End",2,,,1324706.61,1660674.08
"2022-26100-19/09/2025","CHANDLERS HILL","CITY OF ONKAPARINGA",2,1,0,1,0,2022,"February","Saturday","11:16 am",50,"Sealed","Dry","Not Raining","Daylight","Side Swipe",1,"Y",,1330491.63,1654415.2
"2022-26101-19/09/2025","REGENCY PARK","CITY OF PORT ADELAIDE ENFIELD",2,1,0,0,1,2022,"February","Friday","05:15 pm",60,"Sealed","Dry","Not Raining","Daylight","Rear End",2,,,1326096.44,1676366.69
"2022-26103-19/09/2025","MILLSWOOD","CITY OF UNLEY",2,1,0,0,1,2022,"February","Saturday","09:45 am",50,"Sealed","Dry","Not Raining","Daylight","Rear End",2,,,1327472.16,1667442.4
"2022-26107-19/09/2025","SOMERTON PARK","CITY OF HOLDFAST BAY",3,1,0,0,1,2022,"February","Saturday","05:15 pm",60,"Sealed","Dry","Not Raining","Daylight","Rear End",1,,,1321070.79,1663002.72
"2022-26110-19/09/2025","BRIGHTON","CITY OF HOLDFAST BAY",2,1,1,0,0,2022,"February","Saturday","07:21 pm",60,"Sealed","Dry","Not Raining","Daylight","Hit Pedestrian",1,,"Y",1321153.55,1660453.07
"2022-26111-19/09/2025","PARAFIELD","CITY OF SALISBURY",2,1,0,0,1,2022,"February","Saturday","09:40 pm",50,"Sealed","Dry","Not Raining","Night","Right Angle",1,,,1333117.92,1685397.3
"2022-26120-19/09/2025","JOSLIN","CC OF NORWOOD,PAYNEHAM & ST PETERS",1,1,0,0,1,2022,"February","Sunday","04:02 pm",50,"Sealed","Dry","Not Raining","Daylight","Roll Over",1,,,1331446.55,1673269.42
"2022-26123-19/09/2025","HOSKIN CORNER","WAKEFIELD REGIONAL COUNCIL",1,4,0,1,3,2022,"February","Sunday","03:23 pm",100,"Sealed","Dry","Not Raining","Daylight","Roll Over",1,"Y",,1319019.16,1751282.34
"2022-26124-19/09/2025","ST CLAIR","CITY OF CHARLES STURT",2,1,0,0,1,2022,"February","Sunday","03:45 pm",60,"Sealed","Dry","Not Raining","Daylight","Right Angle",2,,,1322226.5,1677238.33
"2022-26125-19/09/2025","MOUNT BARKER","DC MT.BARKER.",2,3,0,0,3,2022,"February","Sunday","02:30 pm",80,"Sealed","Dry","Not Raining","Daylight","Rear End",1,,,1350992.06,1655081.5
"2022-26133-19/09/2025","KOONUNGA","LIGHT REGIONAL COUNCIL",2,1,0,0,1,2022,"February","Monday","02:50 am",100,"Sealed","Dry","Not Raining","Night","Hit Fixed Object",9,,,1368462.81,1728084
"2022-26134-19/09/2025","INGLEWOOD","THE ADELAIDE HILLS COUNCIL",2,1,0,1,0,2022,"February","Sunday","09:40 pm",80,"Sealed","Dry","Not Raining","Night","Hit Fixed Object",1,,,1345600.62,1681425.73
"2022-26135-19/09/2025","PORT ADELAIDE","CITY OF PORT ADELAIDE ENFIELD",2,1,0,0,1,2022,"February","Monday","06:00 am",50,"Sealed","Dry","Not Raining","Night","Hit Fixed Object",1,,,1320477.02,1680037.84
"2022-26140-19/09/2025","GLOSSOP","THE BERRI BARMERA COUNCIL",2,1,0,0,1,2022,"February","Monday","07:50 am",110,"Sealed","Dry","Not Raining","Daylight","Roll Over",1,,,1511278.32,1735506.95
"2022-26150-19/09/2025","HENLEY BEACH","CITY OF CHARLES STURT",2,1,0,0,1,2022,"February","Monday","02:00 pm",60,"Sealed","Dry","Not Raining","Daylight","Right Angle",2,,,1319898.96,1673047.8
"2022-26151-19/09/2025","MAWSON LAKES","CITY OF SALISBURY",2,1,0,0,1,2022,"February","Monday","02:25 pm",60,"Sealed","Dry","Not Raining","Daylight","Side Swipe",1,,,1329562.6,1684418.44
"2022-26152-19/09/2025","MOUNT BARKER","DC MT.BARKER.",2,1,0,0,1,2022,"February","Monday","03:40 pm",60,"Sealed","Dry","Not Raining","Daylight","Rear End",2,,,1350993.07,1655033.2
"2022-26164-19/09/2025","ROXBY DOWNS","MC ROXBY DOWNS",2,1,0,1,0,2022,"February","Monday","04:32 pm",110,"Sealed","Dry","Not Raining","Daylight","Hit Fixed Object",1,,,1183257.11,2151827.36
"2022-26166-19/09/2025","KENT TOWN","CC OF NORWOOD,PAYNEHAM & ST PETERS",2,1,0,0,1,2022,"February","Monday","06:10 pm",50,"Sealed","Dry","Not Raining","Daylight","Rear End",2,,,1330235.81,1671221.86
"2022-26167-19/09/2025","ST MARYS","CC MITCHAM.",2,1,0,0,1,2022,"February","Monday","08:44 pm",60,"Sealed","Dry","Not Raining","Night","Right Angle",2,,,1325982.3,1662650.9
"2022-26168-19/09/2025","WYE","DISTRICT COUNCIL OF GRANT",2,1,0,1,0,2022,"February","Tuesday","03:36 am",110,"Sealed","Dry","Not Raining","Night","Head On",1,,"Y",1521715.63,1318434.21
"2022-26169-19/09/2025","MONBULLA","WATTLE RANGE COUNCIL",2,1,1,0,0,2022,"February","Tuesday","03:30 am",110,"Sealed","Dry","Not Raining","Night","Roll Over",1,,,1513120.34,1391377.03
"2022-26171-19/09/2025","ELIZABETH VALE","CITY OF PLAYFORD.",2,1,0,1,0,2022,"February","Tuesday","07:20 am",50,"Sealed","Dry","Not Raining","Daylight","Hit Fixed Object",1,,,1334725.9,1690721.33
"2022-26173-19/09/2025","MOUNT BARKER","DC MT.BARKER.",2,2,0,0,2,2022,"February","Monday","05:12 pm",60,"Sealed","Dry","Not Raining","Daylight","Right Angle",1,,,1351901.57,1653063.6
"2022-26175-19/09/2025","PAYNEHAM SOUTH","CC OF NORWOOD,PAYNEHAM & ST PETERS",2,1,0,0,1,2022,"February","Tuesday","07:00 pm",50,"Sealed","Dry","Not Raining","Daylight","Right Angle",2,,,1332749.7,1672719.83
"2022-26180-19/09/2025","MURRAY BRIDGE","RC MURRAY BRIDGE.",2,1,0,0,1,2022,"February","Tuesday","08:30 am",50,"Sealed","Dry","Not Raining","Daylight","Hit Pedestrian",2,,,1389613.22,1645765.81
"2022-26185-19/09/2025","PELICAN LAGOON","KANGAROO ISLAND COUNCIL",2,1,1,0,0,2022,"February","Tuesday","09:38 am",100,"Sealed","Dry","Not Raining","Daylight","Right Angle",1,,"Y",1254231.05,1573065.42
"2022-26186-19/09/2025","BOLIVAR","CITY OF SALISBURY",4,1,0,0,1,2022,"February","Tuesday","01:09 pm",110,"Sealed","Dry","Not Raining","Daylight","Side Swipe",2,,,1328045.01,1689078.74
"2022-26190-19/09/2025","BURTON","CITY OF SALISBURY",2,1,0,0,1,2022,"February","Tuesday","03:30 pm",70,"Sealed","Dry","Not Raining","Daylight","Right Turn",1,,,1329280.24,1691512.41
"2022-26192-19/09/2025","ADELAIDE","CITY OF ADELAIDE",2,1,0,0,1,2022,"February","Tuesday","08:30 am",50,"Sealed","Dry","Not Raining","Daylight","Rear End",1,,,1328025.26,1671120.97
"2022-26193-19/09/2025","NAILSWORTH","CITY OF PROSPECT",2,1,0,0,1,2022,"February","Tuesday","03:30 pm",60,"Sealed","Dry","Not Raining","Daylight","Rear End",2,,,1328885.56,1675649.37
"2022-26194-19/09/2025","MOUNT BARKER","DC MT.BARKER.",2,1,0,0,1,2022,"February","Tuesday","04:30 pm",80,"Sealed","Dry","Not Raining","Daylight","Head On",2,,,1349639.66,1651428.66
"2022-26200-19/09/2025","CHANDLERS HILL","CITY OF ONKAPARINGA",2,1,0,0,1,2022,"February","Tuesday","07:21 pm",70,"Sealed","Dry","Not Raining","Daylight","Hit Fixed Object",1,,,1329939.47,1653204.85
"2022-26201-19/09/2025","HAYBOROUGH","DC VICTOR HARBOR.",2,1,0,0,1,2022,"February","Tuesday","07:40 pm",60,"Sealed","Dry","Not Raining","Daylight","Hit Parked Vehicle",1,"Y",,1330407.46,1602976.51
"2022-26204-19/09/2025","CHERRY GARDENS","CITY OF ONKAPARINGA",2,1,0,0,1,2022,"February","Tuesday","06:15 pm",60,"Unsealed","Dry","Not Raining","Daylight","Hit Fixed Object",1,,,1335277.4,1652812.79
"2022-26216-19/09/2025","KENT TOWN","CC OF NORWOOD,PAYNEHAM & ST PETERS",2,1,0,0,1,2022,"February","Wednesday","08:55 am",50,"Sealed","Dry","Not Raining","Daylight","Right Turn",2,,,1330235.81,1671221.86
"2022-26218-19/09/2025","NORTH ADELAIDE","CITY OF ADELAIDE",3,2,0,0,2,2022,"February","Wednesday","09:01 am",50,"Sealed","Dry","Not Raining","Daylight","Hit Pedestrian",1,,,1328238.86,1672728.63
"2022-26219-19/09/2025","ELIZABETH SOUTH","CITY OF PLAYFORD.",2,2,0,0,2,2022,"February","Tuesday","11:15 am",60,"Sealed","Dry","Not Raining","Daylight","Rear End",2,,,1334553.09,1691243.12
"2022-26221-19/09/2025","ASCOT PARK","CC MARION.",2,1,0,0,1,2022,"February","Tuesday","04:20 pm",60,"Sealed","Dry","Not Raining","Daylight","Right Angle",1,,,1325094.28,1664007.99
"2022-26222-19/09/2025","GEPPS CROSS","CITY OF PORT ADELAIDE ENFIELD",2,1,0,0,1,2022,"February","Tuesday","03:50 pm",60,"Sealed","Dry","Not Raining","Daylight","Right Angle",2,,,1328120.39,1679258.18
"2022-26223-19/09/2025","WINGFIELD","CITY OF PORT ADELAIDE ENFIELD",2,1,0,0,1,2022,"February","Tuesday","02:05 pm",60,"Sealed","Dry","Not Raining","Daylight","Rear End",2,,,1325525.59,1679448.45
"2022-26232-19/09/2025","PROSPECT","CITY OF PROSPECT",2,1,0,0,1,2022,"February","Monday","01:30 pm",50,"Sealed","Dry","Not Raining","Daylight","Hit Object on Road",1,,,1328375.9,1674542.19
"2022-26233-19/09/2025","KENT TOWN","CC OF NORWOOD,PAYNEHAM & ST PETERS",2,1,0,0,1,2022,"February","Wednesday","04:48 pm",60,"Sealed","Dry","Not Raining","Daylight","Right Turn",2,,,1330012.46,1670901.82
"2022-26234-19/09/2025","KILBURN","CITY OF PORT ADELAIDE ENFIELD",2,1,0,0,1,2022,"February","Wednesday","05:31 pm",60,"Sealed","Dry","Not Raining","Daylight","Right Turn",2,,,1327214.4,1677107.46
"2022-26235-19/09/2025","MOUNT MAGNIFICENT","ALEXANDRINA COUNCIL",1,1,0,0,1,2022,"February","Wednesday","04:56 pm",80,"Unsealed","Dry","Not Raining","Daylight","Roll Over",1,,,1334332.34,1628794.03
"2022-26237-19/09/2025","FULLARTON","CITY OF UNLEY",1,1,0,0,1,2022,"February","Wednesday","05:33 pm",60,"Sealed","Dry","Not Raining","Daylight","Roll Over",1,,,1330799.41,1668246.85
"2022-26238-19/09/2025","NORMANVILLE","DC YANKALILLA.",2,1,0,1,0,2022,"February","Wednesday","02:30 pm",100,"Sealed","Dry","Not Raining","Daylight","Hit Fixed Object",1,,,1297323.91,1609761.2
"2022-26240-19/09/2025","MORPHETTVILLE","CC MARION.",2,1,0,0,1,2022,"February","Wednesday","06:18 pm",50,"Sealed","Dry","Not Raining","Daylight","Hit Fixed Object",1,,,1322821.35,1664113.28
"2022-26241-19/09/2025","MILE END","CITY OF WEST TORRENS",2,1,0,0,1,2022,"February","Wednesday","05:10 pm",60,"Sealed","Dry","Not Raining","Daylight","Right Angle",2,,,1325958.8,1670100.31
"2022-26243-19/09/2025","LONSDALE","CITY OF ONKAPARINGA",4,1,0,1,0,2022,"February","Wednesday","04:35 pm",100,"Sealed","Dry","Not Raining","Daylight","Hit Fixed Object",1,,,1319552.19,1649985.34
"2022-26244-19/09/2025","FULLARTON","CITY OF UNLEY",3,2,0,0,2,2022,"February","Wednesday","06:49 pm",60,"Sealed","Dry","Not Raining","Daylight","Rear End",2,,,1331585.58,1667613.37
"2022-26247-19/09/2025","SEDAN","MID MURRAY DISTRICT COUNCIL",2,1,1,0,0,2022,"February","Wednesday","08:15 pm",100,"Sealed","Dry","Not Raining","Night","Hit Pedestrian",1,"Y",,1396339.5,1709842.68
"2022-26249-19/09/2025","KAPUNDA","LIGHT REGIONAL COUNCIL",2,3,0,0,3,2022,"February","Wednesday","03:00 pm",60,"Sealed","Dry","Not Raining","Daylight","Head On",2,,"Y",1359348.78,1734046.46
"2022-26250-19/09/2025","TEMPLERS","LIGHT REGIONAL COUNCIL",2,1,0,0,1,2022,"February","Thursday","07:25 am",100,"Sealed","Dry","Not Raining","Daylight","Hit Fixed Object",1,,,1342555.35,1720747.54
"2022-26254-19/09/2025","WILD HORSE PLAINS","WAKEFIELD REGIONAL COUNCIL",3,1,0,1,0,2022,"February","Thursday","07:09 am",110,"Sealed","Dry","Not Raining","Daylight","Hit Fixed Object",1,,"Y",1301239.3,1736749.94
"2022-26260-19/09/2025","ADELAIDE","CITY OF ADELAIDE",4,1,0,0,1,2022,"February","Wednesday","04:05 pm",50,"Sealed","Dry","Not Raining","Daylight","Rear End",1,,,1328299.79,1671143.88
"2022-26264-19/09/2025","SALISBURY","CITY OF SALISBURY",2,1,0,0,1,2022,"February","Thursday","07:50 am",50,"Sealed","Dry","Not Raining","Daylight","Side Swipe",2,,,1333442.96,1687456.8