"REPORT_ID","Suburb","LGA Name","Total Units","Total Cas","Total Fats","Total SI","Total MI","Year","Month","Day","Time","Area Speed","Road Surface","Moisture Cond","Weather Cond","DayNight","Crash Type","Unit Resp","DUI Involved","Drugs Involved","ACCLOC_X","ACCLOC_Y"
"2022-26266-19/09/2025","KYBYBOLITE","DC NARACOORTE & LUCINDALE.",1,1,0,1,0,2022,"February","Thursday","12:00 am",100,"Sealed","Dry","Not Raining","Night","Roll Over",1,,,1527943.62,1444974.05
"2022-26267-19/09/2025","ADELAIDE","CITY OF ADELAIDE",4,1,0,0,1,2022,"February","Thursday","01:10 pm",60,"Sealed","Dry","Not Raining","Daylight","Rear End",1,,,1327386.13,1670329.21
"2022-26269-19/09/2025","SALISBURY EAST","CITY OF SALISBURY",2,1,0,0,1,2022,"February","Thursday","11:30 am",80,"Sealed","Dry","Not Raining","Daylight","Rear End",1,,,1333995.93,1686285.66
"2022-26275-19/09/2025","CHAIN OF PONDS","THE ADELAIDE HILLS COUNCIL",2,1,0,0,1,2022,"February","Wednesday","06:30 am",100,"Sealed","Dry","Not Raining","Night","Rear End",2,,,1350169.07,1681399.04
"2022-26281-19/09/2025","ROSTREVOR","CC CAMPBELLTOWN.",3,1,0,0,1,2022,"February","Friday","06:15 am",50,"Sealed","Dry","Not Raining","Night","Hit Animal",2,,,1336901.98,1673397.68
"2022-26288-19/09/2025","TARPEENA","DISTRICT COUNCIL OF GRANT",2,1,0,0,1,2022,"February","Friday","01:17 am",110,"Sealed","Dry","Not Raining","Night","Hit Fixed Object",1,,,1511883.26,1357261.2
"2022-26289-19/09/2025","PARAFIELD GARDENS","CITY OF SALISBURY",2,1,0,0,1,2022,"February","Friday","05:17 am",70,"Sealed","Dry","Not Raining","Night","Right Angle",1,,,1329053.39,1685667.81
"2022-26290-19/09/2025","EMEROO",,1,2,0,1,1,2022,"February","Friday","03:00 am",60,"Unsealed","Dry","Not Raining","Night","Roll Over",1,,,1259727.12,1952094.83
"2022-26291-19/09/2025","TWO WELLS","DC MALLALA.",2,2,0,0,2,2022,"February","Friday","06:15 am",100,"Sealed","Dry","Not Raining","Night","Hit Animal",2,,,1323839.83,1704929.08
"2022-26294-19/09/2025","PROSPECT","CITY OF PROSPECT",2,1,0,0,1,2022,"February","Friday","08:45 am",60,"Sealed","Dry","Not Raining","Daylight","Side Swipe",1,,,1327590.9,1676410.42
"2022-26296-19/09/2025","OAKBANK","THE ADELAIDE HILLS COUNCIL",2,1,0,0,1,2022,"February","Thursday","06:20 pm",80,"Sealed","Unknown","Unknown","Daylight","Rear End",1,,,1351863.86,1664259.44
"2022-26303-19/09/2025","NORWOOD","CC OF NORWOOD,PAYNEHAM & ST PETERS",2,1,0,0,1,2022,"February","Friday","12:30 pm",50,"Sealed","Dry","Not Raining","Daylight","Rear End",2,,,1331018.67,1671432.83
"2022-26304-19/09/2025","BRAHMA LODGE","CITY OF SALISBURY",2,1,0,0,1,2022,"February","Thursday","06:15 pm",50,"Sealed","Dry","Not Raining","Daylight","Rear End",2,,,1333777.24,1687877.25
"2022-26312-19/09/2025","BURNSIDE","CITY OF BURNSIDE",2,1,0,1,0,2022,"February","Friday","04:45 pm",60,"Sealed","Dry","Not Raining","Daylight","Right Angle",2,,,1334752.82,1669124.21
"2022-26316-19/09/2025","FINDON","CITY OF CHARLES STURT",2,1,0,1,0,2022,"February","Friday","07:00 pm",50,"Sealed","Dry","Not Raining","Daylight","Hit Pedestrian",2,,,1322352.92,1674124.19
"2022-26318-19/09/2025","MAGILL","CC CAMPBELLTOWN.",1,1,0,0,1,2022,"February","Friday","08:20 pm",60,"Sealed","Dry","Not Raining","Night","Roll Over",1,,,1335216.54,1671841.71
"2022-26328-19/09/2025","HIGHBURY","CITY OF TEA TREE GULLY",2,1,0,1,0,2022,"February","Saturday","09:30 am",60,"Sealed","Dry","Not Raining","Daylight","Side Swipe",1,,,1338113.79,1678452.77
"2022-26329-19/09/2025","MOUNT GAMBIER","CC MT.GAMBIER.",2,2,0,1,1,2022,"February","Saturday","09:28 am",60,"Sealed","Dry","Not Raining","Daylight","Right Angle",2,,,1512301.1,1339185.27
"2022-26332-19/09/2025","ELIZABETH PARK","CITY OF PLAYFORD.",2,1,0,0,1,2022,"January","Friday","02:30 pm",80,"Sealed","Dry","Not Raining","Daylight","Rear End",2,,,1335972.14,1693727.26
"2022-26333-19/09/2025","WINDSOR GARDENS","CITY OF PORT ADELAIDE ENFIELD",2,1,0,0,1,2022,"February","Saturday","10:55 am",60,"Sealed","Dry","Not Raining","Daylight","Rear End",2,,,1333014.51,1677393.44
"2022-26334-19/09/2025","MOUNT GAMBIER","CC MT.GAMBIER.",1,1,0,0,1,2022,"January","Wednesday","08:00 am",50,"Sealed","Dry","Not Raining","Daylight","Roll Over",1,"Y","Y",1510293.37,1342042.91
"2022-26348-19/09/2025","FERRYDEN PARK","CITY OF PORT ADELAIDE ENFIELD",2,1,0,0,1,2022,"February","Saturday","08:40 pm",50,"Sealed","Dry","Not Raining","Night","Hit Parked Vehicle",1,"Y",,1325522.78,1677675.3
"2022-26349-19/09/2025","HALLETT COVE","CC MARION.",1,1,0,0,1,2022,"February","Saturday","09:15 pm",50,"Sealed","Dry","Not Raining","Night","Roll Over",1,,"Y",1318814.82,1653791.76
"2022-26353-19/09/2025","WOODFORDE","THE ADELAIDE HILLS COUNCIL",2,1,0,0,1,2022,"February","Sunday","07:35 am",60,"Sealed","Dry","Not Raining","Daylight","Hit Fixed Object",1,,,1336510.75,1672237.18
"2022-26354-19/09/2025","MEADOWS","DC MT.BARKER.",2,1,1,0,0,2022,"February","Sunday","06:50 am",100,"Sealed","Dry","Not Raining","Night","Hit Fixed Object",1,,,1342354.63,1645400.19
"2022-26360-19/09/2025","HACKHAM","CITY OF ONKAPARINGA",1,1,0,0,1,2022,"February","Sunday","12:35 pm",50,"Sealed","Dry","Not Raining","Daylight","Roll Over",1,,,1321528.81,1647423.84
"2022-26364-19/09/2025","GOOLWA","ALEXANDRINA COUNCIL",2,1,0,0,1,2022,"February","Sunday","11:40 am",100,"Sealed","Dry","Not Raining","Daylight","Rear End",2,,,1341951.32,1608503.32
"2022-26366-19/09/2025","KESWICK","CITY OF UNLEY",3,1,0,0,1,2022,"February","Friday","04:10 pm",60,"Sealed","Dry","Not Raining","Daylight","Rear End",1,,,1326673.43,1668646.7
"2022-26367-19/09/2025","VERDUN","THE ADELAIDE HILLS COUNCIL",2,1,0,0,1,2022,"February","Sunday","05:45 pm",60,"Sealed","Dry","Not Raining","Daylight","Rear End",1,,,1345245.94,1659821.49
"2022-26368-19/09/2025","KANGAROO FLAT","LIGHT REGIONAL COUNCIL",2,1,1,0,0,2022,"February","Sunday","01:00 pm",100,"Sealed","Dry","Not Raining","Daylight","Hit Fixed Object",1,,,1339219.61,1710420.15
"2022-26370-19/09/2025","MCDOUALL PEAK",,2,2,0,0,2,2022,"February","Sunday","09:00 pm",110,"Sealed","Dry","Not Raining","Night","Hit Animal",2,,,1011510.6,2246554.65
"2022-26376-19/09/2025","BLACK FOREST","CITY OF UNLEY",2,1,0,0,1,2022,"February","Friday","06:15 pm",50,"Sealed","Dry","Not Raining","Daylight","Hit Parked Vehicle",2,,,1326166.97,1666590.2
"2022-26377-19/09/2025","WILLUNGA","CITY OF ONKAPARINGA",2,1,0,1,0,2022,"February","Monday","09:09 am",50,"Sealed","Wet","Raining","Daylight","Hit Fixed Object",1,,,1323421.29,1632212.71
"2022-26379-19/09/2025","BEVERLEY","CITY OF CHARLES STURT",2,2,0,0,2,2022,"February","Monday","09:10 am",60,"Sealed","Dry","Not Raining","Daylight","Right Turn",2,,,1324176.56,1674026.23
"2022-26380-19/09/2025","ADELAIDE","CITY OF ADELAIDE",2,1,0,0,1,2022,"February","Monday","09:30 am",60,"Sealed","Wet","Not Raining","Daylight","Right Angle",2,,,1327395.61,1669542.05
"2022-26385-19/09/2025","BROOKLYN PARK","CITY OF WEST TORRENS",2,1,0,0,1,2022,"February","Monday","10:08 am",60,"Sealed","Dry","Not Raining","Daylight","Rear End",2,,,1323109.74,1670083.12
"2022-26387-19/09/2025","WILLUNGA","CITY OF ONKAPARINGA",2,3,0,0,3,2022,"February","Monday","12:39 pm",80,"Sealed","Dry","Not Raining","Daylight","Right Turn",1,,,1322995.39,1634839.77
"2022-26395-19/09/2025","ONE TREE HILL","CITY OF PLAYFORD.",2,3,0,0,3,2022,"February","Monday","03:35 pm",100,"Sealed","Dry","Not Raining","Daylight","Hit Fixed Object",1,,,1340616.59,1694097.03
"2022-26399-19/09/2025","ALBERTON","CITY OF PORT ADELAIDE ENFIELD",2,1,0,0,1,2022,"February","Monday","05:20 pm",50,"Sealed","Wet","Raining","Daylight","Right Angle",1,,,1321017.76,1678204.02
"2022-26401-19/09/2025","MONASH","THE BERRI BARMERA COUNCIL",3,1,0,1,0,2022,"February","Monday","04:16 pm",110,"Sealed","Dry","Not Raining","Daylight","Roll Over",1,,,1520553.06,1739911.81
"2022-26402-19/09/2025","SEMAPHORE PARK","CITY OF CHARLES STURT",2,1,0,0,1,2022,"February","Monday","06:36 pm",60,"Sealed","Dry","Not Raining","Daylight","Right Angle",1,,,1317767.25,1679377.81
"2022-26409-19/09/2025","GEPPS CROSS","CITY OF PORT ADELAIDE ENFIELD",3,1,0,0,1,2022,"March","Tuesday","06:45 am",70,"Sealed","Dry","Not Raining","Night","Right Angle",2,,,1327703.76,1679736.41
"2022-26411-19/09/2025","MOUNT BARKER","DC MT.BARKER.",2,1,0,0,1,2022,"March","Tuesday","06:10 am",50,"Sealed","Dry","Not Raining","Night","Hit Fixed Object",9,,,1353534.91,1653090.28
"2022-26416-19/09/2025","ADELAIDE","CITY OF ADELAIDE",1,1,0,0,1,2022,"February","Monday","05:45 pm",60,"Sealed","Wet","Not Raining","Daylight","Roll Over",1,,,1327356.67,1670586.33
"2022-26419-19/09/2025","WARRADALE","CC MARION.",2,1,0,0,1,2022,"March","Tuesday","07:30 am",60,"Sealed","Dry","Not Raining","Daylight","Right Angle",1,,,1322292.34,1662306.35
"2022-26424-19/09/2025","DAW PARK","CC MITCHAM.",2,1,0,0,1,2022,"February","Friday","12:10 pm",60,"Sealed","Dry","Not Raining","Daylight","Right Angle",2,,,1327579.57,1663512.41
"2022-26430-19/09/2025","ST MARYS","CC MITCHAM.",2,2,0,0,2,2022,"March","Tuesday","09:15 am",60,"Sealed","Dry","Not Raining","Daylight","Rear End",2,,,1325957.13,1663252.96
"2022-26437-19/09/2025","EIGHT MILE CREEK","DISTRICT COUNCIL OF GRANT",2,2,0,0,2,2022,"March","Tuesday","03:30 pm",100,"Sealed","Wet","Raining","Daylight","Right Angle",2,,"Y",1508006.65,1318749.17
"2022-26439-19/09/2025","SALISBURY NORTH","CITY OF SALISBURY",3,1,0,0,1,2022,"March","Tuesday","04:45 pm",60,"Sealed","Dry","Not Raining","Daylight","Rear End",1,,"Y",1331436.03,1689809.57
"2022-26446-19/09/2025","WOODSIDE","THE ADELAIDE HILLS COUNCIL",2,1,0,0,1,2022,"February","Monday","05:45 pm",50,"Sealed","Dry","Not Raining","Daylight","Hit Pedestrian",2,,,1353852.09,1667112.79
"2022-26448-19/09/2025","ELIZABETH PARK","CITY OF PLAYFORD.",2,1,0,0,1,2022,"March","Wednesday","06:35 am",80,"Sealed","Dry","Not Raining","Night","Right Turn",2,,,1335939.12,1693257.92
"2022-26450-19/09/2025","FULHAM GARDENS","CITY OF CHARLES STURT",2,1,0,1,0,2022,"January","Monday","03:45 pm",60,"Sealed","Dry","Not Raining","Daylight","Hit Pedestrian",2,,,1320132.92,1673054.54
"2022-26452-19/09/2025","PAYNEHAM SOUTH","CC OF NORWOOD,PAYNEHAM & ST PETERS",2,1,0,0,1,2022,"March","Wednesday","08:20 am",60,"Sealed","Dry","Not Raining","Daylight","Right Angle",1,,,1332210.41,1672856.49
"2022-26454-19/09/2025","BEDFORD PARK","CC MARION.",2,2,0,0,2,2022,"March","Wednesday","08:29 am",70,"Sealed","Dry","Not Raining","Daylight","Rear End",2,,,1325120.33,1660438.29
"2022-26457-19/09/2025","NEPABUNNA",,1,1,0,1,0,2022,"January","Saturday","04:30 am",100,"Unsealed","Wet","Raining","Night","Roll Over",1,,,1379850.41,2148926.89
"2022-26458-19/09/2025","BURRUNGULE","WATTLE RANGE COUNCIL",2,1,0,0,1,2022,"March","Tuesday","11:10 am",110,"Sealed","Dry","Not Raining","Daylight","Hit Fixed Object",1,,,1493532.98,1350651.91
"2022-26459-19/09/2025","ADELAIDE","CITY OF ADELAIDE",2,1,0,1,0,2022,"March","Wednesday","09:55 am",60,"Sealed","Dry","Not Raining","Daylight","Hit Pedestrian",2,,,1327895.51,1671222.68
"2022-26460-19/09/2025","TROTT PARK","CC MARION.",2,2,0,0,2,2022,"March","Wednesday","10:13 am",80,"Sealed","Dry","Not Raining","Daylight","Rear End",1,,,1322095.93,1656549.56
"2022-26461-19/09/2025","WINDSOR GARDENS","CITY OF PORT ADELAIDE ENFIELD",2,2,0,0,2,2022,"March","Wednesday","11:15 am",60,"Sealed","Dry","Not Raining","Daylight","Right Turn",2,,,1333112.26,1677477.72
"2022-26463-19/09/2025","BROADVIEW","CITY OF PROSPECT",2,1,0,0,1,2022,"March","Tuesday","04:45 pm",60,"Sealed","Dry","Not Raining","Daylight","Rear End",2,,,1330480.24,1675204.79
"2022-26468-19/09/2025","GLENGOWRIE","CC MARION.",2,1,0,0,1,2022,"March","Tuesday","08:00 am",60,"Sealed","Dry","Not Raining","Daylight","Right Angle",1,,,1322682.92,1663763.39
"2022-26473-19/09/2025","CLARENCE GARDENS","CC MITCHAM.",3,2,0,0,2,2022,"March","Wednesday","04:40 pm",60,"Sealed","Dry","Not Raining","Daylight","Rear End",1,,,1325910.01,1665215.09
"2022-26476-19/09/2025","PROSPECT","CITY OF PROSPECT",2,1,0,0,1,2022,"March","Wednesday","05:35 pm",60,"Sealed","Dry","Not Raining","Daylight","Right Turn",1,,"Y",1328749.07,1676438.67
"2022-26477-19/09/2025","RIDLEYTON","CITY OF CHARLES STURT",2,1,0,0,1,2022,"March","Wednesday","03:15 pm",40,"Sealed","Dry","Not Raining","Daylight","Right Angle",2,,,1326045.6,1674254.07
"2022-26479-19/09/2025","HAHNDORF","DC MT.BARKER.",3,1,0,0,1,2022,"March","Wednesday","05:00 pm",50,"Sealed","Dry","Not Raining","Daylight","Right Turn",2,,,1347262.66,1658500.75
"2022-26480-19/09/2025","STURT","CC MARION.",3,1,0,1,0,2022,"March","Wednesday","10:45 pm",60,"Sealed","Dry","Not Raining","Night","Hit Fixed Object",1,"Y",,1323984.61,1660668.22
"2022-26484-19/09/2025","PARAFIELD GARDENS","CITY OF SALISBURY",2,1,0,0,1,2022,"March","Wednesday","03:30 pm",60,"Sealed","Dry","Not Raining","Daylight","Rear End",2,,,1330688.17,1685868.15
"2022-26487-19/09/2025","GILLES PLAINS","CITY OF PORT ADELAIDE ENFIELD",3,2,0,0,2,2022,"March","Thursday","09:40 am",50,"Sealed","Dry","Not Raining","Daylight","Rear End",1,,,1333760.64,1678372.79
"2022-26488-19/09/2025","MUNNO PARA","CITY OF PLAYFORD.",2,1,0,0,1,2022,"March","Thursday","09:00 am",50,"Sealed","Dry","Not Raining","Daylight","Right Angle",1,,,1337592.73,1699245.54
"2022-26490-19/09/2025","WOODVILLE PARK","CITY OF CHARLES STURT",2,1,0,1,0,2022,"March","Thursday","10:45 am",60,"Sealed","Dry","Not Raining","Daylight","Rear End",1,,,1323917.97,1674911.58
"2022-26495-19/09/2025","VALE PARK","WALKERVILLE TOWN COUNCIL",2,1,0,0,1,2022,"March","Thursday","01:15 pm",60,"Sealed","Dry","Not Raining","Daylight","Hit Pedestrian",2,,,1330820.17,1675498.56
"2022-26497-19/09/2025","DAVOREN PARK","CITY OF PLAYFORD.",2,1,0,0,1,2022,"March","Thursday","01:22 pm",60,"Sealed","Dry","Not Raining","Daylight","Rear End",2,,,1335761.2,1696011.17
"2022-26502-19/09/2025","NORTH ADELAIDE","CITY OF ADELAIDE",2,1,0,0,1,2022,"March","Thursday","02:29 pm",50,"Sealed","Dry","Not Raining","Daylight","Head On",1,,,1328468.4,1672309.64
"2022-26506-19/09/2025","GLENELG","CITY OF HOLDFAST BAY",3,1,0,0,1,2022,"March","Thursday","04:50 pm",50,"Sealed","Dry","Not Raining","Daylight","Rear End",1,,,1320811.78,1664382.59
"2022-26508-19/09/2025","MILE END","CITY OF WEST TORRENS",2,1,0,0,1,2022,"March","Thursday","05:31 pm",60,"Sealed","Dry","Not Raining","Daylight","Hit Fixed Object",1,,,1326619.6,1670801.19
"2022-26513-19/09/2025","PLYMPTON","CITY OF WEST TORRENS",3,1,0,0,1,2022,"March","Friday","06:50 am",60,"Sealed","Dry","Not Raining","Night","Side Swipe",2,,,1324955.3,1667113.77
"2022-26521-19/09/2025","TORRENSVILLE","CITY OF WEST TORRENS",2,1,0,0,1,2022,"March","Friday","10:13 am",50,"Sealed","Dry","Not Raining","Daylight","Hit Parked Vehicle",1,,,1324676,1670964.11
"2022-26524-19/09/2025","WOODVILLE","CITY OF CHARLES STURT",2,2,0,0,2,2022,"March","Friday","11:27 am",60,"Sealed","Dry","Not Raining","Daylight","Right Angle",1,,,1322523.03,1676010.64
"2022-26525-19/09/2025","MORPHETTVILLE","CC MARION.",2,1,0,0,1,2022,"March","Friday","07:59 am",60,"Sealed","Dry","Not Raining","Daylight","Right Angle",2,,,1322673.25,1664092.47
"2022-26536-19/09/2025","TROTT PARK","CC MARION.",3,2,0,0,2,2022,"March","Friday","04:49 pm",100,"Sealed","Dry","Not Raining","Daylight","Side Swipe",1,,,1322853.35,1654475.92
"2022-26538-19/09/2025","PARA HILLS","CITY OF SALISBURY",2,1,0,0,1,2022,"March","Friday","05:05 pm",60,"Sealed","Dry","Not Raining","Daylight","Right Angle",1,,,1333968.94,1684359.8
"2022-26546-19/09/2025","PAECHTOWN","DC MT.BARKER.",2,1,0,0,1,2022,"March","Friday","11:40 pm",110,"Sealed","Wet","Raining","Night","Rear End",2,,,1347965.27,1656703.27
"2022-26549-19/09/2025","ONE TREE HILL","CITY OF PLAYFORD.",3,1,0,1,0,2022,"March","Saturday","01:43 am",100,"Sealed","Wet","Raining","Night","Hit Fixed Object",1,"Y",,1341267.32,1694103.11
"2022-26552-19/09/2025","LOXTON","LOXTON WAIKERIE DISTRICT COUNCIL",2,1,0,0,1,2022,"March","Saturday","07:51 am",60,"Sealed","Dry","Not Raining","Daylight","Right Angle",2,,,1511287.12,1715671.27
"2022-26554-19/09/2025","ELIZABETH SOUTH","CITY OF PLAYFORD.",2,1,0,0,1,2022,"February","Friday","06:30 pm",60,"Sealed","Dry","Not Raining","Daylight","Side Swipe",2,,,1334752.62,1691168.87
"2022-26557-19/09/2025","WALKLEY HEIGHTS","CITY OF PORT ADELAIDE ENFIELD",2,1,0,0,1,2022,"March","Saturday","11:00 am",70,"Sealed","Dry","Not Raining","Daylight","Rear End",1,,,1333232.05,1679603.05
"2022-26559-19/09/2025","ANGLE VALE","CITY OF PLAYFORD.",2,1,0,0,1,2022,"March","Saturday","11:30 am",60,"Sealed","Dry","Not Raining","Daylight","Right Angle",2,,,1333601.72,1701424.18
"2022-26563-19/09/2025","HALLETT COVE","CC MARION.",2,1,0,0,1,2022,"March","Saturday","11:50 am",60,"Sealed","Dry","Not Raining","Daylight","Right Angle",2,,,1319047.33,1654270.68
"2022-26565-19/09/2025","CHRISTIES BEACH","CITY OF ONKAPARINGA",1,1,0,1,0,2022,"March","Friday","06:00 pm",50,"Sealed","Dry","Not Raining","Daylight","Roll Over",1,,,1316198.95,1647846.42
"2022-26567-19/09/2025","MODBURY HEIGHTS","CITY OF TEA TREE GULLY",3,1,0,0,1,2022,"March","Saturday","04:24 pm",60,"Sealed","Dry","Not Raining","Daylight","Hit Fixed Object",1,,,1338014.78,1683502.09
"2022-26575-19/09/2025","PARACOMBE","THE ADELAIDE HILLS COUNCIL",1,1,1,0,0,2022,"March","Saturday","09:05 pm",50,"Unsealed","Dry","Not Raining","Night","Roll Over",1,,,1343979.14,1678608.85
"2022-26579-19/09/2025","YATTALUNGA","CITY OF PLAYFORD.",2,1,0,0,1,2022,"March","Sunday","12:40 am",80,"Sealed","Dry","Not Raining","Night","Hit Fixed Object",1,,,1345126.64,1697945.52
"2022-26582-19/09/2025","GLENELG","CITY OF HOLDFAST BAY",2,1,0,0,1,2022,"March","Sunday","01:30 am",40,"Sealed","Dry","Not Raining","Night","Right Angle",2,,,1320797.13,1664894.03
"2022-26583-19/09/2025","PARKSIDE","CITY OF UNLEY",2,1,0,0,1,2022,"March","Friday","02:30 pm",60,"Sealed","Dry","Not Raining","Daylight","Rear End",2,,,1329057.07,1668963.89
"2022-26590-19/09/2025","INGLE FARM","CITY OF SALISBURY",2,1,0,0,1,2022,"March","Saturday","02:00 pm",60,"Sealed","Dry","Not Raining","Daylight","Rear End",2,,,1332120.96,1681780.41
"2022-26592-19/09/2025","WILLIAMSTOWN","THE BAROSSA COUNCIL.",2,1,0,0,1,2022,"March","Sunday","12:15 pm",80,"Sealed","Dry","Not Raining","Daylight","Hit Fixed Object",1,,,1352195.89,1697872.79
"2022-26593-19/09/2025","COCKATOO VALLEY","THE BAROSSA COUNCIL.",2,4,0,0,4,2022,"March","Sunday","04:30 pm",50,"Sealed","Dry","Not Raining","Daylight","Hit Fixed Object",1,,,1350466.09,1705017.11
"2022-26596-19/09/2025","PASADENA","CC MITCHAM.",2,2,0,0,2,2022,"March","Sunday","05:30 pm",60,"Sealed","Dry","Not Raining","Daylight","Hit Fixed Object",1,,,1327606.91,1662892.83
"2022-26597-19/09/2025","HENLEY BEACH","CITY OF CHARLES STURT",2,1,0,0,1,2022,"March","Sunday","07:40 pm",25,"Sealed","Dry","Not Raining","Daylight","Hit Fixed Object",1,,,1318959.39,1671668.29
"2022-26598-19/09/2025","WOOLUNDUNGA","CC PT.AUGUSTA.",2,2,1,1,0,2022,"March","Sunday","07:00 pm",110,"Sealed","Dry","Not Raining","Daylight","Head On",1,,,1268731.36,1934480.35
"2022-26600-19/09/2025","SEAFORD HEIGHTS","CITY OF ONKAPARINGA",2,1,0,0,1,2022,"March","Monday","07:15 am",90,"Sealed","Dry","Not Raining","Daylight","Rear End",2,,,1317576.85,1640488.04
"2022-26602-19/09/2025","PROSPECT","CITY OF PROSPECT",2,1,0,0,1,2022,"February","Thursday","11:30 am",60,"Sealed","Dry","Not Raining","Daylight","Rear End",2,,,1328872.94,1676442.07
"2022-26603-19/09/2025","DAVOREN PARK","CITY OF PLAYFORD.",1,1,0,0,1,2022,"February","Saturday","04:00 pm",60,"Sealed","Dry","Not Raining","Daylight","Roll Over",1,,,1335766.9,1696777.92
"2022-26612-19/09/2025","GREENWITH","CITY OF TEA TREE GULLY",2,1,0,0,1,2022,"March","Monday","07:00 am",60,"Sealed","Dry","Not Raining","Night","Hit Fixed Object",1,,,1339016.82,1687668.74
"2022-26618-19/09/2025","MCLAREN VALE","CITY OF ONKAPARINGA",2,3,0,0,3,2022,"March","Monday","11:34 am",60,"Sealed","Dry","Not Raining","Daylight","Right Angle",2,,,1322925.16,1637162.84
"2022-26619-19/09/2025","AUBURN","CLARE AND GILBERT VALLEYS DISTRICT COUNCIL",3,1,0,0,1,2022,"March","Monday","11:55 am",50,"Sealed","Dry","Not Raining","Daylight","Hit Fixed Object",1,,,1339090.56,1770002.68
"2022-26621-19/09/2025","POORAKA","CITY OF SALISBURY",2,2,0,0,2,2022,"March","Monday","01:55 pm",70,"Sealed","Dry","Not Raining","Daylight","Right Turn",2,,,1330180.44,1681400.45
"2022-26623-19/09/2025","SOMERTON PARK","CITY OF HOLDFAST BAY",2,1,1,0,0,2022,"March","Monday","12:01 pm",60,"Sealed","Dry","Not Raining","Daylight","Roll Over",1,,"Y",1321067.06,1663106.23
"2022-26624-19/09/2025","WINGFIELD","CITY OF PORT ADELAIDE ENFIELD",2,1,0,0,1,2022,"March","Monday","02:40 pm",60,"Sealed","Dry","Not Raining","Daylight","Right Angle",2,,,1324533.93,1679685.41
"2022-26629-19/09/2025","CLAPHAM","CC MITCHAM.",2,1,0,0,1,2022,"March","Monday","03:15 pm",50,"Sealed","Dry","Not Raining","Daylight","Hit Parked Vehicle",2,,,1328715.94,1663097.12
"2022-26631-19/09/2025","ALDGATE","THE ADELAIDE HILLS COUNCIL",2,1,0,0,1,2022,"March","Monday","05:30 pm",50,"Unsealed","Dry","Not Raining","Daylight","Hit Fixed Object",1,,,1340170.24,1659313.78
"2022-26633-19/09/2025","SALISBURY DOWNS","CITY OF SALISBURY",3,1,0,0,1,2022,"March","Monday","07:02 pm",60,"Sealed","Dry","Not Raining","Daylight","Head On",2,"Y",,1330564.94,1687580.55
"2022-26635-19/09/2025","SEAFORD MEADOWS","CITY OF ONKAPARINGA",2,1,0,0,1,2022,"March","Monday","08:39 pm",60,"Sealed","Dry","Not Raining","Night","Right Turn",1,,,1318091.98,1642826.26
"2022-26636-19/09/2025","GAWLER","CT GAWLER.",2,1,0,0,1,2022,"March","Monday","10:35 pm",50,"Sealed","Dry","Not Raining","Night","Right Angle",2,,,1343359.66,1706705.69
"2022-26638-19/09/2025","SALISBURY HEIGHTS","CITY OF SALISBURY",2,1,0,0,1,2022,"March","Monday","11:35 pm",50,"Sealed","Dry","Not Raining","Night","Hit Fixed Object",1,,,1336586.36,1688525.98
"2022-26640-19/09/2025","BOLIVAR","CITY OF SALISBURY",1,1,0,0,1,2022,"March","Tuesday","05:40 am",110,"Sealed","Dry","Not Raining","Night","Roll Over",1,,,1327938.89,1687234.88
"2022-26645-19/09/2025","WESTBOURNE PARK","CC MITCHAM.",3,1,0,0,1,2022,"March","Tuesday","08:20 am",60,"Sealed","Dry","Not Raining","Daylight","Rear End",1,,,1327520.58,1665744.23
"2022-26650-19/09/2025","URRBRAE","CC MITCHAM.",2,1,0,0,1,2022,"March","Tuesday","10:50 am",60,"Sealed","Dry","Not Raining","Daylight","Right Turn",1,,,1330785.59,1665600.33
"2022-26651-19/09/2025","MORPHETT VALE","CITY OF ONKAPARINGA",2,1,0,0,1,2022,"March","Tuesday","12:16 pm",60,"Sealed","Dry","Not Raining","Daylight","Hit Parked Vehicle",1,,,1321009.04,1650789.78
"2022-26655-19/09/2025","HILLBANK","CITY OF PLAYFORD.",1,1,0,0,1,2022,"March","Tuesday","02:15 pm",50,"Sealed","Dry","Not Raining","Daylight","Roll Over",1,,,1338045.37,1693666.39
"2022-26659-19/09/2025","PROSPECT","CITY OF PROSPECT",2,1,0,0,1,2022,"March","Tuesday","03:50 pm",60,"Sealed","Dry","Not Raining","Daylight","Hit Fixed Object",1,,,1328875.21,1676033.09
"2022-26660-19/09/2025","GOOLWA BEACH","ALEXANDRINA COUNCIL",2,3,0,0,3,2022,"March","Tuesday","03:00 pm",100,"Sealed","Dry","Not Raining","Daylight","Right Angle",1,,,1341017.56,1605888.6
"2022-26667-19/09/2025","MAWSON LAKES","CITY OF SALISBURY",2,2,0,0,2,2022,"March","Tuesday","04:50 pm",60,"Sealed","Dry","Not Raining","Daylight","Rear End",2,,,1330292.61,1684024.31
"2022-26672-19/09/2025","ELIZABETH","CITY OF PLAYFORD.",3,2,0,0,2,2022,"March","Tuesday","05:30 pm",80,"Sealed","Dry","Not Raining","Daylight","Rear End",1,,,1335945.21,1693213.86
"2022-26678-19/09/2025","SPRINGTON","THE BAROSSA COUNCIL.",2,1,0,0,1,2022,"March","Tuesday","08:05 pm",50,"Sealed","Dry","Not Raining","Night","Right Angle",2,,,1373881.69,1693487.21