"REPORT_ID","Suburb","LGA Name","Total Units","Total Cas","Total Fats","Total SI","Total MI","Year","Month","Day","Time","Area Speed","Road Surface","Moisture Cond","Weather Cond","DayNight","Crash Type","Unit Resp","DUI Involved","Drugs Involved","ACCLOC_X","ACCLOC_Y"
"2022-26681-19/09/2025","MAMBRAY CREEK","CC PT.AUGUSTA.",1,1,0,0,1,2022,"March","Wednesday","07:45 am",110,"Sealed","Dry","Not Raining","Daylight","Roll Over",1,,"Y",1276900.17,1907093
"2022-26687-19/09/2025","SOUTH BRIGHTON","CITY OF HOLDFAST BAY",2,1,0,0,1,2022,"March","Wednesday","11:20 am",60,"Sealed","Dry","Not Raining","Daylight","Right Angle",2,,,1321152.76,1660173.94
"2022-26691-19/09/2025","MOUNT BARKER","DC MT.BARKER.",2,3,0,1,2,2022,"March","Wednesday","12:30 pm",60,"Sealed","Dry","Not Raining","Daylight","Rear End",2,,,1351601.23,1653348.34
"2022-26696-19/09/2025","VIRGINIA","CITY OF PLAYFORD.",2,5,0,0,5,2022,"March","Wednesday","01:45 pm",80,"Sealed","Dry","Not Raining","Daylight","Right Angle",1,,,1327930.42,1700809.33
"2022-26700-19/09/2025","DRY CREEK","CITY OF PORT ADELAIDE ENFIELD",2,1,0,0,1,2022,"March","Wednesday","03:30 pm",90,"Sealed","Dry","Not Raining","Daylight","Side Swipe",2,,,1327171.28,1681058.71
"2022-26703-19/09/2025","MOUNT BARKER","DC MT.BARKER.",2,1,0,0,1,2022,"March","Wednesday","05:20 pm",60,"Sealed","Dry","Not Raining","Daylight","Rear End",2,,,1351393.06,1653663.78
"2022-26706-19/09/2025","AMATA",,2,1,0,1,0,2022,"March","Wednesday","03:50 pm",50,"Sealed","Dry","Not Raining","Daylight","Hit Fixed Object",1,,,613542.04,2640724.48
"2022-26707-19/09/2025","MARLESTON","CITY OF WEST TORRENS",2,1,0,1,0,2022,"March","Wednesday","12:31 pm",50,"Sealed","Dry","Not Raining","Daylight","Hit Pedestrian",2,,,1325005.05,1668623.44
"2022-26712-19/09/2025","PENOLA","WATTLE RANGE COUNCIL",1,1,0,0,1,2022,"March","Thursday","09:00 am",100,"Sealed","Dry","Not Raining","Daylight","Roll Over",1,,,1517525.45,1391358.92
"2022-26715-19/09/2025","FERRYDEN PARK","CITY OF PORT ADELAIDE ENFIELD",2,1,0,0,1,2022,"March","Thursday","09:37 am",60,"Sealed","Dry","Not Raining","Daylight","Hit Parked Vehicle",1,,,1324973.32,1676339.76
"2022-26716-19/09/2025","PARA HILLS","CITY OF SALISBURY",2,1,0,0,1,2022,"March","Thursday","08:40 am",50,"Sealed","Dry","Not Raining","Daylight","Head On",2,,,1333724.97,1682902.45
"2022-26717-19/09/2025","GLENELG EAST","CITY OF HOLDFAST BAY",2,1,0,0,1,2022,"March","Wednesday","03:50 am",60,"Sealed","Dry","Not Raining","Night","Rear End",2,,,1322638.66,1665350.25
"2022-26718-19/09/2025","MARCOLLAT","DC KINGSTON.",2,1,0,0,1,2022,"March","Thursday","11:12 am",110,"Sealed","Dry","Not Raining","Daylight","Hit Fixed Object",1,,,1475043.37,1486127.74
"2022-26721-19/09/2025","RICHMOND","CITY OF WEST TORRENS",2,1,0,0,1,2022,"March","Wednesday","06:20 pm",60,"Sealed","Dry","Not Raining","Daylight","Rear End",2,,,1325784.08,1669360.86
"2022-26724-19/09/2025","HALLETT COVE","CC MARION.",2,1,0,0,1,2022,"March","Thursday","03:25 pm",25,"Sealed","Dry","Not Raining","Daylight","Hit Pedestrian",2,,,1320057.36,1654130.97
"2022-26727-19/09/2025","WAYVILLE","CITY OF UNLEY",3,1,0,0,1,2022,"March","Thursday","03:50 pm",60,"Sealed","Dry","Not Raining","Daylight","Rear End",1,,,1327893.61,1668948.14
"2022-26731-19/09/2025","TONSLEY","CC MARION.",2,1,0,0,1,2022,"March","Thursday","05:26 pm",60,"Sealed","Dry","Not Raining","Daylight","Rear End",1,"Y",,1325182.16,1660698.78
"2022-26733-19/09/2025","NAIRNE","DC MT.BARKER.",2,1,0,0,1,2022,"March","Thursday","03:15 pm",80,"Unsealed","Dry","Not Raining","Daylight","Hit Fixed Object",1,,,1358551.15,1654631.92
"2022-26734-19/09/2025","PARADISE","CC CAMPBELLTOWN.",2,1,0,0,1,2022,"March","Thursday","06:07 pm",60,"Sealed","Dry","Not Raining","Daylight","Hit Pedestrian",1,,,1335255.15,1675912.51
"2022-26738-19/09/2025","REDWOOD PARK","CITY OF TEA TREE GULLY",2,1,0,0,1,2022,"March","Thursday","07:28 pm",50,"Sealed","Dry","Not Raining","Daylight","Hit Parked Vehicle",1,,,1339441.82,1683075.48
"2022-26742-19/09/2025","ADELAIDE","CITY OF ADELAIDE",2,1,0,0,1,2022,"March","Thursday","04:25 pm",50,"Sealed","Dry","Not Raining","Daylight","Rear End",2,,,1328661.62,1669578.15
"2022-26745-19/09/2025","CLARENCE PARK","CITY OF UNLEY",2,1,0,0,1,2022,"March","Friday","08:08 am",40,"Sealed","Dry","Not Raining","Daylight","Hit Pedestrian",2,,,1327134.26,1666590.67
"2022-26750-19/09/2025","RISDON PARK","PT.PIRIE CITY & DIST. COUNCIL",2,1,0,0,1,2022,"March","Friday","08:30 am",50,"Sealed","Dry","Not Raining","Daylight","Hit Fixed Object",1,,,1278841.13,1863188.28
"2022-26751-19/09/2025","GEPPS CROSS","CITY OF PORT ADELAIDE ENFIELD",2,1,0,0,1,2022,"March","Friday","09:45 am",60,"Sealed","Dry","Not Raining","Daylight","Rear End",1,,,1329019.31,1679578.08
"2022-26756-19/09/2025","SEAVIEW DOWNS","CC MARION.",2,1,0,0,1,2022,"March","Thursday","03:30 pm",60,"Sealed","Dry","Not Raining","Daylight","Right Angle",2,,,1322813.34,1659390.01
"2022-26757-19/09/2025","BRAHMA LODGE","CITY OF SALISBURY",2,1,0,0,1,2022,"March","Thursday","06:00 pm",50,"Sealed","Dry","Not Raining","Daylight","Hit Animal",2,,,1333687.01,1687762.89
"2022-26764-19/09/2025","MODBURY","CITY OF TEA TREE GULLY",3,1,0,0,1,2022,"March","Friday","01:10 pm",60,"Sealed","Dry","Not Raining","Daylight","Right Turn",2,,,1336176.33,1680596.93
"2022-26771-19/09/2025","GLEN OSMOND","CITY OF BURNSIDE",2,1,0,0,1,2022,"March","Friday","01:30 pm",60,"Sealed","Dry","Not Raining","Daylight","Right Turn",1,,,1332393.5,1666599.34
"2022-26773-19/09/2025","NORTH ADELAIDE","CITY OF ADELAIDE",2,1,0,0,1,2022,"March","Thursday","10:45 pm",50,"Sealed","Dry","Not Raining","Night","Right Turn",1,,,1328160.26,1673026.19
"2022-26774-19/09/2025","HACKHAM","CITY OF ONKAPARINGA",2,1,0,0,1,2022,"March","Friday","04:19 pm",50,"Sealed","Dry","Not Raining","Daylight","Rear End",2,"Y",,1321127.91,1646593.03
"2022-26776-19/09/2025","KENSINGTON PARK","CITY OF BURNSIDE",2,2,0,0,2,2022,"March","Friday","04:57 pm",60,"Sealed","Dry","Not Raining","Daylight","Rear End",2,,,1333879.5,1671121.63
"2022-26778-19/09/2025","RENMARK NORTH","DC RENMARK PARINGA",2,2,0,0,2,2022,"March","Friday","04:34 pm",100,"Sealed","Dry","Not Raining","Daylight","Right Angle",2,,"Y",1527471.86,1748908.36
"2022-26779-19/09/2025","SALISBURY EAST","CITY OF SALISBURY",2,2,0,0,2,2022,"March","Friday","04:36 pm",60,"Sealed","Dry","Not Raining","Daylight","Right Turn",1,,,1336487.28,1687416.1
"2022-26780-19/09/2025","NOVAR GARDENS","CITY OF WEST TORRENS",2,1,0,0,1,2022,"March","Friday","09:00 am",50,"Sealed","Dry","Not Raining","Daylight","Head On",2,,,1321851.87,1665965.94
"2022-26788-19/09/2025","GLANVILLE","CITY OF PORT ADELAIDE ENFIELD",2,2,0,0,2,2022,"March","Friday","09:35 pm",50,"Sealed","Dry","Not Raining","Night","Hit Parked Vehicle",1,,,1318739.59,1679849.22
"2022-26795-19/09/2025","PORT ADELAIDE","CITY OF PORT ADELAIDE ENFIELD",2,1,0,0,1,2022,"March","Friday","06:10 am",60,"Sealed","Dry","Not Raining","Night","Right Angle",2,,,1320486.5,1678923.84
"2022-26799-19/09/2025","REYNELLA","CITY OF ONKAPARINGA",3,1,0,0,1,2022,"March","Saturday","11:08 am",60,"Sealed","Dry","Not Raining","Daylight","Side Swipe",1,,,1321651.97,1651558.21
"2022-26805-19/09/2025","CLARENCE GARDENS","CC MITCHAM.",2,1,0,0,1,2022,"March","Friday","01:05 pm",60,"Sealed","Dry","Not Raining","Daylight","Rear End",1,,,1325915.98,1664990.71
"2022-26806-19/09/2025","CHERRYVILLE","THE ADELAIDE HILLS COUNCIL",1,1,0,0,1,2022,"March","Saturday","01:48 pm",80,"Unsealed","Dry","Not Raining","Daylight","Roll Over",1,,,1342872.14,1671557
"2022-26811-19/09/2025","MAWSON LAKES","CITY OF SALISBURY",2,1,0,0,1,2022,"March","Saturday","03:02 pm",80,"Sealed","Dry","Not Raining","Daylight","Side Swipe",1,,,1328675.64,1685132.74
"2022-26814-19/09/2025","WILLIAMSTOWN","THE BAROSSA COUNCIL.",2,1,0,1,0,2022,"March","Saturday","01:37 pm",100,"Sealed","Dry","Not Raining","Daylight","Hit Fixed Object",1,,,1352021.69,1697105.94
"2022-26816-19/09/2025","MANNUM","MID MURRAY DISTRICT COUNCIL",3,1,0,0,1,2022,"March","Saturday","04:30 pm",50,"Sealed","Dry","Not Raining","Daylight","Hit Parked Vehicle",1,,,1393668.53,1669796.66
"2022-26818-19/09/2025","NORTH ADELAIDE","CITY OF ADELAIDE",2,1,0,0,1,2022,"March","Saturday","06:50 pm",50,"Sealed","Dry","Not Raining","Daylight","Right Angle",2,,,1328517.87,1673273.48
"2022-26821-19/09/2025","PROSPECT","CITY OF PROSPECT",3,1,0,1,0,2022,"March","Saturday","06:53 pm",50,"Sealed","Dry","Not Raining","Daylight","Hit Fixed Object",1,,,1328279.64,1676830.79
"2022-26822-19/09/2025","NAILSWORTH","CITY OF PROSPECT",2,1,0,0,1,2022,"March","Saturday","07:20 pm",60,"Sealed","Dry","Not Raining","Daylight","Hit Pedestrian",2,,,1328894.39,1675321.07
"2022-26824-19/09/2025","PORT WAKEFIELD","WAKEFIELD REGIONAL COUNCIL",2,2,0,0,2,2022,"March","Saturday","06:26 pm",40,"Sealed","Dry","Not Raining","Daylight","Head On",1,"Y","Y",1290452.13,1753453.49
"2022-26827-19/09/2025","STEPNEY","CC OF NORWOOD,PAYNEHAM & ST PETERS",2,1,0,1,0,2022,"March","Saturday","11:03 pm",60,"Sealed","Dry","Not Raining","Night","Right Turn",1,,,1331009.33,1671728.67
"2022-26829-19/09/2025","CHRISTIE DOWNS","CITY OF ONKAPARINGA",1,1,0,1,0,2022,"March","Sunday","01:00 am",50,"Sealed","Dry","Not Raining","Night","Roll Over",1,"Y",,1318509.73,1647871.37
"2022-26834-19/09/2025","PROSPECT HILL","DC MT.BARKER.",2,1,0,0,1,2022,"March","Sunday","12:01 am",80,"Sealed","Dry","Not Raining","Night","Hit Fixed Object",1,,,1338687.96,1636753.16
"2022-26836-19/09/2025","MODBURY NORTH","CITY OF TEA TREE GULLY",2,1,0,0,1,2022,"March","Sunday","10:48 am",60,"Sealed","Dry","Not Raining","Daylight","Right Angle",1,,,1335688.29,1681182.79
"2022-26837-19/09/2025","EDWARDSTOWN","CC MARION.",2,2,0,0,2,2022,"March","Saturday","07:20 pm",50,"Sealed","Dry","Not Raining","Daylight","Right Turn",2,,,1325184.9,1665399.21
"2022-26840-19/09/2025","DOVER GARDENS","CC MARION.",2,1,0,0,1,2022,"March","Sunday","12:20 pm",60,"Sealed","Dry","Not Raining","Daylight","Right Turn",1,,,1322776.93,1660610.37
"2022-26841-19/09/2025","PENFIELD","CITY OF PLAYFORD.",3,1,0,0,1,2022,"March","Sunday","12:06 pm",110,"Sealed","Dry","Not Raining","Daylight","Hit Fixed Object",1,,,1328420.96,1696708.49
"2022-26843-19/09/2025","SPALDING","NORTHERN AREAS DISTRICT COUNCIL",2,1,0,0,1,2022,"March","Saturday","06:00 pm",100,"Sealed","Dry","Not Raining","Daylight","Hit Fixed Object",1,,,1332695.98,1835600.79
"2022-26846-19/09/2025","CUDLEE CREEK","THE ADELAIDE HILLS COUNCIL",2,2,0,0,2,2022,"March","Sunday","02:55 pm",80,"Sealed","Dry","Not Raining","Daylight","Hit Fixed Object",1,,,1347998.35,1679378.72
"2022-26847-19/09/2025","EDEN HILLS","CC MITCHAM.",2,1,0,0,1,2022,"March","Sunday","05:23 pm",60,"Sealed","Dry","Not Raining","Daylight","Hit Fixed Object",1,,,1328682.89,1659732.6
"2022-26850-19/09/2025","WILLUNGA","CITY OF ONKAPARINGA",2,1,0,1,0,2022,"March","Sunday","11:30 am",100,"Sealed","Dry","Not Raining","Daylight","Head On",1,,,1325075.02,1630432.45
"2022-26851-19/09/2025","REYNELLA EAST","CITY OF ONKAPARINGA",1,1,0,0,1,2022,"March","Sunday","10:07 pm",80,"Sealed","Dry","Not Raining","Night","Roll Over",1,,,1323007.86,1652689.28
"2022-26855-19/09/2025","ADELAIDE","CITY OF ADELAIDE",2,3,0,0,3,2022,"March","Sunday","09:52 pm",50,"Sealed","Dry","Not Raining","Night","Right Angle",1,,,1327859.83,1670803.63
"2022-26859-19/09/2025","MYLOR","DC MT.BARKER.",2,2,0,0,2,2022,"March","Monday","11:14 am",80,"Sealed","Dry","Not Raining","Daylight","Rear End",2,,,1342572.16,1656227.83
"2022-26860-19/09/2025","TUNGKILLO","MID MURRAY DISTRICT COUNCIL",1,2,0,0,2,2022,"March","Monday","02:00 pm",100,"Sealed","Wet","Not Raining","Daylight","Roll Over",1,,,1371007.5,1680866
"2022-26862-19/09/2025","ST MARYS","CC MITCHAM.",2,1,0,0,1,2022,"February","Thursday","08:30 am",60,"Sealed","Dry","Not Raining","Daylight","Rear End",1,,"Y",1325990.32,1662009.76
"2022-26864-19/09/2025","NORTH ADELAIDE","CITY OF ADELAIDE",2,1,0,0,1,2022,"March","Monday","02:57 pm",50,"Sealed","Dry","Not Raining","Daylight","Rear End",1,"Y",,1329104.9,1672640.89
"2022-26867-19/09/2025","PARADISE","CC CAMPBELLTOWN.",2,1,0,0,1,2022,"March","Monday","03:30 pm",60,"Sealed","Dry","Not Raining","Daylight","Right Angle",1,,,1334835.34,1676438.59
"2022-26868-19/09/2025","OLD NOARLUNGA","CITY OF ONKAPARINGA",3,1,0,0,1,2022,"March","Monday","05:12 pm",60,"Sealed","Dry","Not Raining","Daylight","Rear End",1,,,1318299.03,1641705.87
"2022-26871-19/09/2025","REDWOOD PARK","CITY OF TEA TREE GULLY",2,1,0,0,1,2022,"March","Monday","08:00 pm",60,"Sealed","Dry","Not Raining","Night","Hit Fixed Object",1,,,1338941.19,1682441.08
"2022-26872-19/09/2025","DIREK","CITY OF SALISBURY",2,1,0,0,1,2022,"March","Monday","06:45 pm",80,"Sealed","Dry","Not Raining","Daylight","Hit Pedestrian",2,"Y",,1330021.47,1692941.76
"2022-26873-19/09/2025","MOUNT BARKER","DC MT.BARKER.",2,1,0,0,1,2022,"March","Monday","08:33 pm",60,"Sealed","Dry","Not Raining","Night","Right Angle",2,,,1352238.42,1652734.71
"2022-26874-19/09/2025","FULHAM GARDENS","CITY OF CHARLES STURT",2,1,0,0,1,2022,"March","Monday","09:05 pm",60,"Sealed","Dry","Not Raining","Night","Right Angle",2,,,1321176.2,1673090.43
"2022-26875-19/09/2025","NOARLUNGA CENTRE","CITY OF ONKAPARINGA",2,1,0,0,1,2022,"March","Monday","10:35 pm",60,"Sealed","Dry","Not Raining","Night","Right Turn",1,"Y",,1317352.19,1647429.77
"2022-26880-19/09/2025","VALLEY VIEW","CITY OF PORT ADELAIDE ENFIELD",2,1,0,0,1,2022,"March","Tuesday","08:10 am",60,"Sealed","Dry","Not Raining","Daylight","Right Turn",1,,,1334550.17,1679386.94
"2022-26881-19/09/2025","WYNN VALE","CITY OF TEA TREE GULLY",2,1,0,0,1,2022,"March","Friday","04:30 pm",60,"Sealed","Dry","Not Raining","Daylight","Rear End",2,,,1338148.37,1683638.43
"2022-26882-19/09/2025","SALISBURY","CITY OF SALISBURY",2,1,0,0,1,2022,"March","Monday","12:00 pm",50,"Sealed","Dry","Not Raining","Daylight","Hit Parked Vehicle",1,,,1332615.93,1688006.5
"2022-26883-19/09/2025","BOLIVAR","CITY OF SALISBURY",2,1,0,0,1,2022,"March","Tuesday","09:50 am",90,"Sealed","Dry","Not Raining","Daylight","Right Turn",2,,,1328471.89,1688636.97
"2022-26890-19/09/2025","ELIZABETH","CITY OF PLAYFORD.",2,3,0,0,3,2022,"March","Tuesday","01:00 pm",60,"Sealed","Dry","Not Raining","Daylight","Right Angle",2,,,1335512.17,1692941.85
"2022-26891-19/09/2025","ROSTREVOR","CC CAMPBELLTOWN.",2,1,0,0,1,2022,"March","Friday","01:10 pm",60,"Sealed","Dry","Not Raining","Daylight","Hit Pedestrian",1,,,1335450.52,1672991.24
"2022-26893-19/09/2025","BLACKWOOD","CC MITCHAM.",2,1,0,0,1,2022,"March","Tuesday","03:23 pm",40,"Sealed","Dry","Not Raining","Daylight","Right Angle",2,,,1329470.08,1660538.91
"2022-26906-19/09/2025","WALKERVILLE","WALKERVILLE TOWN COUNCIL",3,2,0,0,2,2022,"March","Tuesday","05:00 pm",60,"Sealed","Dry","Not Raining","Daylight","Right Angle",2,,,1330230.65,1675002.09
"2022-26907-19/09/2025","BEDFORD PARK","CC MITCHAM.",3,1,0,0,1,2022,"March","Tuesday","05:10 pm",60,"Sealed","Dry","Not Raining","Daylight","Rear End",1,,,1325421.21,1660687.39
"2022-26908-19/09/2025","THEBARTON","CITY OF WEST TORRENS",2,1,0,0,1,2022,"March","Tuesday","05:20 pm",50,"Sealed","Dry","Not Raining","Daylight","Right Turn",1,,,1326399.81,1672092.65
"2022-26909-19/09/2025","SALISBURY","CITY OF SALISBURY",2,1,0,0,1,2022,"March","Tuesday","06:05 pm",25,"Sealed","Dry","Not Raining","Daylight","Hit Fixed Object",1,,,1333460.6,1688761.11
"2022-26910-19/09/2025","ALDINGA","CITY OF ONKAPARINGA",2,1,0,1,0,2022,"March","Tuesday","06:50 pm",80,"Sealed","Dry","Not Raining","Daylight","Right Angle",2,,,1316332.5,1632412.52
"2022-26913-19/09/2025","LOWER INMAN VALLEY","DC VICTOR HARBOR.",2,1,0,1,0,2022,"March","Tuesday","11:55 pm",100,"Sealed","Dry","Not Raining","Night","Hit Fixed Object",1,,,1322637.72,1608260.36
"2022-26916-19/09/2025","NORTON SUMMIT","THE ADELAIDE HILLS COUNCIL",1,1,0,0,1,2022,"March","Wednesday","07:20 am",80,"Sealed","Dry","Not Raining","Daylight","Roll Over",1,,,1340396.83,1669769.19
"2022-26921-19/09/2025","GILLES PLAINS","CITY OF PORT ADELAIDE ENFIELD",3,1,0,0,1,2022,"March","Wednesday","09:05 am",60,"Sealed","Dry","Not Raining","Daylight","Rear End",1,,,1333635.76,1678283.55
"2022-26922-19/09/2025","ADELAIDE","CITY OF ADELAIDE",3,1,0,0,1,2022,"March","Wednesday","09:13 am",50,"Sealed","Dry","Not Raining","Daylight","Hit Fixed Object",1,,,1329014.28,1671149.09
"2022-26924-19/09/2025","MOUNT BARKER","DC MT.BARKER.",1,1,0,0,1,2022,"March","Sunday","11:00 am",50,"Sealed","Dry","Not Raining","Daylight","Roll Over",1,,,1349408.59,1653418.43
"2022-26925-19/09/2025","BEACHPORT","WATTLE RANGE COUNCIL",1,1,0,0,1,2022,"March","Saturday","08:30 am",60,"Unsealed","Dry","Not Raining","Daylight","Roll Over",1,,,1440567.53,1387023.03
"2022-26936-19/09/2025","FITZROY","CITY OF PROSPECT",2,1,0,0,1,2022,"March","Wednesday","08:00 am",60,"Sealed","Dry","Not Raining","Daylight","Rear End",2,,,1327525.74,1673625.28
"2022-26937-19/09/2025","MUNNO PARA WEST","CITY OF PLAYFORD.",1,1,0,1,0,2022,"March","Wednesday","01:15 pm",50,"Sealed","Dry","Not Raining","Daylight","Roll Over",1,,,1335733.75,1699474.16
"2022-26944-19/09/2025","KIDMAN PARK","CITY OF CHARLES STURT",2,1,0,0,1,2022,"March","Saturday","05:15 pm",60,"Sealed","Dry","Not Raining","Daylight","Rear End",2,,,1322318.73,1673122.25
"2022-26945-19/09/2025","MORPHETT VALE","CITY OF ONKAPARINGA",3,2,0,0,2,2022,"March","Wednesday","03:24 pm",60,"Sealed","Wet","Raining","Daylight","Right Angle",2,,,1320740.38,1651023.67
"2022-26946-19/09/2025","KURRALTA PARK","CITY OF WEST TORRENS",2,1,0,0,1,2022,"March","Wednesday","03:40 pm",60,"Sealed","Dry","Not Raining","Daylight","Side Swipe",2,,,1325809.86,1667802.71
"2022-26955-19/09/2025","KAINTON","YORKE PENINSULA COUNCIL",2,1,0,1,0,2022,"March","Wednesday","03:15 pm",100,"Sealed","Wet","Raining","Daylight","Hit Fixed Object",1,,,1279981.32,1755771.91
"2022-26963-19/09/2025","LIGHTSVIEW","CITY OF PORT ADELAIDE ENFIELD",2,1,0,0,1,2022,"March","Wednesday","06:15 pm",50,"Sealed","Wet","Not Raining","Daylight","Right Angle",1,,,1330480.58,1677557.11
"2022-26967-19/09/2025","CLARE","CLARE AND GILBERT VALLEYS DISTRICT COUNCIL",2,1,0,1,0,2022,"March","Wednesday","04:30 pm",50,"Sealed","Dry","Not Raining","Daylight","Hit Fixed Object",1,"Y",,1333069.3,1791121.57
"2022-26969-19/09/2025","CHAIN OF PONDS","THE ADELAIDE HILLS COUNCIL",2,1,0,0,1,2022,"March","Wednesday","06:17 pm",80,"Sealed","Wet","Raining","Daylight","Hit Fixed Object",1,,,1350317.12,1681363.95
"2022-26971-19/09/2025","SALISBURY","CITY OF SALISBURY",2,1,0,0,1,2022,"March","Wednesday","08:15 pm",60,"Sealed","Wet","Raining","Night","Hit Pedestrian",2,"Y",,1333039.39,1688472.58
"2022-26972-19/09/2025","MITCHAM","CC MITCHAM.",3,1,0,0,1,2022,"March","Wednesday","07:55 pm",60,"Sealed","Wet","Raining","Night","Hit Parked Vehicle",1,,,1330802.36,1664993.31
"2022-26976-19/09/2025","YORKETOWN","YORKE PENINSULA COUNCIL",2,1,0,0,1,2022,"March","Wednesday","04:26 pm",100,"Sealed","Wet","Raining","Daylight","Roll Over",1,,,1228298.05,1662480.9
"2022-26977-19/09/2025","TWO WELLS","DC MALLALA.",2,1,0,1,0,2022,"March","Thursday","05:50 am",80,"Sealed","Dry","Not Raining","Night","Right Turn",2,,"Y",1322701.11,1706657.45
"2022-26984-19/09/2025","MITCHELL PARK","CC MARION.",2,1,0,0,1,2022,"March","Thursday","08:40 am",60,"Sealed","Dry","Not Raining","Daylight","Hit Fixed Object",1,,,1324933.5,1663287.4
"2022-26986-19/09/2025","CLEMENTS GAP","BARUNGA WEST DISTRICT COUNCIL",2,1,0,0,1,2022,"March","Thursday","11:30 am",110,"Sealed","Dry","Not Raining","Daylight","Side Swipe",2,,,1283303.92,1827717.73
"2022-26987-19/09/2025","MEDINDIE GARDENS","CITY OF PROSPECT",2,1,0,1,0,2022,"March","Thursday","11:50 am",40,"Sealed","Dry","Not Raining","Daylight","Hit Parked Vehicle",1,,,1329172.68,1674391.86
"2022-26991-19/09/2025","EDWARDSTOWN","CC MARION.",2,1,0,0,1,2022,"March","Thursday","07:23 am",60,"Sealed","Dry","Not Raining","Daylight","Rear End",2,,,1325829.07,1666160.39
"2022-26992-19/09/2025","DERNANCOURT","CITY OF TEA TREE GULLY",2,1,0,0,1,2022,"March","Wednesday","09:30 am",60,"Sealed","Dry","Not Raining","Daylight","Right Angle",2,,,1336186.82,1677456.96
"2022-26993-19/09/2025","ROSTREVOR","CC CAMPBELLTOWN.",2,1,1,0,0,2022,"March","Thursday","02:01 pm",60,"Sealed","Dry","Not Raining","Daylight","Right Angle",2,,,1335434.2,1673622.09
"2022-26996-19/09/2025","MCLAREN VALE","CITY OF ONKAPARINGA",4,3,0,1,2,2022,"March","Thursday","03:25 pm",50,"Sealed","Dry","Not Raining","Daylight","Right Angle",1,,,1322081.14,1638531.97
"2022-26998-19/09/2025","UNDERDALE","CITY OF WEST TORRENS",2,1,0,0,1,2022,"March","Thursday","04:18 pm",60,"Sealed","Dry","Not Raining","Daylight","Right Turn",1,,,1323434.64,1670930.07
"2022-27003-19/09/2025","MORPHETT VALE","CITY OF ONKAPARINGA",2,2,0,0,2,2022,"March","Thursday","05:49 pm",60,"Sealed","Dry","Not Raining","Daylight","Right Turn",1,,,1320740.69,1651011.75
"2022-27005-19/09/2025","MYPONGA","DC YANKALILLA.",3,2,0,0,2,2022,"March","Thursday","06:11 pm",100,"Sealed","Dry","Not Raining","Daylight","Right Angle",2,,,1314947.99,1620123.92
"2022-27006-19/09/2025","TROTT PARK","CC MARION.",3,5,0,0,5,2022,"March","Thursday","05:58 pm",100,"Sealed","Dry","Not Raining","Daylight","Hit Fixed Object",1,,,1322834.84,1653567.41
"2022-27007-19/09/2025","WYNN VALE","CITY OF TEA TREE GULLY",2,1,0,0,1,2022,"March","Thursday","06:30 pm",60,"Sealed","Dry","Not Raining","Daylight","Rear End",1,,,1336633.19,1684688.37
"2022-27014-19/09/2025","BOOBOROWIE","REGIONAL COUNCIL OF GOYDER",1,1,0,0,1,2022,"March","Friday","06:39 am",110,"Sealed","Dry","Not Raining","Night","Left Road - Out of Control",1,,,1347771.09,1818784.91
"2022-27019-19/09/2025","PORT LINCOLN","CC PT.LINCOLN.",2,1,0,0,1,2022,"March","Thursday","03:30 pm",25,"Sealed","Dry","Not Raining","Daylight","Hit Pedestrian",2,,,1078120.42,1697799.54
"2022-27020-19/09/2025","ADELAIDE","CITY OF ADELAIDE",2,1,0,0,1,2022,"March","Friday","08:55 am",50,"Sealed","Dry","Not Raining","Daylight","Side Swipe",2,,,1329607.71,1669605.79
"2022-27025-19/09/2025","SOMERTON PARK","CITY OF HOLDFAST BAY",2,1,0,1,0,2022,"March","Friday","11:00 am",60,"Sealed","Dry","Not Raining","Daylight","Hit Parked Vehicle",1,,,1321432.81,1663016.38
"2022-27026-19/09/2025","ALBERT PARK","CITY OF CHARLES STURT",2,1,0,0,1,2022,"March","Friday","11:18 am",60,"Sealed","Dry","Not Raining","Daylight","Right Turn",1,,,1321741.75,1675949
"2022-27027-19/09/2025","PARKSIDE","CITY OF UNLEY",2,1,0,0,1,2022,"March","Friday","11:00 am",50,"Sealed","Dry","Not Raining","Daylight","Hit Parked Vehicle",1,,,1329622.84,1668403.79
"2022-27029-19/09/2025","HACKNEY","CC OF NORWOOD,PAYNEHAM & ST PETERS",3,1,0,0,1,2022,"March","Wednesday","04:05 pm",60,"Sealed","Wet","Raining","Daylight","Rear End",2,,,1329791.02,1671950.26
"2022-27037-19/09/2025","STURT","CC MARION.",2,1,0,0,1,2022,"March","Friday","08:25 am",80,"Sealed","Dry","Not Raining","Daylight","Rear End",2,,,1324151.85,1659512.84
"2022-27038-19/09/2025","BOWDEN","CITY OF CHARLES STURT",4,1,0,0,1,2022,"March","Friday","05:00 pm",40,"Sealed","Dry","Not Raining","Daylight","Rear End",1,,,1326814.84,1673545.2
"2022-27045-19/09/2025","PROSPECT","CITY OF PROSPECT",2,1,0,0,1,2022,"March","Saturday","06:43 am",60,"Sealed","Dry","Not Raining","Night","Hit Pedestrian",1,"Y",,1328862.6,1676432.75
"2022-27051-19/09/2025","WOODVILLE GARDENS","CITY OF PORT ADELAIDE ENFIELD",2,1,0,0,1,2022,"March","Saturday","10:25 am",50,"Sealed","Dry","Not Raining","Daylight","Hit Pedestrian",1,,,1324267.93,1677646.49