"REPORT_ID","Suburb","LGA Name","Total Units","Total Cas","Total Fats","Total SI","Total MI","Year","Month","Day","Time","Area Speed","Road Surface","Moisture Cond","Weather Cond","DayNight","Crash Type","Unit Resp","DUI Involved","Drugs Involved","ACCLOC_X","ACCLOC_Y"
"2022-27055-19/09/2025","FLAGSTAFF HILL","CITY OF ONKAPARINGA",2,1,0,0,1,2022,"March","Friday","01:00 pm",60,"Sealed","Dry","Not Raining","Daylight","Right Turn",1,,,1327810.7,1656244.2
"2022-27063-19/09/2025","MEADOWS","DC MT.BARKER.",2,1,0,0,1,2022,"March","Saturday","12:50 pm",80,"Sealed","Dry","Not Raining","Daylight","Right Angle",2,,,1340155.49,1641762.38
"2022-27068-19/09/2025","CROYDON PARK","CITY OF PORT ADELAIDE ENFIELD",3,1,0,0,1,2022,"March","Saturday","05:25 pm",80,"Sealed","Dry","Not Raining","Daylight","Rear End",1,,,1326074.17,1676301.75
"2022-27070-19/09/2025","MOUNT BURR","WATTLE RANGE COUNCIL",2,1,0,0,1,2022,"March","Saturday","02:45 pm",100,"Unsealed","Dry","Not Raining","Daylight","Hit Fixed Object",1,,,1485174.74,1379006.15
"2022-27075-19/09/2025","TORRENSVILLE","CITY OF WEST TORRENS",2,2,0,0,2,2022,"March","Saturday","10:15 pm",50,"Sealed","Dry","Not Raining","Night","Hit Fixed Object",1,,,1324960.48,1671362.21
"2022-27077-19/09/2025","WEST HINDMARSH","CITY OF CHARLES STURT",3,1,0,1,0,2022,"March","Saturday","09:30 pm",60,"Sealed","Dry","Not Raining","Night","Hit Fixed Object",1,,"Y",1325301.09,1672327.49
"2022-27078-19/09/2025","PALMER","MID MURRAY DISTRICT COUNCIL",2,1,0,0,1,2022,"March","Saturday","11:00 pm",100,"Sealed","Dry","Not Raining","Night","Hit Fixed Object",1,"Y","Y",1380074.51,1670161.11
"2022-27084-19/09/2025","NORTH ADELAIDE","CITY OF ADELAIDE",2,1,0,1,0,2022,"March","Sunday","11:55 am",60,"Sealed","Dry","Not Raining","Daylight","Hit Object on Road",1,,,1327023.37,1672140.6
"2022-27086-19/09/2025","NOARLUNGA CENTRE","CITY OF ONKAPARINGA",3,1,0,0,1,2022,"March","Sunday","12:45 pm",60,"Sealed","Dry","Not Raining","Daylight","Rear End",1,,,1317375.55,1647044.24
"2022-27091-19/09/2025","WILLUNGA","CITY OF ONKAPARINGA",2,1,0,1,0,2022,"March","Saturday","04:00 pm",100,"Sealed","Dry","Not Raining","Daylight","Head On",2,,,1325173.93,1630385.82
"2022-27095-19/09/2025","PORT NOARLUNGA","CITY OF ONKAPARINGA",2,1,0,0,1,2022,"March","Sunday","05:04 pm",50,"Sealed","Dry","Not Raining","Daylight","Right Angle",2,,,1315790.59,1646351.4
"2022-27097-19/09/2025","WEST BEACH","CITY OF WEST TORRENS",5,1,0,0,1,2022,"March","Sunday","05:23 pm",80,"Sealed","Dry","Not Raining","Daylight","Rear End",1,,,1320917.78,1668798.91
"2022-27100-19/09/2025","DAVOREN PARK","CITY OF PLAYFORD.",2,1,0,0,1,2022,"March","Sunday","07:15 pm",60,"Sealed","Dry","Not Raining","Daylight","Rear End",2,,,1335773.36,1696032.89
"2022-27104-19/09/2025","MOUNT GAMBIER","CC MT.GAMBIER.",2,2,0,0,2,2022,"March","Monday","08:20 am",60,"Sealed","Wet","Raining","Daylight","Right Turn",2,,,1510707.74,1338626.23
"2022-27107-19/09/2025","ADELAIDE","CITY OF ADELAIDE",2,1,0,0,1,2022,"March","Monday","08:56 am",50,"Sealed","Dry","Not Raining","Daylight","Right Turn",2,,,1328193.44,1669564.11
"2022-27110-19/09/2025","WILD DOG VALLEY","DC NARACOORTE & LUCINDALE.",2,1,0,0,1,2022,"March","Sunday","02:27 pm",100,"Unsealed","Dry","Not Raining","Daylight","Hit Fixed Object",1,,,1520051.4,1446806.2
"2022-27112-19/09/2025","GILLES PLAINS","CITY OF TEA TREE GULLY",2,3,0,0,3,2022,"March","Monday","09:00 am",60,"Sealed","Dry","Not Raining","Daylight","Right Turn",2,,,1334243.77,1679365.77
"2022-27115-19/09/2025","KATUNGA STATION",,1,1,0,0,1,2022,"March","Monday","08:35 am",110,"Sealed","Dry","Not Raining","Daylight","Roll Over",1,,,1194013.22,1911898.87
"2022-27117-19/09/2025","BELAIR","CC MITCHAM.",2,1,0,0,1,2022,"March","Monday","08:15 am",50,"Sealed","Dry","Not Raining","Daylight","Right Angle",2,,,1329726.38,1662044.12
"2022-27118-19/09/2025","KINGSCOTE","KANGAROO ISLAND COUNCIL",4,1,0,0,1,2022,"March","Sunday","09:20 am",50,"Sealed","Dry","Not Raining","Daylight","Hit Pedestrian",2,,,1239063.34,1593103.96
"2022-27123-19/09/2025","HINDMARSH ISLAND","ALEXANDRINA COUNCIL",2,2,0,0,2,2022,"March","Monday","12:00 pm",80,"Sealed","Dry","Not Raining","Daylight","Right Turn",2,,,1344839.01,1605256.52
"2022-27127-19/09/2025","GAWLER EAST","CT GAWLER.",2,1,0,0,1,2022,"March","Monday","03:40 pm",50,"Sealed","Dry","Not Raining","Daylight","Rear End",2,,,1344028.74,1706819.22
"2022-27132-19/09/2025","LIGHT PASS","THE BAROSSA COUNCIL.",2,1,0,0,1,2022,"March","Monday","02:52 pm",80,"Sealed","Dry","Not Raining","Daylight","Right Angle",2,,,1369240,1720245.26
"2022-27133-19/09/2025","COCKBURN",,1,1,0,0,1,2022,"March","Monday","09:35 am",110,"Sealed","Dry","Not Raining","Daylight","Roll Over",1,,,1560202.36,1975101.91
"2022-27134-19/09/2025","NORWOOD","CC OF NORWOOD,PAYNEHAM & ST PETERS",1,1,0,0,1,2022,"March","Monday","05:15 pm",60,"Sealed","Dry","Not Raining","Daylight","Roll Over",1,,,1331874.28,1670398.69
"2022-27136-19/09/2025","ROYSTON PARK","CC OF NORWOOD,PAYNEHAM & ST PETERS",2,1,0,0,1,2022,"March","Monday","05:20 pm",60,"Sealed","Dry","Not Raining","Daylight","Rear End",2,,,1331699.14,1673183.77
"2022-27137-19/09/2025","FLINDERS PARK","CITY OF CHARLES STURT",3,1,0,0,1,2022,"March","Monday","06:00 pm",60,"Sealed","Dry","Not Raining","Daylight","Rear End",1,,,1324133.16,1673168.12
"2022-27138-19/09/2025","HOPE VALLEY","CITY OF TEA TREE GULLY",2,1,0,0,1,2022,"March","Monday","07:00 am",60,"Sealed","Dry","Not Raining","Night","Hit Pedestrian",2,,,1338013.51,1679494.17
"2022-27139-19/09/2025","FINDON","CITY OF CHARLES STURT",2,1,0,0,1,2022,"March","Tuesday","07:14 am",60,"Sealed","Dry","Not Raining","Night","Hit Parked Vehicle",1,,,1322150.37,1673156.68
"2022-27142-19/09/2025","NORWOOD","CC OF NORWOOD,PAYNEHAM & ST PETERS",2,1,0,0,1,2022,"March","Tuesday","08:54 am",50,"Sealed","Dry","Not Raining","Daylight","Right Angle",1,"Y",,1331663.7,1670727.17
"2022-27143-19/09/2025","CROYDON PARK","CITY OF PORT ADELAIDE ENFIELD",3,1,0,0,1,2022,"March","Tuesday","09:57 am",60,"Sealed","Dry","Not Raining","Daylight","Right Angle",1,,,1326164.69,1676368.23
"2022-27147-19/09/2025","SEMAPHORE","CITY OF PORT ADELAIDE ENFIELD",3,1,0,0,1,2022,"March","Tuesday","10:45 am",50,"Sealed","Dry","Not Raining","Daylight","Rear End",1,,,1318270.4,1680629.89
"2022-27149-19/09/2025","MOUNT COMPASS","ALEXANDRINA COUNCIL",2,3,0,0,3,2022,"March","Tuesday","11:30 am",100,"Sealed","Wet","Raining","Daylight","Right Turn",1,,,1327319.63,1624420.15
"2022-27150-19/09/2025","SMITHFIELD","CITY OF PLAYFORD.",2,4,0,0,4,2022,"March","Tuesday","11:55 am",80,"Sealed","Dry","Not Raining","Daylight","Right Turn",2,,,1337639.53,1696642.01
"2022-27153-19/09/2025","CLARENCE PARK","CITY OF UNLEY",2,1,0,0,1,2022,"March","Tuesday","02:40 pm",40,"Sealed","Dry","Not Raining","Daylight","Rear End",1,,,1326670.61,1666652.95
"2022-27164-19/09/2025","ARDROSSAN","YORKE PENINSULA COUNCIL",2,2,0,1,1,2022,"March","Tuesday","04:00 pm",80,"Sealed","Dry","Not Raining","Daylight","Rear End",1,,"Y",1267516.86,1729369.29
"2022-27165-19/09/2025","STOCKPORT","CLARE AND GILBERT VALLEYS DISTRICT COUNCIL",2,2,0,0,2,2022,"March","Tuesday","05:20 pm",100,"Sealed","Dry","Not Raining","Daylight","Head On",1,,,1347592.51,1734759.76
"2022-27167-19/09/2025","WEST BEACH","CITY OF CHARLES STURT",1,1,0,0,1,2022,"March","Tuesday","08:05 pm",50,"Sealed","Dry","Not Raining","Night","Roll Over",1,,,1319814.38,1668464.82
"2022-27169-19/09/2025","STURT","CC MARION.",2,1,0,0,1,2022,"March","Wednesday","06:55 am",60,"Sealed","Dry","Not Raining","Night","Right Turn",2,,,1324404.88,1660668.91
"2022-27170-19/09/2025","MEDINDIE","WALKERVILLE TOWN COUNCIL",2,1,0,0,1,2022,"March","Wednesday","06:20 am",60,"Sealed","Dry","Not Raining","Night","Side Swipe",2,,,1328912.72,1674237.63
"2022-27173-19/09/2025","INGLE FARM","CITY OF SALISBURY",3,1,0,0,1,2022,"March","Wednesday","09:00 am",60,"Sealed","Dry","Not Raining","Daylight","Right Turn",2,,,1331629,1681162.77
"2022-27174-19/09/2025","NORWOOD","CC OF NORWOOD,PAYNEHAM & ST PETERS",2,1,0,0,1,2022,"March","Wednesday","09:38 am",60,"Sealed","Dry","Not Raining","Daylight","Rear End",2,,,1330623.32,1670361.88
"2022-27185-19/09/2025","KINGSTON SE","DC KINGSTON.",2,1,0,0,1,2022,"March","Wednesday","09:23 am",50,"Sealed","Dry","Not Raining","Daylight","Hit Pedestrian",1,,,1433098.87,1455298.53
"2022-27187-19/09/2025","PARAFIELD GARDENS","CITY OF SALISBURY",3,1,0,0,1,2022,"March","Wednesday","03:29 pm",60,"Sealed","Dry","Not Raining","Daylight","Rear End",1,,,1330671.12,1685846.69
"2022-27197-19/09/2025","UNLEY","CITY OF UNLEY",3,1,0,0,1,2022,"March","Wednesday","05:15 pm",50,"Sealed","Dry","Unknown","Daylight","Rear End",1,,,1328369.8,1668404.6
"2022-27202-19/09/2025","EDWARDSTOWN","CC MARION.",2,1,0,0,1,2022,"March","Thursday","08:56 am",50,"Sealed","Dry","Not Raining","Daylight","Right Angle",2,,,1325096.66,1664766.8
"2022-27206-19/09/2025","CAMPBELLTOWN","CC CAMPBELLTOWN.",2,1,0,0,1,2022,"March","Thursday","09:59 am",50,"Sealed","Dry","Not Raining","Daylight","Right Angle",2,,,1333883.68,1675780.61
"2022-27207-19/09/2025","MCLAREN FLAT","CITY OF ONKAPARINGA",2,1,0,0,1,2022,"March","Thursday","10:00 am",60,"Sealed","Dry","Not Raining","Daylight","Right Angle",2,,,1325755.93,1639604.23
"2022-27209-19/09/2025","MOSQUITO HILL","ALEXANDRINA COUNCIL",2,1,0,0,1,2022,"March","Thursday","10:30 am",100,"Sealed","Dry","Not Raining","Daylight","Hit Fixed Object",1,,"Y",1335326.8,1615497.75
"2022-27210-19/09/2025","WILLUNGA","CITY OF ONKAPARINGA",2,1,0,0,1,2022,"March","Thursday","11:50 am",50,"Sealed","Dry","Not Raining","Daylight","Side Swipe",1,,,1322941.75,1632484.04
"2022-27215-19/09/2025","ADELAIDE","CITY OF ADELAIDE",2,1,0,0,1,2022,"March","Thursday","03:45 pm",50,"Sealed","Dry","Not Raining","Daylight","Hit Pedestrian",2,,,1328475.2,1670187.2
"2022-27217-19/09/2025","FREELING","LIGHT REGIONAL COUNCIL",1,1,0,0,1,2022,"March","Thursday","03:20 pm",100,"Sealed","Dry","Not Raining","Daylight","Left Road - Out of Control",1,,,1348597.96,1718614.55
"2022-27218-19/09/2025","PINNAROO","SOUTHERN MALLEE DISTRICT COUNCIL",2,2,0,1,1,2022,"March","Thursday","02:40 pm",110,"Sealed","Dry","Not Raining","Daylight","Head On",2,,,1531279.23,1619760.95
"2022-27236-19/09/2025","ADELAIDE","CITY OF ADELAIDE",2,1,0,0,1,2022,"March","Friday","07:54 am",50,"Sealed","Dry","Not Raining","Daylight","Right Turn",2,,,1327395.92,1670003.03
"2022-27237-19/09/2025","WINGFIELD","CITY OF PORT ADELAIDE ENFIELD",2,1,0,0,1,2022,"March","Friday","07:50 am",60,"Sealed","Dry","Not Raining","Daylight","Side Swipe",1,,,1324919.04,1679187.46
"2022-27243-19/09/2025","MILE END","CITY OF WEST TORRENS",1,1,0,0,1,2022,"March","Friday","10:20 am",40,"Sealed","Dry","Not Raining","Daylight","Roll Over",1,,,1326317.89,1670788.75
"2022-27244-19/09/2025","STIRLING NORTH","CC PT.AUGUSTA.",2,2,1,1,0,2022,"March","Friday","09:30 am",80,"Sealed","Dry","Not Raining","Daylight","Right Angle",1,,,1263309.1,1939914.76
"2022-27245-19/09/2025","KENSINGTON","CC OF NORWOOD,PAYNEHAM & ST PETERS",2,1,0,0,1,2022,"March","Thursday","08:30 pm",60,"Sealed","Dry","Not Raining","Night","Rear End",2,,,1332263.49,1670912.66
"2022-27247-19/09/2025","VALLEY VIEW","CITY OF PORT ADELAIDE ENFIELD",2,1,0,0,1,2022,"March","Friday","07:50 am",60,"Sealed","Dry","Not Raining","Daylight","Rear End",2,,,1334547.62,1679710.39
"2022-27250-19/09/2025","HYDE PARK","CITY OF UNLEY",3,1,0,0,1,2022,"March","Friday","01:47 pm",50,"Sealed","Dry","Not Raining","Daylight","Head On",2,,,1328798.62,1667415.84
"2022-27253-19/09/2025","STIRLING","THE ADELAIDE HILLS COUNCIL",2,1,0,0,1,2022,"March","Friday","03:35 pm",40,"Sealed","Dry","Not Raining","Daylight","Hit Pedestrian",2,,,1338787.87,1661686.75
"2022-27257-19/09/2025","PEKINA","DC OF ORROROO/CARRIETON",2,2,0,1,1,2022,"March","Friday","01:58 pm",110,"Sealed","Dry","Not Raining","Daylight","Hit Fixed Object",1,,,1332437.98,1912170.83
"2022-27267-19/09/2025","GOLDEN GROVE","CITY OF TEA TREE GULLY",2,1,0,0,1,2022,"March","Friday","11:00 pm",60,"Sealed","Dry","Not Raining","Night","Right Turn",1,,,1337903.73,1685352.47
"2022-27270-19/09/2025","BEDFORD PARK","CC MITCHAM.",2,1,0,0,1,2022,"March","Saturday","09:01 am",60,"Sealed","Dry","Not Raining","Daylight","Right Turn",2,,,1325724.1,1660702.39
"2022-27274-19/09/2025","EDWARDSTOWN","CC MARION.",2,1,0,0,1,2022,"March","Saturday","01:20 pm",50,"Sealed","Dry","Not Raining","Daylight","Right Angle",2,,,1325379.33,1663655.07
"2022-27277-19/09/2025","HAPPY VALLEY","CITY OF ONKAPARINGA",2,1,0,0,1,2022,"March","Saturday","03:20 pm",70,"Sealed","Dry","Not Raining","Daylight","Right Angle",2,,,1325122.63,1653561.59
"2022-27278-19/09/2025","MODBURY","CITY OF TEA TREE GULLY",2,1,0,0,1,2022,"March","Friday","06:00 pm",60,"Sealed","Dry","Not Raining","Daylight","Rear End",2,,,1336414.7,1680599.87
"2022-27281-19/09/2025","PROSPECT","CITY OF PROSPECT",2,2,0,0,2,2022,"March","Saturday","04:07 pm",60,"Sealed","Dry","Not Raining","Daylight","Right Turn",1,,,1328873.3,1676432.66
"2022-27283-19/09/2025","TWO WELLS","DC MALLALA.",2,1,0,0,1,2022,"March","Saturday","01:50 pm",100,"Sealed","Dry","Not Raining","Daylight","Rear End",2,,,1324749.74,1703255.76
"2022-27284-19/09/2025","PORT ADELAIDE","CITY OF PORT ADELAIDE ENFIELD",4,1,0,0,1,2022,"March","Saturday","06:15 pm",50,"Sealed","Dry","Not Raining","Daylight","Hit Parked Vehicle",1,,,1320183.19,1680114.53
"2022-27285-19/09/2025","WOODVILLE SOUTH","CITY OF CHARLES STURT",2,2,0,0,2,2022,"March","Saturday","07:24 pm",60,"Sealed","Dry","Not Raining","Night","Right Angle",1,,,1322727.34,1675834.91
"2022-27286-19/09/2025","SALTIA","THE FLINDERS RANGES COUNCIL.",1,1,0,0,1,2022,"March","Saturday","08:50 pm",110,"Sealed","Dry","Not Raining","Night","Roll Over",1,,,1274769.61,1943473.11
"2022-27287-19/09/2025","LIGHT PASS","THE BAROSSA COUNCIL.",2,1,0,0,1,2022,"March","Saturday","08:19 pm",80,"Sealed","Dry","Not Raining","Night","Hit Fixed Object",1,"Y",,1368807.55,1719164.4
"2022-27288-19/09/2025","MACCLESFIELD","DC MT.BARKER.",2,1,0,0,1,2022,"March","Saturday","09:10 pm",80,"Sealed","Dry","Not Raining","Night","Hit Fixed Object",1,"Y",,1350454.26,1642305.62
"2022-27290-19/09/2025","PROSPECT","CITY OF PROSPECT",2,2,0,1,1,2022,"March","Saturday","09:20 pm",60,"Sealed","Dry","Not Raining","Night","Right Turn",2,,"Y",1328873.3,1676432.66
"2022-27292-19/09/2025","TRANMERE","CC CAMPBELLTOWN.",2,1,0,1,0,2022,"March","Sunday","02:01 am",60,"Sealed","Dry","Not Raining","Night","Hit Fixed Object",1,,,1334651.24,1671825.64
"2022-27293-19/09/2025","PORT AUGUSTA","CC PT.AUGUSTA.",2,1,0,1,0,2022,"March","Sunday","04:01 am",50,"Sealed","Dry","Not Raining","Night","Hit Fixed Object",1,"Y",,1260313.42,1941077.51
"2022-27294-19/09/2025","POORAKA","CITY OF SALISBURY",2,1,0,0,1,2022,"March","Sunday","08:00 am",50,"Sealed","Dry","Not Raining","Daylight","Hit Fixed Object",1,,,1331180.21,1681495.05
"2022-27296-19/09/2025","HACKHAM","CITY OF ONKAPARINGA",2,1,0,0,1,2022,"March","Sunday","10:10 am",50,"Sealed","Dry","Not Raining","Daylight","Hit Parked Vehicle",1,,,1321782.83,1646926.77
"2022-27297-19/09/2025","VALE PARK","WALKERVILLE TOWN COUNCIL",2,1,0,1,0,2022,"March","Sunday","10:30 am",10,"Sealed","Dry","Not Raining","Daylight","Head On",1,,,1331257.68,1674579.77
"2022-27298-19/09/2025","MOUNT GEORGE","THE ADELAIDE HILLS COUNCIL",1,1,0,1,0,2022,"March","Sunday","11:45 am",80,"Sealed","Dry","Not Raining","Daylight","Roll Over",1,,,1343204.29,1663083.25
"2022-27300-19/09/2025","BIRDWOOD","THE ADELAIDE HILLS COUNCIL",2,1,0,0,1,2022,"March","Saturday","02:55 pm",80,"Sealed","Dry","Not Raining","Daylight","Hit Fixed Object",1,,,1358930.38,1680869.97
"2022-27301-19/09/2025","KLEMZIG","CITY OF PORT ADELAIDE ENFIELD",2,1,0,0,1,2022,"March","Sunday","02:15 pm",60,"Sealed","Dry","Not Raining","Daylight","Rear End",2,,,1332275.38,1676755.51
"2022-27303-19/09/2025","WYNN VALE","CITY OF TEA TREE GULLY",2,1,0,0,1,2022,"March","Sunday","02:36 pm",60,"Sealed","Dry","Not Raining","Daylight","Right Angle",2,,,1338912.98,1684761.61
"2022-27308-19/09/2025","NAIDIA","LOXTON WAIKERIE DISTRICT COUNCIL",2,2,0,2,0,2022,"March","Sunday","08:40 am",110,"Sealed","Dry","Not Raining","Daylight","Hit Animal",2,,,1445200.98,1713475.48
"2022-27309-19/09/2025","SEAFORD","CITY OF ONKAPARINGA",2,1,0,0,1,2022,"March","Sunday","08:03 pm",50,"Sealed","Dry","Not Raining","Night","Right Angle",1,,,1316458.92,1642085.81
"2022-27310-19/09/2025","WALKERVILLE","WALKERVILLE TOWN COUNCIL",2,1,0,0,1,2022,"March","Sunday","10:30 am",50,"Sealed","Dry","Not Raining","Daylight","Hit Parked Vehicle",2,,,1330282.93,1674074.99
"2022-27311-19/09/2025","ROSSLYN PARK","CITY OF BURNSIDE",2,1,0,0,1,2022,"March","Monday","08:38 am",60,"Sealed","Dry","Not Raining","Daylight","Right Turn",1,,,1334898.28,1671147.68
"2022-27318-19/09/2025","TORRENSVILLE","CITY OF WEST TORRENS",2,1,0,1,0,2022,"March","Sunday","10:30 am",50,"Sealed","Dry","Not Raining","Daylight","Side Swipe",1,,,1325184.55,1670976.08
"2022-27320-19/09/2025","PAYNEHAM","CC OF NORWOOD,PAYNEHAM & ST PETERS",2,1,0,0,1,2022,"March","Monday","10:10 am",60,"Sealed","Dry","Not Raining","Daylight","Side Swipe",2,,,1332185.47,1673735.73
"2022-27321-19/09/2025","YATTALUNGA","CITY OF PLAYFORD.",2,1,0,0,1,2022,"March","Monday","09:35 am",100,"Sealed","Dry","Not Raining","Daylight","Hit Fixed Object",1,,,1347104.8,1694251.73
"2022-27322-19/09/2025","CAVAN","CITY OF SALISBURY",2,1,0,0,1,2022,"March","Monday","11:05 am",70,"Sealed","Dry","Not Raining","Daylight","Rear End",1,,,1328720.71,1681534.83
"2022-27326-19/09/2025","NORTH ADELAIDE","CITY OF ADELAIDE",2,1,0,0,1,2022,"March","Monday","12:56 pm",50,"Sealed","Dry","Not Raining","Daylight","Hit Fixed Object",1,,,1328950.68,1672542.87
"2022-27327-19/09/2025","EVANSTON SOUTH","CT GAWLER.",3,1,0,0,1,2022,"March","Monday","11:58 am",90,"Sealed","Dry","Not Raining","Daylight","Hit Fixed Object",1,,,1340702.72,1701668.55
"2022-27328-19/09/2025","HIGHBURY","CITY OF TEA TREE GULLY",1,1,0,1,0,2022,"March","Friday","02:30 pm",50,"Sealed","Dry","Not Raining","Daylight","Roll Over",1,"Y",,1339376.99,1679118.07
"2022-27329-19/09/2025","ROBE","DC ROBE.",2,1,0,1,0,2022,"March","Saturday","05:30 pm",40,"Unsealed","Dry","Not Raining","Daylight","Hit Fixed Object",1,,,1421885.04,1416384.13
"2022-27330-19/09/2025","WALKLEY HEIGHTS","CITY OF SALISBURY",2,1,0,0,1,2022,"March","Sunday","07:00 pm",60,"Sealed","Dry","Not Raining","Daylight","Rear End",2,,,1331258.29,1680682.96
"2022-27331-19/09/2025","ADELAIDE","CITY OF ADELAIDE",2,1,0,0,1,2022,"March","Monday","02:54 pm",50,"Sealed","Dry","Not Raining","Daylight","Hit Pedestrian",1,,,1327860.32,1670813.48
"2022-27339-19/09/2025","REYNELLA","CITY OF ONKAPARINGA",2,1,0,0,1,2022,"March","Monday","04:53 pm",50,"Sealed","Dry","Not Raining","Daylight","Right Turn",2,,,1321154.57,1652190.77
"2022-27340-19/09/2025","OAKLANDS PARK","CC MARION.",2,1,0,0,1,2022,"March","Monday","05:54 pm",60,"Sealed","Dry","Not Raining","Daylight","Right Angle",2,,,1322726.61,1662274.7
"2022-27341-19/09/2025","PROSPECT","CITY OF PROSPECT",2,1,0,0,1,2022,"March","Monday","06:27 pm",60,"Sealed","Dry","Not Raining","Daylight","Right Turn",2,,,1328862.4,1676436.07
"2022-27348-19/09/2025","PASADENA","CC MITCHAM.",2,1,0,0,1,2022,"March","Tuesday","07:27 am",60,"Sealed","Dry","Not Raining","Daylight","Right Turn",2,,,1327599.94,1662813.44
"2022-27349-19/09/2025","GOLDEN GROVE","CITY OF TEA TREE GULLY",2,1,0,0,1,2022,"March","Tuesday","07:55 am",60,"Sealed","Dry","Not Raining","Daylight","Rear End",2,,,1338621.52,1684769.5
"2022-27354-19/09/2025","MORPHETT VALE","CITY OF ONKAPARINGA",2,1,0,0,1,2022,"March","Tuesday","09:57 am",60,"Sealed","Dry","Not Raining","Daylight","Right Angle",2,,,1321901.02,1651049.42
"2022-27357-19/09/2025","CUDLEE CREEK","THE ADELAIDE HILLS COUNCIL",2,1,0,0,1,2022,"March","Tuesday","05:00 am",80,"Sealed","Dry","Not Raining","Night","Hit Fixed Object",1,,,1351273.64,1677638.16
"2022-27358-19/09/2025","BLACKWOOD","CC MITCHAM.",2,1,0,0,1,2022,"March","Tuesday","11:00 am",50,"Sealed","Dry","Not Raining","Daylight","Side Swipe",1,,"Y",1329690.48,1660048.86
"2022-27361-19/09/2025","BIGGS FLAT","DC MT.BARKER.",2,1,0,0,1,2022,"March","Tuesday","10:45 am",80,"Sealed","Dry","Not Raining","Daylight","Rear End",1,,,1344131.96,1653804.75
"2022-27364-19/09/2025","HINDMARSH","CITY OF CHARLES STURT",3,1,0,0,1,2022,"March","Tuesday","03:20 pm",60,"Sealed","Dry","Not Raining","Daylight","Head On",1,,,1326133.64,1672550.63
"2022-27370-19/09/2025","ADELAIDE","CITY OF ADELAIDE",2,2,0,0,2,2022,"March","Tuesday","05:38 pm",60,"Sealed","Dry","Not Raining","Daylight","Rear End",2,,,1327380.58,1670541.98
"2022-27371-19/09/2025","DIREK","CITY OF SALISBURY",2,1,0,0,1,2022,"March","Tuesday","05:18 pm",90,"Sealed","Dry","Not Raining","Daylight","Rear End",2,,,1329120.97,1693448.18
"2022-27373-19/09/2025","LONSDALE","CITY OF ONKAPARINGA",2,2,0,0,2,2022,"March","Tuesday","06:33 pm",100,"Sealed","Dry","Not Raining","Daylight","Hit Fixed Object",1,,"Y",1319528.57,1650245.8
"2022-27376-19/09/2025","WHYALLA NORRIE","CC WHYALLA.",2,1,0,1,0,2022,"March","Tuesday","10:00 pm",50,"Sealed","Dry","Not Raining","Night","Hit Pedestrian",2,,,1236614.61,1883858.11
"2022-27377-19/09/2025","ANGLE PARK","CITY OF PORT ADELAIDE ENFIELD",2,1,0,1,0,2022,"March","Tuesday","09:37 pm",50,"Sealed","Dry","Not Raining","Night","Hit Fixed Object",1,,,1325242.9,1678171.64
"2022-27379-19/09/2025","INMAN VALLEY","DC VICTOR HARBOR.",2,2,0,2,0,2022,"March","Tuesday","11:00 pm",80,"Sealed","Dry","Not Raining","Night","Hit Fixed Object",1,,,1318660.4,1607901.12
"2022-27381-19/09/2025","WINDSOR GARDENS","CITY OF PORT ADELAIDE ENFIELD",2,1,0,0,1,2022,"March","Wednesday","08:20 am",60,"Sealed","Dry","Not Raining","Daylight","Rear End",1,,,1333356.69,1677688.75
"2022-27383-19/09/2025","RIDGEHAVEN","CITY OF TEA TREE GULLY",2,1,0,0,1,2022,"March","Wednesday","08:30 am",40,"Sealed","Dry","Not Raining","Daylight","Hit Object on Road",1,,,1337790.36,1681237.68
"2022-27386-19/09/2025","GILBERTON","WALKERVILLE TOWN COUNCIL",2,1,0,0,1,2022,"March","Wednesday","08:45 am",60,"Sealed","Dry","Not Raining","Daylight","Right Turn",2,,,1329707.81,1672509.77
"2022-27388-19/09/2025","MYPONGA","DC YANKALILLA.",2,1,0,1,0,2022,"March","Wednesday","12:00 pm",80,"Unsealed","Dry","Not Raining","Daylight","Hit Pedestrian",1,,,1315965.38,1618720.3
"2022-27392-19/09/2025","CHELTENHAM","CITY OF CHARLES STURT",3,1,0,0,1,2022,"March","Wednesday","04:10 pm",60,"Sealed","Dry","Not Raining","Daylight","Right Angle",1,,,1322126.41,1676417.92
"2022-27393-19/09/2025","MAGILL","CC CAMPBELLTOWN.",2,1,0,0,1,2022,"March","Wednesday","04:30 pm",50,"Sealed","Dry","Not Raining","Daylight","Right Angle",2,,,1336293.68,1672284.9
"2022-27394-19/09/2025","WALKLEY HEIGHTS","CITY OF SALISBURY",2,1,0,0,1,2022,"March","Wednesday","04:31 pm",60,"Sealed","Dry","Not Raining","Daylight","Right Turn",1,,,1331258.29,1680682.96
"2022-27398-19/09/2025","SALISBURY EAST","CITY OF SALISBURY",2,1,0,0,1,2022,"March","Tuesday","07:30 pm",60,"Sealed","Dry","Not Raining","Night","Rear End",2,,,1333548.07,1685158.46
"2022-27400-19/09/2025","CROYDON","CITY OF CHARLES STURT",1,1,0,0,1,2022,"March","Thursday","08:20 pm",50,"Sealed","Dry","Not Raining","Night","Roll Over",1,,,1325184.65,1674106.34
"2022-27401-19/09/2025","HEATHFIELD","THE ADELAIDE HILLS COUNCIL",1,1,0,0,1,2022,"March","Wednesday","05:30 pm",80,"Sealed","Wet","Raining","Daylight","Left Road - Out of Control",1,,,1338575.13,1659178.17
"2022-27402-19/09/2025","ATHELSTONE","CC CAMPBELLTOWN.",2,2,0,0,2,2022,"March","Wednesday","08:34 pm",60,"Sealed","Dry","Not Raining","Night","Right Angle",2,,,1337843.31,1675130.73