"REPORT_ID","Suburb","LGA Name","Total Units","Total Cas","Total Fats","Total SI","Total MI","Year","Month","Day","Time","Area Speed","Road Surface","Moisture Cond","Weather Cond","DayNight","Crash Type","Unit Resp","DUI Involved","Drugs Involved","ACCLOC_X","ACCLOC_Y"
"2022-27403-19/09/2025","GAWLER SOUTH","CT GAWLER.",2,1,0,0,1,2022,"March","Wednesday","08:00 pm",50,"Sealed","Dry","Not Raining","Night","Right Angle",1,,,1342934.62,1705594.27
"2022-27404-19/09/2025","ADELAIDE","CITY OF ADELAIDE",2,1,0,1,0,2022,"March","Thursday","06:20 am",50,"Sealed","Dry","Not Raining","Night","Hit Pedestrian",2,,,1327930.12,1670340.86
"2022-27409-19/09/2025","MILLBROOK","THE ADELAIDE HILLS COUNCIL",2,1,0,0,1,2022,"March","Thursday","08:30 am",80,"Sealed","Dry","Not Raining","Daylight","Hit Fixed Object",1,,,1349320.13,1680610.3
"2022-27410-19/09/2025","HOPE VALLEY","CITY OF TEA TREE GULLY",2,1,0,0,1,2022,"March","Thursday","08:58 am",60,"Sealed","Dry","Not Raining","Daylight","Rear End",1,,,1337377.5,1679470.92
"2022-27411-19/09/2025","PINNAROO","SOUTHERN MALLEE DISTRICT COUNCIL",1,1,0,0,1,2022,"March","Tuesday","03:00 pm",100,"Unsealed","Dry","Not Raining","Daylight","Roll Over",1,,,1528640.48,1635840.44
"2022-27414-19/09/2025","STEPNEY","CC OF NORWOOD,PAYNEHAM & ST PETERS",3,1,0,0,1,2022,"March","Thursday","11:41 am",60,"Sealed","Dry","Not Raining","Daylight","Head On",1,,,1331106.72,1672391.46
"2022-27417-19/09/2025","GOLDEN GROVE","CITY OF TEA TREE GULLY",2,1,0,0,1,2022,"March","Wednesday","05:20 pm",60,"Sealed","Dry","Not Raining","Daylight","Rear End",2,,,1340348.47,1686603.87
"2022-27419-19/09/2025","HAMPSTEAD GARDENS","CITY OF PORT ADELAIDE ENFIELD",2,1,0,0,1,2022,"March","Wednesday","04:45 pm",60,"Sealed","Dry","Not Raining","Daylight","Rear End",2,,,1331312,1676591.4
"2022-27420-19/09/2025","MENINGIE","COORONG DISTRICT COUNCIL",2,3,0,0,3,2022,"March","Thursday","01:20 pm",50,"Sealed","Dry","Not Raining","Daylight","Hit Parked Vehicle",1,,,1392277.99,1583202.3
"2022-27423-19/09/2025","MORPHETT VALE","CITY OF ONKAPARINGA",2,1,0,0,1,2022,"March","Thursday","03:06 pm",25,"Sealed","Dry","Not Raining","Daylight","Hit Pedestrian",2,,,1320320.74,1650808.28
"2022-27426-19/09/2025","ROYAL PARK","CITY OF CHARLES STURT",2,1,0,0,1,2022,"March","Thursday","09:25 am",60,"Sealed","Dry","Not Raining","Daylight","Rear End",2,,,1320674.25,1677430.96
"2022-27428-19/09/2025","BROMPTON","CITY OF CHARLES STURT",2,1,0,0,1,2022,"March","Thursday","04:15 pm",40,"Sealed","Dry","Not Raining","Daylight","Right Angle",2,,,1326527.87,1674182.78
"2022-27431-19/09/2025","ANDREWS FARM","CITY OF PLAYFORD.",2,1,0,1,0,2022,"March","Thursday","04:30 pm",60,"Sealed","Dry","Not Raining","Daylight","Hit Fixed Object",1,,,1334318.78,1697919.63
"2022-27436-19/09/2025","NORTHFIELD","CITY OF PORT ADELAIDE ENFIELD",2,1,0,0,1,2022,"March","Thursday","04:05 pm",60,"Sealed","Dry","Not Raining","Daylight","Right Angle",2,,,1330407.78,1678042.15
"2022-27437-19/09/2025","HINDMARSH","CITY OF CHARLES STURT",2,2,0,2,0,2022,"March","Thursday","06:05 pm",60,"Sealed","Dry","Not Raining","Daylight","Rear End",2,,"Y",1325549.01,1673454.12
"2022-27438-19/09/2025","SALISBURY","CITY OF SALISBURY",3,1,0,0,1,2022,"March","Thursday","03:22 pm",60,"Sealed","Dry","Not Raining","Daylight","Right Angle",1,,,1333126.64,1688469.42
"2022-27439-19/09/2025","MEDINDIE","WALKERVILLE TOWN COUNCIL",2,1,0,0,1,2022,"March","Wednesday","07:00 pm",60,"Sealed","Dry","Not Raining","Daylight","Rear End",2,,,1328335.29,1673670.94
"2022-27443-19/09/2025","DAW PARK","CC MITCHAM.",2,1,0,0,1,2022,"March","Thursday","06:56 pm",60,"Sealed","Dry","Not Raining","Daylight","Right Angle",2,,,1327566.91,1664523.5
"2022-27444-19/09/2025","STEPNEY","CC OF NORWOOD,PAYNEHAM & ST PETERS",2,1,0,0,1,2022,"March","Thursday","07:23 pm",60,"Sealed","Dry","Not Raining","Night","Right Angle",1,,,1331113.37,1672400.35
"2022-27449-19/09/2025","UNDERDALE","CITY OF WEST TORRENS",5,1,0,0,1,2022,"March","Thursday","05:17 pm",60,"Sealed","Dry","Not Raining","Daylight","Rear End",1,,,1323829.19,1671602.14
"2022-27451-19/09/2025","MURRAY BRIDGE","RC MURRAY BRIDGE.",2,1,0,1,0,2022,"March","Thursday","04:25 pm",50,"Sealed","Dry","Not Raining","Daylight","Rear End",2,,"Y",1390210.49,1644333.52
"2022-27453-19/09/2025","WINNINOWIE","CC PT.AUGUSTA.",1,1,0,0,1,2022,"March","Thursday","09:50 pm",110,"Sealed","Dry","Not Raining","Night","Roll Over",1,,,1271575.64,1929365.65
"2022-27454-19/09/2025","MONARTO SOUTH","RC MURRAY BRIDGE.",2,1,0,0,1,2022,"April","Friday","01:05 am",100,"Sealed","Dry","Not Raining","Night","Hit Pedestrian",1,,"Y",1374247.31,1647964.92
"2022-27457-19/09/2025","SEATON","CITY OF CHARLES STURT",2,1,0,0,1,2022,"April","Friday","08:05 am",50,"Sealed","Dry","Not Raining","Daylight","Right Angle",2,,,1320936.88,1674487.58
"2022-27458-19/09/2025","COLLINSWOOD","CITY OF PROSPECT",2,3,0,0,3,2022,"April","Friday","08:20 am",40,"Sealed","Dry","Not Raining","Daylight","Right Angle",1,,,1329605.18,1674829.73
"2022-27461-19/09/2025","BLAIR ATHOL","CITY OF PORT ADELAIDE ENFIELD",2,1,0,0,1,2022,"April","Friday","09:02 am",50,"Sealed","Dry","Not Raining","Daylight","Hit Fixed Object",1,,,1328134.7,1677537.6
"2022-27468-19/09/2025","ST MARYS","CC MITCHAM.",2,1,0,0,1,2022,"April","Friday","11:05 am",60,"Sealed","Dry","Not Raining","Daylight","Right Turn",1,,,1325983.48,1662296.19
"2022-27469-19/09/2025","KIDMAN PARK","CITY OF CHARLES STURT",2,1,0,0,1,2022,"April","Friday","12:38 pm",60,"Sealed","Dry","Not Raining","Daylight","Rear End",2,,,1322419.52,1673125.07
"2022-27472-19/09/2025","CROYDON PARK","CITY OF PORT ADELAIDE ENFIELD",2,1,0,0,1,2022,"April","Friday","02:15 pm",50,"Sealed","Dry","Not Raining","Daylight","Hit Parked Vehicle",1,,,1324876.96,1675967.45
"2022-27476-19/09/2025","GEPPS CROSS","CITY OF PORT ADELAIDE ENFIELD",3,1,0,0,1,2022,"April","Friday","03:55 pm",60,"Sealed","Dry","Not Raining","Daylight","Rear End",1,,,1330377.17,1679315.41
"2022-27483-19/09/2025","HECTORVILLE","CC CAMPBELLTOWN.",2,1,0,0,1,2022,"April","Friday","06:30 pm",60,"Sealed","Dry","Not Raining","Daylight","Hit Pedestrian",1,,,1334369.69,1674353.24
"2022-27485-19/09/2025","BROADVIEW","CITY OF PROSPECT",1,1,0,0,1,2022,"March","Thursday","10:40 pm",60,"Sealed","Dry","Not Raining","Night","Left Road - Out of Control",1,,,1330451.95,1676023.35
"2022-27490-19/09/2025","SHEA-OAK LOG","LIGHT REGIONAL COUNCIL",2,1,1,0,0,2022,"April","Friday","08:06 pm",110,"Sealed","Dry","Not Raining","Night","Roll Over",1,,,1347509.32,1713785.03
"2022-27491-19/09/2025","ADELAIDE","CITY OF ADELAIDE",2,1,0,1,0,2022,"April","Friday","11:20 pm",50,"Sealed","Dry","Not Raining","Night","Right Angle",1,,,1327930.96,1670306.73
"2022-27492-19/09/2025","PARA HILLS","CITY OF SALISBURY",3,1,0,0,1,2022,"April","Friday","11:30 pm",60,"Sealed","Dry","Not Raining","Night","Hit Parked Vehicle",1,"Y",,1334888.41,1682815.03
"2022-27507-19/09/2025","KUDLA","CT GAWLER.",2,1,0,0,1,2022,"April","Saturday","11:29 am",80,"Sealed","Dry","Not Raining","Daylight","Right Angle",1,,,1337680.92,1701807.18
"2022-27511-19/09/2025","WOODVILLE SOUTH","CITY OF CHARLES STURT",2,1,0,0,1,2022,"April","Saturday","01:15 pm",50,"Sealed","Dry","Not Raining","Daylight","Rear End",2,,,1322705.76,1675802.3
"2022-27512-19/09/2025","ST GEORGES","CITY OF BURNSIDE",2,1,0,0,1,2022,"April","Saturday","01:20 pm",60,"Sealed","Dry","Not Raining","Daylight","Rear End",2,,,1332367.63,1667419.42
"2022-27522-19/09/2025","ROWLAND FLAT","THE BAROSSA COUNCIL.",2,1,1,0,0,2022,"April","Saturday","04:48 pm",90,"Sealed","Dry","Not Raining","Daylight","Side Swipe",1,"Y",,1361194.99,1709820.07
"2022-27531-19/09/2025","NOARLUNGA DOWNS","CITY OF ONKAPARINGA",2,1,0,0,1,2022,"April","Friday","03:30 pm",80,"Sealed","Dry","Not Raining","Daylight","Rear End",2,,,1319288.56,1644358.57
"2022-27533-19/09/2025","MORPHETT VALE","CITY OF ONKAPARINGA",1,1,0,0,1,2022,"April","Sunday","11:15 am",10,"Sealed","Dry","Not Raining","Daylight","Roll Over",9,,,1319748.94,1650920.46
"2022-27534-19/09/2025","WEST LAKES","CITY OF CHARLES STURT",2,1,0,0,1,2022,"April","Sunday","12:03 pm",60,"Sealed","Dry","Not Raining","Daylight","Right Turn",1,,,1318842.54,1676466.2
"2022-27535-19/09/2025","SALISBURY EAST","CITY OF SALISBURY",2,1,0,0,1,2022,"April","Friday","11:30 am",60,"Sealed","Dry","Not Raining","Daylight","Rear End",2,,,1333548.82,1685157.87
"2022-27538-19/09/2025","STRATHALBYN","ALEXANDRINA COUNCIL",1,1,0,0,1,2022,"April","Sunday","12:30 pm",80,"Sealed","Dry","Not Raining","Daylight","Roll Over",1,,,1352525.74,1636961.08
"2022-27550-19/09/2025","NORTH PLYMPTON","CITY OF WEST TORRENS",2,1,0,0,1,2022,"April","Monday","04:52 am",60,"Sealed","Dry","Not Raining","Night","Hit Fixed Object",1,,"Y",1324186.28,1668142.04
"2022-27557-19/09/2025","ST MARYS","CC MITCHAM.",2,1,0,0,1,2022,"April","Monday","06:50 am",60,"Sealed","Dry","Not Raining","Daylight","Hit Fixed Object",1,,,1325965.26,1663326.66
"2022-27558-19/09/2025","NEWTON","CC CAMPBELLTOWN.",2,2,0,0,2,2022,"April","Monday","07:45 am",60,"Sealed","Dry","Not Raining","Daylight","Right Turn",2,,,1335409,1674565.16
"2022-27561-19/09/2025","VALLEY VIEW","CITY OF TEA TREE GULLY",2,1,0,0,1,2022,"April","Monday","08:45 am",60,"Sealed","Dry","Not Raining","Daylight","Right Turn",2,,,1335285.41,1679409.95
"2022-27563-19/09/2025","DERNANCOURT","CITY OF TEA TREE GULLY",2,1,0,0,1,2022,"April","Monday","10:00 am",60,"Sealed","Dry","Not Raining","Daylight","Rear End",2,,,1336009.87,1677182.3
"2022-27568-19/09/2025","KENSINGTON","CC OF NORWOOD,PAYNEHAM & ST PETERS",2,1,0,1,0,2022,"April","Monday","11:30 am",50,"Sealed","Dry","Not Raining","Daylight","Hit Pedestrian",1,,,1332291.97,1670772.73
"2022-27570-19/09/2025","FERRYDEN PARK","CITY OF PORT ADELAIDE ENFIELD",2,1,0,0,1,2022,"April","Monday","12:27 pm",60,"Sealed","Dry","Not Raining","Daylight","Rear End",2,,,1325584.11,1676363.58
"2022-27571-19/09/2025","LARGS NORTH","CITY OF PORT ADELAIDE ENFIELD",2,1,0,1,0,2022,"March","Thursday","10:00 pm",60,"Sealed","Dry","Not Raining","Night","Rear End",2,,,1319044.93,1683334.29
"2022-27573-19/09/2025","NORWOOD","CC OF NORWOOD,PAYNEHAM & ST PETERS",2,1,0,0,1,2022,"April","Monday","01:05 pm",50,"Sealed","Dry","Not Raining","Daylight","Hit Pedestrian",1,,,1331654.18,1671073.37
"2022-27584-19/09/2025","INGLE FARM","CITY OF SALISBURY",2,1,0,0,1,2022,"April","Monday","03:33 pm",60,"Sealed","Dry","Not Raining","Daylight","Rear End",1,,,1334499.5,1681135.42
"2022-27585-19/09/2025","GLANDORE","CC MARION.",3,1,0,0,1,2022,"April","Monday","03:54 pm",60,"Sealed","Dry","Not Raining","Daylight","Rear End",1,,,1325884.31,1666076.72
"2022-27595-19/09/2025","CAPE JAFFA","DC KINGSTON.",1,2,0,2,0,2022,"April","Monday","06:40 pm",100,"Unsealed","Dry","Not Raining","Night","Roll Over",1,,,1421417.82,1445399.55
"2022-27604-19/09/2025","RIDLEYTON","CITY OF CHARLES STURT",2,1,0,0,1,2022,"April","Tuesday","11:43 am",60,"Sealed","Dry","Not Raining","Daylight","Right Angle",2,,,1325785.76,1674453.23
"2022-27608-19/09/2025","RAMCO","LOXTON WAIKERIE DISTRICT COUNCIL",2,1,0,1,0,2022,"April","Tuesday","09:45 am",80,"Sealed","Dry","Not Raining","Daylight","Hit Fixed Object",1,,"Y",1452898.47,1749631.58
"2022-27609-19/09/2025","OVINGHAM","CITY OF PROSPECT",2,1,0,0,1,2022,"April","Tuesday","10:58 am",60,"Sealed","Dry","Not Raining","Daylight","Rear End",2,,,1327256.43,1673859.73
"2022-27611-19/09/2025","PENNESHAW","KANGAROO ISLAND COUNCIL",2,1,1,0,0,2022,"April","Tuesday","08:00 am",60,"Sealed","Dry","Not Raining","Daylight","Hit Fixed Object",1,,,1265073.17,1584569.9
"2022-27612-19/09/2025","PLYMPTON","CITY OF WEST TORRENS",2,2,0,0,2,2022,"April","Tuesday","01:00 pm",50,"Sealed","Dry","Not Raining","Daylight","Right Angle",2,,,1324197.51,1666345.14
"2022-27624-19/09/2025","ROSEWATER","CITY OF PORT ADELAIDE ENFIELD",2,1,0,0,1,2022,"April","Tuesday","04:45 pm",50,"Sealed","Wet","Raining","Daylight","Right Turn",2,,,1321187.08,1679155.38
"2022-27628-19/09/2025","ONKAPARINGA HILLS","CITY OF ONKAPARINGA",2,3,0,0,3,2022,"April","Tuesday","07:00 pm",80,"Sealed","Wet","Raining","Night","Hit Fixed Object",1,,,1327296.9,1650293.91
"2022-27629-19/09/2025","DRY CREEK","CITY OF SALISBURY",3,1,0,0,1,2022,"April","Tuesday","06:58 pm",90,"Sealed","Wet","Raining","Night","Rear End",1,,,1328672.58,1683237.82
"2022-27634-19/09/2025","CAMPBELLTOWN","CC CAMPBELLTOWN.",2,1,0,1,0,2022,"April","Tuesday","10:40 pm",60,"Sealed","Wet","Raining","Night","Rear End",2,,,1334401.29,1674527.43
"2022-27639-19/09/2025","SALISBURY NORTH","CITY OF SALISBURY",3,1,0,0,1,2022,"April","Wednesday","08:45 am",60,"Sealed","Wet","Not Raining","Daylight","Hit Fixed Object",1,,,1331787.93,1691010.35
"2022-27640-19/09/2025","UPPER STURT","THE ADELAIDE HILLS COUNCIL",3,1,0,0,1,2022,"April","Wednesday","09:26 am",60,"Sealed","Dry","Not Raining","Daylight","Hit Fixed Object",9,,,1336362.88,1660406.01
"2022-27643-19/09/2025","LOWER MITCHAM","CC MITCHAM.",3,1,0,0,1,2022,"April","Wednesday","11:59 am",60,"Sealed","Dry","Not Raining","Daylight","Right Turn",1,,,1329170.96,1665061.71
"2022-27645-19/09/2025","PROSPECT","CITY OF PROSPECT",2,1,0,1,0,2022,"April","Wednesday","09:05 am",60,"Sealed","Dry","Not Raining","Daylight","Rear End",2,,,1327241.53,1676403.39
"2022-27654-19/09/2025","WEST BEACH","CITY OF WEST TORRENS",2,1,0,0,1,2022,"April","Wednesday","04:20 pm",80,"Sealed","Dry","Not Raining","Daylight","Head On",1,,,1320946.17,1668229.91
"2022-27659-19/09/2025","CLARENCE GARDENS","CC MITCHAM.",2,1,0,1,0,2022,"April","Wednesday","06:30 pm",60,"Sealed","Dry","Not Raining","Night","Hit Pedestrian",1,,,1325905.8,1665348.25
"2022-27662-19/09/2025","SEAFORD MEADOWS","CITY OF ONKAPARINGA",2,1,0,0,1,2022,"April","Wednesday","06:35 pm",60,"Sealed","Dry","Not Raining","Night","Right Turn",2,,,1318091.98,1642826.26
"2022-27672-19/09/2025","NORWOOD","CC OF NORWOOD,PAYNEHAM & ST PETERS",2,2,0,0,2,2022,"April","Thursday","09:40 am",60,"Sealed","Dry","Not Raining","Daylight","Rear End",2,,,1332238.2,1671421.89
"2022-27674-19/09/2025","ALLENBY GARDENS","CITY OF CHARLES STURT",3,1,0,1,0,2022,"April","Thursday","09:43 am",60,"Sealed","Dry","Not Raining","Daylight","Rear End",1,,,1324384.51,1673175.11
"2022-27675-19/09/2025","SHEIDOW PARK","CC MARION.",2,1,0,1,0,2022,"April","Thursday","09:50 am",80,"Sealed","Dry","Not Raining","Daylight","Right Turn",1,,,1320864.69,1654361.45
"2022-27687-19/09/2025","PARAFIELD GARDENS","CITY OF SALISBURY",2,2,0,0,2,2022,"April","Thursday","02:00 pm",50,"Sealed","Dry","Not Raining","Daylight","Hit Fixed Object",1,,,1330073.85,1686834.99
"2022-27695-19/09/2025","RICHMOND","CITY OF WEST TORRENS",2,1,0,0,1,2022,"April","Thursday","07:07 pm",60,"Sealed","Dry","Not Raining","Night","Rear End",1,"Y",,1324996.68,1668923.98
"2022-27701-19/09/2025","SNOWTOWN","WAKEFIELD REGIONAL COUNCIL",2,1,0,1,0,2022,"April","Thursday","07:17 pm",110,"Sealed","Dry","Not Raining","Night","Hit Pedestrian",2,,,1296690.21,1796053.19
"2022-27702-19/09/2025","CRAIGMORE","CITY OF PLAYFORD.",2,1,0,1,0,2022,"April","Thursday","06:53 pm",60,"Sealed","Dry","Not Raining","Night","Right Angle",2,,,1339137.18,1694657.84
"2022-27705-19/09/2025","LONSDALE","CITY OF ONKAPARINGA",2,1,0,0,1,2022,"April","Friday","03:30 am",100,"Sealed","Dry","Not Raining","Night","Hit Fixed Object",1,"Y",,1318559.98,1651853.61
"2022-27709-19/09/2025","PARADISE","CC CAMPBELLTOWN.",2,2,0,0,2,2022,"April","Friday","08:55 am",60,"Sealed","Dry","Not Raining","Daylight","Right Turn",2,,,1334586.96,1675908.54
"2022-27712-19/09/2025","DOVER GARDENS","CC MARION.",2,1,0,0,1,2022,"April","Friday","10:40 am",60,"Sealed","Dry","Not Raining","Daylight","Right Turn",1,,,1322777.22,1660601.37
"2022-27714-19/09/2025","BORDERTOWN","DC TATIARA.",2,1,0,0,1,2022,"April","Thursday","05:08 pm",100,"Sealed","Dry","Not Raining","Daylight","Rear End",2,,,1515193,1508058.61
"2022-27717-19/09/2025","MORPHETT VALE","CITY OF ONKAPARINGA",2,1,0,1,0,2022,"April","Thursday","02:20 pm",60,"Sealed","Dry","Not Raining","Daylight","Side Swipe",2,,,1321003.92,1649864.11
"2022-27718-19/09/2025","ST MORRIS","CC OF NORWOOD,PAYNEHAM & ST PETERS",2,1,0,0,1,2022,"March","Monday","11:00 am",50,"Sealed","Dry","Not Raining","Daylight","Hit Pedestrian",1,,,1333489.02,1672316.65
"2022-27722-19/09/2025","UNLEY","CITY OF UNLEY",2,1,0,0,1,2022,"April","Friday","01:30 pm",40,"Sealed","Dry","Not Raining","Daylight","Hit Fixed Object",1,,,1329688.15,1668229.41
"2022-27724-19/09/2025","SALISBURY PLAIN","CITY OF SALISBURY",2,1,0,0,1,2022,"April","Friday","02:30 pm",60,"Sealed","Dry","Not Raining","Daylight","Rear End",2,,,1334624.22,1688758.57
"2022-27725-19/09/2025","SEAFORD","CITY OF ONKAPARINGA",2,1,0,0,1,2022,"April","Friday","03:29 pm",50,"Sealed","Dry","Not Raining","Daylight","Right Angle",2,,,1316628.37,1641621.38
"2022-27730-19/09/2025","WILLUNGA","CITY OF ONKAPARINGA",2,2,0,0,2,2022,"April","Friday","04:26 pm",100,"Sealed","Dry","Not Raining","Daylight","Right Angle",2,,,1321425.63,1633024.58
"2022-27733-19/09/2025","PROSPECT","CITY OF PROSPECT",4,1,0,0,1,2022,"April","Friday","04:40 pm",60,"Sealed","Dry","Not Raining","Daylight","Rear End",1,,,1328862.6,1676432.75
"2022-27735-19/09/2025","MORPHETT VALE","CITY OF ONKAPARINGA",2,2,0,0,2,2022,"April","Friday","06:02 pm",60,"Sealed","Dry","Not Raining","Night","Right Angle",1,,,1322342.8,1651063.53
"2022-27739-19/09/2025","SALISBURY","CITY OF SALISBURY",2,1,0,1,0,2022,"April","Friday","07:08 pm",60,"Sealed","Dry","Not Raining","Night","Hit Pedestrian",2,,,1333632.48,1688660.75
"2022-27741-19/09/2025","KUDLA","CT GAWLER.",2,1,0,0,1,2022,"April","Friday","08:39 pm",60,"Unsealed","Dry","Not Raining","Night","Hit Fixed Object",1,"Y",,1337950.74,1702348.5
"2022-27747-19/09/2025","BURRUNGULE","DISTRICT COUNCIL OF GRANT",3,1,0,1,0,2022,"April","Saturday","04:54 am",110,"Sealed","Dry","Not Raining","Night","Hit Object on Road",1,,,1497916.77,1348659.37
"2022-27748-19/09/2025","MOUNT PLEASANT","THE BAROSSA COUNCIL.",3,1,0,0,1,2022,"April","Saturday","05:03 am",50,"Sealed","Dry","Not Raining","Night","Hit Fixed Object",1,"Y",,1370552.47,1686456.55
"2022-27757-19/09/2025","CLIFTON HILLS STATION",,1,1,0,1,0,2022,"April","Sunday","11:00 am",100,"Unsealed","Dry","Not Raining","Daylight","Roll Over",1,,,1451429.77,2558517.4
"2022-27758-19/09/2025","CHAIN OF PONDS","THE ADELAIDE HILLS COUNCIL",2,2,0,0,2,2022,"April","Saturday","01:10 pm",80,"Sealed","Dry","Not Raining","Daylight","Right Angle",2,,,1351890.59,1681231.91
"2022-27759-19/09/2025","MAWSON LAKES","CITY OF SALISBURY",2,1,0,0,1,2022,"April","Saturday","02:06 pm",50,"Sealed","Dry","Not Raining","Daylight","Hit Pedestrian",2,,,1330469.76,1683414.48
"2022-27761-19/09/2025","BLACKWOOD","CC MITCHAM.",2,1,0,0,1,2022,"April","Saturday","09:30 am",50,"Sealed","Dry","Not Raining","Daylight","Right Angle",1,,,1329922.25,1659340.09
"2022-27764-19/09/2025","PARADISE","CC CAMPBELLTOWN.",2,1,0,0,1,2022,"April","Saturday","04:42 pm",60,"Sealed","Dry","Not Raining","Daylight","Rear End",2,,,1334872.35,1676383.71
"2022-27766-19/09/2025","PARA HILLS WEST","CITY OF SALISBURY",2,2,0,0,2,2022,"April","Saturday","04:48 pm",80,"Sealed","Dry","Not Raining","Daylight","Side Swipe",2,,,1332487.14,1684343.76
"2022-27768-19/09/2025","KESWICK","CITY OF WEST TORRENS",2,3,0,0,3,2022,"April","Saturday","06:42 pm",60,"Sealed","Dry","Not Raining","Night","Right Turn",1,,,1325794.33,1668947.63
"2022-27769-19/09/2025","GLENELG SOUTH","CITY OF HOLDFAST BAY",3,1,0,0,1,2022,"April","Saturday","04:50 pm",60,"Sealed","Dry","Not Raining","Daylight","Hit Fixed Object",1,"Y",,1321048.03,1663733.68
"2022-27778-19/09/2025","HAZELWOOD PARK","CITY OF BURNSIDE",2,1,0,0,1,2022,"April","Sunday","10:24 am",60,"Sealed","Dry","Not Raining","Daylight","Right Angle",1,,,1333327.15,1669080.98
"2022-27780-19/09/2025","SALISBURY","CITY OF SALISBURY",2,1,0,0,1,2022,"April","Sunday","11:35 am",60,"Sealed","Dry","Not Raining","Daylight","Right Angle",1,,,1333600.19,1688085.5
"2022-27783-19/09/2025","ROYAL PARK","CITY OF CHARLES STURT",2,2,0,0,2,2022,"April","Sunday","02:55 pm",60,"Sealed","Dry","Not Raining","Daylight","Right Turn",2,,,1320696.01,1677657.59
"2022-27785-19/09/2025","TANUNDA","THE BAROSSA COUNCIL.",2,1,0,1,0,2022,"April","Sunday","03:30 pm",50,"Sealed","Dry","Not Raining","Daylight","Side Swipe",2,,,1362955.95,1713971.62
"2022-27796-19/09/2025","WALLAROO","COPPER COAST DISTRICT COUNCIL",2,1,0,0,1,2022,"April","Saturday","09:30 am",50,"Sealed","Dry","Not Raining","Daylight","Rear End",1,,,1242830.25,1782995.56
"2022-27797-19/09/2025","KINGSTON SE","DC KINGSTON.",3,1,0,0,1,2022,"April","Sunday","10:50 am",110,"Sealed","Dry","Not Raining","Daylight","Other",1,,,1434758.77,1458164.16
"2022-27798-19/09/2025","GEPPS CROSS","CITY OF PORT ADELAIDE ENFIELD",2,1,0,0,1,2022,"April","Friday","08:15 am",70,"Sealed","Dry","Not Raining","Daylight","Rear End",2,,,1328755.94,1680461.5
"2022-27801-19/09/2025","LYNDOCH","THE BAROSSA COUNCIL.",2,1,0,0,1,2022,"April","Monday","09:00 am",100,"Sealed","Dry","Not Raining","Daylight","Hit Fixed Object",1,,,1353662.54,1704031.33
"2022-27808-19/09/2025","PARALOWIE","CITY OF SALISBURY",2,1,0,0,1,2022,"April","Monday","02:20 pm",60,"Sealed","Dry","Not Raining","Daylight","Hit Fixed Object",1,,,1329278.72,1688534.35
"2022-27814-19/09/2025","MAWSON LAKES","CITY OF SALISBURY",2,1,0,0,1,2022,"April","Monday","05:30 pm",70,"Sealed","Dry","Not Raining","Daylight","Rear End",2,,,1329520.04,1684393.25
"2022-27815-19/09/2025","MARRYATVILLE","CC OF NORWOOD,PAYNEHAM & ST PETERS",2,2,0,0,2,2022,"April","Monday","06:45 pm",60,"Sealed","Dry","Not Raining","Night","Right Turn",2,,,1332280.78,1670410.05
"2022-27819-19/09/2025","EDINBURGH NORTH","CITY OF PLAYFORD.",1,1,0,0,1,2022,"April","Tuesday","06:00 am",60,"Sealed","Dry","Not Raining","Night","Roll Over",1,,,1334921.32,1694319.84
"2022-27820-19/09/2025","ANDREWS FARM","CITY OF PLAYFORD.",2,1,0,0,1,2022,"April","Tuesday","07:00 am",110,"Sealed","Dry","Not Raining","Daylight","Side Swipe",1,,,1334136.28,1698608.52
"2022-27821-19/09/2025","NORWOOD","CC OF NORWOOD,PAYNEHAM & ST PETERS",2,1,0,0,1,2022,"April","Tuesday","09:45 am",60,"Sealed","Dry","Not Raining","Daylight","Right Angle",2,,,1331874.28,1670398.69
"2022-27830-19/09/2025","OAKLANDS PARK","CC MARION.",2,2,0,0,2,2022,"April","Tuesday","02:18 pm",50,"Sealed","Dry","Not Raining","Daylight","Rear End",2,,,1323404.4,1661180.83
"2022-27836-19/09/2025","MITCHELL PARK","CC MARION.",2,1,0,0,1,2022,"April","Tuesday","03:35 pm",50,"Sealed","Dry","Not Raining","Daylight","Right Turn",1,,,1324810.8,1661651.75
"2022-27838-19/09/2025","MOUNT BARKER","DC MT.BARKER.",2,1,0,0,1,2022,"April","Tuesday","03:10 pm",80,"Sealed","Dry","Not Raining","Daylight","Rear End",2,,,1354505.67,1654180.04
"2022-27842-19/09/2025","PARALOWIE","CITY OF SALISBURY",2,1,0,0,1,2022,"April","Tuesday","06:50 pm",60,"Sealed","Dry","Not Raining","Night","Rear End",2,,,1330885.2,1688751.95
"2022-27843-19/09/2025","SALISBURY","CITY OF SALISBURY",2,1,1,0,0,2022,"April","Tuesday","03:05 pm",50,"Sealed","Dry","Not Raining","Daylight","Hit Pedestrian",1,,,1333182.22,1688282.07
"2022-27846-19/09/2025","TOTNESS","DC MT.BARKER.",2,2,0,0,2,2022,"April","Tuesday","08:55 pm",80,"Sealed","Dry","Not Raining","Night","Hit Fixed Object",1,,,1349496.6,1656370.27
"2022-27849-19/09/2025","SEAFORD HEIGHTS","CITY OF ONKAPARINGA",2,1,0,0,1,2022,"April","Wednesday","08:35 am",60,"Sealed","Dry","Not Raining","Daylight","Right Angle",1,,,1318299.03,1641705.87