"REPORT_ID","Suburb","LGA Name","Total Units","Total Cas","Total Fats","Total SI","Total MI","Year","Month","Day","Time","Area Speed","Road Surface","Moisture Cond","Weather Cond","DayNight","Crash Type","Unit Resp","DUI Involved","Drugs Involved","ACCLOC_X","ACCLOC_Y"
"2022-27850-19/09/2025","MEDINDIE","WALKERVILLE TOWN COUNCIL",2,1,0,1,0,2022,"April","Tuesday","10:10 pm",60,"Sealed","Dry","Not Raining","Night","Right Angle",1,,,1328359.11,1673680.45
"2022-27856-19/09/2025","KERSBROOK","THE ADELAIDE HILLS COUNCIL",2,2,0,0,2,2022,"April","Wednesday","11:00 am",100,"Sealed","Dry","Not Raining","Daylight","Hit Fixed Object",1,,,1352072.85,1697023.24
"2022-27857-19/09/2025","COWANDILLA","CITY OF WEST TORRENS",4,1,0,0,1,2022,"April","Wednesday","01:20 pm",60,"Sealed","Dry","Not Raining","Daylight","Side Swipe",4,,,1324145.91,1670034.04
"2022-27873-19/09/2025","GLOBE DERBY PARK","CITY OF SALISBURY",2,1,0,0,1,2022,"April","Wednesday","09:10 am",80,"Sealed","Dry","Not Raining","Daylight","Rear End",2,,,1328637.45,1684641.8
"2022-27875-19/09/2025","PARK HOLME","CC MARION.",3,1,0,0,1,2022,"April","Wednesday","04:30 pm",60,"Sealed","Dry","Not Raining","Daylight","Rear End",1,,,1324312.89,1663986.7
"2022-27876-19/09/2025","WINGFIELD","CITY OF PORT ADELAIDE ENFIELD",2,1,0,0,1,2022,"April","Wednesday","03:56 pm",90,"Sealed","Dry","Not Raining","Daylight","Rear End",2,"Y","Y",1325497.16,1680194.62
"2022-27879-19/09/2025","ATHELSTONE","CC CAMPBELLTOWN.",2,1,0,1,0,2022,"April","Wednesday","03:25 pm",60,"Sealed","Dry","Not Raining","Daylight","Hit Pedestrian",2,,,1337445.33,1675992.8
"2022-27887-19/09/2025","DAVOREN PARK","CITY OF PLAYFORD.",2,2,0,0,2,2022,"April","Thursday","08:30 am",50,"Sealed","Dry","Not Raining","Daylight","Hit Fixed Object",1,,,1335779.48,1697706.52
"2022-27899-19/09/2025","NOARLUNGA DOWNS","CITY OF ONKAPARINGA",2,1,0,0,1,2022,"April","Thursday","11:01 am",60,"Sealed","Dry","Not Raining","Daylight","Right Angle",2,,,1318544.62,1646725.5
"2022-27902-19/09/2025","ADELAIDE","CITY OF ADELAIDE",2,2,0,0,2,2022,"April","Thursday","12:30 pm",50,"Sealed","Dry","Not Raining","Daylight","Hit Fixed Object",1,,,1329592.27,1670342.12
"2022-27903-19/09/2025","PORT BROUGHTON","BARUNGA WEST DISTRICT COUNCIL",2,1,0,0,1,2022,"April","Thursday","12:17 pm",50,"Sealed","Dry","Not Raining","Daylight","Hit Pedestrian",1,,,1271394.63,1819269.67
"2022-27904-19/09/2025","WEST BEACH","CITY OF CHARLES STURT",3,1,0,0,1,2022,"April","Monday","10:30 am",50,"Sealed","Dry","Not Raining","Daylight","Roll Over",9,,,1319301.23,1669753.41
"2022-27906-19/09/2025","WIRREGA","DC TATIARA.",2,1,0,0,1,2022,"April","Thursday","01:20 pm",110,"Sealed","Dry","Not Raining","Daylight","Hit Fixed Object",1,,,1503113.26,1520417.39
"2022-27907-19/09/2025","SHEIDOW PARK","CC MARION.",2,1,0,0,1,2022,"April","Thursday","02:21 pm",50,"Sealed","Dry","Not Raining","Daylight","Right Angle",1,,,1321935.27,1653525.48
"2022-27908-19/09/2025","MORGAN","MID MURRAY DISTRICT COUNCIL",2,1,0,0,1,2022,"April","Thursday","02:45 pm",100,"Sealed","Dry","Not Raining","Daylight","Hit Fixed Object",1,,,1429221.14,1763540.44
"2022-27909-19/09/2025","GEPPS CROSS","CITY OF PORT ADELAIDE ENFIELD",2,1,0,0,1,2022,"April","Thursday","12:58 pm",60,"Sealed","Dry","Not Raining","Daylight","Rear End",2,,,1328821.62,1679280.51
"2022-27910-19/09/2025","CLARENDON","CITY OF ONKAPARINGA",5,1,0,0,1,2022,"April","Thursday","03:15 pm",50,"Sealed","Dry","Not Raining","Daylight","Head On",1,,,1330235.87,1650358.02
"2022-27915-19/09/2025","SALISBURY PLAIN","CITY OF SALISBURY",2,1,0,0,1,2022,"April","Thursday","05:27 pm",80,"Sealed","Dry","Not Raining","Daylight","Hit Pedestrian",2,,,1334751.76,1687239.14
"2022-27916-19/09/2025","RICHMOND","CITY OF WEST TORRENS",2,1,0,0,1,2022,"April","Thursday","05:20 pm",60,"Sealed","Dry","Not Raining","Daylight","Hit Pedestrian",2,,,1325054.99,1668925.47
"2022-27918-19/09/2025","WARRADALE","CC MARION.",2,1,0,0,1,2022,"April","Thursday","06:00 pm",60,"Sealed","Dry","Not Raining","Night","Right Turn",1,,,1322720.14,1662474.36
"2022-27919-19/09/2025","LEAWOOD GARDENS","CC MITCHAM.",2,1,0,1,0,2022,"April","Thursday","06:53 pm",100,"Sealed","Dry","Not Raining","Night","Hit Fixed Object",1,"Y",,1334474.31,1665890.35
"2022-27929-19/09/2025","BALAKLAVA","WAKEFIELD REGIONAL COUNCIL",2,1,0,0,1,2022,"April","Friday","11:50 am",50,"Sealed","Dry","Not Raining","Daylight","Right Angle",2,,,1313525.6,1757556.39
"2022-27934-19/09/2025","ADELAIDE","CITY OF ADELAIDE",4,1,0,0,1,2022,"April","Friday","04:00 pm",50,"Sealed","Dry","Not Raining","Daylight","Right Angle",1,"Y",,1328452.6,1671147.69
"2022-27935-19/09/2025","PAYNEHAM","CC OF NORWOOD,PAYNEHAM & ST PETERS",2,1,0,0,1,2022,"April","Friday","03:00 pm",60,"Sealed","Dry","Not Raining","Daylight","Rear End",1,,,1332162.99,1673774.81
"2022-27936-19/09/2025","PORT GERMEIN","DC MT.REMARKABLE.",2,1,0,0,1,2022,"April","Friday","05:00 pm",110,"Sealed","Dry","Not Raining","Daylight","Head On",2,"Y",,1282711.81,1879277.85
"2022-27940-19/09/2025","CRAFERS WEST","THE ADELAIDE HILLS COUNCIL",2,2,0,1,1,2022,"April","Friday","08:30 pm",60,"Sealed","Dry","Not Raining","Night","Hit Animal",2,,,1336659.2,1663803.61
"2022-27941-19/09/2025","GLENCOE","WATTLE RANGE COUNCIL",2,2,0,0,2,2022,"April","Friday","11:30 am",100,"Unsealed","Dry","Not Raining","Daylight","Roll Over",1,,,1493294.61,1363286.51
"2022-27946-19/09/2025","STIRLING","THE ADELAIDE HILLS COUNCIL",2,1,0,0,1,2022,"April","Saturday","07:20 am",80,"Sealed","Dry","Not Raining","Daylight","Right Angle",2,,,1338787.87,1661686.75
"2022-27947-19/09/2025","CAMPBELLTOWN","CC CAMPBELLTOWN.",3,1,0,0,1,2022,"April","Saturday","09:38 am",60,"Sealed","Dry","Not Raining","Daylight","Rear End",1,,,1334479.04,1675753.27
"2022-27954-19/09/2025","KLEMZIG","CITY OF PORT ADELAIDE ENFIELD",2,1,0,0,1,2022,"April","Saturday","02:30 pm",60,"Sealed","Dry","Not Raining","Daylight","Right Turn",2,,"Y",1331711.04,1676189.66
"2022-27955-19/09/2025","MOUNT GAMBIER","CC MT.GAMBIER.",2,1,0,1,0,2022,"April","Saturday","12:08 pm",50,"Sealed","Dry","Not Raining","Daylight","Right Angle",1,,,1510511.02,1340007.72
"2022-27957-19/09/2025","MORPHETT VALE","CITY OF ONKAPARINGA",2,1,0,0,1,2022,"April","Saturday","02:40 pm",60,"Sealed","Dry","Not Raining","Daylight","Hit Fixed Object",1,,,1321086.54,1648702.96
"2022-27958-19/09/2025","MOORAK","DISTRICT COUNCIL OF GRANT",3,2,0,0,2,2022,"April","Saturday","02:09 pm",110,"Sealed","Dry","Not Raining","Daylight","Side Swipe",1,,,1507628.92,1334721.04
"2022-27964-19/09/2025","NORTH ADELAIDE","CITY OF ADELAIDE",2,1,0,0,1,2022,"April","Saturday","05:18 pm",50,"Sealed","Dry","Not Raining","Daylight","Hit Pedestrian",1,,,1328238.86,1672728.63
"2022-27972-19/09/2025","WINGFIELD","CITY OF PORT ADELAIDE ENFIELD",2,2,0,0,2,2022,"April","Sunday","07:45 am",60,"Sealed","Dry","Not Raining","Daylight","Right Angle",1,,,1323915.6,1679152.6
"2022-27974-19/09/2025","REYNELLA EAST","CITY OF ONKAPARINGA",1,1,0,0,1,2022,"April","Sunday","10:00 am",60,"Sealed","Dry","Not Raining","Daylight","Roll Over",9,,,1324155.62,1653429.42
"2022-27978-19/09/2025","GEPPS CROSS","CITY OF PORT ADELAIDE ENFIELD",3,3,0,0,3,2022,"April","Sunday","12:45 pm",60,"Sealed","Dry","Not Raining","Daylight","Rear End",1,,,1328803.96,1679525.17
"2022-27980-19/09/2025","VICTOR HARBOR","DC VICTOR HARBOR.",2,1,0,1,0,2022,"April","Sunday","11:30 am",60,"Sealed","Dry","Not Raining","Daylight","Side Swipe",2,,,1328716.92,1601920.05
"2022-27981-19/09/2025","FORDS","LIGHT REGIONAL COUNCIL",3,1,0,0,1,2022,"April","Sunday","11:09 am",100,"Sealed","Dry","Not Raining","Daylight","Side Swipe",1,,,1357455.44,1729485.4
"2022-27982-19/09/2025","MCLAREN VALE","CITY OF ONKAPARINGA",2,1,0,0,1,2022,"April","Sunday","03:50 pm",80,"Sealed","Wet","Raining","Daylight","Right Angle",2,,,1323348.67,1641831.55
"2022-27986-19/09/2025","CALLINGTON","DC MT.BARKER.",2,4,0,3,1,2022,"April","Sunday","03:56 pm",110,"Sealed","Dry","Not Raining","Daylight","Rear End",2,,,1365626.49,1647899.46
"2022-27987-19/09/2025","GULFVIEW HEIGHTS","CITY OF SALISBURY",2,1,0,0,1,2022,"April","Sunday","06:13 pm",60,"Sealed","Wet","Raining","Night","Hit Fixed Object",1,"Y",,1334407.89,1684321.95
"2022-27991-19/09/2025","PARA HILLS WEST","CITY OF SALISBURY",2,1,0,0,1,2022,"April","Monday","07:00 am",60,"Sealed","Wet","Not Raining","Daylight","Right Angle",1,,,1333434.52,1683702.92
"2022-27993-19/09/2025","MARION BAY","YORKE PENINSULA COUNCIL",1,4,0,0,4,2022,"April","Sunday","03:52 pm",100,"Unsealed","Dry","Not Raining","Daylight","Roll Over",1,,,1182127.45,1642194.12
"2022-27994-19/09/2025","ALDINGA","CITY OF ONKAPARINGA",2,1,0,0,1,2022,"April","Monday","12:25 pm",70,"Sealed","Dry","Not Raining","Daylight","Rear End",2,,,1316189.39,1632192.44
"2022-27997-19/09/2025","HACKNEY","CC OF NORWOOD,PAYNEHAM & ST PETERS",3,2,0,0,2,2022,"April","Monday","01:15 pm",60,"Sealed","Dry","Not Raining","Daylight","Hit Fixed Object",1,,,1329902.14,1671311.39
"2022-28010-19/09/2025","HAHNDORF","DC MT.BARKER.",2,1,0,0,1,2022,"April","Monday","02:20 pm",80,"Sealed","Dry","Not Raining","Daylight","Rear End",2,,,1346841.63,1659293.67
"2022-28012-19/09/2025","MORPHETT VALE","CITY OF ONKAPARINGA",2,1,0,0,1,2022,"April","Tuesday","12:07 pm",60,"Sealed","Dry","Not Raining","Daylight","Side Swipe",2,,,1320964.02,1648698.66
"2022-28018-19/09/2025","EDINBURGH NORTH","CITY OF PLAYFORD.",2,1,0,0,1,2022,"April","Tuesday","12:55 pm",60,"Sealed","Dry","Not Raining","Daylight","Side Swipe",1,,,1334549.47,1694962.6
"2022-28020-19/09/2025","WILLIAMSTOWN","THE BAROSSA COUNCIL.",2,1,0,0,1,2022,"April","Tuesday","09:50 am",100,"Unsealed","Dry","Not Raining","Daylight","Hit Fixed Object",1,,,1356770.61,1695914.77
"2022-28036-19/09/2025","MCLAREN FLAT","CITY OF ONKAPARINGA",1,1,0,0,1,2022,"April","Monday","01:25 pm",80,"Sealed","Dry","Not Raining","Daylight","Roll Over",1,,,1330704.89,1640289.25
"2022-28039-19/09/2025","CHANDLERS HILL","CITY OF ONKAPARINGA",2,1,0,0,1,2022,"April","Wednesday","08:00 am",80,"Sealed","Wet","Raining","Daylight","Hit Fixed Object",9,,,1328742.27,1651264.92
"2022-28040-19/09/2025","MIDDLETON","ALEXANDRINA COUNCIL",2,1,0,0,1,2022,"April","Tuesday","11:30 am",50,"Sealed","Dry","Not Raining","Daylight","Rear End",2,,,1336260.98,1605881.58
"2022-28041-19/09/2025","ADELAIDE","CITY OF ADELAIDE",1,1,0,0,1,2022,"April","Wednesday","08:50 am",60,"Sealed","Wet","Raining","Daylight","Roll Over",1,,,1327391.56,1670156.91
"2022-28053-19/09/2025","WEST CROYDON","CITY OF CHARLES STURT",2,1,0,0,1,2022,"March","Friday","09:35 am",40,"Sealed","Dry","Not Raining","Daylight","Right Angle",2,,,1324835.1,1674790.34
"2022-28054-19/09/2025","WYNN VALE","CITY OF TEA TREE GULLY",2,1,0,0,1,2022,"April","Wednesday","12:45 pm",50,"Sealed","Dry","Not Raining","Daylight","Right Angle",1,,,1336985.44,1685100.65
"2022-28056-19/09/2025","HILLCREST","CITY OF PORT ADELAIDE ENFIELD",2,1,0,0,1,2022,"April","Wednesday","12:20 pm",50,"Sealed","Dry","Not Raining","Daylight","Side Swipe",1,,,1333689.46,1678121.93
"2022-28057-19/09/2025","NORWOOD","CC OF NORWOOD,PAYNEHAM & ST PETERS",2,1,0,0,1,2022,"April","Tuesday","03:20 pm",60,"Sealed","Wet","Raining","Daylight","Rear End",2,,,1331433.13,1671069.06
"2022-28062-19/09/2025","UNLEY","CITY OF UNLEY",2,1,0,0,1,2022,"April","Wednesday","05:44 pm",60,"Sealed","Dry","Not Raining","Daylight","Side Swipe",2,,,1328707.69,1668971.24
"2022-28063-19/09/2025","BLACKWOOD","CC MITCHAM.",2,1,0,0,1,2022,"April","Wednesday","05:49 pm",50,"Sealed","Dry","Not Raining","Night","Right Angle",2,,,1329823.3,1659656.9
"2022-28065-19/09/2025","KOHINOOR","KANGAROO ISLAND COUNCIL",3,1,1,0,0,2022,"April","Wednesday","07:22 pm",110,"Sealed","Dry","Not Raining","Night","Hit Fixed Object",1,,,1217872.54,1582681.53
"2022-28070-19/09/2025","TORRENSVILLE","CITY OF WEST TORRENS",1,1,0,0,1,2022,"April","Thursday","07:46 am",60,"Sealed","Dry","Not Raining","Daylight","Roll Over",1,,,1324126.28,1670730.95
"2022-28071-19/09/2025","ST IVES","DC MT.BARKER.",1,1,0,0,1,2022,"April","Thursday","07:40 am",110,"Sealed","Dry","Not Raining","Daylight","Roll Over",1,,,1361782.86,1649901.11
"2022-28076-19/09/2025","TOOPERANG","ALEXANDRINA COUNCIL",2,1,0,0,1,2022,"April","Thursday","08:00 am",100,"Sealed","Dry","Not Raining","Daylight","Hit Animal",2,,,1339670.48,1621472.57
"2022-28077-19/09/2025","TUSMORE","CITY OF BURNSIDE",2,1,0,0,1,2022,"April","Wednesday","05:00 pm",60,"Sealed","Dry","Not Raining","Daylight","Rear End",2,,,1333197.69,1669076.37
"2022-28078-19/09/2025","RIDGEHAVEN","CITY OF TEA TREE GULLY",2,1,0,0,1,2022,"April","Thursday","12:10 pm",60,"Sealed","Dry","Not Raining","Daylight","Right Angle",1,,,1339721.69,1681992.81
"2022-28088-19/09/2025","HATHERLEIGH","WATTLE RANGE COUNCIL",6,3,0,2,1,2022,"April","Thursday","01:45 pm",110,"Sealed","Dry","Not Raining","Daylight","Head On",1,,,1465562.83,1382324.82
"2022-28091-19/09/2025","KANGARILLA","DC MT.BARKER.",2,1,0,0,1,2022,"April","Thursday","04:03 pm",80,"Sealed","Dry","Not Raining","Daylight","Hit Fixed Object",1,,,1337185.61,1643514.14
"2022-28092-19/09/2025","PENFIELD","CITY OF PLAYFORD.",2,1,0,1,0,2022,"April","Thursday","05:35 pm",110,"Sealed","Dry","Not Raining","Daylight","Hit Fixed Object",1,"Y","Y",1331401.54,1697660.52
"2022-28097-19/09/2025","BURRA","REGIONAL COUNCIL OF GOYDER",1,1,0,1,0,2022,"April","Thursday","11:30 am",80,"Sealed","Dry","Not Raining","Daylight","Roll Over",1,,,1361376.39,1807183.62
"2022-28102-19/09/2025","PROSPECT","CITY OF PROSPECT",2,1,0,0,1,2022,"April","Friday","01:55 am",60,"Sealed","Dry","Not Raining","Night","Right Angle",2,"Y",,1327236.23,1676392.98
"2022-28109-19/09/2025","LARGS NORTH","CITY OF PORT ADELAIDE ENFIELD",2,1,0,0,1,2022,"April","Friday","10:35 am",60,"Sealed","Dry","Not Raining","Daylight","Right Angle",1,,,1319167.62,1682813.65
"2022-28110-19/09/2025","PORT PIRIE SOUTH","PT.PIRIE CITY & DIST. COUNCIL",3,1,0,0,1,2022,"April","Friday","09:50 am",80,"Sealed","Dry","Not Raining","Daylight","Head On",1,"Y",,1280164.68,1862556.47
"2022-28113-19/09/2025","TORRENSVILLE","CITY OF WEST TORRENS",2,1,0,0,1,2022,"April","Friday","11:55 am",50,"Unsealed","Dry","Not Raining","Daylight","Side Swipe",1,,,1325513.48,1671092.45
"2022-28117-19/09/2025","GEPPS CROSS","CITY OF PORT ADELAIDE ENFIELD",2,1,0,0,1,2022,"April","Friday","01:00 pm",60,"Sealed","Dry","Not Raining","Daylight","Rear End",2,,,1327168.53,1679219.26
"2022-28123-19/09/2025","WOODVILLE WEST","CITY OF CHARLES STURT",2,1,0,0,1,2022,"April","Friday","04:15 pm",40,"Sealed","Dry","Not Raining","Daylight","Hit Fixed Object",1,,,1322207.55,1675084.71
"2022-28124-19/09/2025","WILLASTON","CT GAWLER.",2,1,0,0,1,2022,"April","Friday","03:45 pm",50,"Sealed","Dry","Not Raining","Daylight","Side Swipe",2,,,1342182.38,1707057.03
"2022-28126-19/09/2025","WESTBOURNE PARK","CC MITCHAM.",2,1,0,0,1,2022,"April","Friday","04:08 pm",60,"Sealed","Dry","Not Raining","Daylight","Rear End",2,,,1327715.97,1666214.61
"2022-28127-19/09/2025","NORTH ADELAIDE","CITY OF ADELAIDE",2,2,0,0,2,2022,"April","Friday","05:09 pm",60,"Sealed","Dry","Not Raining","Daylight","Right Turn",2,,,1327899.7,1671597.52
"2022-28138-19/09/2025","MALLALA","DC MALLALA.",2,2,0,0,2,2022,"April","Saturday","02:00 am",100,"Unsealed","Dry","Not Raining","Night","Hit Fixed Object",1,"Y",,1324231.07,1724888.17
"2022-28140-19/09/2025","PORT AUGUSTA","CC PT.AUGUSTA.",2,1,0,0,1,2022,"April","Saturday","04:58 am",50,"Sealed","Dry","Not Raining","Night","Hit Fixed Object",1,"Y",,1260073.6,1940539.37
"2022-28141-19/09/2025","HAWTHORN","CC MITCHAM.",2,1,0,0,1,2022,"April","Saturday","08:47 am",60,"Sealed","Dry","Not Raining","Daylight","Rear End",2,,,1328097.7,1666225.32
"2022-28142-19/09/2025","VIRGINIA","CITY OF PLAYFORD.",2,1,0,0,1,2022,"April","Friday","03:00 pm",80,"Sealed","Dry","Not Raining","Daylight","Side Swipe",2,,,1327032.97,1702743
"2022-28144-19/09/2025","WILLUNGA","CITY OF ONKAPARINGA",2,1,0,0,1,2022,"April","Saturday","10:50 am",100,"Sealed","Dry","Not Raining","Daylight","Hit Fixed Object",1,,,1323943.77,1631343.6
"2022-28148-19/09/2025","KLEMZIG","CITY OF PORT ADELAIDE ENFIELD",2,1,0,0,1,2022,"April","Saturday","12:05 pm",60,"Sealed","Dry","Not Raining","Daylight","Side Swipe",1,,,1331951.8,1675538.06
"2022-28149-19/09/2025","MUNNO PARA","CITY OF PLAYFORD.",2,5,0,0,5,2022,"April","Saturday","02:33 pm",60,"Sealed","Dry","Not Raining","Daylight","Right Turn",1,,,1336690.92,1698532.16
"2022-28151-19/09/2025","POORAKA","CITY OF SALISBURY",2,1,0,0,1,2022,"April","Saturday","06:15 pm",70,"Sealed","Dry","Not Raining","Night","Hit Fixed Object",1,,,1329828.64,1680895.67
"2022-28152-19/09/2025","GLENGOWRIE","CC MARION.",2,1,0,0,1,2022,"April","Saturday","06:20 pm",50,"Sealed","Dry","Not Raining","Night","Hit Parked Vehicle",1,"Y",,1322124.02,1664182.05
"2022-28156-19/09/2025","KURRALTA PARK","CITY OF WEST TORRENS",2,1,0,1,0,2022,"April","Saturday","10:45 pm",60,"Sealed","Dry","Not Raining","Night","Rear End",2,,,1325811.87,1667732.6
"2022-28160-19/09/2025","MINTARO","CLARE AND GILBERT VALLEYS DISTRICT COUNCIL",1,1,0,0,1,2022,"April","Sunday","12:45 am",100,"Sealed","Dry","Not Raining","Night","Roll Over",1,,,1344379.95,1781171.07
"2022-28178-19/09/2025","WARNERTOWN","PT.PIRIE CITY & DIST. COUNCIL",2,1,1,0,0,2022,"April","Sunday","03:30 pm",110,"Sealed","Dry","Not Raining","Daylight","Hit Fixed Object",1,,,1289121.62,1860286.68
"2022-28179-19/09/2025","DEEP CREEK","DC YANKALILLA.",2,1,0,0,1,2022,"April","Saturday","04:40 pm",60,"Unsealed","Dry","Not Raining","Daylight","Hit Fixed Object",1,,,1289453.84,1594075.16
"2022-28181-19/09/2025","ATHELSTONE","CC CAMPBELLTOWN.",2,1,0,0,1,2022,"April","Sunday","06:34 pm",60,"Sealed","Dry","Not Raining","Night","Hit Fixed Object",1,,,1338091.82,1676551.75
"2022-28187-19/09/2025","WILLUNGA","CITY OF ONKAPARINGA",1,1,0,0,1,2022,"April","Monday","09:40 am",100,"Sealed","Dry","Not Raining","Daylight","Roll Over",1,,,1324534.76,1631004.49
"2022-28189-19/09/2025","WATTLE PARK","CITY OF BURNSIDE",2,1,0,0,1,2022,"April","Monday","10:25 am",60,"Sealed","Dry","Not Raining","Daylight","Right Angle",1,,,1334704.64,1670493.07
"2022-28190-19/09/2025","CLARENCE GARDENS","CC MITCHAM.",3,1,0,0,1,2022,"April","Monday","11:38 am",50,"Sealed","Dry","Not Raining","Daylight","Hit Fixed Object",1,,,1326705.25,1665477.55
"2022-28200-19/09/2025","CURRAMULKA","YORKE PENINSULA COUNCIL",2,1,0,0,1,2022,"April","Monday","03:10 pm",100,"Sealed","Dry","Not Raining","Daylight","Hit Fixed Object",1,,,1253724.86,1705261.48
"2022-28202-19/09/2025","TWO WELLS","DC MALLALA.",3,2,0,0,2,2022,"April","Monday","03:50 pm",80,"Sealed","Dry","Not Raining","Daylight","Right Angle",2,,,1323569.14,1705342.84
"2022-28203-19/09/2025","WEST HINDMARSH","CITY OF CHARLES STURT",2,1,0,0,1,2022,"April","Monday","06:30 pm",60,"Sealed","Dry","Not Raining","Night","Right Turn",1,,,1325421.27,1673141.18
"2022-28205-19/09/2025","LINCOLN GAP","CC PT.AUGUSTA.",1,1,0,1,0,2022,"April","Monday","06:50 pm",110,"Sealed","Wet","Raining","Night","Roll Over",1,,,1250259.87,1939118.03
"2022-28206-19/09/2025","LEWISTON","DC MALLALA.",1,1,0,0,1,2022,"April","Tuesday","06:00 am",80,"Unsealed","Wet","Not Raining","Night","Roll Over",1,,,1326774.75,1704545.63
"2022-28210-19/09/2025","GLENSIDE","CITY OF BURNSIDE",3,1,0,0,1,2022,"April","Tuesday","06:50 am",60,"Sealed","Dry","Not Raining","Daylight","Rear End",1,,,1330700.4,1668686.64
"2022-28212-19/09/2025","CRYSTAL BROOK","PT.PIRIE CITY & DIST. COUNCIL",2,1,0,0,1,2022,"April","Tuesday","06:50 am",110,"Sealed","Wet","Not Raining","Daylight","Right Angle",1,,,1295786.28,1848899.92
"2022-28216-19/09/2025","PANORAMA","CC MITCHAM.",2,1,0,0,1,2022,"April","Monday","07:45 am",60,"Sealed","Dry","Not Raining","Daylight","Rear End",2,,,1327580.8,1663430.02
"2022-28218-19/09/2025","COROMANDEL VALLEY","CITY OF ONKAPARINGA",3,1,0,0,1,2022,"April","Monday","12:40 pm",60,"Sealed","Dry","Not Raining","Daylight","Rear End",2,,,1329831.86,1656827.7
"2022-28219-19/09/2025","BALHANNAH","THE ADELAIDE HILLS COUNCIL",1,1,0,0,1,2022,"April","Sunday","11:30 am",80,"Sealed","Dry","Not Raining","Daylight","Roll Over",1,,,1349078.48,1662127.3
"2022-28220-19/09/2025","PEAKE","COORONG DISTRICT COUNCIL",1,1,0,0,1,2022,"April","Tuesday","09:00 am",110,"Sealed","Dry","Not Raining","Daylight","Roll Over",1,,,1454782.85,1615102.46
"2022-28221-19/09/2025","HIGHBURY","CITY OF TEA TREE GULLY",2,2,0,2,0,2022,"April","Tuesday","11:36 am",60,"Sealed","Dry","Not Raining","Daylight","Hit Fixed Object",1,,,1339713.34,1679472.21
"2022-28222-19/09/2025","SALISBURY NORTH","CITY OF SALISBURY",2,2,0,0,2,2022,"April","Tuesday","02:31 pm",50,"Sealed","Dry","Not Raining","Daylight","Right Angle",1,,,1331127.39,1690175.17
"2022-28223-19/09/2025","WINGFIELD","CITY OF PORT ADELAIDE ENFIELD",2,1,0,0,1,2022,"April","Tuesday","01:35 pm",90,"Sealed","Dry","Not Raining","Daylight","Side Swipe",2,,,1324835.77,1681050.38
"2022-28225-19/09/2025","PARK HOLME","CC MARION.",2,1,0,0,1,2022,"April","Tuesday","02:15 pm",60,"Sealed","Dry","Not Raining","Daylight","Hit Fixed Object",1,,,1323937.81,1663128.29
"2022-28227-19/09/2025","FLINDERS PARK","CITY OF CHARLES STURT",2,1,0,0,1,2022,"April","Tuesday","03:55 pm",60,"Sealed","Dry","Not Raining","Daylight","Side Swipe",1,,,1324035.28,1672886.14
"2022-28232-19/09/2025","MODBURY NORTH","CITY OF TEA TREE GULLY",2,1,0,0,1,2022,"April","Tuesday","05:45 pm",80,"Sealed","Dry","Not Raining","Night","Right Turn",2,,,1336150.87,1681195.09
"2022-28233-19/09/2025","GLENELG EAST","CITY OF HOLDFAST BAY",2,1,0,0,1,2022,"April","Tuesday","06:05 pm",60,"Sealed","Dry","Not Raining","Night","Rear End",2,,,1321017.54,1664799.61
"2022-28236-19/09/2025","LOBETHAL","THE ADELAIDE HILLS COUNCIL",2,1,0,1,0,2022,"April","Wednesday","04:38 am",60,"Sealed","Wet","Raining","Night","Hit Fixed Object",9,,,1353821.04,1671453.99
"2022-28238-19/09/2025","BELLEVUE HEIGHTS","CC MITCHAM.",2,1,0,0,1,2022,"April","Wednesday","06:35 am",60,"Sealed","Dry","Not Raining","Night","Right Angle",2,,,1327069.89,1659507.82
"2022-28239-19/09/2025","LOBETHAL","THE ADELAIDE HILLS COUNCIL",2,1,0,0,1,2022,"April","Wednesday","06:13 am",60,"Sealed","Wet","Raining","Night","Head On",1,,"Y",1353863.81,1671610.1
"2022-28245-19/09/2025","NANGKITA","ALEXANDRINA COUNCIL",1,1,0,0,1,2022,"April","Wednesday","08:55 am",100,"Sealed","Wet","Not Raining","Daylight","Roll Over",1,,,1332796.67,1624179.39
"2022-28246-19/09/2025","KLEMZIG","CITY OF PORT ADELAIDE ENFIELD",2,1,0,0,1,2022,"April","Wednesday","06:30 am",60,"Sealed","Dry","Not Raining","Night","Rear End",1,,,1331690.63,1676251.12
"2022-28251-19/09/2025","REYNELLA","CITY OF ONKAPARINGA",1,1,0,0,1,2022,"April","Wednesday","07:15 am",100,"Sealed","Dry","Not Raining","Daylight","Roll Over",1,,,1320225.99,1651724.07
"2022-28254-19/09/2025","BROOKLYN PARK","CITY OF WEST TORRENS",2,1,0,0,1,2022,"April","Wednesday","10:30 am",60,"Sealed","Dry","Not Raining","Daylight","Side Swipe",1,,,1324137.65,1669982.91
"2022-28275-19/09/2025","WHYALLA NORRIE","CC WHYALLA.",1,1,1,0,0,2022,"April","Thursday","04:20 am",50,"Sealed","Dry","Not Raining","Night","Roll Over",1,"Y","Y",1237059.99,1883912.5
"2022-28279-19/09/2025","PORT AUGUSTA","CC PT.AUGUSTA.",2,1,0,0,1,2022,"April","Thursday","10:50 am",50,"Sealed","Dry","Not Raining","Daylight","Right Angle",2,,,1259294.76,1942360.2
"2022-28280-19/09/2025","BARMERA","THE BERRI BARMERA COUNCIL",1,2,0,0,2,2022,"April","Thursday","10:00 am",110,"Sealed","Dry","Not Raining","Daylight","Roll Over",1,,,1506596.05,1741361.02
"2022-28281-19/09/2025","WILLUNGA","CITY OF ONKAPARINGA",2,1,0,1,0,2022,"April","Thursday","11:04 am",100,"Sealed","Dry","Not Raining","Daylight","Head On",1,,,1324965.96,1630541.11