"REPORT_ID","Suburb","LGA Name","Total Units","Total Cas","Total Fats","Total SI","Total MI","Year","Month","Day","Time","Area Speed","Road Surface","Moisture Cond","Weather Cond","DayNight","Crash Type","Unit Resp","DUI Involved","Drugs Involved","ACCLOC_X","ACCLOC_Y"
"2022-28282-19/09/2025","CUMMINS","DC LOWER EYRE PENINSULA",1,1,0,1,0,2022,"April","Thursday","06:30 am",110,"Sealed","Wet","Raining","Night","Roll Over",1,,,1065727.96,1743695.87
"2022-28283-19/09/2025","ONKAPARINGA HILLS","CITY OF ONKAPARINGA",2,1,0,0,1,2022,"April","Thursday","11:40 am",60,"Sealed","Dry","Not Raining","Daylight","Hit Fixed Object",1,,,1324267.92,1649944.33
"2022-28286-19/09/2025","SOMERTON PARK","CITY OF HOLDFAST BAY",3,1,0,0,1,2022,"April","Thursday","11:55 am",60,"Sealed","Dry","Not Raining","Daylight","Rear End",2,,,1321087.42,1662744.98
"2022-28290-19/09/2025","TORRENSVILLE","CITY OF WEST TORRENS",2,1,0,0,1,2022,"April","Wednesday","01:10 pm",60,"Sealed","Dry","Not Raining","Daylight","Rear End",2,,,1325743.1,1671174.58
"2022-28291-19/09/2025","UPPER STURT","THE ADELAIDE HILLS COUNCIL",2,1,0,0,1,2022,"April","Thursday","12:50 pm",60,"Sealed","Dry","Not Raining","Daylight","Rear End",2,,,1336183.58,1660360.44
"2022-28294-19/09/2025","HINDMARSH","CITY OF CHARLES STURT",3,1,0,0,1,2022,"April","Thursday","03:18 pm",60,"Sealed","Dry","Not Raining","Daylight","Rear End",2,,,1325549.01,1673454.12
"2022-28305-19/09/2025","CHRISTIES BEACH","CITY OF ONKAPARINGA",1,1,0,0,1,2022,"March","Tuesday","09:00 pm",50,"Sealed","Unknown","Unknown","Night","Roll Over",1,,,1317098.04,1648336.14
"2022-28307-19/09/2025","CHRISTIE DOWNS","CITY OF ONKAPARINGA",1,1,0,0,1,2022,"March","Saturday","09:00 pm",50,"Sealed","Unknown","Unknown","Night","Roll Over",1,,,1318506.41,1647973.45
"2022-28309-19/09/2025","MANNINGHAM","CITY OF PORT ADELAIDE ENFIELD",4,2,0,1,1,2022,"April","Thursday","06:15 pm",60,"Sealed","Dry","Not Raining","Night","Head On",1,,"Y",1330743.84,1676578
"2022-28311-19/09/2025","HILLCREST","CITY OF PORT ADELAIDE ENFIELD",2,1,0,1,0,2022,"April","Thursday","07:04 pm",60,"Sealed","Dry","Not Raining","Night","Right Turn",1,,,1332545.3,1677000.39
"2022-28313-19/09/2025","BRAHMA LODGE","CITY OF SALISBURY",2,1,0,0,1,2022,"April","Thursday","07:15 pm",60,"Sealed","Dry","Not Raining","Night","Right Angle",2,,,1333954.25,1687799.46
"2022-28314-19/09/2025","MCDOUALL PEAK",,3,1,1,0,0,2022,"April","Thursday","08:13 pm",110,"Sealed","Dry","Not Raining","Night","Hit Animal",2,,,1011612.25,2245165.04
"2022-28315-19/09/2025","DRY CREEK","CITY OF PORT ADELAIDE ENFIELD",2,1,0,0,1,2022,"April","Friday","06:21 am",60,"Sealed","Dry","Not Raining","Night","Side Swipe",2,,,1327865.77,1680700.81
"2022-28317-19/09/2025","FULHAM GARDENS","CITY OF CHARLES STURT",2,1,0,0,1,2022,"April","Friday","06:55 am",60,"Sealed","Dry","Not Raining","Daylight","Right Angle",1,,,1320660.26,1672376.02
"2022-28324-19/09/2025","KOOTABERRA",,2,1,0,0,1,2022,"April","Friday","07:35 am",110,"Sealed","Dry","Not Raining","Daylight","Hit Fixed Object",1,,,1226230.8,2001491.63
"2022-28325-19/09/2025","ELIZABETH PARK","CITY OF PLAYFORD.",2,2,0,0,2,2022,"April","Thursday","04:55 pm",80,"Sealed","Dry","Not Raining","Daylight","Rear End",2,,,1335998.94,1693731.34
"2022-28326-19/09/2025","PROSPECT","CITY OF PROSPECT",2,1,0,0,1,2022,"April","Tuesday","12:02 pm",60,"Sealed","Dry","Not Raining","Daylight","Rear End",2,,,1327236.23,1676392.98
"2022-28333-19/09/2025","OAKDEN","CITY OF PORT ADELAIDE ENFIELD",2,1,0,0,1,2022,"April","Friday","01:00 pm",50,"Sealed","Wet","Raining","Daylight","Right Angle",2,,,1332043.63,1678234.56
"2022-28336-19/09/2025","ABERFOYLE PARK","CITY OF ONKAPARINGA",2,1,0,0,1,2022,"April","Thursday","06:30 pm",50,"Sealed","Dry","Not Raining","Night","Hit Parked Vehicle",1,,,1328790.57,1655689.15
"2022-28337-19/09/2025","RISDON PARK","PT.PIRIE CITY & DIST. COUNCIL",2,1,0,0,1,2022,"April","Friday","01:28 pm",50,"Sealed","Dry","Not Raining","Daylight","Hit Parked Vehicle",1,,,1278274.83,1864032.9
"2022-28339-19/09/2025","VIRGINIA","CITY OF PLAYFORD.",2,1,0,0,1,2022,"April","Friday","02:45 pm",90,"Sealed","Dry","Not Raining","Daylight","Right Angle",2,,,1326421.71,1696569.21
"2022-28346-19/09/2025","GLENELG EAST","CITY OF HOLDFAST BAY",2,1,0,0,1,2022,"April","Friday","11:40 am",60,"Sealed","Wet","Not Raining","Daylight","Rear End",1,,,1321013.09,1665055.37
"2022-28348-19/09/2025","CLEVE","DC CLEVE.",2,1,1,0,0,2022,"April","Friday","12:58 pm",60,"Sealed","Dry","Not Raining","Daylight","Hit Parked Vehicle",1,,,1137164.03,1810925.83
"2022-28354-19/09/2025","PORT MACDONNELL","DISTRICT COUNCIL OF GRANT",2,1,0,0,1,2022,"April","Friday","04:10 pm",50,"Sealed","Dry","Not Raining","Daylight","Hit Fixed Object",1,"Y",,1500712.2,1315372.18
"2022-28360-19/09/2025","SEATON","CITY OF CHARLES STURT",1,1,0,0,1,2022,"April","Monday","11:00 pm",50,"Sealed","Dry","Not Raining","Night","Roll Over",1,,"Y",1320917.58,1674228.09
"2022-28365-19/09/2025","MOUNT PLEASANT","THE BAROSSA COUNCIL.",4,1,0,0,1,2022,"April","Friday","08:25 pm",60,"Sealed","Dry","Not Raining","Night","Hit Parked Vehicle",1,,,1369594.49,1685640.36
"2022-28376-19/09/2025","ASCOT PARK","CC MARION.",2,2,0,0,2,2022,"April","Saturday","09:32 am",50,"Sealed","Dry","Not Raining","Daylight","Right Angle",2,,,1325048.29,1664003.61
"2022-28384-19/09/2025","HAY VALLEY","DC MT.BARKER.",2,1,0,0,1,2022,"April","Saturday","12:37 pm",80,"Sealed","Dry","Not Raining","Daylight","Rear End",2,,,1355564.43,1661203.66
"2022-28389-19/09/2025","AUBURN","CLARE AND GILBERT VALLEYS DISTRICT COUNCIL",2,1,0,0,1,2022,"April","Saturday","09:27 am",50,"Sealed","Dry","Not Raining","Daylight","Right Angle",2,,,1339133.15,1769774.73
"2022-28391-19/09/2025","OVINGHAM","CITY OF CHARLES STURT",2,1,0,0,1,2022,"April","Saturday","04:45 pm",60,"Sealed","Dry","Not Raining","Daylight","Right Turn",2,,,1327121.41,1673280.8
"2022-28392-19/09/2025","MOUNT CLARENCE STATION",,1,1,0,0,1,2022,"April","Saturday","04:30 pm",110,"Unsealed","Dry","Not Raining","Daylight","Roll Over",1,,,993887.36,2312791.56
"2022-28393-19/09/2025","KANGARILLA","CITY OF ONKAPARINGA",3,1,0,0,1,2022,"April","Saturday","05:12 pm",60,"Sealed","Dry","Not Raining","Daylight","Other",2,,,1333506.85,1645673.15
"2022-28395-19/09/2025","FULHAM","CITY OF WEST TORRENS",3,2,0,0,2,2022,"April","Saturday","12:10 pm",60,"Sealed","Dry","Not Raining","Daylight","Rear End",1,,,1320986.97,1670784.39
"2022-28399-19/09/2025","HALLETT COVE","CC MARION.",2,1,0,0,1,2022,"April","Saturday","07:35 pm",50,"Sealed","Dry","Not Raining","Night","Hit Parked Vehicle",1,"Y",,1319345.14,1654057.83
"2022-28401-19/09/2025","KINGSWOOD","CC MITCHAM.",2,1,0,0,1,2022,"April","Saturday","06:00 pm",60,"Sealed","Dry","Not Raining","Night","Right Angle",1,,,1329135.99,1666253.56
"2022-28402-19/09/2025","ELIZABETH","CITY OF PLAYFORD.",2,1,0,0,1,2022,"April","Saturday","11:25 pm",60,"Sealed","Dry","Not Raining","Night","Side Swipe",1,,,1335412.58,1692765.37
"2022-28406-19/09/2025","MAGILL","CC CAMPBELLTOWN.",2,1,0,0,1,2022,"May","Sunday","08:50 am",60,"Sealed","Dry","Not Raining","Daylight","Right Angle",1,,,1336301.15,1672160.75
"2022-28408-19/09/2025","SEATON","CITY OF CHARLES STURT",2,2,0,0,2,2022,"May","Sunday","08:55 am",60,"Sealed","Dry","Not Raining","Daylight","Right Angle",1,,,1320702.94,1676060.67
"2022-28409-19/09/2025","CANUNDA","WATTLE RANGE COUNCIL",1,1,0,1,0,2022,"April","Saturday","11:00 am",100,"Unsealed","Unknown","Not Raining","Daylight","Roll Over",1,,,1458314.14,1366171.1
"2022-28411-19/09/2025","WYNN VALE","CITY OF TEA TREE GULLY",2,1,0,0,1,2022,"May","Sunday","09:40 am",70,"Sealed","Dry","Not Raining","Daylight","Side Swipe",2,,,1335883.43,1683244.69
"2022-28414-19/09/2025","FIRLE","CC OF NORWOOD,PAYNEHAM & ST PETERS",1,1,0,0,1,2022,"May","Sunday","12:42 pm",50,"Sealed","Dry","Not Raining","Daylight","Roll Over",1,,,1333177.87,1673228.63
"2022-28415-19/09/2025","STURT","CC MARION.",3,1,0,0,1,2022,"May","Sunday","12:49 pm",60,"Sealed","Dry","Not Raining","Daylight","Rear End",1,,,1323921.28,1660655.95
"2022-28420-19/09/2025","TEROWIE","REGIONAL COUNCIL OF GOYDER",1,1,0,1,0,2022,"May","Sunday","11:30 am",100,"Unsealed","Dry","Not Raining","Daylight","Roll Over",1,,,1369448.32,1860917.47
"2022-28423-19/09/2025","GILLES PLAINS","CITY OF TEA TREE GULLY",2,2,0,0,2,2022,"May","Sunday","05:05 pm",60,"Sealed","Dry","Not Raining","Daylight","Rear End",2,,,1335193.27,1679199.08
"2022-28428-19/09/2025","BEACHPORT","WATTLE RANGE COUNCIL",1,1,0,0,1,2022,"March","Friday","03:00 pm",50,"Unsealed","Dry","Not Raining","Daylight","Roll Over",1,,,1440104.91,1388911.46
"2022-28430-19/09/2025","CRAFERS","THE ADELAIDE HILLS COUNCIL",3,1,0,0,1,2022,"May","Monday","07:15 am",100,"Sealed","Dry","Not Raining","Daylight","Rear End",2,,,1337529.89,1662394.38
"2022-28431-19/09/2025","SEFTON PARK","CITY OF PORT ADELAIDE ENFIELD",4,1,0,0,1,2022,"May","Monday","12:29 pm",60,"Sealed","Dry","Not Raining","Daylight","Right Turn",1,,,1329030.84,1676437.2
"2022-28432-19/09/2025","MOONTA BAY","COPPER COAST DISTRICT COUNCIL",2,2,0,0,2,2022,"May","Monday","07:50 am",50,"Sealed","Dry","Not Raining","Daylight","Right Angle",2,,,1236494.19,1769982.58
"2022-28438-19/09/2025","CRYSTAL BROOK","PT.PIRIE CITY & DIST. COUNCIL",2,1,0,0,1,2022,"May","Monday","09:30 am",110,"Sealed","Dry","Not Raining","Daylight","Hit Fixed Object",1,,,1298482.45,1852093.86
"2022-28446-19/09/2025","PORT AUGUSTA","CC PT.AUGUSTA.",2,1,0,0,1,2022,"May","Monday","12:35 pm",50,"Sealed","Dry","Not Raining","Daylight","Roll Over",1,,,1260392.29,1943393.1
"2022-28447-19/09/2025","POINT TURTON","YORKE PENINSULA COUNCIL",2,1,0,0,1,2022,"May","Monday","01:20 pm",50,"Sealed","Dry","Not Raining","Daylight","Head On",2,"Y",,1214589.2,1671618.56
"2022-28455-19/09/2025","BLAIR ATHOL","CITY OF PORT ADELAIDE ENFIELD",2,1,0,0,1,2022,"May","Monday","03:35 pm",50,"Sealed","Dry","Not Raining","Daylight","Hit Fixed Object",1,,,1328393.49,1678103.56
"2022-28459-19/09/2025","NOARLUNGA CENTRE","CITY OF ONKAPARINGA",2,1,0,0,1,2022,"May","Monday","05:20 pm",60,"Sealed","Dry","Not Raining","Daylight","Right Angle",1,,,1318973.78,1647479.77
"2022-28461-19/09/2025","CUMBERLAND PARK","CC MITCHAM.",3,1,0,0,1,2022,"May","Monday","05:52 pm",60,"Sealed","Dry","Not Raining","Night","Right Turn",1,,,1327514.82,1665944.74
"2022-28466-19/09/2025","RENMARK","DC RENMARK PARINGA",2,1,0,0,1,2022,"May","Monday","08:10 am",60,"Sealed","Dry","Not Raining","Daylight","Right Angle",1,,,1528357.68,1745085.73
"2022-28468-19/09/2025","KESWICK TERMINAL","CITY OF WEST TORRENS",2,2,0,0,2,2022,"May","Tuesday","07:35 am",60,"Sealed","Dry","Not Raining","Daylight","Right Turn",2,,,1326431.79,1668967.8
"2022-28477-19/09/2025","MUNNO PARA","CITY OF PLAYFORD.",2,2,0,0,2,2022,"April","Friday","08:35 pm",80,"Sealed","Wet","Not Raining","Night","Rear End",2,,,1338210.83,1697712.55
"2022-28478-19/09/2025","ELIZABETH EAST","CITY OF PLAYFORD.",2,1,0,0,1,2022,"May","Tuesday","10:30 am",60,"Sealed","Dry","Not Raining","Daylight","Right Turn",2,,,1336399.61,1693393.51
"2022-28479-19/09/2025","SALISBURY EAST","CITY OF SALISBURY",2,1,0,0,1,2022,"May","Monday","10:30 am",50,"Sealed","Dry","Not Raining","Daylight","Right Angle",2,,,1334221.46,1686108.31
"2022-28482-19/09/2025","TUMBY BAY","DC TUMBY BAY.",2,2,0,1,1,2022,"May","Tuesday","12:56 pm",100,"Unsealed","Dry","Not Raining","Daylight","Hit Fixed Object",1,,,1099189.12,1729194.45
"2022-28485-19/09/2025","TWO WELLS","DC MALLALA.",2,3,0,0,3,2022,"May","Tuesday","01:45 pm",80,"Sealed","Dry","Not Raining","Daylight","Right Angle",1,,,1323569.14,1705342.84
"2022-28489-19/09/2025","SEAFORD RISE","CITY OF ONKAPARINGA",2,1,0,0,1,2022,"May","Tuesday","10:15 am",60,"Sealed","Dry","Not Raining","Daylight","Right Turn",1,,,1317537.2,1641650.26
"2022-28493-19/09/2025","MAYLANDS","CC OF NORWOOD,PAYNEHAM & ST PETERS",2,1,0,0,1,2022,"May","Tuesday","05:10 pm",60,"Sealed","Dry","Not Raining","Daylight","Right Turn",1,,,1332238.21,1671761.6
"2022-28497-19/09/2025","KILKENNY","CITY OF CHARLES STURT",2,1,0,0,1,2022,"May","Tuesday","05:10 pm",50,"Sealed","Dry","Not Raining","Daylight","Right Angle",2,,,1324308.39,1676403.71
"2022-28498-19/09/2025","MOUNT BARKER","DC MT.BARKER.",2,1,0,0,1,2022,"May","Tuesday","05:40 pm",60,"Sealed","Dry","Not Raining","Night","Right Angle",2,,,1351394.06,1653613.01
"2022-28500-19/09/2025","PARKSIDE","CITY OF UNLEY",2,1,0,0,1,2022,"May","Tuesday","05:45 pm",60,"Sealed","Dry","Not Raining","Night","Rear End",2,,,1329057.06,1668981.6
"2022-28501-19/09/2025","HACKHAM","CITY OF ONKAPARINGA",3,1,0,0,1,2022,"May","Tuesday","04:30 pm",50,"Sealed","Dry","Not Raining","Daylight","Hit Parked Vehicle",1,,,1321557.28,1646802.38
"2022-28502-19/09/2025","NORWOOD","CC OF NORWOOD,PAYNEHAM & ST PETERS",2,1,0,0,1,2022,"May","Tuesday","07:19 pm",60,"Sealed","Wet","Not Raining","Night","Hit Pedestrian",1,,,1330829.47,1671041.07
"2022-28503-19/09/2025","INGLE FARM","CITY OF SALISBURY",3,1,0,0,1,2022,"May","Tuesday","07:35 pm",60,"Sealed","Dry","Not Raining","Night","Right Turn",1,,,1333676.11,1681209.82
"2022-28506-19/09/2025","SALISBURY SOUTH","CITY OF SALISBURY",2,1,1,0,0,2022,"May","Wednesday","05:26 am",60,"Sealed","Wet","Not Raining","Night","Right Angle",2,,"Y",1333108.92,1685520.79
"2022-28507-19/09/2025","REGENCY PARK","CITY OF PORT ADELAIDE ENFIELD",3,2,0,0,2,2022,"May","Wednesday","06:05 am",60,"Sealed","Wet","Not Raining","Night","Right Turn",1,,,1326048.74,1676376.57
"2022-28511-19/09/2025","WALKLEY HEIGHTS","CITY OF SALISBURY",2,1,0,0,1,2022,"May","Wednesday","07:40 am",60,"Sealed","Wet","Not Raining","Daylight","Rear End",1,,,1331258.29,1680682.96
"2022-28512-19/09/2025","ADELAIDE","CITY OF ADELAIDE",2,1,0,0,1,2022,"March","Tuesday","12:14 pm",50,"Sealed","Dry","Not Raining","Daylight","Rear End",2,,,1329226.46,1671155.57
"2022-28514-19/09/2025","KILBURN","CITY OF PORT ADELAIDE ENFIELD",2,1,0,0,1,2022,"May","Monday","03:10 pm",60,"Sealed","Dry","Not Raining","Daylight","Rear End",2,,,1327201.56,1678037.89
"2022-28515-19/09/2025","FRANCES","DC NARACOORTE & LUCINDALE.",1,1,0,0,1,2022,"May","Sunday","11:00 am",100,"Sealed","Dry","Not Raining","Daylight","Roll Over",1,,,1531862.9,1462617.93
"2022-28517-19/09/2025","CLEARVIEW","CITY OF PORT ADELAIDE ENFIELD",2,1,0,0,1,2022,"May","Tuesday","05:10 pm",60,"Sealed","Dry","Not Raining","Daylight","Right Turn",2,,,1330418.02,1677332.98
"2022-28518-19/09/2025","ADELAIDE","CITY OF ADELAIDE",2,1,0,0,1,2022,"April","Wednesday","08:00 am",50,"Sealed","Dry","Not Raining","Daylight","Side Swipe",2,,,1329110.65,1670997.62
"2022-28521-19/09/2025","MARLESTON","CITY OF WEST TORRENS",2,1,0,0,1,2022,"May","Wednesday","01:52 pm",60,"Sealed","Dry","Not Raining","Daylight","Right Angle",1,,,1324826.78,1668928.52
"2022-28524-19/09/2025","OAKLANDS PARK","CC MARION.",2,1,0,0,1,2022,"May","Wednesday","03:08 pm",60,"Sealed","Dry","Not Raining","Daylight","Right Turn",1,,,1322768.82,1660878.17
"2022-28525-19/09/2025","FULLARTON","CITY OF UNLEY",2,1,0,1,0,2022,"February","Thursday","08:10 am",60,"Sealed","Dry","Not Raining","Daylight","Side Swipe",1,,,1331584.99,1667614.29
"2022-28528-19/09/2025","NORTH PLYMPTON","CITY OF WEST TORRENS",3,1,0,0,1,2022,"May","Wednesday","03:58 pm",60,"Sealed","Dry","Not Raining","Daylight","Rear End",1,,,1324218.24,1667342.42
"2022-28529-19/09/2025","MUNNO PARA WEST","CITY OF PLAYFORD.",2,1,0,0,1,2022,"May","Wednesday","02:15 pm",60,"Sealed","Dry","Not Raining","Daylight","Rear End",1,,,1336164.68,1698824.53
"2022-28532-19/09/2025","ELIZABETH EAST","CITY OF PLAYFORD.",2,1,0,0,1,2022,"May","Wednesday","04:20 pm",60,"Sealed","Dry","Not Raining","Daylight","Right Angle",2,,,1336896.21,1693032.29
"2022-28537-19/09/2025","WOODVILLE GARDENS","CITY OF PORT ADELAIDE ENFIELD",2,1,0,0,1,2022,"May","Wednesday","06:19 pm",60,"Sealed","Wet","Raining","Night","Right Angle",2,,,1323940.05,1677639.62
"2022-28541-19/09/2025","WEST HINDMARSH","CITY OF CHARLES STURT",2,1,0,0,1,2022,"May","Wednesday","04:05 pm",60,"Sealed","Dry","Not Raining","Daylight","Rear End",2,,,1325423.2,1673149.42
"2022-28543-19/09/2025","BEDFORD PARK","CC MARION.",2,1,0,1,0,2022,"May","Wednesday","05:45 pm",80,"Sealed","Wet","Raining","Night","Hit Fixed Object",1,,,1324796.91,1660118.44
"2022-28553-19/09/2025","KINGSWOOD","CC MITCHAM.",2,1,0,0,1,2022,"May","Thursday","07:52 am",60,"Sealed","Wet","Not Raining","Daylight","Rear End",2,,,1329346.25,1666249.6
"2022-28558-19/09/2025","WATERLOO CORNER","CITY OF PLAYFORD.",3,1,0,0,1,2022,"May","Thursday","07:50 am",110,"Sealed","Wet","Raining","Daylight","Rear End",1,,,1327418.16,1696037.25
"2022-28561-19/09/2025","STIRLING","THE ADELAIDE HILLS COUNCIL",3,2,0,0,2,2022,"May","Thursday","08:05 am",100,"Sealed","Dry","Not Raining","Daylight","Rear End",1,,,1339252.03,1661978.43
"2022-28570-19/09/2025","KERSBROOK","THE ADELAIDE HILLS COUNCIL",4,1,0,0,1,2022,"May","Thursday","07:45 am",100,"Sealed","Wet","Raining","Daylight","Hit Fixed Object",1,,,1353586.53,1686964.38
"2022-28571-19/09/2025","RIDGEHAVEN","CITY OF TEA TREE GULLY",2,1,0,0,1,2022,"May","Thursday","12:10 pm",60,"Sealed","Wet","Raining","Daylight","Right Angle",2,,,1337948.76,1681257.53
"2022-28576-19/09/2025","MOUNT BARKER","DC MT.BARKER.",2,1,0,0,1,2022,"May","Thursday","06:30 am",60,"Unsealed","Wet","Raining","Night","Rear End",2,,,1351146.94,1654575.02
"2022-28584-19/09/2025","WATERLOO CORNER","CITY OF PLAYFORD.",2,1,0,0,1,2022,"May","Thursday","04:20 pm",110,"Sealed","Wet","Not Raining","Daylight","Hit Fixed Object",1,,,1326647.19,1694938.95
"2022-28586-19/09/2025","PARACOMBE","THE ADELAIDE HILLS COUNCIL",2,1,0,1,0,2022,"May","Thursday","04:20 pm",80,"Sealed","Wet","Raining","Daylight","Hit Fixed Object",1,,,1346914.76,1678588.77
"2022-28588-19/09/2025","POORAKA","CITY OF SALISBURY",2,1,0,0,1,2022,"May","Thursday","04:50 pm",70,"Sealed","Dry","Not Raining","Daylight","Rear End",2,,,1330499.62,1681832.25
"2022-28591-19/09/2025","MANNINGHAM","CITY OF PORT ADELAIDE ENFIELD",2,1,0,0,1,2022,"May","Thursday","06:00 pm",60,"Sealed","Wet","Raining","Night","Rear End",2,,,1330439.44,1676495.16
"2022-28592-19/09/2025","PANORAMA","CC MITCHAM.",2,1,0,0,1,2022,"May","Thursday","05:30 pm",60,"Sealed","Dry","Not Raining","Night","Rear End",2,,,1327972.98,1663499.19
"2022-28596-19/09/2025","WEST LAKES","CITY OF CHARLES STURT",2,1,0,0,1,2022,"May","Thursday","07:18 pm",50,"Sealed","Wet","Not Raining","Night","Hit Parked Vehicle",1,,,1319793.8,1676640.16
"2022-28598-19/09/2025","RICHMOND","CITY OF WEST TORRENS",2,1,0,1,0,2022,"May","Thursday","02:25 pm",60,"Sealed","Wet","Raining","Daylight","Rear End",2,,,1324167.8,1669231.11
"2022-28600-19/09/2025","COROMANDEL VALLEY","CITY OF ONKAPARINGA",1,1,0,0,1,2022,"May","Thursday","10:10 pm",50,"Sealed","Wet","Not Raining","Night","Left Road - Out of Control",1,,,1330223.35,1658290.27
"2022-28601-19/09/2025","HENDON","CITY OF CHARLES STURT",2,1,0,0,1,2022,"May","Thursday","09:32 pm",50,"Sealed","Wet","Raining","Night","Hit Fixed Object",1,"Y",,1321075.22,1676844.15
"2022-28605-19/09/2025","KENT TOWN","CC OF NORWOOD,PAYNEHAM & ST PETERS",1,1,0,0,1,2022,"May","Thursday","06:40 am",60,"Sealed","Wet","Raining","Night","Roll Over",1,,,1330402.46,1670635.84
"2022-28606-19/09/2025","PAYNEHAM","CC OF NORWOOD,PAYNEHAM & ST PETERS",2,1,0,0,1,2022,"May","Friday","06:54 am",60,"Sealed","Dry","Not Raining","Night","Right Turn",1,,,1332162.99,1673774.81
"2022-28607-19/09/2025","PARKSIDE","CITY OF UNLEY",2,1,0,0,1,2022,"May","Friday","07:09 am",60,"Sealed","Dry","Not Raining","Daylight","Right Turn",2,,,1330707.08,1668319.59
"2022-28609-19/09/2025","SEATON","CITY OF CHARLES STURT",2,1,0,0,1,2022,"May","Friday","07:45 am",60,"Sealed","Dry","Not Raining","Daylight","Right Angle",1,,,1319895.4,1675570.39
"2022-28614-19/09/2025","HILLIER","CT GAWLER.",2,1,0,0,1,2022,"May","Friday","07:00 am",90,"Sealed","Dry","Not Raining","Daylight","Rear End",2,,,1336900.28,1702626.19
"2022-28615-19/09/2025","CAMPBELLTOWN","CC CAMPBELLTOWN.",2,1,0,0,1,2022,"May","Friday","09:49 am",60,"Sealed","Dry","Not Raining","Daylight","Right Angle",1,,,1334268.17,1675361.7
"2022-28618-19/09/2025","MIDDLETON","ALEXANDRINA COUNCIL",3,1,0,1,0,2022,"May","Friday","11:52 am",80,"Sealed","Wet","Raining","Daylight","Head On",1,,,1335581.71,1605491.37
"2022-28620-19/09/2025","MYPONGA","DC YANKALILLA.",2,1,0,0,1,2022,"May","Friday","09:15 am",100,"Sealed","Wet","Raining","Daylight","Hit Fixed Object",1,,,1311140.76,1616880.38
"2022-28623-19/09/2025","BIRDWOOD","THE ADELAIDE HILLS COUNCIL",2,1,0,1,0,2022,"May","Friday","10:50 am",50,"Sealed","Wet","Not Raining","Daylight","Hit Fixed Object",1,,,1361337.39,1681224.57
"2022-28625-19/09/2025","HAHNDORF","DC MT.BARKER.",2,3,0,0,3,2022,"May","Friday","01:38 pm",80,"Sealed","Wet","Raining","Daylight","Head On",1,,,1349470.69,1656388.78
"2022-28626-19/09/2025","KINGSWOOD","CC MITCHAM.",2,1,0,0,1,2022,"March","Sunday","05:00 pm",60,"Sealed","Dry","Not Raining","Daylight","Rear End",2,,,1329135.99,1666253.56
"2022-28627-19/09/2025","WOODVILLE NORTH","CITY OF CHARLES STURT",2,2,0,0,2,2022,"May","Friday","03:37 pm",60,"Sealed","Dry","Not Raining","Daylight","Rear End",1,,,1323740.72,1676615.37
"2022-28633-19/09/2025","NOARLUNGA CENTRE","CITY OF ONKAPARINGA",2,1,0,0,1,2022,"May","Friday","04:40 pm",60,"Sealed","Dry","Not Raining","Daylight","Head On",2,,,1318662.64,1647468.52
"2022-28637-19/09/2025","MITCHELL PARK","CC MARION.",2,1,0,0,1,2022,"May","Friday","07:28 pm",60,"Sealed","Dry","Not Raining","Night","Rear End",1,,,1324366.82,1661840.98
"2022-28642-19/09/2025","SALISBURY","CITY OF SALISBURY",2,1,0,1,0,2022,"May","Saturday","02:15 am",20,"Sealed","Dry","Not Raining","Night","Hit Fixed Object",1,"Y",,1333177.38,1688603.04
"2022-28643-19/09/2025","LOWER MITCHAM","CC MITCHAM.",3,1,0,0,1,2022,"May","Saturday","05:35 am",50,"Sealed","Dry","Not Raining","Night","Hit Parked Vehicle",1,"Y",,1328380.64,1664390.77
"2022-28646-19/09/2025","GLENELG","CITY OF HOLDFAST BAY",2,1,0,0,1,2022,"May","Friday","01:15 pm",50,"Sealed","Dry","Not Raining","Daylight","Hit Pedestrian",2,,,1320533.72,1665027.52
"2022-28649-19/09/2025","WARRADALE","CC MARION.",2,1,0,0,1,2022,"May","Saturday","11:22 am",60,"Sealed","Dry","Not Raining","Daylight","Right Angle",2,,,1322720.14,1662474.36
"2022-28653-19/09/2025","ST MORRIS","CC OF NORWOOD,PAYNEHAM & ST PETERS",1,1,0,0,1,2022,"May","Saturday","01:25 pm",60,"Sealed","Dry","Not Raining","Daylight","Roll Over",1,,,1333859.33,1671805.1
"2022-28665-19/09/2025","KAPUNDA","LIGHT REGIONAL COUNCIL",2,1,0,1,0,2022,"May","Saturday","05:30 pm",100,"Sealed","Wet","Not Raining","Night","Hit Fixed Object",1,,,1362091.9,1734202.9
"2022-28666-19/09/2025","GLANDORE","CC MARION.",4,1,0,1,0,2022,"May","Saturday","05:45 pm",60,"Sealed","Wet","Raining","Night","Rear End",1,,,1325862.85,1666529.66
"2022-28670-19/09/2025","BACK VALLEY","DC YANKALILLA.",1,1,0,0,1,2022,"May","Saturday","11:58 pm",100,"Unsealed","Wet","Raining","Night","Roll Over",1,,,1311643.51,1604064.99
"2022-28672-19/09/2025","WALKERVILLE","WALKERVILLE TOWN COUNCIL",3,2,0,0,2,2022,"May","Sunday","01:00 am",60,"Sealed","Wet","Not Raining","Night","Hit Fixed Object",1,,,1329593.63,1674386.86
"2022-28676-19/09/2025","KLEMZIG","CITY OF PORT ADELAIDE ENFIELD",2,1,0,0,1,2022,"May","Sunday","10:39 am",60,"Sealed","Dry","Not Raining","Daylight","Hit Pedestrian",1,,,1332080.32,1676585.35
"2022-28677-19/09/2025","KURRALTA PARK","CITY OF WEST TORRENS",2,1,0,0,1,2022,"May","Sunday","12:19 pm",50,"Sealed","Dry","Not Raining","Daylight","Hit Fixed Object",1,"Y",,1325403.96,1668456.1