"REPORT_ID","Suburb","LGA Name","Total Units","Total Cas","Total Fats","Total SI","Total MI","Year","Month","Day","Time","Area Speed","Road Surface","Moisture Cond","Weather Cond","DayNight","Crash Type","Unit Resp","DUI Involved","Drugs Involved","ACCLOC_X","ACCLOC_Y"
"2022-28679-19/09/2025","ONKAPARINGA HILLS","CITY OF ONKAPARINGA",2,1,0,0,1,2022,"May","Sunday","01:45 pm",60,"Sealed","Dry","Not Raining","Daylight","Rear End",2,,,1324267.92,1649944.33
"2022-28683-19/09/2025","UNGARRA","DC TUMBY BAY.",1,1,0,0,1,2022,"May","Sunday","02:00 pm",100,"Unsealed","Dry","Not Raining","Daylight","Roll Over",1,,,1093028.13,1747407.12
"2022-28688-19/09/2025","WOODCROFT","CITY OF ONKAPARINGA",2,1,0,0,1,2022,"May","Friday","07:50 am",60,"Sealed","Wet","Raining","Daylight","Rear End",1,,,1323609.17,1649933.96
"2022-28691-19/09/2025","MORPHETT VALE","CITY OF ONKAPARINGA",2,1,0,0,1,2022,"May","Sunday","07:00 pm",60,"Sealed","Dry","Not Raining","Night","Right Angle",2,,,1321901.02,1651049.42
"2022-28694-19/09/2025","MILLBROOK","THE ADELAIDE HILLS COUNCIL",1,1,0,0,1,2022,"May","Sunday","09:20 pm",80,"Sealed","Wet","Not Raining","Night","Roll Over",1,,,1349406.55,1680958.91
"2022-28696-19/09/2025","ADELAIDE","CITY OF ADELAIDE",2,1,0,0,1,2022,"May","Monday","07:20 am",50,"Sealed","Dry","Not Raining","Daylight","Right Angle",2,,,1329495.76,1671170.43
"2022-28697-19/09/2025","ELIZABETH","CITY OF PLAYFORD.",2,1,0,0,1,2022,"March","Wednesday","09:10 pm",60,"Sealed","Dry","Not Raining","Night","Rear End",2,,,1335621.25,1693843.53
"2022-28699-19/09/2025","STRATHALBYN","ALEXANDRINA COUNCIL",2,1,0,0,1,2022,"May","Monday","08:00 am",80,"Sealed","Dry","Not Raining","Daylight","Hit Parked Vehicle",1,,,1352572.1,1632524.37
"2022-28700-19/09/2025","GREEN FIELDS","CITY OF SALISBURY",2,1,0,0,1,2022,"May","Monday","09:24 am",90,"Sealed","Dry","Not Raining","Daylight","Right Angle",1,,,1328674.22,1685896.53
"2022-28703-19/09/2025","ELIZABETH PARK","CITY OF PLAYFORD.",2,2,0,0,2,2022,"May","Monday","10:18 am",80,"Sealed","Dry","Not Raining","Daylight","Right Turn",2,,,1335950.5,1693259.52
"2022-28704-19/09/2025","ANDREWS FARM","CITY OF PLAYFORD.",2,1,0,0,1,2022,"May","Monday","09:48 am",50,"Sealed","Dry","Not Raining","Daylight","Hit Fixed Object",1,"Y",,1335332.75,1699186.17
"2022-28709-19/09/2025","BROOKLYN PARK","CITY OF WEST TORRENS",2,1,0,0,1,2022,"May","Monday","12:03 pm",60,"Sealed","Dry","Not Raining","Daylight","Right Angle",2,,,1323251.63,1670501.45
"2022-28710-19/09/2025","STURT","CC MARION.",2,1,0,0,1,2022,"May","Monday","01:35 pm",60,"Sealed","Dry","Not Raining","Daylight","Side Swipe",2,,,1324416.43,1660562.12
"2022-28711-19/09/2025","MCLAREN FLAT","CITY OF ONKAPARINGA",2,1,0,0,1,2022,"May","Saturday","05:50 pm",80,"Sealed","Wet","Raining","Night","Hit Pedestrian",2,,,1326941.04,1638711.02
"2022-28716-19/09/2025","NETLEY","CITY OF WEST TORRENS",2,1,0,0,1,2022,"May","Monday","03:13 pm",60,"Sealed","Dry","Not Raining","Daylight","Right Turn",2,,,1324175.25,1668909.78
"2022-28722-19/09/2025","RENOWN PARK","CITY OF CHARLES STURT",3,1,0,0,1,2022,"May","Saturday","02:00 pm",60,"Sealed","Wet","Raining","Daylight","Rear End",2,,,1325880.61,1674925.39
"2022-28724-19/09/2025","MURRAY BRIDGE","RC MURRAY BRIDGE.",2,1,0,0,1,2022,"May","Monday","05:10 pm",60,"Sealed","Dry","Not Raining","Daylight","Side Swipe",1,,,1387837.54,1645846.89
"2022-28729-19/09/2025","NORTHGATE","CITY OF PORT ADELAIDE ENFIELD",2,1,0,0,1,2022,"May","Monday","07:00 pm",50,"Sealed","Dry","Not Raining","Night","Hit Fixed Object",1,,,1331446,1678418.82
"2022-28730-19/09/2025","HACKNEY","CC OF NORWOOD,PAYNEHAM & ST PETERS",2,1,0,0,1,2022,"May","Monday","03:55 pm",50,"Sealed","Dry","Not Raining","Daylight","Right Angle",2,,,1330080.94,1671532.16
"2022-28732-19/09/2025","KURRALTA PARK","CITY OF WEST TORRENS",2,1,0,0,1,2022,"May","Monday","07:45 pm",60,"Sealed","Dry","Not Raining","Night","Right Turn",1,,,1325778.61,1667717.09
"2022-28738-19/09/2025","ADELAIDE","CITY OF ADELAIDE",2,1,0,0,1,2022,"May","Tuesday","07:35 am",50,"Sealed","Dry","Not Raining","Daylight","Side Swipe",2,,,1328583.34,1670519.77
"2022-28743-19/09/2025","CLARENCE GARDENS","CC MITCHAM.",2,1,0,0,1,2022,"May","Tuesday","08:43 am",60,"Sealed","Dry","Not Raining","Daylight","Rear End",2,,,1325898.81,1665263.84
"2022-28745-19/09/2025","MILE END","CITY OF WEST TORRENS",2,1,0,0,1,2022,"May","Tuesday","07:10 am",60,"Sealed","Dry","Not Raining","Daylight","Rear End",2,,,1326615.59,1671085.69
"2022-28756-19/09/2025","SALISBURY DOWNS","CITY OF SALISBURY",4,1,0,0,1,2022,"May","Tuesday","12:05 pm",60,"Sealed","Dry","Not Raining","Daylight","Rear End",1,,,1331790.4,1687245.8
"2022-28758-19/09/2025","ST PETERS","CC OF NORWOOD,PAYNEHAM & ST PETERS",2,1,0,0,1,2022,"May","Tuesday","01:19 pm",60,"Sealed","Dry","Not Raining","Daylight","Rear End",2,,,1331044.71,1672486.67
"2022-28760-19/09/2025","ASHTON","THE ADELAIDE HILLS COUNCIL",2,1,0,0,1,2022,"May","Tuesday","01:55 pm",80,"Sealed","Dry","Not Raining","Daylight","Hit Fixed Object",1,,,1340036.55,1668270.28
"2022-28761-19/09/2025","WAYVILLE","CITY OF UNLEY",2,1,0,0,1,2022,"May","Tuesday","07:15 am",60,"Sealed","Dry","Not Raining","Daylight","Rear End",1,,,1327450.37,1668175.41
"2022-28764-19/09/2025","GLENGOWRIE","CC MARION.",3,2,0,0,2,2022,"May","Tuesday","01:58 pm",60,"Sealed","Dry","Not Raining","Daylight","Rear End",2,,,1322681.26,1663825.21
"2022-28768-19/09/2025","EDEN HILLS","CC MITCHAM.",2,1,0,0,1,2022,"May","Tuesday","03:28 pm",60,"Sealed","Dry","Not Raining","Daylight","Right Angle",2,,,1328600.99,1659659.13
"2022-28772-19/09/2025","VIRGINIA","CITY OF PLAYFORD.",2,2,1,0,1,2022,"May","Tuesday","05:36 pm",80,"Sealed","Dry","Not Raining","Night","Right Angle",1,,,1326049.01,1698583.32
"2022-28774-19/09/2025","HINDMARSH VALLEY","DC VICTOR HARBOR.",3,2,0,0,2,2022,"May","Tuesday","05:21 pm",100,"Sealed","Dry","Not Raining","Daylight","Hit Fixed Object",1,,,1329588.52,1609524.14
"2022-28776-19/09/2025","TRINITY GARDENS","CC OF NORWOOD,PAYNEHAM & ST PETERS",1,1,0,0,1,2022,"May","Tuesday","07:47 pm",50,"Sealed","Dry","Not Raining","Night","Roll Over",1,,,1332745.19,1672368.9
"2022-28777-19/09/2025","BOSTON","DC LOWER EYRE PENINSULA",2,1,0,0,1,2022,"May","Tuesday","11:23 pm",80,"Sealed","Dry","Not Raining","Night","Hit Fixed Object",1,"Y",,1075849.26,1703049.47
"2022-28778-19/09/2025","CROYDON","CITY OF CHARLES STURT",3,1,0,0,1,2022,"May","Wednesday","06:40 am",80,"Sealed","Dry","Not Raining","Night","Rear End",1,,,1325705.79,1674264.54
"2022-28782-19/09/2025","CALLANNA",,1,1,0,1,0,2022,"May","Tuesday","03:15 pm",100,"Unsealed","Wet","Not Raining","Daylight","Roll Over",1,,,1292577.31,2257063.66
"2022-28786-19/09/2025","CROYDON","CITY OF CHARLES STURT",3,1,0,0,1,2022,"May","Wednesday","08:17 am",80,"Sealed","Dry","Not Raining","Daylight","Rear End",1,,,1325742.93,1674343.17
"2022-28795-19/09/2025","ALDINGA","CITY OF ONKAPARINGA",2,1,0,0,1,2022,"May","Tuesday","08:25 am",80,"Sealed","Dry","Not Raining","Daylight","Rear End",2,,,1316559.86,1635517.35
"2022-28798-19/09/2025","TORRENSVILLE","CITY OF WEST TORRENS",2,1,0,0,1,2022,"May","Wednesday","07:55 am",60,"Sealed","Dry","Not Raining","Daylight","Rear End",2,,,1325436.2,1672006.42
"2022-28801-19/09/2025","DRY CREEK","CITY OF PORT ADELAIDE ENFIELD",2,1,0,0,1,2022,"May","Wednesday","03:10 pm",60,"Sealed","Dry","Not Raining","Daylight","Right Angle",1,,,1327273.38,1679362.04
"2022-28804-19/09/2025","SALISBURY HEIGHTS","CITY OF SALISBURY",3,1,0,0,1,2022,"May","Wednesday","04:05 pm",60,"Sealed","Dry","Not Raining","Daylight","Rear End",1,,,1336144.67,1687778.05
"2022-28805-19/09/2025","FOUNTAIN","DC LOWER EYRE PENINSULA",2,2,0,0,2,2022,"May","Wednesday","03:55 pm",110,"Sealed","Dry","Not Raining","Daylight","Head On",1,,,1060444.52,1710790.43
"2022-28806-19/09/2025","MAGILL","CC CAMPBELLTOWN.",3,1,0,0,1,2022,"May","Wednesday","05:20 pm",60,"Sealed","Dry","Not Raining","Daylight","Right Angle",2,,,1335452.93,1672931.31
"2022-28807-19/09/2025","CHRISTIE DOWNS","CITY OF ONKAPARINGA",2,1,0,0,1,2022,"May","Tuesday","06:00 pm",60,"Sealed","Dry","Not Raining","Night","Right Angle",2,,,1318966.75,1648643.06
"2022-28815-19/09/2025","MORPHETT VALE","CITY OF ONKAPARINGA",2,2,0,1,1,2022,"May","Wednesday","09:42 pm",60,"Sealed","Dry","Not Raining","Night","Right Angle",2,,,1320773.98,1649410.89
"2022-28816-19/09/2025","HUNTFIELD HEIGHTS","CITY OF ONKAPARINGA",1,1,0,1,0,2022,"May","Thursday","11:50 pm",60,"Sealed","Dry","Not Raining","Night","Roll Over",1,,"Y",1320695.14,1645850.38
"2022-28824-19/09/2025","BUNGAREE","CLARE AND GILBERT VALLEYS DISTRICT COUNCIL",3,1,0,0,1,2022,"May","Tuesday","12:00 pm",100,"Sealed","Dry","Not Raining","Daylight","Other",9,,,1330297.67,1804596.8
"2022-28828-19/09/2025","SALISBURY","CITY OF SALISBURY",2,1,0,0,1,2022,"May","Wednesday","03:05 pm",60,"Sealed","Dry","Not Raining","Daylight","Right Angle",2,,,1332728.57,1688571.7
"2022-28834-19/09/2025","EDWARDSTOWN","CC MARION.",2,1,0,0,1,2022,"May","Thursday","02:06 pm",60,"Sealed","Dry","Not Raining","Daylight","Right Angle",2,,,1325898.51,1665276.57
"2022-28836-19/09/2025","WEST HINDMARSH","CITY OF CHARLES STURT",2,2,0,0,2,2022,"May","Thursday","02:30 pm",60,"Sealed","Dry","Not Raining","Daylight","Rear End",2,,,1325395.19,1673153.63
"2022-28842-19/09/2025","SEMAPHORE","CITY OF PORT ADELAIDE ENFIELD",2,1,0,0,1,2022,"May","Thursday","05:29 pm",60,"Sealed","Dry","Not Raining","Night","Rear End",2,,,1318357.23,1680999.87
"2022-28845-19/09/2025","NORWOOD","CC OF NORWOOD,PAYNEHAM & ST PETERS",4,1,0,1,0,2022,"May","Thursday","08:23 pm",60,"Sealed","Dry","Not Raining","Night","Hit Parked Vehicle",2,,,1331606.56,1670393.19
"2022-28853-19/09/2025","ROXBY DOWNS","MC ROXBY DOWNS",1,1,0,1,0,2022,"May","Thursday","02:30 pm",50,"Sealed","Dry","Not Raining","Daylight","Roll Over",1,,,1182075.07,2157445.43
"2022-28854-19/09/2025","PARADISE","CC CAMPBELLTOWN.",2,1,0,0,1,2022,"May","Thursday","10:00 pm",60,"Sealed","Dry","Not Raining","Night","Right Turn",1,,,1334461.82,1676974.32
"2022-28855-19/09/2025","PARADISE","CC CAMPBELLTOWN.",2,1,0,1,0,2022,"May","Thursday","11:50 pm",60,"Sealed","Dry","Not Raining","Night","Hit Parked Vehicle",1,,,1335551.83,1676637.27
"2022-28856-19/09/2025","HOUGHTON","THE ADELAIDE HILLS COUNCIL",2,1,0,0,1,2022,"May","Friday","02:25 am",50,"Sealed","Dry","Not Raining","Night","Hit Parked Vehicle",1,,"Y",1343705.31,1680925.48
"2022-28862-19/09/2025","THEBARTON","CITY OF WEST TORRENS",2,1,0,0,1,2022,"March","Wednesday","07:45 am",50,"Sealed","Dry","Not Raining","Daylight","Right Angle",2,,,1325513.36,1672014.9
"2022-28863-19/09/2025","TAILEM BEND","COORONG DISTRICT COUNCIL",2,1,0,0,1,2022,"May","Friday","10:35 am",50,"Sealed","Dry","Not Raining","Daylight","Right Angle",1,,,1404911.77,1631438.87
"2022-28867-19/09/2025","SALISBURY NORTH","CITY OF SALISBURY",2,1,0,0,1,2022,"May","Friday","12:31 pm",60,"Sealed","Dry","Not Raining","Daylight","Hit Fixed Object",1,,,1331644.75,1689643.57
"2022-28868-19/09/2025","ST PETERS","CC OF NORWOOD,PAYNEHAM & ST PETERS",2,1,0,0,1,2022,"May","Friday","12:40 pm",60,"Sealed","Dry","Not Raining","Daylight","Right Angle",1,,,1330804.41,1671987.18
"2022-28869-19/09/2025","NORTH ADELAIDE","CITY OF ADELAIDE",2,1,0,0,1,2022,"May","Friday","12:40 pm",50,"Sealed","Dry","Not Raining","Daylight","Right Angle",2,,,1328724.27,1672222.31
"2022-28870-19/09/2025","KENSINGTON","CC OF NORWOOD,PAYNEHAM & ST PETERS",2,1,0,0,1,2022,"May","Tuesday","11:45 am",50,"Sealed","Dry","Not Raining","Daylight","Hit Parked Vehicle",2,,,1333060.56,1671007.84
"2022-28871-19/09/2025","INGLE FARM","CITY OF SALISBURY",2,1,0,0,1,2022,"May","Friday","01:57 pm",60,"Sealed","Dry","Not Raining","Daylight","Rear End",2,,,1331599.1,1681125.38
"2022-28880-19/09/2025","ADELAIDE","CITY OF ADELAIDE",2,1,0,0,1,2022,"May","Friday","06:50 pm",50,"Sealed","Dry","Not Raining","Night","Hit Parked Vehicle",1,,,1329018.21,1670927.51
"2022-28888-19/09/2025","ADELAIDE","CITY OF ADELAIDE",1,1,0,1,0,2022,"May","Friday","11:30 pm",50,"Sealed","Wet","Raining","Night","Roll Over",1,,,1328452.6,1671147.69
"2022-28891-19/09/2025","WINDSOR GARDENS","CITY OF PORT ADELAIDE ENFIELD",2,1,0,0,1,2022,"May","Monday","05:40 pm",60,"Sealed","Dry","Not Raining","Night","Rear End",2,,,1333291.31,1677644.09
"2022-28911-19/09/2025","POORAKA","CITY OF SALISBURY",2,1,0,0,1,2022,"May","Saturday","05:50 pm",50,"Sealed","Dry","Not Raining","Night","Hit Pedestrian",2,"Y",,1330520.17,1681139.48
"2022-28917-19/09/2025","ADELAIDE","CITY OF ADELAIDE",2,1,0,0,1,2022,"May","Sunday","01:03 am",60,"Sealed","Dry","Not Raining","Night","Hit Fixed Object",1,,,1329417.69,1669355.02
"2022-28922-19/09/2025","THORNGATE","CITY OF PROSPECT",2,2,0,0,2,2022,"May","Sunday","10:00 am",50,"Sealed","Dry","Not Raining","Daylight","Right Turn",1,,,1328126.62,1673676.17
"2022-28925-19/09/2025","NORWOOD","CC OF NORWOOD,PAYNEHAM & ST PETERS",2,1,0,0,1,2022,"May","Sunday","11:03 am",60,"Sealed","Dry","Not Raining","Daylight","Right Angle",1,,,1331874.28,1670398.69
"2022-28928-19/09/2025","PORT AUGUSTA WEST","CC PT.AUGUSTA.",3,1,0,1,0,2022,"May","Sunday","10:15 am",50,"Sealed","Dry","Not Raining","Daylight","Hit Parked Vehicle",1,,,1257993.86,1943935.9
"2022-28931-19/09/2025","PARA HILLS WEST","CITY OF SALISBURY",3,2,0,0,2,2022,"May","Sunday","02:17 pm",60,"Sealed","Dry","Not Raining","Daylight","Right Angle",1,,,1333442.68,1683696.42
"2022-28934-19/09/2025","ATHELSTONE","CC CAMPBELLTOWN.",2,2,2,0,0,2022,"May","Sunday","01:53 pm",60,"Sealed","Dry","Not Raining","Daylight","Hit Fixed Object",1,,,1338151.08,1674874.63
"2022-28935-19/09/2025","SUNNYSIDE","RC MURRAY BRIDGE.",1,1,0,0,1,2022,"May","Sunday","02:45 pm",100,"Sealed","Dry","Not Raining","Daylight","Roll Over",1,,,1398631.51,1654243.08
"2022-28936-19/09/2025","MILE END","CITY OF WEST TORRENS",4,1,0,0,1,2022,"May","Sunday","03:23 pm",60,"Sealed","Dry","Not Raining","Daylight","Rear End",1,,,1325753.24,1670809.98
"2022-28939-19/09/2025","WHYALLA STUART","CC WHYALLA.",2,1,0,0,1,2022,"May","Thursday","05:30 pm",50,"Sealed","Dry","Not Raining","Night","Hit Pedestrian",2,,,1235148.3,1884985.58
"2022-28941-19/09/2025","ADELAIDE","CITY OF ADELAIDE",2,1,0,0,1,2022,"May","Saturday","10:05 pm",60,"Sealed","Dry","Not Raining","Night","Hit Pedestrian",2,"Y",,1327914.39,1670964.22
"2022-28942-19/09/2025","HINDMARSH","CITY OF CHARLES STURT",2,1,0,0,1,2022,"May","Sunday","03:00 pm",60,"Sealed","Wet","Raining","Daylight","Hit Pedestrian",1,,,1325974.69,1672711.45
"2022-28943-19/09/2025","GOOLWA","ALEXANDRINA COUNCIL",2,1,0,0,1,2022,"May","Sunday","06:55 pm",50,"Sealed","Wet","Raining","Night","Hit Fixed Object",1,"Y",,1343613.2,1606853.45
"2022-28945-19/09/2025","SALISBURY PLAIN","CITY OF SALISBURY",2,2,0,1,1,2022,"May","Sunday","08:30 pm",80,"Sealed","Dry","Not Raining","Night","Side Swipe",2,,,1334864.29,1687381.67
"2022-28947-19/09/2025","MACCLESFIELD","DC MT.BARKER.",2,2,0,0,2,2022,"May","Sunday","10:27 pm",80,"Sealed","Wet","Not Raining","Night","Hit Fixed Object",1,,,1348863.3,1643870.91
"2022-28953-19/09/2025","WOODVILLE NORTH","CITY OF CHARLES STURT",3,1,0,0,1,2022,"May","Monday","08:56 am",60,"Sealed","Dry","Not Raining","Daylight","Right Angle",1,,,1323944.81,1677840.39
"2022-28954-19/09/2025","GOLDEN GROVE","CITY OF TEA TREE GULLY",2,1,0,0,1,2022,"May","Monday","09:30 am",60,"Sealed","Wet","Not Raining","Daylight","Right Turn",2,,,1337889.71,1685361.47
"2022-28957-19/09/2025","LOCKLEYS","CITY OF WEST TORRENS",2,1,0,0,1,2022,"May","Monday","10:15 am",60,"Sealed","Dry","Not Raining","Daylight","Right Angle",1,,,1322024.07,1670857.96
"2022-28961-19/09/2025","WARRAMBOO","DC WUDINNA. (DC LE HUNTE.)",1,1,0,1,0,2022,"May","Sunday","12:30 am",60,"Unsealed","Dry","Not Raining","Night","Roll Over",1,"Y",,1066060.83,1861441.63
"2022-28962-19/09/2025","ENFIELD","CITY OF PORT ADELAIDE ENFIELD",2,1,0,0,1,2022,"May","Monday","11:43 am",50,"Sealed","Dry","Not Raining","Daylight","Right Angle",2,,,1328862.69,1677417.84
"2022-28963-19/09/2025","WILLUNGA SOUTH","CITY OF ONKAPARINGA",3,1,0,0,1,2022,"May","Monday","12:30 pm",100,"Sealed","Dry","Not Raining","Daylight","Hit Pedestrian",2,,,1323734.25,1631411.48
"2022-28968-19/09/2025","WHITE HUT","YORKE PENINSULA COUNCIL",1,2,0,0,2,2022,"April","Saturday","01:30 pm",100,"Unsealed","Dry","Not Raining","Daylight","Roll Over",1,,"Y",1190986.79,1666784.13
"2022-28969-19/09/2025","STOCKYARD PLAIN","LOXTON WAIKERIE DISTRICT COUNCIL",1,2,0,1,1,2022,"May","Saturday","04:30 pm",100,"Unsealed","Dry","Not Raining","Daylight","Roll Over",1,,,1441449.29,1749704.96
"2022-28971-19/09/2025","OAKLANDS PARK","CC MARION.",4,1,0,0,1,2022,"May","Monday","03:30 pm",60,"Sealed","Wet","Raining","Daylight","Rear End",1,,,1323317.58,1660908.38
"2022-28979-19/09/2025","YANTANABIE","DC STREAKY BAY.",2,1,0,0,1,2022,"May","Monday","11:25 pm",110,"Sealed","Dry","Not Raining","Night","Roll Over",9,,,967598.46,1941690.74
"2022-28981-19/09/2025","BEDFORD PARK","CC MARION.",3,2,0,0,2,2022,"May","Tuesday","08:25 am",70,"Sealed","Wet","Raining","Daylight","Rear End",1,,,1324610.79,1659868.08
"2022-28988-19/09/2025","WALKERVILLE","WALKERVILLE TOWN COUNCIL",2,1,0,0,1,2022,"May","Tuesday","08:45 am",60,"Sealed","Wet","Raining","Daylight","Right Turn",2,,,1330237.19,1674995.03
"2022-28990-19/09/2025","PROSPECT","CITY OF PROSPECT",3,2,0,0,2,2022,"May","Tuesday","10:45 am",50,"Sealed","Wet","Not Raining","Daylight","Hit Fixed Object",1,,,1327327.93,1675081.23
"2022-28998-19/09/2025","MINLATON","YORKE PENINSULA COUNCIL",2,1,0,0,1,2022,"May","Saturday","05:00 pm",100,"Unsealed","Dry","Not Raining","Daylight","Hit Animal",2,,,1230325.47,1691918.49
"2022-28999-19/09/2025","PROSPECT","CITY OF PROSPECT",1,1,0,0,1,2022,"May","Tuesday","11:00 am",60,"Sealed","Wet","Raining","Daylight","Roll Over",1,,,1327774.84,1676405.91
"2022-29003-19/09/2025","SOUTH BRIGHTON","CITY OF HOLDFAST BAY",3,1,0,0,1,2022,"May","Tuesday","04:45 pm",50,"Sealed","Wet","Raining","Daylight","Right Turn",1,,,1320804.73,1660161.41
"2022-29007-19/09/2025","CLARENCE GARDENS","CC MITCHAM.",2,1,0,0,1,2022,"May","Tuesday","09:00 am",60,"Sealed","Wet","Raining","Daylight","Rear End",2,,,1325899.48,1665589.75
"2022-29008-19/09/2025","WOODVILLE WEST","CITY OF CHARLES STURT",2,1,0,0,1,2022,"May","Tuesday","06:49 pm",40,"Unsealed","Dry","Not Raining","Night","Right Angle",1,,,1322384.15,1676196.65
"2022-29015-19/09/2025","PARADISE","CC CAMPBELLTOWN.",3,2,0,1,1,2022,"May","Tuesday","10:25 pm",60,"Sealed","Wet","Not Raining","Night","Right Turn",2,,,1334981.44,1676242.38
"2022-29026-19/09/2025","SEAFORD RISE","CITY OF ONKAPARINGA",2,1,0,1,0,2022,"May","Wednesday","08:25 am",60,"Sealed","Dry","Not Raining","Daylight","Hit Pedestrian",2,,,1317167.28,1641622.61
"2022-29029-19/09/2025","ELIZABETH","CITY OF PLAYFORD.",2,1,0,0,1,2022,"May","Wednesday","09:20 am",50,"Sealed","Dry","Not Raining","Daylight","Hit Pedestrian",1,,,1335412.17,1693140.39
"2022-29030-19/09/2025","EVANSTON PARK","CT GAWLER.",2,1,0,0,1,2022,"May","Wednesday","10:55 am",60,"Sealed","Dry","Not Raining","Daylight","Rear End",2,,,1342690.29,1704342.67
"2022-29033-19/09/2025","INGLE FARM","CITY OF SALISBURY",4,2,0,0,2,2022,"May","Wednesday","11:25 am",60,"Sealed","Dry","Not Raining","Daylight","Right Turn",2,,,1333268.54,1681353.79
"2022-29035-19/09/2025","MODBURY","CITY OF TEA TREE GULLY",2,1,0,0,1,2022,"May","Wednesday","01:30 pm",60,"Sealed","Dry","Not Raining","Daylight","Hit Fixed Object",1,,,1337198.86,1681127.98
"2022-29037-19/09/2025","VALLEY VIEW","CITY OF TEA TREE GULLY",2,1,0,0,1,2022,"May","Wednesday","07:15 am",60,"Sealed","Wet","Not Raining","Daylight","Rear End",2,,,1335285.41,1679409.95
"2022-29038-19/09/2025","BRIGHTON","CITY OF HOLDFAST BAY",3,1,0,0,1,2022,"May","Wednesday","02:10 pm",50,"Sealed","Dry","Not Raining","Daylight","Head On",2,,,1320354.28,1660879.45
"2022-29043-19/09/2025","CHRISTIES BEACH","CITY OF ONKAPARINGA",1,1,0,0,1,2022,"May","Wednesday","03:11 pm",50,"Unsealed","Dry","Not Raining","Daylight","Roll Over",1,,,1316137.56,1647317.72
"2022-29049-19/09/2025","CALLANNA",,1,1,1,0,0,2022,"May","Wednesday","11:45 am",100,"Unsealed","Dry","Not Raining","Daylight","Roll Over",1,,,1260285.79,2256171.24
"2022-29051-19/09/2025","ADELAIDE","CITY OF ADELAIDE",2,1,0,0,1,2022,"May","Wednesday","04:37 pm",60,"Sealed","Dry","Not Raining","Daylight","Side Swipe",1,,,1326864.22,1671347.68
"2022-29052-19/09/2025","NORTH ADELAIDE","CITY OF ADELAIDE",2,1,0,0,1,2022,"May","Monday","05:46 pm",60,"Sealed","Wet","Not Raining","Night","Rear End",2,,,1327887.77,1671596.04
"2022-29053-19/09/2025","ADELAIDE","CITY OF ADELAIDE",2,1,0,0,1,2022,"May","Friday","06:30 pm",50,"Sealed","Dry","Not Raining","Night","Hit Pedestrian",1,,,1328047.59,1670609.63
"2022-29063-19/09/2025","NORTH ADELAIDE","CITY OF ADELAIDE",2,1,0,0,1,2022,"May","Thursday","08:35 am",50,"Sealed","Dry","Not Raining","Daylight","Hit Pedestrian",1,,,1327749.39,1672926.51
"2022-29065-19/09/2025","FULLARTON","CITY OF UNLEY",2,1,0,0,1,2022,"May","Wednesday","06:03 pm",60,"Sealed","Dry","Not Raining","Night","Rear End",2,,,1331543.59,1667679.12
"2022-29066-19/09/2025","ELIZABETH","CITY OF PLAYFORD.",2,1,0,0,1,2022,"May","Thursday","08:50 am",60,"Sealed","Dry","Not Raining","Daylight","Rear End",2,,,1335422.17,1692782.3
"2022-29070-19/09/2025","SEATON","CITY OF CHARLES STURT",2,1,0,0,1,2022,"May","Wednesday","02:15 pm",60,"Sealed","Dry","Not Raining","Daylight","Right Angle",2,,,1320794.58,1674888.55
"2022-29075-19/09/2025","ADELAIDE","CITY OF ADELAIDE",2,1,0,0,1,2022,"May","Tuesday","10:10 am",50,"Unsealed","Dry","Not Raining","Daylight","Hit Pedestrian",2,,,1328958.13,1671147.23
"2022-29078-19/09/2025","SALISBURY EAST","CITY OF SALISBURY",2,1,0,0,1,2022,"May","Thursday","03:20 pm",60,"Sealed","Dry","Not Raining","Daylight","Rear End",1,,,1333992.02,1684813.19
"2022-29079-19/09/2025","WINGFIELD","CITY OF PORT ADELAIDE ENFIELD",3,1,0,0,1,2022,"May","Thursday","03:40 pm",90,"Sealed","Dry","Not Raining","Daylight","Hit Fixed Object",1,,,1325278.26,1681038.39
"2022-29082-19/09/2025","ADELAIDE","CITY OF ADELAIDE",3,1,0,0,1,2022,"May","Thursday","02:50 pm",60,"Sealed","Dry","Not Raining","Daylight","Hit Parked Vehicle",1,,,1327282.48,1670815.91
"2022-29086-19/09/2025","FERRYDEN PARK","CITY OF PORT ADELAIDE ENFIELD",2,1,0,1,0,2022,"May","Thursday","04:00 pm",50,"Sealed","Dry","Not Raining","Daylight","Right Turn",1,,,1324829.62,1677658.83
"2022-29088-19/09/2025","ALDINGA","CITY OF ONKAPARINGA",3,1,0,0,1,2022,"May","Thursday","04:19 pm",80,"Sealed","Dry","Not Raining","Daylight","Side Swipe",2,,,1317196.67,1632313.22
"2022-29091-19/09/2025","WHITWARTA","WAKEFIELD REGIONAL COUNCIL",2,1,0,1,0,2022,"May","Thursday","02:52 pm",100,"Sealed","Dry","Not Raining","Daylight","Head On",1,,"Y",1304400.28,1767435.17
"2022-29092-19/09/2025","CHELTENHAM","CITY OF CHARLES STURT",2,1,0,0,1,2022,"May","Thursday","05:00 pm",60,"Sealed","Dry","Not Raining","Daylight","Side Swipe",1,"Y",,1322282.82,1677760.1
"2022-29093-19/09/2025","CLEARVIEW","CITY OF PORT ADELAIDE ENFIELD",2,1,0,0,1,2022,"May","Thursday","05:40 pm",60,"Sealed","Dry","Not Raining","Night","Rear End",2,,,1330423.33,1677117.01
"2022-29095-19/09/2025","WYNN VALE","CITY OF TEA TREE GULLY",2,1,0,0,1,2022,"May","Thursday","05:46 pm",60,"Sealed","Dry","Not Raining","Night","Right Turn",1,,,1338912.98,1684761.61
"2022-29096-19/09/2025","FULLARTON","CITY OF UNLEY",2,1,0,0,1,2022,"May","Thursday","06:24 pm",60,"Sealed","Dry","Not Raining","Night","Rear End",1,,,1331089.02,1668027.68