"REPORT_ID","Suburb","LGA Name","Total Units","Total Cas","Total Fats","Total SI","Total MI","Year","Month","Day","Time","Area Speed","Road Surface","Moisture Cond","Weather Cond","DayNight","Crash Type","Unit Resp","DUI Involved","Drugs Involved","ACCLOC_X","ACCLOC_Y"
"2022-29099-19/09/2025","ADELAIDE","CITY OF ADELAIDE",2,1,0,0,1,2022,"May","Wednesday","03:35 pm",50,"Sealed","Dry","Not Raining","Daylight","Rear End",2,,,1328649.42,1671137.62
"2022-29102-19/09/2025","HUNTFIELD HEIGHTS","CITY OF ONKAPARINGA",2,1,0,0,1,2022,"May","Friday","06:20 am",60,"Sealed","Dry","Not Raining","Night","Hit Pedestrian",2,,,1319471.54,1646329.01
"2022-29105-19/09/2025","ST PETERS","CC OF NORWOOD,PAYNEHAM & ST PETERS",2,1,0,0,1,2022,"May","Friday","08:22 am",60,"Sealed","Dry","Not Raining","Daylight","Right Angle",2,,,1331020.35,1672510.23
"2022-29107-19/09/2025","SALISBURY DOWNS","CITY OF SALISBURY",2,1,0,0,1,2022,"May","Friday","09:00 am",60,"Sealed","Dry","Not Raining","Daylight","Side Swipe",2,,,1331605.01,1686693.68
"2022-29109-19/09/2025","PARA HILLS WEST","CITY OF SALISBURY",2,1,0,0,1,2022,"May","Thursday","08:00 am",80,"Sealed","Dry","Not Raining","Daylight","Rear End",1,,,1332699.88,1684611.9
"2022-29113-19/09/2025","MORPHETT VALE","CITY OF ONKAPARINGA",2,1,0,0,1,2022,"May","Friday","12:25 pm",60,"Sealed","Dry","Not Raining","Daylight","Rear End",1,,,1320753.39,1650107
"2022-29115-19/09/2025","TWO WELLS","DC MALLALA.",2,2,0,0,2,2022,"May","Friday","12:30 pm",110,"Sealed","Dry","Not Raining","Daylight","Right Angle",2,,,1321397.01,1707669.72
"2022-29116-19/09/2025","LARGS NORTH","CITY OF PORT ADELAIDE ENFIELD",2,1,0,0,1,2022,"May","Thursday","08:45 am",60,"Sealed","Wet","Not Raining","Daylight","Right Angle",2,,,1319279.56,1683568.92
"2022-29120-19/09/2025","GEPPS CROSS","CITY OF PORT ADELAIDE ENFIELD",2,1,0,0,1,2022,"May","Friday","08:30 am",60,"Sealed","Dry","Not Raining","Daylight","Right Angle",2,,,1330567.15,1679619.57
"2022-29127-19/09/2025","LINDEN PARK","CITY OF BURNSIDE",2,1,0,0,1,2022,"May","Thursday","09:30 am",60,"Sealed","Dry","Not Raining","Daylight","Rear End",2,,,1332346.42,1668203.35
"2022-29128-19/09/2025","GLYNDE","CC OF NORWOOD,PAYNEHAM & ST PETERS",3,1,0,0,1,2022,"May","Friday","04:19 pm",60,"Sealed","Dry","Not Raining","Daylight","Rear End",1,,,1333784.09,1674462.03
"2022-29137-19/09/2025","RIDLEYTON","CITY OF CHARLES STURT",3,2,0,0,2,2022,"May","Friday","06:10 pm",60,"Sealed","Dry","Not Raining","Night","Right Angle",1,,,1326317.87,1674576.99
"2022-29140-19/09/2025","WHYALLA NORRIE","CC WHYALLA.",2,1,0,1,0,2022,"May","Friday","03:24 pm",60,"Sealed","Dry","Not Raining","Daylight","Right Angle",1,,,1236587.68,1883547.3
"2022-29141-19/09/2025","PARAFIELD GARDENS","CITY OF SALISBURY",2,2,0,0,2,2022,"May","Friday","08:19 pm",60,"Sealed","Dry","Not Raining","Night","Right Turn",1,,,1329981.36,1684973.48
"2022-29144-19/09/2025","DARLINGTON","CITY OF ONKAPARINGA",1,1,0,0,1,2022,"May","Friday","09:40 pm",50,"Sealed","Dry","Not Raining","Night","Roll Over",1,,"Y",1324287.68,1659144.12
"2022-29146-19/09/2025","PROSPECT","CITY OF PROSPECT",2,3,0,0,3,2022,"May","Saturday","03:48 am",60,"Sealed","Dry","Not Raining","Night","Hit Fixed Object",1,,"Y",1328862.28,1676441.72
"2022-29160-19/09/2025","BALAKLAVA","WAKEFIELD REGIONAL COUNCIL",2,1,0,1,0,2022,"May","Saturday","01:03 pm",50,"Sealed","Dry","Not Raining","Daylight","Hit Fixed Object",1,,,1314378.47,1757863.03
"2022-29163-19/09/2025","PENNINGTON","CITY OF CHARLES STURT",2,1,0,0,1,2022,"May","Friday","04:20 pm",50,"Sealed","Dry","Not Raining","Daylight","Right Angle",2,,,1323118.63,1678539.56
"2022-29166-19/09/2025","FLAGSTAFF HILL","CITY OF ONKAPARINGA",2,1,1,0,0,2022,"May","Saturday","04:30 pm",60,"Sealed","Dry","Not Raining","Daylight","Hit Object on Road",1,,,1324906.69,1658425.95
"2022-29167-19/09/2025","CHELTENHAM","CITY OF CHARLES STURT",2,1,0,1,0,2022,"May","Saturday","03:48 pm",60,"Sealed","Dry","Not Raining","Daylight","Hit Fixed Object",1,,,1322282.82,1677760.1
"2022-29168-19/09/2025","CUDLEE CREEK","THE ADELAIDE HILLS COUNCIL",2,1,0,0,1,2022,"May","Saturday","02:00 pm",80,"Sealed","Dry","Not Raining","Daylight","Hit Fixed Object",1,,,1350522.71,1673877.89
"2022-29181-19/09/2025","EYRE","CITY OF PLAYFORD.",2,1,0,1,0,2022,"May","Sunday","01:30 am",60,"Sealed","Dry","Not Raining","Night","Hit Fixed Object",1,"Y",,1334448.88,1695783.92
"2022-29184-19/09/2025","COCKATOO VALLEY","THE BAROSSA COUNCIL.",1,1,0,0,1,2022,"May","Sunday","08:25 am",80,"Sealed","Dry","Not Raining","Daylight","Roll Over",1,,,1350699.42,1704136.54
"2022-29189-19/09/2025","CHANDLERS HILL","CITY OF ONKAPARINGA",2,1,0,0,1,2022,"May","Sunday","10:43 am",80,"Sealed","Dry","Not Raining","Daylight","Rear End",2,,,1328990.87,1651888.16
"2022-29193-19/09/2025","GOLDEN GROVE","CITY OF TEA TREE GULLY",3,1,0,0,1,2022,"May","Thursday","12:15 pm",50,"Sealed","Dry","Not Raining","Daylight","Right Angle",1,,,1339186.71,1685292.46
"2022-29195-19/09/2025","LOWER LIGHT","DC MALLALA.",2,1,0,0,1,2022,"May","Sunday","10:51 am",110,"Sealed","Dry","Not Raining","Daylight","Right Angle",2,,,1314812.36,1714993.2
"2022-29197-19/09/2025","KUDLA","CT GAWLER.",3,1,0,1,0,2022,"May","Sunday","02:12 pm",80,"Sealed","Dry","Not Raining","Daylight","Right Angle",1,,,1337680.92,1701807.18
"2022-29200-19/09/2025","NORTHFIELD","CITY OF PORT ADELAIDE ENFIELD",2,1,0,0,1,2022,"May","Sunday","02:55 pm",60,"Sealed","Dry","Not Raining","Daylight","Rear End",1,,,1330725.6,1679862.83
"2022-29201-19/09/2025","BEDFORD PARK","CC MITCHAM.",1,1,0,1,0,2022,"May","Tuesday","08:00 am",40,"Sealed","Wet","Raining","Daylight","Roll Over",1,,,1325802.16,1660408.27
"2022-29202-19/09/2025","MODBURY","CITY OF TEA TREE GULLY",2,1,0,1,0,2022,"May","Sunday","03:15 pm",60,"Sealed","Dry","Not Raining","Daylight","Hit Pedestrian",2,,,1337045.81,1680961.79
"2022-29208-19/09/2025","GOOLWA BEACH","ALEXANDRINA COUNCIL",3,1,0,1,0,2022,"May","Sunday","07:10 pm",50,"Sealed","Dry","Not Raining","Night","Hit Pedestrian",2,,,1340724.79,1605174.66
"2022-29209-19/09/2025","MACCLESFIELD","DC MT.BARKER.",2,1,0,0,1,2022,"May","Saturday","11:59 pm",80,"Sealed","Dry","Not Raining","Night","Hit Fixed Object",1,,,1351000.96,1642039.74
"2022-29212-19/09/2025","WEST HINDMARSH","CITY OF CHARLES STURT",2,1,0,0,1,2022,"May","Monday","07:27 am",60,"Sealed","Dry","Not Raining","Daylight","Right Turn",1,,,1325273.35,1673168.32
"2022-29214-19/09/2025","HINDMARSH VALLEY","DC VICTOR HARBOR.",2,1,0,0,1,2022,"May","Sunday","08:30 am",80,"Sealed","Dry","Not Raining","Daylight","Hit Fixed Object",1,,,1328272.24,1604718.91
"2022-29217-19/09/2025","CLEVE","DC CLEVE.",2,1,0,0,1,2022,"May","Monday","06:45 am",50,"Sealed","Dry","Not Raining","Night","Hit Fixed Object",1,,,1137987.69,1810752.21
"2022-29222-19/09/2025","PORT LINCOLN","CC PT.LINCOLN.",2,1,0,0,1,2022,"May","Monday","05:45 am",40,"Sealed","Dry","Not Raining","Night","Right Angle",1,,,1075826.11,1696288.03
"2022-29229-19/09/2025","TANTANOOLA","WATTLE RANGE COUNCIL",2,1,0,0,1,2022,"May","Monday","02:52 pm",110,"Sealed","Dry","Not Raining","Daylight","Rear End",2,,,1484894.11,1357599.35
"2022-29231-19/09/2025","ELIZABETH GROVE","CITY OF PLAYFORD.",2,1,0,0,1,2022,"May","Monday","03:48 pm",80,"Sealed","Dry","Not Raining","Daylight","Rear End",2,,,1336117.78,1691464.65
"2022-29233-19/09/2025","CORDILLO DOWNS",,1,1,0,1,0,2022,"April","Saturday","10:30 am",100,"Unsealed","Dry","Not Raining","Daylight","Roll Over",1,,,1544555.98,2630354.02
"2022-29241-19/09/2025","REGENCY PARK","CITY OF PORT ADELAIDE ENFIELD",2,1,0,0,1,2022,"May","Monday","03:15 pm",60,"Sealed","Dry","Not Raining","Daylight","Rear End",2,,,1326050.04,1676365.45
"2022-29242-19/09/2025","MAWSON LAKES","CITY OF SALISBURY",2,1,0,0,1,2022,"May","Monday","07:55 pm",80,"Sealed","Dry","Not Raining","Night","Right Turn",1,,,1331190.78,1682739.34
"2022-29243-19/09/2025","MODBURY","CITY OF TEA TREE GULLY",2,1,0,0,1,2022,"May","Monday","08:04 pm",40,"Sealed","Dry","Not Raining","Night","Hit Object on Road",1,,,1336133.56,1680350.87
"2022-29246-19/09/2025","FLAGSTAFF HILL","CITY OF ONKAPARINGA",2,1,0,0,1,2022,"May","Tuesday","07:58 am",60,"Sealed","Dry","Not Raining","Daylight","Rear End",1,,,1327076.61,1656884.72
"2022-29247-19/09/2025","PROSPECT","CITY OF PROSPECT",2,1,0,0,1,2022,"May","Tuesday","08:18 am",50,"Sealed","Dry","Not Raining","Daylight","Hit Pedestrian",2,,,1328082.54,1675653.74
"2022-29250-19/09/2025","TENNYSON","CITY OF CHARLES STURT",2,1,0,0,1,2022,"May","Tuesday","08:47 am",60,"Sealed","Dry","Not Raining","Daylight","Hit Parked Vehicle",2,,,1318250.41,1675679.68
"2022-29252-19/09/2025","RENMARK","DC RENMARK PARINGA",2,1,0,1,0,2022,"May","Tuesday","08:45 am",60,"Sealed","Dry","Not Raining","Daylight","Right Turn",2,,"Y",1528357.68,1745085.73
"2022-29258-19/09/2025","PARKSIDE","CITY OF UNLEY",2,1,0,0,1,2022,"May","Monday","02:30 pm",60,"Sealed","Dry","Not Raining","Daylight","Rear End",2,,,1329849.54,1669002.3
"2022-29259-19/09/2025","BEVERLEY","CITY OF CHARLES STURT",2,1,0,0,1,2022,"May","Tuesday","10:00 am",60,"Sealed","Dry","Not Raining","Daylight","Rear End",2,,,1324202.16,1673179.38
"2022-29266-19/09/2025","BORDERTOWN","DC TATIARA.",2,3,0,2,1,2022,"May","Monday","08:15 pm",100,"Sealed","Dry","Not Raining","Night","Right Turn",2,,,1515170.53,1507645.66
"2022-29268-19/09/2025","OLD NOARLUNGA","CITY OF ONKAPARINGA",2,3,0,0,3,2022,"May","Tuesday","11:53 am",60,"Sealed","Dry","Not Raining","Daylight","Right Angle",2,,,1318299.03,1641705.87
"2022-29273-19/09/2025","CUDLEE CREEK","THE ADELAIDE HILLS COUNCIL",2,1,0,0,1,2022,"May","Tuesday","12:10 pm",80,"Sealed","Dry","Not Raining","Daylight","Hit Fixed Object",1,,,1350721.65,1679096.92
"2022-29275-19/09/2025","PROSPECT","CITY OF PROSPECT",2,1,0,1,0,2022,"May","Tuesday","01:58 pm",60,"Sealed","Dry","Not Raining","Daylight","Hit Pedestrian",2,,,1327241.53,1676403.39
"2022-29278-19/09/2025","NORA CREINA","WATTLE RANGE COUNCIL",1,1,0,1,0,2022,"May","Sunday","03:30 pm",80,"Unsealed","Dry","Not Raining","Daylight","Roll Over",1,,,1433656.86,1398751.76
"2022-29283-19/09/2025","GEPPS CROSS","CITY OF PORT ADELAIDE ENFIELD",2,1,0,1,0,2022,"May","Tuesday","03:03 pm",70,"Sealed","Dry","Not Raining","Daylight","Side Swipe",2,,,1328763.26,1679978.67
"2022-29284-19/09/2025","LONSDALE","CITY OF ONKAPARINGA",2,1,0,0,1,2022,"May","Tuesday","07:00 pm",80,"Sealed","Dry","Not Raining","Night","Right Angle",1,,"Y",1318632.32,1650955.58
"2022-29290-19/09/2025","EDWARDSTOWN","CC MARION.",2,1,0,1,0,2022,"May","Tuesday","11:55 pm",50,"Sealed","Dry","Not Raining","Night","Hit Fixed Object",1,,,1325115.27,1664559.4
"2022-29292-19/09/2025","MAWSON LAKES","CITY OF SALISBURY",2,2,0,0,2,2022,"May","Wednesday","08:28 am",70,"Sealed","Wet","Raining","Daylight","Right Angle",1,,,1329252.14,1684034.21
"2022-29294-19/09/2025","KLEMZIG","CITY OF PORT ADELAIDE ENFIELD",2,1,0,0,1,2022,"May","Wednesday","06:45 am",60,"Sealed","Wet","Raining","Night","Rear End",2,,,1331863.88,1676400.74
"2022-29298-19/09/2025","UNDERDALE","CITY OF WEST TORRENS",2,1,0,0,1,2022,"May","Tuesday","06:00 pm",60,"Sealed","Dry","Not Raining","Night","Rear End",1,,,1324318.5,1670945.2
"2022-29299-19/09/2025","NARACOORTE","DC NARACOORTE & LUCINDALE.",2,1,0,1,0,2022,"May","Wednesday","07:28 am",80,"Sealed","Dry","Not Raining","Daylight","Hit Fixed Object",1,,,1511436.4,1434585.95
"2022-29303-19/09/2025","HILLBANK","CITY OF PLAYFORD.",2,1,0,0,1,2022,"May","Wednesday","09:00 am",80,"Sealed","Wet","Raining","Daylight","Rear End",2,,,1336127.25,1690847.05
"2022-29304-19/09/2025","CAMPBELLTOWN","CC CAMPBELLTOWN.",2,1,0,0,1,2022,"May","Wednesday","08:03 am",60,"Sealed","Wet","Raining","Daylight","Right Angle",2,,,1334404.98,1675622.13
"2022-29305-19/09/2025","MARLESTON","CITY OF WEST TORRENS",2,1,0,0,1,2022,"May","Wednesday","08:25 am",50,"Sealed","Wet","Raining","Daylight","Right Angle",1,,,1325706.58,1668477.42
"2022-29308-19/09/2025","HAHNDORF","DC MT.BARKER.",3,1,1,0,0,2022,"May","Wednesday","10:55 am",80,"Sealed","Wet","Unknown","Daylight","Hit Fixed Object",1,,"Y",1348088.19,1659053.96
"2022-29311-19/09/2025","PRICE","YORKE PENINSULA COUNCIL",1,1,0,1,0,2022,"May","Wednesday","08:55 am",100,"Unsealed","Wet","Raining","Daylight","Roll Over",1,,,1273052.62,1737665.88
"2022-29318-19/09/2025","KESWICK","CITY OF WEST TORRENS",2,1,0,0,1,2022,"May","Wednesday","12:30 pm",60,"Sealed","Wet","Raining","Daylight","Rear End",2,,,1325798.69,1668947.66
"2022-29319-19/09/2025","ROSEWATER","CITY OF PORT ADELAIDE ENFIELD",2,1,0,0,1,2022,"May","Tuesday","04:30 pm",60,"Sealed","Dry","Not Raining","Daylight","Rear End",2,,,1322284.28,1679005.04
"2022-29321-19/09/2025","ROBE","DC ROBE.",1,1,0,0,1,2022,"May","Wednesday","02:05 pm",110,"Sealed","Wet","Raining","Daylight","Left Road - Out of Control",1,,,1426628.62,1415205.47
"2022-29334-19/09/2025","MACCLESFIELD","DC MT.BARKER.",2,1,0,1,0,2022,"May","Wednesday","05:15 pm",80,"Sealed","Wet","Raining","Night","Hit Fixed Object",1,,,1350051.81,1641081.94
"2022-29336-19/09/2025","BELAIR","CC MITCHAM.",2,1,0,1,0,2022,"May","Thursday","01:45 am",60,"Sealed","Wet","Raining","Night","Hit Fixed Object",1,"Y",,1332061.99,1660616.36
"2022-29337-19/09/2025","COOBER PEDY","DC COOBER PEDY",2,1,0,1,0,2022,"May","Wednesday","08:25 pm",50,"Sealed","Dry","Not Raining","Night","Hit Pedestrian",1,"Y",,975941.48,2330913.19
"2022-29338-19/09/2025","WARD BELT","LIGHT REGIONAL COUNCIL",3,1,0,0,1,2022,"May","Thursday","06:30 am",110,"Sealed","Wet","Raining","Night","Hit Fixed Object",1,,,1338342.81,1705749.06
"2022-29339-19/09/2025","WOODLANE","RC MURRAY BRIDGE.",2,1,0,1,0,2022,"May","Thursday","04:42 am",100,"Sealed","Wet","Raining","Night","Hit Fixed Object",1,,"Y",1393638.23,1660736.64
"2022-29343-19/09/2025","ADELAIDE","CITY OF ADELAIDE",3,1,0,0,1,2022,"May","Thursday","08:21 am",60,"Sealed","Wet","Raining","Daylight","Rear End",1,,,1327184.3,1670307.48
"2022-29344-19/09/2025","KANGAROO FLAT","LIGHT REGIONAL COUNCIL",2,1,0,0,1,2022,"May","Thursday","07:35 am",100,"Sealed","Wet","Not Raining","Daylight","Head On",1,,,1338974.22,1710808.75
"2022-29345-19/09/2025","LEAWOOD GARDENS","CITY OF BURNSIDE",2,1,0,0,1,2022,"May","Thursday","07:55 am",90,"Sealed","Wet","Raining","Daylight","Rear End",2,,,1335303.76,1665153.75
"2022-29349-19/09/2025","ROSE PARK","CITY OF BURNSIDE",3,1,0,0,1,2022,"May","Thursday","09:53 am",60,"Sealed","Wet","Not Raining","Daylight","Rear End",1,,,1330646.61,1670091.59
"2022-29355-19/09/2025","BOLIVAR","CITY OF SALISBURY",2,1,0,1,0,2022,"May","Thursday","10:40 am",110,"Sealed","Dry","Not Raining","Daylight","Hit Fixed Object",1,,,1328245.79,1688226.31
"2022-29367-19/09/2025","SOUTH PLYMPTON","CC MARION.",2,1,0,0,1,2022,"May","Thursday","04:38 pm",60,"Sealed","Dry","Not Raining","Daylight","Right Turn",1,,"Y",1325012.66,1666128.55
"2022-29374-19/09/2025","GULFVIEW HEIGHTS","CITY OF SALISBURY",2,1,0,0,1,2022,"May","Thursday","08:50 am",60,"Sealed","Wet","Raining","Daylight","Rear End",2,,,1334458.78,1684300.68
"2022-29376-19/09/2025","DOVER GARDENS","CC MARION.",2,1,0,0,1,2022,"May","Thursday","07:59 pm",60,"Sealed","Dry","Not Raining","Night","Right Turn",1,,,1322777.22,1660601.37
"2022-29377-19/09/2025","POOGINOOK","LOXTON WAIKERIE DISTRICT COUNCIL",1,1,0,1,0,2022,"May","Thursday","04:30 pm",110,"Sealed","Dry","Not Raining","Daylight","Roll Over",1,,,1468975.69,1753310.15
"2022-29388-19/09/2025","MAGILL","CC CAMPBELLTOWN.",3,1,0,0,1,2022,"May","Friday","09:15 am",60,"Sealed","Dry","Not Raining","Daylight","Hit Fixed Object",1,,,1335456.66,1672789.61
"2022-29396-19/09/2025","KENT TOWN","CC OF NORWOOD,PAYNEHAM & ST PETERS",2,1,0,0,1,2022,"May","Thursday","09:30 am",60,"Sealed","Wet","Raining","Daylight","Right Angle",2,,,1330454.83,1670510.91
"2022-29399-19/09/2025","WOODCROFT","CITY OF ONKAPARINGA",2,1,0,0,1,2022,"May","Friday","06:35 am",80,"Sealed","Dry","Not Raining","Night","Rear End",2,,,1323052.63,1651081.83
"2022-29405-19/09/2025","STURT VALE",,1,1,0,0,1,2022,"May","Sunday","02:37 pm",100,"Unsealed","Dry","Not Raining","Daylight","Roll Over",1,,,1468108.37,1851102.4
"2022-29408-19/09/2025","KINGSWOOD","CC MITCHAM.",2,1,0,0,1,2022,"May","Friday","02:40 pm",50,"Sealed","Wet","Raining","Daylight","Right Angle",1,,,1329336.67,1666100.84
"2022-29410-19/09/2025","GUMERACHA","THE ADELAIDE HILLS COUNCIL",2,3,0,0,3,2022,"May","Friday","01:30 pm",80,"Sealed","Wet","Raining","Daylight","Head On",1,,,1353595.91,1681493.96
"2022-29419-19/09/2025","ONKAPARINGA HILLS","CITY OF ONKAPARINGA",2,1,0,0,1,2022,"May","Friday","05:27 pm",60,"Sealed","Wet","Not Raining","Night","Right Angle",1,,,1323140.32,1648334.69
"2022-29421-19/09/2025","MAWSON LAKES","CITY OF SALISBURY",2,1,0,1,0,2022,"May","Friday","06:00 pm",50,"Unsealed","Wet","Raining","Night","Hit Pedestrian",2,,,1330325,1683743.32
"2022-29426-19/09/2025","MORPHETT VALE","CITY OF ONKAPARINGA",2,1,0,0,1,2022,"May","Friday","06:30 pm",60,"Sealed","Wet","Not Raining","Night","Rear End",2,,,1320772.94,1649856.29
"2022-29430-19/09/2025","OWEN","WAKEFIELD REGIONAL COUNCIL",2,1,0,1,0,2022,"May","Saturday","01:15 am",100,"Sealed","Wet","Raining","Night","Hit Fixed Object",1,"Y",,1324910.01,1744272.69
"2022-29433-19/09/2025","ROXBY DOWNS","MC ROXBY DOWNS",4,1,0,0,1,2022,"May","Saturday","05:50 am",50,"Sealed","Dry","Not Raining","Night","Hit Parked Vehicle",1,,,1181426.44,2158250.11
"2022-29434-19/09/2025","PENNINGTON","CITY OF CHARLES STURT",3,1,0,0,1,2022,"May","Saturday","08:15 am",60,"Sealed","Dry","Not Raining","Daylight","Hit Fixed Object",1,,"Y",1322283.77,1678301.2
"2022-29437-19/09/2025","PARADISE","CC CAMPBELLTOWN.",2,1,0,0,1,2022,"May","Saturday","09:15 am",60,"Sealed","Dry","Not Raining","Daylight","Rear End",1,,,1334981.44,1676242.38
"2022-29438-19/09/2025","MURRAY BRIDGE","RC MURRAY BRIDGE.",3,1,0,0,1,2022,"May","Saturday","09:45 am",50,"Sealed","Dry","Not Raining","Daylight","Right Turn",1,,,1388679.58,1646477.14
"2022-29442-19/09/2025","MILE END","CITY OF WEST TORRENS",3,1,0,0,1,2022,"May","Saturday","11:12 am",60,"Sealed","Wet","Raining","Daylight","Rear End",1,,,1325754.04,1670719.71
"2022-29443-19/09/2025","STURT","CC MARION.",3,1,0,0,1,2022,"May","Saturday","10:50 am",60,"Sealed","Wet","Raining","Daylight","Rear End",2,,,1324129.55,1660661.57
"2022-29444-19/09/2025","KANGARILLA","CITY OF ONKAPARINGA",3,1,0,0,1,2022,"May","Saturday","11:30 am",80,"Sealed","Wet","Raining","Daylight","Hit Fixed Object",1,,,1331476.82,1644070.58
"2022-29450-19/09/2025","PROSPECT","CITY OF PROSPECT",2,1,0,0,1,2022,"May","Saturday","01:30 pm",60,"Sealed","Wet","Raining","Daylight","Rear End",2,,,1328059.86,1676413.62
"2022-29460-19/09/2025","GLYNDE","CC OF NORWOOD,PAYNEHAM & ST PETERS",2,1,0,0,1,2022,"May","Saturday","01:00 pm",60,"Sealed","Wet","Raining","Daylight","Rear End",1,,,1333155.33,1674245.82
"2022-29462-19/09/2025","FULHAM GARDENS","CITY OF CHARLES STURT",2,1,0,0,1,2022,"May","Saturday","08:48 pm",60,"Sealed","Dry","Not Raining","Night","Hit Parked Vehicle",1,,,1320648.02,1673076.46
"2022-29465-19/09/2025","MINNIPA","DC WUDINNA. (DC LE HUNTE.)",1,1,0,1,0,2022,"May","Saturday","09:30 pm",50,"Sealed","Dry","Not Raining","Night","Other",1,,,1014438.4,1905571.42
"2022-29466-19/09/2025","ASHTON","THE ADELAIDE HILLS COUNCIL",3,1,0,0,1,2022,"May","Sunday","12:08 am",80,"Sealed","Wet","Raining","Night","Hit Fixed Object",1,,,1339955.07,1668194.23
"2022-29470-19/09/2025","NURIOOTPA","THE BAROSSA COUNCIL.",3,1,0,0,1,2022,"May","Sunday","05:40 am",50,"Sealed","Wet","Raining","Night","Hit Fixed Object",1,"Y",,1365943.09,1719719.11
"2022-29471-19/09/2025","TORRENSVILLE","CITY OF WEST TORRENS",2,1,0,0,1,2022,"May","Sunday","06:55 am",60,"Sealed","Dry","Not Raining","Night","Right Turn",1,,,1325416.27,1672003.04
"2022-29477-19/09/2025","PLYMPTON","CITY OF WEST TORRENS",2,1,0,0,1,2022,"May","Sunday","12:01 pm",60,"Sealed","Dry","Not Raining","Daylight","Right Angle",2,,,1324016.07,1667040.42
"2022-29480-19/09/2025","FULLARTON","CITY OF UNLEY",3,1,0,0,1,2022,"May","Sunday","01:20 pm",60,"Sealed","Dry","Not Raining","Daylight","Rear End",1,,,1331644.73,1667520.68
"2022-29482-19/09/2025","WESTBOURNE PARK","CC MITCHAM.",2,1,0,0,1,2022,"May","Saturday","05:20 pm",60,"Sealed","Dry","Not Raining","Night","Rear End",2,,,1327507.74,1666207.56
"2022-29486-19/09/2025","GLENSIDE","CITY OF BURNSIDE",2,1,0,0,1,2022,"May","Sunday","05:54 pm",60,"Sealed","Wet","Raining","Night","Hit Animal",2,,,1330688.65,1668745.75
"2022-29494-19/09/2025","MURRAY BRIDGE","RC MURRAY BRIDGE.",2,1,0,1,0,2022,"May","Sunday","05:00 pm",50,"Sealed","Dry","Not Raining","Daylight","Right Angle",1,,,1388439.12,1646221.19
"2022-29497-19/09/2025","LARGS BAY","CITY OF PORT ADELAIDE ENFIELD",2,1,0,0,1,2022,"May","Sunday","09:25 pm",60,"Sealed","Wet","Raining","Night","Hit Parked Vehicle",1,,,1318714.97,1681859.45
"2022-29500-19/09/2025","PARAFIELD GARDENS","CITY OF SALISBURY",4,1,0,0,1,2022,"May","Monday","08:00 am",60,"Sealed","Wet","Raining","Daylight","Rear End",1,,,1330597.93,1685754.24
"2022-29509-19/09/2025","SALISBURY DOWNS","CITY OF SALISBURY",2,1,0,0,1,2022,"May","Monday","06:50 am",50,"Sealed","Wet","Not Raining","Night","Right Angle",2,,,1331466.66,1688289.85
"2022-29516-19/09/2025","NORA CREINA","DC ROBE.",1,1,0,1,0,2022,"May","Saturday","09:00 am",50,"Unsealed","Dry","Not Raining","Daylight","Roll Over",1,,,1425572.3,1410871.15
"2022-29528-19/09/2025","UNDERDALE","CITY OF WEST TORRENS",2,1,0,0,1,2022,"May","Monday","03:37 pm",60,"Sealed","Dry","Not Raining","Daylight","Hit Pedestrian",2,,,1323822.05,1671965.71
"2022-29529-19/09/2025","MORPHETT VALE","CITY OF ONKAPARINGA",3,1,0,0,1,2022,"May","Monday","03:37 pm",50,"Sealed","Dry","Not Raining","Daylight","Hit Fixed Object",1,,,1321645.64,1650477.04
"2022-29530-19/09/2025","PAYNEHAM","CC OF NORWOOD,PAYNEHAM & ST PETERS",2,1,0,0,1,2022,"May","Monday","03:54 pm",60,"Sealed","Dry","Not Raining","Daylight","Right Angle",2,,,1332195.52,1673371.88
"2022-29531-19/09/2025","GOLDEN GROVE","CITY OF TEA TREE GULLY",2,2,0,1,1,2022,"May","Monday","03:25 pm",60,"Sealed","Dry","Not Raining","Daylight","Right Turn",1,,,1337889.71,1685361.47
"2022-29532-19/09/2025","MURRAY BRIDGE","RC MURRAY BRIDGE.",3,1,0,0,1,2022,"May","Monday","03:45 pm",80,"Unsealed","Wet","Raining","Daylight","Hit Fixed Object",1,"Y",,,
"2022-29534-19/09/2025","ADELAIDE","CITY OF ADELAIDE",2,1,0,0,1,2022,"May","Friday","04:15 pm",50,"Sealed","Dry","Not Raining","Daylight","Hit Pedestrian",1,,,1328180.57,1670024.59
"2022-29541-19/09/2025","MONTACUTE","THE ADELAIDE HILLS COUNCIL",2,1,0,1,0,2022,"May","Monday","07:27 pm",80,"Sealed","Wet","Raining","Night","Hit Fixed Object",1,,,1340841.12,1673830.51
"2022-29544-19/09/2025","GOODWOOD","CITY OF UNLEY",2,1,0,0,1,2022,"May","Monday","09:35 pm",50,"Sealed","Wet","Not Raining","Night","Right Angle",1,,,1327461.02,1667778.18
"2022-29545-19/09/2025","WHYALLA STUART","CC WHYALLA.",2,3,0,3,0,2022,"May","Tuesday","12:31 am",60,"Sealed","Wet","Raining","Night","Hit Fixed Object",1,"Y",,1235629.3,1882492.76
"2022-29546-19/09/2025","STRATHALBYN","ALEXANDRINA COUNCIL",2,1,0,1,0,2022,"May","Monday","02:00 pm",50,"Sealed","Dry","Not Raining","Daylight","Hit Pedestrian",1,,,1353677.36,1632700.76
"2022-29549-19/09/2025","NORTH SHIELDS","DC LOWER EYRE PENINSULA",2,3,0,0,3,2022,"May","Tuesday","08:12 am",80,"Sealed","Dry","Not Raining","Daylight","Right Turn",2,,,1079098.26,1708782.15
"2022-29550-19/09/2025","SEACLIFF PARK","CITY OF HOLDFAST BAY",2,1,0,0,1,2022,"May","Tuesday","08:40 am",60,"Sealed","Dry","Not Raining","Daylight","Right Angle",1,,,1321183.1,1659188.47