"REPORT_ID","Suburb","LGA Name","Total Units","Total Cas","Total Fats","Total SI","Total MI","Year","Month","Day","Time","Area Speed","Road Surface","Moisture Cond","Weather Cond","DayNight","Crash Type","Unit Resp","DUI Involved","Drugs Involved","ACCLOC_X","ACCLOC_Y"
"2022-29551-19/09/2025","HAMPSTEAD GARDENS","CITY OF PORT ADELAIDE ENFIELD",2,1,0,0,1,2022,"May","Tuesday","08:35 am",60,"Sealed","Dry","Unknown","Daylight","Rear End",1,,,1331523.2,1676587.57
"2022-29553-19/09/2025","GLENELG EAST","CITY OF HOLDFAST BAY",2,1,0,0,1,2022,"May","Monday","07:50 am",60,"Sealed","Wet","Raining","Daylight","Rear End",2,,,1321017.68,1664791.21
"2022-29559-19/09/2025","ELIZABETH SOUTH","CITY OF PLAYFORD.",2,1,0,0,1,2022,"May","Tuesday","01:55 pm",60,"Sealed","Dry","Not Raining","Daylight","Right Angle",1,,,1335051.83,1692128.17
"2022-29560-19/09/2025","CLARE","CLARE AND GILBERT VALLEYS DISTRICT COUNCIL",2,1,0,0,1,2022,"May","Tuesday","12:45 pm",80,"Sealed","Wet","Raining","Daylight","Right Angle",1,,,1334323.75,1788993.09
"2022-29562-19/09/2025","GEPPS CROSS","CITY OF PORT ADELAIDE ENFIELD",2,1,0,0,1,2022,"May","Tuesday","01:58 pm",60,"Sealed","Dry","Not Raining","Daylight","Hit Fixed Object",1,,"Y",1327554.46,1679236.77
"2022-29567-19/09/2025","BURTON","CITY OF SALISBURY",2,1,0,0,1,2022,"May","Tuesday","04:12 pm",50,"Sealed","Dry","Not Raining","Daylight","Hit Pedestrian",1,,,1328984.1,1691502.8
"2022-29568-19/09/2025","ROSEWATER","CITY OF PORT ADELAIDE ENFIELD",2,1,0,0,1,2022,"May","Tuesday","03:15 pm",50,"Sealed","Wet","Raining","Daylight","Hit Pedestrian",2,,,1321965.27,1679187.79
"2022-29572-19/09/2025","STIRLING","THE ADELAIDE HILLS COUNCIL",3,1,0,0,1,2022,"May","Tuesday","06:00 pm",100,"Sealed","Wet","Raining","Night","Side Swipe",1,,,1338017.34,1662313.61
"2022-29574-19/09/2025","HIGHLAND VALLEY","ALEXANDRINA COUNCIL",2,1,0,1,0,2022,"May","Tuesday","03:45 pm",100,"Sealed","Wet","Unknown","Daylight","Hit Fixed Object",1,,"Y",1358846.85,1642064.28
"2022-29577-19/09/2025","DRY CREEK","CITY OF PORT ADELAIDE ENFIELD",3,1,0,0,1,2022,"May","Tuesday","05:30 pm",70,"Sealed","Dry","Not Raining","Night","Rear End",2,,,1328050.35,1680080.1
"2022-29585-19/09/2025","NORTHFIELD","CITY OF PORT ADELAIDE ENFIELD",3,2,0,0,2,2022,"June","Wednesday","08:51 am",60,"Sealed","Dry","Not Raining","Daylight","Right Turn",1,,,1330859.68,1680068.64
"2022-29590-19/09/2025","NEWTON","CC CAMPBELLTOWN.",2,1,0,0,1,2022,"June","Wednesday","09:35 am",60,"Sealed","Dry","Not Raining","Daylight","Side Swipe",2,,,1335391.31,1675239.75
"2022-29591-19/09/2025","WOODVILLE WEST","CITY OF CHARLES STURT",3,1,0,0,1,2022,"May","Monday","09:25 pm",60,"Sealed","Wet","Not Raining","Night","Rear End",1,,,1322356.12,1676154.2
"2022-29593-19/09/2025","GLENELG SOUTH","CITY OF HOLDFAST BAY",2,2,0,0,2,2022,"June","Wednesday","10:48 am",60,"Sealed","Dry","Not Raining","Daylight","Right Turn",1,,,1321041.63,1664346.89
"2022-29594-19/09/2025","BLAKEVIEW","CITY OF PLAYFORD.",2,1,0,0,1,2022,"June","Wednesday","10:45 am",60,"Sealed","Dry","Not Raining","Daylight","Right Angle",1,,"Y",1338571.36,1697465.71
"2022-29595-19/09/2025","NORTH ADELAIDE","CITY OF ADELAIDE",3,3,0,0,3,2022,"June","Wednesday","10:25 am",50,"Sealed","Dry","Not Raining","Daylight","Rear End",1,,,1328087.06,1673327.96
"2022-29602-19/09/2025","STEPNEY","CC OF NORWOOD,PAYNEHAM & ST PETERS",3,1,0,0,1,2022,"June","Wednesday","02:33 pm",60,"Sealed","Dry","Not Raining","Daylight","Rear End",1,,,1330600.73,1671714.93
"2022-29605-19/09/2025","VIRGINIA","CITY OF PLAYFORD.",3,1,0,0,1,2022,"June","Wednesday","03:51 pm",100,"Sealed","Dry","Not Raining","Daylight","Right Turn",1,,,1325312.88,1701339.85
"2022-29609-19/09/2025","KLEMZIG","CITY OF PORT ADELAIDE ENFIELD",3,1,0,0,1,2022,"June","Wednesday","06:04 pm",60,"Sealed","Dry","Not Raining","Night","Rear End",1,,,1332080.32,1676585.35
"2022-29613-19/09/2025","BOWDEN","CITY OF CHARLES STURT",2,1,0,0,1,2022,"June","Thursday","06:55 am",40,"Sealed","Dry","Not Raining","Night","Right Angle",1,,,1326489.86,1672950.14
"2022-29621-19/09/2025","STIRLING","THE ADELAIDE HILLS COUNCIL",2,1,0,0,1,2022,"June","Wednesday","08:45 am",60,"Sealed","Wet","Not Raining","Daylight","Rear End",2,,,1338783.47,1661765.64
"2022-29631-19/09/2025","SEAVIEW DOWNS","CC MARION.",2,1,0,0,1,2022,"June","Thursday","12:37 pm",50,"Sealed","Dry","Not Raining","Daylight","Hit Pedestrian",1,,,1322360.88,1658545.97
"2022-29633-19/09/2025","SALISBURY NORTH","CITY OF SALISBURY",2,1,0,1,0,2022,"June","Thursday","01:18 pm",50,"Sealed","Dry","Not Raining","Daylight","Hit Pedestrian",1,,,1332099.08,1689536.38
"2022-29635-19/09/2025","MAITLAND","YORKE PENINSULA COUNCIL",2,1,0,0,1,2022,"June","Thursday","05:45 am",100,"Sealed","Dry","Not Raining","Night","Hit Animal",2,,,1243308.45,1742520.96
"2022-29637-19/09/2025","VALE PARK","WALKERVILLE TOWN COUNCIL",2,1,0,0,1,2022,"June","Wednesday","04:20 pm",60,"Sealed","Dry","Not Raining","Daylight","Rear End",2,,,1331192.88,1674745.74
"2022-29642-19/09/2025","KENT TOWN","CC OF NORWOOD,PAYNEHAM & ST PETERS",2,2,0,0,2,2022,"June","Thursday","05:20 pm",60,"Sealed","Dry","Not Raining","Night","Right Angle",2,,,1330254.31,1670696.13
"2022-29647-19/09/2025","LIGHTSVIEW","CITY OF PORT ADELAIDE ENFIELD",5,1,0,0,1,2022,"June","Thursday","05:53 pm",60,"Sealed","Dry","Not Raining","Night","Rear End",1,,,1330401.33,1677964.79
"2022-29649-19/09/2025","SALISBURY HEIGHTS","CITY OF SALISBURY",2,1,0,1,0,2022,"June","Thursday","06:40 pm",80,"Sealed","Dry","Not Raining","Night","Hit Pedestrian",2,,,1335642.79,1688370.18
"2022-29660-19/09/2025","FIRLE","CC OF NORWOOD,PAYNEHAM & ST PETERS",2,1,0,0,1,2022,"June","Thursday","09:35 am",40,"Sealed","Dry","Not Raining","Daylight","Right Turn",1,,,1333829.69,1673082.49
"2022-29661-19/09/2025","KILKENNY","CITY OF CHARLES STURT",2,1,0,0,1,2022,"June","Friday","08:30 am",50,"Sealed","Wet","Not Raining","Daylight","Hit Parked Vehicle",1,,,1324790.42,1675920.38
"2022-29666-19/09/2025","RENMARK WEST","DC RENMARK PARINGA",2,1,0,0,1,2022,"June","Friday","08:45 am",80,"Sealed","Dry","Not Raining","Daylight","Side Swipe",1,,,1525593.59,1745915.88
"2022-29667-19/09/2025","HACKNEY","CC OF NORWOOD,PAYNEHAM & ST PETERS",3,1,0,0,1,2022,"June","Friday","08:00 am",60,"Sealed","Wet","Raining","Daylight","Rear End",2,,,1329838.45,1671720.06
"2022-29668-19/09/2025","THORNGATE","CITY OF PROSPECT",2,2,0,0,2,2022,"June","Friday","09:20 am",60,"Sealed","Dry","Not Raining","Daylight","Right Turn",2,,,1328116.31,1673675.73
"2022-29670-19/09/2025","GEPPS CROSS","CITY OF PORT ADELAIDE ENFIELD",2,1,0,0,1,2022,"June","Friday","08:00 am",60,"Sealed","Wet","Raining","Daylight","Rear End",2,,,1328048.27,1679246.97
"2022-29676-19/09/2025","SURREY DOWNS","CITY OF TEA TREE GULLY",2,1,0,0,1,2022,"June","Friday","12:30 pm",60,"Sealed","Dry","Not Raining","Daylight","Right Turn",2,,,1338113.9,1683604.7
"2022-29677-19/09/2025","MOUNT GAMBIER","CC MT.GAMBIER.",2,1,0,0,1,2022,"June","Friday","12:30 pm",50,"Sealed","Dry","Not Raining","Daylight","Right Angle",1,,,1510694.96,1340082.32
"2022-29682-19/09/2025","SEDAN","MID MURRAY DISTRICT COUNCIL",1,1,0,0,1,2022,"June","Friday","02:45 pm",100,"Unsealed","Dry","Not Raining","Daylight","Roll Over",1,,,1388959.36,1706759.81
"2022-29683-19/09/2025","MILE END","CITY OF WEST TORRENS",2,1,0,0,1,2022,"June","Thursday","01:50 pm",50,"Sealed","Dry","Not Raining","Daylight","Right Angle",2,,,1325896.74,1670922.97
"2022-29686-19/09/2025","WESTBOURNE PARK","CC MITCHAM.",3,1,0,0,1,2022,"June","Friday","03:30 pm",60,"Sealed","Wet","Raining","Daylight","Right Turn",1,,"Y",1327515.58,1665915.74
"2022-29688-19/09/2025","DRY CREEK","CITY OF PORT ADELAIDE ENFIELD",2,1,0,0,1,2022,"June","Friday","04:21 pm",90,"Sealed","Wet","Raining","Daylight","Hit Fixed Object",1,,,1325420.44,1681456.9
"2022-29694-19/09/2025","BARMERA","THE BERRI BARMERA COUNCIL",2,1,0,0,1,2022,"June","Friday","04:40 pm",90,"Sealed","Dry","Not Raining","Daylight","Right Angle",2,,,1506040.78,1736401.52
"2022-29701-19/09/2025","POORAKA","CITY OF SALISBURY",2,1,0,0,1,2022,"June","Friday","06:25 pm",70,"Sealed","Wet","Not Raining","Night","Rear End",2,,,1330563.64,1681911.62
"2022-29702-19/09/2025","SELLICKS HILL","CITY OF ONKAPARINGA",2,1,0,0,1,2022,"June","Friday","07:41 pm",90,"Sealed","Wet","Raining","Night","Hit Fixed Object",1,"Y",,1315525.05,1626440.43
"2022-29704-19/09/2025","PORT PIRIE WEST","PT.PIRIE CITY & DIST. COUNCIL",2,1,0,0,1,2022,"June","Friday","08:00 pm",50,"Sealed","Wet","Raining","Night","Right Angle",2,,,1279491.38,1865421.92
"2022-29718-19/09/2025","MOUNT BARKER","DC MT.BARKER.",3,1,0,0,1,2022,"June","Saturday","11:13 am",60,"Sealed","Wet","Raining","Daylight","Rear End",1,,,1351092.71,1654671.46
"2022-29721-19/09/2025","KIDMAN PARK","CITY OF CHARLES STURT",2,1,0,0,1,2022,"June","Friday","03:00 pm",60,"Sealed","Wet","Not Raining","Daylight","Side Swipe",2,,,1322028.78,1673104.99
"2022-29724-19/09/2025","UNLEY","CITY OF UNLEY",2,1,0,0,1,2022,"June","Saturday","01:30 pm",40,"Sealed","Dry","Not Raining","Daylight","Side Swipe",1,,,1329663.35,1668228.69
"2022-29730-19/09/2025","ADELAIDE","CITY OF ADELAIDE",2,1,0,0,1,2022,"June","Saturday","03:21 pm",50,"Sealed","Wet","Raining","Daylight","Hit Pedestrian",2,,,1328413.14,1670346.5
"2022-29734-19/09/2025","WESTBOURNE PARK","CC MITCHAM.",2,1,0,0,1,2022,"June","Saturday","04:45 pm",60,"Sealed","Wet","Not Raining","Daylight","Rear End",2,,,1327698.48,1666204.88
"2022-29735-19/09/2025","NOARLUNGA CENTRE","CITY OF ONKAPARINGA",2,1,0,0,1,2022,"June","Saturday","05:32 pm",60,"Sealed","Wet","Raining","Night","Hit Pedestrian",1,,,1317352.19,1647429.77
"2022-29736-19/09/2025","DARLINGTON","CITY OF ONKAPARINGA",2,1,0,0,1,2022,"June","Saturday","06:30 pm",80,"Sealed","Wet","Raining","Night","Hit Fixed Object",1,,,1324391.55,1658650.31
"2022-29748-19/09/2025","GEPPS CROSS","CITY OF PORT ADELAIDE ENFIELD",3,1,0,0,1,2022,"June","Sunday","05:45 am",60,"Sealed","Wet","Raining","Night","Hit Fixed Object",1,"Y",,1328905.99,1679405.66
"2022-29762-19/09/2025","DOVER GARDENS","CC MARION.",2,1,0,0,1,2022,"June","Sunday","01:00 pm",60,"Sealed","Wet","Raining","Daylight","Rear End",2,,,1322776.93,1660610.37
"2022-29764-19/09/2025","NORA CREINA","DC ROBE.",1,1,0,0,1,2022,"May","Tuesday","10:00 am",50,"Unknown","Unknown","Unknown","Daylight","Roll Over",1,,,1426300.71,1407959.39
"2022-29765-19/09/2025","NORTH PLYMPTON","CITY OF WEST TORRENS",2,1,0,0,1,2022,"June","Sunday","02:04 pm",50,"Sealed","Wet","Not Raining","Daylight","Right Turn",2,,,1323408.54,1667237.74
"2022-29772-19/09/2025","MODBURY","CITY OF TEA TREE GULLY",2,1,0,0,1,2022,"June","Sunday","05:43 pm",50,"Sealed","Wet","Raining","Night","Hit Pedestrian",2,,,1336854.02,1680275.98
"2022-29778-19/09/2025","SURREY DOWNS","CITY OF TEA TREE GULLY",2,1,0,0,1,2022,"June","Sunday","08:50 pm",60,"Sealed","Wet","Raining","Night","Hit Fixed Object",1,,,1339638.67,1685190.04
"2022-29780-19/09/2025","FREELING","LIGHT REGIONAL COUNCIL",3,1,0,1,0,2022,"June","Sunday","06:01 pm",100,"Sealed","Wet","Raining","Night","Head On",2,,,1348500.6,1718454.29
"2022-29789-19/09/2025","WALLAROO","COPPER COAST DISTRICT COUNCIL",2,1,0,0,1,2022,"June","Monday","08:38 am",80,"Sealed","Wet","Not Raining","Daylight","Right Angle",1,,,1243910.19,1784265.25
"2022-29794-19/09/2025","HILLCREST","CITY OF PORT ADELAIDE ENFIELD",2,1,0,0,1,2022,"June","Monday","12:45 pm",50,"Sealed","Dry","Not Raining","Daylight","Right Angle",1,,,1333266.46,1677798.92
"2022-29795-19/09/2025","HILTON","CITY OF WEST TORRENS",3,2,0,0,2,2022,"June","Monday","12:49 pm",60,"Sealed","Wet","Not Raining","Daylight","Side Swipe",1,,,1325774.4,1670150.89
"2022-29799-19/09/2025","SEFTON PARK","CITY OF PORT ADELAIDE ENFIELD",2,1,0,0,1,2022,"June","Monday","02:39 pm",60,"Sealed","Wet","Not Raining","Daylight","Right Angle",1,,,1329313.92,1676444.29
"2022-29801-19/09/2025","ABERFOYLE PARK","CITY OF ONKAPARINGA",2,1,0,0,1,2022,"June","Monday","03:52 pm",50,"Sealed","Wet","Raining","Daylight","Rear End",2,,,1327187.48,1653953.61
"2022-29809-19/09/2025","HACKNEY","CC OF NORWOOD,PAYNEHAM & ST PETERS",2,1,0,0,1,2022,"June","Tuesday","01:45 am",60,"Sealed","Wet","Raining","Night","Side Swipe",2,,,1329731.23,1672411.7
"2022-29811-19/09/2025","SALISBURY EAST","CITY OF SALISBURY",2,1,1,0,0,2022,"June","Monday","10:22 pm",80,"Sealed","Unknown","Unknown","Night","Hit Pedestrian",2,,,1336905.23,1686233.55
"2022-29812-19/09/2025","OAKDEN","CITY OF PORT ADELAIDE ENFIELD",2,1,0,0,1,2022,"June","Tuesday","05:15 am",70,"Sealed","Wet","Raining","Night","Right Angle",1,,,1332015.63,1679296.5
"2022-29814-19/09/2025","BROADVIEW","CITY OF PORT ADELAIDE ENFIELD",2,1,0,1,0,2022,"June","Tuesday","06:06 am",60,"Sealed","Dry","Not Raining","Night","Side Swipe",1,,,1330021.3,1676462.17
"2022-29817-19/09/2025","ST MARYS","CC MITCHAM.",2,1,0,0,1,2022,"June","Tuesday","06:35 am",60,"Sealed","Wet","Raining","Night","Right Turn",2,,,1325965.26,1663326.66
"2022-29822-19/09/2025","ADELAIDE AIRPORT","CITY OF WEST TORRENS",2,1,0,0,1,2022,"June","Tuesday","09:00 am",50,"Sealed","Wet","Not Raining","Daylight","Rear End",1,,,1322960.83,1669785.8
"2022-29828-19/09/2025","EDWARDSTOWN","CC MARION.",4,1,0,0,1,2022,"June","Monday","06:30 pm",60,"Sealed","Wet","Raining","Night","Right Angle",2,,,1325923.86,1664392.42
"2022-29833-19/09/2025","O'HALLORAN HILL","CC MARION.",1,1,0,1,0,2022,"June","Tuesday","09:05 am",60,"Sealed","Wet","Not Raining","Daylight","Roll Over",1,,,1323147.08,1656622.54
"2022-29835-19/09/2025","PARAFIELD","CITY OF SALISBURY",2,1,0,0,1,2022,"June","Tuesday","09:35 am",80,"Sealed","Dry","Not Raining","Daylight","Rear End",2,,,1331795.18,1683502.55
"2022-29836-19/09/2025","UNDERDALE","CITY OF WEST TORRENS",2,1,0,0,1,2022,"June","Thursday","06:30 am",60,"Sealed","Dry","Not Raining","Night","Right Angle",2,,,1324328.3,1670954.65
"2022-29838-19/09/2025","ANGASTON","THE BAROSSA COUNCIL.",2,1,0,1,0,2022,"May","Friday","10:45 am",25,"Sealed","Unknown","Not Raining","Daylight","Right Angle",2,,,1368105.7,1716627.41
"2022-29845-19/09/2025","EVANSTON","CT GAWLER.",2,1,0,0,1,2022,"June","Tuesday","06:15 pm",80,"Sealed","Dry","Not Raining","Night","Right Turn",1,,,1341314.94,1704923.74
"2022-29846-19/09/2025","ADELAIDE","CITY OF ADELAIDE",3,3,0,0,3,2022,"June","Tuesday","06:01 pm",50,"Sealed","Dry","Not Raining","Night","Rear End",1,,,1327508.02,1669850.93
"2022-29853-19/09/2025","FLINDERS PARK","CITY OF CHARLES STURT",2,1,0,0,1,2022,"June","Tuesday","09:18 pm",40,"Sealed","Dry","Not Raining","Night","Hit Pedestrian",2,,,1323600.36,1673151.08
"2022-29857-19/09/2025","MONASH","THE BERRI BARMERA COUNCIL",1,1,0,0,1,2022,"June","Wednesday","05:15 am",80,"Sealed","Dry","Not Raining","Night","Roll Over",1,,,1511964.14,1738432.56
"2022-29860-19/09/2025","OAKLANDS PARK","CC MARION.",2,1,0,0,1,2022,"June","Wednesday","07:46 am",50,"Sealed","Dry","Not Raining","Daylight","Right Turn",1,,,1322864.13,1661711.68
"2022-29864-19/09/2025","NOARLUNGA CENTRE","CITY OF ONKAPARINGA",2,1,0,0,1,2022,"June","Tuesday","03:50 pm",50,"Sealed","Dry","Not Raining","Daylight","Side Swipe",1,,,1317482.36,1647214.44
"2022-29867-19/09/2025","ROYSTON PARK","CC OF NORWOOD,PAYNEHAM & ST PETERS",2,1,0,0,1,2022,"June","Wednesday","08:50 am",50,"Sealed","Dry","Not Raining","Daylight","Right Angle",1,,,1331364.62,1673941.55
"2022-29869-19/09/2025","GAWLER SOUTH","CT GAWLER.",2,1,0,0,1,2022,"June","Wednesday","09:59 am",50,"Sealed","Wet","Raining","Daylight","Hit Parked Vehicle",1,,,1342911.81,1705563.98
"2022-29872-19/09/2025","NORA CREINA","DC ROBE.",1,1,0,1,0,2022,"April","Friday","11:45 am",50,"Unsealed","Dry","Not Raining","Daylight","Roll Over",1,,,1426439.65,1408179.08
"2022-29873-19/09/2025","SALISBURY EAST","CITY OF SALISBURY",2,1,0,0,1,2022,"June","Wednesday","11:25 am",80,"Sealed","Dry","Not Raining","Daylight","Hit Fixed Object",1,,,1333949.43,1686226.64
"2022-29874-19/09/2025","ST AGNES","CITY OF TEA TREE GULLY",2,1,0,0,1,2022,"June","Wednesday","11:21 am",60,"Sealed","Dry","Not Raining","Daylight","Hit Fixed Object",1,,,1339614.09,1681894.64
"2022-29875-19/09/2025","SALISBURY EAST","CITY OF SALISBURY",2,1,0,0,1,2022,"June","Wednesday","11:25 am",80,"Sealed","Dry","Not Raining","Daylight","Rear End",2,,,1333995.93,1686285.66
"2022-29877-19/09/2025","NORTH PLYMPTON","CITY OF WEST TORRENS",2,1,0,0,1,2022,"June","Tuesday","03:40 pm",50,"Sealed","Dry","Not Raining","Daylight","Rear End",2,,,1325015.56,1668243.76
"2022-29884-19/09/2025","DOWLINGVILLE","YORKE PENINSULA COUNCIL",2,1,0,0,1,2022,"June","Wednesday","12:30 pm",100,"Sealed","Dry","Not Raining","Daylight","Head On",1,,,1271539.62,1739562.4
"2022-29907-19/09/2025","WOODVILLE NORTH","CITY OF CHARLES STURT",3,2,0,0,2,2022,"June","Thursday","06:30 am",60,"Sealed","Wet","Raining","Night","Right Angle",2,,,1323944.81,1677840.39
"2022-29911-19/09/2025","WILLIAM CREEK",,1,2,0,0,2,2022,"May","Sunday","11:00 am",100,"Unsealed","Wet","Raining","Daylight","Roll Over",1,,,1131100,2342282.9
"2022-29914-19/09/2025","WOODSIDE","THE ADELAIDE HILLS COUNCIL",2,1,0,0,1,2022,"June","Thursday","08:45 am",50,"Unsealed","Dry","Not Raining","Daylight","Right Angle",1,,,1353280.36,1668874.26
"2022-29917-19/09/2025","PARADISE","CC CAMPBELLTOWN.",2,1,0,0,1,2022,"June","Thursday","09:48 am",60,"Sealed","Dry","Not Raining","Daylight","Right Turn",2,,,1335190,1675919.89
"2022-29920-19/09/2025","TANUNDA","THE BAROSSA COUNCIL.",2,1,0,0,1,2022,"June","Thursday","11:25 am",50,"Sealed","Dry","Not Raining","Daylight","Hit Parked Vehicle",1,,,1363084.42,1713956.88
"2022-29921-19/09/2025","TORRENSVILLE","CITY OF WEST TORRENS",2,1,0,0,1,2022,"June","Thursday","11:11 am",50,"Sealed","Wet","Not Raining","Daylight","Hit Fixed Object",1,,,1325443.99,1670974.77
"2022-29923-19/09/2025","EYRE","CITY OF PLAYFORD.",1,1,0,0,1,2022,"June","Thursday","01:10 pm",80,"Sealed","Dry","Not Raining","Daylight","Roll Over",1,,,1334056.74,1696009.67
"2022-29936-19/09/2025","MAGILL","CITY OF BURNSIDE",2,1,0,0,1,2022,"June","Thursday","07:20 pm",50,"Sealed","Dry","Not Raining","Night","Hit Fixed Object",1,,,1335040.02,1671728.92
"2022-29937-19/09/2025","KILBURN","CITY OF PORT ADELAIDE ENFIELD",3,1,0,0,1,2022,"June","Thursday","06:17 pm",50,"Sealed","Dry","Not Raining","Night","Rear End",1,,,1328027.09,1677748.75
"2022-29938-19/09/2025","OB FLAT","DISTRICT COUNCIL OF GRANT",2,1,1,0,0,2022,"June","Thursday","05:45 pm",110,"Sealed","Wet","Raining","Night","Hit Pedestrian",2,"Y",,1510924.78,1334813.8
"2022-29939-19/09/2025","CHRISTIE DOWNS","CITY OF ONKAPARINGA",2,1,0,1,0,2022,"June","Thursday","07:59 pm",70,"Sealed","Dry","Not Raining","Night","Hit Pedestrian",2,,,1317958.63,1648609.76
"2022-29940-19/09/2025","MOUNT BARKER","DC MT.BARKER.",4,1,0,0,1,2022,"June","Thursday","05:32 pm",60,"Sealed","Dry","Not Raining","Night","Right Angle",1,,,1352238.42,1652734.71
"2022-29942-19/09/2025","GLOSSOP","THE BERRI BARMERA COUNCIL",2,1,0,0,1,2022,"June","Friday","11:00 pm",90,"Sealed","Dry","Not Raining","Night","Right Angle",1,,"Y",1511443.34,1734379.73
"2022-29944-19/09/2025","WOODVILLE WEST","CITY OF CHARLES STURT",2,1,0,0,1,2022,"June","Friday","07:20 am",60,"Sealed","Wet","Raining","Daylight","Right Angle",2,,,1322384.15,1676196.65
"2022-29947-19/09/2025","WHYALLA NORRIE","CC WHYALLA.",2,1,0,1,0,2022,"June","Friday","07:45 am",60,"Sealed","Dry","Not Raining","Daylight","Right Angle",1,,,1236587.68,1883547.3
"2022-29949-19/09/2025","STURT","CC MARION.",3,1,0,0,1,2022,"June","Friday","09:05 am",60,"Sealed","Wet","Raining","Daylight","Right Turn",1,,,1324404.88,1660668.91
"2022-29954-19/09/2025","CAVAN","CITY OF SALISBURY",2,1,0,0,1,2022,"June","Friday","11:11 am",70,"Sealed","Wet","Raining","Daylight","Right Turn",2,,,1328738.48,1681551.68
"2022-29955-19/09/2025","NORWOOD","CC OF NORWOOD,PAYNEHAM & ST PETERS",2,1,0,0,1,2022,"June","Friday","11:42 am",50,"Sealed","Dry","Not Raining","Daylight","Hit Pedestrian",1,,,1332053.22,1671073.73
"2022-29958-19/09/2025","BLACKWOOD","CC MITCHAM.",2,1,0,0,1,2022,"June","Friday","09:12 am",50,"Sealed","Wet","Raining","Daylight","Right Turn",1,,,1330020.77,1660855.26
"2022-29960-19/09/2025","LONSDALE","CITY OF ONKAPARINGA",2,2,0,2,0,2022,"June","Friday","01:25 pm",80,"Sealed","Dry","Not Raining","Daylight","Rear End",2,,,1318612.15,1650890.17
"2022-29962-19/09/2025","ADELAIDE","CITY OF ADELAIDE",2,1,0,0,1,2022,"June","Friday","11:50 am",5,"Sealed","Wet","Raining","Daylight","Hit Pedestrian",1,,,1328646.09,1670984.76
"2022-29963-19/09/2025","CRAIGBURN FARM","CC MITCHAM.",2,1,0,0,1,2022,"June","Friday","02:15 pm",50,"Sealed","Dry","Not Raining","Daylight","Hit Parked Vehicle",1,,,1328914.39,1658423.77
"2022-29967-19/09/2025","GREEN FIELDS","CITY OF SALISBURY",2,1,0,0,1,2022,"June","Wednesday","09:30 pm",80,"Sealed","Dry","Not Raining","Night","Right Turn",2,,,1328689.4,1685255.52
"2022-29968-19/09/2025","CAMPBELLTOWN","CC CAMPBELLTOWN.",2,1,0,0,1,2022,"April","Monday","03:52 pm",60,"Sealed","Unknown","Unknown","Daylight","Right Angle",1,,,1334960.93,1675156.51
"2022-29969-19/09/2025","ELIZABETH","CITY OF PLAYFORD.",2,1,0,0,1,2022,"June","Friday","03:25 pm",50,"Sealed","Dry","Not Raining","Daylight","Hit Pedestrian",2,,,1335367.03,1693680.89
"2022-29971-19/09/2025","WYNN VALE","CITY OF TEA TREE GULLY",2,1,0,0,1,2022,"June","Thursday","05:45 pm",80,"Sealed","Dry","Not Raining","Night","Rear End",2,,,1335764.06,1683093.59
"2022-29972-19/09/2025","GOLDEN GROVE","CITY OF TEA TREE GULLY",2,1,0,0,1,2022,"June","Friday","04:20 pm",50,"Sealed","Dry","Not Raining","Daylight","Right Angle",1,,,1337761.43,1685499.92
"2022-29973-19/09/2025","ALDINGA","CITY OF ONKAPARINGA",4,2,0,0,2,2022,"June","Friday","03:40 pm",90,"Sealed","Dry","Not Raining","Daylight","Rear End",1,,,1317109.7,1633627.24
"2022-29976-19/09/2025","NEWTON","CC CAMPBELLTOWN.",2,1,0,0,1,2022,"June","Friday","04:39 pm",60,"Sealed","Dry","Not Raining","Daylight","Hit Fixed Object",1,,,1335398.01,1674978.91
"2022-29984-19/09/2025","ONKAPARINGA HILLS","CITY OF ONKAPARINGA",2,4,0,2,2,2022,"June","Friday","08:49 pm",80,"Unsealed","Wet","Raining","Night","Hit Fixed Object",1,,"Y",1325156.95,1645842.66
"2022-29985-19/09/2025","WILLIAMSTOWN","THE BAROSSA COUNCIL.",2,1,0,0,1,2022,"June","Friday","09:09 pm",80,"Sealed","Dry","Not Raining","Night","Hit Fixed Object",1,,,1354998.43,1696751.19
"2022-29987-19/09/2025","MILANG","ALEXANDRINA COUNCIL",3,1,0,0,1,2022,"June","Friday","09:00 pm",100,"Sealed","Wet","Raining","Night","Side Swipe",2,,,1356340.31,1618077.15
"2022-29989-19/09/2025","TINTINARA","COORONG DISTRICT COUNCIL",2,2,0,2,0,2022,"June","Saturday","12:40 am",110,"Sealed","Wet","Raining","Night","Hit Parked Vehicle",1,,,1454937.68,1560614.64
"2022-29990-19/09/2025","HIGHBURY","CITY OF TEA TREE GULLY",2,1,0,1,0,2022,"June","Saturday","06:45 am",60,"Sealed","Wet","Raining","Night","Right Angle",1,,,1336795.71,1677863.88
"2022-29997-19/09/2025","ELIZABETH DOWNS","CITY OF PLAYFORD.",2,1,0,0,1,2022,"June","Saturday","10:41 am",50,"Sealed","Dry","Not Raining","Daylight","Right Turn",1,,,1337957.57,1695215.33
"2022-30001-19/09/2025","FLINDERS PARK","CITY OF CHARLES STURT",3,2,0,0,2,2022,"June","Saturday","02:55 pm",60,"Sealed","Dry","Not Raining","Daylight","Right Angle",1,,,1323667.72,1673152.85
"2022-30005-19/09/2025","ANANGU PITJANTJATJARA YANKUNYTJATJARA",,1,1,0,1,0,2022,"June","Saturday","02:30 pm",110,"Sealed","Dry","Not Raining","Daylight","Roll Over",1,,,833604.49,2573428.62
"2022-30013-19/09/2025","INGLE FARM","CITY OF SALISBURY",2,1,1,0,0,2022,"June","Sunday","06:09 am",70,"Sealed","Dry","Not Raining","Night","Hit Fixed Object",1,,,1332670.28,1681584.24