"REPORT_ID","Suburb","LGA Name","Total Units","Total Cas","Total Fats","Total SI","Total MI","Year","Month","Day","Time","Area Speed","Road Surface","Moisture Cond","Weather Cond","DayNight","Crash Type","Unit Resp","DUI Involved","Drugs Involved","ACCLOC_X","ACCLOC_Y"
"2022-30018-19/09/2025","MEDINDIE","WALKERVILLE TOWN COUNCIL",2,1,0,0,1,2022,"June","Sunday","09:43 am",60,"Sealed","Dry","Not Raining","Daylight","Right Angle",1,,,1329427.23,1673281.86
"2022-30023-19/09/2025","RENMARK WEST","DC RENMARK PARINGA",2,2,0,0,2,2022,"June","Sunday","11:05 am",80,"Sealed","Dry","Not Raining","Daylight","Right Angle",1,,,1525198.73,1745983.12
"2022-30024-19/09/2025","ADELAIDE","CITY OF ADELAIDE",2,1,0,1,0,2022,"June","Sunday","01:00 pm",50,"Sealed","Dry","Not Raining","Daylight","Hit Pedestrian",2,,,1328363.62,1671130.63
"2022-30027-19/09/2025","CHANDLERS HILL","CITY OF ONKAPARINGA",2,1,0,0,1,2022,"June","Sunday","02:02 pm",70,"Sealed","Wet","Not Raining","Daylight","Hit Fixed Object",1,,,1329899.8,1653532.31
"2022-30028-19/09/2025","WANDEARAH EAST","PT.PIRIE CITY & DIST. COUNCIL",1,1,0,0,1,2022,"June","Sunday","02:00 pm",110,"Sealed","Dry","Not Raining","Daylight","Roll Over",1,"Y",,1284153.68,1833671.99
"2022-30030-19/09/2025","KUDLA","CT GAWLER.",1,1,0,0,1,2022,"June","Sunday","12:35 pm",80,"Sealed","Dry","Not Raining","Daylight","Roll Over",1,,,1337886.05,1701593.14
"2022-30039-19/09/2025","PINNAROO","SOUTHERN MALLEE DISTRICT COUNCIL",1,1,0,0,1,2022,"June","Monday","12:55 am",100,"Unsealed","Dry","Not Raining","Night","Roll Over",1,"Y",,1525722.37,1623336.69
"2022-30040-19/09/2025","O'HALLORAN HILL","CITY OF ONKAPARINGA",2,1,0,1,0,2022,"June","Monday","03:00 am",80,"Sealed","Dry","Not Raining","Night","Hit Fixed Object",1,,"Y",1324507.75,1657577.19
"2022-30043-19/09/2025","OLD REYNELLA","CITY OF ONKAPARINGA",2,1,0,0,1,2022,"June","Monday","11:20 am",50,"Sealed","Dry","Not Raining","Daylight","Hit Fixed Object",1,,,1322110.91,1651973.38
"2022-30047-19/09/2025","TANUNDA","THE BAROSSA COUNCIL.",3,1,0,0,1,2022,"June","Monday","01:15 pm",90,"Sealed","Dry","Not Raining","Daylight","Right Angle",1,,,1361762.41,1710970.41
"2022-30049-19/09/2025","ONKAPARINGA HILLS","CITY OF ONKAPARINGA",2,1,0,1,0,2022,"June","Monday","03:44 pm",80,"Sealed","Dry","Not Raining","Daylight","Hit Fixed Object",1,,,1325155.22,1647548.09
"2022-30055-19/09/2025","WYNN VALE","CITY OF TEA TREE GULLY",3,2,0,0,2,2022,"June","Tuesday","08:15 am",70,"Sealed","Dry","Not Raining","Daylight","Rear End",2,,,1336743.95,1684237.71
"2022-30056-19/09/2025","BELAIR","CC MITCHAM.",3,1,0,0,1,2022,"June","Tuesday","10:12 am",50,"Sealed","Dry","Not Raining","Daylight","Hit Fixed Object",1,,,1330049.65,1662378.24
"2022-30057-19/09/2025","BUCKLAND PARK","CITY OF PLAYFORD.",2,4,0,1,3,2022,"June","Tuesday","11:28 am",90,"Sealed","Dry","Not Raining","Daylight","Side Swipe",1,,,1325235.15,1697599.62
"2022-30059-19/09/2025","ST PETERS","CC OF NORWOOD,PAYNEHAM & ST PETERS",2,1,0,0,1,2022,"June","Tuesday","12:25 pm",60,"Sealed","Dry","Not Raining","Daylight","Right Angle",2,,,1331375.05,1672751.01
"2022-30065-19/09/2025","HILLBANK","CITY OF PLAYFORD.",2,1,0,0,1,2022,"June","Tuesday","03:18 pm",80,"Sealed","Dry","Not Raining","Daylight","Side Swipe",1,,,1336127.95,1690802.02
"2022-30066-19/09/2025","RICHMOND","CITY OF WEST TORRENS",2,1,0,0,1,2022,"June","Tuesday","02:45 pm",60,"Sealed","Dry","Not Raining","Daylight","Right Angle",1,,,1324783.58,1668918.15
"2022-30070-19/09/2025","FLINDERS RANGES",,1,1,0,1,0,2022,"June","Tuesday","04:30 pm",100,"Unsealed","Dry","Not Raining","Daylight","Roll Over",1,,,1331270.01,2040371.83
"2022-30072-19/09/2025","KERSBROOK","THE ADELAIDE HILLS COUNCIL",2,2,0,1,1,2022,"June","Tuesday","05:39 pm",100,"Sealed","Dry","Not Raining","Night","Right Angle",2,,,1351626.3,1684092.25
"2022-30074-19/09/2025","PROSPECT","CITY OF PROSPECT",2,2,0,0,2,2022,"June","Tuesday","10:00 pm",60,"Sealed","Wet","Not Raining","Night","Right Turn",2,,"Y",1328862.28,1676441.72
"2022-30075-19/09/2025","WAROOKA","YORKE PENINSULA COUNCIL",2,3,0,1,2,2022,"June","Tuesday","07:20 pm",100,"Sealed","Wet","Raining","Night","Hit Fixed Object",1,,,1209826.12,1663257.22
"2022-30076-19/09/2025","MORPHETT VALE","CITY OF ONKAPARINGA",2,1,0,0,1,2022,"June","Wednesday","06:16 am",60,"Sealed","Wet","Not Raining","Night","Hit Pedestrian",1,,,1320740.69,1651011.75
"2022-30082-19/09/2025","KILKENNY","CITY OF CHARLES STURT",2,1,0,0,1,2022,"June","Wednesday","07:57 am",50,"Sealed","Wet","Raining","Daylight","Hit Pedestrian",2,,,1324525.45,1676163.84
"2022-30083-19/09/2025","ROYSTON PARK","CC OF NORWOOD,PAYNEHAM & ST PETERS",2,1,0,0,1,2022,"June","Tuesday","02:30 pm",60,"Sealed","Dry","Not Raining","Daylight","Right Turn",2,,,1332039.28,1673635.81
"2022-30085-19/09/2025","WINGFIELD","CITY OF PORT ADELAIDE ENFIELD",2,1,0,0,1,2022,"June","Wednesday","07:30 am",90,"Sealed","Wet","Not Raining","Daylight","Hit Fixed Object",1,,,1323243.92,1681007.24
"2022-30087-19/09/2025","WEST CROYDON","CITY OF CHARLES STURT",2,2,0,0,2,2022,"June","Wednesday","12:20 pm",60,"Sealed","Dry","Not Raining","Daylight","Right Angle",1,,,1324486.64,1674386.19
"2022-30089-19/09/2025","MUNNO PARA WEST","CITY OF PLAYFORD.",3,1,0,0,1,2022,"June","Wednesday","09:00 am",50,"Sealed","Wet","Not Raining","Daylight","Right Angle",2,,,1336006.26,1700723.19
"2022-30092-19/09/2025","ADELAIDE","CITY OF ADELAIDE",2,1,0,0,1,2022,"June","Wednesday","09:15 am",50,"Sealed","Wet","Raining","Daylight","Rear End",2,,,1329047.65,1669895.43
"2022-30094-19/09/2025","STURT","CC MARION.",2,1,0,1,0,2022,"June","Wednesday","02:45 pm",70,"Sealed","Dry","Not Raining","Daylight","Right Angle",2,"Y",,1324300.52,1659553.71
"2022-30099-19/09/2025","SANDY CREEK","THE BAROSSA COUNCIL.",2,1,0,0,1,2022,"June","Wednesday","03:03 pm",90,"Sealed","Wet","Raining","Daylight","Hit Fixed Object",1,,"Y",1351324.91,1706047.49
"2022-30100-19/09/2025","MOUNT COMPASS","ALEXANDRINA COUNCIL",2,1,0,0,1,2022,"July","Wednesday","05:10 pm",60,"Sealed","Dry","Not Raining","Daylight","Right Angle",1,,,1328799.65,1623860.84
"2022-30101-19/09/2025","SALISBURY NORTH","CITY OF SALISBURY",2,2,0,0,2,2022,"June","Wednesday","03:30 pm",60,"Sealed","Wet","Not Raining","Daylight","Side Swipe",1,,,1331279.27,1689932.6
"2022-30103-19/09/2025","MURRAY BRIDGE","RC MURRAY BRIDGE.",3,1,0,0,1,2022,"June","Wednesday","03:30 pm",50,"Sealed","Dry","Not Raining","Daylight","Rear End",2,,,1389526.18,1646043.17
"2022-30106-19/09/2025","MODBURY","CITY OF TEA TREE GULLY",2,1,0,0,1,2022,"June","Saturday","02:45 pm",60,"Sealed","Wet","Not Raining","Daylight","Rear End",2,,,1336424.78,1680609.96
"2022-30108-19/09/2025","TORRENS PARK","CC MITCHAM.",2,1,0,0,1,2022,"June","Wednesday","08:17 am",60,"Sealed","Dry","Not Raining","Daylight","Rear End",2,,,1329232.7,1663305.33
"2022-30109-19/09/2025","WYNN VALE","CITY OF TEA TREE GULLY",2,1,0,0,1,2022,"June","Wednesday","06:48 pm",70,"Sealed","Wet","Raining","Night","Right Angle",2,,,1336316.01,1683630.76
"2022-30115-19/09/2025","STURT","CC MARION.",2,1,0,0,1,2022,"June","Wednesday","06:05 pm",60,"Sealed","Dry","Not Raining","Night","Rear End",2,,,1324418.54,1660680
"2022-30120-19/09/2025","ADELAIDE","CITY OF ADELAIDE",2,1,0,0,1,2022,"June","Wednesday","12:15 pm",60,"Sealed","Wet","Not Raining","Daylight","Rear End",2,,,1327373.09,1670811.81
"2022-30122-19/09/2025","KINGS PARK","CITY OF UNLEY",2,1,0,0,1,2022,"June","Wednesday","04:50 pm",60,"Sealed","Dry","Not Raining","Daylight","Rear End",2,,,1327505.04,1666300.96
"2022-30123-19/09/2025","PARKSIDE","CITY OF UNLEY",2,1,0,0,1,2022,"June","Wednesday","12:30 pm",60,"Sealed","Wet","Not Raining","Daylight","Rear End",2,,,1329603.35,1668996.84
"2022-30124-19/09/2025","COOBER PEDY","DC COOBER PEDY",2,1,0,0,1,2022,"June","Thursday","11:19 am",50,"Sealed","Dry","Not Raining","Daylight","Hit Pedestrian",2,,,976216.79,2330102.97
"2022-30125-19/09/2025","ULYERRA","DC ELLISTON.",2,1,0,0,1,2022,"June","Thursday","11:05 am",110,"Sealed","Dry","Not Raining","Daylight","Hit Fixed Object",1,,,1060143.46,1844830.28
"2022-30129-19/09/2025","WALKLEY HEIGHTS","CITY OF SALISBURY",2,3,0,0,3,2022,"June","Wednesday","07:50 am",70,"Sealed","Wet","Raining","Daylight","Rear End",2,,,1332971.13,1680497.42
"2022-30130-19/09/2025","NAILSWORTH","CITY OF PROSPECT",3,1,0,0,1,2022,"June","Thursday","02:20 pm",50,"Sealed","Dry","Not Raining","Daylight","Right Angle",1,,,1329417.2,1674768.83
"2022-30136-19/09/2025","WELLINGTON EAST","COORONG DISTRICT COUNCIL",2,2,0,0,2,2022,"June","Thursday","04:10 pm",100,"Unsealed","Dry","Not Raining","Daylight","Hit Fixed Object",1,,,1400633.82,1625878.06
"2022-30146-19/09/2025","MAWSON LAKES","CITY OF SALISBURY",4,1,0,0,1,2022,"June","Thursday","06:15 pm",70,"Sealed","Dry","Not Raining","Night","Rear End",1,,,1329442.26,1684295.11
"2022-30147-19/09/2025","MORPHETT VALE","CITY OF ONKAPARINGA",2,2,0,1,1,2022,"June","Thursday","06:35 pm",60,"Sealed","Dry","Not Raining","Night","Right Angle",1,,,1319615.41,1649824.47
"2022-30149-19/09/2025","COOBER PEDY","DC COOBER PEDY",1,1,0,0,1,2022,"June","Thursday","08:10 pm",50,"Sealed","Dry","Not Raining","Night","Roll Over",1,"Y",,976268.93,2331164.7
"2022-30153-19/09/2025","KALANGADOO","WATTLE RANGE COUNCIL",1,1,0,1,0,2022,"June","Friday","07:00 am",100,"Sealed","Wet","Raining","Night","Roll Over",1,,,1501088.35,1365167.02
"2022-30159-19/09/2025","BERRI","THE BERRI BARMERA COUNCIL",2,1,0,0,1,2022,"June","Friday","10:05 am",60,"Sealed","Dry","Not Raining","Daylight","Hit Fixed Object",1,,,1515674.53,1735754
"2022-30160-19/09/2025","NOARLUNGA CENTRE","CITY OF ONKAPARINGA",2,1,0,0,1,2022,"June","Friday","11:45 am",60,"Sealed","Dry","Not Raining","Daylight","Right Angle",2,,"Y",1317491.03,1646945.11
"2022-30162-19/09/2025","UNLEY","CITY OF UNLEY",2,1,0,1,0,2022,"June","Tuesday","06:45 am",50,"Sealed","Wet","Raining","Night","Side Swipe",2,,,1328372.22,1668316.89
"2022-30168-19/09/2025","PARAFIELD GARDENS","CITY OF SALISBURY",2,1,0,0,1,2022,"June","Tuesday","08:15 am",60,"Sealed","Dry","Not Raining","Daylight","Right Angle",2,,,1329779.29,1686588.74
"2022-30194-19/09/2025","WYE","DISTRICT COUNCIL OF GRANT",2,2,0,0,2,2022,"June","Saturday","12:35 pm",100,"Sealed","Dry","Not Raining","Daylight","Right Angle",1,,,1514230.81,1318999.61
"2022-30198-19/09/2025","ROSEWATER","CITY OF PORT ADELAIDE ENFIELD",2,1,0,1,0,2022,"June","Saturday","12:45 pm",60,"Sealed","Dry","Not Raining","Daylight","Rear End",2,,"Y",1322285.28,1679115.61
"2022-30199-19/09/2025","JUPITER CREEK","DC MT.BARKER.",2,2,0,0,2,2022,"June","Saturday","09:08 am",100,"Unsealed","Dry","Not Raining","Daylight","Hit Fixed Object",1,,,1343587.7,1649396.39
"2022-30200-19/09/2025","KEPA","RC MURRAY BRIDGE.",2,1,0,0,1,2022,"June","Saturday","01:20 pm",100,"Sealed","Dry","Not Raining","Daylight","Roll Over",1,,,1395063.73,1644499.34
"2022-30203-19/09/2025","MONTACUTE","THE ADELAIDE HILLS COUNCIL",1,1,0,0,1,2022,"June","Saturday","03:28 pm",80,"Sealed","Dry","Not Raining","Daylight","Roll Over",1,,,1340554.51,1673957.83
"2022-30204-19/09/2025","RENMARK","DC RENMARK PARINGA",2,1,0,0,1,2022,"June","Saturday","01:30 pm",60,"Sealed","Dry","Not Raining","Daylight","Right Angle",1,,,1528681.4,1745038.13
"2022-30205-19/09/2025","SEATON","CITY OF CHARLES STURT",2,1,0,0,1,2022,"June","Saturday","03:00 pm",60,"Sealed","Dry","Not Raining","Daylight","Right Turn",2,,,1320746.99,1674887.01
"2022-30207-19/09/2025","CAMDEN PARK","CITY OF WEST TORRENS",2,1,0,0,1,2022,"June","Saturday","03:41 pm",60,"Sealed","Dry","Not Raining","Daylight","Side Swipe",1,"Y",,1322879.44,1665567.12
"2022-30209-19/09/2025","WOODVILLE GARDENS","CITY OF PORT ADELAIDE ENFIELD",2,1,0,0,1,2022,"June","Saturday","03:45 pm",60,"Sealed","Dry","Not Raining","Daylight","Hit Pedestrian",1,,,1323940.05,1677639.62
"2022-30210-19/09/2025","CANUNDA","WATTLE RANGE COUNCIL",1,1,0,1,0,2022,"June","Saturday","12:44 pm",40,"Unsealed","Dry","Not Raining","Daylight","Roll Over",1,,,1456366.3,1368086.44
"2022-30211-19/09/2025","KURRALTA PARK","CITY OF WEST TORRENS",2,1,0,0,1,2022,"June","Friday","05:00 pm",60,"Sealed","Dry","Not Raining","Daylight","Rear End",2,,,1325302.13,1667347.8
"2022-30212-19/09/2025","MELROSE PARK","CC MITCHAM.",2,1,0,0,1,2022,"June","Saturday","12:45 pm",60,"Sealed","Dry","Not Raining","Daylight","Rear End",1,,,1325928.12,1664190.68
"2022-30218-19/09/2025","CLELAND","THE ADELAIDE HILLS COUNCIL",2,2,0,0,2,2022,"June","Saturday","08:48 pm",80,"Sealed","Dry","Not Raining","Night","Hit Fixed Object",1,,,1338640.75,1665953.74
"2022-30219-19/09/2025","HINDMARSH VALLEY","DC VICTOR HARBOR.",2,1,0,0,1,2022,"June","Saturday","05:30 pm",100,"Unsealed","Dry","Not Raining","Night","Hit Fixed Object",1,"Y",,1321238.41,1610476.63
"2022-30221-19/09/2025","COCKATOO VALLEY","THE BAROSSA COUNCIL.",2,1,0,1,0,2022,"June","Sunday","12:47 am",90,"Sealed","Dry","Not Raining","Night","Hit Fixed Object",1,,,1352679.02,1703766.17
"2022-30224-19/09/2025","CAMPBELLTOWN","CC CAMPBELLTOWN.",3,1,0,0,1,2022,"June","Saturday","11:10 am",60,"Sealed","Dry","Not Raining","Daylight","Rear End",2,,,1334191.09,1675225.89
"2022-30233-19/09/2025","BORDERTOWN","DC TATIARA.",2,1,1,0,0,2022,"June","Sunday","02:30 am",80,"Sealed","Unknown","Unknown","Night","Hit Fixed Object",1,"Y","Y",1517495.18,1511981.24
"2022-30235-19/09/2025","WILLIAMSTOWN","THE BAROSSA COUNCIL.",3,2,0,2,0,2022,"June","Sunday","10:00 am",100,"Sealed","Dry","Not Raining","Daylight","Rear End",1,,,1358401.42,1698050.41
"2022-30239-19/09/2025","OTTOWAY","CITY OF PORT ADELAIDE ENFIELD",1,1,0,1,0,2022,"June","Sunday","02:35 pm",50,"Sealed","Dry","Not Raining","Daylight","Other",1,,,1322930.05,1679826.9
"2022-30240-19/09/2025","PARADISE","CC CAMPBELLTOWN.",2,1,0,0,1,2022,"June","Saturday","09:00 pm",60,"Sealed","Dry","Not Raining","Night","Right Turn",2,,,1334981.44,1676242.38
"2022-30244-19/09/2025","VIVONNE BAY","KANGAROO ISLAND COUNCIL",1,1,0,0,1,2022,"July","Saturday","04:40 pm",100,"Unsealed","Dry","Not Raining","Daylight","Roll Over",1,,,1194959.46,1558409.38
"2022-30245-19/09/2025","BURRA","REGIONAL COUNCIL OF GOYDER",2,1,0,0,1,2022,"June","Sunday","10:30 pm",100,"Sealed","Wet","Raining","Night","Hit Fixed Object",1,,,1360977.49,1805589.4
"2022-30250-19/09/2025","BORDERTOWN","DC TATIARA.",2,1,0,0,1,2022,"June","Sunday","10:20 am",50,"Sealed","Dry","Not Raining","Daylight","Right Turn",1,,,1518293.41,1509078.65
"2022-30251-19/09/2025","ANGLE VALE","CITY OF PLAYFORD.",2,1,0,0,1,2022,"June","Monday","08:40 am",60,"Sealed","Dry","Not Raining","Daylight","Rear End",1,,,1333813.18,1702174.43
"2022-30252-19/09/2025","PARADISE","CC CAMPBELLTOWN.",2,1,0,0,1,2022,"June","Monday","06:55 am",60,"Sealed","Wet","Raining","Night","Right Turn",1,,,1335624.13,1676678.29
"2022-30255-19/09/2025","GLANDORE","CC MARION.",2,1,0,0,1,2022,"June","Monday","08:10 am",60,"Sealed","Wet","Not Raining","Daylight","Right Angle",1,,,1325855.77,1666833.75
"2022-30258-19/09/2025","SOMERTON PARK","CITY OF HOLDFAST BAY",2,2,0,0,2,2022,"June","Monday","08:50 am",50,"Sealed","Dry","Not Raining","Daylight","Right Angle",2,,,1320369.61,1663031.39
"2022-30271-19/09/2025","ADELAIDE","CITY OF ADELAIDE",2,1,0,0,1,2022,"June","Monday","03:00 pm",60,"Sealed","Dry","Not Raining","Daylight","Rear End",2,,,1327395.61,1669542.05
"2022-30274-19/09/2025","GLENELG EAST","CITY OF HOLDFAST BAY",2,1,0,0,1,2022,"June","Monday","12:10 pm",60,"Sealed","Dry","Not Raining","Daylight","Right Angle",1,,,1321013.4,1665044.8
"2022-30278-19/09/2025","WINGFIELD","CITY OF PORT ADELAIDE ENFIELD",2,1,0,0,1,2022,"June","Monday","05:40 pm",60,"Sealed","Wet","Raining","Night","Hit Fixed Object",1,,,1325207.9,1679185.18
"2022-30283-19/09/2025","PARAFIELD GARDENS","CITY OF SALISBURY",2,1,0,1,0,2022,"June","Tuesday","05:45 am",60,"Sealed","Wet","Raining","Night","Right Angle",2,,,1331651.62,1686657.21
"2022-30286-19/09/2025","LOCKLEYS","CITY OF WEST TORRENS",2,1,0,0,1,2022,"June","Tuesday","08:45 am",60,"Sealed","Dry","Not Raining","Daylight","Rear End",2,,,1321007.69,1669979.58
"2022-30294-19/09/2025","TORRENS PARK","CC MITCHAM.",2,1,0,0,1,2022,"June","Tuesday","09:50 am",60,"Sealed","Dry","Not Raining","Daylight","Rear End",2,,,1329232.7,1663305.33
"2022-30297-19/09/2025","DRY CREEK","CITY OF PORT ADELAIDE ENFIELD",2,1,0,1,0,2022,"June","Tuesday","02:48 pm",70,"Sealed","Dry","Not Raining","Daylight","Right Angle",2,,"Y",1327751.83,1679804.64
"2022-30298-19/09/2025","WALKERVILLE","WALKERVILLE TOWN COUNCIL",2,2,0,0,2,2022,"June","Tuesday","02:25 pm",60,"Sealed","Dry","Not Raining","Daylight","Hit Fixed Object",1,,,1330108.43,1674896.44
"2022-30301-19/09/2025","GLOSSOP","THE BERRI BARMERA COUNCIL",1,1,0,0,1,2022,"June","Tuesday","03:38 pm",90,"Sealed","Dry","Not Raining","Daylight","Roll Over",1,,,1512341.06,1734314.39
"2022-30303-19/09/2025","SAMPSON FLAT","CITY OF PLAYFORD.",2,2,0,0,2,2022,"June","Tuesday","04:34 pm",100,"Sealed","Wet","Not Raining","Daylight","Head On",1,,,1346754.33,1692359.01
"2022-30304-19/09/2025","PORT ADELAIDE","CITY OF PORT ADELAIDE ENFIELD",3,1,0,0,1,2022,"June","Tuesday","05:30 pm",50,"Sealed","Dry","Not Raining","Night","Rear End",1,,,1320154.98,1679970.11
"2022-30305-19/09/2025","SEATON","CITY OF CHARLES STURT",2,2,0,0,2,2022,"June","Tuesday","05:57 pm",60,"Sealed","Wet","Raining","Night","Rear End",2,,,1321229.16,1674696.4
"2022-30306-19/09/2025","HIGHBURY","CITY OF TEA TREE GULLY",2,1,0,1,0,2022,"June","Tuesday","06:20 pm",60,"Sealed","Wet","Raining","Night","Right Turn",1,,,1338113.52,1678461.9
"2022-30308-19/09/2025","WAITPINGA","DC VICTOR HARBOR.",1,1,0,0,1,2022,"June","Tuesday","03:00 pm",50,"Unsealed","Wet","Raining","Daylight","Roll Over",1,,,1322915.48,1599929.9
"2022-30311-19/09/2025","SALISBURY DOWNS","CITY OF SALISBURY",2,1,0,0,1,2022,"June","Tuesday","08:22 pm",60,"Sealed","Wet","Raining","Night","Hit Fixed Object",1,,,1332004.19,1687516.04
"2022-30312-19/09/2025","MEDINDIE","WALKERVILLE TOWN COUNCIL",5,4,0,0,4,2022,"June","Tuesday","04:42 pm",60,"Sealed","Dry","Not Raining","Daylight","Hit Parked Vehicle",1,,,1329274.69,1673337.01
"2022-30314-19/09/2025","BROADVIEW","CITY OF PORT ADELAIDE ENFIELD",2,1,0,1,0,2022,"June","Tuesday","08:38 pm",60,"Sealed","Unknown","Unknown","Night","Hit Fixed Object",1,,,1330125.17,1676474.78
"2022-30315-19/09/2025","COPLEY",,1,4,1,3,0,2022,"June","Tuesday","08:05 pm",100,"Unsealed","Dry","Not Raining","Night","Roll Over",1,"Y",,1328456.81,2154332.55
"2022-30316-19/09/2025","CLEARVIEW","CITY OF PORT ADELAIDE ENFIELD",2,1,0,0,1,2022,"June","Tuesday","09:40 pm",60,"Sealed","Wet","Raining","Night","Right Angle",2,,,1330432.29,1677117.22
"2022-30321-19/09/2025","WOODCROFT","CITY OF ONKAPARINGA",2,1,0,0,1,2022,"June","Tuesday","01:05 pm",50,"Sealed","Dry","Not Raining","Daylight","Hit Fixed Object",1,,,1323943.08,1650671.01
"2022-30322-19/09/2025","UNLEY","CITY OF UNLEY",2,1,0,0,1,2022,"June","Tuesday","06:03 pm",50,"Sealed","Wet","Raining","Night","Right Angle",2,,,1328377.27,1668134.16
"2022-30324-19/09/2025","NORTH PLYMPTON","CITY OF WEST TORRENS",2,1,0,0,1,2022,"June","Wednesday","07:25 am",50,"Sealed","Wet","Raining","Daylight","Hit Fixed Object",1,,,1323405.99,1667318.19
"2022-30326-19/09/2025","BOLIVAR","CITY OF SALISBURY",2,1,0,0,1,2022,"June","Wednesday","09:52 am",60,"Sealed","Wet","Raining","Daylight","Rear End",1,,,1328052.75,1688400.77
"2022-30327-19/09/2025","GLENELG","CITY OF HOLDFAST BAY",1,1,0,0,1,2022,"June","Wednesday","10:12 am",40,"Sealed","Wet","Raining","Daylight","Roll Over",1,,,1320313.68,1664879.75
"2022-30329-19/09/2025","NORTH PLYMPTON","CITY OF WEST TORRENS",2,1,0,0,1,2022,"May","Thursday","06:30 am",60,"Sealed","Wet","Not Raining","Night","Right Angle",2,,,1324333.24,1668117.34
"2022-30331-19/09/2025","BOLIVAR","CITY OF SALISBURY",2,1,0,0,1,2022,"June","Wednesday","10:57 am",90,"Sealed","Dry","Not Raining","Daylight","Right Turn",1,,,1328471.89,1688636.97
"2022-30334-19/09/2025","ELIZABETH PARK","CITY OF PLAYFORD.",2,1,0,0,1,2022,"June","Wednesday","12:16 pm",60,"Sealed","Dry","Not Raining","Daylight","Side Swipe",1,,,1336957.42,1694263.87
"2022-30337-19/09/2025","PARADISE","CC CAMPBELLTOWN.",2,1,0,0,1,2022,"June","Wednesday","12:40 pm",60,"Sealed","Dry","Not Raining","Daylight","Hit Fixed Object",1,,,1334904.34,1675903.86
"2022-30338-19/09/2025","PORT ELLIOT","ALEXANDRINA COUNCIL",1,1,0,0,1,2022,"June","Wednesday","11:44 am",50,"Sealed","Wet","Raining","Daylight","Roll Over",1,,,1333379.7,1603417.71
"2022-30342-19/09/2025","ELIZABETH VALE","CITY OF PLAYFORD.",2,1,0,0,1,2022,"June","Wednesday","02:20 pm",80,"Sealed","Dry","Not Raining","Daylight","Rear End",2,,,1336141.79,1690279.18
"2022-30345-19/09/2025","SEAFORD RISE","CITY OF ONKAPARINGA",3,1,0,0,1,2022,"June","Wednesday","03:26 pm",70,"Sealed","Dry","Not Raining","Daylight","Hit Fixed Object",1,"Y",,1316416.81,1640652.49
"2022-30347-19/09/2025","PARKSIDE","CITY OF UNLEY",4,1,0,0,1,2022,"June","Wednesday","03:50 pm",60,"Sealed","Dry","Not Raining","Daylight","Rear End",1,,,1329849.54,1669002.3
"2022-30348-19/09/2025","DRY CREEK","CITY OF SALISBURY",2,1,0,0,1,2022,"June","Wednesday","03:30 pm",90,"Sealed","Dry","Not Raining","Daylight","Rear End",2,,,1328638.13,1683273.73
"2022-30352-19/09/2025","PARADISE","CC CAMPBELLTOWN.",2,1,0,0,1,2022,"June","Wednesday","05:26 pm",60,"Sealed","Dry","Not Raining","Night","Right Turn",2,,,1334461.82,1676974.32
"2022-30353-19/09/2025","ADELAIDE","CITY OF ADELAIDE",2,1,0,0,1,2022,"June","Wednesday","06:07 pm",50,"Sealed","Dry","Not Raining","Night","Rear End",2,,,1329580.07,1670377.62
"2022-30354-19/09/2025","TORRENSVILLE","CITY OF WEST TORRENS",5,1,0,0,1,2022,"June","Wednesday","07:00 pm",60,"Sealed","Dry","Not Raining","Night","Rear End",1,,,1325740.32,1670993.32
"2022-30355-19/09/2025","HACKNEY","CC OF NORWOOD,PAYNEHAM & ST PETERS",1,1,0,1,0,2022,"June","Saturday","03:00 am",50,"Sealed","Dry","Not Raining","Night","Roll Over",1,,,1329791.45,1672073.41
"2022-30361-19/09/2025","HINDMARSH","CITY OF CHARLES STURT",2,1,0,0,1,2022,"June","Thursday","08:30 am",60,"Sealed","Dry","Not Raining","Daylight","Right Angle",1,,,1326229.49,1672875.4
"2022-30362-19/09/2025","TORRENSVILLE","CITY OF WEST TORRENS",2,1,0,0,1,2022,"June","Thursday","08:20 am",50,"Sealed","Dry","Not Raining","Daylight","Side Swipe",2,,,1324889.24,1670967.59
"2022-30366-19/09/2025","NORTHFIELD","CITY OF PORT ADELAIDE ENFIELD",3,1,0,0,1,2022,"June","Wednesday","05:05 pm",60,"Sealed","Dry","Not Raining","Daylight","Rear End",2,,,1330420.81,1679311.87
"2022-30369-19/09/2025","ADELAIDE","CITY OF ADELAIDE",2,1,0,0,1,2022,"June","Thursday","09:35 am",50,"Sealed","Dry","Not Raining","Daylight","Right Angle",1,,,1329038.86,1670203.05
"2022-30372-19/09/2025","GLENELG","CITY OF HOLDFAST BAY",2,1,0,0,1,2022,"June","Thursday","09:45 am",50,"Sealed","Dry","Not Raining","Daylight","Hit Parked Vehicle",1,,,1320872.76,1664731.11
"2022-30373-19/09/2025","WINDSOR GARDENS","CITY OF PORT ADELAIDE ENFIELD",2,1,0,0,1,2022,"June","Wednesday","06:20 pm",60,"Sealed","Dry","Not Raining","Night","Rear End",2,,,1333316.86,1677666.33
"2022-30379-19/09/2025","DERNANCOURT","CITY OF TEA TREE GULLY",5,1,0,0,1,2022,"June","Wednesday","05:20 pm",60,"Sealed","Wet","Not Raining","Night","Rear End",1,,,1335723.32,1676846.79
"2022-30380-19/09/2025","SALISBURY HEIGHTS","CITY OF SALISBURY",2,1,0,0,1,2022,"June","Thursday","10:15 am",60,"Sealed","Dry","Not Raining","Daylight","Rear End",2,,,1335814.06,1688592.44
"2022-30382-19/09/2025","NULLARBOR",,1,1,0,0,1,2022,"June","Tuesday","05:08 pm",110,"Sealed","Dry","Not Raining","Daylight","Roll Over",1,,,582426.27,2041022.64