"REPORT_ID","Suburb","LGA Name","Total Units","Total Cas","Total Fats","Total SI","Total MI","Year","Month","Day","Time","Area Speed","Road Surface","Moisture Cond","Weather Cond","DayNight","Crash Type","Unit Resp","DUI Involved","Drugs Involved","ACCLOC_X","ACCLOC_Y"
"2022-30390-19/09/2025","CHRISTIES BEACH","CITY OF ONKAPARINGA",2,2,0,2,0,2022,"June","Thursday","03:30 pm",40,"Sealed","Dry","Not Raining","Daylight","Side Swipe",1,,,1315932.4,1648416.74
"2022-30395-19/09/2025","WOODVILLE NORTH","CITY OF CHARLES STURT",2,1,0,1,0,2022,"June","Thursday","06:35 pm",60,"Sealed","Dry","Not Raining","Night","Hit Pedestrian",1,,,1323076.99,1677139.12
"2022-30405-19/09/2025","VERDUN","THE ADELAIDE HILLS COUNCIL",2,1,0,0,1,2022,"June","Friday","07:00 am",110,"Sealed","Wet","Raining","Night","Rear End",2,,,1344894.77,1660185.73
"2022-30407-19/09/2025","PARKSIDE","CITY OF UNLEY",2,1,0,0,1,2022,"June","Friday","08:25 am",60,"Sealed","Wet","Raining","Daylight","Right Angle",2,,,1330587.13,1668415.7
"2022-30410-19/09/2025","MUNNO PARA","CITY OF PLAYFORD.",3,3,0,0,3,2022,"June","Friday","11:03 am",90,"Sealed","Wet","Raining","Daylight","Rear End",1,,"Y",1338481.54,1698161.04
"2022-30422-19/09/2025","NORWOOD","CC OF NORWOOD,PAYNEHAM & ST PETERS",3,1,0,0,1,2022,"June","Friday","04:15 pm",50,"Sealed","Dry","Not Raining","Daylight","Hit Parked Vehicle",2,,,1331763.59,1671065.33
"2022-30427-19/09/2025","CROYDON PARK","CITY OF PORT ADELAIDE ENFIELD",2,1,0,0,1,2022,"June","Thursday","09:30 am",50,"Sealed","Dry","Not Raining","Daylight","Right Angle",2,,,1325665.52,1676312.76
"2022-30429-19/09/2025","COLONEL LIGHT GARDENS","CC MITCHAM.",2,1,0,0,1,2022,"June","Friday","06:28 pm",60,"Sealed","Dry","Not Raining","Night","Right Angle",1,,,1327554.92,1664904.84
"2022-30431-19/09/2025","HAPPY VALLEY","CITY OF ONKAPARINGA",2,1,0,0,1,2022,"June","Friday","07:00 pm",70,"Sealed","Dry","Not Raining","Night","Right Angle",1,,,1324604.5,1654272.71
"2022-30435-19/09/2025","SHERWOOD","DC TATIARA.",2,1,0,0,1,2022,"June","Thursday","02:30 pm",90,"Unsealed","Dry","Not Raining","Daylight","Hit Animal",2,,,1492896.33,1534778.47
"2022-30437-19/09/2025","MONARTO","RC MURRAY BRIDGE.",2,1,0,0,1,2022,"June","Saturday","03:02 am",100,"Sealed","Dry","Not Raining","Night","Hit Fixed Object",1,,,1376886.49,1652644.03
"2022-30439-19/09/2025","SURREY DOWNS","CITY OF TEA TREE GULLY",2,1,0,0,1,2022,"June","Saturday","03:00 am",60,"Sealed","Wet","Raining","Night","Hit Fixed Object",1,,,1339676.86,1683611.55
"2022-30441-19/09/2025","MORPHETT VALE","CITY OF ONKAPARINGA",2,1,0,0,1,2022,"June","Saturday","08:02 am",50,"Sealed","Wet","Not Raining","Daylight","Hit Parked Vehicle",1,,,1319980.54,1650114.62
"2022-30444-19/09/2025","INGLE FARM","CITY OF SALISBURY",3,1,0,0,1,2022,"June","Saturday","08:50 am",80,"Sealed","Dry","Not Raining","Daylight","Hit Fixed Object",1,,,1333853.49,1681950.42
"2022-30450-19/09/2025","MONTACUTE","THE ADELAIDE HILLS COUNCIL",1,1,0,0,1,2022,"June","Saturday","12:40 pm",80,"Sealed","Dry","Not Raining","Daylight","Roll Over",1,,,1339654.3,1674295.85
"2022-30451-19/09/2025","MOUNT GAMBIER","CC MT.GAMBIER.",2,1,0,0,1,2022,"June","Saturday","12:50 pm",60,"Sealed","Dry","Not Raining","Daylight","Side Swipe",2,,,1510958.5,1342088.44
"2022-30456-19/09/2025","BELAIR","CC MITCHAM.",1,1,0,1,0,2022,"June","Saturday","05:15 pm",60,"Sealed","Wet","Raining","Night","Roll Over",1,,,1329429.45,1662301.01
"2022-30457-19/09/2025","FLINDERS PARK","CITY OF CHARLES STURT",2,1,0,0,1,2022,"June","Saturday","11:45 am",60,"Sealed","Dry","Not Raining","Daylight","Right Angle",2,,,1322523.14,1672347.24
"2022-30461-19/09/2025","WINGFIELD","CITY OF PORT ADELAIDE ENFIELD",2,1,0,0,1,2022,"June","Saturday","11:11 pm",60,"Sealed","Wet","Raining","Night","Right Angle",2,,,1324609.7,1679170.52
"2022-30462-19/09/2025","CADELL","MID MURRAY DISTRICT COUNCIL",2,1,0,0,1,2022,"June","Sunday","04:05 am",100,"Sealed","Dry","Not Raining","Night","Hit Fixed Object",1,"Y",,1432663.09,1765041.07
"2022-30467-19/09/2025","ELIZABETH NORTH","CITY OF PLAYFORD.",3,1,0,1,0,2022,"June","Sunday","11:25 am",50,"Sealed","Dry","Not Raining","Daylight","Hit Fixed Object",1,,,1335838.8,1694828
"2022-30470-19/09/2025","TUSMORE","CITY OF BURNSIDE",3,1,0,0,1,2022,"June","Sunday","10:20 am",50,"Sealed","Wet","Raining","Daylight","Hit Parked Vehicle",2,,,1333177,1669427.41
"2022-30475-19/09/2025","UPPER STURT","THE ADELAIDE HILLS COUNCIL",2,1,0,0,1,2022,"June","Sunday","03:00 pm",60,"Sealed","Wet","Raining","Daylight","Hit Fixed Object",1,,,1334808.36,1659371.95
"2022-30480-19/09/2025","LOCKLEYS","CITY OF WEST TORRENS",2,3,0,0,3,2022,"June","Sunday","06:55 pm",60,"Sealed","Dry","Not Raining","Night","Right Angle",1,,,1320925.87,1669961.54
"2022-30489-19/09/2025","NORTH ADELAIDE","CITY OF ADELAIDE",2,1,0,0,1,2022,"June","Sunday","06:45 pm",60,"Sealed","Dry","Not Raining","Night","Hit Pedestrian",1,,,1327584.2,1671688.45
"2022-30490-19/09/2025","KILKENNY","CITY OF CHARLES STURT",3,1,0,0,1,2022,"June","Monday","08:00 am",60,"Sealed","Dry","Not Raining","Daylight","Right Angle",2,,,1324780.56,1676335.3
"2022-30497-19/09/2025","DAVOREN PARK","CITY OF PLAYFORD.",2,1,0,1,0,2022,"June","Monday","09:20 am",60,"Sealed","Dry","Not Raining","Daylight","Hit Pedestrian",2,,,1335412.6,1695852.48
"2022-30499-19/09/2025","SEACOMBE GARDENS","CC MARION.",3,1,0,0,1,2022,"June","Tuesday","04:00 pm",60,"Sealed","Dry","Not Raining","Daylight","Rear End",1,,,1323024.25,1660632.36
"2022-30512-19/09/2025","UNLEY PARK","CITY OF UNLEY",2,1,0,0,1,2022,"June","Monday","02:50 pm",50,"Sealed","Dry","Not Raining","Daylight","Hit Fixed Object",1,,,1328574.68,1666441.37
"2022-30517-19/09/2025","WEST CROYDON","CITY OF CHARLES STURT",4,2,0,0,2,2022,"June","Monday","03:47 pm",50,"Sealed","Dry","Not Raining","Daylight","Hit Parked Vehicle",1,,,1324530.61,1674437.55
"2022-30519-19/09/2025","KURRALTA PARK","CITY OF WEST TORRENS",2,1,0,0,1,2022,"June","Monday","10:00 am",60,"Sealed","Dry","Not Raining","Daylight","Hit Pedestrian",1,,,1325823.34,1668336.54
"2022-30522-19/09/2025","GLENSIDE","CITY OF BURNSIDE",2,1,0,1,0,2022,"June","Monday","06:52 pm",60,"Sealed","Dry","Not Raining","Night","Right Turn",1,,,1332151.48,1669042.87
"2022-30525-19/09/2025","ASHBOURNE","ALEXANDRINA COUNCIL",2,2,0,0,2,2022,"June","Tuesday","05:30 am",60,"Sealed","Dry","Not Raining","Night","Hit Fixed Object",1,,,1342645.86,1630643
"2022-30528-19/09/2025","SALISBURY","CITY OF SALISBURY",2,2,0,0,2,2022,"June","Monday","07:43 pm",60,"Sealed","Dry","Not Raining","Night","Rear End",2,,,1332954.23,1688487.47
"2022-30542-19/09/2025","WANDILO","DISTRICT COUNCIL OF GRANT",2,1,0,0,1,2022,"June","Tuesday","04:22 pm",110,"Sealed","Dry","Not Raining","Daylight","Hit Fixed Object",1,"Y",,1511641.09,1351650.2
"2022-30549-19/09/2025","MELROSE PARK","CC MITCHAM.",2,1,0,0,1,2022,"June","Tuesday","07:50 am",60,"Sealed","Dry","Not Raining","Daylight","Rear End",1,,"Y",1325938.63,1664190.98
"2022-30551-19/09/2025","HECTORVILLE","CC CAMPBELLTOWN.",2,1,0,1,0,2022,"June","Wednesday","11:15 am",50,"Sealed","Dry","Not Raining","Daylight","Hit Pedestrian",2,,,1335033.02,1673657.62
"2022-30552-19/09/2025","HOVE","CITY OF HOLDFAST BAY",2,1,0,0,1,2022,"June","Tuesday","12:30 pm",25,"Sealed","Dry","Not Raining","Daylight","Rear End",2,,,1321135.37,1661073.71
"2022-30555-19/09/2025","STURT","CC MARION.",3,1,0,0,1,2022,"June","Tuesday","09:22 am",70,"Sealed","Dry","Not Raining","Daylight","Rear End",1,,,1324427.33,1659975.1
"2022-30556-19/09/2025","GLENELG NORTH","CITY OF HOLDFAST BAY",2,1,0,0,1,2022,"June","Monday","09:05 am",60,"Sealed","Dry","Not Raining","Daylight","Right Turn",2,,,1320810.08,1665705.31
"2022-30557-19/09/2025","BUNDALEER NORTH","NORTHERN AREAS DISTRICT COUNCIL",2,1,0,0,1,2022,"June","Wednesday","10:43 am",100,"Sealed","Dry","Not Raining","Daylight","Hit Fixed Object",1,,,1332331.94,1852686.06
"2022-30568-19/09/2025","PARKSIDE","CITY OF UNLEY",2,1,0,1,0,2022,"June","Wednesday","01:50 pm",60,"Sealed","Dry","Not Raining","Daylight","Right Angle",2,,,1330711.61,1668115.94
"2022-30579-19/09/2025","WALKERVILLE","WALKERVILLE TOWN COUNCIL",2,1,0,0,1,2022,"August","Friday","06:15 pm",60,"Sealed","Wet","Not Raining","Night","Right Turn",2,,,1329483.39,1674233.16
"2022-30585-19/09/2025","MANNINGHAM","CITY OF PORT ADELAIDE ENFIELD",4,2,0,0,2,2022,"June","Tuesday","06:15 pm",60,"Sealed","Dry","Not Raining","Night","Rear End",1,,,1330448.15,1676199.37
"2022-30599-19/09/2025","PARKSIDE","CITY OF UNLEY",2,1,0,1,0,2022,"June","Thursday","08:22 am",60,"Sealed","Wet","Not Raining","Daylight","Hit Pedestrian",2,,,1330714.9,1668006.14
"2022-30601-19/09/2025","BOLIVAR","CITY OF SALISBURY",3,1,0,0,1,2022,"June","Wednesday","05:30 pm",90,"Sealed","Wet","Raining","Night","Rear End",2,,,1328479.94,1688522.98
"2022-30602-19/09/2025","MOUNT GAMBIER","CC MT.GAMBIER.",3,1,0,0,1,2022,"June","Thursday","09:15 am",60,"Sealed","Wet","Raining","Daylight","Hit Fixed Object",1,,,1509003.38,1341375.34
"2022-30603-19/09/2025","PORT ADELAIDE","CITY OF PORT ADELAIDE ENFIELD",2,1,0,0,1,2022,"June","Thursday","10:13 am",60,"Sealed","Dry","Not Raining","Daylight","Right Turn",1,,,1319839.14,1679085.47
"2022-30605-19/09/2025","NORTH BRIGHTON","CITY OF HOLDFAST BAY",2,1,0,0,1,2022,"June","Monday","02:30 pm",60,"Sealed","Dry","Not Raining","Daylight","Right Turn",2,,,1321112.39,1661878.4
"2022-30612-19/09/2025","PROSPECT","CITY OF PROSPECT",2,1,0,1,0,2022,"June","Thursday","08:00 am",50,"Sealed","Dry","Not Raining","Daylight","Hit Pedestrian",2,,,1328048.85,1676720.44
"2022-30613-19/09/2025","TAPEROO","CITY OF PORT ADELAIDE ENFIELD",2,1,0,0,1,2022,"June","Thursday","12:25 pm",60,"Sealed","Dry","Not Raining","Daylight","Right Angle",1,,,1319467.94,1683563.08
"2022-30614-19/09/2025","ADELAIDE","CITY OF ADELAIDE",2,1,0,0,1,2022,"June","Thursday","01:10 pm",60,"Sealed","Dry","Not Raining","Daylight","Side Swipe",1,,,1330176.59,1670399.05
"2022-30627-19/09/2025","ALDINGA","CITY OF ONKAPARINGA",2,1,0,1,0,2022,"June","Thursday","04:01 pm",80,"Sealed","Dry","Not Raining","Daylight","Right Angle",1,,,1316332.5,1632412.52
"2022-30629-19/09/2025","YAHL","DISTRICT COUNCIL OF GRANT",2,1,0,0,1,2022,"June","Wednesday","06:15 pm",110,"Sealed","Wet","Raining","Night","Right Angle",1,,,1510990.85,1336199.85
"2022-30630-19/09/2025","MCLAREN VALE","CITY OF ONKAPARINGA",4,3,0,0,3,2022,"June","Thursday","04:05 pm",100,"Sealed","Dry","Not Raining","Daylight","Rear End",1,,,1320493.18,1639158.6
"2022-30635-19/09/2025","STEPNEY","CC OF NORWOOD,PAYNEHAM & ST PETERS",2,2,0,0,2,2022,"June","Thursday","04:43 pm",60,"Sealed","Dry","Not Raining","Daylight","Side Swipe",2,,,1331154.62,1672455.82
"2022-30637-19/09/2025","MOUNT GEORGE","THE ADELAIDE HILLS COUNCIL",3,1,0,0,1,2022,"June","Thursday","05:30 pm",110,"Sealed","Dry","Not Raining","Night","Rear End",2,,,1343491.97,1661406.25
"2022-30638-19/09/2025","KENSINGTON PARK","CITY OF BURNSIDE",2,2,0,0,2,2022,"June","Thursday","05:50 pm",60,"Sealed","Dry","Not Raining","Night","Rear End",1,,,1333875.8,1671230.05
"2022-30642-19/09/2025","BARMERA","THE BERRI BARMERA COUNCIL",1,1,0,0,1,2022,"July","Friday","03:40 am",60,"Sealed","Wet","Raining","Night","Roll Over",1,"Y",,1502541.03,1738567.53
"2022-30646-19/09/2025","GEPPS CROSS","CITY OF PORT ADELAIDE ENFIELD",2,1,0,0,1,2022,"July","Friday","09:10 am",60,"Sealed","Dry","Not Raining","Daylight","Rear End",2,,,1328804.9,1679365.14
"2022-30664-19/09/2025","KORUNYE","DC MALLALA.",2,1,0,1,0,2022,"July","Friday","03:27 pm",100,"Unsealed","Dry","Not Raining","Daylight","Right Angle",1,,,1325604.89,1712533.84
"2022-30665-19/09/2025","POORAKA","CITY OF SALISBURY",3,2,0,0,2,2022,"July","Friday","03:46 pm",70,"Sealed","Dry","Not Raining","Daylight","Rear End",1,,,1331915.49,1683411.33
"2022-30670-19/09/2025","HAMLEY BRIDGE","WAKEFIELD REGIONAL COUNCIL",1,2,1,1,0,2022,"July","Friday","04:45 pm",100,"Sealed","Dry","Not Raining","Daylight","Roll Over",1,,,1337132.41,1734892.12
"2022-30675-19/09/2025","WYE","DISTRICT COUNCIL OF GRANT",2,6,1,4,1,2022,"July","Friday","12:30 pm",110,"Sealed","Dry","Not Raining","Daylight","Right Angle",1,,,1521097.65,1318958.49
"2022-30676-19/09/2025","TATACHILLA","CITY OF ONKAPARINGA",4,1,0,0,1,2022,"July","Friday","02:55 pm",60,"Sealed","Dry","Not Raining","Daylight","Head On",2,,,1317672.23,1637375.45
"2022-30681-19/09/2025","STONYFELL","CITY OF BURNSIDE",2,1,0,0,1,2022,"July","Saturday","08:45 am",50,"Sealed","Dry","Not Raining","Daylight","Hit Animal",2,,,1334733.89,1669642.06
"2022-30686-19/09/2025","PARAFIELD","CITY OF SALISBURY",4,1,0,0,1,2022,"July","Saturday","10:11 am",60,"Sealed","Dry","Not Raining","Daylight","Rear End",1,,,1331258.26,1683721.8
"2022-30687-19/09/2025","BRIGHTON","CITY OF HOLDFAST BAY",2,1,0,0,1,2022,"July","Saturday","10:36 am",60,"Sealed","Dry","Not Raining","Daylight","Right Turn",2,,"Y",1321137.51,1660692.7
"2022-30689-19/09/2025","DARLINGTON","CC MARION.",2,2,0,0,2,2022,"July","Friday","03:30 pm",100,"Sealed","Dry","Not Raining","Daylight","Side Swipe",2,,,1324223.68,1658569.78
"2022-30697-19/09/2025","CADELL","MID MURRAY DISTRICT COUNCIL",2,2,0,1,1,2022,"July","Friday","11:00 pm",50,"Unsealed","Dry","Not Raining","Night","Hit Fixed Object",1,,"Y",1431379.25,1764344.05
"2022-30700-19/09/2025","ADELAIDE","CITY OF ADELAIDE",2,1,0,0,1,2022,"July","Saturday","06:09 pm",60,"Sealed","Dry","Not Raining","Night","Side Swipe",2,,,1330200.1,1670399.61
"2022-30702-19/09/2025","UPPER HERMITAGE","THE ADELAIDE HILLS COUNCIL",1,1,0,0,1,2022,"July","Saturday","06:13 pm",60,"Sealed","Dry","Not Raining","Night","Roll Over",1,,,1343767.97,1684884.33
"2022-30715-19/09/2025","HAMPSTEAD GARDENS","CITY OF PORT ADELAIDE ENFIELD",2,1,0,0,1,2022,"July","Sunday","10:30 am",60,"Sealed","Dry","Not Raining","Daylight","Rear End",1,,,1331880.31,1676426.7
"2022-30716-19/09/2025","NORTH ADELAIDE","CITY OF ADELAIDE",2,1,0,0,1,2022,"June","Tuesday","11:40 am",50,"Sealed","Dry","Not Raining","Daylight","Other",2,,,1328453.43,1672939.8
"2022-30718-19/09/2025","WINDSOR GARDENS","CITY OF PORT ADELAIDE ENFIELD",2,1,0,0,1,2022,"July","Saturday","07:30 pm",40,"Sealed","Dry","Not Raining","Night","Rear End",2,,,1334340.53,1677611.99
"2022-30724-19/09/2025","MELROSE PARK","CC MITCHAM.",4,2,0,0,2,2022,"July","Sunday","01:29 pm",60,"Sealed","Dry","Not Raining","Daylight","Rear End",1,,,1325963.68,1663381.07
"2022-30725-19/09/2025","KILBURN","CITY OF PORT ADELAIDE ENFIELD",2,2,0,0,2,2022,"July","Sunday","01:30 pm",50,"Sealed","Dry","Not Raining","Daylight","Hit Fixed Object",1,,,1328039.33,1677290.87
"2022-30727-19/09/2025","MILLSWOOD","CITY OF UNLEY",2,1,0,0,1,2022,"July","Sunday","03:26 pm",50,"Sealed","Dry","Not Raining","Daylight","Hit Fixed Object",1,"Y","Y",1327472.69,1667420.87
"2022-30729-19/09/2025","MARCOLLAT","DC KINGSTON.",2,1,0,1,0,2022,"July","Sunday","01:45 am",110,"Sealed","Dry","Not Raining","Night","Hit Fixed Object",1,"Y",,1480791.38,1493046.48
"2022-30731-19/09/2025","WAIKERIE","LOXTON WAIKERIE DISTRICT COUNCIL",2,1,0,0,1,2022,"July","Sunday","04:35 pm",80,"Sealed","Dry","Not Raining","Daylight","Hit Fixed Object",1,,,1456194.26,1748618.06
"2022-30732-19/09/2025","WALKLEY HEIGHTS","CITY OF SALISBURY",2,1,0,0,1,2022,"July","Sunday","09:30 pm",70,"Unsealed","Dry","Not Raining","Night","Right Angle",2,,,1332959.7,1680497.31
"2022-30733-19/09/2025","PLYMPTON","CITY OF WEST TORRENS",3,1,0,0,1,2022,"July","Monday","06:57 am",60,"Sealed","Dry","Not Raining","Night","Rear End",1,,,1324120.61,1666501.82
"2022-30734-19/09/2025","PARALOWIE","CITY OF SALISBURY",2,1,0,0,1,2022,"July","Monday","07:25 am",60,"Sealed","Dry","Not Raining","Daylight","Side Swipe",1,,,1329308.08,1688511.08
"2022-30736-19/09/2025","O'HALLORAN HILL","CC MARION.",2,1,0,0,1,2022,"July","Monday","07:28 am",80,"Sealed","Dry","Not Raining","Daylight","Rear End",2,,,1322919.13,1653882.18
"2022-30737-19/09/2025","MANNINGHAM","CITY OF PORT ADELAIDE ENFIELD",2,1,0,0,1,2022,"July","Monday","07:20 am",50,"Sealed","Dry","Not Raining","Night","Hit Parked Vehicle",1,,,1330923.02,1676264.86
"2022-30741-19/09/2025","KERSBROOK","THE ADELAIDE HILLS COUNCIL",1,1,0,0,1,2022,"July","Sunday","01:00 pm",80,"Sealed","Wet","Not Raining","Daylight","Roll Over",1,"Y",,1352767.07,1683778.69
"2022-30742-19/09/2025","MILLICENT","WATTLE RANGE COUNCIL",2,1,0,1,0,2022,"July","Monday","08:20 am",60,"Sealed","Dry","Not Raining","Daylight","Side Swipe",2,,,1474936.32,1366285.33
"2022-30749-19/09/2025","PORT PIRIE WEST","PT.PIRIE CITY & DIST. COUNCIL",2,1,0,0,1,2022,"July","Monday","02:55 pm",25,"Sealed","Dry","Not Raining","Daylight","Right Angle",2,,,1279435.73,1865423.9
"2022-30761-19/09/2025","FULLARTON","CITY OF UNLEY",2,1,0,0,1,2022,"July","Monday","05:50 pm",60,"Sealed","Dry","Not Raining","Night","Right Angle",1,,,1331652.33,1667508.79
"2022-30770-19/09/2025","STREAKY BAY","DC STREAKY BAY.",1,1,0,0,1,2022,"July","Monday","03:30 pm",110,"Sealed","Dry","Not Raining","Daylight","Roll Over",1,,,948620.03,1897261.02
"2022-30782-19/09/2025","HENLEY BEACH","CITY OF CHARLES STURT",2,1,0,1,0,2022,"July","Tuesday","10:00 am",60,"Sealed","Dry","Not Raining","Daylight","Head On",2,,,1319893.52,1673057.19
"2022-30786-19/09/2025","HAWTHORN","CC MITCHAM.",2,1,0,0,1,2022,"July","Monday","06:05 pm",50,"Sealed","Dry","Not Raining","Night","Side Swipe",2,,,1328274.73,1665687.97
"2022-30797-19/09/2025","MELROSE PARK","CC MITCHAM.",2,1,0,0,1,2022,"July","Tuesday","12:10 pm",60,"Sealed","Dry","Not Raining","Daylight","Right Angle",1,,,1325907.02,1664948.22
"2022-30805-19/09/2025","GILLES PLAINS","CITY OF PORT ADELAIDE ENFIELD",2,1,0,0,1,2022,"July","Tuesday","07:10 pm",60,"Sealed","Dry","Not Raining","Night","Right Turn",2,,,1334025.98,1678234.34
"2022-30808-19/09/2025","PARKSIDE","CITY OF UNLEY",2,1,0,0,1,2022,"July","Tuesday","07:30 pm",60,"Sealed","Wet","Not Raining","Night","Rear End",1,,,1330707.08,1668319.59
"2022-30811-19/09/2025","WATERLOO CORNER","CITY OF PLAYFORD.",2,2,0,2,0,2022,"July","Tuesday","10:28 pm",90,"Sealed","Dry","Not Raining","Night","Right Angle",1,,,1329681.68,1694448.46
"2022-30815-19/09/2025","SALISBURY","CITY OF SALISBURY",2,2,0,2,0,2022,"July","Tuesday","10:53 pm",60,"Sealed","Dry","Not Raining","Night","Hit Fixed Object",1,,"Y",1332978.39,1688910.95
"2022-30816-19/09/2025","RIDGEHAVEN","CITY OF TEA TREE GULLY",2,2,0,0,2,2022,"July","Wednesday","06:24 am",70,"Sealed","Dry","Not Raining","Night","Right Turn",1,,,1337566.14,1682375.29
"2022-30817-19/09/2025","ELIZABETH PARK","CITY OF PLAYFORD.",2,1,0,0,1,2022,"July","Wednesday","07:28 am",60,"Sealed","Dry","Not Raining","Daylight","Hit Fixed Object",1,,,1337926.86,1694576.12
"2022-30822-19/09/2025","WARRADALE","CC MARION.",2,1,0,1,0,2022,"July","Wednesday","09:14 am",60,"Sealed","Dry","Not Raining","Daylight","Hit Pedestrian",1,,,1322726.09,1662290.87
"2022-30829-19/09/2025","WALLAROO","COPPER COAST DISTRICT COUNCIL",1,1,0,0,1,2022,"July","Wednesday","11:15 am",50,"Sealed","Dry","Not Raining","Daylight","Other",1,,,1243483.73,1783197.28
"2022-30836-19/09/2025","ADELAIDE","CITY OF ADELAIDE",2,1,0,0,1,2022,"July","Tuesday","04:45 pm",50,"Sealed","Dry","Not Raining","Daylight","Hit Pedestrian",1,,,1328483.6,1670570.52
"2022-30838-19/09/2025","SALISBURY NORTH","CITY OF SALISBURY",2,1,0,0,1,2022,"July","Wednesday","04:12 pm",60,"Sealed","Dry","Not Raining","Daylight","Rear End",2,,,1331727.3,1689577.96
"2022-30842-19/09/2025","PENFIELD","CITY OF PLAYFORD.",2,1,0,0,1,2022,"July","Wednesday","04:50 pm",80,"Sealed","Dry","Not Raining","Daylight","Right Angle",2,,,1331401.54,1697660.52
"2022-30850-19/09/2025","FULHAM","CITY OF WEST TORRENS",2,1,0,0,1,2022,"July","Wednesday","08:20 am",60,"Sealed","Dry","Not Raining","Daylight","Side Swipe",2,,,1320980.76,1670897.38
"2022-30854-19/09/2025","OUTER HARBOR","CITY OF PORT ADELAIDE ENFIELD",3,1,0,1,0,2022,"July","Wednesday","09:51 pm",70,"Sealed","Dry","Not Raining","Night","Hit Fixed Object",1,,,1320309.24,1688448.76
"2022-30864-19/09/2025","KILBURN","CITY OF PORT ADELAIDE ENFIELD",2,1,0,0,1,2022,"July","Thursday","10:30 am",50,"Sealed","Wet","Not Raining","Daylight","Rear End",1,,,1328021.32,1678351.04
"2022-30869-19/09/2025","INGLE FARM","CITY OF SALISBURY",2,1,0,0,1,2022,"July","Thursday","01:50 pm",60,"Sealed","Dry","Not Raining","Daylight","Right Turn",2,,,1333676.11,1681209.82
"2022-30870-19/09/2025","GLANDORE","CC MARION.",2,1,0,0,1,2022,"May","Thursday","12:58 pm",60,"Sealed","Wet","Not Raining","Daylight","Rear End",2,,,1325862.92,1666523.3
"2022-30874-19/09/2025","SEAFORD MEADOWS","CITY OF ONKAPARINGA",2,1,0,0,1,2022,"July","Thursday","05:10 pm",50,"Sealed","Dry","Not Raining","Daylight","Hit Parked Vehicle",1,,,1316521.19,1643013.02
"2022-30877-19/09/2025","WEST LAKES","CITY OF CHARLES STURT",2,1,0,0,1,2022,"July","Thursday","05:10 pm",60,"Sealed","Dry","Not Raining","Daylight","Right Angle",2,,,1318842.91,1674473.86
"2022-30887-19/09/2025","PARALOWIE","CITY OF SALISBURY",3,1,0,0,1,2022,"July","Friday","07:37 am",50,"Sealed","Dry","Not Raining","Daylight","Hit Parked Vehicle",1,,,1331117.32,1689345.74
"2022-30896-19/09/2025","CALTOWIE WEST","NORTHERN AREAS DISTRICT COUNCIL",1,1,0,0,1,2022,"July","Friday","08:20 am",110,"Sealed","Wet","Raining","Daylight","Roll Over",1,,,1319688.42,1861529.25
"2022-30899-19/09/2025","SELLICKS HILL","DC YANKALILLA.",2,1,0,0,1,2022,"July","Friday","02:20 pm",100,"Sealed","Dry","Not Raining","Daylight","Hit Fixed Object",1,,,1313077.93,1623673.18
"2022-30902-19/09/2025","ADELAIDE","CITY OF ADELAIDE",2,1,0,0,1,2022,"July","Friday","02:59 pm",50,"Sealed","Dry","Not Raining","Daylight","Hit Pedestrian",2,,,1328248.37,1671142.14
"2022-30908-19/09/2025","ELIZABETH EAST","CITY OF PLAYFORD.",4,1,0,0,1,2022,"July","Friday","06:07 pm",60,"Sealed","Dry","Not Raining","Night","Right Angle",2,,,1336984.09,1693184.55
"2022-30914-19/09/2025","MOUNT JAGGED","ALEXANDRINA COUNCIL",2,1,0,0,1,2022,"July","Friday","08:45 pm",100,"Sealed","Wet","Raining","Night","Rear End",2,,,1329514.31,1619764.44
"2022-30917-19/09/2025","BOWILLIA","WAKEFIELD REGIONAL COUNCIL",2,1,0,1,0,2022,"July","Friday","11:40 pm",100,"Unsealed","Dry","Not Raining","Night","Hit Fixed Object",1,,"Y",1313073.63,1778564.5
"2022-30919-19/09/2025","NORTH ADELAIDE","CITY OF ADELAIDE",2,1,0,1,0,2022,"July","Saturday","02:38 am",60,"Sealed","Wet","Not Raining","Night","Hit Fixed Object",1,,,1327652.39,1673279.56
"2022-30924-19/09/2025","PORT LINCOLN","CC PT.LINCOLN.",2,2,0,0,2,2022,"July","Saturday","08:00 am",60,"Sealed","Wet","Not Raining","Daylight","Right Angle",1,,,1078689.14,1697555.13
"2022-30925-19/09/2025","MILANG","ALEXANDRINA COUNCIL",2,1,0,0,1,2022,"July","Friday","05:30 pm",50,"Sealed","Wet","Raining","Night","Right Angle",2,,,1360244.79,1616130.8
"2022-30929-19/09/2025","ST AGNES","CITY OF TEA TREE GULLY",2,1,0,0,1,2022,"July","Saturday","12:34 pm",60,"Sealed","Dry","Not Raining","Daylight","Right Turn",1,,,1338603.93,1681008.84
"2022-30937-19/09/2025","VICTOR HARBOR","DC VICTOR HARBOR.",3,1,0,0,1,2022,"July","Saturday","04:08 pm",50,"Sealed","Dry","Not Raining","Daylight","Right Angle",1,,,1326922.09,1600215.17
"2022-30938-19/09/2025","ADELAIDE","CITY OF ADELAIDE",3,3,0,0,3,2022,"July","Saturday","04:08 pm",50,"Sealed","Dry","Not Raining","Daylight","Right Angle",2,,,1327947.46,1669708.15
"2022-30944-19/09/2025","WELBOURN HILL",,1,4,0,2,2,2022,"July","Sunday","12:00 am",110,"Sealed","Dry","Not Raining","Night","Roll Over",1,,"Y",855510.17,2529655.1