"REPORT_ID","Suburb","LGA Name","Total Units","Total Cas","Total Fats","Total SI","Total MI","Year","Month","Day","Time","Area Speed","Road Surface","Moisture Cond","Weather Cond","DayNight","Crash Type","Unit Resp","DUI Involved","Drugs Involved","ACCLOC_X","ACCLOC_Y"
"2022-30951-19/09/2025","LARGS BAY","CITY OF PORT ADELAIDE ENFIELD",2,1,0,1,0,2022,"July","Thursday","04:50 pm",50,"Sealed","Dry","Not Raining","Daylight","Rear End",1,,,1319286.72,1682203.44
"2022-30953-19/09/2025","SALISBURY DOWNS","CITY OF SALISBURY",2,2,0,0,2,2022,"July","Sunday","05:11 pm",60,"Sealed","Dry","Not Raining","Daylight","Rear End",1,,,1331471.77,1686864.32
"2022-30954-19/09/2025","HAWKER","THE FLINDERS RANGES COUNCIL.",2,1,0,0,1,2022,"July","Sunday","05:50 pm",110,"Sealed","Dry","Not Raining","Night","Rear End",2,,,1314791.86,2021694.1
"2022-30955-19/09/2025","SUTTONTOWN","DISTRICT COUNCIL OF GRANT",2,1,0,0,1,2022,"July","Sunday","11:00 pm",100,"Unsealed","Dry","Not Raining","Night","Hit Fixed Object",1,,,1508116.83,1344838.53
"2022-30959-19/09/2025","GLEN OSMOND","CITY OF BURNSIDE",2,1,0,0,1,2022,"July","Monday","08:42 am",50,"Sealed","Dry","Not Raining","Daylight","Right Angle",1,,,1332652.44,1667025.96
"2022-30964-19/09/2025","PANORAMA","CC MITCHAM.",2,2,0,0,2,2022,"July","Monday","09:25 am",60,"Sealed","Dry","Not Raining","Daylight","Rear End",2,,,1327580.8,1663430.02
"2022-30967-19/09/2025","STURT","CC MARION.",3,1,0,0,1,2022,"July","Monday","11:20 am",60,"Sealed","Dry","Not Raining","Daylight","Rear End",2,,,1323634.49,1660646.82
"2022-30973-19/09/2025","GLENUNGA","CITY OF BURNSIDE",2,1,0,0,1,2022,"July","Monday","10:35 am",50,"Sealed","Dry","Not Raining","Daylight","Side Swipe",1,,,1331826.2,1667504.72
"2022-30979-19/09/2025","RENDELSHAM","WATTLE RANGE COUNCIL",2,1,0,0,1,2022,"July","Monday","02:55 pm",110,"Sealed","Wet","Raining","Daylight","Hit Fixed Object",1,,,1464714.05,1371809.39
"2022-30980-19/09/2025","SMITHFIELD","CITY OF PLAYFORD.",2,1,0,0,1,2022,"July","Monday","04:59 pm",50,"Sealed","Dry","Not Raining","Daylight","Right Angle",2,,,1337526.67,1697026.77
"2022-30985-19/09/2025","BOLIVAR","CITY OF SALISBURY",2,1,0,0,1,2022,"July","Monday","05:38 pm",90,"Sealed","Wet","Raining","Night","Rear End",1,"Y",,1328554.34,1688239.17
"2022-30988-19/09/2025","ADELAIDE","CITY OF ADELAIDE",2,2,0,0,2,2022,"July","Monday","06:59 pm",50,"Sealed","Wet","Not Raining","Night","Right Turn",1,,,1327925.66,1670500.3
"2022-30991-19/09/2025","WANGARY","DC LOWER EYRE PENINSULA",2,1,0,0,1,2022,"July","Monday","04:00 pm",110,"Sealed","Wet","Raining","Daylight","Hit Fixed Object",1,,"Y",1043554.5,1721146.98
"2022-30993-19/09/2025","FLAGSTAFF HILL","CITY OF ONKAPARINGA",3,2,0,1,1,2022,"July","Tuesday","06:30 am",50,"Sealed","Wet","Raining","Night","Hit Fixed Object",1,,,1326784.32,1655981.97
"2022-30997-19/09/2025","POORAKA","CITY OF SALISBURY",2,2,0,0,2,2022,"July","Tuesday","11:00 am",70,"Sealed","Dry","Not Raining","Daylight","Rear End",1,,,1330527.29,1681866.55
"2022-30999-19/09/2025","MILE END","CITY OF WEST TORRENS",4,2,0,0,2,2022,"July","Tuesday","12:30 pm",60,"Sealed","Dry","Not Raining","Daylight","Rear End",1,,,1325760.67,1670488.94
"2022-31002-19/09/2025","PARK HOLME","CC MARION.",2,1,0,0,1,2022,"July","Tuesday","02:08 pm",60,"Sealed","Wet","Raining","Daylight","Right Angle",1,,,1324322.39,1663134.97
"2022-31015-19/09/2025","HENLEY BEACH SOUTH","CITY OF CHARLES STURT",4,2,0,0,2,2022,"July","Tuesday","05:40 pm",50,"Sealed","Wet","Not Raining","Night","Rear End",1,,,1319133.55,1670457.12
"2022-31020-19/09/2025","CROYDON","CITY OF CHARLES STURT",2,1,0,0,1,2022,"July","Tuesday","12:20 pm",60,"Sealed","Dry","Not Raining","Daylight","Rear End",2,,,1325501.63,1673454.26
"2022-31026-19/09/2025","SEACLIFF PARK","CITY OF HOLDFAST BAY",2,1,0,0,1,2022,"July","Tuesday","08:30 pm",60,"Sealed","Wet","Not Raining","Night","Hit Parked Vehicle",1,,,1321443.31,1659334.47
"2022-31030-19/09/2025","WOODSIDE","THE ADELAIDE HILLS COUNCIL",3,3,0,0,3,2022,"July","Wednesday","06:40 am",80,"Sealed","Wet","Raining","Night","Right Angle",1,,,1354164.33,1665389.92
"2022-31031-19/09/2025","ELIZABETH PARK","CITY OF PLAYFORD.",4,3,0,0,3,2022,"July","Wednesday","06:59 am",80,"Sealed","Wet","Not Raining","Night","Right Angle",1,,,1335972.14,1693727.26
"2022-31033-19/09/2025","CAMPBELLTOWN","CC CAMPBELLTOWN.",2,1,0,0,1,2022,"July","Wednesday","07:30 am",60,"Sealed","Wet","Not Raining","Daylight","Right Angle",1,,"Y",1334468.27,1675734.19
"2022-31034-19/09/2025","WILLUNGA HILL","ALEXANDRINA COUNCIL",2,2,0,0,2,2022,"July","Wednesday","08:17 am",100,"Sealed","Dry","Not Raining","Daylight","Head On",2,,,1325677.32,1630307.34
"2022-31035-19/09/2025","ELIZABETH VALE","CITY OF PLAYFORD.",2,1,0,0,1,2022,"July","Wednesday","08:45 am",60,"Sealed","Wet","Not Raining","Daylight","Right Turn",1,,,1335254.54,1690056.88
"2022-31039-19/09/2025","CAMPBELLTOWN","CC CAMPBELLTOWN.",2,1,0,0,1,2022,"July","Wednesday","09:49 am",50,"Sealed","Dry","Not Raining","Daylight","Hit Parked Vehicle",1,,,1334814.85,1675231.66
"2022-31042-19/09/2025","GLENELG NORTH","CITY OF HOLDFAST BAY",1,1,0,0,1,2022,"July","Wednesday","11:14 am",60,"Sealed","Dry","Not Raining","Daylight","Roll Over",1,,,1321560.03,1665337.27
"2022-31045-19/09/2025","WARRADALE","CC MARION.",2,1,0,0,1,2022,"July","Friday","08:00 am",60,"Sealed","Dry","Not Raining","Daylight","Right Angle",1,,,1322740.46,1661817.67
"2022-31049-19/09/2025","WYNN VALE","CITY OF TEA TREE GULLY",2,1,0,0,1,2022,"July","Wednesday","01:26 pm",80,"Unsealed","Dry","Not Raining","Daylight","Rear End",1,,,1335765.96,1683087.73
"2022-31050-19/09/2025","WALKERVILLE","WALKERVILLE TOWN COUNCIL",3,2,0,0,2,2022,"July","Tuesday","02:50 pm",60,"Sealed","Dry","Not Raining","Daylight","Rear End",2,,,1330401.64,1675149.62
"2022-31055-19/09/2025","EDWARDSTOWN","CC MARION.",2,2,0,0,2,2022,"July","Wednesday","03:38 pm",60,"Sealed","Dry","Not Raining","Daylight","Right Turn",2,,,1325932.87,1664392.69
"2022-31056-19/09/2025","ELIZABETH NORTH","CITY OF PLAYFORD.",2,1,0,0,1,2022,"July","Wednesday","03:43 pm",60,"Sealed","Dry","Not Raining","Daylight","Rear End",2,,,1336257.7,1694758.55
"2022-31060-19/09/2025","GURRA GURRA","DC RENMARK PARINGA",3,1,0,0,1,2022,"July","Wednesday","03:15 pm",110,"Sealed","Dry","Not Raining","Daylight","Rear End",1,,,1514925.25,1730989.55
"2022-31061-19/09/2025","WALKLEY HEIGHTS","CITY OF SALISBURY",3,1,0,1,0,2022,"July","Wednesday","05:18 pm",60,"Sealed","Dry","Not Raining","Daylight","Hit Parked Vehicle",1,,,1332741.13,1680506.43
"2022-31064-19/09/2025","ADELAIDE","CITY OF ADELAIDE",2,1,0,0,1,2022,"July","Wednesday","02:00 pm",50,"Sealed","Dry","Not Raining","Daylight","Right Angle",1,,,1328555.17,1671629.16
"2022-31066-19/09/2025","KUDLA","CT GAWLER.",2,1,0,0,1,2022,"July","Wednesday","06:51 pm",80,"Sealed","Dry","Not Raining","Night","Right Turn",2,,,1337680.92,1701807.18
"2022-31075-19/09/2025","MOUNT BARKER","DC MT.BARKER.",2,1,0,0,1,2022,"May","Monday","03:30 pm",50,"Sealed","Unknown","Unknown","Daylight","Rear End",2,,,1352927.55,1653156.23
"2022-31076-19/09/2025","MEDINDIE","WALKERVILLE TOWN COUNCIL",3,1,0,0,1,2022,"July","Thursday","11:00 am",60,"Sealed","Dry","Not Raining","Daylight","Rear End",1,,,1328595.16,1673914.12
"2022-31093-19/09/2025","FULLARTON","CITY OF UNLEY",2,1,0,0,1,2022,"July","Thursday","04:05 pm",60,"Sealed","Dry","Not Raining","Daylight","Right Angle",1,,,1330731.84,1667482.42
"2022-31094-19/09/2025","ST MARYS","CC MITCHAM.",2,2,0,0,2,2022,"July","Thursday","01:00 pm",60,"Sealed","Dry","Not Raining","Daylight","Rear End",1,,,1325956.16,1663317.85
"2022-31095-19/09/2025","BURDETT","RC MURRAY BRIDGE.",2,1,0,0,1,2022,"July","Thursday","05:18 pm",110,"Sealed","Dry","Not Raining","Daylight","Roll Over",1,,,1406306.63,1650025.32
"2022-31096-19/09/2025","CHAIN OF PONDS","THE ADELAIDE HILLS COUNCIL",2,1,0,0,1,2022,"July","Thursday","03:10 pm",80,"Sealed","Dry","Not Raining","Daylight","Head On",1,,,1350668.94,1681285.07
"2022-31105-19/09/2025","CLEMENTS GAP","BARUNGA WEST DISTRICT COUNCIL",2,5,0,5,0,2022,"July","Thursday","04:30 pm",110,"Sealed","Dry","Not Raining","Daylight","Head On",1,,,1282488.88,1827319.21
"2022-31130-19/09/2025","TAILEM BEND","COORONG DISTRICT COUNCIL",2,1,0,1,0,2022,"July","Friday","05:50 pm",50,"Sealed","Dry","Not Raining","Night","Hit Fixed Object",1,,,1405169.91,1631435.91
"2022-31140-19/09/2025","HIGHBURY","CITY OF TEA TREE GULLY",6,2,0,0,2,2022,"July","Saturday","12:25 pm",60,"Sealed","Dry","Not Raining","Daylight","Rear End",1,,,1338113.52,1678461.9
"2022-31151-19/09/2025","ADELAIDE","CITY OF ADELAIDE",2,1,0,0,1,2022,"July","Saturday","07:45 pm",50,"Sealed","Wet","Raining","Night","Hit Pedestrian",1,,,1329020.91,1670834.63
"2022-31152-19/09/2025","PARACOMBE","THE ADELAIDE HILLS COUNCIL",2,1,0,0,1,2022,"July","Thursday","11:00 pm",80,"Sealed","Dry","Not Raining","Night","Hit Fixed Object",1,,,1345627.15,1681448.07
"2022-31154-19/09/2025","VIRGINIA","CITY OF PLAYFORD.",2,1,0,0,1,2022,"July","Saturday","08:48 pm",80,"Sealed","Wet","Raining","Night","Hit Fixed Object",1,"Y",,1326470.42,1696671.21
"2022-31158-19/09/2025","ELIZABETH VALE","CITY OF PLAYFORD.",3,1,0,0,1,2022,"July","Saturday","10:28 pm",50,"Sealed","Wet","Raining","Night","Hit Parked Vehicle",1,,,1335245.55,1689811.43
"2022-31159-19/09/2025","DRY CREEK","CITY OF PORT ADELAIDE ENFIELD",2,1,0,0,1,2022,"July","Sunday","01:18 am",60,"Sealed","Wet","Not Raining","Night","Hit Fixed Object",1,"Y",,1327660.64,1680510.91
"2022-31161-19/09/2025","SALISBURY PLAIN","CITY OF SALISBURY",2,1,0,0,1,2022,"July","Sunday","05:07 am",80,"Sealed","Wet","Raining","Night","Hit Fixed Object",1,,,1335434.47,1688134.74
"2022-31177-19/09/2025","MEDINDIE","WALKERVILLE TOWN COUNCIL",3,1,0,0,1,2022,"July","Sunday","10:26 pm",60,"Sealed","Dry","Not Raining","Night","Right Angle",1,,,1329427.23,1673281.86
"2022-31178-19/09/2025","WOODCHESTER","ALEXANDRINA COUNCIL",2,1,0,0,1,2022,"July","Sunday","11:22 pm",100,"Unsealed","Wet","Raining","Night","Hit Fixed Object",1,"Y",,1358821.27,1637659.33
"2022-31179-19/09/2025","O'HALLORAN HILL","CC MARION.",2,1,0,0,1,2022,"July","Monday","07:30 am",100,"Sealed","Wet","Raining","Daylight","Side Swipe",1,,,1322989.07,1655411.76
"2022-31180-19/09/2025","MEADOWS","DC MT.BARKER.",2,2,1,1,0,2022,"July","Monday","06:44 am",100,"Unsealed","Dry","Not Raining","Night","Hit Fixed Object",1,"Y",,1340405.96,1645941.72
"2022-31181-19/09/2025","LOCKLEYS","CITY OF WEST TORRENS",4,2,0,0,2,2022,"July","Monday","07:26 am",60,"Sealed","Wet","Raining","Daylight","Right Turn",1,,,1321888.03,1669990.23
"2022-31182-19/09/2025","ADELAIDE","CITY OF ADELAIDE",2,1,0,0,1,2022,"July","Monday","08:15 am",50,"Sealed","Wet","Raining","Daylight","Right Turn",1,,,1329672.1,1670703.33
"2022-31183-19/09/2025","LAMEROO","SOUTHERN MALLEE DISTRICT COUNCIL",1,1,0,0,1,2022,"July","Sunday","04:30 pm",100,"Unsealed","Wet","Raining","Daylight","Roll Over",1,,,1488836.09,1608023.14
"2022-31184-19/09/2025","KILKENNY","CITY OF CHARLES STURT",2,1,0,0,1,2022,"July","Monday","10:15 am",60,"Sealed","Dry","Not Raining","Daylight","Right Angle",2,,,1324444.05,1676060.5
"2022-31196-19/09/2025","BURTON","CITY OF SALISBURY",2,1,0,0,1,2022,"July","Monday","04:12 pm",50,"Sealed","Dry","Not Raining","Daylight","Hit Pedestrian",2,,,1328639.85,1691141.18
"2022-31200-19/09/2025","WEST HINDMARSH","CITY OF CHARLES STURT",2,1,0,0,1,2022,"July","Monday","06:50 am",60,"Sealed","Wet","Raining","Night","Right Turn",2,,,1325273.35,1673168.32
"2022-31204-19/09/2025","CAREY GULLY","THE ADELAIDE HILLS COUNCIL",2,1,0,0,1,2022,"July","Monday","01:38 pm",80,"Sealed","Wet","Raining","Daylight","Hit Fixed Object",1,,,1344538.75,1666213.98
"2022-31205-19/09/2025","HAPPY VALLEY","CITY OF ONKAPARINGA",2,1,0,1,0,2022,"July","Monday","06:20 pm",80,"Sealed","Dry","Not Raining","Night","Side Swipe",1,,,1326613.63,1655475.06
"2022-31209-19/09/2025","RIVERTON","CLARE AND GILBERT VALLEYS DISTRICT COUNCIL",2,1,0,0,1,2022,"July","Monday","09:26 pm",40,"Sealed","Dry","Not Raining","Night","Hit Fixed Object",1,"Y",,1341348.63,1752277.11
"2022-31211-19/09/2025","EVERARD PARK","CITY OF UNLEY",2,1,0,0,1,2022,"July","Monday","06:25 pm",60,"Sealed","Dry","Not Raining","Night","Hit Object on Road",1,,,1326111.58,1667942.11
"2022-31215-19/09/2025","MODBURY","CITY OF TEA TREE GULLY",2,1,0,0,1,2022,"July","Tuesday","08:40 am",60,"Sealed","Wet","Raining","Daylight","Hit Pedestrian",2,,,1337037.87,1680631.92
"2022-31218-19/09/2025","GOLDEN GROVE","CITY OF TEA TREE GULLY",2,1,0,0,1,2022,"July","Tuesday","09:55 am",60,"Sealed","Dry","Not Raining","Daylight","Right Angle",1,,,1337525.71,1685126.04
"2022-31219-19/09/2025","MOUNT SCHANK","DISTRICT COUNCIL OF GRANT",2,2,1,1,0,2022,"July","Tuesday","06:50 am",110,"Sealed","Dry","Not Raining","Night","Head On",1,,,1510573.37,1329655.7
"2022-31221-19/09/2025","PARA HILLS WEST","CITY OF SALISBURY",2,5,0,1,4,2022,"July","Tuesday","11:00 am",60,"Sealed","Dry","Not Raining","Daylight","Right Angle",2,,,1333434.52,1683702.92
"2022-31222-19/09/2025","CALLINGTON","RC MURRAY BRIDGE.",2,1,0,0,1,2022,"July","Tuesday","06:40 am",110,"Sealed","Dry","Not Raining","Night","Hit Fixed Object",1,,,1367831.99,1647009.54
"2022-31227-19/09/2025","OAKLANDS PARK","CC MARION.",2,1,0,0,1,2022,"July","Tuesday","04:33 pm",60,"Sealed","Dry","Not Raining","Daylight","Right Angle",2,,,1322726.61,1662274.7
"2022-31228-19/09/2025","ADELAIDE","CITY OF ADELAIDE",2,1,0,0,1,2022,"July","Tuesday","06:05 pm",50,"Sealed","Dry","Not Raining","Night","Right Angle",2,,,1328690.33,1670522.82
"2022-31231-19/09/2025","BOLIVAR","CITY OF SALISBURY",2,1,0,0,1,2022,"July","Tuesday","09:00 pm",90,"Sealed","Dry","Not Raining","Night","Right Turn",1,,,1328471.89,1688636.97
"2022-31234-19/09/2025","PLYMPTON","CITY OF WEST TORRENS",3,1,0,0,1,2022,"July","Wednesday","07:15 am",50,"Sealed","Dry","Not Raining","Night","Hit Fixed Object",1,,,1324630.17,1667361.3
"2022-31241-19/09/2025","PROSPECT","CITY OF PROSPECT",2,1,0,0,1,2022,"July","Wednesday","09:28 am",60,"Sealed","Dry","Not Raining","Daylight","Rear End",2,,,1328867.83,1676650.37
"2022-31242-19/09/2025","ADELAIDE","CITY OF ADELAIDE",2,1,0,0,1,2022,"July","Wednesday","08:30 am",50,"Sealed","Dry","Not Raining","Daylight","Right Turn",1,,,1329056.26,1669586.88
"2022-31243-19/09/2025","WATERLOO CORNER","CITY OF PLAYFORD.",2,1,0,0,1,2022,"July","Wednesday","11:30 am",90,"Sealed","Dry","Not Raining","Daylight","Right Angle",2,,,1326345.17,1696674.21
"2022-31247-19/09/2025","PARAFIELD","CITY OF SALISBURY",2,2,0,0,2,2022,"July","Wednesday","11:00 am",80,"Sealed","Dry","Not Raining","Daylight","Right Turn",1,,,1331785.25,1683489.99
"2022-31248-19/09/2025","HINDMARSH","CITY OF CHARLES STURT",2,1,0,0,1,2022,"July","Tuesday","02:00 pm",20,"Sealed","Dry","Not Raining","Daylight","Right Angle",1,,,1325851.28,1673257.37
"2022-31250-19/09/2025","WILLIAMSTOWN","THE BAROSSA COUNCIL.",2,1,0,0,1,2022,"July","Wednesday","11:54 am",100,"Sealed","Dry","Not Raining","Daylight","Hit Fixed Object",1,,,1354867.76,1701171.72
"2022-31251-19/09/2025","ST MARYS","CC MITCHAM.",2,1,0,0,1,2022,"July","Wednesday","02:30 pm",60,"Sealed","Dry","Not Raining","Daylight","Right Angle",1,,,1325989.22,1662051.91
"2022-31254-19/09/2025","ELIZABETH PARK","CITY OF PLAYFORD.",4,1,0,1,0,2022,"July","Wednesday","02:29 pm",80,"Sealed","Dry","Not Raining","Daylight","Hit Pedestrian",2,,,1335962.49,1693261.2
"2022-31261-19/09/2025","ADELAIDE","CITY OF ADELAIDE",2,1,0,0,1,2022,"July","Wednesday","04:56 pm",50,"Sealed","Dry","Not Raining","Daylight","Side Swipe",1,,,1329160.45,1671343.71
"2022-31262-19/09/2025","MOUNT TORRENS","THE ADELAIDE HILLS COUNCIL",2,1,0,0,1,2022,"July","Wednesday","04:18 pm",100,"Sealed","Dry","Not Raining","Daylight","Hit Fixed Object",1,,,1357693.18,1673506.75
"2022-31263-19/09/2025","MAGILL","CC CAMPBELLTOWN.",2,1,0,0,1,2022,"July","Wednesday","05:15 pm",50,"Sealed","Dry","Not Raining","Daylight","Hit Pedestrian",2,,,1336277.77,1672899.57
"2022-31265-19/09/2025","SUTTONTOWN","DISTRICT COUNCIL OF GRANT",2,1,0,0,1,2022,"July","Wednesday","03:39 pm",110,"Sealed","Dry","Not Raining","Daylight","Hit Fixed Object",1,,,1505455.57,1343841.91
"2022-31268-19/09/2025","SEAFORD MEADOWS","CITY OF ONKAPARINGA",3,3,0,0,3,2022,"July","Wednesday","05:40 pm",70,"Sealed","Dry","Not Raining","Night","Right Turn",1,,,1316352.56,1642778.71
"2022-31271-19/09/2025","GEPPS CROSS","CITY OF PORT ADELAIDE ENFIELD",2,1,0,0,1,2022,"July","Wednesday","07:45 pm",60,"Sealed","Dry","Not Raining","Night","Side Swipe",2,,,1328805.37,1679280.73
"2022-31273-19/09/2025","LENSWOOD","THE ADELAIDE HILLS COUNCIL",2,1,0,0,1,2022,"July","Wednesday","07:47 pm",80,"Sealed","Dry","Not Raining","Night","Hit Fixed Object",1,"Y","Y",1348115.13,1667808.23
"2022-31282-19/09/2025","COWANDILLA","CITY OF WEST TORRENS",2,1,0,0,1,2022,"July","Thursday","10:20 am",60,"Sealed","Dry","Not Raining","Daylight","Rear End",1,,,1324148.23,1669940.46
"2022-31299-19/09/2025","NORWOOD","CC OF NORWOOD,PAYNEHAM & ST PETERS",2,1,0,0,1,2022,"July","Thursday","04:56 pm",60,"Sealed","Dry","Not Raining","Daylight","Right Turn",1,,,1331433.13,1671069.06
"2022-31310-19/09/2025","HIGHBURY","CITY OF TEA TREE GULLY",3,1,0,0,1,2022,"July","Friday","10:30 am",50,"Sealed","Dry","Not Raining","Daylight","Hit Fixed Object",1,,,1339101.84,1678989.96
"2022-31313-19/09/2025","DUNCAN","KANGAROO ISLAND COUNCIL",2,1,0,1,0,2022,"July","Thursday","11:00 pm",100,"Unsealed","Dry","Not Raining","Night","Hit Fixed Object",1,"Y","Y",1196232.05,1580569.89
"2022-31315-19/09/2025","KILKENNY","CITY OF CHARLES STURT",2,1,0,0,1,2022,"July","Friday","12:31 pm",40,"Sealed","Dry","Not Raining","Daylight","Right Angle",2,,,1324059.19,1675523.21
"2022-31316-19/09/2025","MORPHETT VALE","CITY OF ONKAPARINGA",2,1,0,0,1,2022,"July","Friday","01:56 pm",60,"Sealed","Dry","Not Raining","Daylight","Rear End",2,,,1319641.98,1648656.7
"2022-31320-19/09/2025","GAWLER SOUTH","CT GAWLER.",2,1,0,0,1,2022,"July","Thursday","04:10 pm",50,"Sealed","Dry","Not Raining","Daylight","Right Angle",2,,,1342639.5,1705603.39
"2022-31324-19/09/2025","NAILSWORTH","CITY OF PROSPECT",2,1,0,1,0,2022,"July","Friday","05:30 pm",60,"Sealed","Dry","Not Raining","Night","Hit Pedestrian",2,,,1328910.36,1675043.33
"2022-31329-19/09/2025","WAYVILLE","CITY OF UNLEY",2,1,0,0,1,2022,"July","Friday","11:00 pm",60,"Sealed","Dry","Not Raining","Night","Right Turn",2,,,1327757.22,1668924.52
"2022-31335-19/09/2025","STRUAN","DC NARACOORTE & LUCINDALE.",2,1,1,0,0,2022,"July","Saturday","03:30 am",100,"Sealed","Wet","Unknown","Night","Hit Fixed Object",1,"Y",,1513525.2,1428756.9
"2022-31338-19/09/2025","PORT LINCOLN","CC PT.LINCOLN.",2,1,0,0,1,2022,"July","Friday","06:50 pm",60,"Sealed","Dry","Not Raining","Night","Right Angle",2,,,1078195.56,1698674.32
"2022-31340-19/09/2025","PORT AUGUSTA","CC PT.AUGUSTA.",2,1,0,0,1,2022,"July","Saturday","12:10 pm",60,"Sealed","Dry","Not Raining","Daylight","Right Angle",2,,,1260095.04,1942067.98
"2022-31347-19/09/2025","SEFTON PARK","CITY OF PROSPECT",2,2,0,0,2,2022,"July","Saturday","01:15 pm",60,"Sealed","Dry","Not Raining","Daylight","Right Angle",2,,,1328879.49,1675871.59
"2022-31348-19/09/2025","MODBURY","CITY OF TEA TREE GULLY",2,1,0,0,1,2022,"July","Saturday","01:49 pm",60,"Sealed","Dry","Not Raining","Daylight","Right Angle",1,,,1336192.6,1680407.52
"2022-31353-19/09/2025","GLENELG NORTH","CITY OF HOLDFAST BAY",3,1,0,0,1,2022,"July","Saturday","02:22 pm",60,"Sealed","Dry","Not Raining","Daylight","Rear End",1,,,1321003.72,1665305.11
"2022-31355-19/09/2025","PORT BONYTHON","CC WHYALLA.",2,1,0,1,0,2022,"July","Saturday","01:02 pm",110,"Sealed","Dry","Not Raining","Daylight","Rear End",2,,,1256851.06,1888244.14
"2022-31357-19/09/2025","INGLE FARM","CITY OF SALISBURY",1,1,0,0,1,2022,"July","Saturday","02:53 pm",60,"Sealed","Dry","Not Raining","Daylight","Roll Over",1,"Y",,1332471.19,1682210.87
"2022-31363-19/09/2025","KANGAROO FLAT","LIGHT REGIONAL COUNCIL",2,3,0,0,3,2022,"July","Saturday","04:39 pm",100,"Sealed","Dry","Not Raining","Daylight","Right Angle",1,,,1337604.26,1711788.82
"2022-31367-19/09/2025","HUMBUG SCRUB","THE ADELAIDE HILLS COUNCIL",2,1,0,0,1,2022,"July","Friday","10:00 pm",100,"Sealed","Dry","Not Raining","Night","Hit Fixed Object",1,,,1350654.42,1693770.48
"2022-31368-19/09/2025","MOUNT GAMBIER","CC MT.GAMBIER.",4,1,0,0,1,2022,"July","Saturday","06:22 pm",40,"Sealed","Dry","Not Raining","Night","Hit Parked Vehicle",1,,,1508886.24,1342054.64
"2022-31370-19/09/2025","CROMER","THE ADELAIDE HILLS COUNCIL",2,4,0,0,4,2022,"July","Saturday","01:55 pm",100,"Sealed","Dry","Not Raining","Daylight","Right Angle",1,,,1361394.91,1684498.8
"2022-31371-19/09/2025","OWEN","WAKEFIELD REGIONAL COUNCIL",1,1,0,1,0,2022,"July","Saturday","06:03 pm",100,"Sealed","Dry","Not Raining","Night","Roll Over",1,,,1322833.65,1740501.99
"2022-31375-19/09/2025","ADELAIDE","CITY OF ADELAIDE",2,1,0,0,1,2022,"July","Saturday","11:00 pm",60,"Sealed","Dry","Not Raining","Night","Right Angle",2,,,1329619.12,1669197.85
"2022-31378-19/09/2025","MOUNT GAMBIER","CC MT.GAMBIER.",2,1,0,0,1,2022,"July","Sunday","08:30 am",50,"Sealed","Wet","Raining","Daylight","Hit Fixed Object",1,,,1508945.11,1340739.4
"2022-31381-19/09/2025","PORT LINCOLN","CC PT.LINCOLN.",1,1,0,1,0,2022,"July","Sunday","01:10 pm",110,"Sealed","Wet","Raining","Daylight","Roll Over",1,,,1076888.37,1695770.6
"2022-31386-19/09/2025","NORTH HAVEN","CITY OF PORT ADELAIDE ENFIELD",2,1,0,0,1,2022,"July","Sunday","04:52 pm",60,"Sealed","Wet","Raining","Daylight","Right Turn",1,,,1319051.63,1685766.68
"2022-31388-19/09/2025","WILLUNGA HILL","ALEXANDRINA COUNCIL",2,3,0,1,2,2022,"July","Sunday","03:49 pm",100,"Sealed","Dry","Not Raining","Daylight","Head On",2,,,1327338.86,1630102.71
"2022-31389-19/09/2025","TORRENSVILLE","CITY OF WEST TORRENS",2,1,0,0,1,2022,"July","Sunday","06:03 pm",50,"Sealed","Dry","Not Raining","Night","Right Angle",2,,,1325620.4,1671202.58
"2022-31393-19/09/2025","URRBRAE","CC MITCHAM.",9,9,0,3,6,2022,"July","Sunday","03:43 pm",60,"Sealed","Dry","Not Raining","Daylight","Side Swipe",1,,,1332373.16,1666370.92
"2022-31394-19/09/2025","ANGLE VALE","CITY OF PLAYFORD.",2,1,0,0,1,2022,"July","Sunday","08:40 pm",80,"Sealed","Wet","Raining","Night","Right Angle",1,,,1334815.38,1701241.72
"2022-31401-19/09/2025","NEWTON","CC CAMPBELLTOWN.",2,1,0,0,1,2022,"July","Monday","10:40 am",60,"Sealed","Dry","Not Raining","Daylight","Hit Fixed Object",1,,,1335888.41,1674576.03
"2022-31402-19/09/2025","ELIZABETH PARK","CITY OF PLAYFORD.",2,1,0,0,1,2022,"July","Monday","10:37 am",80,"Sealed","Dry","Not Raining","Daylight","Side Swipe",2,,,1335960.32,1693276.69
"2022-31411-19/09/2025","SEMAPHORE PARK","CITY OF CHARLES STURT",2,1,0,0,1,2022,"July","Monday","02:12 pm",60,"Sealed","Wet","Not Raining","Daylight","Hit Parked Vehicle",1,,"Y",1317720.33,1679189.87
"2022-31413-19/09/2025","NORWOOD","CC OF NORWOOD,PAYNEHAM & ST PETERS",2,1,0,1,0,2022,"July","Monday","02:45 pm",50,"Sealed","Dry","Not Raining","Daylight","Hit Pedestrian",2,,,1331864.56,1670732.76
"2022-31416-19/09/2025","BEDFORD PARK","CC MARION.",3,1,0,0,1,2022,"July","Monday","03:50 pm",80,"Sealed","Dry","Not Raining","Daylight","Rear End",2,,,1324699.66,1660070.65
"2022-31417-19/09/2025","ALDINGA","CITY OF ONKAPARINGA",2,1,0,0,1,2022,"July","Monday","03:50 pm",70,"Sealed","Dry","Not Raining","Daylight","Right Turn",1,,,1316332.5,1632412.52
"2022-31419-19/09/2025","HALLETT COVE","CC MARION.",2,1,0,1,0,2022,"July","Monday","04:30 pm",50,"Sealed","Wet","Raining","Daylight","Hit Pedestrian",1,,,1318991.09,1653250.98