"REPORT_ID","Suburb","LGA Name","Total Units","Total Cas","Total Fats","Total SI","Total MI","Year","Month","Day","Time","Area Speed","Road Surface","Moisture Cond","Weather Cond","DayNight","Crash Type","Unit Resp","DUI Involved","Drugs Involved","ACCLOC_X","ACCLOC_Y"
"2022-31420-19/09/2025","BURTON","CITY OF SALISBURY",2,1,0,0,1,2022,"July","Monday","04:55 pm",60,"Sealed","Dry","Not Raining","Daylight","Rear End",2,,,1329561.93,1691289.83
"2022-31421-19/09/2025","PAYNEHAM","CC OF NORWOOD,PAYNEHAM & ST PETERS",3,1,0,0,1,2022,"July","Monday","05:10 pm",60,"Sealed","Dry","Not Raining","Daylight","Rear End",1,"Y",,1332732.36,1674058.58
"2022-31425-19/09/2025","GLEN OSMOND","CITY OF BURNSIDE",2,1,0,0,1,2022,"July","Friday","01:36 pm",60,"Sealed","Dry","Not Raining","Daylight","Right Angle",1,,,1332042.28,1666892.65
"2022-31430-19/09/2025","PORT VINCENT","YORKE PENINSULA COUNCIL",2,1,0,0,1,2022,"July","Monday","11:10 pm",80,"Unsealed","Dry","Not Raining","Night","Hit Fixed Object",1,"Y",,1258630.32,1692179.72
"2022-31432-19/09/2025","RIDGEHAVEN","CITY OF TEA TREE GULLY",2,1,0,1,0,2022,"July","Tuesday","07:55 am",60,"Sealed","Dry","Not Raining","Daylight","Hit Pedestrian",1,"Y",,1337417.68,1681230.66
"2022-31438-19/09/2025","LONSDALE","CITY OF ONKAPARINGA",1,1,0,0,1,2022,"July","Tuesday","10:07 am",50,"Sealed","Dry","Not Raining","Daylight","Roll Over",1,,,1318824.19,1650999.89
"2022-31439-19/09/2025","ADELAIDE","CITY OF ADELAIDE",2,1,0,0,1,2022,"July","Monday","06:00 pm",60,"Sealed","Wet","Raining","Night","Side Swipe",1,,,1330032.53,1670395.58
"2022-31444-19/09/2025","LENSWOOD","THE ADELAIDE HILLS COUNCIL",2,1,0,0,1,2022,"July","Tuesday","12:32 pm",80,"Sealed","Dry","Not Raining","Daylight","Right Angle",2,,,1349036.14,1669460.83
"2022-31446-19/09/2025","UNLEY","CITY OF UNLEY",2,1,0,0,1,2022,"July","Thursday","02:30 pm",60,"Sealed","Dry","Not Raining","Daylight","Rear End",2,,,1328489.37,1668964.8
"2022-31448-19/09/2025","HILLIER","CT GAWLER.",2,1,0,0,1,2022,"March","Wednesday","05:00 pm",80,"Sealed","Dry","Not Raining","Daylight","Rear End",2,,,1336900.28,1702626.19
"2022-31449-19/09/2025","TOTNESS","DC MT.BARKER.",2,1,0,0,1,2022,"July","Tuesday","02:40 pm",80,"Sealed","Dry","Not Raining","Daylight","Rear End",2,,,1350979.54,1655304.8
"2022-31452-19/09/2025","PARADISE","CC CAMPBELLTOWN.",2,1,0,0,1,2022,"July","Tuesday","03:50 pm",60,"Sealed","Dry","Not Raining","Daylight","Rear End",1,,,1334996.21,1676200.98
"2022-31458-19/09/2025","GOODWOOD","CITY OF UNLEY",2,1,0,1,0,2022,"July","Tuesday","05:35 pm",50,"Sealed","Dry","Not Raining","Night","Rear End",1,"Y",,1327465.92,1667626.2
"2022-31463-19/09/2025","MODBURY HEIGHTS","CITY OF TEA TREE GULLY",3,1,0,0,1,2022,"July","Tuesday","06:00 pm",80,"Sealed","Dry","Not Raining","Night","Rear End",1,,,1335820.62,1682826.71
"2022-31465-19/09/2025","PORT ADELAIDE","CITY OF PORT ADELAIDE ENFIELD",1,4,0,2,2,2022,"July","Tuesday","08:18 pm",60,"Sealed","Dry","Not Raining","Night","Roll Over",1,,,1322067.71,1682957.35
"2022-31475-19/09/2025","HALLETT COVE","CC MARION.",5,2,0,0,2,2022,"July","Wednesday","10:58 am",60,"Sealed","Dry","Not Raining","Daylight","Hit Parked Vehicle",1,,,1319191.73,1654090.43
"2022-31481-19/09/2025","SALISBURY DOWNS","CITY OF SALISBURY",2,1,0,0,1,2022,"July","Wednesday","03:12 pm",60,"Sealed","Dry","Not Raining","Daylight","Rear End",1,,,1330537.47,1687541.91
"2022-31485-19/09/2025","SALISBURY EAST","CITY OF SALISBURY",2,1,0,0,1,2022,"July","Tuesday","04:00 pm",60,"Sealed","Dry","Not Raining","Daylight","Rear End",2,,,1334189.82,1684652.72
"2022-31495-19/09/2025","NORTON SUMMIT","THE ADELAIDE HILLS COUNCIL",2,1,0,1,0,2022,"July","Wednesday","06:40 pm",60,"Sealed","Dry","Not Raining","Night","Hit Fixed Object",1,,,1340099.95,1670825.86
"2022-31496-19/09/2025","JAMESTOWN","NORTHERN AREAS DISTRICT COUNCIL",2,1,0,0,1,2022,"July","Wednesday","02:55 pm",80,"Sealed","Dry","Not Raining","Daylight","Hit Fixed Object",1,,,1334695.57,1860510.44
"2022-31500-19/09/2025","GREENACRES","CITY OF PORT ADELAIDE ENFIELD",2,1,0,0,1,2022,"July","Thursday","07:05 am",60,"Sealed","Dry","Not Raining","Night","Right Angle",2,,,1330949.57,1676582.67
"2022-31501-19/09/2025","MITCHELL PARK","CC MARION.",2,1,0,0,1,2022,"July","Thursday","08:55 am",60,"Sealed","Dry","Not Raining","Daylight","Right Angle",2,,,1324370.35,1662059.32
"2022-31504-19/09/2025","PARAFIELD GARDENS","CITY OF SALISBURY",2,1,0,0,1,2022,"July","Thursday","08:55 am",60,"Sealed","Dry","Not Raining","Daylight","Right Angle",2,,,1330035.6,1686383.21
"2022-31509-19/09/2025","THEBARTON","CITY OF WEST TORRENS",2,1,0,0,1,2022,"June","Saturday","05:20 pm",60,"Sealed","Wet","Raining","Night","Rear End",2,,,1326533.08,1671892.4
"2022-31511-19/09/2025","ROSEWATER","CITY OF PORT ADELAIDE ENFIELD",2,1,0,0,1,2022,"July","Wednesday","07:00 pm",60,"Sealed","Wet","Raining","Night","Rear End",2,,,1322285.28,1679115.61
"2022-31514-19/09/2025","TROTT PARK","CC MARION.",2,1,0,0,1,2022,"July","Thursday","03:27 pm",80,"Sealed","Wet","Raining","Daylight","Rear End",1,,,1322110.13,1656550.09
"2022-31518-19/09/2025","BROADVIEW","CITY OF PORT ADELAIDE ENFIELD",2,1,0,0,1,2022,"July","Thursday","05:10 pm",60,"Sealed","Dry","Not Raining","Daylight","Right Angle",2,,,1330431.7,1676788.34
"2022-31520-19/09/2025","POOCHERA","DC STREAKY BAY.",2,2,0,0,2,2022,"July","Thursday","02:00 pm",80,"Sealed","Dry","Not Raining","Daylight","Hit Fixed Object",1,,,984447.71,1920240.41
"2022-31521-19/09/2025","SALISBURY","CITY OF SALISBURY",2,1,0,0,1,2022,"July","Thursday","06:03 pm",60,"Sealed","Dry","Not Raining","Night","Right Angle",2,,,1333126.64,1688469.42
"2022-31523-19/09/2025","KLEMZIG","CITY OF PORT ADELAIDE ENFIELD",2,1,0,0,1,2022,"July","Thursday","03:00 pm",60,"Sealed","Dry","Not Raining","Daylight","Rear End",2,,,1331891.4,1675697.89
"2022-31524-19/09/2025","WOODVILLE WEST","CITY OF CHARLES STURT",3,1,0,0,1,2022,"July","Thursday","11:45 am",40,"Sealed","Dry","Not Raining","Daylight","Hit Parked Vehicle",2,,,1321872.34,1674831.19
"2022-31531-19/09/2025","NAIRNE","DC MT.BARKER.",2,2,0,0,2,2022,"July","Friday","07:55 am",40,"Sealed","Dry","Not Raining","Daylight","Rear End",1,,,1356398.97,1657631.9
"2022-31532-19/09/2025","BLAIR ATHOL","CITY OF PORT ADELAIDE ENFIELD",2,1,0,0,1,2022,"July","Friday","07:15 am",50,"Sealed","Dry","Not Raining","Daylight","Hit Fixed Object",1,,,1328772.68,1679043.82
"2022-31536-19/09/2025","PARA HILLS","CITY OF SALISBURY",2,1,0,0,1,2022,"July","Friday","08:55 am",50,"Sealed","Dry","Not Raining","Daylight","Hit Pedestrian",1,,,1333591.08,1682437.28
"2022-31537-19/09/2025","BAROOTA","DC MT.REMARKABLE.",1,1,0,1,0,2022,"July","Thursday","04:24 pm",110,"Sealed","Dry","Not Raining","Daylight","Left Road - Out of Control",9,,,1278376.14,1898009.54
"2022-31539-19/09/2025","INGLEWOOD","THE ADELAIDE HILLS COUNCIL",2,1,0,0,1,2022,"July","Thursday","03:30 pm",50,"Unsealed","Dry","Not Raining","Daylight","Hit Fixed Object",1,,,1345488.27,1682241.68
"2022-31545-19/09/2025","ST PETERS","CC OF NORWOOD,PAYNEHAM & ST PETERS",2,1,0,0,1,2022,"July","Friday","11:13 am",60,"Sealed","Dry","Not Raining","Daylight","Hit Fixed Object",1,,,1330630.29,1673050.68
"2022-31546-19/09/2025","KULPARA","BARUNGA WEST DISTRICT COUNCIL",2,1,0,1,0,2022,"July","Friday","06:30 am",100,"Sealed","Dry","Not Raining","Night","Roll Over",1,,"Y",1275299.21,1769145.76
"2022-31556-19/09/2025","KIDMAN PARK","CITY OF CHARLES STURT",2,1,0,0,1,2022,"July","Friday","03:25 pm",60,"Sealed","Dry","Not Raining","Daylight","Side Swipe",2,,"Y",1322419.52,1673125.07
"2022-31560-19/09/2025","HINDMARSH","CITY OF CHARLES STURT",4,2,0,0,2,2022,"July","Friday","03:30 pm",60,"Sealed","Dry","Not Raining","Daylight","Rear End",1,,,1326067.02,1672952.3
"2022-31567-19/09/2025","MORPHETT VALE","CITY OF ONKAPARINGA",2,1,0,0,1,2022,"July","Friday","05:08 pm",50,"Sealed","Dry","Not Raining","Daylight","Right Angle",1,,,1320743.61,1650895.43
"2022-31575-19/09/2025","FREELING","LIGHT REGIONAL COUNCIL",2,1,0,0,1,2022,"July","Saturday","12:15 am",100,"Unsealed","Dry","Not Raining","Night","Hit Fixed Object",1,"Y","Y",1353738.3,1721571.82
"2022-31583-19/09/2025","TENNYSON","CITY OF CHARLES STURT",1,1,0,0,1,2022,"July","Saturday","09:30 am",60,"Sealed","Dry","Not Raining","Daylight","Roll Over",1,,,1318326.77,1675241.97
"2022-31584-19/09/2025","UPPER STURT","THE ADELAIDE HILLS COUNCIL",2,1,0,0,1,2022,"July","Saturday","11:28 am",60,"Sealed","Dry","Not Raining","Daylight","Hit Fixed Object",1,,,1335049.31,1659497.77
"2022-31588-19/09/2025","CRYSTAL BROOK","PT.PIRIE CITY & DIST. COUNCIL",2,1,0,0,1,2022,"July","Saturday","01:13 pm",110,"Sealed","Dry","Not Raining","Daylight","Right Angle",1,,,1295786.28,1848899.92
"2022-31589-19/09/2025","FINNISS","ALEXANDRINA COUNCIL",2,1,0,0,1,2022,"July","Saturday","02:10 pm",100,"Sealed","Dry","Not Raining","Daylight","Hit Fixed Object",1,,,1342618.18,1618589.5
"2022-31592-19/09/2025","WALKERVILLE","WALKERVILLE TOWN COUNCIL",2,1,0,0,1,2022,"July","Saturday","04:55 pm",60,"Sealed","Dry","Not Raining","Daylight","Rear End",1,,,1330230.65,1675002.09
"2022-31598-19/09/2025","FLINDERS PARK","CITY OF CHARLES STURT",5,1,0,1,0,2022,"July","Saturday","07:18 pm",50,"Sealed","Dry","Not Raining","Night","Hit Parked Vehicle",1,"Y",,1323361.09,1672537.1
"2022-31601-19/09/2025","STRATHALBYN","ALEXANDRINA COUNCIL",2,1,0,1,0,2022,"July","Saturday","06:10 pm",80,"Sealed","Dry","Not Raining","Night","Hit Fixed Object",1,"Y",,1355071.52,1628670.59
"2022-31602-19/09/2025","PARADISE","CC CAMPBELLTOWN.",2,1,0,0,1,2022,"July","Saturday","09:44 pm",60,"Sealed","Wet","Not Raining","Night","Hit Fixed Object",1,,,1335195.3,1676403.76
"2022-31605-19/09/2025","ADELAIDE","CITY OF ADELAIDE",2,1,0,1,0,2022,"July","Sunday","02:35 am",30,"Sealed","Dry","Not Raining","Night","Hit Pedestrian",2,"Y",,1328195.19,1670972.16
"2022-31611-19/09/2025","MILLSWOOD","CITY OF UNLEY",3,2,0,1,1,2022,"July","Sunday","09:20 am",40,"Sealed","Dry","Not Raining","Daylight","Hit Pedestrian",2,,,1327885.42,1667506.02
"2022-31619-19/09/2025","WAYVILLE","CITY OF UNLEY",2,2,0,0,2,2022,"July","Sunday","12:55 pm",60,"Sealed","Dry","Not Raining","Daylight","Rear End",2,,,1327193.34,1668906.76
"2022-31620-19/09/2025","NETHERBY","CC MITCHAM.",2,1,0,0,1,2022,"July","Sunday","01:50 pm",60,"Sealed","Wet","Raining","Daylight","Right Turn",1,,,1330789.61,1665466.7
"2022-31622-19/09/2025","DINGABLEDINGA","ALEXANDRINA COUNCIL",2,2,0,1,1,2022,"July","Sunday","01:32 pm",100,"Sealed","Wet","Raining","Daylight","Hit Fixed Object",1,,,1331373.99,1632890.77
"2022-31623-19/09/2025","ERINDALE","CITY OF BURNSIDE",2,1,0,0,1,2022,"July","Saturday","08:30 pm",40,"Sealed","Dry","Not Raining","Night","Right Angle",1,,,1334652.37,1669923.42
"2022-31625-19/09/2025","TWO WELLS","DC MALLALA.",2,2,0,0,2,2022,"July","Sunday","01:58 pm",80,"Sealed","Wet","Not Raining","Daylight","Right Angle",2,"Y",,1323569.14,1705342.84
"2022-31626-19/09/2025","PARAFIELD GARDENS","CITY OF SALISBURY",2,1,0,0,1,2022,"July","Sunday","05:00 pm",50,"Sealed","Wet","Not Raining","Daylight","Hit Pedestrian",1,,,1329099.28,1687124.13
"2022-31632-19/09/2025","BIBARINGA","CITY OF PLAYFORD.",3,1,0,0,1,2022,"July","Sunday","07:15 pm",80,"Sealed","Wet","Not Raining","Night","Hit Animal",2,,,1345011.78,1701647.41
"2022-31635-19/09/2025","GULFVIEW HEIGHTS","CITY OF SALISBURY",2,3,0,0,3,2022,"July","Sunday","09:00 pm",60,"Sealed","Wet","Not Raining","Night","Right Turn",1,,,1334426.81,1684341.95
"2022-31638-19/09/2025","MUNNO PARA","CITY OF PLAYFORD.",2,1,0,0,1,2022,"August","Monday","06:50 am",90,"Sealed","Dry","Not Raining","Night","Hit Pedestrian",1,,,1338315.31,1697897.51
"2022-31639-19/09/2025","CUDLEE CREEK","THE ADELAIDE HILLS COUNCIL",2,1,0,0,1,2022,"July","Sunday","05:40 pm",80,"Sealed","Wet","Raining","Night","Hit Fixed Object",1,,,1349054.58,1679880.55
"2022-31645-19/09/2025","RIDLEYTON","CITY OF CHARLES STURT",2,1,0,0,1,2022,"August","Monday","09:00 am",60,"Sealed","Dry","Not Raining","Daylight","Rear End",2,,,1325915.28,1674895.89
"2022-31648-19/09/2025","SALISBURY","CITY OF SALISBURY",2,1,0,0,1,2022,"July","Monday","10:40 am",60,"Sealed","Dry","Not Raining","Daylight","Rear End",2,,,1333601.36,1689549.53
"2022-31652-19/09/2025","FULLARTON","CITY OF UNLEY",3,1,0,0,1,2022,"August","Monday","01:08 pm",60,"Sealed","Dry","Not Raining","Daylight","Hit Fixed Object",1,,,1330823.96,1668228.27
"2022-31660-19/09/2025","REGENCY PARK","CITY OF PORT ADELAIDE ENFIELD",2,1,0,0,1,2022,"August","Monday","03:41 pm",60,"Sealed","Dry","Not Raining","Daylight","Rear End",1,,,1325565.95,1678801.27
"2022-31662-19/09/2025","GEPPS CROSS","CITY OF PORT ADELAIDE ENFIELD",2,1,0,0,1,2022,"August","Monday","04:50 pm",60,"Sealed","Dry","Not Raining","Daylight","Rear End",2,,,1330838.22,1680035.32
"2022-31664-19/09/2025","POORAKA","CITY OF SALISBURY",2,1,0,0,1,2022,"August","Monday","09:20 am",70,"Sealed","Dry","Not Raining","Daylight","Rear End",2,,,1330636.94,1682003.61
"2022-31667-19/09/2025","ADELAIDE","CITY OF ADELAIDE",2,1,0,1,0,2022,"August","Monday","06:52 pm",50,"Sealed","Dry","Not Raining","Night","Side Swipe",1,,,1329575.18,1670547.41
"2022-31671-19/09/2025","ASCOT PARK","CC MARION.",3,2,0,2,0,2022,"August","Monday","08:20 pm",60,"Sealed","Dry","Not Raining","Night","Hit Fixed Object",1,,,1324705.95,1663290.75
"2022-31672-19/09/2025","PAYNEHAM","CC OF NORWOOD,PAYNEHAM & ST PETERS",2,1,0,0,1,2022,"August","Monday","09:17 pm",60,"Sealed","Wet","Not Raining","Night","Right Angle",2,,,1332187.75,1673708.84
"2022-31673-19/09/2025","LOWER LIGHT","DC MALLALA.",2,1,0,0,1,2022,"August","Tuesday","01:15 am",110,"Sealed","Dry","Not Raining","Night","Hit Fixed Object",1,,"Y",1316562.91,1713055.09
"2022-31674-19/09/2025","DAVOREN PARK","CITY OF PLAYFORD.",2,1,0,0,1,2022,"August","Tuesday","02:00 am",50,"Sealed","Dry","Not Raining","Night","Hit Fixed Object",1,,,1336309.78,1697404.71
"2022-31675-19/09/2025","COONDAMBO",,1,1,0,1,0,2022,"August","Monday","11:15 pm",110,"Sealed","Dry","Not Raining","Night","Roll Over",1,,,1066665.2,2119802.07
"2022-31680-19/09/2025","SEMAPHORE","CITY OF PORT ADELAIDE ENFIELD",2,1,0,0,1,2022,"August","Tuesday","08:35 am",60,"Sealed","Dry","Not Raining","Daylight","Hit Pedestrian",2,,,1318165.16,1680470.61
"2022-31684-19/09/2025","DAVOREN PARK","CITY OF PLAYFORD.",2,1,0,0,1,2022,"July","Wednesday","11:00 am",50,"Sealed","Dry","Not Raining","Daylight","Hit Parked Vehicle",2,,,1336020.68,1697108.26
"2022-31687-19/09/2025","MURRAY BRIDGE","RC MURRAY BRIDGE.",3,1,0,0,1,2022,"August","Tuesday","10:07 am",50,"Sealed","Dry","Not Raining","Daylight","Right Angle",1,,,1389097.6,1646913.83
"2022-31691-19/09/2025","ETADUNNA",,1,2,0,2,0,2022,"August","Monday","11:30 am",100,"Unsealed","Dry","Not Raining","Daylight","Roll Over",1,,,1362818.23,2369655.81
"2022-31698-19/09/2025","WATERVALE","CLARE AND GILBERT VALLEYS DISTRICT COUNCIL",2,1,0,1,0,2022,"August","Tuesday","11:45 am",100,"Sealed","Dry","Not Raining","Daylight","Hit Fixed Object",1,,"Y",1338794.76,1775875.49
"2022-31701-19/09/2025","CHRISTIE DOWNS","CITY OF ONKAPARINGA",1,1,0,0,1,2022,"August","Monday","09:40 pm",50,"Sealed","Wet","Raining","Night","Roll Over",1,"Y",,1317956.67,1647722.91
"2022-31710-19/09/2025","SALISBURY EAST","CITY OF SALISBURY",2,2,0,0,2,2022,"August","Tuesday","06:20 pm",60,"Sealed","Wet","Raining","Night","Right Turn",2,,,1334189.82,1684652.72
"2022-31715-19/09/2025","ADELAIDE","CITY OF ADELAIDE",2,1,0,1,0,2022,"August","Tuesday","07:53 pm",50,"Sealed","Wet","Raining","Night","Hit Pedestrian",2,,,1328460.3,1670828.21
"2022-31722-19/09/2025","ADELAIDE","CITY OF ADELAIDE",2,1,0,1,0,2022,"August","Tuesday","03:10 pm",50,"Sealed","Wet","Not Raining","Daylight","Hit Pedestrian",1,,,1328525.19,1671136.61
"2022-31726-19/09/2025","SOMERTON PARK","CITY OF HOLDFAST BAY",2,1,0,0,1,2022,"August","Wednesday","08:30 am",60,"Sealed","Dry","Not Raining","Daylight","Rear End",2,,,1321075.77,1662827.96
"2022-31729-19/09/2025","WATERLOO CORNER","CITY OF PLAYFORD.",2,1,0,0,1,2022,"August","Wednesday","09:43 am",100,"Sealed","Dry","Not Raining","Daylight","Right Angle",2,,"Y",1329037.55,1693187.23
"2022-31730-19/09/2025","MOUNT OSMOND","CITY OF BURNSIDE",2,1,0,0,1,2022,"August","Wednesday","10:05 am",50,"Sealed","Dry","Not Raining","Daylight","Head On",2,,,1334279.61,1666580.78
"2022-31731-19/09/2025","BLAIR ATHOL","CITY OF PORT ADELAIDE ENFIELD",2,1,0,0,1,2022,"August","Tuesday","02:50 pm",50,"Sealed","Wet","Not Raining","Daylight","Right Angle",1,,,1328186.37,1676980.69
"2022-31732-19/09/2025","VALLEY VIEW","CITY OF SALISBURY",2,1,0,0,1,2022,"August","Tuesday","03:20 pm",60,"Sealed","Wet","Not Raining","Daylight","Rear End",2,,,1334522.88,1680533.71
"2022-31733-19/09/2025","ROSTREVOR","CC CAMPBELLTOWN.",2,2,0,0,2,2022,"August","Wednesday","10:40 am",60,"Sealed","Dry","Not Raining","Daylight","Hit Parked Vehicle",1,,,1335429.07,1673826.43
"2022-31737-19/09/2025","LIGHTSVIEW","CITY OF PORT ADELAIDE ENFIELD",2,1,0,0,1,2022,"August","Tuesday","08:45 pm",50,"Sealed","Wet","Raining","Night","Right Angle",2,,,1330599.2,1677560.49
"2022-31741-19/09/2025","MOUNT COMPASS","ALEXANDRINA COUNCIL",2,1,0,1,0,2022,"August","Wednesday","10:28 am",100,"Sealed","Dry","Not Raining","Daylight","Hit Fixed Object",1,,"Y",1328473.45,1621769.75
"2022-31743-19/09/2025","BELALIE EAST","NORTHERN AREAS DISTRICT COUNCIL",2,1,0,0,1,2022,"August","Wednesday","02:00 pm",110,"Sealed","Dry","Not Raining","Daylight","Hit Fixed Object",1,,,1341701.29,1857909.62
"2022-31745-19/09/2025","REGENCY PARK","CITY OF PORT ADELAIDE ENFIELD",3,2,0,0,2,2022,"August","Wednesday","02:08 pm",90,"Sealed","Dry","Not Raining","Daylight","Rear End",1,,,1326036.38,1677304.3
"2022-31747-19/09/2025","WISTOW","DC MT.BARKER.",2,1,0,0,1,2022,"August","Wednesday","03:15 pm",100,"Unsealed","Dry","Not Raining","Daylight","Hit Fixed Object",1,,,1356983.47,1648154.13
"2022-31748-19/09/2025","UNDERDALE","CITY OF WEST TORRENS",2,2,0,0,2,2022,"August","Wednesday","03:28 pm",60,"Sealed","Dry","Not Raining","Daylight","Right Angle",1,,,1323833.97,1671456.57
"2022-31754-19/09/2025","MUNNO PARA","CITY OF PLAYFORD.",3,1,0,0,1,2022,"August","Wednesday","05:51 pm",60,"Sealed","Dry","Not Raining","Night","Rear End",1,,,1336258.97,1698773.49
"2022-31757-19/09/2025","GEPPS CROSS","CITY OF PORT ADELAIDE ENFIELD",3,2,0,0,2,2022,"August","Wednesday","06:15 pm",60,"Sealed","Wet","Not Raining","Night","Right Turn",2,,,1328796.23,1679265.08
"2022-31763-19/09/2025","GEPPS CROSS","CITY OF PORT ADELAIDE ENFIELD",2,1,0,1,0,2022,"March","Thursday","08:56 pm",60,"Sealed","Dry","Not Raining","Night","Rear End",2,,,1328467.62,1679266.03
"2022-31765-19/09/2025","TAILEM BEND","COORONG DISTRICT COUNCIL",2,1,0,1,0,2022,"August","Wednesday","06:25 pm",110,"Sealed","Dry","Not Raining","Night","Right Angle",2,,,1407584.13,1627653.36
"2022-31772-19/09/2025","THORNGATE","CITY OF PROSPECT",2,1,0,0,1,2022,"August","Thursday","08:40 am",50,"Sealed","Dry","Not Raining","Daylight","Right Turn",2,,,1328114.71,1673932.99
"2022-31780-19/09/2025","CROYDON","CITY OF CHARLES STURT",2,1,0,0,1,2022,"August","Wednesday","09:45 pm",80,"Sealed","Dry","Not Raining","Night","Hit Parked Vehicle",2,,,1325737.81,1674381.24
"2022-31792-19/09/2025","GAWLER","CT GAWLER.",2,1,1,0,0,2022,"August","Thursday","12:40 pm",50,"Sealed","Dry","Not Raining","Daylight","Hit Pedestrian",1,,,1343360.55,1706597.97
"2022-31793-19/09/2025","ADELAIDE","CITY OF ADELAIDE",3,1,0,0,1,2022,"August","Thursday","04:55 pm",50,"Sealed","Dry","Not Raining","Daylight","Right Turn",1,,,1329056.26,1669586.88
"2022-31794-19/09/2025","RIDLEYTON","CITY OF CHARLES STURT",2,1,0,0,1,2022,"August","Thursday","05:08 pm",60,"Sealed","Dry","Not Raining","Daylight","Right Turn",1,,,1326194.67,1674673.73
"2022-31798-19/09/2025","O'HALLORAN HILL","CITY OF ONKAPARINGA",2,2,0,0,2,2022,"August","Thursday","06:31 pm",50,"Sealed","Wet","Raining","Night","Hit Fixed Object",1,,,1323773.52,1654425.55
"2022-31808-19/09/2025","POORAKA","CITY OF SALISBURY",3,3,1,1,1,2022,"August","Thursday","09:58 pm",70,"Sealed","Wet","Raining","Night","Right Angle",1,,,1330901.74,1681830.98
"2022-31810-19/09/2025","PROSPECT","CITY OF PROSPECT",2,1,0,0,1,2022,"August","Thursday","11:30 am",60,"Sealed","Wet","Raining","Daylight","Right Turn",1,,,1327241.53,1676403.39
"2022-31811-19/09/2025","ADELAIDE","CITY OF ADELAIDE",2,1,0,1,0,2022,"August","Friday","01:22 am",60,"Sealed","Dry","Not Raining","Night","Hit Pedestrian",2,"Y",,1327914.39,1670964.22
"2022-31813-19/09/2025","MORPHETT VALE","CITY OF ONKAPARINGA",1,1,0,1,0,2022,"August","Friday","04:00 am",60,"Sealed","Wet","Raining","Night","Roll Over",1,"Y","Y",1320486.86,1649848.5
"2022-31819-19/09/2025","STURT","CC MARION.",2,1,0,0,1,2022,"August","Friday","09:32 am",60,"Sealed","Wet","Raining","Daylight","Right Turn",2,,,1324404.88,1660668.91
"2022-31830-19/09/2025","PARAFIELD GARDENS","CITY OF SALISBURY",3,2,0,0,2,2022,"August","Friday","02:30 pm",60,"Sealed","Wet","Not Raining","Daylight","Rear End",1,,,1331406.13,1686782.02
"2022-31837-19/09/2025","UNDERDALE","CITY OF WEST TORRENS",2,1,0,0,1,2022,"August","Friday","11:10 am",60,"Sealed","Wet","Not Raining","Daylight","Rear End",2,,,1323899.99,1670932.91
"2022-31838-19/09/2025","INGLE FARM","CITY OF SALISBURY",2,2,0,1,1,2022,"August","Friday","03:55 pm",60,"Sealed","Wet","Not Raining","Daylight","Right Turn",1,,,1333268.54,1681353.79
"2022-31842-19/09/2025","GLENELG","CITY OF HOLDFAST BAY",2,1,0,1,0,2022,"August","Friday","02:41 pm",50,"Sealed","Wet","Raining","Daylight","Hit Pedestrian",1,,"Y",1320363.28,1664910.98
"2022-31847-19/09/2025","LARGS BAY","CITY OF PORT ADELAIDE ENFIELD",2,2,0,2,0,2022,"August","Friday","04:43 pm",50,"Sealed","Dry","Not Raining","Daylight","Hit Fixed Object",1,,,1319113.64,1682017.62
"2022-31848-19/09/2025","FULLARTON","CITY OF UNLEY",2,1,0,0,1,2022,"August","Friday","06:15 pm",60,"Sealed","Wet","Raining","Night","Rear End",2,,,1330814.46,1668235.46
"2022-31849-19/09/2025","WALKLEY HEIGHTS","CITY OF SALISBURY",2,1,0,0,1,2022,"August","Friday","06:18 pm",70,"Sealed","Wet","Not Raining","Night","Right Turn",1,,,1332971.13,1680497.42
"2022-31857-19/09/2025","CAMPBELLTOWN","CC CAMPBELLTOWN.",3,1,0,0,1,2022,"August","Friday","06:59 pm",50,"Sealed","Wet","Raining","Night","Right Angle",2,,,1334969.09,1674908.41
"2022-31859-19/09/2025","ADELAIDE","CITY OF ADELAIDE",2,1,0,0,1,2022,"August","Friday","08:40 pm",50,"Sealed","Wet","Raining","Night","Hit Parked Vehicle",1,,,1328235.21,1670822.68
"2022-31861-19/09/2025","ADELAIDE","CITY OF ADELAIDE",2,1,0,0,1,2022,"August","Friday","08:40 pm",50,"Sealed","Wet","Raining","Night","Right Angle",1,"Y",,1329024.85,1670686.76
"2022-31863-19/09/2025","MODBURY NORTH","CITY OF TEA TREE GULLY",2,1,0,0,1,2022,"August","Friday","09:35 pm",80,"Sealed","Dry","Not Raining","Night","Right Turn",1,,,1336165.68,1681195.41
"2022-31866-19/09/2025","KANGARILLA","CITY OF ONKAPARINGA",3,1,0,0,1,2022,"August","Friday","08:50 pm",80,"Sealed","Wet","Raining","Night","Hit Fixed Object",1,,,1332483,1647984.82
"2022-31870-19/09/2025","ADELAIDE","CITY OF ADELAIDE",2,1,0,0,1,2022,"August","Saturday","10:03 am",60,"Sealed","Dry","Not Raining","Daylight","Right Angle",1,,,1327359.49,1670486.3
"2022-31871-19/09/2025","RICHMOND","CITY OF WEST TORRENS",2,1,0,0,1,2022,"August","Saturday","10:03 am",60,"Sealed","Wet","Not Raining","Daylight","Rear End",1,,,1325803.37,1669011.37
"2022-31875-19/09/2025","MODBURY NORTH","CITY OF TEA TREE GULLY",3,2,0,0,2,2022,"August","Saturday","12:37 pm",80,"Sealed","Dry","Not Raining","Daylight","Rear End",2,,,1335968.01,1682279.1