"REPORT_ID","Suburb","LGA Name","Total Units","Total Cas","Total Fats","Total SI","Total MI","Year","Month","Day","Time","Area Speed","Road Surface","Moisture Cond","Weather Cond","DayNight","Crash Type","Unit Resp","DUI Involved","Drugs Involved","ACCLOC_X","ACCLOC_Y"
"2022-31876-19/09/2025","KENT TOWN","CC OF NORWOOD,PAYNEHAM & ST PETERS",2,1,0,0,1,2022,"April","Friday","12:40 pm",60,"Sealed","Dry","Not Raining","Daylight","Rear End",2,,,1330555.43,1670400.29
"2022-31885-19/09/2025","LOWER HERMITAGE","THE ADELAIDE HILLS COUNCIL",2,2,0,1,1,2022,"August","Friday","07:05 pm",60,"Sealed","Wet","Not Raining","Night","Hit Fixed Object",1,"Y",,1342894.35,1682248.11
"2022-31886-19/09/2025","LARGS BAY","CITY OF PORT ADELAIDE ENFIELD",2,1,0,0,1,2022,"August","Saturday","06:45 pm",50,"Sealed","Dry","Not Raining","Night","Hit Fixed Object",1,,,1319301.71,1682098.33
"2022-31888-19/09/2025","TORRENSVILLE","CITY OF WEST TORRENS",2,2,0,0,2,2022,"August","Saturday","09:10 pm",60,"Sealed","Wet","Not Raining","Night","Right Angle",1,,,1325754.03,1670993.72
"2022-31892-19/09/2025","NORTH ADELAIDE","CITY OF ADELAIDE",3,1,0,1,0,2022,"August","Sunday","03:30 am",50,"Sealed","Wet","Not Raining","Night","Other",2,,,1328428.41,1671809.75
"2022-31899-19/09/2025","NARACOORTE","DC NARACOORTE & LUCINDALE.",2,1,0,1,0,2022,"August","Sunday","03:50 am",80,"Unsealed","Dry","Not Raining","Night","Hit Fixed Object",1,,,1512096.79,1434124.33
"2022-31910-19/09/2025","BRIGHTON","CITY OF HOLDFAST BAY",2,1,0,0,1,2022,"August","Sunday","02:10 pm",50,"Sealed","Dry","Not Raining","Daylight","Hit Parked Vehicle",1,,,1320644.73,1660934.66
"2022-31917-19/09/2025","PADTHAWAY","DC TATIARA.",2,1,1,0,0,2022,"August","Sunday","08:57 pm",100,"Sealed","Unknown","Unknown","Night","Hit Fixed Object",1,"Y","Y",1492280.02,1475320.44
"2022-31920-19/09/2025","KUITPO","ALEXANDRINA COUNCIL",2,1,0,0,1,2022,"August","Monday","07:05 am",100,"Unsealed","Wet","Raining","Daylight","Hit Fixed Object",1,,,1334000.7,1638208.28
"2022-31930-19/09/2025","SOMERTON PARK","CITY OF HOLDFAST BAY",4,1,0,0,1,2022,"August","Monday","01:35 pm",50,"Sealed","Dry","Not Raining","Daylight","Right Angle",1,,,1321528.87,1662794.07
"2022-31937-19/09/2025","KURRALTA PARK","CITY OF WEST TORRENS",2,1,0,0,1,2022,"August","Monday","04:40 pm",50,"Sealed","Dry","Not Raining","Daylight","Right Angle",1,,,1325167.85,1668136.08
"2022-31939-19/09/2025","GLENELG EAST","CITY OF HOLDFAST BAY",2,1,0,0,1,2022,"August","Monday","05:55 pm",60,"Sealed","Dry","Not Raining","Night","Rear End",1,,,1321040.26,1664379.7
"2022-31944-19/09/2025","CLELAND","THE ADELAIDE HILLS COUNCIL",2,3,0,3,0,2022,"August","Tuesday","12:15 am",60,"Sealed","Dry","Not Raining","Night","Hit Fixed Object",1,"Y","Y",1338221.34,1664721.43
"2022-31950-19/09/2025","CALOOTE","MID MURRAY DISTRICT COUNCIL",1,1,0,0,1,2022,"August","Tuesday","07:30 am",100,"Sealed","Dry","Not Raining","Daylight","Roll Over",1,,,1385868.34,1667611.5
"2022-31953-19/09/2025","ELIZABETH VALE","CITY OF PLAYFORD.",2,1,0,0,1,2022,"August","Tuesday","12:45 pm",60,"Sealed","Dry","Not Raining","Daylight","Rear End",2,,,1334450.22,1689811.49
"2022-31954-19/09/2025","MODBURY","CITY OF TEA TREE GULLY",2,1,0,0,1,2022,"August","Tuesday","10:40 am",50,"Sealed","Dry","Not Raining","Daylight","Side Swipe",2,,,1336865.11,1680632.32
"2022-31955-19/09/2025","SIMPSON DESERT",,1,1,0,0,1,2022,"August","Monday","12:00 pm",40,"Unsealed","Dry","Not Raining","Daylight","Roll Over",1,,,1260559.75,2657441.07
"2022-31959-19/09/2025","STIRLING NORTH","CC PT.AUGUSTA.",2,1,0,1,0,2022,"August","Tuesday","10:37 am",110,"Sealed","Dry","Not Raining","Daylight","Hit Fixed Object",1,,,1267769.63,1939704.77
"2022-31963-19/09/2025","BURTON","CITY OF SALISBURY",2,1,0,0,1,2022,"August","Monday","06:40 pm",60,"Sealed","Dry","Not Raining","Night","Right Angle",2,,,1330151.76,1690822.54
"2022-31966-19/09/2025","CAMPBELLTOWN","CC CAMPBELLTOWN.",3,1,0,0,1,2022,"August","Tuesday","12:55 pm",60,"Sealed","Dry","Not Raining","Daylight","Rear End",2,,,1334201.44,1675244.18
"2022-31967-19/09/2025","THEBARTON","CITY OF WEST TORRENS",2,1,0,0,1,2022,"August","Tuesday","04:30 pm",60,"Sealed","Dry","Not Raining","Daylight","Right Angle",1,,,1326563.52,1671792.84
"2022-31971-19/09/2025","GILBERTON","WALKERVILLE TOWN COUNCIL",2,1,0,0,1,2022,"August","Tuesday","06:47 pm",60,"Sealed","Dry","Not Raining","Night","Right Turn",1,,,1329707.81,1672509.77
"2022-31978-19/09/2025","BORDERTOWN","DC TATIARA.",2,1,0,1,0,2022,"August","Wednesday","04:45 am",110,"Sealed","Dry","Not Raining","Night","Hit Fixed Object",1,,,1514809.8,1500325.42
"2022-31987-19/09/2025","CLAPHAM","CC MITCHAM.",4,1,0,0,1,2022,"August","Wednesday","09:50 am",60,"Sealed","Wet","Raining","Daylight","Side Swipe",1,,,1328821.32,1663520.11
"2022-31990-19/09/2025","STURT","CC MARION.",2,1,0,1,0,2022,"August","Wednesday","10:20 am",60,"Sealed","Wet","Raining","Daylight","Hit Fixed Object",1,,,1324420.13,1660669.19
"2022-31997-19/09/2025","SEAFORD MEADOWS","CITY OF ONKAPARINGA",2,2,0,2,0,2022,"August","Wednesday","04:36 pm",70,"Sealed","Dry","Not Raining","Daylight","Right Turn",2,,,1316352.56,1642778.71
"2022-31998-19/09/2025","NORWOOD","CC OF NORWOOD,PAYNEHAM & ST PETERS",2,1,0,0,1,2022,"August","Tuesday","03:30 pm",25,"Sealed","Dry","Not Raining","Daylight","Hit Pedestrian",1,,,1332059.07,1670896.3
"2022-32005-19/09/2025","ADELAIDE","CITY OF ADELAIDE",2,1,0,0,1,2022,"August","Wednesday","09:27 pm",50,"Sealed","Wet","Raining","Night","Hit Pedestrian",1,,,1328460.5,1670820.82
"2022-32011-19/09/2025","ST MORRIS","CC OF NORWOOD,PAYNEHAM & ST PETERS",2,1,0,0,1,2022,"August","Thursday","09:07 am",60,"Sealed","Dry","Not Raining","Daylight","Hit Fixed Object",1,,,1333620.65,1671798.5
"2022-32017-19/09/2025","PARA HILLS WEST","CITY OF SALISBURY",2,1,0,0,1,2022,"August","Wednesday","11:30 pm",60,"Sealed","Wet","Not Raining","Night","Rear End",1,,,1334102.15,1684528.04
"2022-32029-19/09/2025","WHYALLA STUART","CC WHYALLA.",2,1,0,1,0,2022,"August","Thursday","02:00 pm",50,"Sealed","Dry","Not Raining","Daylight","Hit Fixed Object",1,,,1235149.29,1883150.75
"2022-32030-19/09/2025","NANGKITA","ALEXANDRINA COUNCIL",2,1,0,0,1,2022,"August","Thursday","02:42 pm",100,"Sealed","Wet","Raining","Daylight","Roll Over",1,,,1332513.88,1624722.95
"2022-32031-19/09/2025","ALLENBY GARDENS","CITY OF CHARLES STURT",2,1,0,0,1,2022,"August","Thursday","03:15 pm",40,"Sealed","Dry","Not Raining","Daylight","Hit Pedestrian",2,,,1324409.47,1673718.75
"2022-32033-19/09/2025","WOODSIDE","THE ADELAIDE HILLS COUNCIL",2,1,0,1,0,2022,"August","Thursday","03:35 pm",80,"Sealed","Wet","Raining","Daylight","Head On",2,,,1353811.86,1665115.35
"2022-32036-19/09/2025","TAILEM BEND","COORONG DISTRICT COUNCIL",2,1,0,0,1,2022,"August","Thursday","03:59 pm",110,"Sealed","Wet","Raining","Daylight","Right Angle",2,,,1414234,1627440.77
"2022-32037-19/09/2025","PORT ADELAIDE","CITY OF PORT ADELAIDE ENFIELD",3,1,0,0,1,2022,"August","Thursday","05:13 pm",60,"Sealed","Dry","Not Raining","Daylight","Right Angle",2,,,1320506.96,1679130.38
"2022-32044-19/09/2025","SPRINGFIELD","CC MITCHAM.",2,1,0,0,1,2022,"August","Thursday","07:49 pm",60,"Sealed","Wet","Raining","Night","Rear End",2,,,1330796.48,1665199.06
"2022-32046-19/09/2025","EDWARDSTOWN","CC MARION.",2,1,0,0,1,2022,"August","Thursday","06:06 pm",50,"Sealed","Wet","Raining","Night","Hit Pedestrian",1,,,1325836.9,1664389.9
"2022-32049-19/09/2025","GLENELG SOUTH","CITY OF HOLDFAST BAY",2,1,0,0,1,2022,"August","Thursday","09:08 pm",60,"Sealed","Wet","Raining","Night","Hit Fixed Object",1,,,1321030.98,1664346.75
"2022-32053-19/09/2025","DUBLIN","DC MALLALA.",2,1,0,0,1,2022,"August","Thursday","09:20 pm",110,"Sealed","Wet","Raining","Night","Hit Fixed Object",1,,,1310587.08,1720157.24
"2022-32056-19/09/2025","SALISBURY EAST","CITY OF SALISBURY",2,1,0,0,1,2022,"August","Friday","06:01 am",80,"Sealed","Wet","Raining","Night","Rear End",2,,,1333980.46,1686298.22
"2022-32057-19/09/2025","ECHUNGA","DC MT.BARKER.",2,1,0,0,1,2022,"August","Friday","06:00 am",80,"Sealed","Wet","Raining","Night","Roll Over",1,,,1347379.44,1650750.01
"2022-32073-19/09/2025","MITCHELL PARK","CC MARION.",2,1,0,0,1,2022,"August","Friday","02:29 pm",60,"Sealed","Wet","Raining","Daylight","Rear End",2,,,1324352.89,1662300.08
"2022-32078-19/09/2025","SALISBURY EAST","CITY OF SALISBURY",3,2,0,0,2,2022,"August","Friday","02:41 pm",80,"Sealed","Wet","Raining","Daylight","Rear End",1,,,1334512.02,1686936.54
"2022-32080-19/09/2025","MOUNT JAGGED","ALEXANDRINA COUNCIL",2,3,0,2,1,2022,"August","Friday","02:45 pm",100,"Sealed","Wet","Raining","Daylight","Right Turn",1,,,1330523.09,1612041.39
"2022-32081-19/09/2025","GLENSIDE","CITY OF BURNSIDE",2,1,0,0,1,2022,"August","Friday","04:30 pm",60,"Sealed","Wet","Raining","Daylight","Rear End",1,,,1330691.65,1668956.88
"2022-32082-19/09/2025","CUMBERLAND PARK","CC MITCHAM.",3,1,0,0,1,2022,"August","Friday","04:11 pm",50,"Sealed","Dry","Not Raining","Daylight","Right Angle",1,,,1326714.57,1665113.65
"2022-32084-19/09/2025","MOUNT BARKER","DC MT.BARKER.",2,2,0,0,2,2022,"August","Friday","03:54 pm",60,"Sealed","Wet","Raining","Daylight","Rear End",2,"Y",,1352329.4,1652635.77
"2022-32087-19/09/2025","HILL RIVER","CLARE AND GILBERT VALLEYS DISTRICT COUNCIL",3,1,0,1,0,2022,"August","Friday","04:05 pm",110,"Sealed","Wet","Raining","Daylight","Hit Animal",2,,"Y",1343924.13,1793198.98
"2022-32089-19/09/2025","PORT WAKEFIELD","WAKEFIELD REGIONAL COUNCIL",1,1,0,0,1,2022,"August","Friday","04:14 pm",80,"Unsealed","Wet","Raining","Daylight","Roll Over",1,,,1292553.29,1754539.91
"2022-32094-19/09/2025","UPPER STURT","THE ADELAIDE HILLS COUNCIL",2,1,0,0,1,2022,"August","Friday","07:18 pm",60,"Sealed","Wet","Raining","Night","Hit Fixed Object",1,"Y",,1336373.16,1660406.07
"2022-32098-19/09/2025","WILLIAMSTOWN","THE BAROSSA COUNCIL.",2,3,0,0,3,2022,"August","Friday","11:00 pm",100,"Sealed","Wet","Raining","Night","Hit Fixed Object",1,"Y",,1359781.99,1697380.28
"2022-32100-19/09/2025","ANGLE VALE","CITY OF PLAYFORD.",1,1,0,0,1,2022,"August","Saturday","12:30 am",110,"Sealed","Wet","Raining","Night","Roll Over",1,,,1336263.65,1703474.46
"2022-32102-19/09/2025","CLARENCE GARDENS","CC MITCHAM.",2,1,0,0,1,2022,"August","Saturday","10:40 am",60,"Sealed","Wet","Not Raining","Daylight","Rear End",2,,,1325910.01,1665215.09
"2022-32105-19/09/2025","WARRADALE","CC MARION.",2,1,0,0,1,2022,"August","Friday","03:15 pm",60,"Sealed","Wet","Not Raining","Daylight","Rear End",2,,,1322655.42,1661624.06
"2022-32112-19/09/2025","CLARENDON","CITY OF ONKAPARINGA",3,1,0,0,1,2022,"August","Saturday","03:45 pm",50,"Sealed","Dry","Not Raining","Daylight","Hit Parked Vehicle",1,,,1330127.12,1650344.46
"2022-32115-19/09/2025","PORT NOARLUNGA","CITY OF ONKAPARINGA",2,1,0,0,1,2022,"July","Monday","07:00 pm",50,"Sealed","Dry","Not Raining","Night","Side Swipe",2,,,1316753.02,1646993.87
"2022-32118-19/09/2025","HOLDEN HILL","CITY OF TEA TREE GULLY",2,1,0,0,1,2022,"August","Saturday","08:10 pm",60,"Sealed","Dry","Not Raining","Night","Right Turn",1,,,1334713.27,1678543.84
"2022-32124-19/09/2025","ADELAIDE","CITY OF ADELAIDE",2,1,0,0,1,2022,"August","Sunday","08:40 am",50,"Sealed","Wet","Raining","Daylight","Right Angle",2,,,1329031.75,1670451.25
"2022-32126-19/09/2025","PARAFIELD GARDENS","CITY OF SALISBURY",2,1,0,0,1,2022,"August","Sunday","09:00 am",50,"Sealed","Wet","Not Raining","Daylight","Hit Fixed Object",1,,,1330235.74,1685140.72
"2022-32134-19/09/2025","LARGS NORTH","CITY OF PORT ADELAIDE ENFIELD",2,1,0,0,1,2022,"August","Sunday","01:25 pm",60,"Sealed","Dry","Not Raining","Daylight","Side Swipe",2,,,1319148.28,1682773.18
"2022-32138-19/09/2025","STRATHALBYN","ALEXANDRINA COUNCIL",2,1,0,0,1,2022,"August","Saturday","06:30 pm",80,"Sealed","Dry","Not Raining","Night","Hit Fixed Object",1,,,1354401.26,1630045.75
"2022-32143-19/09/2025","HILL RIVER","CLARE AND GILBERT VALLEYS DISTRICT COUNCIL",2,1,0,0,1,2022,"August","Sunday","04:00 pm",100,"Sealed","Wet","Not Raining","Daylight","Hit Fixed Object",1,,,1337273.82,1791456.84
"2022-32152-19/09/2025","KURRALTA PARK","CITY OF WEST TORRENS",2,1,0,0,1,2022,"August","Monday","06:35 am",60,"Sealed","Dry","Not Raining","Night","Rear End",2,,,1325813.07,1668180.01
"2022-32159-19/09/2025","WHYALLA","CC WHYALLA.",3,1,0,0,1,2022,"August","Monday","09:52 am",60,"Sealed","Dry","Not Raining","Daylight","Hit Parked Vehicle",1,,,1239592.23,1883537.31
"2022-32163-19/09/2025","ELIZABETH VALE","CITY OF PLAYFORD.",3,1,0,0,1,2022,"August","Monday","11:00 am",80,"Sealed","Dry","Not Raining","Daylight","Rear End",1,,,1336141.79,1690279.18
"2022-32167-19/09/2025","HIGHBURY","CITY OF TEA TREE GULLY",3,1,0,0,1,2022,"August","Monday","01:44 pm",60,"Sealed","Dry","Not Raining","Daylight","Right Angle",2,,,1337696.71,1678328.49
"2022-32172-19/09/2025","HAPPY VALLEY","CITY OF ONKAPARINGA",2,1,0,0,1,2022,"August","Monday","03:40 pm",60,"Sealed","Dry","Not Raining","Daylight","Rear End",1,,,1326293.21,1653218.42
"2022-32178-19/09/2025","WAYVILLE","CITY OF UNLEY",2,1,0,0,1,2022,"August","Monday","05:00 pm",60,"Sealed","Dry","Not Raining","Daylight","Rear End",2,,,1327796.76,1668925.69
"2022-32179-19/09/2025","WATTLE FLAT","DC YANKALILLA.",1,1,0,0,1,2022,"August","Saturday","10:15 pm",100,"Unsealed","Wet","Raining","Night","Roll Over",1,,,1309300.96,1617630.12
"2022-32181-19/09/2025","CALTOWIE WEST","NORTHERN AREAS DISTRICT COUNCIL",1,1,0,0,1,2022,"August","Monday","05:58 pm",110,"Sealed","Wet","Raining","Night","Roll Over",1,,,1319622.34,1861496.83
"2022-32182-19/09/2025","HUNTFIELD HEIGHTS","CITY OF ONKAPARINGA",2,1,0,1,0,2022,"August","Monday","07:15 pm",60,"Sealed","Wet","Raining","Night","Hit Pedestrian",2,,,1320754.88,1646461.15
"2022-32184-19/09/2025","WOODVILLE SOUTH","CITY OF CHARLES STURT",3,1,0,0,1,2022,"August","Monday","09:40 pm",60,"Sealed","Wet","Not Raining","Night","Right Angle",1,,,1323024.53,1675577.53
"2022-32186-19/09/2025","SURREY DOWNS","CITY OF TEA TREE GULLY",2,1,0,0,1,2022,"August","Tuesday","01:50 am",60,"Sealed","Wet","Not Raining","Night","Hit Fixed Object",1,"Y",,1339555.51,1684783.78
"2022-32192-19/09/2025","SALISBURY DOWNS","CITY OF SALISBURY",2,1,0,0,1,2022,"August","Tuesday","08:15 am",60,"Sealed","Dry","Not Raining","Daylight","Right Turn",2,,,1331570.87,1686736.7
"2022-32195-19/09/2025","SALISBURY EAST","CITY OF SALISBURY",2,1,0,0,1,2022,"August","Tuesday","08:40 am",60,"Sealed","Dry","Not Raining","Daylight","Rear End",1,,,1333683.68,1685050.21
"2022-32197-19/09/2025","BEACHPORT","WATTLE RANGE COUNCIL",1,1,0,0,1,2022,"August","Saturday","10:30 am",60,"Unsealed","Dry","Not Raining","Daylight","Roll Over",1,,,1442644.56,1383037.29
"2022-32205-19/09/2025","ADELAIDE","CITY OF ADELAIDE",2,1,0,0,1,2022,"August","Wednesday","04:00 pm",50,"Sealed","Dry","Not Raining","Daylight","Hit Pedestrian",1,,,1328215.57,1671125.27
"2022-32208-19/09/2025","ADELAIDE","CITY OF ADELAIDE",3,1,0,0,1,2022,"August","Tuesday","03:34 pm",50,"Sealed","Dry","Not Raining","Daylight","Rear End",1,,,1328455.1,1671044.03
"2022-32216-19/09/2025","PORT ADELAIDE","CITY OF PORT ADELAIDE ENFIELD",2,1,0,0,1,2022,"August","Tuesday","06:40 pm",50,"Sealed","Dry","Not Raining","Night","Right Angle",2,,,1320350.96,1679569.09
"2022-32219-19/09/2025","NORTH ADELAIDE","CITY OF ADELAIDE",2,1,0,0,1,2022,"August","Tuesday","07:20 pm",50,"Sealed","Dry","Not Raining","Night","Right Turn",2,,,1328428.41,1671809.75
"2022-32221-19/09/2025","WAYVILLE","CITY OF UNLEY",3,1,0,0,1,2022,"August","Tuesday","06:30 pm",60,"Sealed","Dry","Not Raining","Night","Right Turn",1,"Y",,1326897.42,1668910.05
"2022-32222-19/09/2025","DRY CREEK","CITY OF SALISBURY",2,1,0,0,1,2022,"August","Tuesday","11:09 pm",110,"Sealed","Dry","Not Raining","Night","Hit Object on Road",1,,,1326896.66,1684915.83
"2022-32236-19/09/2025","CRAIGMORE","CITY OF PLAYFORD.",2,1,0,0,1,2022,"August","Wednesday","03:35 pm",50,"Sealed","Wet","Not Raining","Daylight","Hit Fixed Object",1,,,1339853.44,1696465.55
"2022-32242-19/09/2025","POORAKA","CITY OF SALISBURY",2,1,0,1,0,2022,"August","Wednesday","05:35 pm",70,"Sealed","Wet","Raining","Daylight","Right Turn",1,,,1331898.14,1681814.67
"2022-32244-19/09/2025","SALISBURY EAST","CITY OF SALISBURY",2,3,0,0,3,2022,"August","Wednesday","06:34 pm",60,"Sealed","Wet","Raining","Night","Right Turn",1,,,1334189.82,1684652.72
"2022-32256-19/09/2025","NORTH ADELAIDE","CITY OF ADELAIDE",2,1,0,0,1,2022,"August","Thursday","06:55 am",60,"Sealed","Wet","Raining","Daylight","Right Angle",1,,,1327899.7,1671597.52
"2022-32265-19/09/2025","CARRIETON","DC OF ORROROO/CARRIETON",3,1,0,0,1,2022,"August","Wednesday","06:30 am",110,"Sealed","Dry","Not Raining","Night","Hit Animal",2,,,1328250.2,1954310.65
"2022-32267-19/09/2025","CROYDON","CITY OF CHARLES STURT",3,1,0,0,1,2022,"August","Thursday","10:40 am",80,"Sealed","Dry","Not Raining","Daylight","Rear End",1,,,1325599.45,1673824.49
"2022-32269-19/09/2025","MOUNT BARKER","DC MT.BARKER.",2,1,0,0,1,2022,"August","Wednesday","09:30 pm",60,"Sealed","Dry","Not Raining","Night","Rear End",2,,,1351386.17,1653995.66
"2022-32274-19/09/2025","MIDDLEBACK RANGE",,1,1,0,1,0,2022,"August","Thursday","11:05 am",110,"Sealed","Dry","Not Raining","Daylight","Roll Over",1,,,1196144.38,1852353.97
"2022-32276-19/09/2025","PORT ADELAIDE","CITY OF PORT ADELAIDE ENFIELD",2,2,0,0,2,2022,"August","Thursday","02:50 pm",50,"Sealed","Wet","Raining","Daylight","Right Turn",2,,,1319866.72,1679909.05
"2022-32283-19/09/2025","TRINITY GARDENS","CC OF NORWOOD,PAYNEHAM & ST PETERS",2,1,0,1,0,2022,"August","Thursday","03:48 pm",60,"Sealed","Wet","Raining","Daylight","Rear End",2,,,1332753.83,1671776.32
"2022-32284-19/09/2025","MODBURY","CITY OF TEA TREE GULLY",2,1,0,0,1,2022,"August","Thursday","01:35 pm",60,"Sealed","Dry","Not Raining","Daylight","Right Angle",2,,,1336192.6,1680407.52
"2022-32287-19/09/2025","LONSDALE","CITY OF ONKAPARINGA",2,1,0,0,1,2022,"August","Thursday","03:50 pm",50,"Sealed","Wet","Not Raining","Daylight","Side Swipe",2,,,1318981.04,1650003.82
"2022-32289-19/09/2025","MARLESTON","CITY OF WEST TORRENS",2,1,0,0,1,2022,"August","Thursday","03:03 pm",60,"Sealed","Wet","Raining","Daylight","Right Angle",1,,,1325453.14,1668940.59
"2022-32290-19/09/2025","LOCKLEYS","CITY OF WEST TORRENS",3,1,0,0,1,2022,"August","Thursday","05:25 pm",60,"Sealed","Wet","Raining","Daylight","Rear End",2,,,1322248.2,1670816.66
"2022-32300-19/09/2025","ADELAIDE","CITY OF ADELAIDE",3,1,0,0,1,2022,"August","Friday","08:10 am",50,"Sealed","Dry","Not Raining","Daylight","Rear End",2,,,1329240.26,1670692.56
"2022-32306-19/09/2025","KINGSWOOD","CC MITCHAM.",2,1,0,0,1,2022,"August","Friday","09:30 am",60,"Sealed","Wet","Not Raining","Daylight","Rear End",2,,,1329136.35,1666242.69
"2022-32307-19/09/2025","UNLEY","CITY OF UNLEY",2,1,0,0,1,2022,"August","Friday","11:40 am",60,"Sealed","Dry","Not Raining","Daylight","Rear End",2,,,1329091.83,1667730.48
"2022-32313-19/09/2025","MCLAREN FLAT","CITY OF ONKAPARINGA",2,1,0,0,1,2022,"August","Friday","07:00 am",50,"Sealed","Dry","Not Raining","Daylight","Hit Pedestrian",2,,,1325856.66,1639320.41
"2022-32322-19/09/2025","BRIGHTON","CITY OF HOLDFAST BAY",2,1,0,0,1,2022,"August","Friday","04:40 pm",50,"Sealed","Dry","Not Raining","Daylight","Hit Pedestrian",2,,,1320557.01,1660791.25
"2022-32323-19/09/2025","HILLCREST","CITY OF PORT ADELAIDE ENFIELD",2,1,0,0,1,2022,"August","Friday","03:50 pm",50,"Sealed","Dry","Not Raining","Daylight","Side Swipe",2,,,1333692.08,1678058.15
"2022-32327-19/09/2025","ST AGNES","CITY OF TEA TREE GULLY",2,2,0,0,2,2022,"August","Friday","05:15 pm",60,"Sealed","Dry","Not Raining","Daylight","Rear End",2,,,1338614.98,1680677.78
"2022-32333-19/09/2025","NORMANVILLE","DC YANKALILLA.",2,3,0,3,0,2022,"August","Friday","08:35 pm",100,"Sealed","Wet","Not Raining","Night","Head On",1,,,1297342.68,1610322.76
"2022-32334-19/09/2025","UCOLTA","DC OF PETERBOROUGH",1,1,0,0,1,2022,"August","Friday","09:04 pm",100,"Unsealed","Wet","Raining","Night","Roll Over",1,,,1364093.32,1882432.3
"2022-32338-19/09/2025","ADELAIDE","CITY OF ADELAIDE",2,1,0,0,1,2022,"August","Saturday","06:30 am",50,"Sealed","Dry","Not Raining","Night","Hit Fixed Object",1,"Y",,1328182.88,1669935.86
"2022-32341-19/09/2025","PLYMPTON","CITY OF WEST TORRENS",2,1,0,0,1,2022,"August","Saturday","08:15 am",60,"Sealed","Dry","Not Raining","Daylight","Rear End",1,"Y",,1325020,1667161.99
"2022-32343-19/09/2025","GAWLER BELT","LIGHT REGIONAL COUNCIL",2,1,0,0,1,2022,"June","Monday","05:30 pm",110,"Sealed","Dry","Not Raining","Night","Rear End",2,,,1343193.19,1709546.95
"2022-32344-19/09/2025","HORSNELL GULLY","THE ADELAIDE HILLS COUNCIL",1,1,0,0,1,2022,"August","Saturday","11:40 am",60,"Sealed","Dry","Not Raining","Daylight","Roll Over",1,,,1338124.75,1670782.75
"2022-32346-19/09/2025","BELAIR","CC MITCHAM.",2,1,0,0,1,2022,"August","Saturday","11:45 am",60,"Sealed","Dry","Not Raining","Daylight","Hit Fixed Object",1,,,1330955.86,1662893.24
"2022-32347-19/09/2025","DINGABLEDINGA","ALEXANDRINA COUNCIL",2,1,0,0,1,2022,"August","Saturday","11:45 am",100,"Sealed","Wet","Not Raining","Daylight","Rear End",2,,,1331155.33,1632810.09
"2022-32351-19/09/2025","PAYNEHAM","CC OF NORWOOD,PAYNEHAM & ST PETERS",2,1,0,0,1,2022,"August","Saturday","01:30 pm",60,"Sealed","Dry","Not Raining","Daylight","Rear End",1,,,1332136.89,1673748.84
"2022-32353-19/09/2025","NOARLUNGA DOWNS","CITY OF ONKAPARINGA",2,1,0,0,1,2022,"August","Saturday","03:10 pm",50,"Sealed","Dry","Not Raining","Daylight","Hit Pedestrian",1,,,1318641.08,1646106.71
"2022-32354-19/09/2025","BOORS PLAIN","COPPER COAST DISTRICT COUNCIL",2,2,1,0,1,2022,"August","Saturday","01:23 pm",100,"Sealed","Dry","Not Raining","Daylight","Right Angle",1,,,1253459.12,1771893.6
"2022-32356-19/09/2025","NEWTON","CC CAMPBELLTOWN.",2,3,0,0,3,2022,"August","Saturday","02:43 pm",60,"Sealed","Dry","Not Raining","Daylight","Right Angle",2,,,1335377.8,1675916.03
"2022-32364-19/09/2025","CUDLEE CREEK","THE ADELAIDE HILLS COUNCIL",2,1,0,0,1,2022,"August","Saturday","07:00 am",80,"Sealed","Wet","Raining","Daylight","Hit Fixed Object",1,,,1350870.15,1677033.88
"2022-32371-19/09/2025","NORTH ADELAIDE","CITY OF ADELAIDE",2,1,0,0,1,2022,"August","Sunday","12:22 am",50,"Sealed","Dry","Not Raining","Night","Right Angle",2,,,1327703.97,1673074.33
"2022-32373-19/09/2025","SADDLEWORTH","CLARE AND GILBERT VALLEYS DISTRICT COUNCIL",2,1,0,1,0,2022,"August","Sunday","12:30 am",80,"Sealed","Dry","Not Raining","Night","Hit Fixed Object",1,,"Y",1348748.53,1764187.76
"2022-32375-19/09/2025","TANUNDA","THE BAROSSA COUNCIL.",2,1,0,0,1,2022,"August","Sunday","07:04 am",50,"Sealed","Dry","Not Raining","Daylight","Hit Fixed Object",1,,,1363258.02,1715818.14
"2022-32393-19/09/2025","WINDSOR GARDENS","CITY OF PORT ADELAIDE ENFIELD",2,1,0,0,1,2022,"August","Sunday","05:10 pm",50,"Sealed","Dry","Not Raining","Daylight","Hit Pedestrian",1,,,1333532.59,1677488.24
"2022-32394-19/09/2025","ANGASTON","THE BAROSSA COUNCIL.",4,3,0,1,2,2022,"August","Sunday","04:37 pm",80,"Sealed","Dry","Not Raining","Daylight","Right Angle",2,,,1369232.76,1717106.68
"2022-32398-19/09/2025","NOARLUNGA CENTRE","CITY OF ONKAPARINGA",3,2,0,0,2,2022,"August","Sunday","08:43 pm",60,"Sealed","Dry","Not Raining","Night","Rear End",1,,"Y",1318788.81,1647471.6
"2022-32399-19/09/2025","LOXTON NORTH","LOXTON WAIKERIE DISTRICT COUNCIL",1,1,0,0,1,2022,"August","Sunday","08:15 pm",100,"Sealed","Dry","Not Raining","Night","Roll Over",1,,"Y",1513364.47,1718075.67