"REPORT_ID","Suburb","LGA Name","Total Units","Total Cas","Total Fats","Total SI","Total MI","Year","Month","Day","Time","Area Speed","Road Surface","Moisture Cond","Weather Cond","DayNight","Crash Type","Unit Resp","DUI Involved","Drugs Involved","ACCLOC_X","ACCLOC_Y"
"2022-32401-19/09/2025","KI KI","COORONG DISTRICT COUNCIL",2,1,0,0,1,2022,"August","Sunday","09:15 pm",80,"Sealed","Dry","Not Raining","Night","Rear End",2,,,1434257.18,1595179.58
"2022-32403-19/09/2025","MOUNT BARKER","DC MT.BARKER.",2,2,0,0,2,2022,"August","Sunday","10:55 am",50,"Sealed","Dry","Not Raining","Daylight","Rear End",2,,,1351413.86,1654498.06
"2022-32405-19/09/2025","PORT ADELAIDE","CITY OF PORT ADELAIDE ENFIELD",2,1,0,0,1,2022,"August","Monday","08:23 am",60,"Sealed","Dry","Not Raining","Daylight","Right Angle",1,,,1320509.08,1679073.54
"2022-32406-19/09/2025","ADELAIDE","CITY OF ADELAIDE",2,1,0,0,1,2022,"August","Monday","08:38 am",50,"Sealed","Dry","Not Raining","Daylight","Hit Pedestrian",2,,,1328474.75,1670884.6
"2022-32407-19/09/2025","WANDILO","DISTRICT COUNCIL OF GRANT",1,4,0,0,4,2022,"August","Monday","08:10 am",110,"Sealed","Wet","Raining","Daylight","Roll Over",1,,,1511674.24,1351786.57
"2022-32423-19/09/2025","UNDERDALE","CITY OF WEST TORRENS",2,2,0,0,2,2022,"August","Monday","03:35 pm",60,"Sealed","Wet","Not Raining","Daylight","Right Angle",2,,,1324328.3,1670954.65
"2022-32427-19/09/2025","MAGILL","CC CAMPBELLTOWN.",2,1,0,0,1,2022,"August","Monday","03:50 pm",60,"Sealed","Wet","Raining","Daylight","Hit Pedestrian",1,,,1335463.69,1672512.25
"2022-32429-19/09/2025","TWO WELLS","DC MALLALA.",3,4,0,0,4,2022,"August","Monday","02:55 pm",80,"Sealed","Wet","Raining","Daylight","Right Angle",2,,,1324199.96,1705429.74
"2022-32430-19/09/2025","SOUTH PLYMPTON","CC MARION.",2,1,0,0,1,2022,"August","Monday","05:00 pm",60,"Sealed","Wet","Raining","Daylight","Side Swipe",2,,,1324236.5,1666167.8
"2022-32431-19/09/2025","PARA HILLS WEST","CITY OF SALISBURY",2,1,0,0,1,2022,"August","Monday","05:05 pm",60,"Sealed","Wet","Not Raining","Daylight","Right Turn",1,,,1333434.52,1683702.92
"2022-32433-19/09/2025","TORRENSVILLE","CITY OF WEST TORRENS",2,1,0,0,1,2022,"August","Monday","05:50 pm",50,"Sealed","Wet","Not Raining","Night","Right Angle",2,,,1325393.83,1671409.37
"2022-32434-19/09/2025","ONKAPARINGA HILLS","CITY OF ONKAPARINGA",2,2,0,0,2,2022,"August","Monday","06:21 pm",60,"Sealed","Wet","Raining","Night","Rear End",2,,,1322031.76,1646534.01
"2022-32437-19/09/2025","MODBURY","CITY OF TEA TREE GULLY",1,2,0,0,2,2022,"August","Monday","06:18 pm",100,"Sealed","Wet","Raining","Night","Roll Over",1,"Y",,1336560.58,1680109.58
"2022-32440-19/09/2025","ANGLE VALE","CITY OF PLAYFORD.",2,1,0,1,0,2022,"August","Monday","07:36 pm",60,"Sealed","Wet","Raining","Night","Right Angle",2,,"Y",1334236.77,1702146.35
"2022-32448-19/09/2025","BRIDGEWATER","THE ADELAIDE HILLS COUNCIL",3,1,0,0,1,2022,"August","Tuesday","07:45 am",110,"Sealed","Wet","Not Raining","Daylight","Roll Over",1,,,1343450.18,1661425.1
"2022-32450-19/09/2025","SALISBURY NORTH","CITY OF SALISBURY",2,2,0,0,2,2022,"August","Tuesday","12:01 pm",60,"Sealed","Dry","Not Raining","Daylight","Right Turn",2,,,1331067.07,1690098.86
"2022-32452-19/09/2025","UNDERDALE","CITY OF WEST TORRENS",2,2,0,0,2,2022,"August","Tuesday","01:21 pm",60,"Sealed","Dry","Not Raining","Daylight","Right Turn",2,,,1323829.19,1671602.14
"2022-32455-19/09/2025","WARRADALE","CC MARION.",2,3,0,0,3,2022,"August","Tuesday","03:23 pm",60,"Sealed","Dry","Not Raining","Daylight","Right Turn",2,,,1322704.55,1663058.82
"2022-32460-19/09/2025","KAPUNDA","LIGHT REGIONAL COUNCIL",2,1,0,0,1,2022,"August","Tuesday","03:50 pm",50,"Sealed","Dry","Not Raining","Daylight","Rear End",2,,,1359580.72,1734383.75
"2022-32461-19/09/2025","OLD NOARLUNGA","CITY OF ONKAPARINGA",3,2,0,0,2,2022,"August","Tuesday","04:20 pm",80,"Sealed","Dry","Not Raining","Daylight","Rear End",1,,,1318429.9,1643378.56
"2022-32463-19/09/2025","ATHELSTONE","CC CAMPBELLTOWN.",2,1,0,0,1,2022,"August","Tuesday","04:20 pm",60,"Sealed","Dry","Not Raining","Daylight","Right Angle",1,,,1337527.43,1676071.34
"2022-32471-19/09/2025","KINGSWOOD","CC MITCHAM.",2,1,0,0,1,2022,"August","Tuesday","08:40 pm",60,"Sealed","Dry","Not Raining","Night","Right Turn",2,,,1329135.99,1666253.56
"2022-32474-19/09/2025","WATERLOO CORNER","CITY OF SALISBURY",2,1,0,0,1,2022,"August","Tuesday","03:45 pm",90,"Sealed","Dry","Not Raining","Daylight","Rear End",1,,,1327645.93,1692118.06
"2022-32480-19/09/2025","MEADOWS","DC MT.BARKER.",2,1,0,0,1,2022,"August","Wednesday","08:20 am",80,"Sealed","Wet","Raining","Daylight","Side Swipe",2,,,1340117.77,1640592.63
"2022-32481-19/09/2025","BELAIR","CC MITCHAM.",2,1,0,0,1,2022,"August","Wednesday","08:10 am",60,"Sealed","Wet","Not Raining","Daylight","Rear End",2,,,1330556.85,1663179.26
"2022-32482-19/09/2025","MORPHETT VALE","CITY OF ONKAPARINGA",2,1,0,0,1,2022,"August","Wednesday","11:20 am",70,"Sealed","Dry","Not Raining","Daylight","Rear End",2,,,1319744.55,1650980.02
"2022-32484-19/09/2025","INGOMAR",,2,1,0,0,1,2022,"August","Sunday","08:30 pm",110,"Sealed","Dry","Not Raining","Night","Hit Animal",2,,,1006232.84,2272008.67
"2022-32489-19/09/2025","CUMBERLAND PARK","CC MITCHAM.",2,1,0,0,1,2022,"August","Tuesday","04:45 pm",50,"Sealed","Dry","Not Raining","Daylight","Right Angle",2,,,1326977.04,1665221.86
"2022-32490-19/09/2025","SALISBURY","CITY OF SALISBURY",2,1,0,0,1,2022,"August","Wednesday","09:00 am",60,"Sealed","Dry","Not Raining","Daylight","Rear End",2,,,1332956.45,1688487.34
"2022-32496-19/09/2025","LEWISTON","DC MALLALA.",1,1,0,0,1,2022,"August","Wednesday","11:15 am",60,"Unsealed","Wet","Not Raining","Daylight","Roll Over",1,,,1330262.05,1707448.85
"2022-32497-19/09/2025","ST AGNES","CITY OF TEA TREE GULLY",2,1,0,0,1,2022,"August","Wednesday","04:30 pm",60,"Sealed","Wet","Not Raining","Daylight","Side Swipe",2,,,1339549.73,1681904.53
"2022-32498-19/09/2025","COROMANDEL VALLEY","CITY OF ONKAPARINGA",2,1,0,0,1,2022,"August","Wednesday","04:15 pm",60,"Sealed","Wet","Raining","Daylight","Right Angle",2,,,1330374.48,1658466.37
"2022-32499-19/09/2025","KURRALTA PARK","CITY OF WEST TORRENS",2,1,0,0,1,2022,"August","Wednesday","05:29 pm",60,"Sealed","Dry","Not Raining","Daylight","Right Turn",1,,,1325819.1,1668480.34
"2022-32504-19/09/2025","SALISBURY EAST","CITY OF SALISBURY",4,1,0,0,1,2022,"August","Wednesday","08:42 pm",80,"Sealed","Dry","Not Raining","Night","Rear End",2,,,1333995.93,1686285.66
"2022-32523-19/09/2025","MAITLAND","YORKE PENINSULA COUNCIL",2,1,0,0,1,2022,"August","Thursday","11:35 am",100,"Sealed","Dry","Not Raining","Daylight","Roll Over",1,,,1246223.23,1735372.94
"2022-32524-19/09/2025","AMATA",,1,1,0,0,1,2022,"August","Thursday","09:30 am",100,"Unsealed","Dry","Not Raining","Daylight","Roll Over",1,,,613704.24,2642073.6
"2022-32525-19/09/2025","VALLEY VIEW","CITY OF TEA TREE GULLY",2,1,0,0,1,2022,"August","Thursday","12:45 pm",60,"Sealed","Dry","Not Raining","Daylight","Right Angle",1,,,1335704.92,1680585.16
"2022-32526-19/09/2025","STURT","CC MARION.",3,1,0,0,1,2022,"August","Thursday","08:50 am",60,"Sealed","Wet","Raining","Daylight","Rear End",2,,,1324375.37,1660668.16
"2022-32528-19/09/2025","ALDINGA","CITY OF ONKAPARINGA",2,1,0,0,1,2022,"August","Thursday","03:17 pm",70,"Sealed","Dry","Not Raining","Daylight","Right Turn",2,,,1316061.41,1631986.32
"2022-32536-19/09/2025","WEST BEACH","CITY OF CHARLES STURT",2,1,0,1,0,2022,"August","Thursday","05:25 pm",50,"Sealed","Dry","Not Raining","Daylight","Hit Parked Vehicle",1,,,1319863.67,1668305.46
"2022-32537-19/09/2025","ALDGATE","THE ADELAIDE HILLS COUNCIL",2,1,0,0,1,2022,"August","Thursday","02:20 pm",50,"Sealed","Wet","Not Raining","Daylight","Hit Fixed Object",1,,,1340439.5,1660455.6
"2022-32541-19/09/2025","NORTHERN HEIGHTS","RC MURRAY BRIDGE.",2,1,0,0,1,2022,"August","Thursday","05:30 pm",80,"Sealed","Dry","Not Raining","Daylight","Right Angle",2,"Y",,1387449.14,1648555.93
"2022-32549-19/09/2025","PORT BROUGHTON","BARUNGA WEST DISTRICT COUNCIL",2,1,0,0,1,2022,"August","Friday","07:20 am",110,"Sealed","Dry","Not Raining","Daylight","Hit Animal",1,,,1272286.53,1819624.66
"2022-32554-19/09/2025","CHELTENHAM","CITY OF CHARLES STURT",2,1,0,0,1,2022,"August","Friday","09:15 am",60,"Sealed","Dry","Not Raining","Daylight","Right Angle",2,,,1321457.27,1676998.96
"2022-32556-19/09/2025","HILLIER","CT GAWLER.",3,1,0,0,1,2022,"August","Friday","10:00 am",80,"Sealed","Dry","Not Raining","Daylight","Hit Fixed Object",1,,,1337171.24,1704476.65
"2022-32558-19/09/2025","MACDONALD PARK","CITY OF PLAYFORD.",3,1,0,0,1,2022,"August","Friday","10:49 am",110,"Sealed","Dry","Not Raining","Daylight","Rear End",2,,,1334308.08,1699200.55
"2022-32563-19/09/2025","GLYNDE","CC OF NORWOOD,PAYNEHAM & ST PETERS",3,1,0,0,1,2022,"August","Friday","12:00 pm",60,"Sealed","Dry","Not Raining","Daylight","Rear End",2,,,1333815.17,1673244.73
"2022-32566-19/09/2025","DAW PARK","CC MITCHAM.",2,1,0,0,1,2022,"August","Friday","12:35 pm",50,"Sealed","Dry","Not Raining","Daylight","Right Angle",1,,,1327250.78,1664860.7
"2022-32572-19/09/2025","MAYLANDS","CC OF NORWOOD,PAYNEHAM & ST PETERS",3,1,0,0,1,2022,"August","Friday","03:23 pm",60,"Sealed","Dry","Not Raining","Daylight","Rear End",1,,,1332214.36,1672325.47
"2022-32579-19/09/2025","PORT ADELAIDE","CITY OF PORT ADELAIDE ENFIELD",2,1,0,1,0,2022,"August","Friday","05:05 pm",50,"Sealed","Dry","Not Raining","Daylight","Hit Pedestrian",2,,,1320411.12,1679749.43
"2022-32581-19/09/2025","STURT","CC MARION.",4,2,0,0,2,2022,"August","Friday","06:14 pm",60,"Sealed","Dry","Not Raining","Night","Side Swipe",2,,,1324167.4,1660662.6
"2022-32582-19/09/2025","LIGHTSVIEW","CITY OF PORT ADELAIDE ENFIELD",2,1,0,1,0,2022,"August","Friday","04:55 pm",60,"Sealed","Dry","Not Raining","Daylight","Hit Pedestrian",2,,,1330400.85,1677975.57
"2022-32589-19/09/2025","MILLICENT","WATTLE RANGE COUNCIL",3,1,0,0,1,2022,"August","Friday","10:20 pm",60,"Sealed","Dry","Not Raining","Night","Hit Fixed Object",1,"Y",,1474318.9,1366944.34
"2022-32590-19/09/2025","VICTOR HARBOR","DC VICTOR HARBOR.",2,1,0,1,0,2022,"August","Friday","11:15 pm",100,"Sealed","Dry","Not Raining","Night","Head On",2,"Y","Y",1327269.57,1603095.49
"2022-32594-19/09/2025","BURTON","CITY OF SALISBURY",2,1,0,0,1,2022,"August","Friday","06:30 am",60,"Sealed","Wet","Raining","Night","Right Angle",1,,,1330151.76,1690822.54
"2022-32596-19/09/2025","NAPPERBY","PT.PIRIE CITY & DIST. COUNCIL",2,2,0,2,0,2022,"August","Saturday","11:35 am",100,"Sealed","Dry","Not Raining","Daylight","Right Angle",2,,,1285474.81,1866762.6
"2022-32599-19/09/2025","HINDMARSH","CITY OF CHARLES STURT",2,1,0,0,1,2022,"August","Saturday","03:02 pm",60,"Sealed","Dry","Not Raining","Daylight","Rear End",2,,,1326196.45,1672840.38
"2022-32606-19/09/2025","ELIZABETH PARK","CITY OF PLAYFORD.",2,1,0,0,1,2022,"August","Saturday","08:45 pm",80,"Sealed","Dry","Not Raining","Night","Right Turn",1,,,1335939.12,1693257.92
"2022-32611-19/09/2025","WILLOW SPRINGS",,2,1,0,1,0,2022,"August","Saturday","05:00 pm",90,"Sealed","Dry","Not Raining","Daylight","Hit Animal",2,,,1353510.02,2055131.61
"2022-32613-19/09/2025","MANNINGHAM","CITY OF PORT ADELAIDE ENFIELD",2,1,0,0,1,2022,"August","Sunday","01:10 am",60,"Sealed","Dry","Not Raining","Night","Right Angle",1,,,1330467.4,1675457.05
"2022-32614-19/09/2025","COOMOOROO","DC OF ORROROO/CARRIETON",1,1,1,0,0,2022,"August","Sunday","12:45 am",110,"Sealed","Dry","Not Raining","Night","Roll Over",1,,,1333354.34,1911830.04
"2022-32617-19/09/2025","GLENELG EAST","CITY OF HOLDFAST BAY",2,2,0,0,2,2022,"August","Sunday","06:30 am",50,"Sealed","Dry","Not Raining","Night","Hit Fixed Object",1,,,1321761.71,1665212.59
"2022-32619-19/09/2025","PASADENA","CC MITCHAM.",2,1,0,0,1,2022,"August","Sunday","09:01 am",50,"Sealed","Dry","Not Raining","Daylight","Hit Fixed Object",1,,,1326805.02,1661977.35
"2022-32621-19/09/2025","MUNNO PARA","CITY OF PLAYFORD.",2,1,0,0,1,2022,"August","Sunday","10:14 am",60,"Sealed","Dry","Not Raining","Daylight","Right Angle",2,,,1336515.35,1698629.88
"2022-32631-19/09/2025","RIDGEHAVEN","CITY OF TEA TREE GULLY",2,1,0,1,0,2022,"August","Sunday","03:13 pm",60,"Sealed","Dry","Not Raining","Daylight","Hit Fixed Object",1,,,1337507.66,1681752.13
"2022-32635-19/09/2025","KILBURN","CITY OF PORT ADELAIDE ENFIELD",2,1,0,0,1,2022,"August","Sunday","08:52 pm",50,"Sealed","Dry","Not Raining","Night","Hit Fixed Object",1,"Y","Y",1327043.94,1678009.66
"2022-32637-19/09/2025","BASKET RANGE","THE ADELAIDE HILLS COUNCIL",1,1,0,1,0,2022,"August","Sunday","01:18 pm",80,"Sealed","Dry","Not Raining","Daylight","Roll Over",1,,,1344739.16,1668415.15
"2022-32639-19/09/2025","NORTH ADELAIDE","CITY OF ADELAIDE",2,1,0,0,1,2022,"August","Monday","08:14 am",50,"Sealed","Dry","Not Raining","Daylight","Rear End",1,,,1328475.96,1671844.36
"2022-32643-19/09/2025","LONSDALE","CITY OF ONKAPARINGA",2,1,0,0,1,2022,"August","Monday","07:30 am",70,"Sealed","Dry","Not Raining","Daylight","Rear End",2,,,1318497.66,1649791.66
"2022-32650-19/09/2025","ADELAIDE","CITY OF ADELAIDE",2,1,0,1,0,2022,"August","Monday","01:11 pm",50,"Sealed","Dry","Not Raining","Daylight","Hit Pedestrian",2,"Y",,1327708.32,1670325.53
"2022-32651-19/09/2025","CLARENCE GARDENS","CC MITCHAM.",2,1,0,1,0,2022,"August","Monday","01:40 pm",60,"Sealed","Dry","Not Raining","Daylight","Right Angle",2,,,1325891.34,1666162.37
"2022-32654-19/09/2025","SALISBURY NORTH","CITY OF SALISBURY",3,1,0,0,1,2022,"August","Monday","02:34 pm",60,"Sealed","Dry","Not Raining","Daylight","Rear End",1,,,1330796.9,1690313.9
"2022-32655-19/09/2025","WINGFIELD","CITY OF PORT ADELAIDE ENFIELD",4,1,0,0,1,2022,"August","Monday","01:30 pm",60,"Sealed","Wet","Raining","Daylight","Rear End",1,,,1326144.09,1679176.31
"2022-32657-19/09/2025","ELIZABETH","CITY OF PLAYFORD.",2,1,0,0,1,2022,"August","Monday","04:49 pm",60,"Sealed","Wet","Raining","Daylight","Rear End",1,,,1335390.53,1692726.45
"2022-32660-19/09/2025","DAW PARK","CC MITCHAM.",2,1,0,0,1,2022,"August","Monday","05:26 pm",60,"Sealed","Wet","Raining","Daylight","Hit Pedestrian",2,,,1327592.61,1663503.62
"2022-32666-19/09/2025","WANDILO","DISTRICT COUNCIL OF GRANT",2,1,0,0,1,2022,"August","Monday","08:00 pm",110,"Sealed","Wet","Raining","Night","Hit Fixed Object",1,,,1502254.94,1346581.02
"2022-32667-19/09/2025","KANGAROO FLAT","LIGHT REGIONAL COUNCIL",2,1,0,0,1,2022,"August","Monday","08:00 pm",100,"Sealed","Dry","Not Raining","Night","Right Angle",2,"Y",,1340986.39,1710042.06
"2022-32668-19/09/2025","PORT ELLIOT","ALEXANDRINA COUNCIL",2,1,0,1,0,2022,"August","Monday","06:15 pm",50,"Sealed","Wet","Raining","Night","Head On",2,,"Y",1332855.05,1603342.64
"2022-32670-19/09/2025","PARALOWIE","CITY OF SALISBURY",3,1,0,1,0,2022,"August","Monday","09:15 pm",50,"Sealed","Wet","Raining","Night","Hit Pedestrian",2,,,1331111.61,1689532.81
"2022-32673-19/09/2025","SALISBURY SOUTH","CITY OF SALISBURY",2,1,0,0,1,2022,"August","Tuesday","09:00 am",60,"Sealed","Dry","Not Raining","Daylight","Rear End",2,,,1332370.05,1686105.3
"2022-32677-19/09/2025","CRAIGMORE","CITY OF PLAYFORD.",2,1,0,0,1,2022,"August","Tuesday","08:15 am",50,"Sealed","Dry","Not Raining","Daylight","Side Swipe",2,,,1339826.18,1695659.85
"2022-32684-19/09/2025","YONGALA","DC OF PETERBOROUGH",2,1,0,0,1,2022,"August","Tuesday","01:10 pm",50,"Sealed","Dry","Not Raining","Daylight","Side Swipe",1,,,1349445.17,1880194.99
"2022-32691-19/09/2025","MELROSE","DC MT.REMARKABLE.",1,1,0,0,1,2022,"August","Tuesday","03:00 pm",110,"Sealed","Dry","Not Raining","Daylight","Roll Over",1,,,1302222.97,1899102.67
"2022-32692-19/09/2025","WAYVILLE","CITY OF UNLEY",2,1,0,0,1,2022,"August","Tuesday","04:52 pm",60,"Sealed","Dry","Not Raining","Daylight","Rear End",1,,,1327444.76,1668358.22
"2022-32697-19/09/2025","WALLAROO","COPPER COAST DISTRICT COUNCIL",2,1,0,0,1,2022,"August","Tuesday","09:43 pm",50,"Sealed","Dry","Not Raining","Night","Head On",2,,,1243217.62,1783887.39
"2022-32702-19/09/2025","ADELAIDE","CITY OF ADELAIDE",2,1,0,0,1,2022,"August","Wednesday","08:55 am",50,"Sealed","Dry","Not Raining","Daylight","Right Turn",2,,,1328494.31,1669574.15
"2022-32706-19/09/2025","GAWLER EAST","CT GAWLER.",2,1,0,0,1,2022,"August","Tuesday","05:00 pm",50,"Sealed","Dry","Not Raining","Daylight","Rear End",1,,,1344203.39,1706828.11
"2022-32711-19/09/2025","WARRADALE","CC MARION.",3,1,0,0,1,2022,"August","Wednesday","01:19 pm",60,"Sealed","Dry","Not Raining","Daylight","Rear End",1,"Y",,1322709.27,1663070.54
"2022-32712-19/09/2025","REGENCY PARK","CITY OF PORT ADELAIDE ENFIELD",2,1,0,0,1,2022,"August","Tuesday","02:10 pm",60,"Sealed","Dry","Not Raining","Daylight","Rear End",2,,,1326096.44,1676366.69
"2022-32715-19/09/2025","ELIZABETH","CITY OF PLAYFORD.",2,1,0,1,0,2022,"August","Wednesday","02:55 pm",50,"Sealed","Dry","Not Raining","Daylight","Hit Pedestrian",2,,,1335262.72,1693091.41
"2022-32717-19/09/2025","ROSSLYN PARK","CITY OF BURNSIDE",2,2,0,1,1,2022,"August","Wednesday","03:30 pm",60,"Sealed","Dry","Not Raining","Daylight","Hit Fixed Object",1,,,1335512.97,1670653.67
"2022-32718-19/09/2025","GLENUNGA","CITY OF BURNSIDE",1,1,0,0,1,2022,"August","Wednesday","04:00 pm",50,"Sealed","Dry","Not Raining","Daylight","Other",1,,,1332320.31,1667705.26
"2022-32722-19/09/2025","MITCHELL PARK","CC MARION.",3,1,0,0,1,2022,"August","Wednesday","04:57 pm",60,"Sealed","Dry","Not Raining","Daylight","Rear End",1,,,1324331.44,1662934.2
"2022-32730-19/09/2025","ELIZABETH VALE","CITY OF PLAYFORD.",2,1,0,1,0,2022,"September","Thursday","07:35 am",50,"Sealed","Dry","Not Raining","Daylight","Hit Pedestrian",2,,,1335087.2,1690022.7
"2022-32736-19/09/2025","ADELAIDE","CITY OF ADELAIDE",2,1,0,0,1,2022,"September","Thursday","10:54 am",25,"Sealed","Dry","Not Raining","Daylight","Hit Pedestrian",2,,,1328094.11,1670850.6
"2022-32738-19/09/2025","FLAXMAN VALLEY","THE BAROSSA COUNCIL.",2,1,0,1,0,2022,"September","Thursday","11:10 am",100,"Sealed","Dry","Not Raining","Daylight","Hit Fixed Object",1,,"Y",1373363.64,1703080.14
"2022-32741-19/09/2025","MINBRIE","DC FRANKLIN HARBOR.",1,3,0,0,3,2022,"August","Wednesday","04:00 pm",80,"Unsealed","Dry","Not Raining","Daylight","Roll Over",1,,,1180705.92,1827577.81
"2022-32743-19/09/2025","BEDFORD PARK","CC MITCHAM.",2,1,0,0,1,2022,"September","Thursday","12:45 pm",50,"Sealed","Dry","Not Raining","Daylight","Rear End",1,,,1325172.53,1660394.58
"2022-32746-19/09/2025","PASADENA","CC MITCHAM.",2,1,0,1,0,2022,"September","Thursday","01:45 pm",60,"Sealed","Dry","Unknown","Daylight","Hit Fixed Object",1,,,1327253.97,1662104.97
"2022-32750-19/09/2025","BLAKEVIEW","CITY OF PLAYFORD.",3,2,0,0,2,2022,"September","Thursday","02:15 pm",80,"Sealed","Dry","Not Raining","Daylight","Rear End",1,,,1337811.4,1696966.94
"2022-32753-19/09/2025","SALISBURY NORTH","CITY OF SALISBURY",2,1,0,0,1,2022,"September","Thursday","03:00 pm",50,"Sealed","Dry","Not Raining","Daylight","Right Turn",1,,,1331977.75,1689382.42
"2022-32754-19/09/2025","KIDMAN PARK","CITY OF CHARLES STURT",2,1,0,0,1,2022,"September","Thursday","03:31 pm",60,"Sealed","Dry","Not Raining","Daylight","Right Turn",1,,,1322419.52,1673125.07
"2022-32756-19/09/2025","SNOWTOWN","WAKEFIELD REGIONAL COUNCIL",2,2,1,0,1,2022,"September","Thursday","12:35 pm",110,"Sealed","Dry","Not Raining","Daylight","Right Turn",1,,,1296380.45,1797829.8
"2022-32761-19/09/2025","REGENCY PARK","CITY OF PORT ADELAIDE ENFIELD",2,2,0,1,1,2022,"September","Thursday","06:23 pm",60,"Sealed","Dry","Not Raining","Night","Rear End",2,,"Y",1325565.17,1678827.12
"2022-32764-19/09/2025","CLARENCE GARDENS","CC MITCHAM.",3,1,0,0,1,2022,"September","Thursday","05:59 pm",50,"Sealed","Wet","Raining","Night","Head On",2,,,1326706.34,1665402.85
"2022-32766-19/09/2025","FERRYDEN PARK","CITY OF PORT ADELAIDE ENFIELD",3,1,0,0,1,2022,"September","Thursday","05:01 pm",50,"Sealed","Dry","Not Raining","Daylight","Right Angle",2,,,1325464.53,1677875.59
"2022-32768-19/09/2025","BULGUNNIA",,2,1,0,0,1,2022,"September","Thursday","07:30 pm",110,"Sealed","Dry","Not Raining","Night","Hit Animal",2,,,1018771,2207167.84
"2022-32769-19/09/2025","PALMER","MID MURRAY DISTRICT COUNCIL",2,1,0,0,1,2022,"September","Thursday","10:15 pm",50,"Sealed","Wet","Raining","Night","Hit Fixed Object",1,,"Y",1379805.23,1676577.8
"2022-32778-19/09/2025","MAWSON LAKES","CITY OF SALISBURY",2,2,0,0,2,2022,"September","Thursday","09:05 pm",60,"Sealed","Dry","Not Raining","Night","Right Angle",2,,,1330464.57,1683314
"2022-32781-19/09/2025","KESWICK TERMINAL","CITY OF WEST TORRENS",2,1,0,0,1,2022,"August","Wednesday","12:25 pm",60,"Sealed","Dry","Not Raining","Daylight","Rear End",2,,,1326194.85,1670098.05
"2022-32782-19/09/2025","KINGSFORD","LIGHT REGIONAL COUNCIL",1,1,0,0,1,2022,"September","Friday","12:00 pm",110,"Sealed","Dry","Not Raining","Daylight","Roll Over",1,,,1344536.59,1710628.56
"2022-32784-19/09/2025","ADELAIDE","CITY OF ADELAIDE",2,1,0,0,1,2022,"September","Friday","12:20 pm",60,"Sealed","Dry","Not Raining","Daylight","Right Angle",2,,,1327367.65,1671000.56
"2022-32788-19/09/2025","MEDINDIE","WALKERVILLE TOWN COUNCIL",2,1,0,0,1,2022,"September","Thursday","02:45 pm",60,"Sealed","Dry","Not Raining","Daylight","Rear End",2,,,1328746.17,1673528.95
"2022-32789-19/09/2025","PARILLA","SOUTHERN MALLEE DISTRICT COUNCIL",1,1,0,0,1,2022,"September","Friday","10:00 am",100,"Unsealed","Dry","Not Raining","Daylight","Roll Over",1,,,1511672.57,1615925.71
"2022-32790-19/09/2025","MELROSE PARK","CC MITCHAM.",1,1,0,0,1,2022,"September","Friday","03:15 pm",60,"Sealed","Dry","Not Raining","Daylight","Roll Over",9,,"Y",1325921.78,1664456.94
"2022-32791-19/09/2025","UNLEY","CITY OF UNLEY",3,2,0,0,2,2022,"September","Friday","03:30 pm",60,"Sealed","Dry","Not Raining","Daylight","Head On",1,,,1329082.61,1668052.42
"2022-32792-19/09/2025","URRBRAE","CC MITCHAM.",3,3,0,0,3,2022,"September","Friday","03:13 pm",60,"Sealed","Dry","Not Raining","Daylight","Right Turn",1,,,1330785.59,1665600.33
"2022-32797-19/09/2025","ADELAIDE","CITY OF ADELAIDE",2,1,0,0,1,2022,"September","Friday","04:50 pm",50,"Sealed","Dry","Not Raining","Daylight","Hit Pedestrian",1,,,1327978.27,1670807.29
"2022-32798-19/09/2025","HACKHAM WEST","CITY OF ONKAPARINGA",2,1,0,0,1,2022,"September","Friday","02:50 pm",50,"Sealed","Dry","Not Raining","Daylight","Hit Fixed Object",1,,,1320631.2,1646787.91
"2022-32802-19/09/2025","SEMAPHORE PARK","CITY OF CHARLES STURT",2,1,0,0,1,2022,"September","Friday","05:43 pm",60,"Sealed","Dry","Not Raining","Daylight","Hit Fixed Object",1,,,1317662.41,1678788.83
"2022-32804-19/09/2025","KINGSWOOD","CC MITCHAM.",2,1,0,0,1,2022,"September","Friday","06:08 pm",60,"Sealed","Dry","Not Raining","Night","Right Turn",2,,,1329756.51,1666260.79
"2022-32806-19/09/2025","HILTON","CITY OF WEST TORRENS",3,1,0,0,1,2022,"September","Friday","07:00 pm",60,"Sealed","Dry","Not Raining","Night","Right Turn",1,,,1324946.03,1670071.24
"2022-32810-19/09/2025","PROSPECT","CITY OF PROSPECT",2,1,0,0,1,2022,"September","Friday","04:00 pm",60,"Sealed","Dry","Not Raining","Daylight","Right Turn",2,,,1328893.45,1675353.37
"2022-32814-19/09/2025","MONTACUTE","THE ADELAIDE HILLS COUNCIL",2,1,0,1,0,2022,"September","Friday","11:15 pm",70,"Sealed","Dry","Not Raining","Night","Hit Fixed Object",1,,,1340702.12,1677829.32
"2022-32824-19/09/2025","PORT ADELAIDE","CITY OF PORT ADELAIDE ENFIELD",2,1,0,1,0,2022,"September","Saturday","09:11 am",60,"Sealed","Dry","Not Raining","Daylight","Hit Fixed Object",1,,,1321749.1,1682302.96
"2022-32827-19/09/2025","MODBURY NORTH","CITY OF TEA TREE GULLY",2,2,0,0,2,2022,"September","Saturday","11:40 am",80,"Sealed","Dry","Not Raining","Daylight","Right Angle",1,,,1335950.3,1682345.28