"REPORT_ID","Suburb","LGA Name","Total Units","Total Cas","Total Fats","Total SI","Total MI","Year","Month","Day","Time","Area Speed","Road Surface","Moisture Cond","Weather Cond","DayNight","Crash Type","Unit Resp","DUI Involved","Drugs Involved","ACCLOC_X","ACCLOC_Y"
"2022-32832-19/09/2025","LOCK","DC ELLISTON.",1,1,0,0,1,2022,"September","Saturday","12:00 pm",110,"Sealed","Dry","Not Raining","Daylight","Roll Over",1,,,1069013.95,1822284.36
"2022-32833-19/09/2025","OTTOWAY","CITY OF PORT ADELAIDE ENFIELD",2,1,0,0,1,2022,"September","Saturday","01:15 pm",60,"Sealed","Dry","Not Raining","Daylight","Right Angle",2,,,1322601.56,1679131.07
"2022-32836-19/09/2025","LOCKLEYS","CITY OF WEST TORRENS",2,3,0,0,3,2022,"September","Saturday","02:05 pm",60,"Sealed","Dry","Not Raining","Daylight","Right Turn",2,,,1321888.03,1669990.23
"2022-32840-19/09/2025","PARKSIDE","CITY OF UNLEY",2,1,0,0,1,2022,"September","Saturday","03:00 pm",60,"Sealed","Dry","Not Raining","Daylight","Rear End",2,,,1329057.07,1668963.89
"2022-32842-19/09/2025","DAVOREN PARK","CITY OF PLAYFORD.",2,1,0,0,1,2022,"September","Saturday","05:27 pm",50,"Sealed","Dry","Not Raining","Daylight","Right Angle",1,,,1336298.13,1697033.6
"2022-32846-19/09/2025","ANANGU PITJANTJATJARA YANKUNYTJATJARA",,1,1,0,1,0,2022,"September","Saturday","03:40 pm",100,"Unsealed","Dry","Not Raining","Daylight","Roll Over",1,,,613065.12,2638640.59
"2022-32848-19/09/2025","ALDINGA BEACH","CITY OF ONKAPARINGA",2,1,1,0,0,2022,"September","Saturday","09:35 pm",80,"Sealed","Dry","Not Raining","Night","Hit Pedestrian",2,"Y",,1314653.31,1628739.17
"2022-32851-19/09/2025","SUNNYBRAE","DC OF PETERBOROUGH",2,2,0,1,1,2022,"September","Saturday","11:10 pm",100,"Unsealed","Dry","Not Raining","Night","Roll Over",1,"Y","Y",1353839.36,1880451.36
"2022-32855-19/09/2025","BLACKWOOD","CC MITCHAM.",3,2,0,1,1,2022,"September","Sunday","10:42 am",50,"Sealed","Dry","Not Raining","Daylight","Hit Pedestrian",2,,,1329746.92,1659899.03
"2022-32857-19/09/2025","BEAUMONT","CITY OF BURNSIDE",2,1,0,0,1,2022,"September","Sunday","11:37 am",50,"Sealed","Dry","Not Raining","Daylight","Hit Parked Vehicle",1,,,1334157.8,1667678.77
"2022-32863-19/09/2025","WISTOW","DC MT.BARKER.",2,1,0,0,1,2022,"September","Sunday","10:40 am",60,"Sealed","Dry","Not Raining","Daylight","Rear End",2,,,1354030.88,1649140.06
"2022-32865-19/09/2025","BORDERTOWN","DC TATIARA.",2,1,0,0,1,2022,"September","Sunday","02:20 pm",50,"Sealed","Dry","Not Raining","Daylight","Hit Parked Vehicle",1,,,1519300.58,1508029
"2022-32871-19/09/2025","WEST CROYDON","CITY OF CHARLES STURT",2,1,0,0,1,2022,"September","Sunday","05:01 pm",60,"Sealed","Dry","Not Raining","Daylight","Right Angle",1,,,1324649.55,1674245.6
"2022-32872-19/09/2025","WALKERVILLE","WALKERVILLE TOWN COUNCIL",2,1,0,0,1,2022,"September","Sunday","05:15 pm",60,"Sealed","Dry","Not Raining","Daylight","Right Turn",1,,,1329483.39,1674233.16
"2022-32873-19/09/2025","HAWKER","THE FLINDERS RANGES COUNCIL.",1,1,0,0,1,2022,"September","Saturday","09:16 am",110,"Sealed","Dry","Not Raining","Daylight","Roll Over",1,,,1318069.87,2016015.13
"2022-32874-19/09/2025","CHRISTIE DOWNS","CITY OF ONKAPARINGA",2,1,0,0,1,2022,"September","Sunday","06:40 pm",100,"Sealed","Dry","Not Raining","Night","Hit Fixed Object",1,,,1319313.09,1649094.42
"2022-32883-19/09/2025","GLEN OSMOND","CITY OF BURNSIDE",2,1,0,0,1,2022,"September","Monday","01:21 pm",60,"Sealed","Dry","Not Raining","Daylight","Hit Fixed Object",1,,"Y",1332384.87,1666549.2
"2022-32886-19/09/2025","SALISBURY NORTH","CITY OF SALISBURY",2,1,0,1,0,2022,"September","Monday","02:40 pm",60,"Sealed","Dry","Not Raining","Daylight","Hit Pedestrian",2,,,1331067.07,1690098.86
"2022-32889-19/09/2025","KIDMAN PARK","CITY OF CHARLES STURT",2,1,0,0,1,2022,"September","Monday","08:00 am",60,"Sealed","Dry","Not Raining","Daylight","Right Angle",2,,,1321925.33,1673102.36
"2022-32890-19/09/2025","WINDSOR GARDENS","CITY OF PORT ADELAIDE ENFIELD",2,1,0,0,1,2022,"September","Monday","03:45 pm",50,"Sealed","Dry","Not Raining","Daylight","Hit Pedestrian",2,,,1333008.74,1676373.46
"2022-32897-19/09/2025","WAYVILLE","CITY OF UNLEY",4,1,0,0,1,2022,"September","Monday","12:50 pm",60,"Sealed","Dry","Not Raining","Daylight","Rear End",1,,,1326865.31,1668904.7
"2022-32906-19/09/2025","TRURO","MID MURRAY DISTRICT COUNCIL",1,1,0,0,1,2022,"September","Sunday","03:50 pm",80,"Unsealed","Dry","Not Raining","Daylight","Roll Over",1,,,1390020.07,1717250.17
"2022-32907-19/09/2025","WINGFIELD","CITY OF PORT ADELAIDE ENFIELD",3,2,0,0,2,2022,"September","Tuesday","10:42 am",50,"Sealed","Dry","Not Raining","Daylight","Right Angle",1,,,1323909.12,1679243.24
"2022-32911-19/09/2025","MUNNO PARA","CITY OF PLAYFORD.",3,2,0,0,2,2022,"September","Tuesday","11:49 am",60,"Sealed","Dry","Not Raining","Daylight","Rear End",1,,,1336786.19,1698476.01
"2022-32914-19/09/2025","MELROSE PARK","CC MITCHAM.",3,2,0,0,2,2022,"August","Tuesday","03:30 pm",60,"Sealed","Dry","Not Raining","Daylight","Rear End",1,,,1325952.51,1663735.05
"2022-32916-19/09/2025","BRIDGEWATER","THE ADELAIDE HILLS COUNCIL",2,1,0,0,1,2022,"September","Saturday","05:40 am",110,"Sealed","Dry","Not Raining","Night","Hit Animal",2,,,1344051.1,1661192.35
"2022-32922-19/09/2025","TRANMERE","CC CAMPBELLTOWN.",2,2,0,0,2,2022,"September","Tuesday","06:08 pm",50,"Sealed","Dry","Not Raining","Night","Right Turn",1,,,1334487.44,1673643.24
"2022-32924-19/09/2025","ROYSTON PARK","CC OF NORWOOD,PAYNEHAM & ST PETERS",2,1,0,0,1,2022,"September","Tuesday","06:18 pm",60,"Sealed","Dry","Not Raining","Night","Right Turn",1,,,1331960.26,1673529.43
"2022-32927-19/09/2025","MOUNT BARKER","DC MT.BARKER.",2,1,0,1,0,2022,"September","Tuesday","05:23 pm",50,"Sealed","Dry","Not Raining","Daylight","Right Angle",1,,"Y",1352445.18,1651734.5
"2022-32932-19/09/2025","REDWOOD PARK","CITY OF TEA TREE GULLY",2,2,1,1,0,2022,"September","Wednesday","03:02 am",60,"Sealed","Dry","Not Raining","Night","Hit Fixed Object",1,"Y",,1338036.79,1682527.79
"2022-32934-19/09/2025","VERDUN","THE ADELAIDE HILLS COUNCIL",1,1,0,0,1,2022,"September","Tuesday","04:30 am",60,"Sealed","Wet","Raining","Night","Left Road - Out of Control",1,,,1346334.85,1660882.16
"2022-32935-19/09/2025","ADELAIDE","CITY OF ADELAIDE",2,1,0,0,1,2022,"September","Wednesday","08:15 am",50,"Sealed","Dry","Not Raining","Daylight","Hit Pedestrian",2,,,1329015,1671113.76
"2022-32939-19/09/2025","PARADISE","CC CAMPBELLTOWN.",2,2,0,0,2,2022,"September","Wednesday","08:42 am",60,"Sealed","Dry","Not Raining","Daylight","Right Turn",2,,,1334461.82,1676974.32
"2022-32941-19/09/2025","MURRAY BRIDGE","RC MURRAY BRIDGE.",2,2,0,0,2,2022,"September","Wednesday","09:00 am",60,"Sealed","Dry","Not Raining","Daylight","Rear End",2,,,1388660.02,1644639.42
"2022-32942-19/09/2025","BROOKLYN PARK","CITY OF WEST TORRENS",3,1,0,0,1,2022,"September","Wednesday","09:15 am",60,"Sealed","Dry","Not Raining","Daylight","Right Turn",1,,,1323191.36,1670302.84
"2022-32943-19/09/2025","MURRAY BRIDGE","RC MURRAY BRIDGE.",2,3,0,0,3,2022,"September","Wednesday","08:40 am",50,"Sealed","Dry","Not Raining","Daylight","Right Angle",2,,,1388961.56,1646041.94
"2022-32947-19/09/2025","KINGSWOOD","CC MITCHAM.",2,1,0,0,1,2022,"September","Wednesday","09:25 am",60,"Sealed","Dry","Not Raining","Daylight","Hit Pedestrian",2,,,1329143.78,1665955.36
"2022-32948-19/09/2025","BALAKLAVA","WAKEFIELD REGIONAL COUNCIL",2,1,0,0,1,2022,"September","Wednesday","08:40 am",50,"Sealed","Unknown","Unknown","Daylight","Rear End",2,,,1314268.14,1757081.06
"2022-32951-19/09/2025","GLEN OSMOND","CITY OF BURNSIDE",3,1,0,0,1,2022,"September","Wednesday","11:04 am",60,"Sealed","Dry","Not Raining","Daylight","Rear End",1,,,1332402.29,1666443.72
"2022-32952-19/09/2025","STUARTS CREEK",,1,1,0,1,0,2022,"August","Monday","10:30 am",100,"Unsealed","Dry","Not Raining","Daylight","Roll Over",1,,,1189269.69,2280066.84
"2022-32953-19/09/2025","NEWTON","CC CAMPBELLTOWN.",2,1,0,0,1,2022,"September","Wednesday","11:09 am",60,"Sealed","Dry","Not Raining","Daylight","Hit Fixed Object",1,,,1336267.3,1674576.93
"2022-32959-19/09/2025","ALDINGA BEACH","CITY OF ONKAPARINGA",2,1,0,0,1,2022,"September","Tuesday","05:00 pm",50,"Sealed","Dry","Not Raining","Daylight","Rear End",2,,,1314295.51,1632518.05
"2022-32960-19/09/2025","COOKE PLAINS","COORONG DISTRICT COUNCIL",1,1,0,0,1,2022,"September","Wednesday","10:53 am",60,"Unsealed","Dry","Not Raining","Daylight","Roll Over",1,,,1410431.4,1613067.76
"2022-32962-19/09/2025","LOVEDAY","THE BERRI BARMERA COUNCIL",2,2,0,0,2,2022,"September","Wednesday","12:45 pm",60,"Sealed","Dry","Not Raining","Daylight","Right Angle",1,,,1497578.72,1734055.3
"2022-32963-19/09/2025","SALISBURY PLAIN","CITY OF SALISBURY",2,1,1,0,0,2022,"September","Wednesday","01:39 pm",80,"Sealed","Wet","Unknown","Daylight","Hit Fixed Object",1,,,1335272.83,1687930.67
"2022-32967-19/09/2025","GRANGE","CITY OF CHARLES STURT",2,1,0,0,1,2022,"September","Wednesday","03:47 pm",60,"Sealed","Dry","Not Raining","Daylight","Right Angle",1,,,1319937.72,1673924.29
"2022-32971-19/09/2025","PORT ADELAIDE","CITY OF PORT ADELAIDE ENFIELD",2,1,0,0,1,2022,"September","Wednesday","05:20 pm",50,"Sealed","Dry","Not Raining","Daylight","Right Angle",1,,,1320238.99,1679822.89
"2022-32974-19/09/2025","ROSTREVOR","CC CAMPBELLTOWN.",2,1,0,0,1,2022,"September","Wednesday","02:50 pm",60,"Sealed","Dry","Not Raining","Daylight","Right Turn",1,,,1335450.52,1672991.24
"2022-32982-19/09/2025","GOLDEN GROVE","CITY OF TEA TREE GULLY",2,2,0,0,2,2022,"September","Thursday","07:04 am",60,"Sealed","Dry","Not Raining","Daylight","Right Turn",1,,,1337889.71,1685361.47
"2022-32983-19/09/2025","SALISBURY EAST","CITY OF SALISBURY",2,1,0,0,1,2022,"September","Thursday","07:35 am",60,"Sealed","Dry","Not Raining","Daylight","Right Angle",2,,,1335027.99,1685726.25
"2022-32984-19/09/2025","COWELL","DC FRANKLIN HARBOR.",2,1,0,0,1,2022,"September","Sunday","12:10 pm",110,"Sealed","Dry","Not Raining","Daylight","Side Swipe",2,,,1165869.77,1805855.54
"2022-32986-19/09/2025","SEAFORD","CITY OF ONKAPARINGA",3,1,0,1,0,2022,"September","Thursday","08:40 am",70,"Sealed","Wet","Raining","Daylight","Rear End",1,,,1316382.39,1641503.72
"2022-32989-19/09/2025","WOKURNA","WAKEFIELD REGIONAL COUNCIL",1,1,0,0,1,2022,"September","Wednesday","11:20 am",100,"Unsealed","Wet","Raining","Daylight","Roll Over",1,,,1287111.9,1802113.18
"2022-32992-19/09/2025","MUNNO PARA","CITY OF PLAYFORD.",2,1,0,0,1,2022,"September","Thursday","10:12 am",60,"Sealed","Dry","Not Raining","Daylight","Right Angle",1,,,1336679.34,1698538.76
"2022-32999-19/09/2025","CUDLEE CREEK","THE ADELAIDE HILLS COUNCIL",2,1,0,1,0,2022,"September","Thursday","10:10 am",80,"Sealed","Dry","Not Raining","Daylight","Hit Fixed Object",1,,,1352598.22,1675032.87
"2022-33008-19/09/2025","MAWSON LAKES","CITY OF SALISBURY",2,1,0,0,1,2022,"September","Thursday","03:55 pm",70,"Sealed","Wet","Raining","Daylight","Right Angle",2,,,1329252.14,1684034.21
"2022-33012-19/09/2025","WEST HINDMARSH","CITY OF CHARLES STURT",2,1,0,0,1,2022,"September","Thursday","05:05 pm",60,"Sealed","Wet","Raining","Daylight","Rear End",2,,,1325150.39,1673172.92
"2022-33021-19/09/2025","HACKHAM","CITY OF ONKAPARINGA",2,1,0,0,1,2022,"September","Thursday","06:00 pm",60,"Sealed","Wet","Raining","Daylight","Right Angle",1,,,1320919.16,1647533.74
"2022-33029-19/09/2025","MOUNT BARKER","DC MT.BARKER.",2,1,0,0,1,2022,"September","Thursday","06:04 pm",60,"Sealed","Wet","Raining","Night","Right Angle",2,,,1352689.27,1652109.68
"2022-33032-19/09/2025","PARADISE","CC CAMPBELLTOWN.",2,1,0,0,1,2022,"September","Friday","06:05 am",60,"Sealed","Wet","Raining","Night","Right Turn",2,,,1334461.82,1676974.32
"2022-33036-19/09/2025","TORRENS PARK","CC MITCHAM.",3,1,0,0,1,2022,"September","Friday","08:20 am",50,"Sealed","Wet","Raining","Daylight","Hit Parked Vehicle",1,,"Y",1329328.25,1663467.04
"2022-33042-19/09/2025","WOODVILLE PARK","CITY OF CHARLES STURT",2,1,0,0,1,2022,"September","Thursday","05:30 pm",60,"Sealed","Wet","Raining","Daylight","Rear End",2,,,1324189.9,1676261.61
"2022-33044-19/09/2025","PORT WAKEFIELD","WAKEFIELD REGIONAL COUNCIL",2,1,0,0,1,2022,"September","Thursday","01:50 pm",40,"Sealed","Dry","Not Raining","Daylight","Rear End",2,,,1290321.69,1754478.76
"2022-33052-19/09/2025","MILE END SOUTH","CITY OF WEST TORRENS",2,1,0,0,1,2022,"September","Friday","02:00 pm",60,"Sealed","Dry","Not Raining","Daylight","Hit Pedestrian",2,,,1325799.23,1669146.61
"2022-33056-19/09/2025","MYRTLE BANK","CITY OF UNLEY",3,1,0,0,1,2022,"September","Friday","03:38 pm",60,"Sealed","Wet","Not Raining","Daylight","Right Turn",1,,,1332090.89,1666331.03
"2022-33060-19/09/2025","SALISBURY PLAIN","CITY OF SALISBURY",3,3,0,0,3,2022,"September","Friday","05:27 pm",60,"Sealed","Dry","Not Raining","Daylight","Rear End",1,,,1334503.6,1687364.37
"2022-33061-19/09/2025","KLEMZIG","CITY OF PORT ADELAIDE ENFIELD",3,1,0,0,1,2022,"September","Wednesday","08:00 pm",60,"Sealed","Wet","Raining","Night","Rear End",1,,,1331621.45,1676191.52
"2022-33064-19/09/2025","PARILLA","SOUTHERN MALLEE DISTRICT COUNCIL",2,2,0,1,1,2022,"September","Friday","05:21 pm",100,"Unsealed","Wet","Raining","Daylight","Roll Over",1,,,1508821.7,1609991.31
"2022-33067-19/09/2025","VALLEY VIEW","CITY OF SALISBURY",2,1,0,0,1,2022,"September","Friday","08:30 pm",60,"Sealed","Wet","Raining","Night","Head On",2,"Y","Y",1334522.88,1680533.71
"2022-33068-19/09/2025","MOUNT GAMBIER","CC MT.GAMBIER.",2,3,0,0,3,2022,"September","Friday","07:55 pm",50,"Sealed","Wet","Raining","Night","Hit Fixed Object",1,,,1510769.06,1339887.34
"2022-33069-19/09/2025","WEST BEACH","CITY OF WEST TORRENS",3,2,0,0,2,2022,"September","Friday","08:55 pm",80,"Sealed","Wet","Not Raining","Night","Right Turn",1,,,1320929.56,1668827.66
"2022-33081-19/09/2025","SMITHFIELD PLAINS","CITY OF PLAYFORD.",2,1,0,0,1,2022,"October","Sunday","07:37 am",50,"Sealed","Dry","Not Raining","Daylight","Hit Parked Vehicle",1,,,1336404.15,1698578.78
"2022-33083-19/09/2025","WALKERVILLE","WALKERVILLE TOWN COUNCIL",1,1,0,0,1,2022,"September","Saturday","12:10 pm",50,"Sealed","Dry","Not Raining","Daylight","Roll Over",9,,,1330202.65,1674006.04
"2022-33084-19/09/2025","KURRALTA PARK","CITY OF WEST TORRENS",2,1,0,0,1,2022,"September","Sunday","12:55 pm",60,"Sealed","Wet","Raining","Daylight","Right Angle",2,,,1325453.61,1667458.84
"2022-33087-19/09/2025","MILLICENT","WATTLE RANGE COUNCIL",2,1,0,0,1,2022,"September","Saturday","12:15 pm",60,"Sealed","Dry","Not Raining","Daylight","Rear End",1,,,1474583.31,1366694.05
"2022-33092-19/09/2025","WARBURTO","COPPER COAST DISTRICT COUNCIL",1,2,0,2,0,2022,"September","Saturday","02:05 pm",50,"Unsealed","Wet","Not Raining","Daylight","Roll Over",1,,,1236362.15,1778708.13
"2022-33107-19/09/2025","ADELAIDE","CITY OF ADELAIDE",2,1,0,0,1,2022,"September","Sunday","08:30 am",60,"Sealed","Dry","Not Raining","Daylight","Rear End",2,,,1327382.28,1670486.86
"2022-33111-19/09/2025","SHEIDOW PARK","CC MARION.",2,4,0,0,4,2022,"September","Sunday","11:35 am",50,"Sealed","Dry","Not Raining","Daylight","Rear End",1,,,1321273.24,1653827.38
"2022-33117-19/09/2025","ADELAIDE AIRPORT","CITY OF WEST TORRENS",2,1,0,1,0,2022,"September","Sunday","02:10 pm",50,"Sealed","Dry","Not Raining","Daylight","Hit Fixed Object",1,,,1323183.83,1669733.91
"2022-33118-19/09/2025","WILLUNGA SOUTH","CITY OF ONKAPARINGA",2,1,0,0,1,2022,"September","Sunday","02:19 pm",80,"Sealed","Dry","Not Raining","Daylight","Hit Fixed Object",1,,,1323576.07,1629853.47
"2022-33126-19/09/2025","ADELAIDE","CITY OF ADELAIDE",2,1,0,0,1,2022,"September","Sunday","08:55 pm",50,"Sealed","Dry","Not Raining","Night","Side Swipe",2,,,1327822.99,1670169.17
"2022-33127-19/09/2025","GEPPS CROSS","CITY OF PORT ADELAIDE ENFIELD",2,1,0,0,1,2022,"September","Sunday","09:31 pm",60,"Sealed","Dry","Not Raining","Night","Right Turn",1,,,1328821.62,1679280.51
"2022-33132-19/09/2025","BELAIR","CC MITCHAM.",3,1,0,1,0,2022,"September","Monday","08:00 am",60,"Sealed","Wet","Raining","Daylight","Right Angle",2,,,1330512.93,1662840.71
"2022-33141-19/09/2025","MCLAREN FLAT","CITY OF ONKAPARINGA",2,1,0,0,1,2022,"September","Sunday","11:45 am",80,"Sealed","Dry","Not Raining","Daylight","Right Angle",2,,,1325495.46,1640331.18
"2022-33142-19/09/2025","WEST LAKES SHORE","CITY OF CHARLES STURT",3,2,0,0,2,2022,"September","Monday","11:06 am",50,"Sealed","Dry","Not Raining","Daylight","Right Angle",1,,,1318654.34,1678196.08
"2022-33147-19/09/2025","MOONTA","COPPER COAST DISTRICT COUNCIL",2,1,0,0,1,2022,"September","Monday","03:30 pm",50,"Sealed","Dry","Not Raining","Daylight","Hit Pedestrian",1,,,1238691.78,1768235.01
"2022-33148-19/09/2025","SALISBURY SOUTH","CITY OF SALISBURY",3,1,0,0,1,2022,"September","Monday","03:42 pm",60,"Sealed","Dry","Not Raining","Daylight","Rear End",1,,,1332438.93,1686196.71
"2022-33150-19/09/2025","LEAWOOD GARDENS","CC MITCHAM.",3,1,0,0,1,2022,"September","Monday","04:06 pm",90,"Sealed","Dry","Not Raining","Daylight","Hit Fixed Object",1,,"Y",1334109.08,1665725.46
"2022-33154-19/09/2025","PARKSIDE","CITY OF UNLEY",3,1,0,0,1,2022,"September","Monday","04:36 pm",60,"Sealed","Dry","Not Raining","Daylight","Right Angle",1,,,1330288.7,1668651.93
"2022-33158-19/09/2025","ECHUNGA","DC MT.BARKER.",4,1,0,1,0,2022,"September","Monday","04:00 pm",80,"Sealed","Dry","Not Raining","Daylight","Right Angle",2,,,1345916.24,1653278.97
"2022-33159-19/09/2025","PENFIELD","CITY OF PLAYFORD.",2,1,0,0,1,2022,"September","Monday","06:23 pm",60,"Sealed","Dry","Not Raining","Night","Hit Fixed Object",1,,,1333329.71,1695083.19
"2022-33164-19/09/2025","HINDMARSH","CITY OF CHARLES STURT",2,1,0,0,1,2022,"September","Monday","09:50 pm",60,"Sealed","Dry","Not Raining","Night","Right Angle",2,,,1325751.39,1673287.71
"2022-33169-19/09/2025","MONTACUTE","THE ADELAIDE HILLS COUNCIL",2,1,0,0,1,2022,"September","Tuesday","05:39 am",60,"Sealed","Dry","Not Raining","Night","Hit Fixed Object",1,,,1339956.83,1677629.28
"2022-33172-19/09/2025","WINGFIELD","CITY OF PORT ADELAIDE ENFIELD",2,1,0,0,1,2022,"September","Tuesday","08:20 am",60,"Sealed","Dry","Not Raining","Daylight","Rear End",2,,,1325526.91,1679186.68
"2022-33176-19/09/2025","PROSPECT","CITY OF PROSPECT",2,1,0,0,1,2022,"September","Tuesday","08:35 am",60,"Sealed","Dry","Not Raining","Daylight","Hit Pedestrian",2,,,1328880.27,1676201.24
"2022-33177-19/09/2025","TORRENSVILLE","CITY OF WEST TORRENS",3,1,0,0,1,2022,"September","Tuesday","08:30 am",60,"Sealed","Dry","Not Raining","Daylight","Rear End",2,,,1324383.49,1670955.9
"2022-33178-19/09/2025","CROYDON PARK","CITY OF PORT ADELAIDE ENFIELD",2,1,0,0,1,2022,"September","Tuesday","09:20 am",60,"Sealed","Dry","Not Raining","Daylight","Rear End",1,,,1326370.09,1676373.17
"2022-33185-19/09/2025","HINDMARSH VALLEY","DC VICTOR HARBOR.",2,1,0,1,0,2022,"September","Tuesday","11:06 am",100,"Sealed","Dry","Not Raining","Daylight","Right Angle",2,,,1328998.21,1607115.69
"2022-33186-19/09/2025","MOUNT BARKER","DC MT.BARKER.",3,2,0,0,2,2022,"September","Tuesday","10:20 am",80,"Sealed","Dry","Not Raining","Daylight","Head On",1,,,1349749.97,1651004.75
"2022-33189-19/09/2025","GILLES PLAINS","CITY OF PORT ADELAIDE ENFIELD",2,1,0,0,1,2022,"August","Saturday","12:10 pm",60,"Sealed","Dry","Not Raining","Daylight","Rear End",2,,,1333714.24,1678206.55
"2022-33191-19/09/2025","NORTH ADELAIDE","CITY OF ADELAIDE",2,1,0,0,1,2022,"September","Sunday","04:00 pm",50,"Sealed","Dry","Not Raining","Daylight","Right Turn",1,,,1327944.4,1672141.81
"2022-33194-19/09/2025","BUNGAMA","PT.PIRIE CITY & DIST. COUNCIL",2,1,0,1,0,2022,"September","Tuesday","01:10 pm",100,"Sealed","Dry","Not Raining","Daylight","Side Swipe",2,,,1284161.31,1863783.5
"2022-33195-19/09/2025","MOUNT GAMBIER","CC MT.GAMBIER.",3,1,0,0,1,2022,"September","Tuesday","11:10 am",60,"Sealed","Dry","Not Raining","Daylight","Rear End",1,,,1511471.41,1338986.42
"2022-33196-19/09/2025","KURRALTA PARK","CITY OF WEST TORRENS",2,1,0,1,0,2022,"September","Tuesday","02:17 pm",50,"Sealed","Dry","Not Raining","Daylight","Right Angle",1,,,1325073.63,1667794.03
"2022-33197-19/09/2025","SEATON","CITY OF CHARLES STURT",1,1,0,0,1,2022,"September","Tuesday","01:25 pm",50,"Sealed","Dry","Not Raining","Daylight","Other",1,,,1321137.81,1674234.03
"2022-33199-19/09/2025","LIGHTSVIEW","CITY OF PORT ADELAIDE ENFIELD",2,1,0,0,1,2022,"September","Tuesday","03:00 pm",60,"Sealed","Dry","Not Raining","Daylight","Right Turn",1,,,1330422.53,1677555.38
"2022-33201-19/09/2025","OLD REYNELLA","CITY OF ONKAPARINGA",2,1,0,0,1,2022,"September","Tuesday","04:09 pm",50,"Sealed","Dry","Not Raining","Daylight","Hit Fixed Object",1,,,1322375.95,1652276.82
"2022-33213-19/09/2025","KIDMAN PARK","CITY OF CHARLES STURT",2,1,0,0,1,2022,"September","Tuesday","06:52 pm",60,"Sealed","Dry","Not Raining","Night","Right Turn",2,,,1322419.52,1673125.07
"2022-33214-19/09/2025","REGENCY PARK","CITY OF PORT ADELAIDE ENFIELD",2,2,0,2,0,2022,"September","Tuesday","06:25 pm",60,"Sealed","Dry","Not Raining","Night","Right Turn",1,,,1325607.04,1676364.17
"2022-33216-19/09/2025","TORRENSVILLE","CITY OF WEST TORRENS",2,1,0,1,0,2022,"September","Tuesday","07:40 pm",50,"Sealed","Dry","Not Raining","Night","Right Angle",1,,,1324858.4,1671179.69
"2022-33219-19/09/2025","PENFIELD","CITY OF PLAYFORD.",2,4,1,3,0,2022,"September","Tuesday","09:46 pm",60,"Sealed","Dry","Not Raining","Night","Hit Fixed Object",1,"Y",,1332865.93,1695341.49
"2022-33220-19/09/2025","MONARTO SOUTH","RC MURRAY BRIDGE.",2,1,0,0,1,2022,"September","Tuesday","11:50 pm",110,"Sealed","Dry","Not Raining","Night","Hit Animal",2,,,1380100.26,1644091.74
"2022-33223-19/09/2025","WHYALLA STUART","CC WHYALLA.",2,1,0,0,1,2022,"September","Wednesday","07:55 am",50,"Sealed","Wet","Raining","Daylight","Hit Fixed Object",1,,"Y",1234575.08,1884646.39
"2022-33224-19/09/2025","ARKAROOLA",,1,1,0,1,0,2022,"September","Friday","08:30 am",100,"Unsealed","Dry","Not Raining","Daylight","Roll Over",1,,,1419701.39,2175442.27
"2022-33225-19/09/2025","YELLABINNA",,1,1,0,1,0,2022,"September","Tuesday","01:00 pm",50,"Unsealed","Dry","Not Raining","Daylight","Roll Over",1,,,899578.07,2067222.44
"2022-33227-19/09/2025","WOODCROFT","CITY OF ONKAPARINGA",2,1,0,0,1,2022,"September","Wednesday","08:27 am",80,"Sealed","Dry","Not Raining","Daylight","Rear End",2,,,1323018.96,1652240.77
"2022-33228-19/09/2025","INGLEWOOD","THE ADELAIDE HILLS COUNCIL",3,1,0,0,1,2022,"September","Tuesday","04:00 pm",50,"Sealed","Dry","Not Raining","Daylight","Hit Fixed Object",1,,,1345102.9,1681225.84
"2022-33243-19/09/2025","ENFIELD","CITY OF PORT ADELAIDE ENFIELD",2,2,0,0,2,2022,"September","Wednesday","08:40 am",60,"Sealed","Wet","Raining","Daylight","Rear End",2,,,1328818.5,1678715.17
"2022-33247-19/09/2025","PARK HOLME","CC MARION.",2,1,0,1,0,2022,"September","Tuesday","01:45 pm",60,"Sealed","Dry","Not Raining","Daylight","Rear End",2,,,1324312.53,1663694.14
"2022-33251-19/09/2025","WOODVILLE WEST","CITY OF CHARLES STURT",1,1,0,0,1,2022,"September","Wednesday","05:13 pm",60,"Sealed","Wet","Raining","Daylight","Roll Over",1,,,1322318.25,1676187.49
"2022-33254-19/09/2025","WOODVILLE NORTH","CITY OF CHARLES STURT",2,1,0,0,1,2022,"September","Wednesday","05:25 pm",60,"Sealed","Dry","Not Raining","Daylight","Rear End",1,,,1323933.48,1677939.94
"2022-33262-19/09/2025","EDEN HILLS","CC MITCHAM.",2,1,0,0,1,2022,"September","Wednesday","09:20 pm",60,"Sealed","Dry","Not Raining","Night","Hit Parked Vehicle",1,,,1326948.04,1659710.53