"REPORT_ID","Suburb","LGA Name","Total Units","Total Cas","Total Fats","Total SI","Total MI","Year","Month","Day","Time","Area Speed","Road Surface","Moisture Cond","Weather Cond","DayNight","Crash Type","Unit Resp","DUI Involved","Drugs Involved","ACCLOC_X","ACCLOC_Y"
"2022-33267-19/09/2025","FULHAM GARDENS","CITY OF CHARLES STURT",2,1,0,0,1,2022,"September","Thursday","08:15 am",60,"Sealed","Dry","Not Raining","Daylight","Right Angle",1,,,1320548.62,1673074.11
"2022-33276-19/09/2025","GAWLER SOUTH","CT GAWLER.",2,1,0,0,1,2022,"September","Thursday","10:09 am",50,"Sealed","Dry","Not Raining","Daylight","Side Swipe",1,,,1342909.27,1705560.6
"2022-33281-19/09/2025","SHEIDOW PARK","CC MARION.",3,1,0,0,1,2022,"September","Thursday","12:03 pm",50,"Sealed","Dry","Not Raining","Daylight","Hit Fixed Object",1,,,1321788.95,1654021.35
"2022-33282-19/09/2025","MAWSON LAKES","CITY OF SALISBURY",3,1,0,0,1,2022,"September","Thursday","02:18 pm",70,"Sealed","Dry","Not Raining","Daylight","Rear End",1,,,1329549.75,1684430.78
"2022-33284-19/09/2025","OTTOWAY","CITY OF PORT ADELAIDE ENFIELD",3,1,0,0,1,2022,"September","Thursday","03:00 pm",60,"Sealed","Wet","Raining","Daylight","Rear End",1,,,1323635.64,1679155.41
"2022-33285-19/09/2025","ELIZABETH VALE","CITY OF PLAYFORD.",1,1,0,1,0,2022,"September","Thursday","02:40 pm",60,"Sealed","Dry","Not Raining","Daylight","Roll Over",1,,,1335108.32,1690968.3
"2022-33286-19/09/2025","ATHOL PARK","CITY OF CHARLES STURT",2,1,0,0,1,2022,"September","Wednesday","03:15 pm",50,"Sealed","Dry","Not Raining","Daylight","Right Angle",2,,,1323679.93,1678975.03
"2022-33288-19/09/2025","PENFIELD GARDENS","CITY OF PLAYFORD.",2,1,0,0,1,2022,"September","Thursday","03:45 pm",60,"Sealed","Wet","Not Raining","Daylight","Rear End",2,,,1333018.38,1700611.59
"2022-33289-19/09/2025","PARALOWIE","CITY OF SALISBURY",3,1,0,0,1,2022,"September","Thursday","03:45 pm",60,"Sealed","Wet","Raining","Daylight","Rear End",1,,,1329520.22,1688343.43
"2022-33297-19/09/2025","LOWER MITCHAM","CC MITCHAM.",2,1,0,0,1,2022,"September","Thursday","06:29 pm",50,"Sealed","Dry","Not Raining","Night","Hit Fixed Object",1,,,1328744.6,1665050.37
"2022-33298-19/09/2025","FLINDERS RANGES",,1,1,0,1,0,2022,"September","Thursday","01:29 pm",90,"Sealed","Dry","Not Raining","Daylight","Roll Over",1,,,1351618.05,2066383.32
"2022-33302-19/09/2025","RIDGEHAVEN","CITY OF TEA TREE GULLY",2,1,0,0,1,2022,"September","Thursday","07:10 pm",60,"Sealed","Wet","Raining","Night","Right Angle",1,,,1337527.15,1681816.09
"2022-33305-19/09/2025","POORAKA","CITY OF SALISBURY",2,1,0,1,0,2022,"September","Thursday","07:26 pm",70,"Sealed","Wet","Raining","Night","Side Swipe",2,,,1331035.92,1682510.4
"2022-33310-19/09/2025","GOULD CREEK","CITY OF PLAYFORD.",1,1,0,1,0,2022,"September","Thursday","09:55 pm",80,"Sealed","Wet","Not Raining","Night","Roll Over",1,"Y",,1337143.81,1690405.3
"2022-33312-19/09/2025","REDHILL","PT.PIRIE CITY & DIST. COUNCIL",1,1,0,0,1,2022,"September","Tuesday","05:08 am",100,"Unsealed","Wet","Not Raining","Night","Roll Over",1,,,1298010.2,1829615.34
"2022-33313-19/09/2025","NULLARBOR",,1,2,0,0,2,2022,"September","Friday","03:00 am",110,"Sealed","Dry","Not Raining","Night","Roll Over",1,,,523827.22,2036090.89
"2022-33317-19/09/2025","OAKDEN","CITY OF PORT ADELAIDE ENFIELD",2,1,0,0,1,2022,"September","Thursday","07:15 pm",50,"Sealed","Wet","Not Raining","Night","Right Angle",2,,,1332044.89,1678084.03
"2022-33319-19/09/2025","LIGHT PASS","THE BAROSSA COUNCIL.",2,1,0,0,1,2022,"September","Friday","07:35 am",80,"Sealed","Wet","Unknown","Daylight","Right Angle",2,,,1369886.37,1718733.13
"2022-33325-19/09/2025","ARTHURTON","YORKE PENINSULA COUNCIL",1,1,0,1,0,2022,"September","Friday","08:40 am",100,"Sealed","Wet","Not Raining","Daylight","Roll Over",1,,,1254265.81,1753120.27
"2022-33328-19/09/2025","KENT TOWN","CC OF NORWOOD,PAYNEHAM & ST PETERS",2,1,0,0,1,2022,"September","Thursday","03:42 pm",50,"Sealed","Dry","Not Raining","Daylight","Rear End",2,,,1330616.72,1671435.25
"2022-33329-19/09/2025","KURRALTA PARK","CITY OF WEST TORRENS",4,1,0,0,1,2022,"September","Friday","03:10 pm",60,"Sealed","Dry","Not Raining","Daylight","Hit Fixed Object",1,,,1325796.12,1668003.6
"2022-33332-19/09/2025","BIRDWOOD","THE ADELAIDE HILLS COUNCIL",2,2,0,0,2,2022,"September","Friday","03:56 pm",80,"Sealed","Wet","Not Raining","Daylight","Right Turn",2,,,1362394.41,1682854.54
"2022-33335-19/09/2025","TORRENSVILLE","CITY OF WEST TORRENS",2,1,0,0,1,2022,"August","Thursday","06:26 pm",60,"Sealed","Wet","Raining","Night","Rear End",2,,,1325740.32,1670993.32
"2022-33337-19/09/2025","SEMAPHORE SOUTH","CITY OF PORT ADELAIDE ENFIELD",2,1,0,0,1,2022,"September","Friday","05:45 pm",60,"Sealed","Dry","Not Raining","Daylight","Right Turn",1,,,1318225.49,1679306.36
"2022-33343-19/09/2025","SALISBURY DOWNS","CITY OF SALISBURY",2,1,0,0,1,2022,"September","Friday","06:20 pm",60,"Sealed","Dry","Not Raining","Night","Right Angle",1,,,1330537.47,1687541.91
"2022-33344-19/09/2025","MUNNO PARA WEST","CITY OF PLAYFORD.",2,1,0,0,1,2022,"September","Friday","08:10 am",60,"Sealed","Dry","Not Raining","Daylight","Rear End",2,,,1336112.7,1698861.75
"2022-33347-19/09/2025","CAREW","DC TATIARA.",2,1,1,0,0,2022,"September","Friday","08:00 pm",100,"Sealed","Wet","Raining","Night","Hit Fixed Object",1,,,1490203.37,1509051.29
"2022-33348-19/09/2025","MAWSON LAKES","CITY OF SALISBURY",2,1,0,0,1,2022,"September","Friday","07:13 pm",70,"Sealed","Dry","Not Raining","Night","Rear End",2,"Y",,1329490.12,1684327.5
"2022-33349-19/09/2025","PENFIELD","CITY OF PLAYFORD.",2,1,0,1,0,2022,"September","Friday","11:18 pm",80,"Sealed","Dry","Not Raining","Night","Hit Fixed Object",1,"Y",,1329674.11,1697214.12
"2022-33355-19/09/2025","KESWICK TERMINAL","CITY OF WEST TORRENS",2,2,0,0,2,2022,"September","Saturday","10:48 am",60,"Sealed","Wet","Not Raining","Daylight","Right Angle",2,,,1326408.45,1669183.98
"2022-33356-19/09/2025","PORT MACDONNELL","DISTRICT COUNCIL OF GRANT",2,2,0,1,1,2022,"September","Saturday","11:50 am",50,"Sealed","Wet","Not Raining","Daylight","Head On",1,,"Y",1498047.13,1316047.34
"2022-33362-19/09/2025","PARA HILLS","CITY OF SALISBURY",2,2,0,0,2,2022,"September","Friday","04:45 pm",50,"Sealed","Dry","Not Raining","Daylight","Rear End",2,,,1333816.47,1682714.86
"2022-33369-19/09/2025","ALDINGA BEACH","CITY OF ONKAPARINGA",2,1,0,1,0,2022,"September","Saturday","09:57 pm",50,"Sealed","Wet","Raining","Night","Hit Fixed Object",1,"Y",,1315445.37,1632171.38
"2022-33378-19/09/2025","SOUTH PLYMPTON","CC MARION.",2,1,0,0,1,2022,"September","Sunday","10:50 am",60,"Sealed","Dry","Not Raining","Daylight","Rear End",1,,,1324280.93,1665104.48
"2022-33381-19/09/2025","BROOKLYN PARK","CITY OF WEST TORRENS",2,1,0,0,1,2022,"September","Saturday","02:10 pm",60,"Sealed","Dry","Not Raining","Daylight","Rear End",1,,,1322742.48,1670069.94
"2022-33382-19/09/2025","HENLEY BEACH SOUTH","CITY OF CHARLES STURT",3,1,0,0,1,2022,"September","Sunday","12:40 pm",50,"Sealed","Dry","Not Raining","Daylight","Right Turn",2,,,1319150.95,1670379.65
"2022-33385-19/09/2025","GEPPS CROSS","CITY OF PORT ADELAIDE ENFIELD",5,1,0,0,1,2022,"September","Sunday","12:59 pm",70,"Sealed","Dry","Not Raining","Daylight","Rear End",1,,,1329539.04,1680375.19
"2022-33388-19/09/2025","GLENROY","WATTLE RANGE COUNCIL",2,2,0,2,0,2022,"September","Sunday","01:40 pm",110,"Sealed","Wet","Raining","Daylight","Side Swipe",2,,,1518645.84,1404306.18
"2022-33390-19/09/2025","TOOPERANG","ALEXANDRINA COUNCIL",3,1,0,1,0,2022,"September","Sunday","01:35 pm",100,"Sealed","Dry","Not Raining","Daylight","Rear End",2,,"Y",1339749.55,1621080.9
"2022-33392-19/09/2025","DAVOREN PARK","CITY OF PLAYFORD.",2,1,0,0,1,2022,"September","Sunday","04:23 pm",60,"Sealed","Wet","Raining","Daylight","Right Angle",1,,,1334519.59,1695743.64
"2022-33396-19/09/2025","GREENOCK","LIGHT REGIONAL COUNCIL",2,1,0,1,0,2022,"September","Sunday","10:40 pm",50,"Sealed","Wet","Raining","Night","Hit Fixed Object",1,"Y",,1360462.12,1721820.38
"2022-33406-19/09/2025","SALISBURY SOUTH","CITY OF SALISBURY",3,1,0,0,1,2022,"September","Monday","08:45 am",60,"Sealed","Dry","Not Raining","Daylight","Rear End",1,,,1332425.96,1686179.5
"2022-33408-19/09/2025","STIRLING","THE ADELAIDE HILLS COUNCIL",2,1,0,0,1,2022,"September","Sunday","12:40 pm",50,"Sealed","Wet","Raining","Daylight","Right Turn",2,,,1338686.92,1661348.61
"2022-33410-19/09/2025","ANGASTON","THE BAROSSA COUNCIL.",2,1,0,0,1,2022,"September","Monday","10:10 am",80,"Sealed","Dry","Not Raining","Daylight","Right Angle",2,,,1369232.76,1717106.68
"2022-33419-19/09/2025","SIMPSON DESERT",,1,1,0,0,1,2022,"September","Friday","12:55 pm",80,"Unsealed","Dry","Not Raining","Daylight","Roll Over",1,,,1271114.39,2658097.6
"2022-33436-19/09/2025","CLOVELLY PARK","CC MARION.",2,1,0,0,1,2022,"September","Tuesday","08:25 am",50,"Sealed","Dry","Not Raining","Daylight","Hit Pedestrian",1,,,1325167.23,1662831.68
"2022-33442-19/09/2025","VALE PARK","WALKERVILLE TOWN COUNCIL",2,1,0,0,1,2022,"September","Tuesday","09:25 am",60,"Sealed","Dry","Not Raining","Daylight","Rear End",1,,,1330635.32,1675352.25
"2022-33454-19/09/2025","MOUNT TORRENS","THE ADELAIDE HILLS COUNCIL",2,1,0,0,1,2022,"September","Tuesday","01:40 pm",100,"Sealed","Wet","Raining","Daylight","Hit Fixed Object",1,,,1359620.19,1674467.83
"2022-33455-19/09/2025","INGLEWOOD","THE ADELAIDE HILLS COUNCIL",2,1,0,0,1,2022,"September","Tuesday","03:05 pm",100,"Unsealed","Wet","Raining","Daylight","Hit Fixed Object",1,,,1345971.31,1684977.74
"2022-33456-19/09/2025","WALLAROO","COPPER COAST DISTRICT COUNCIL",2,2,0,0,2,2022,"September","Tuesday","03:26 pm",50,"Sealed","Wet","Raining","Daylight","Right Angle",2,,,1242202.67,1783431.58
"2022-33460-19/09/2025","ADELAIDE","CITY OF ADELAIDE",2,1,0,0,1,2022,"September","Tuesday","05:14 pm",50,"Sealed","Wet","Raining","Daylight","Right Angle",1,,,1328982.59,1670531.26
"2022-33461-19/09/2025","PORT LINCOLN","CC PT.LINCOLN.",2,2,0,0,2,2022,"September","Tuesday","04:45 pm",50,"Sealed","Wet","Raining","Daylight","Right Angle",2,,,1079312.51,1697462.66
"2022-33462-19/09/2025","URRBRAE","CC MITCHAM.",2,1,0,0,1,2022,"September","Tuesday","05:28 pm",60,"Sealed","Wet","Raining","Daylight","Right Turn",2,,,1330785.59,1665600.33
"2022-33464-19/09/2025","ADELAIDE","CITY OF ADELAIDE",3,2,0,0,2,2022,"September","Tuesday","06:20 pm",50,"Sealed","Wet","Raining","Night","Rear End",1,,,1328123.47,1670819.92
"2022-33469-19/09/2025","WEST LAKES","CITY OF CHARLES STURT",2,1,0,0,1,2022,"September","Wednesday","10:10 am",60,"Sealed","Dry","Not Raining","Daylight","Rear End",1,,,1319886.59,1678300.06
"2022-33472-19/09/2025","PORT ELLIOT","ALEXANDRINA COUNCIL",1,1,0,1,0,2022,"September","Wednesday","10:45 am",50,"Sealed","Wet","Not Raining","Daylight","Roll Over",1,,,1333812.02,1603149.36
"2022-33476-19/09/2025","NOARLUNGA DOWNS","CITY OF ONKAPARINGA",2,1,0,0,1,2022,"September","Wednesday","01:48 pm",60,"Sealed","Dry","Not Raining","Daylight","Right Angle",1,,,1318339.24,1646732.9
"2022-33488-19/09/2025","GLENELG","CITY OF HOLDFAST BAY",2,1,0,0,1,2022,"September","Wednesday","06:50 pm",40,"Sealed","Dry","Not Raining","Night","Right Turn",1,,,1320313.68,1664879.75
"2022-33489-19/09/2025","ADELAIDE","CITY OF ADELAIDE",2,1,0,0,1,2022,"September","Wednesday","01:00 pm",50,"Sealed","Dry","Not Raining","Daylight","Right Turn",2,,,1329056.26,1669586.88
"2022-33493-19/09/2025","BROOKLYN PARK","CITY OF WEST TORRENS",2,1,0,0,1,2022,"September","Wednesday","08:14 pm",60,"Sealed","Dry","Not Raining","Night","Right Turn",2,,,1324123.03,1670938.82
"2022-33500-19/09/2025","KERSBROOK","THE ADELAIDE HILLS COUNCIL",2,1,0,1,0,2022,"September","Thursday","10:20 am",80,"Sealed","Dry","Not Raining","Daylight","Hit Fixed Object",1,,,1351604.94,1696233.16
"2022-33502-19/09/2025","GREENHILL","THE ADELAIDE HILLS COUNCIL",2,1,0,0,1,2022,"September","Thursday","11:00 am",80,"Sealed","Dry","Not Raining","Daylight","Rear End",1,,,1337599.11,1667140.12
"2022-33503-19/09/2025","TUSMORE","CITY OF BURNSIDE",2,1,0,0,1,2022,"September","Thursday","11:52 am",50,"Sealed","Dry","Not Raining","Daylight","Hit Parked Vehicle",1,,,1333036.53,1669578.84
"2022-33506-19/09/2025","ELIZABETH PARK","CITY OF PLAYFORD.",3,1,0,0,1,2022,"September","Thursday","11:35 am",80,"Sealed","Dry","Not Raining","Daylight","Rear End",1,,"Y",1336500.9,1694621.89
"2022-33511-19/09/2025","WARNERTOWN","PT.PIRIE CITY & DIST. COUNCIL",2,3,0,0,3,2022,"September","Thursday","02:00 pm",110,"Sealed","Dry","Not Raining","Daylight","Rear End",2,,,1293457.36,1854434.88
"2022-33512-19/09/2025","NINNES","BARUNGA WEST DISTRICT COUNCIL",2,1,0,0,1,2022,"September","Thursday","01:15 pm",100,"Sealed","Dry","Not Raining","Daylight","Hit Fixed Object",1,,,1279646.04,1778441.36
"2022-33515-19/09/2025","HAWTHORNDENE","CC MITCHAM.",1,1,0,0,1,2022,"July","Saturday","09:45 pm",50,"Sealed","Wet","Raining","Night","Roll Over",1,,"Y",1330046.87,1659778.23
"2022-33518-19/09/2025","ELIZABETH GROVE","CITY OF PLAYFORD.",2,1,0,0,1,2022,"September","Thursday","05:35 pm",50,"Sealed","Dry","Not Raining","Daylight","Hit Fixed Object",1,,,1335462.48,1690912.29
"2022-33519-19/09/2025","TAILEM BEND","COORONG DISTRICT COUNCIL",1,1,0,0,1,2022,"September","Thursday","06:55 pm",110,"Sealed","Dry","Not Raining","Night","Roll Over",1,,,1408693.84,1625884.92
"2022-33520-19/09/2025","GILES CORNER","CLARE AND GILBERT VALLEYS DISTRICT COUNCIL",2,6,0,0,6,2022,"September","Thursday","03:45 pm",100,"Sealed","Dry","Not Raining","Daylight","Right Angle",1,,,1343840.29,1747039.86
"2022-33525-19/09/2025","GLENUNGA","CITY OF BURNSIDE",2,1,0,0,1,2022,"September","Friday","07:43 am",60,"Sealed","Dry","Not Raining","Daylight","Right Angle",1,,,1331657.73,1667500.33
"2022-33528-19/09/2025","GEPPS CROSS","CITY OF PORT ADELAIDE ENFIELD",2,1,0,0,1,2022,"September","Tuesday","02:50 pm",60,"Sealed","Dry","Not Raining","Daylight","Side Swipe",2,,,1330377.19,1679303.05
"2022-33530-19/09/2025","WEST LAKES","CITY OF CHARLES STURT",2,1,0,0,1,2022,"September","Friday","11:20 am",40,"Sealed","Dry","Not Raining","Daylight","Right Turn",2,,,1318561.59,1676007
"2022-33532-19/09/2025","PORT AUGUSTA","CC PT.AUGUSTA.",2,1,0,0,1,2022,"September","Friday","11:30 am",50,"Sealed","Dry","Not Raining","Daylight","Hit Pedestrian",1,,,1258961.61,1942482.22
"2022-33535-19/09/2025","WESTBOURNE PARK","CC MITCHAM.",2,1,0,0,1,2022,"September","Friday","07:00 am",60,"Sealed","Dry","Not Raining","Daylight","Side Swipe",2,,,1327594.84,1666201.6
"2022-33538-19/09/2025","MORPHETT VALE","CITY OF ONKAPARINGA",2,1,0,0,1,2022,"September","Friday","02:27 pm",50,"Sealed","Wet","Raining","Daylight","Right Angle",2,,,1319402.88,1648118.66
"2022-33539-19/09/2025","CUMBERLAND PARK","CC MITCHAM.",2,1,0,0,1,2022,"September","Friday","03:31 pm",60,"Sealed","Dry","Not Raining","Daylight","Right Angle",2,,,1326986.47,1666182.95
"2022-33540-19/09/2025","PROSPECT","CITY OF PROSPECT",2,1,0,0,1,2022,"September","Friday","03:13 pm",50,"Sealed","Dry","Not Raining","Daylight","Rear End",2,,,1328113.81,1673979.79
"2022-33542-19/09/2025","HAHNDORF","DC MT.BARKER.",2,1,0,0,1,2022,"September","Friday","11:30 am",60,"Sealed","Dry","Not Raining","Daylight","Rear End",2,,,1346841.63,1659293.67
"2022-33544-19/09/2025","GLEN OSMOND","CITY OF BURNSIDE",2,1,0,0,1,2022,"September","Friday","05:50 pm",60,"Sealed","Dry","Not Raining","Daylight","Right Angle",1,,,1332383.73,1666889.18
"2022-33546-19/09/2025","HOPE VALLEY","CITY OF TEA TREE GULLY",5,1,0,0,1,2022,"September","Friday","07:03 pm",60,"Sealed","Dry","Not Raining","Night","Rear End",1,,,1336051.28,1678074.4
"2022-33547-19/09/2025","SALISBURY DOWNS","CITY OF SALISBURY",2,1,0,0,1,2022,"September","Friday","06:48 pm",60,"Sealed","Dry","Not Raining","Night","Right Angle",2,,,1331820.09,1687283.3
"2022-33549-19/09/2025","MALVERN","CITY OF UNLEY",1,1,0,0,1,2022,"September","Friday","08:28 pm",50,"Sealed","Dry","Not Raining","Night","Roll Over",1,,,1329586.09,1667450.5
"2022-33552-19/09/2025","CAMBRAI","MID MURRAY DISTRICT COUNCIL",1,1,0,1,0,2022,"September","Friday","07:20 pm",100,"Sealed","Wet","Raining","Night","Roll Over",1,"Y","Y",1399560.36,1698382.77
"2022-33554-19/09/2025","RENMARK","DC RENMARK PARINGA",2,2,0,0,2,2022,"September","Friday","05:00 pm",60,"Sealed","Wet","Raining","Daylight","Right Turn",2,,,1528202.36,1744963.83
"2022-33560-19/09/2025","FLAGSTAFF HILL","CITY OF ONKAPARINGA",2,1,0,0,1,2022,"September","Saturday","10:38 am",60,"Sealed","Dry","Not Raining","Daylight","Right Turn",2,,,1328176.66,1656016.1
"2022-33564-19/09/2025","HUMBUG SCRUB","CITY OF PLAYFORD.",1,1,0,0,1,2022,"September","Saturday","10:59 am",100,"Sealed","Dry","Not Raining","Daylight","Roll Over",1,,,1350164.82,1693919.29
"2022-33565-19/09/2025","GLYNDE","CC OF NORWOOD,PAYNEHAM & ST PETERS",2,1,0,0,1,2022,"September","Saturday","12:31 pm",60,"Sealed","Dry","Not Raining","Daylight","Right Angle",2,,,1333789.48,1674277.73
"2022-33566-19/09/2025","SEATON","CITY OF CHARLES STURT",3,4,0,1,3,2022,"September","Saturday","12:15 pm",60,"Sealed","Dry","Not Raining","Daylight","Right Angle",2,,,1319915.03,1674687.47
"2022-33568-19/09/2025","SOUTH PLYMPTON","CC MARION.",2,2,0,0,2,2022,"September","Saturday","01:15 pm",60,"Sealed","Dry","Not Raining","Daylight","Right Turn",1,,,1324247.86,1666104.37
"2022-33573-19/09/2025","WATTLE FLAT","DC YANKALILLA.",2,1,1,0,0,2022,"September","Saturday","02:25 pm",100,"Sealed","Dry","Not Raining","Daylight","Head On",1,,,1309693.2,1616152.39
"2022-33575-19/09/2025","GLENELG NORTH","CITY OF HOLDFAST BAY",2,1,0,0,1,2022,"September","Saturday","04:25 pm",50,"Sealed","Dry","Not Raining","Daylight","Right Turn",1,,,1320504.3,1665863.66
"2022-33576-19/09/2025","SEDAN","MID MURRAY DISTRICT COUNCIL",1,1,0,1,0,2022,"September","Saturday","03:00 pm",100,"Sealed","Dry","Not Raining","Daylight","Roll Over",1,,,1386627.81,1708828.45
"2022-33577-19/09/2025","OLD REYNELLA","CITY OF ONKAPARINGA",2,1,0,0,1,2022,"September","Saturday","04:50 pm",50,"Sealed","Dry","Not Raining","Daylight","Hit Parked Vehicle",1,,,1321589.82,1651373.77
"2022-33579-19/09/2025","GREENHILL","THE ADELAIDE HILLS COUNCIL",1,1,0,0,1,2022,"September","Saturday","04:50 pm",80,"Sealed","Wet","Not Raining","Daylight","Roll Over",1,,,1337816.82,1667056.72
"2022-33580-19/09/2025","ERINDALE","CITY OF BURNSIDE",2,1,0,0,1,2022,"September","Saturday","05:01 pm",60,"Sealed","Dry","Not Raining","Daylight","Rear End",2,"Y",,1334320.69,1670472.95
"2022-33581-19/09/2025","HENLEY BEACH","CITY OF CHARLES STURT",2,1,0,0,1,2022,"September","Saturday","05:24 pm",50,"Sealed","Dry","Not Raining","Daylight","Right Angle",1,,,1318718.7,1673021.6
"2022-33585-19/09/2025","KILBURN","CITY OF PORT ADELAIDE ENFIELD",2,1,0,0,1,2022,"September","Saturday","07:45 pm",60,"Sealed","Dry","Not Raining","Night","Right Turn",2,,"Y",1327202.23,1678008.23
"2022-33586-19/09/2025","MILE END","CITY OF WEST TORRENS",2,1,0,0,1,2022,"September","Saturday","07:30 pm",50,"Sealed","Dry","Not Raining","Night","Hit Parked Vehicle",1,,,1326347.58,1670717.93
"2022-33592-19/09/2025","NORTH ADELAIDE","CITY OF ADELAIDE",2,1,0,0,1,2022,"September","Saturday","10:30 pm",50,"Sealed","Dry","Not Raining","Night","Side Swipe",1,,,1328212.21,1672784
"2022-33593-19/09/2025","SHERLOCK","COORONG DISTRICT COUNCIL",1,1,0,1,0,2022,"September","Sunday","03:30 am",100,"Sealed","Dry","Not Raining","Night","Roll Over",1,"Y","Y",1436772.56,1621125.68
"2022-33596-19/09/2025","OAKLANDS PARK","CC MARION.",2,1,0,0,1,2022,"September","Sunday","10:30 am",50,"Sealed","Dry","Not Raining","Daylight","Hit Fixed Object",1,,,1322920.8,1661358.7
"2022-33599-19/09/2025","MODBURY NORTH","CITY OF TEA TREE GULLY",2,2,0,0,2,2022,"September","Sunday","11:32 am",60,"Sealed","Dry","Not Raining","Daylight","Right Turn",1,,,1336150.87,1681195.09
"2022-33600-19/09/2025","HAHNDORF","DC MT.BARKER.",2,1,0,0,1,2022,"September","Saturday","04:10 pm",80,"Unsealed","Dry","Not Raining","Daylight","Hit Fixed Object",1,,,1346340.36,1657645.86
"2022-33603-19/09/2025","ST IVES","DC MT.BARKER.",3,1,0,1,0,2022,"September","Sunday","09:00 am",110,"Sealed","Dry","Not Raining","Daylight","Hit Pedestrian",1,"Y",,1362058.37,1649116.82
"2022-33607-19/09/2025","LEWISTON","DC MALLALA.",2,4,0,0,4,2022,"September","Sunday","05:39 pm",80,"Sealed","Wet","Raining","Daylight","Right Angle",1,,,1327932.39,1705425.86
"2022-33613-19/09/2025","MOUNT GAMBIER","CC MT.GAMBIER.",2,1,0,0,1,2022,"September","Sunday","06:44 pm",50,"Sealed","Dry","Not Raining","Night","Hit Parked Vehicle",1,,"Y",1511086.88,1338342.22
"2022-33623-19/09/2025","TRURO","LIGHT REGIONAL COUNCIL",3,2,0,1,1,2022,"September","Monday","07:45 am",60,"Sealed","Dry","Not Raining","Daylight","Hit Parked Vehicle",1,,,1374822.55,1725314.9
"2022-33630-19/09/2025","MUNNO PARA","CITY OF PLAYFORD.",2,1,0,0,1,2022,"September","Monday","11:50 am",80,"Sealed","Dry","Not Raining","Daylight","Rear End",2,,,1338231.02,1697708.49
"2022-33632-19/09/2025","WOODSIDE","THE ADELAIDE HILLS COUNCIL",2,1,0,0,1,2022,"September","Sunday","01:40 pm",80,"Sealed","Dry","Not Raining","Daylight","Right Turn",2,,,1354154.6,1665400.51
"2022-33637-19/09/2025","BRAHMA LODGE","CITY OF SALISBURY",2,2,0,0,2,2022,"September","Monday","02:15 pm",60,"Sealed","Dry","Not Raining","Daylight","Right Angle",2,,,1334452.37,1687405.05
"2022-33644-19/09/2025","LOWER LIGHT","DC MALLALA.",2,1,0,0,1,2022,"September","Monday","02:44 pm",110,"Sealed","Dry","Not Raining","Daylight","Hit Fixed Object",1,,,1314558.32,1715275.19
"2022-33663-19/09/2025","NORTH ADELAIDE","CITY OF ADELAIDE",2,1,0,0,1,2022,"September","Tuesday","06:49 am",50,"Sealed","Wet","Raining","Daylight","Hit Pedestrian",2,,,1327899.7,1671597.52
"2022-33664-19/09/2025","CANUNDA","WATTLE RANGE COUNCIL",1,2,0,0,2,2022,"September","Saturday","06:00 pm",40,"Unsealed","Unknown","Unknown","Daylight","Roll Over",1,,,1454173.75,1370852.85
"2022-33667-19/09/2025","BEDFORD PARK","CC MARION.",2,1,0,0,1,2022,"September","Tuesday","12:40 pm",70,"Sealed","Dry","Not Raining","Daylight","Rear End",2,,,1325120.33,1660438.29
"2022-33670-19/09/2025","NURIOOTPA","LIGHT REGIONAL COUNCIL",2,2,0,2,0,2022,"September","Tuesday","01:19 pm",80,"Sealed","Wet","Raining","Daylight","Hit Fixed Object",1,,,1363885.64,1720150.48
"2022-33672-19/09/2025","NARACOORTE","DC NARACOORTE & LUCINDALE.",4,1,0,1,0,2022,"September","Tuesday","02:10 pm",110,"Sealed","Dry","Not Raining","Daylight","Rear End",2,,,1509703.95,1440711.62
"2022-33674-19/09/2025","PROSPECT","CITY OF PROSPECT",2,1,0,0,1,2022,"September","Tuesday","02:46 pm",60,"Sealed","Dry","Not Raining","Daylight","Right Angle",2,,,1328726.42,1676429.12
"2022-33676-19/09/2025","PARACOMBE","THE ADELAIDE HILLS COUNCIL",2,1,0,0,1,2022,"September","Tuesday","02:55 pm",80,"Sealed","Wet","Raining","Daylight","Head On",1,,,1343619.15,1677026.79
"2022-33680-19/09/2025","PARK HOLME","CC MARION.",2,1,0,0,1,2022,"September","Tuesday","02:40 pm",60,"Sealed","Dry","Not Raining","Daylight","Side Swipe",2,,,1324289.37,1664479.79
"2022-33681-19/09/2025","SEACLIFF PARK","CITY OF HOLDFAST BAY",2,1,0,0,1,2022,"September","Tuesday","03:54 pm",60,"Sealed","Dry","Not Raining","Daylight","Right Turn",1,,,1321187.59,1659325.76
"2022-33683-19/09/2025","TATACHILLA","CITY OF ONKAPARINGA",2,1,0,0,1,2022,"September","Tuesday","04:20 pm",90,"Sealed","Dry","Not Raining","Daylight","Right Turn",1,,,1317646.97,1638169.75
"2022-33686-19/09/2025","ST MARYS","CC MITCHAM.",2,2,0,0,2,2022,"September","Tuesday","07:07 pm",60,"Sealed","Dry","Not Raining","Night","Right Turn",1,,,1325965.45,1663318.74