"REPORT_ID","Suburb","LGA Name","Total Units","Total Cas","Total Fats","Total SI","Total MI","Year","Month","Day","Time","Area Speed","Road Surface","Moisture Cond","Weather Cond","DayNight","Crash Type","Unit Resp","DUI Involved","Drugs Involved","ACCLOC_X","ACCLOC_Y"
"2022-33687-19/09/2025","PYGERY","DC WUDINNA. (DC LE HUNTE.)",2,2,0,0,2,2022,"September","Tuesday","06:15 pm",110,"Sealed","Dry","Not Raining","Night","Right Turn",1,,,1039717.78,1886936.89
"2022-33691-19/09/2025","ULEYBURY","CITY OF PLAYFORD.",2,1,0,0,1,2022,"September","Wednesday","08:20 am",80,"Sealed","Wet","Raining","Daylight","Hit Fixed Object",1,,,1344716.19,1695836.68
"2022-33692-19/09/2025","EVANSTON","CT GAWLER.",2,2,0,0,2,2022,"September","Wednesday","08:40 am",50,"Sealed","Dry","Not Raining","Daylight","Rear End",2,,,1342238.77,1705199.56
"2022-33695-19/09/2025","PARAFIELD GARDENS","CITY OF SALISBURY",2,1,0,0,1,2022,"September","Wednesday","08:30 am",60,"Sealed","Dry","Not Raining","Daylight","Right Angle",2,,,1330832.18,1687306.8
"2022-33699-19/09/2025","ADELAIDE","CITY OF ADELAIDE",2,1,0,0,1,2022,"September","Tuesday","04:15 pm",50,"Sealed","Wet","Raining","Daylight","Side Swipe",2,,,1329240.26,1670692.56
"2022-33700-19/09/2025","KLEMZIG","CITY OF PORT ADELAIDE ENFIELD",3,1,0,0,1,2022,"September","Wednesday","02:05 pm",50,"Sealed","Dry","Not Raining","Daylight","Hit Fixed Object",1,,,1331779.61,1675625.94
"2022-33705-19/09/2025","WALKLEY HEIGHTS","CITY OF SALISBURY",2,1,0,0,1,2022,"September","Wednesday","03:40 pm",50,"Sealed","Dry","Not Raining","Daylight","Hit Parked Vehicle",2,,,1332288.71,1680367.61
"2022-33711-19/09/2025","TROTT PARK","CC MARION.",2,1,0,0,1,2022,"September","Wednesday","05:57 pm",100,"Sealed","Dry","Not Raining","Daylight","Hit Fixed Object",1,,,1322988.38,1655330.34
"2022-33712-19/09/2025","DARLINGTON","CITY OF ONKAPARINGA",2,1,0,0,1,2022,"September","Wednesday","04:10 pm",70,"Sealed","Dry","Not Raining","Daylight","Rear End",1,,,1324237.62,1659433.28
"2022-33713-19/09/2025","CHRISTIES BEACH","CITY OF ONKAPARINGA",1,1,0,0,1,2022,"August","Thursday","04:00 pm",50,"Sealed","Wet","Not Raining","Daylight","Roll Over",1,,,1317124.52,1647423.43
"2022-33714-19/09/2025","LYNTON","CC MITCHAM.",2,1,0,0,1,2022,"September","Wednesday","06:14 pm",60,"Sealed","Dry","Not Raining","Daylight","Hit Fixed Object",1,,,1328928.72,1662468.73
"2022-33715-19/09/2025","HAMPSTEAD GARDENS","CITY OF PORT ADELAIDE ENFIELD",2,1,0,0,1,2022,"September","Tuesday","05:40 pm",60,"Sealed","Wet","Raining","Daylight","Right Angle",1,,,1331810.42,1676594.49
"2022-33716-19/09/2025","INGLE FARM","CITY OF SALISBURY",2,1,0,0,1,2022,"September","Wednesday","06:50 pm",70,"Sealed","Dry","Not Raining","Night","Right Turn",2,,,1332599.08,1681609.28
"2022-33723-19/09/2025","RENOWN PARK","CITY OF CHARLES STURT",4,1,0,0,1,2022,"September","Thursday","08:27 am",60,"Sealed","Dry","Not Raining","Daylight","Right Angle",1,,,1325878.11,1674919.2
"2022-33726-19/09/2025","CLARENCE GARDENS","CC MITCHAM.",2,2,0,0,2,2022,"September","Thursday","09:17 am",60,"Sealed","Dry","Not Raining","Daylight","Side Swipe",2,,,1325899.47,1665235.92
"2022-33732-19/09/2025","GOLDEN GROVE","CITY OF TEA TREE GULLY",2,2,0,1,1,2022,"September","Thursday","10:55 am",60,"Sealed","Dry","Not Raining","Daylight","Right Turn",2,,,1337574.11,1685175.27
"2022-33735-19/09/2025","MOUNT GAMBIER","CC MT.GAMBIER.",2,1,0,0,1,2022,"September","Thursday","08:45 am",50,"Sealed","Dry","Not Raining","Daylight","Rear End",2,,,1509394.91,1341612.52
"2022-33737-19/09/2025","OTTOWAY","CITY OF PORT ADELAIDE ENFIELD",2,1,0,0,1,2022,"September","Thursday","01:10 pm",60,"Sealed","Dry","Not Raining","Daylight","Right Angle",2,,,1322882.11,1679348.41
"2022-33742-19/09/2025","NURIOOTPA","THE BAROSSA COUNCIL.",2,1,0,0,1,2022,"September","Thursday","02:00 pm",50,"Sealed","Dry","Not Raining","Daylight","Hit Pedestrian",2,,,1366556.33,1719802.93
"2022-33747-19/09/2025","BURTON","CITY OF SALISBURY",2,3,0,0,3,2022,"September","Thursday","03:25 pm",70,"Sealed","Dry","Not Raining","Daylight","Head On",1,,,1329201.37,1691575.76
"2022-33760-19/09/2025","PARALOWIE","CITY OF SALISBURY",2,1,0,0,1,2022,"September","Thursday","06:54 pm",50,"Sealed","Dry","Not Raining","Night","Right Turn",1,,,1328959.51,1688461.64
"2022-33762-19/09/2025","ALLENBY GARDENS","CITY OF CHARLES STURT",2,1,0,0,1,2022,"September","Thursday","04:10 pm",60,"Sealed","Dry","Not Raining","Daylight","Rear End",2,,,1324618.27,1673182.18
"2022-33763-19/09/2025","BLAKEVIEW","CITY OF PLAYFORD.",2,1,0,0,1,2022,"September","Thursday","07:05 pm",50,"Sealed","Dry","Not Raining","Night","Hit Parked Vehicle",1,,,1338966.78,1696795.14
"2022-33774-19/09/2025","REGENCY PARK","CITY OF PORT ADELAIDE ENFIELD",3,1,0,1,0,2022,"September","Friday","08:05 am",60,"Sealed","Dry","Not Raining","Daylight","Side Swipe",2,,,1325805.94,1677936.63
"2022-33775-19/09/2025","HALLETT COVE","CC MARION.",3,1,0,0,1,2022,"September","Friday","08:20 am",80,"Sealed","Dry","Not Raining","Daylight","Rear End",1,,,1320290.24,1653882.51
"2022-33776-19/09/2025","KLEMZIG","CITY OF PORT ADELAIDE ENFIELD",2,1,0,0,1,2022,"September","Friday","09:30 am",60,"Sealed","Dry","Not Raining","Daylight","Rear End",2,,,1331468.9,1676059.73
"2022-33777-19/09/2025","PARADISE","CC CAMPBELLTOWN.",2,1,0,0,1,2022,"September","Friday","09:02 am",60,"Sealed","Dry","Not Raining","Daylight","Right Turn",2,,,1334586.96,1675908.54
"2022-33780-19/09/2025","NORWOOD","CC OF NORWOOD,PAYNEHAM & ST PETERS",2,1,0,0,1,2022,"September","Tuesday","04:40 pm",50,"Sealed","Wet","Not Raining","Daylight","Right Angle",2,,,1331864.56,1670732.76
"2022-33781-19/09/2025","ADELAIDE","CITY OF ADELAIDE",2,1,0,0,1,2022,"September","Friday","06:45 pm",50,"Sealed","Wet","Not Raining","Night","Side Swipe",2,,,1328438.67,1670827.58
"2022-33784-19/09/2025","ADELAIDE","CITY OF ADELAIDE",2,1,0,0,1,2022,"September","Thursday","08:00 am",50,"Sealed","Dry","Not Raining","Daylight","Hit Pedestrian",2,,,1328190.4,1670821.62
"2022-33786-19/09/2025","BEAUFORT","WAKEFIELD REGIONAL COUNCIL",2,1,0,0,1,2022,"September","Friday","08:50 am",110,"Sealed","Dry","Not Raining","Daylight","Rear End",2,,,1294291.88,1763959.52
"2022-33790-19/09/2025","HILLIER","CT GAWLER.",2,1,0,0,1,2022,"September","Friday","03:47 pm",90,"Sealed","Dry","Not Raining","Daylight","Right Angle",1,,,1338255.23,1702958.71
"2022-33798-19/09/2025","ENFIELD","CITY OF PORT ADELAIDE ENFIELD",2,1,0,0,1,2022,"September","Friday","05:35 pm",60,"Sealed","Dry","Not Raining","Daylight","Right Angle",2,,,1328882.29,1677863.04
"2022-33799-19/09/2025","YALATA",,2,1,0,0,1,2022,"September","Friday","02:50 pm",110,"Sealed","Dry","Not Raining","Daylight","Hit Fixed Object",1,,,671812.42,2062004.3
"2022-33800-19/09/2025","URRBRAE","CC MITCHAM.",2,3,0,0,3,2022,"September","Friday","06:40 pm",60,"Sealed","Dry","Not Raining","Night","Right Turn",1,,,1330785.59,1665600.33
"2022-33806-19/09/2025","MONARTO SOUTH","RC MURRAY BRIDGE.",2,1,0,0,1,2022,"September","Friday","10:00 pm",100,"Sealed","Dry","Not Raining","Night","Hit Fixed Object",1,"Y",,1372569.44,1636033.74
"2022-33812-19/09/2025","HAPPY VALLEY","CITY OF ONKAPARINGA",2,1,0,0,1,2022,"October","Saturday","11:30 am",60,"Sealed","Dry","Not Raining","Daylight","Right Angle",1,,,1324569.46,1653439.77
"2022-33816-19/09/2025","FOREST RANGE","THE ADELAIDE HILLS COUNCIL",2,1,0,1,0,2022,"October","Saturday","11:17 am",80,"Sealed","Dry","Not Raining","Daylight","Rear End",1,,,1346266.58,1668992.96
"2022-33817-19/09/2025","WARRADALE","CC MARION.",3,1,0,0,1,2022,"October","Saturday","12:40 pm",60,"Sealed","Dry","Not Raining","Daylight","Rear End",2,,,1322704.55,1663058.82
"2022-33818-19/09/2025","CROMER","THE ADELAIDE HILLS COUNCIL",2,2,0,0,2,2022,"October","Saturday","09:50 am",100,"Sealed","Dry","Not Raining","Daylight","Right Angle",1,,,1361394.91,1684498.8
"2022-33827-19/09/2025","EMU FLAT","CLARE AND GILBERT VALLEYS DISTRICT COUNCIL",2,1,0,0,1,2022,"October","Saturday","02:55 pm",80,"Unsealed","Dry","Not Raining","Daylight","Hit Fixed Object",1,,,1330912.1,1787864.1
"2022-33828-19/09/2025","HINDMARSH ISLAND","ALEXANDRINA COUNCIL",2,1,0,1,0,2022,"October","Saturday","01:07 pm",100,"Unsealed","Dry","Not Raining","Daylight","Hit Fixed Object",1,,,1356189.22,1604810.13
"2022-33831-19/09/2025","NAPPERBY","PT.PIRIE CITY & DIST. COUNCIL",2,1,0,0,1,2022,"October","Saturday","12:05 pm",100,"Sealed","Dry","Not Raining","Daylight","Rear End",2,,,1285502.83,1866056.48
"2022-33833-19/09/2025","HALLETT COVE","CC MARION.",2,1,0,1,0,2022,"October","Saturday","06:44 pm",80,"Sealed","Dry","Not Raining","Night","Right Angle",1,"Y",,1319592.83,1653325.64
"2022-33835-19/09/2025","MITCHELL PARK","CC MARION.",2,1,0,0,1,2022,"October","Saturday","06:15 pm",60,"Sealed","Dry","Not Raining","Daylight","Hit Fixed Object",1,,,1324341.98,1662663.16
"2022-33838-19/09/2025","ELIZABETH PARK","CITY OF PLAYFORD.",2,1,0,0,1,2022,"October","Sunday","06:40 am",80,"Sealed","Dry","Not Raining","Night","Hit Animal",2,,,1336159.83,1694019.56
"2022-33840-19/09/2025","GOLDEN GROVE","CITY OF TEA TREE GULLY",2,1,0,0,1,2022,"October","Saturday","01:30 pm",60,"Sealed","Dry","Not Raining","Daylight","Right Turn",2,,,1337892.14,1685350.36
"2022-33841-19/09/2025","UNDERDALE","CITY OF WEST TORRENS",3,1,0,0,1,2022,"October","Saturday","05:25 pm",60,"Sealed","Dry","Not Raining","Daylight","Side Swipe",2,,,1323467.89,1670930.61
"2022-33844-19/09/2025","STURT","CC MARION.",2,4,0,0,4,2022,"October","Sunday","04:40 pm",70,"Sealed","Dry","Not Raining","Daylight","Right Turn",1,,"Y",1324428.84,1659884.95
"2022-33846-19/09/2025","KESWICK","CITY OF WEST TORRENS",2,2,0,1,1,2022,"October","Sunday","05:10 pm",60,"Sealed","Dry","Not Raining","Daylight","Right Turn",2,,,1325794.33,1668947.63
"2022-33850-19/09/2025","HILLIER","CT GAWLER.",2,2,0,0,2,2022,"October","Sunday","08:31 pm",90,"Sealed","Dry","Not Raining","Night","Right Angle",2,,,1336900.28,1702626.19
"2022-33851-19/09/2025","GREENOCK","LIGHT REGIONAL COUNCIL",2,2,0,0,2,2022,"October","Sunday","08:15 pm",110,"Sealed","Dry","Not Raining","Night","Hit Fixed Object",1,,,1359227.36,1720380.5
"2022-33856-19/09/2025","PARALOWIE","CITY OF SALISBURY",2,1,1,0,0,2022,"October","Monday","03:45 am",50,"Sealed","Dry","Not Raining","Night","Hit Fixed Object",1,"Y","Y",1331112.17,1688886.9
"2022-33860-19/09/2025","MAGILL","CC CAMPBELLTOWN.",2,1,0,0,1,2022,"October","Monday","02:35 pm",40,"Sealed","Dry","Not Raining","Daylight","Side Swipe",1,,,1335692.13,1671855.35
"2022-33861-19/09/2025","PENFIELD","CITY OF PLAYFORD.",2,1,0,0,1,2022,"October","Monday","10:30 am",110,"Sealed","Dry","Not Raining","Daylight","Side Swipe",1,,,1331401.54,1697660.52
"2022-33862-19/09/2025","BLACK SPRINGS","CLARE AND GILBERT VALLEYS DISTRICT COUNCIL",2,1,0,0,1,2022,"October","Monday","12:55 pm",110,"Sealed","Dry","Not Raining","Daylight","Right Angle",2,,,1357348.77,1784095.46
"2022-33865-19/09/2025","GRACE PLAINS","WAKEFIELD REGIONAL COUNCIL",1,1,0,0,1,2022,"October","Monday","02:20 pm",100,"Sealed","Dry","Not Raining","Daylight","Roll Over",1,,,1320704.8,1737523.28
"2022-33870-19/09/2025","GULFVIEW HEIGHTS","CITY OF SALISBURY",2,1,0,1,0,2022,"October","Monday","08:25 pm",60,"Sealed","Dry","Not Raining","Night","Right Turn",2,,,1334426.81,1684341.95
"2022-33879-19/09/2025","WALLAROO","COPPER COAST DISTRICT COUNCIL",2,1,0,1,0,2022,"September","Tuesday","06:30 am",50,"Sealed","Dry","Not Raining","Daylight","Hit Parked Vehicle",1,,,1242227.55,1783792.22
"2022-33886-19/09/2025","KIDMAN PARK","CITY OF CHARLES STURT",2,1,0,0,1,2022,"October","Tuesday","08:45 am",60,"Sealed","Wet","Raining","Daylight","Right Turn",2,,,1322419.52,1673125.07
"2022-33893-19/09/2025","NOARLUNGA CENTRE","CITY OF ONKAPARINGA",2,1,0,0,1,2022,"October","Tuesday","01:15 pm",50,"Sealed","Dry","Not Raining","Daylight","Rear End",2,,,1317770.99,1647412.99
"2022-33895-19/09/2025","PORT BROUGHTON","BARUNGA WEST DISTRICT COUNCIL",2,1,0,0,1,2022,"June","Saturday","03:00 am",50,"Sealed","Dry","Not Raining","Night","Hit Fixed Object",1,,,,
"2022-33900-19/09/2025","PARK HOLME","CC MARION.",3,1,0,0,1,2022,"October","Tuesday","02:38 pm",60,"Sealed","Wet","Raining","Daylight","Rear End",1,,,1324332.9,1663286.92
"2022-33901-19/09/2025","MURRAY BRIDGE","RC MURRAY BRIDGE.",2,1,0,0,1,2022,"October","Tuesday","02:10 pm",50,"Sealed","Wet","Raining","Daylight","Hit Pedestrian",1,,,1388712,1646744.06
"2022-33903-19/09/2025","GLENELG","CITY OF HOLDFAST BAY",2,1,0,0,1,2022,"October","Tuesday","03:05 pm",40,"Sealed","Dry","Not Raining","Daylight","Hit Pedestrian",1,,,1320629.77,1664889.26
"2022-33904-19/09/2025","ALDINGA","CITY OF ONKAPARINGA",2,1,0,0,1,2022,"September","Monday","11:20 am",50,"Sealed","Dry","Not Raining","Daylight","Rear End",2,,,1316614.01,1633276.52
"2022-33912-19/09/2025","WHYALLA NORRIE","CC WHYALLA.",2,1,0,1,0,2022,"October","Tuesday","05:22 pm",60,"Sealed","Dry","Not Raining","Daylight","Hit Fixed Object",1,"Y","Y",1237172.21,1884787.37
"2022-33918-19/09/2025","FLINDERS PARK","CITY OF CHARLES STURT",2,1,0,0,1,2022,"October","Wednesday","08:09 am",60,"Sealed","Dry","Not Raining","Daylight","Hit Pedestrian",2,,,1324292.93,1673182.09
"2022-33922-19/09/2025","EASTWOOD","CITY OF BURNSIDE",3,1,0,0,1,2022,"October","Tuesday","04:45 pm",60,"Sealed","Wet","Raining","Daylight","Right Angle",1,,,1329948.31,1668986.81
"2022-33923-19/09/2025","ETTRICK","RC MURRAY BRIDGE.",2,1,0,0,1,2022,"October","Thursday","06:00 pm",110,"Sealed","Dry","Not Raining","Daylight","Hit Fixed Object",1,,"Y",1406900.34,1649685.51
"2022-33926-19/09/2025","ADELAIDE","CITY OF ADELAIDE",2,1,0,0,1,2022,"October","Wednesday","08:00 am",60,"Sealed","Dry","Not Raining","Daylight","Side Swipe",1,,,1327421.31,1669101.53
"2022-33927-19/09/2025","NORTH ADELAIDE","CITY OF ADELAIDE",2,1,0,0,1,2022,"October","Wednesday","12:05 pm",50,"Sealed","Dry","Not Raining","Daylight","Hit Pedestrian",1,,,1328200.43,1672718.81
"2022-33930-19/09/2025","MOUNT OSMOND","CITY OF BURNSIDE",2,1,0,0,1,2022,"October","Wednesday","09:45 am",50,"Sealed","Dry","Not Raining","Daylight","Hit Fixed Object",1,,,1333444.51,1665930.73
"2022-33936-19/09/2025","NORWOOD","CC OF NORWOOD,PAYNEHAM & ST PETERS",2,1,0,0,1,2022,"October","Wednesday","03:52 pm",60,"Sealed","Dry","Not Raining","Daylight","Rear End",2,,,1331834.28,1671751.17
"2022-33947-19/09/2025","FLAXLEY","DC MT.BARKER.",2,1,0,0,1,2022,"October","Wednesday","03:45 pm",80,"Sealed","Dry","Not Raining","Daylight","Hit Fixed Object",1,,,1348047.59,1645713.91
"2022-33949-19/09/2025","OUTER HARBOR","CITY OF PORT ADELAIDE ENFIELD",1,1,0,0,1,2022,"October","Wednesday","09:52 pm",60,"Sealed","Dry","Not Raining","Night","Roll Over",1,,,1318998.51,1687451.04
"2022-33950-19/09/2025","COULTA","DC LOWER EYRE PENINSULA",2,2,0,2,0,2022,"October","Wednesday","10:24 pm",110,"Sealed","Dry","Not Raining","Night","Hit Fixed Object",1,,"Y",1041761.44,1730712.49
"2022-33954-19/09/2025","ADELAIDE","CITY OF ADELAIDE",2,2,0,0,2,2022,"October","Thursday","07:30 am",50,"Sealed","Dry","Not Raining","Daylight","Right Turn",2,,,1329511.93,1670848.84
"2022-33955-19/09/2025","ENFIELD","CITY OF PORT ADELAIDE ENFIELD",2,1,0,0,1,2022,"October","Thursday","10:41 am",60,"Sealed","Dry","Not Raining","Daylight","Right Angle",1,,,1328859.45,1677079.43
"2022-33956-19/09/2025","LOCKLEYS","CITY OF WEST TORRENS",2,1,0,0,1,2022,"October","Thursday","07:20 am",50,"Sealed","Dry","Not Raining","Daylight","Hit Parked Vehicle",1,,,1321597.62,1671537.41
"2022-33957-19/09/2025","WEST HINDMARSH","CITY OF CHARLES STURT",3,1,0,0,1,2022,"October","Wednesday","04:30 pm",60,"Sealed","Dry","Not Raining","Daylight","Rear End",1,,,1325299.73,1673165.37
"2022-33959-19/09/2025","KILBURN","CITY OF PORT ADELAIDE ENFIELD",2,2,0,0,2,2022,"October","Thursday","12:33 pm",60,"Sealed","Dry","Not Raining","Daylight","Right Angle",1,,,1327178.28,1678693.69
"2022-33960-19/09/2025","HUNTFIELD HEIGHTS","CITY OF ONKAPARINGA",2,1,0,0,1,2022,"July","Friday","08:00 pm",60,"Sealed","Dry","Not Raining","Night","Rear End",2,,,1320882.43,1646368.02
"2022-33965-19/09/2025","MORPHETT VALE","CITY OF ONKAPARINGA",2,1,0,0,1,2022,"October","Thursday","02:05 pm",70,"Sealed","Dry","Not Raining","Daylight","Right Turn",1,,,1319744.55,1650980.02
"2022-33966-19/09/2025","PROSPECT","CITY OF PROSPECT",2,1,0,0,1,2022,"October","Thursday","07:15 am",60,"Sealed","Dry","Not Raining","Daylight","Rear End",1,,,1327291.36,1676394.1
"2022-33969-19/09/2025","KESWICK","CITY OF WEST TORRENS",2,1,0,0,1,2022,"October","Thursday","04:15 pm",50,"Sealed","Dry","Not Raining","Daylight","Right Angle",2,,,1326362.32,1668495.08
"2022-33972-19/09/2025","GLENELG","CITY OF HOLDFAST BAY",3,1,0,0,1,2022,"October","Thursday","04:20 pm",50,"Sealed","Dry","Not Raining","Daylight","Right Angle",2,,,1320706.38,1665092.82
"2022-33977-19/09/2025","MAGILL","CITY OF BURNSIDE",2,1,0,0,1,2022,"October","Thursday","04:00 pm",60,"Sealed","Dry","Not Raining","Daylight","Right Turn",1,,,1335786.21,1671857.58
"2022-33987-19/09/2025","MAWSON LAKES","CITY OF SALISBURY",2,1,0,0,1,2022,"October","Friday","08:10 am",60,"Sealed","Dry","Not Raining","Daylight","Rear End",1,,,1330071.55,1684191.47
"2022-33990-19/09/2025","KANYAKA","THE FLINDERS RANGES COUNCIL.",1,1,0,0,1,2022,"October","Wednesday","11:08 am",100,"Unsealed","Wet","Not Raining","Daylight","Roll Over",1,,,1307248.12,1982569.72
"2022-33992-19/09/2025","BROOKLYN PARK","CITY OF WEST TORRENS",2,1,0,0,1,2022,"October","Friday","10:35 am",60,"Sealed","Dry","Not Raining","Daylight","Right Angle",2,,,1324141.55,1669861.03
"2022-33994-19/09/2025","MELROSE PARK","CC MITCHAM.",3,1,0,0,1,2022,"October","Thursday","05:40 pm",60,"Sealed","Dry","Not Raining","Daylight","Rear End",1,,,1325928.12,1664190.68
"2022-33996-19/09/2025","GREENWITH","CITY OF TEA TREE GULLY",2,1,0,0,1,2022,"October","Friday","01:10 pm",50,"Sealed","Dry","Not Raining","Daylight","Right Angle",2,,,1340303.9,1687872.48
"2022-33999-19/09/2025","WOODVILLE SOUTH","CITY OF CHARLES STURT",2,1,0,0,1,2022,"October","Friday","11:30 am",50,"Sealed","Dry","Not Raining","Daylight","Right Angle",1,,,1322900.11,1675302.3
"2022-34000-19/09/2025","BALGOWAN","YORKE PENINSULA COUNCIL",1,1,0,0,1,2022,"October","Thursday","03:09 pm",100,"Unsealed","Dry","Not Raining","Daylight","Roll Over",1,,,1230051,1750088.93
"2022-34008-19/09/2025","PENOLA","WATTLE RANGE COUNCIL",4,2,0,1,1,2022,"October","Friday","12:55 pm",50,"Sealed","Dry","Not Raining","Daylight","Hit Pedestrian",1,,,1517746.41,1390013.31
"2022-34009-19/09/2025","MYLOR","THE ADELAIDE HILLS COUNCIL",2,1,0,0,1,2022,"October","Friday","11:15 am",80,"Sealed","Dry","Not Raining","Daylight","Head On",1,,,1343088.4,1658924.54
"2022-34011-19/09/2025","STURT","CC MARION.",3,1,0,0,1,2022,"October","Thursday","05:26 pm",60,"Sealed","Dry","Not Raining","Daylight","Rear End",2,,,1323649,1660647.33
"2022-34013-19/09/2025","ROXBY DOWNS","MC ROXBY DOWNS",2,1,0,0,1,2022,"October","Friday","04:15 pm",50,"Sealed","Dry","Not Raining","Daylight","Hit Parked Vehicle",1,,,1181245.61,2158103.82
"2022-34016-19/09/2025","HAWTHORN","CC MITCHAM.",3,1,0,0,1,2022,"October","Friday","07:43 pm",60,"Sealed","Dry","Not Raining","Night","Rear End",1,,,1329141.19,1666048.23
"2022-34018-19/09/2025","COWELL","DC FRANKLIN HARBOR.",2,1,0,1,0,2022,"October","Friday","04:11 pm",110,"Sealed","Dry","Not Raining","Daylight","Hit Animal",2,,,1159512.2,1798807.77
"2022-34020-19/09/2025","ULEYBURY","CITY OF PLAYFORD.",1,1,0,0,1,2022,"October","Saturday","07:05 am",100,"Sealed","Dry","Not Raining","Daylight","Roll Over",1,,,1341165.32,1695277.46
"2022-34023-19/09/2025","MILE END","CITY OF WEST TORRENS",2,1,0,0,1,2022,"October","Saturday","08:33 am",60,"Sealed","Dry","Not Raining","Daylight","Side Swipe",1,,,1326598.53,1671232
"2022-34034-19/09/2025","LIPSON","DC TUMBY BAY.",1,1,0,0,1,2022,"October","Saturday","07:09 am",110,"Sealed","Dry","Not Raining","Daylight","Roll Over",1,,,1105612.79,1745208.27
"2022-34043-19/09/2025","SALISBURY","CITY OF SALISBURY",1,1,0,0,1,2022,"October","Saturday","04:30 pm",50,"Sealed","Dry","Not Raining","Daylight","Roll Over",1,,,1333302.05,1689813.42
"2022-34046-19/09/2025","NORTHFIELD","CITY OF PORT ADELAIDE ENFIELD",2,1,0,0,1,2022,"October","Saturday","06:43 pm",50,"Sealed","Dry","Not Raining","Daylight","Hit Pedestrian",1,,,1330762.06,1678417.48
"2022-34047-19/09/2025","HOPE VALLEY","CITY OF TEA TREE GULLY",3,1,0,0,1,2022,"October","Saturday","07:44 pm",60,"Sealed","Dry","Not Raining","Night","Rear End",1,,,1338092.74,1679132.25
"2022-34053-19/09/2025","ADELAIDE","CITY OF ADELAIDE",1,1,0,0,1,2022,"October","Sunday","06:35 am",50,"Sealed","Dry","Not Raining","Night","Roll Over",1,,,1329015.06,1671110.65
"2022-34056-19/09/2025","WILMINGTON","DC MT.REMARKABLE.",1,1,0,0,1,2022,"October","Sunday","09:15 am",110,"Sealed","Dry","Not Raining","Daylight","Left Road - Out of Control",1,,,1298475.4,1921876.05
"2022-34058-19/09/2025","GERMEIN BAY","DC MT.REMARKABLE.",2,1,1,0,0,2022,"October","Sunday","10:50 am",100,"Sealed","Dry","Not Raining","Daylight","Right Angle",1,,,1284579.16,1873839.73
"2022-34059-19/09/2025","PORT ADELAIDE","CITY OF PORT ADELAIDE ENFIELD",2,1,0,1,0,2022,"October","Sunday","01:13 pm",50,"Sealed","Dry","Not Raining","Daylight","Right Turn",2,,,1319866.72,1679909.05
"2022-34066-19/09/2025","MEDINDIE","WALKERVILLE TOWN COUNCIL",2,1,0,0,1,2022,"October","Sunday","01:45 pm",60,"Sealed","Dry","Not Raining","Daylight","Rear End",1,,,1328912.72,1674237.63
"2022-34071-19/09/2025","MOUNT BARKER","DC MT.BARKER.",2,1,0,0,1,2022,"October","Saturday","10:35 pm",50,"Sealed","Dry","Not Raining","Night","Hit Parked Vehicle",1,,,1350714.8,1653556.89
"2022-34075-19/09/2025","ROSTREVOR","CC CAMPBELLTOWN.",2,1,0,0,1,2022,"October","Sunday","06:17 pm",60,"Sealed","Dry","Not Raining","Daylight","Hit Fixed Object",1,,,1335427.73,1673873.16
"2022-34078-19/09/2025","WARRADALE","CC MARION.",2,1,0,1,0,2022,"October","Sunday","06:53 pm",50,"Sealed","Dry","Not Raining","Daylight","Hit Fixed Object",1,"Y",,1322061.93,1661325.01
"2022-34082-19/09/2025","GLENGOWRIE","CC MARION.",2,1,0,0,1,2022,"October","Sunday","07:18 pm",60,"Sealed","Dry","Not Raining","Daylight","Hit Fixed Object",1,,,1322639.15,1665298.49
"2022-34083-19/09/2025","LEWISTON","DC MALLALA.",2,1,0,0,1,2022,"October","Sunday","11:20 pm",100,"Sealed","Dry","Not Raining","Night","Hit Fixed Object",1,,,1332366.5,1704328.88
"2022-34086-19/09/2025","STURT","CC MARION.",2,1,0,0,1,2022,"October","Monday","07:29 am",60,"Sealed","Dry","Not Raining","Daylight","Rear End",1,,,1324418.54,1660680
"2022-34090-19/09/2025","PROSPECT","CITY OF PROSPECT",2,1,0,0,1,2022,"October","Monday","09:10 am",60,"Sealed","Dry","Not Raining","Daylight","Rear End",2,,,1328872.94,1676442.07
"2022-34095-19/09/2025","GOMERSAL","LIGHT REGIONAL COUNCIL",2,1,0,0,1,2022,"October","Monday","10:40 am",90,"Sealed","Dry","Not Raining","Daylight","Rear End",1,,,1355622.48,1714154.31
"2022-34102-19/09/2025","HOLDEN HILL","CITY OF PORT ADELAIDE ENFIELD",4,2,0,1,1,2022,"October","Monday","04:15 pm",60,"Sealed","Dry","Not Raining","Daylight","Rear End",1,,,1334222.56,1678306.91
"2022-34103-19/09/2025","HAY FLAT","DC YANKALILLA.",2,1,0,0,1,2022,"October","Monday","03:30 pm",60,"Unsealed","Dry","Not Raining","Daylight","Hit Fixed Object",1,,,1303084.7,1605962.62
"2022-34104-19/09/2025","MONARTO","RC MURRAY BRIDGE.",2,1,0,0,1,2022,"October","Monday","03:14 pm",100,"Sealed","Dry","Not Raining","Daylight","Hit Fixed Object",1,,,1377433.52,1652979.8