"REPORT_ID","Suburb","LGA Name","Total Units","Total Cas","Total Fats","Total SI","Total MI","Year","Month","Day","Time","Area Speed","Road Surface","Moisture Cond","Weather Cond","DayNight","Crash Type","Unit Resp","DUI Involved","Drugs Involved","ACCLOC_X","ACCLOC_Y"
"2022-34109-19/09/2025","YATALA VALE","CITY OF TEA TREE GULLY",3,1,0,0,1,2022,"October","Monday","08:00 pm",60,"Sealed","Dry","Not Raining","Night","Head On",2,"Y",,1341381.44,1684993.22
"2022-34111-19/09/2025","PORT BROUGHTON","BARUNGA WEST DISTRICT COUNCIL",1,1,0,0,1,2022,"October","Monday","08:15 pm",110,"Sealed","Dry","Not Raining","Night","Other",1,"Y",,1276241.76,1819991.88
"2022-34114-19/09/2025","WINGFIELD","CITY OF PORT ADELAIDE ENFIELD",2,1,0,0,1,2022,"October","Tuesday","08:06 am",60,"Sealed","Dry","Not Raining","Daylight","Hit Fixed Object",1,,"Y",1323967.87,1679163.65
"2022-34124-19/09/2025","ASHBOURNE","ALEXANDRINA COUNCIL",2,1,0,0,1,2022,"October","Tuesday","10:16 am",80,"Sealed","Dry","Not Raining","Daylight","Head On",2,,,1342577.85,1630895.97
"2022-34131-19/09/2025","PORT LINCOLN","CC PT.LINCOLN.",2,1,0,1,0,2022,"October","Tuesday","02:19 pm",50,"Sealed","Dry","Not Raining","Daylight","Right Angle",2,,,1077687.78,1699361.92
"2022-34140-19/09/2025","MYRTLE BANK","CITY OF UNLEY",4,1,0,0,1,2022,"October","Tuesday","05:12 pm",60,"Sealed","Dry","Not Raining","Daylight","Side Swipe",1,,,1332107.89,1666791.2
"2022-34142-19/09/2025","PENFIELD GARDENS","CITY OF PLAYFORD.",2,1,0,1,0,2022,"October","Tuesday","09:52 pm",80,"Sealed","Dry","Not Raining","Night","Hit Fixed Object",1,"Y",,1331149.42,1701685.46
"2022-34144-19/09/2025","MOUNT PLEASANT","THE BAROSSA COUNCIL.",2,1,0,1,0,2022,"October","Wednesday","04:22 am",80,"Unsealed","Dry","Not Raining","Night","Hit Fixed Object",1,,,1367740.13,1688202.8
"2022-34145-19/09/2025","BEVERLEY","CITY OF CHARLES STURT",2,1,0,0,1,2022,"October","Wednesday","06:20 am",60,"Sealed","Dry","Not Raining","Night","Right Turn",2,,,1324183.39,1673853.29
"2022-34146-19/09/2025","WARD BELT","LIGHT REGIONAL COUNCIL",2,2,0,1,1,2022,"October","Wednesday","06:05 am",100,"Sealed","Wet","Not Raining","Night","Right Angle",2,,,1334485.38,1707333.77
"2022-34147-19/09/2025","KOONAMORE",,1,1,0,1,0,2022,"September","Sunday","01:35 pm",100,"Unsealed","Wet","Not Raining","Daylight","Roll Over",1,,,1409176.28,1971325.12
"2022-34152-19/09/2025","BROOKLYN PARK","CITY OF WEST TORRENS",4,1,0,0,1,2022,"October","Wednesday","09:50 am",60,"Sealed","Dry","Not Raining","Daylight","Rear End",2,,,1323833.06,1670117.05
"2022-34153-19/09/2025","GEPPS CROSS","CITY OF PORT ADELAIDE ENFIELD",2,1,0,0,1,2022,"October","Wednesday","10:00 am",60,"Sealed","Wet","Raining","Daylight","Hit Pedestrian",1,,,1328791.33,1679280.13
"2022-34164-19/09/2025","BEDFORD PARK","CC MITCHAM.",2,1,0,0,1,2022,"September","Tuesday","03:30 pm",60,"Sealed","Wet","Raining","Daylight","Rear End",2,,,1325724.1,1660702.39
"2022-34165-19/09/2025","FULLARTON","CITY OF UNLEY",2,1,0,0,1,2022,"October","Wednesday","02:20 pm",60,"Sealed","Wet","Raining","Daylight","Hit Pedestrian",2,,,1331118.82,1668005.12
"2022-34167-19/09/2025","THEBARTON","CITY OF WEST TORRENS",2,1,0,0,1,2022,"September","Sunday","01:15 am",60,"Sealed","Dry","Not Raining","Night","Rear End",2,,,1326570.84,1671527.41
"2022-34168-19/09/2025","KLEMZIG","CITY OF PORT ADELAIDE ENFIELD",2,1,0,0,1,2022,"October","Wednesday","02:45 pm",60,"Sealed","Wet","Raining","Daylight","Rear End",2,,,1331715.62,1676175.86
"2022-34174-19/09/2025","HOLDEN HILL","CITY OF TEA TREE GULLY",3,1,0,0,1,2022,"October","Wednesday","04:35 pm",60,"Sealed","Wet","Raining","Daylight","Side Swipe",1,,,1335152.81,1679026.35
"2022-34176-19/09/2025","ADELAIDE","CITY OF ADELAIDE",2,1,0,0,1,2022,"October","Wednesday","04:30 pm",60,"Sealed","Wet","Raining","Daylight","Rear End",2,,,1327364.13,1670312.87
"2022-34186-19/09/2025","WINDSOR GARDENS","CITY OF PORT ADELAIDE ENFIELD",2,1,0,0,1,2022,"October","Wednesday","10:05 pm",60,"Sealed","Wet","Not Raining","Night","Rear End",2,,"Y",1334067.45,1677861.38
"2022-34188-19/09/2025","STIRLING NORTH","CC PT.AUGUSTA.",2,1,0,1,0,2022,"October","Thursday","05:37 am",80,"Sealed","Wet","Raining","Night","Right Angle",1,"Y",,1264499.93,1938917.89
"2022-34195-19/09/2025","BEULAH PARK","CITY OF BURNSIDE",3,1,0,0,1,2022,"October","Thursday","09:30 am",60,"Sealed","Dry","Not Raining","Daylight","Side Swipe",1,,,1332242.1,1671623.65
"2022-34199-19/09/2025","SEAVIEW DOWNS","CC MARION.",1,1,0,0,1,2022,"October","Thursday","10:30 am",60,"Sealed","Wet","Not Raining","Daylight","Roll Over",9,,,1322813.34,1659390.01
"2022-34200-19/09/2025","BEVERLEY","CITY OF CHARLES STURT",2,1,0,1,0,2022,"October","Thursday","12:12 pm",60,"Sealed","Dry","Not Raining","Daylight","Hit Pedestrian",2,,,1323496.29,1675173.01
"2022-34201-19/09/2025","HINDMARSH","CITY OF CHARLES STURT",3,2,0,0,2,2022,"October","Thursday","12:45 pm",60,"Sealed","Dry","Not Raining","Daylight","Rear End",1,,,1326440.45,1672631.13
"2022-34205-19/09/2025","REDWOOD PARK","CITY OF TEA TREE GULLY",2,1,0,0,1,2022,"October","Thursday","01:05 pm",70,"Sealed","Dry","Not Raining","Daylight","Right Angle",1,,,1337585,1682912.72
"2022-34210-19/09/2025","MOUNT GAMBIER","CC MT.GAMBIER.",2,1,0,0,1,2022,"October","Thursday","03:40 pm",50,"Sealed","Dry","Not Raining","Daylight","Rear End",2,,,1508687.98,1341265.83
"2022-34220-19/09/2025","ST MORRIS","CC OF NORWOOD,PAYNEHAM & ST PETERS",3,2,0,0,2,2022,"October","Thursday","05:15 pm",60,"Sealed","Dry","Not Raining","Daylight","Right Angle",1,,,1333244.3,1671788.45
"2022-34225-19/09/2025","SALISBURY PARK","CITY OF SALISBURY",5,2,0,2,0,2022,"October","Thursday","05:35 pm",80,"Sealed","Dry","Not Raining","Daylight","Rear End",1,,,1335630.81,1688389.88
"2022-34234-19/09/2025","CUDLEE CREEK","THE ADELAIDE HILLS COUNCIL",2,2,0,0,2,2022,"October","Thursday","11:00 pm",80,"Sealed","Wet","Raining","Night","Roll Over",1,,,1349068.84,1679792.58
"2022-34237-19/09/2025","HAPPY VALLEY","CITY OF ONKAPARINGA",2,1,0,1,0,2022,"October","Friday","06:20 am",80,"Sealed","Wet","Not Raining","Night","Right Angle",1,,,1324309.46,1655855.42
"2022-34243-19/09/2025","ADELAIDE","CITY OF ADELAIDE",2,1,0,0,1,2022,"October","Friday","09:20 am",50,"Sealed","Dry","Not Raining","Daylight","Right Angle",2,,,1329231.17,1671000.93
"2022-34255-19/09/2025","MODBURY","CITY OF TEA TREE GULLY",4,1,0,0,1,2022,"October","Friday","02:40 pm",60,"Sealed","Dry","Not Raining","Daylight","Rear End",1,,,1336345.73,1680554.13
"2022-34256-19/09/2025","LOXTON NORTH","LOXTON WAIKERIE DISTRICT COUNCIL",2,1,0,1,0,2022,"October","Friday","02:35 pm",110,"Sealed","Dry","Not Raining","Daylight","Rear End",1,,,1513603.12,1719944.77
"2022-34257-19/09/2025","KESWICK TERMINAL","CITY OF WEST TORRENS",2,1,0,0,1,2022,"October","Friday","07:10 am",60,"Sealed","Wet","Not Raining","Daylight","Rear End",2,,,1326401.55,1669247.91
"2022-34259-19/09/2025","MITCHELL PARK","CC MARION.",2,1,0,0,1,2022,"October","Friday","04:15 pm",60,"Sealed","Dry","Not Raining","Daylight","Hit Pedestrian",1,,,1324371.52,1661995.85
"2022-34261-19/09/2025","GOLDEN GROVE","CITY OF TEA TREE GULLY",2,1,0,0,1,2022,"October","Friday","04:00 pm",60,"Sealed","Dry","Not Raining","Daylight","Hit Fixed Object",1,,,1339040.72,1686371.32
"2022-34271-19/09/2025","SALISBURY NORTH","CITY OF SALISBURY",2,3,0,0,3,2022,"October","Friday","07:55 pm",60,"Sealed","Dry","Not Raining","Night","Right Turn",2,,,1331977.75,1689382.42
"2022-34273-19/09/2025","NARRINA",,1,1,0,1,0,2022,"September","Monday","11:00 am",100,"Unsealed","Dry","Not Raining","Daylight","Roll Over",1,,,1372029.91,2109681.97
"2022-34274-19/09/2025","WHYALLA NORRIE","CC WHYALLA.",2,1,0,0,1,2022,"October","Friday","09:36 pm",60,"Sealed","Dry","Not Raining","Night","Hit Object on Road",1,,,1236807.61,1884866.71
"2022-34281-19/09/2025","REGENCY PARK","CITY OF PORT ADELAIDE ENFIELD",2,1,0,0,1,2022,"October","Saturday","08:45 am",60,"Sealed","Dry","Not Raining","Daylight","Side Swipe",2,,,1326408.3,1678871.75
"2022-34291-19/09/2025","SOMERTON PARK","CITY OF HOLDFAST BAY",2,1,0,0,1,2022,"October","Friday","06:15 pm",60,"Sealed","Dry","Not Raining","Daylight","Side Swipe",2,,,1321070.79,1663002.72
"2022-34292-19/09/2025","MAWSON LAKES","CITY OF SALISBURY",2,1,0,0,1,2022,"October","Saturday","04:26 pm",80,"Sealed","Dry","Not Raining","Daylight","Rear End",1,,,1331276.17,1682846.95
"2022-34298-19/09/2025","SWANPORT","RC MURRAY BRIDGE.",3,1,0,0,1,2022,"October","Saturday","10:44 pm",80,"Sealed","Dry","Not Raining","Night","Hit Fixed Object",1,,,1392171.73,1643760.62
"2022-34299-19/09/2025","HUNTFIELD HEIGHTS","CITY OF ONKAPARINGA",1,1,0,0,1,2022,"October","Sunday","06:47 am",50,"Sealed","Dry","Not Raining","Daylight","Roll Over",1,,,1319290.33,1645498.78
"2022-34304-19/09/2025","WIRRINA COVE","DC YANKALILLA.",2,4,0,0,4,2022,"October","Sunday","10:41 am",100,"Sealed","Dry","Not Raining","Daylight","Head On",1,,,1297285.4,1609384.76
"2022-34305-19/09/2025","MORPHETT VALE","CITY OF ONKAPARINGA",2,1,0,0,1,2022,"October","Sunday","11:57 am",70,"Sealed","Dry","Not Raining","Daylight","Right Angle",2,,,1319738.02,1650997.58
"2022-34307-19/09/2025","TORRENSVILLE","CITY OF WEST TORRENS",2,1,0,0,1,2022,"October","Sunday","01:40 pm",60,"Sealed","Dry","Not Raining","Daylight","Rear End",2,,,1325547.48,1671700.7
"2022-34308-19/09/2025","LENSWOOD","THE ADELAIDE HILLS COUNCIL",2,1,0,0,1,2022,"October","Sunday","01:15 pm",80,"Sealed","Dry","Not Raining","Daylight","Right Angle",1,,,1350408.06,1671214.82
"2022-34311-19/09/2025","MEADOWS","DC MT.BARKER.",2,3,0,0,3,2022,"October","Sunday","02:55 pm",60,"Sealed","Dry","Not Raining","Daylight","Right Angle",1,,,1342922.22,1641844.63
"2022-34312-19/09/2025","PORT GAWLER","DC MALLALA.",1,2,0,0,2,2022,"October","Sunday","02:15 pm",100,"Unsealed","Dry","Not Raining","Daylight","Roll Over",1,,,1318116.72,1702938.86
"2022-34316-19/09/2025","HUMBUG SCRUB","CITY OF PLAYFORD.",3,1,0,1,0,2022,"October","Sunday","06:17 pm",100,"Unsealed","Dry","Not Raining","Daylight","Hit Animal",2,,,1350177.89,1693911.69
"2022-34318-19/09/2025","WINGFIELD","CITY OF PORT ADELAIDE ENFIELD",1,1,0,0,1,2022,"October","Sunday","06:20 pm",60,"Sealed","Dry","Not Raining","Daylight","Roll Over",1,,,1325542.06,1679493.66
"2022-34323-19/09/2025","COBDOGLA","THE BERRI BARMERA COUNCIL",2,1,0,0,1,2022,"October","Monday","06:00 am",80,"Sealed","Dry","Not Raining","Night","Hit Animal",2,,"Y",1497664.84,1739030.76
"2022-34324-19/09/2025","STURT","CC MARION.",2,1,0,0,1,2022,"October","Monday","08:00 am",60,"Sealed","Dry","Not Raining","Daylight","Head On",2,,,1323563.31,1660655.55
"2022-34326-19/09/2025","NETLEY","CITY OF WEST TORRENS",3,3,0,0,3,2022,"October","Monday","07:49 am",60,"Sealed","Dry","Not Raining","Daylight","Rear End",1,,,1324188.18,1668459.41
"2022-34327-19/09/2025","VALLEY VIEW","CITY OF TEA TREE GULLY",2,1,0,0,1,2022,"October","Monday","08:17 am",50,"Sealed","Dry","Not Raining","Daylight","Right Angle",1,,,1335121.35,1680209.03
"2022-34329-19/09/2025","WINGFIELD","CITY OF PORT ADELAIDE ENFIELD",3,1,0,0,1,2022,"October","Monday","08:33 am",90,"Sealed","Dry","Not Raining","Daylight","Hit Fixed Object",1,,,1325534.82,1679482.77
"2022-34330-19/09/2025","TUNGKILLO","MID MURRAY DISTRICT COUNCIL",2,1,0,0,1,2022,"October","Monday","08:05 am",80,"Sealed","Dry","Not Raining","Daylight","Head On",1,,,1370612.13,1681961.97
"2022-34331-19/09/2025","KURRALTA PARK","CITY OF WEST TORRENS",3,2,0,0,2,2022,"October","Monday","09:14 am",60,"Sealed","Dry","Not Raining","Daylight","Rear End",1,,,1325624.24,1667602.29
"2022-34336-19/09/2025","HENLEY BEACH SOUTH","CITY OF CHARLES STURT",2,2,0,0,2,2022,"October","Monday","08:30 am",50,"Sealed","Dry","Not Raining","Daylight","Right Angle",2,,,1319878.77,1670713.57
"2022-34337-19/09/2025","KAPUNDA","LIGHT REGIONAL COUNCIL",2,1,0,0,1,2022,"October","Monday","07:10 am",50,"Sealed","Dry","Not Raining","Daylight","Rear End",2,,,1359735.83,1734611.33
"2022-34343-19/09/2025","NURIOOTPA","THE BAROSSA COUNCIL.",2,2,0,0,2,2022,"October","Monday","05:05 pm",50,"Sealed","Dry","Not Raining","Daylight","Rear End",2,,"Y",1365634.4,1719799.71
"2022-34347-19/09/2025","WEST CROYDON","CITY OF CHARLES STURT",2,1,0,0,1,2022,"October","Monday","06:40 pm",60,"Sealed","Dry","Not Raining","Daylight","Right Angle",2,,,1325333.99,1675359.64
"2022-34349-19/09/2025","RENMARK","DC RENMARK PARINGA",2,2,0,0,2,2022,"October","Monday","03:10 pm",50,"Sealed","Dry","Not Raining","Daylight","Right Angle",2,,,1529340.71,1744792.8
"2022-34352-19/09/2025","HALLETT COVE","CC MARION.",2,2,0,0,2,2022,"October","Tuesday","08:29 am",80,"Sealed","Dry","Not Raining","Daylight","Rear End",2,,,1319502.85,1653305.93
"2022-34355-19/09/2025","NORWOOD","CC OF NORWOOD,PAYNEHAM & ST PETERS",3,1,0,0,1,2022,"October","Tuesday","08:24 am",60,"Sealed","Dry","Not Raining","Daylight","Right Turn",1,,,1330627.99,1671044.2
"2022-34359-19/09/2025","WEST BEACH","CITY OF WEST TORRENS",2,1,0,0,1,2022,"October","Sunday","03:00 pm",50,"Sealed","Dry","Not Raining","Daylight","Rear End",1,,,1319994.7,1667881.82
"2022-34361-19/09/2025","SANDY GROVE","DC KINGSTON.",1,1,0,0,1,2022,"October","Tuesday","05:45 am",50,"Unsealed","Dry","Not Raining","Night","Left Road - Out of Control",1,"Y",,1430251.56,1450178.25
"2022-34363-19/09/2025","PARADISE","CC CAMPBELLTOWN.",2,1,0,0,1,2022,"October","Tuesday","11:28 am",60,"Sealed","Dry","Not Raining","Daylight","Hit Fixed Object",1,,,1336309.96,1675944.07
"2022-34364-19/09/2025","LIGHTSVIEW","CITY OF PORT ADELAIDE ENFIELD",2,1,0,0,1,2022,"October","Monday","08:25 pm",60,"Sealed","Dry","Not Raining","Night","Rear End",2,,,1330403.34,1677914.73
"2022-34365-19/09/2025","HILLIER","CT GAWLER.",2,1,0,0,1,2022,"October","Tuesday","11:55 am",80,"Sealed","Dry","Not Raining","Daylight","Hit Fixed Object",1,,,1337595.42,1703835.2
"2022-34369-19/09/2025","KORUNYE","DC MALLALA.",2,1,0,0,1,2022,"October","Tuesday","12:45 pm",100,"Unsealed","Dry","Not Raining","Daylight","Head On",1,,"Y",1325636.18,1710738.64
"2022-34371-19/09/2025","BROADVIEW","CITY OF PROSPECT",2,1,0,0,1,2022,"October","Tuesday","01:00 pm",60,"Sealed","Dry","Not Raining","Daylight","Right Angle",1,,,1330456.22,1676005.73
"2022-34375-19/09/2025","THE PINES","YORKE PENINSULA COUNCIL",3,2,0,0,2,2022,"October","Monday","04:00 pm",100,"Unsealed","Dry","Not Raining","Daylight","Hit Fixed Object",1,,,1202052.86,1672835.03
"2022-34379-19/09/2025","HOLDEN HILL","CITY OF PORT ADELAIDE ENFIELD",3,1,0,0,1,2022,"October","Tuesday","05:15 pm",60,"Sealed","Dry","Not Raining","Daylight","Rear End",2,,,1333953.14,1677954.56
"2022-34384-19/09/2025","ALDINGA BEACH","CITY OF ONKAPARINGA",2,1,0,0,1,2022,"October","Tuesday","08:00 pm",50,"Sealed","Dry","Not Raining","Night","Right Turn",1,,,1315225.63,1633142.52
"2022-34385-19/09/2025","PORT LINCOLN","CC PT.LINCOLN.",1,1,0,0,1,2022,"October","Tuesday","08:00 pm",50,"Sealed","Dry","Not Raining","Night","Other",1,"Y","Y",1077229.85,1697792.66
"2022-34389-19/09/2025","WARRADALE","CC MARION.",2,1,0,0,1,2022,"October","Tuesday","02:55 pm",60,"Sealed","Dry","Not Raining","Daylight","Rear End",2,,,1322718.52,1662524.34
"2022-34390-19/09/2025","WINGFIELD","CITY OF PORT ADELAIDE ENFIELD",2,1,0,0,1,2022,"October","Wednesday","06:53 am",50,"Sealed","Dry","Not Raining","Daylight","Right Turn",2,,,1323900.67,1679670.46
"2022-34394-19/09/2025","MURRAY BRIDGE NORTH","RC MURRAY BRIDGE.",2,1,0,1,0,2022,"October","Wednesday","07:40 am",100,"Sealed","Dry","Not Raining","Daylight","Roll Over",1,,,1387450.55,1650124.74
"2022-34399-19/09/2025","MEADOWS","DC MT.BARKER.",3,1,0,0,1,2022,"October","Wednesday","12:37 pm",100,"Sealed","Dry","Not Raining","Daylight","Hit Fixed Object",1,"Y",,1342717.86,1645829.26
"2022-34401-19/09/2025","GLENGOWRIE","CC MARION.",2,1,0,0,1,2022,"October","Wednesday","02:15 pm",50,"Sealed","Dry","Not Raining","Daylight","Hit Fixed Object",1,,,1322513.26,1664608.7
"2022-34403-19/09/2025","VICTOR HARBOR","DC VICTOR HARBOR.",2,1,0,0,1,2022,"October","Wednesday","02:10 pm",50,"Sealed","Dry","Not Raining","Daylight","Right Turn",1,,,1327397.32,1600586.54
"2022-34407-19/09/2025","FELIXSTOW","CC OF NORWOOD,PAYNEHAM & ST PETERS",2,1,0,1,0,2022,"October","Wednesday","05:10 pm",60,"Sealed","Dry","Not Raining","Daylight","Right Turn",1,,,1333230.65,1674279.31
"2022-34417-19/09/2025","LONSDALE","CITY OF ONKAPARINGA",2,1,0,0,1,2022,"October","Thursday","02:00 am",80,"Sealed","Dry","Not Raining","Night","Hit Pedestrian",2,"Y",,1318632.32,1650955.58
"2022-34418-19/09/2025","GULFVIEW HEIGHTS","CITY OF SALISBURY",4,2,0,0,2,2022,"October","Thursday","08:10 am",80,"Sealed","Dry","Not Raining","Daylight","Rear End",2,,,1334607.35,1684123.77
"2022-34420-19/09/2025","RIDGEHAVEN","CITY OF TEA TREE GULLY",3,2,0,0,2,2022,"October","Wednesday","06:00 pm",50,"Sealed","Dry","Not Raining","Daylight","Hit Pedestrian",2,,,1337981.32,1681832.27
"2022-34424-19/09/2025","TATACHILLA","CITY OF ONKAPARINGA",3,3,0,0,3,2022,"October","Thursday","08:53 am",60,"Sealed","Dry","Not Raining","Daylight","Rear End",2,,,1320554.46,1637484.98
"2022-34425-19/09/2025","PAYNEHAM SOUTH","CC OF NORWOOD,PAYNEHAM & ST PETERS",2,1,0,0,1,2022,"October","Thursday","08:26 am",60,"Sealed","Dry","Not Raining","Daylight","Hit Pedestrian",2,,,1332207.31,1672585.04
"2022-34434-19/09/2025","SALISBURY EAST","CITY OF SALISBURY",2,1,0,0,1,2022,"October","Thursday","11:30 am",60,"Sealed","Dry","Not Raining","Daylight","Right Angle",2,,,1334441.32,1684984.12
"2022-34437-19/09/2025","SALISBURY NORTH","CITY OF SALISBURY",2,1,0,0,1,2022,"October","Thursday","07:30 am",50,"Sealed","Dry","Not Raining","Daylight","Rear End",2,,,1332198.18,1690352.28
"2022-34442-19/09/2025","ATHELSTONE","CC CAMPBELLTOWN.",2,1,0,0,1,2022,"October","Thursday","03:56 pm",60,"Sealed","Dry","Not Raining","Daylight","Hit Fixed Object",1,,,1338521.7,1676729.32
"2022-34444-19/09/2025","PLYMPTON PARK","CC MARION.",4,1,0,0,1,2022,"October","Thursday","04:35 pm",50,"Sealed","Dry","Not Raining","Daylight","Right Angle",1,,,1323688.5,1664982.02
"2022-34446-19/09/2025","ADELAIDE","CITY OF ADELAIDE",2,1,0,0,1,2022,"October","Thursday","05:10 pm",50,"Sealed","Dry","Not Raining","Daylight","Rear End",1,"Y",,1329587.91,1670101.51
"2022-34447-19/09/2025","SELLICKS HILL","CITY OF ONKAPARINGA",3,1,0,0,1,2022,"October","Thursday","04:15 pm",90,"Sealed","Dry","Not Raining","Daylight","Right Angle",2,,,1315545.68,1629931.13
"2022-34448-19/09/2025","MOUNT BARKER","DC MT.BARKER.",4,1,0,0,1,2022,"October","Thursday","05:10 pm",60,"Sealed","Dry","Not Raining","Daylight","Rear End",1,,,1351901.57,1653063.6
"2022-34457-19/09/2025","WILLALOOKA","DC TATIARA.",2,1,0,0,1,2022,"October","Wednesday","10:05 am",110,"Sealed","Dry","Not Raining","Daylight","Rear End",1,,,1480456.06,1504988.61
"2022-34459-19/09/2025","MURRAY BRIDGE EAST","RC MURRAY BRIDGE.",2,1,1,0,0,2022,"October","Thursday","09:45 pm",60,"Sealed","Dry","Not Raining","Night","Hit Pedestrian",1,"Y",,1390883.26,1647659.05
"2022-34461-19/09/2025","MODBURY","CITY OF TEA TREE GULLY",2,1,0,0,1,2022,"October","Friday","05:45 am",60,"Sealed","Dry","Not Raining","Night","Right Angle",2,,,1335986.26,1680209.61
"2022-34471-19/09/2025","GLENELG EAST","CITY OF HOLDFAST BAY",3,1,0,0,1,2022,"October","Friday","09:45 am",60,"Sealed","Dry","Not Raining","Daylight","Rear End",1,,,1321023.92,1665024.52
"2022-34479-19/09/2025","SALISBURY PARK","CITY OF SALISBURY",2,1,0,0,1,2022,"October","Friday","02:42 pm",60,"Sealed","Dry","Not Raining","Daylight","Right Angle",2,,,1334651.26,1688736.48
"2022-34488-19/09/2025","BLAIR ATHOL","CITY OF PORT ADELAIDE ENFIELD",2,1,0,0,1,2022,"October","Friday","04:10 pm",50,"Sealed","Dry","Not Raining","Daylight","Right Angle",1,,,1328386.33,1678396.76
"2022-34491-19/09/2025","ELIZABETH PARK","CITY OF PLAYFORD.",3,3,0,0,3,2022,"October","Friday","04:47 pm",60,"Sealed","Dry","Not Raining","Daylight","Rear End",1,,,1337840.15,1694585.32
"2022-34493-19/09/2025","CLOVELLY PARK","CC MARION.",2,2,0,0,2,2022,"October","Thursday","04:35 pm",60,"Sealed","Dry","Not Raining","Daylight","Rear End",2,,,1325879.67,1663325.08
"2022-34494-19/09/2025","EASTWOOD","CITY OF BURNSIDE",3,1,0,0,1,2022,"October","Friday","05:10 pm",60,"Sealed","Dry","Not Raining","Daylight","Rear End",1,,,1329980.78,1668988.08
"2022-34496-19/09/2025","ENFIELD","CITY OF PORT ADELAIDE ENFIELD",2,1,0,0,1,2022,"October","Friday","03:40 pm",60,"Sealed","Dry","Not Raining","Daylight","Rear End",2,,,1328818.7,1678321.71
"2022-34503-19/09/2025","FERRYDEN PARK","CITY OF PORT ADELAIDE ENFIELD",2,1,0,1,0,2022,"October","Friday","06:25 pm",50,"Sealed","Dry","Not Raining","Daylight","Hit Parked Vehicle",2,"Y",,1325421.66,1676901.71
"2022-34504-19/09/2025","MOUNT BARKER","DC MT.BARKER.",2,2,0,0,2,2022,"October","Friday","06:25 pm",60,"Sealed","Dry","Not Raining","Daylight","Right Angle",2,,,1352238.42,1652734.71
"2022-34506-19/09/2025","BROOKLYN PARK","CITY OF WEST TORRENS",2,1,0,0,1,2022,"October","Friday","09:25 pm",60,"Sealed","Dry","Not Raining","Night","Right Turn",1,"Y",,1323639.82,1670099.08
"2022-34507-19/09/2025","WHYALLA STUART","CC WHYALLA.",2,1,0,0,1,2022,"October","Friday","04:20 pm",50,"Sealed","Dry","Not Raining","Daylight","Right Angle",1,,,1235547.36,1883957.24
"2022-34508-19/09/2025","ELIZABETH EAST","CITY OF PLAYFORD.",2,1,0,0,1,2022,"October","Friday","09:57 pm",50,"Sealed","Dry","Not Raining","Night","Roll Over",1,"Y",,1336808.02,1692780.09
"2022-34509-19/09/2025","ALDGATE","THE ADELAIDE HILLS COUNCIL",2,2,0,0,2,2022,"October","Friday","10:40 pm",50,"Sealed","Dry","Not Raining","Night","Hit Fixed Object",1,,,1339482.21,1660324.84
"2022-34510-19/09/2025","WINGFIELD","CITY OF PORT ADELAIDE ENFIELD",1,1,0,1,0,2022,"October","Friday","09:11 pm",60,"Sealed","Dry","Not Raining","Night","Roll Over",1,"Y",,1325542.06,1679493.66
"2022-34512-19/09/2025","PORT NOARLUNGA","CITY OF ONKAPARINGA",3,1,0,0,1,2022,"October","Saturday","08:40 am",50,"Sealed","Wet","Not Raining","Daylight","Hit Parked Vehicle",1,,,1317367.15,1646802.52
"2022-34514-19/09/2025","CLEARVIEW","CITY OF PORT ADELAIDE ENFIELD",2,1,0,0,1,2022,"October","Saturday","12:42 pm",50,"Sealed","Dry","Not Raining","Daylight","Right Angle",1,,,1330058.7,1678379.28
"2022-34525-19/09/2025","HILTON","CITY OF WEST TORRENS",2,1,0,0,1,2022,"October","Saturday","05:15 pm",60,"Sealed","Dry","Not Raining","Daylight","Rear End",2,,,1325764.24,1670137.93
"2022-34528-19/09/2025","BASKET RANGE","THE ADELAIDE HILLS COUNCIL",2,1,0,0,1,2022,"October","Saturday","12:57 am",80,"Sealed","Dry","Not Raining","Night","Hit Fixed Object",1,,,1342715.16,1668490.31
"2022-34537-19/09/2025","BALHANNAH","THE ADELAIDE HILLS COUNCIL",2,1,0,0,1,2022,"October","Sunday","12:20 pm",50,"Sealed","Wet","Raining","Daylight","Right Angle",1,,,1349072.48,1662422.85
"2022-34542-19/09/2025","NOARLUNGA DOWNS","CITY OF ONKAPARINGA",2,1,0,0,1,2022,"October","Sunday","01:45 pm",60,"Sealed","Wet","Raining","Daylight","Right Angle",2,,,1318141.08,1646799.61
"2022-34543-19/09/2025","WAYVILLE","CITY OF UNLEY",2,1,0,0,1,2022,"October","Sunday","12:30 pm",60,"Sealed","Wet","Not Raining","Daylight","Right Angle",2,,,1327444.09,1668375.52
"2022-34554-19/09/2025","OVINGHAM","CITY OF PROSPECT",2,1,0,0,1,2022,"October","Sunday","08:05 pm",60,"Sealed","Wet","Raining","Night","Side Swipe",2,,,1327256.43,1673859.73
"2022-34559-19/09/2025","MASLIN BEACH","CITY OF ONKAPARINGA",2,1,0,0,1,2022,"October","Monday","07:45 am",70,"Sealed","Dry","Not Raining","Daylight","Hit Parked Vehicle",1,,,1316507.26,1637283.04
"2022-34565-19/09/2025","MARDEN","CC OF NORWOOD,PAYNEHAM & ST PETERS",4,1,0,1,0,2022,"October","Monday","09:29 am",60,"Sealed","Wet","Not Raining","Daylight","Right Angle",2,,,1332085.78,1673890.39