"REPORT_ID","Suburb","LGA Name","Total Units","Total Cas","Total Fats","Total SI","Total MI","Year","Month","Day","Time","Area Speed","Road Surface","Moisture Cond","Weather Cond","DayNight","Crash Type","Unit Resp","DUI Involved","Drugs Involved","ACCLOC_X","ACCLOC_Y"
"2022-34571-19/09/2025","PORT AUGUSTA","CC PT.AUGUSTA.",2,1,0,0,1,2022,"October","Monday","10:20 am",40,"Sealed","Dry","Not Raining","Daylight","Rear End",2,,,1259502.9,1942326.31
"2022-34575-19/09/2025","CRYSTAL BROOK","PT.PIRIE CITY & DIST. COUNCIL",2,4,0,0,4,2022,"October","Monday","12:30 pm",80,"Sealed","Wet","Raining","Daylight","Right Angle",2,,,1298306.9,1845137.21
"2022-34578-19/09/2025","POORAKA","CITY OF SALISBURY",2,1,0,0,1,2022,"October","Sunday","03:30 pm",70,"Sealed","Dry","Not Raining","Daylight","Right Angle",2,,,1330465.1,1681818.42
"2022-34584-19/09/2025","MYPOLONGA","RC MURRAY BRIDGE.",2,1,0,0,1,2022,"October","Monday","05:01 pm",100,"Sealed","Dry","Not Raining","Daylight","Hit Fixed Object",1,,,1389279.6,1654011.57
"2022-34585-19/09/2025","MANNUM","MID MURRAY DISTRICT COUNCIL",1,1,0,0,1,2022,"October","Monday","03:35 pm",100,"Sealed","Dry","Not Raining","Daylight","Roll Over",1,,,1387624.57,1667461.24
"2022-34586-19/09/2025","ELIZABETH PARK","CITY OF PLAYFORD.",2,1,0,1,0,2022,"October","Monday","04:52 pm",60,"Sealed","Dry","Not Raining","Daylight","Right Angle",2,,,1336982.82,1694349.59
"2022-34587-19/09/2025","GREENWAYS","DC ROBE.",2,2,0,1,1,2022,"October","Monday","04:40 am",110,"Sealed","Wet","Raining","Night","Hit Fixed Object",1,,,1454267.68,1409217.51
"2022-34588-19/09/2025","STEWART RANGE","DC NARACOORTE & LUCINDALE.",2,1,0,1,0,2022,"October","Monday","05:35 pm",110,"Sealed","Dry","Not Raining","Daylight","Hit Fixed Object",1,,,1499007.93,1433612.98
"2022-34594-19/09/2025","DARLINGTON","CC MARION.",9,1,0,0,1,2022,"October","Tuesday","07:15 am",80,"Sealed","Wet","Raining","Daylight","Rear End",2,,,1324097.89,1659398.28
"2022-34595-19/09/2025","WOODVILLE WEST","CITY OF CHARLES STURT",2,1,0,0,1,2022,"October","Tuesday","06:30 am",60,"Sealed","Dry","Not Raining","Daylight","Right Turn",1,,,1322368.19,1674999.5
"2022-34599-19/09/2025","NETLEY","CITY OF WEST TORRENS",2,1,0,0,1,2022,"October","Tuesday","07:28 am",60,"Sealed","Dry","Not Raining","Daylight","Right Turn",2,,,1324175.25,1668909.78
"2022-34601-19/09/2025","PARKSIDE","CITY OF UNLEY",2,1,0,0,1,2022,"October","Tuesday","07:25 am",60,"Sealed","Wet","Raining","Daylight","Right Turn",1,,,1329067.64,1668566.83
"2022-34607-19/09/2025","CRAFERS WEST","THE ADELAIDE HILLS COUNCIL",2,1,0,0,1,2022,"October","Tuesday","06:58 am",90,"Sealed","Wet","Raining","Daylight","Rear End",1,,,1335429.21,1664886.52
"2022-34617-19/09/2025","HENLEY BEACH","CITY OF CHARLES STURT",2,1,0,0,1,2022,"October","Monday","02:30 pm",60,"Sealed","Dry","Not Raining","Daylight","Right Angle",2,,,1319767.18,1671020.81
"2022-34619-19/09/2025","PARADISE","CC CAMPBELLTOWN.",2,1,0,0,1,2022,"October","Tuesday","02:05 pm",60,"Sealed","Dry","Not Raining","Daylight","Right Turn",1,,,1334461.82,1676974.32
"2022-34620-19/09/2025","WOODVILLE NORTH","CITY OF CHARLES STURT",2,2,0,0,2,2022,"October","Tuesday","02:42 pm",60,"Sealed","Dry","Not Raining","Daylight","Rear End",2,,,1323971.39,1676739.16
"2022-34622-19/09/2025","HENLEY BEACH","CITY OF CHARLES STURT",2,1,0,0,1,2022,"October","Tuesday","08:15 am",50,"Sealed","Dry","Not Raining","Daylight","Right Angle",1,,,1319411.45,1672214.1
"2022-34625-19/09/2025","DUBLIN","DC MALLALA.",2,1,0,1,0,2022,"October","Tuesday","01:15 pm",100,"Sealed","Dry","Not Raining","Daylight","Hit Fixed Object",1,,,1311555.63,1724857.86
"2022-34626-19/09/2025","THEBARTON","CITY OF WEST TORRENS",3,1,0,0,1,2022,"October","Tuesday","03:30 pm",60,"Sealed","Dry","Not Raining","Daylight","Rear End",2,,,1326542.49,1671802.21
"2022-34636-19/09/2025","WYNN VALE","CITY OF TEA TREE GULLY",2,1,0,0,1,2022,"October","Tuesday","11:37 pm",80,"Sealed","Dry","Not Raining","Night","Right Turn",2,,,1335764.06,1683093.59
"2022-34650-19/09/2025","TWO WELLS","DC MALLALA.",2,1,0,0,1,2022,"October","Monday","01:45 pm",80,"Sealed","Dry","Not Raining","Daylight","Right Angle",2,,,1321582.12,1707920.89
"2022-34651-19/09/2025","ELIZABETH","CITY OF PLAYFORD.",2,1,0,0,1,2022,"October","Wednesday","11:40 am",60,"Sealed","Dry","Not Raining","Daylight","Right Angle",2,,,1335481.03,1692887.05
"2022-34652-19/09/2025","TAILEM BEND","COORONG DISTRICT COUNCIL",2,1,0,0,1,2022,"October","Wednesday","11:30 am",80,"Sealed","Dry","Not Raining","Daylight","Rear End",2,,,1405244.31,1629815.61
"2022-34660-19/09/2025","HIGHBURY","CITY OF TEA TREE GULLY",2,1,0,0,1,2022,"October","Tuesday","06:45 pm",60,"Unsealed","Dry","Not Raining","Daylight","Right Angle",2,,,1338113.79,1678452.77
"2022-34664-19/09/2025","SALISBURY NORTH","CITY OF SALISBURY",2,1,0,0,1,2022,"October","Wednesday","03:29 pm",60,"Sealed","Wet","Raining","Daylight","Rear End",2,,,1330349.66,1690665.51
"2022-34674-19/09/2025","WARRADALE","CC MARION.",2,1,0,0,1,2022,"October","Wednesday","05:23 pm",60,"Sealed","Dry","Not Raining","Daylight","Right Turn",2,,,1322758.09,1661226.56
"2022-34684-19/09/2025","SPRING FARM","CLARE AND GILBERT VALLEYS DISTRICT COUNCIL",2,1,0,0,1,2022,"October","Thursday","06:28 am",100,"Sealed","Wet","Raining","Daylight","Side Swipe",2,,,1335475.16,1790727.9
"2022-34687-19/09/2025","WARRADALE","CC MARION.",2,1,0,0,1,2022,"October","Thursday","09:22 am",60,"Sealed","Dry","Not Raining","Daylight","Right Turn",1,,,1322758.09,1661226.56
"2022-34691-19/09/2025","KILBURN","CITY OF PORT ADELAIDE ENFIELD",2,1,0,0,1,2022,"October","Tuesday","02:30 pm",50,"Sealed","Dry","Not Raining","Daylight","Right Angle",1,,,1328027.15,1677780.4
"2022-34701-19/09/2025","TORRENSVILLE","CITY OF WEST TORRENS",2,1,0,0,1,2022,"October","Thursday","04:58 pm",60,"Sealed","Dry","Not Raining","Daylight","Rear End",2,,,1325416.27,1672003.04
"2022-34705-19/09/2025","GLENGOWRIE","CC MARION.",2,1,0,0,1,2022,"October","Thursday","06:17 pm",60,"Sealed","Dry","Not Raining","Daylight","Right Turn",2,,,1322668.86,1664189.07
"2022-34706-19/09/2025","FIRLE","CC OF NORWOOD,PAYNEHAM & ST PETERS",2,1,0,0,1,2022,"October","Thursday","01:45 pm",50,"Sealed","Dry","Not Raining","Daylight","Hit Parked Vehicle",2,,,1333259.21,1672683.01
"2022-34709-19/09/2025","RENMARK SOUTH","DC RENMARK PARINGA",2,2,0,0,2,2022,"October","Thursday","08:15 pm",90,"Sealed","Dry","Not Raining","Night","Right Angle",2,,"Y",1525144.62,1742514.07
"2022-34715-19/09/2025","TUNGKILLO","MID MURRAY DISTRICT COUNCIL",2,1,0,0,1,2022,"October","Friday","07:30 am",100,"Unsealed","Dry","Not Raining","Daylight","Hit Fixed Object",1,,,1367734.9,1674407.69
"2022-34717-19/09/2025","MILLBROOK","THE ADELAIDE HILLS COUNCIL",2,1,0,0,1,2022,"October","Friday","08:15 am",80,"Sealed","Wet","Not Raining","Daylight","Hit Fixed Object",1,,,1347457.05,1682095.15
"2022-34719-19/09/2025","SOUTH PLYMPTON","CC MARION.",2,1,0,0,1,2022,"October","Thursday","07:55 pm",60,"Sealed","Dry","Not Raining","Night","Rear End",2,,,1324291.75,1664735.62
"2022-34720-19/09/2025","PARADISE","CC CAMPBELLTOWN.",2,1,0,0,1,2022,"October","Thursday","04:20 pm",60,"Sealed","Dry","Not Raining","Daylight","Right Angle",2,,,1335277.94,1676470.55
"2022-34729-19/09/2025","MAGILL","CC CAMPBELLTOWN.",2,1,0,0,1,2022,"October","Friday","12:04 pm",60,"Sealed","Dry","Not Raining","Daylight","Right Angle",2,,,1334724.72,1671827.57
"2022-34734-19/09/2025","WINDSOR GARDENS","CITY OF PORT ADELAIDE ENFIELD",2,2,0,0,2,2022,"October","Friday","01:08 pm",60,"Sealed","Dry","Not Raining","Daylight","Rear End",2,,,1332888.43,1677296.22
"2022-34736-19/09/2025","WATERLOO CORNER","CITY OF PLAYFORD.",1,1,0,0,1,2022,"October","Friday","01:20 pm",110,"Sealed","Dry","Not Raining","Daylight","Left Road - Out of Control",1,,,1326628.47,1694483.17
"2022-34738-19/09/2025","SEAVIEW DOWNS","CC MARION.",2,1,0,0,1,2022,"October","Friday","02:40 pm",60,"Sealed","Dry","Not Raining","Daylight","Right Angle",1,,,1322813.34,1659390.01
"2022-34739-19/09/2025","SALISBURY EAST","CITY OF SALISBURY",2,1,0,0,1,2022,"October","Friday","10:50 am",80,"Sealed","Dry","Not Raining","Daylight","Rear End",2,,,1333298.13,1685374.25
"2022-34740-19/09/2025","PLYMPTON","CITY OF WEST TORRENS",3,1,0,0,1,2022,"October","Friday","03:46 pm",60,"Sealed","Dry","Not Raining","Daylight","Right Angle",2,,,1323607.6,1666121.69
"2022-34741-19/09/2025","WEST BEACH","CITY OF WEST TORRENS",2,1,0,0,1,2022,"October","Thursday","09:56 pm",40,"Sealed","Dry","Not Raining","Night","Rear End",2,,,1320903.43,1669323.47
"2022-34748-19/09/2025","THEBARTON","CITY OF WEST TORRENS",2,1,0,0,1,2022,"October","Friday","04:50 pm",60,"Sealed","Dry","Not Raining","Daylight","Side Swipe",1,,,1326533.08,1671892.4
"2022-34750-19/09/2025","EVANSTON","CT GAWLER.",2,1,0,0,1,2022,"October","Friday","04:40 pm",80,"Sealed","Dry","Not Raining","Daylight","Right Angle",2,,,1341314.94,1704923.74
"2022-34752-19/09/2025","SOMERTON PARK","CITY OF HOLDFAST BAY",2,1,0,0,1,2022,"October","Friday","05:35 pm",50,"Sealed","Dry","Not Raining","Daylight","Right Angle",1,,,1320678.97,1662663.02
"2022-34756-19/09/2025","HACKHAM","CITY OF ONKAPARINGA",3,1,0,0,1,2022,"October","Friday","07:09 pm",50,"Sealed","Dry","Not Raining","Daylight","Hit Parked Vehicle",2,,,1321905.09,1646490.28
"2022-34759-19/09/2025","ELIZABETH PARK","CITY OF PLAYFORD.",2,1,0,1,0,2022,"October","Friday","07:56 pm",60,"Sealed","Dry","Not Raining","Night","Right Angle",2,,,1337730.71,1693949.29
"2022-34760-19/09/2025","ADELAIDE","CITY OF ADELAIDE",2,1,0,0,1,2022,"October","Thursday","04:00 pm",50,"Sealed","Dry","Not Raining","Daylight","Rear End",2,,,1329224.63,1670851.04
"2022-34767-19/09/2025","HAZELWOOD PARK","CITY OF BURNSIDE",2,1,0,0,1,2022,"October","Saturday","11:10 am",60,"Sealed","Dry","Not Raining","Daylight","Right Angle",1,,,1333935.99,1669099.19
"2022-34768-19/09/2025","PENONG",,1,1,0,0,1,2022,"October","Saturday","07:00 am",110,"Sealed","Wet","Raining","Daylight","Left Road - Out of Control",9,,,814793.04,2006472.22
"2022-34771-19/09/2025","GERANIUM","SOUTHERN MALLEE DISTRICT COUNCIL",1,2,0,2,0,2022,"October","Saturday","11:38 am",100,"Unsealed","Dry","Not Raining","Daylight","Roll Over",1,,,1465090.04,1609880.8
"2022-34773-19/09/2025","BROOKLYN PARK","CITY OF WEST TORRENS",2,1,0,0,1,2022,"October","Friday","07:50 am",60,"Sealed","Dry","Not Raining","Daylight","Rear End",2,,,1323133.56,1670095.46
"2022-34776-19/09/2025","LINDEN PARK","CITY OF BURNSIDE",2,1,0,0,1,2022,"October","Saturday","02:10 pm",50,"Sealed","Dry","Not Raining","Daylight","Hit Fixed Object",1,,"Y",1332840.31,1668384.12
"2022-34779-19/09/2025","ELIZABETH EAST","CITY OF PLAYFORD.",2,1,0,0,1,2022,"October","Saturday","05:23 pm",80,"Sealed","Dry","Not Raining","Daylight","Hit Fixed Object",1,,"Y",1336143.06,1691768.13
"2022-34783-19/09/2025","PLYMPTON","CITY OF WEST TORRENS",2,1,0,1,0,2022,"October","Saturday","07:40 pm",60,"Sealed","Dry","Not Raining","Daylight","Rear End",2,"Y",,1323975.87,1666373.6
"2022-34784-19/09/2025","BURTON","CITY OF SALISBURY",3,1,0,1,0,2022,"October","Saturday","07:36 pm",60,"Sealed","Dry","Not Raining","Daylight","Rear End",1,"Y",,1329853.26,1690440.01
"2022-34785-19/09/2025","CHANDLERS HILL","CITY OF ONKAPARINGA",2,2,0,0,2,2022,"October","Saturday","06:43 pm",80,"Sealed","Dry","Not Raining","Daylight","Hit Fixed Object",1,"Y",,1327575.36,1650573.63
"2022-34787-19/09/2025","SEAFORD RISE","CITY OF ONKAPARINGA",2,2,0,2,0,2022,"October","Saturday","11:19 pm",50,"Sealed","Dry","Not Raining","Night","Hit Parked Vehicle",1,,,1316665.19,1639050.94
"2022-34789-19/09/2025","ROBE","DC ROBE.",2,2,0,1,1,2022,"October","Saturday","08:10 pm",50,"Sealed","Dry","Not Raining","Night","Right Angle",1,,,1423559.75,1418258.9
"2022-34794-19/09/2025","DUBLIN","DC MALLALA.",1,1,0,1,0,2022,"October","Sunday","04:40 am",100,"Sealed","Dry","Not Raining","Night","Roll Over",1,,"Y",1313476.05,1721296.5
"2022-34797-19/09/2025","SWAN REACH","MID MURRAY DISTRICT COUNCIL",2,1,0,0,1,2022,"October","Saturday","02:10 pm",110,"Sealed","Dry","Not Raining","Daylight","Rear End",1,,,1420007.82,1707774.77
"2022-34804-19/09/2025","URRBRAE","CC MITCHAM.",2,1,0,0,1,2022,"October","Sunday","01:10 pm",60,"Sealed","Wet","Raining","Daylight","Rear End",2,,,1332127.51,1666332.21
"2022-34806-19/09/2025","DRY CREEK","CITY OF SALISBURY",3,1,0,0,1,2022,"October","Sunday","02:40 pm",110,"Sealed","Dry","Not Raining","Daylight","Hit Fixed Object",1,,,1326898.52,1684859.27
"2022-34807-19/09/2025","MODBURY","CITY OF TEA TREE GULLY",2,1,0,0,1,2022,"October","Sunday","03:30 pm",60,"Sealed","Dry","Not Raining","Daylight","Right Turn",2,,,1336395.9,1680602.76
"2022-34808-19/09/2025","MILLSWOOD","CITY OF UNLEY",2,1,0,0,1,2022,"October","Sunday","04:00 pm",40,"Sealed","Dry","Not Raining","Daylight","Hit Pedestrian",1,,,1326801.67,1667367.85
"2022-34817-19/09/2025","CEDUNA WATERS","DC CEDUNA",1,1,0,1,0,2022,"October","Sunday","10:40 pm",50,"Sealed","Unknown","Unknown","Night","Roll Over",1,,,877019.86,1980936.75
"2022-34822-19/09/2025","LINDEN PARK","CITY OF BURNSIDE",2,1,0,0,1,2022,"October","Monday","08:30 am",60,"Sealed","Wet","Raining","Daylight","Rear End",1,,,1332335.41,1668236.09
"2022-34825-19/09/2025","WINGFIELD","CITY OF PORT ADELAIDE ENFIELD",3,1,0,0,1,2022,"October","Monday","07:40 am",60,"Sealed","Dry","Not Raining","Daylight","Rear End",1,,,1325176.35,1679184.44
"2022-34827-19/09/2025","MOUNT GAMBIER","CC MT.GAMBIER.",2,2,0,0,2,2022,"October","Monday","08:10 am",80,"Sealed","Wet","Raining","Daylight","Right Angle",2,,,1507143.45,1339508.62
"2022-34831-19/09/2025","VINE VALE","THE BAROSSA COUNCIL.",2,1,0,0,1,2022,"October","Monday","10:25 am",80,"Sealed","Wet","Raining","Daylight","Hit Fixed Object",1,,,1365782.8,1714739.48
"2022-34832-19/09/2025","FLINDERS PARK","CITY OF CHARLES STURT",2,1,0,0,1,2022,"October","Monday","10:40 am",60,"Sealed","Dry","Not Raining","Daylight","Rear End",1,,,1323978.37,1673171.77
"2022-34834-19/09/2025","ELIZABETH VALE","CITY OF PLAYFORD.",2,1,0,0,1,2022,"October","Monday","11:05 am",60,"Sealed","Wet","Raining","Daylight","Right Angle",2,,,1335680.33,1690184.45
"2022-34836-19/09/2025","MITCHELL PARK","CC MARION.",2,1,0,0,1,2022,"October","Tuesday","09:00 am",60,"Sealed","Wet","Raining","Daylight","Side Swipe",2,,,1324364.83,1661911.04
"2022-34837-19/09/2025","ANGASTON","THE BAROSSA COUNCIL.",5,2,0,0,2,2022,"October","Monday","09:00 am",80,"Sealed","Unknown","Unknown","Daylight","Right Angle",1,,,1369232.76,1717106.68
"2022-34838-19/09/2025","ADELAIDE","CITY OF ADELAIDE",2,1,0,0,1,2022,"October","Monday","01:09 pm",60,"Sealed","Wet","Unknown","Daylight","Rear End",1,,,1326864.22,1671347.68
"2022-34840-19/09/2025","WEST HINDMARSH","CITY OF CHARLES STURT",2,1,0,0,1,2022,"October","Monday","11:57 am",60,"Sealed","Dry","Not Raining","Daylight","Right Angle",2,,,1325143.37,1673173.75
"2022-34841-19/09/2025","EDEN HILLS","CC MITCHAM.",2,1,0,0,1,2022,"October","Monday","02:20 pm",60,"Sealed","Wet","Raining","Daylight","Right Angle",2,,,1328600.99,1659659.13
"2022-34843-19/09/2025","WISTOW","DC MT.BARKER.",3,1,0,0,1,2022,"October","Monday","01:45 pm",60,"Sealed","Dry","Not Raining","Daylight","Rear End",1,,,1354023.2,1649147.95
"2022-34844-19/09/2025","SALISBURY","CITY OF SALISBURY",2,1,0,0,1,2022,"October","Monday","03:09 pm",60,"Sealed","Wet","Raining","Daylight","Rear End",1,,,1332456.36,1688920.27
"2022-34845-19/09/2025","PARADISE","CC CAMPBELLTOWN.",2,1,0,0,1,2022,"October","Monday","03:20 pm",50,"Sealed","Wet","Not Raining","Daylight","Right Angle",1,,,1334928.81,1676508.6
"2022-34846-19/09/2025","PARK HOLME","CC MARION.",2,1,0,0,1,2022,"November","Sunday","03:57 pm",50,"Sealed","Dry","Not Raining","Daylight","Hit Parked Vehicle",1,,,1323985.51,1664318.85
"2022-34847-19/09/2025","TWO WELLS","DC MALLALA.",2,3,0,0,3,2022,"October","Monday","02:40 pm",100,"Sealed","Wet","Unknown","Daylight","Right Angle",1,,,1325640.11,1707746.15
"2022-34853-19/09/2025","ROYAL PARK","CITY OF CHARLES STURT",2,1,0,0,1,2022,"October","Monday","04:30 pm",60,"Sealed","Wet","Not Raining","Daylight","Rear End",1,,,1320685.41,1677279.24
"2022-34862-19/09/2025","WOODVILLE PARK","CITY OF CHARLES STURT",2,1,0,0,1,2022,"October","Monday","03:50 pm",40,"Sealed","Wet","Not Raining","Daylight","Rear End",2,,,1323827.41,1675659.17
"2022-34863-19/09/2025","HACKHAM WEST","CITY OF ONKAPARINGA",2,1,0,0,1,2022,"October","Monday","09:12 pm",60,"Sealed","Wet","Not Raining","Night","Right Turn",2,,,1320568.12,1647521.4
"2022-34864-19/09/2025","KUITPO","DC MT.BARKER.",4,1,0,0,1,2022,"October","Monday","09:43 pm",100,"Sealed","Wet","Raining","Night","Hit Fixed Object",1,,,1337991.1,1642824.68
"2022-34877-19/09/2025","MOUNT GAMBIER","CC MT.GAMBIER.",1,1,0,1,0,2022,"November","Tuesday","10:44 am",60,"Sealed","Dry","Not Raining","Daylight","Roll Over",1,,,1510956.6,1342059.1
"2022-34878-19/09/2025","FULHAM GARDENS","CITY OF CHARLES STURT",2,2,0,0,2,2022,"November","Tuesday","12:37 pm",60,"Sealed","Wet","Raining","Daylight","Right Angle",2,"Y",,1320586.01,1672002.62
"2022-34882-19/09/2025","SALISBURY NORTH","CITY OF SALISBURY",2,1,0,0,1,2022,"November","Tuesday","02:45 pm",50,"Sealed","Wet","Not Raining","Daylight","Side Swipe",2,,,1332099.08,1689536.38
"2022-34884-19/09/2025","VALLEY VIEW","CITY OF PORT ADELAIDE ENFIELD",2,4,0,0,4,2022,"November","Tuesday","03:11 pm",60,"Sealed","Wet","Raining","Daylight","Right Turn",1,,,1334550.17,1679386.94
"2022-34885-19/09/2025","PARAFIELD GARDENS","CITY OF SALISBURY",3,1,0,0,1,2022,"November","Tuesday","03:25 pm",60,"Sealed","Wet","Raining","Daylight","Rear End",1,,,1330688.17,1685868.15
"2022-34886-19/09/2025","STURT","CC MARION.",2,1,0,0,1,2022,"November","Tuesday","03:15 pm",60,"Sealed","Wet","Not Raining","Daylight","Right Angle",1,,,1324017.25,1659558.99
"2022-34903-19/09/2025","GILLMAN","CITY OF PORT ADELAIDE ENFIELD",5,4,1,3,0,2022,"November","Tuesday","09:35 pm",60,"Sealed","Wet","Not Raining","Night","Rear End",1,,,1321978.41,1680700.14
"2022-34909-19/09/2025","STURT","CC MARION.",4,6,0,0,6,2022,"November","Wednesday","09:23 am",100,"Sealed","Dry","Not Raining","Daylight","Side Swipe",2,,,1324213.22,1659596.47
"2022-34911-19/09/2025","HALLETT COVE","CC MARION.",3,1,0,0,1,2022,"November","Wednesday","10:50 am",50,"Sealed","Dry","Not Raining","Daylight","Hit Fixed Object",1,,"Y",1320011.71,1654129.54
"2022-34912-19/09/2025","ADELAIDE","CITY OF ADELAIDE",2,1,0,0,1,2022,"November","Wednesday","08:10 am",50,"Sealed","Dry","Not Raining","Daylight","Right Angle",2,,,1329031.75,1670451.25
"2022-34915-19/09/2025","ROSTREVOR","CC CAMPBELLTOWN.",2,1,0,0,1,2022,"November","Tuesday","03:30 pm",60,"Sealed","Wet","Not Raining","Daylight","Right Angle",2,,,1335450.52,1672991.24
"2022-34916-19/09/2025","FULLARTON","CITY OF UNLEY",2,1,0,0,1,2022,"November","Tuesday","09:00 pm",60,"Sealed","Wet","Raining","Night","Rear End",2,,,1330868.54,1668194.55
"2022-34917-19/09/2025","MOUNT BARKER","DC MT.BARKER.",2,1,0,0,1,2022,"April","Wednesday","01:53 pm",110,"Sealed","Dry","Not Raining","Daylight","Side Swipe",2,,,1349333.87,1655688.12
"2022-34922-19/09/2025","GLENELG NORTH","CITY OF HOLDFAST BAY",2,1,0,0,1,2022,"November","Wednesday","02:15 pm",60,"Sealed","Dry","Not Raining","Daylight","Hit Fixed Object",1,,,1321946.95,1665332.64
"2022-34927-19/09/2025","MCLAREN VALE","CITY OF ONKAPARINGA",2,1,0,0,1,2022,"November","Wednesday","04:26 pm",50,"Sealed","Dry","Not Raining","Daylight","Hit Fixed Object",1,,,1322466.55,1637806.3
"2022-34929-19/09/2025","WELLAND","CITY OF CHARLES STURT",3,1,0,0,1,2022,"November","Wednesday","02:00 pm",60,"Sealed","Dry","Not Raining","Daylight","Rear End",2,,,1324888.28,1673198.2
"2022-34930-19/09/2025","WARNERTOWN","PT.PIRIE CITY & DIST. COUNCIL",3,2,0,0,2,2022,"November","Wednesday","05:00 pm",110,"Sealed","Dry","Not Raining","Daylight","Head On",1,,,1288235.24,1861501.77
"2022-34931-19/09/2025","NORWOOD","CC OF NORWOOD,PAYNEHAM & ST PETERS",2,1,0,0,1,2022,"November","Wednesday","08:40 am",60,"Sealed","Wet","Not Raining","Daylight","Rear End",1,,,1330639.72,1670404.08
"2022-34932-19/09/2025","TROTT PARK","CC MARION.",2,1,0,0,1,2022,"November","Wednesday","04:08 pm",80,"Sealed","Wet","Not Raining","Daylight","Side Swipe",1,,,1323002.53,1653554.45
"2022-34936-19/09/2025","KENT TOWN","CC OF NORWOOD,PAYNEHAM & ST PETERS",2,1,0,0,1,2022,"November","Wednesday","11:23 pm",60,"Sealed","Dry","Not Raining","Night","Right Angle",2,,,1330555.43,1670400.29
"2022-34938-19/09/2025","DOVER GARDENS","CC MARION.",2,1,0,0,1,2022,"November","Wednesday","11:23 pm",50,"Sealed","Dry","Not Raining","Night","Hit Parked Vehicle",1,,,1322528.75,1659828.18
"2022-34941-19/09/2025","HILLBANK","CITY OF PLAYFORD.",3,1,0,0,1,2022,"November","Thursday","08:10 am",80,"Sealed","Wet","Not Raining","Daylight","Side Swipe",1,,,1336364.24,1689481.51
"2022-34942-19/09/2025","UNLEY","CITY OF UNLEY",2,1,0,1,0,2022,"November","Thursday","09:00 am",60,"Sealed","Dry","Not Raining","Daylight","Right Angle",1,,,1328501.06,1668965.09
"2022-34946-19/09/2025","SALISBURY SOUTH","CITY OF SALISBURY",2,1,0,0,1,2022,"November","Thursday","12:45 pm",70,"Sealed","Dry","Not Raining","Daylight","Rear End",2,,"Y",1331937.42,1686431.85
"2022-34949-19/09/2025","MOUNT GAMBIER","CC MT.GAMBIER.",2,1,0,1,0,2022,"November","Thursday","02:18 pm",60,"Sealed","Wet","Raining","Daylight","Rear End",2,,,1508080.96,1341789.74
"2022-34956-19/09/2025","ELIZABETH NORTH","CITY OF PLAYFORD.",2,4,0,0,4,2022,"November","Thursday","04:00 pm",80,"Sealed","Dry","Not Raining","Daylight","Rear End",1,,,1336862.35,1695332.86
"2022-34957-19/09/2025","MUNNO PARA","CITY OF PLAYFORD.",2,1,0,0,1,2022,"November","Thursday","02:00 pm",80,"Sealed","Dry","Not Raining","Daylight","Rear End",2,,,1338231.02,1697708.49
"2022-34958-19/09/2025","PARINGA","DC RENMARK PARINGA",2,1,0,0,1,2022,"November","Thursday","04:50 pm",50,"Sealed","Dry","Not Raining","Daylight","Hit Parked Vehicle",1,,,1532158.8,1744745.19
"2022-34959-19/09/2025","KINGS PARK","CITY OF UNLEY",2,1,0,0,1,2022,"November","Thursday","04:45 pm",60,"Sealed","Dry","Not Raining","Daylight","Rear End",2,,,1327506.69,1666244.13
"2022-34960-19/09/2025","OAKLANDS PARK","CC MARION.",2,1,0,0,1,2022,"November","Thursday","05:16 pm",60,"Sealed","Dry","Not Raining","Daylight","Rear End",1,,,1323027.25,1661181.87
"2022-34963-19/09/2025","HEWETT","LIGHT REGIONAL COUNCIL",2,2,0,0,2,2022,"November","Thursday","07:15 pm",50,"Sealed","Dry","Not Raining","Daylight","Rear End",2,,,1343418.73,1708573.38
"2022-34971-19/09/2025","MEDINDIE","WALKERVILLE TOWN COUNCIL",2,4,0,0,4,2022,"November","Friday","03:45 am",60,"Sealed","Dry","Not Raining","Night","Hit Fixed Object",1,"Y",,1329432.82,1673430.42
"2022-34974-19/09/2025","MAWSON LAKES","CITY OF SALISBURY",4,1,0,0,1,2022,"November","Friday","06:54 am",60,"Sealed","Dry","Not Raining","Daylight","Rear End",1,,,1330070.75,1684192.08
"2022-34992-19/09/2025","KADINA","COPPER COAST DISTRICT COUNCIL",2,1,0,0,1,2022,"November","Friday","04:00 pm",100,"Sealed","Dry","Not Raining","Daylight","Side Swipe",1,,,1251225.07,1780960.47
"2022-34994-19/09/2025","COROMANDEL VALLEY","CITY OF ONKAPARINGA",2,1,0,0,1,2022,"November","Friday","04:35 pm",60,"Sealed","Dry","Not Raining","Daylight","Hit Fixed Object",1,"Y",,1330331.09,1658204.63
"2022-34996-19/09/2025","MILLBROOK","THE ADELAIDE HILLS COUNCIL",2,1,0,0,1,2022,"November","Friday","05:00 pm",80,"Unsealed","Dry","Not Raining","Daylight","Hit Fixed Object",1,,,1348918.87,1683829.45