"REPORT_ID","Suburb","LGA Name","Total Units","Total Cas","Total Fats","Total SI","Total MI","Year","Month","Day","Time","Area Speed","Road Surface","Moisture Cond","Weather Cond","DayNight","Crash Type","Unit Resp","DUI Involved","Drugs Involved","ACCLOC_X","ACCLOC_Y"
"2022-35007-19/09/2025","FULHAM GARDENS","CITY OF CHARLES STURT",2,2,0,0,2,2022,"November","Friday","09:39 pm",60,"Sealed","Dry","Not Raining","Night","Right Turn",1,,,1320790.16,1673081.46
"2022-35010-19/09/2025","NEWTON","CC CAMPBELLTOWN.",2,1,1,0,0,2022,"November","Friday","09:29 pm",60,"Sealed","Dry","Not Raining","Night","Hit Fixed Object",1,"Y","Y",1335388.96,1675668.09
"2022-35023-19/09/2025","WALKERVILLE","WALKERVILLE TOWN COUNCIL",2,1,0,0,1,2022,"November","Saturday","04:15 pm",50,"Sealed","Dry","Not Raining","Daylight","Right Angle",2,,,1330494.39,1674206.26
"2022-35029-19/09/2025","BOLIVAR","CITY OF SALISBURY",2,2,0,0,2,2022,"November","Saturday","05:58 pm",90,"Sealed","Dry","Not Raining","Daylight","Right Angle",1,,"Y",1328471.89,1688636.97
"2022-35032-19/09/2025","ROSTREVOR","CC CAMPBELLTOWN.",1,1,0,0,1,2022,"November","Saturday","06:55 pm",60,"Sealed","Dry","Not Raining","Daylight","Roll Over",1,,,1338384.75,1674692.27
"2022-35035-19/09/2025","LIGHTSVIEW","CITY OF PORT ADELAIDE ENFIELD",3,1,0,0,1,2022,"November","Saturday","09:05 pm",50,"Sealed","Dry","Not Raining","Night","Right Angle",1,,,1330719.46,1677482.42
"2022-35037-19/09/2025","HENLEY BEACH","CITY OF CHARLES STURT",2,1,0,0,1,2022,"November","Saturday","09:10 pm",60,"Sealed","Dry","Not Raining","Night","Right Angle",1,,,1319815.31,1673045.48
"2022-35038-19/09/2025","SALISBURY SOUTH","CITY OF SALISBURY",2,1,0,0,1,2022,"November","Saturday","10:55 pm",80,"Sealed","Dry","Not Raining","Night","Rear End",2,,,1333930.78,1686235.35
"2022-35041-19/09/2025","STURT","CC MARION.",4,1,0,0,1,2022,"November","Saturday","12:50 pm",60,"Sealed","Dry","Not Raining","Daylight","Rear End",1,,,1323917.79,1660655.84
"2022-35044-19/09/2025","INGLE FARM","CITY OF SALISBURY",2,1,0,0,1,2022,"November","Sunday","11:30 am",50,"Sealed","Dry","Not Raining","Daylight","Right Angle",2,,,1333177.62,1680977.84
"2022-35045-19/09/2025","SEACLIFF PARK","CC MARION.",2,1,0,0,1,2022,"November","Sunday","12:05 pm",60,"Sealed","Dry","Not Raining","Daylight","Rear End",1,,,1321684.7,1658090.64
"2022-35048-19/09/2025","CHANDLERS HILL","CITY OF ONKAPARINGA",2,1,0,0,1,2022,"November","Sunday","02:00 pm",70,"Sealed","Dry","Not Raining","Daylight","Right Angle",2,,,1330046.27,1651824.89
"2022-35049-19/09/2025","ADELAIDE","CITY OF ADELAIDE",2,1,0,1,0,2022,"November","Sunday","01:43 pm",50,"Sealed","Dry","Not Raining","Daylight","Hit Pedestrian",1,,,1328681.78,1670835.11
"2022-35050-19/09/2025","WOODSIDE","THE ADELAIDE HILLS COUNCIL",2,1,0,0,1,2022,"November","Sunday","01:46 pm",80,"Sealed","Dry","Not Raining","Daylight","Right Angle",2,,,1354968.4,1669416.67
"2022-35059-19/09/2025","WHITE HILL","RC MURRAY BRIDGE.",3,1,0,1,0,2022,"November","Sunday","04:00 pm",100,"Sealed","Dry","Not Raining","Daylight","Right Angle",2,"Y",,1384849.08,1644833.29
"2022-35067-19/09/2025","MULGUNDAWA","RC MURRAY BRIDGE.",2,1,0,0,1,2022,"November","Sunday","03:00 pm",100,"Sealed","Dry","Not Raining","Daylight","Right Angle",2,,,1381830.91,1626524.04
"2022-35068-19/09/2025","ALDINGA BEACH","CITY OF ONKAPARINGA",1,1,0,0,1,2022,"November","Sunday","08:30 pm",50,"Unsealed","Dry","Not Raining","Night","Roll Over",1,"Y",,1313055.14,1630746.66
"2022-35077-19/09/2025","PORT ADELAIDE","CITY OF PORT ADELAIDE ENFIELD",4,1,0,0,1,2022,"November","Monday","12:45 pm",50,"Sealed","Dry","Not Raining","Daylight","Hit Fixed Object",1,,,1320165,1679972
"2022-35083-19/09/2025","MELROSE PARK","CC MITCHAM.",2,1,0,1,0,2022,"November","Monday","04:58 pm",60,"Sealed","Dry","Not Raining","Daylight","Hit Pedestrian",1,,,1325911.39,1664704.47
"2022-35088-19/09/2025","MANNUM","MID MURRAY DISTRICT COUNCIL",1,1,0,0,1,2022,"November","Monday","05:30 pm",100,"Sealed","Dry","Not Raining","Daylight","Roll Over",1,,,1388390.43,1668943.59
"2022-35089-19/09/2025","LOCKLEYS","CITY OF WEST TORRENS",2,1,0,0,1,2022,"November","Monday","06:35 pm",60,"Sealed","Dry","Not Raining","Daylight","Rear End",2,,,1322502.16,1670764.74
"2022-35092-19/09/2025","PANORAMA","CC MITCHAM.",2,1,0,0,1,2022,"November","Monday","07:28 pm",60,"Sealed","Dry","Not Raining","Daylight","Rear End",1,,,1328183.66,1663505.14
"2022-35095-19/09/2025","BURTON","CITY OF SALISBURY",2,2,0,0,2,2022,"November","Tuesday","05:28 am",60,"Sealed","Dry","Not Raining","Night","Right Angle",1,,,1330151.76,1690822.54
"2022-35097-19/09/2025","MOUNT BARKER","DC MT.BARKER.",2,1,0,0,1,2022,"November","Tuesday","06:59 am",60,"Sealed","Dry","Not Raining","Daylight","Right Angle",1,,,1351409.02,1653530.17
"2022-35100-19/09/2025","MAGILL","CC CAMPBELLTOWN.",2,1,0,1,0,2022,"November","Tuesday","07:55 am",60,"Sealed","Dry","Not Raining","Daylight","Right Angle",1,,,1334732.73,1671827.77
"2022-35101-19/09/2025","ROSEWATER","CITY OF PORT ADELAIDE ENFIELD",2,1,0,0,1,2022,"November","Monday","04:40 pm",60,"Sealed","Dry","Not Raining","Daylight","Right Angle",2,,,1321208.14,1679096.86
"2022-35103-19/09/2025","MITCHELL PARK","CC MARION.",3,1,0,0,1,2022,"November","Tuesday","08:45 am",60,"Sealed","Dry","Not Raining","Daylight","Rear End",2,,,1324340.81,1662704.05
"2022-35106-19/09/2025","PENFIELD GARDENS","CITY OF PLAYFORD.",2,3,0,1,2,2022,"November","Tuesday","09:21 am",80,"Sealed","Dry","Not Raining","Daylight","Right Angle",2,,,1331985.26,1698516.9
"2022-35108-19/09/2025","UNDERDALE","CITY OF WEST TORRENS",2,1,0,0,1,2022,"November","Tuesday","09:22 am",60,"Sealed","Dry","Not Raining","Daylight","Right Turn",2,,,1323829.19,1671602.14
"2022-35113-19/09/2025","HOLDEN HILL","CITY OF TEA TREE GULLY",2,1,0,0,1,2022,"November","Tuesday","10:41 am",60,"Sealed","Dry","Not Raining","Daylight","Right Turn",1,,,1334713.27,1678543.84
"2022-35114-19/09/2025","ADELAIDE","CITY OF ADELAIDE",2,1,0,0,1,2022,"November","Tuesday","11:15 am",50,"Sealed","Dry","Not Raining","Daylight","Hit Pedestrian",2,,,1328743.06,1670836.81
"2022-35117-19/09/2025","PORT LINCOLN","CC PT.LINCOLN.",2,1,0,0,1,2022,"November","Tuesday","11:42 am",60,"Sealed","Dry","Not Raining","Daylight","Right Angle",1,,,1078222.84,1697195.69
"2022-35123-19/09/2025","WAYVILLE","CITY OF UNLEY",2,1,0,0,1,2022,"November","Tuesday","01:00 pm",60,"Sealed","Dry","Not Raining","Daylight","Rear End",1,,,1326888.57,1668898.92
"2022-35128-19/09/2025","NORTHFIELD","CITY OF PORT ADELAIDE ENFIELD",3,1,0,0,1,2022,"November","Tuesday","03:20 pm",60,"Sealed","Dry","Not Raining","Daylight","Rear End",1,,,1330396.98,1678163.83
"2022-35129-19/09/2025","OTTOWAY","CITY OF PORT ADELAIDE ENFIELD",2,1,0,0,1,2022,"November","Tuesday","03:41 pm",60,"Sealed","Dry","Not Raining","Daylight","Rear End",2,,,1322393.53,1679126.58
"2022-35133-19/09/2025","GLENELG SOUTH","CITY OF HOLDFAST BAY",2,1,0,0,1,2022,"November","Tuesday","05:45 pm",60,"Sealed","Dry","Not Raining","Daylight","Side Swipe",1,,"Y",1321033.93,1664226.14
"2022-35136-19/09/2025","GEPPS CROSS","CITY OF PORT ADELAIDE ENFIELD",2,1,0,0,1,2022,"November","Friday","02:30 pm",60,"Sealed","Dry","Not Raining","Daylight","Hit Pedestrian",1,,,1328758.57,1679279.38
"2022-35143-19/09/2025","SALISBURY NORTH","CITY OF SALISBURY",2,2,0,0,2,2022,"November","Tuesday","06:45 pm",60,"Sealed","Dry","Not Raining","Daylight","Rear End",2,"Y",,1332194.67,1689208.36
"2022-35147-19/09/2025","RUDALL","DC CLEVE.",2,1,0,1,0,2022,"November","Tuesday","09:09 pm",110,"Sealed","Dry","Not Raining","Night","Head On",1,"Y",,1117445.11,1815198.25
"2022-35156-19/09/2025","ELIZABETH PARK","CITY OF PLAYFORD.",2,1,0,0,1,2022,"November","Wednesday","06:48 am",80,"Sealed","Dry","Not Raining","Daylight","Rear End",2,,,1336583.69,1694769.92
"2022-35163-19/09/2025","QUEENSTOWN","CITY OF PORT ADELAIDE ENFIELD",2,1,0,0,1,2022,"November","Wednesday","09:36 am",60,"Sealed","Dry","Not Raining","Daylight","Right Angle",1,,,1320596.34,1678617.6
"2022-35166-19/09/2025","HAZELWOOD PARK","CITY OF BURNSIDE",2,1,0,0,1,2022,"November","Wednesday","08:45 am",60,"Sealed","Dry","Not Raining","Daylight","Rear End",1,,,1333322.91,1669080.9
"2022-35173-19/09/2025","EVANSTON PARK","CT GAWLER.",2,1,0,0,1,2022,"November","Wednesday","01:25 pm",60,"Sealed","Dry","Not Raining","Daylight","Rear End",2,,,1341881.56,1703214.18
"2022-35180-19/09/2025","WAYVILLE","CITY OF UNLEY",3,1,0,0,1,2022,"November","Wednesday","03:36 pm",60,"Sealed","Dry","Not Raining","Daylight","Rear End",1,,,1327389.18,1668933.69
"2022-35189-19/09/2025","NORTH ADELAIDE","CITY OF ADELAIDE",2,1,0,0,1,2022,"November","Wednesday","05:35 pm",50,"Sealed","Dry","Not Raining","Daylight","Hit Pedestrian",1,,,1328039.54,1673155.47
"2022-35192-19/09/2025","MOUNT CRAWFORD","THE BAROSSA COUNCIL.",2,1,0,0,1,2022,"November","Wednesday","06:10 pm",80,"Unsealed","Wet","Raining","Daylight","Hit Fixed Object",1,,,1362291,1694962.06
"2022-35195-19/09/2025","TORRENSVILLE","CITY OF WEST TORRENS",3,2,0,0,2,2022,"November","Wednesday","03:10 pm",60,"Sealed","Dry","Not Raining","Daylight","Rear End",1,,,1325736.21,1671114.29
"2022-35196-19/09/2025","WINDSOR GARDENS","CITY OF PORT ADELAIDE ENFIELD",2,1,0,0,1,2022,"November","Wednesday","09:36 pm",60,"Sealed","Wet","Not Raining","Night","Right Angle",2,,,1332539.47,1676983.64
"2022-35199-19/09/2025","INGLE FARM","CITY OF SALISBURY",2,2,0,0,2,2022,"November","Thursday","08:16 am",70,"Sealed","Dry","Not Raining","Daylight","Rear End",2,"Y",,1332124.43,1681793.89
"2022-35201-19/09/2025","NORWOOD","CC OF NORWOOD,PAYNEHAM & ST PETERS",3,4,0,0,4,2022,"November","Thursday","08:36 am",60,"Sealed","Dry","Not Raining","Daylight","Right Angle",2,,,1331874.28,1670398.69
"2022-35205-19/09/2025","NEWTON","CC CAMPBELLTOWN.",2,1,0,0,1,2022,"November","Thursday","10:30 am",50,"Sealed","Dry","Not Raining","Daylight","Right Angle",1,,,1336854.37,1675374.46
"2022-35210-19/09/2025","PARKSIDE","CITY OF UNLEY",2,1,0,0,1,2022,"November","Wednesday","05:15 pm",60,"Sealed","Dry","Not Raining","Daylight","Hit Pedestrian",2,,,1330259.04,1668675.75
"2022-35213-19/09/2025","LONSDALE","CITY OF ONKAPARINGA",2,1,0,0,1,2022,"November","Wednesday","05:20 pm",60,"Sealed","Dry","Not Raining","Daylight","Rear End",2,,,1318651.25,1650962.37
"2022-35222-19/09/2025","MORPHETT VALE","CITY OF ONKAPARINGA",3,1,0,0,1,2022,"November","Thursday","04:13 pm",50,"Sealed","Dry","Not Raining","Daylight","Hit Fixed Object",1,,"Y",1322451.97,1647861.73
"2022-35224-19/09/2025","PORT ADELAIDE","CITY OF PORT ADELAIDE ENFIELD",2,1,0,1,0,2022,"November","Thursday","06:10 pm",50,"Sealed","Dry","Not Raining","Daylight","Hit Pedestrian",2,"Y",,1320154.98,1679970.11
"2022-35227-19/09/2025","SOLOMONTOWN","PT.PIRIE CITY & DIST. COUNCIL",2,1,0,0,1,2022,"November","Thursday","03:50 pm",50,"Sealed","Dry","Not Raining","Daylight","Rear End",2,,,1280961.12,1865065.38
"2022-35236-19/09/2025","GLENELG NORTH","CITY OF HOLDFAST BAY",2,1,0,0,1,2022,"November","Thursday","03:20 pm",60,"Sealed","Dry","Not Raining","Daylight","Right Angle",2,,,1320777.96,1665785.29
"2022-35240-19/09/2025","HILLBANK","CITY OF PLAYFORD.",2,2,0,0,2,2022,"November","Friday","11:04 am",80,"Sealed","Dry","Not Raining","Daylight","Right Turn",2,,,1336151.65,1690847.39
"2022-35245-19/09/2025","ROSE PARK","CITY OF BURNSIDE",2,1,0,0,1,2022,"November","Friday","11:00 am",60,"Sealed","Dry","Not Raining","Daylight","Rear End",1,,,1330658.67,1670036.19
"2022-35256-19/09/2025","ELIZABETH","CITY OF PLAYFORD.",2,1,0,0,1,2022,"November","Friday","05:25 pm",50,"Sealed","Dry","Not Raining","Daylight","Rear End",2,,,1335443.67,1693144.79
"2022-35260-19/09/2025","GLENELG NORTH","CITY OF HOLDFAST BAY",1,1,0,0,1,2022,"November","Friday","07:37 pm",60,"Sealed","Dry","Not Raining","Daylight","Roll Over",1,,,1321592.6,1665338.2
"2022-35262-19/09/2025","SALISBURY EAST","CITY OF SALISBURY",2,1,0,0,1,2022,"November","Friday","08:50 pm",80,"Sealed","Dry","Not Raining","Night","Right Turn",2,,,1333995.93,1686285.66
"2022-35265-19/09/2025","KORUNYE","DC MALLALA.",2,1,0,1,0,2022,"November","Friday","11:00 pm",100,"Unsealed","Dry","Not Raining","Night","Hit Fixed Object",1,"Y",,1318793.76,1714442.94
"2022-35270-19/09/2025","PAYNEHAM","CC OF NORWOOD,PAYNEHAM & ST PETERS",2,1,0,0,1,2022,"November","Saturday","06:50 am",60,"Sealed","Wet","Raining","Daylight","Right Turn",2,,,1332176.1,1673782.43
"2022-35273-19/09/2025","ELIZABETH","CITY OF PLAYFORD.",3,1,0,0,1,2022,"November","Saturday","09:57 am",60,"Sealed","Wet","Raining","Daylight","Right Angle",1,,,1335579.02,1693066.01
"2022-35282-19/09/2025","GILBERTON","WALKERVILLE TOWN COUNCIL",2,1,0,0,1,2022,"November","Saturday","11:30 am",60,"Sealed","Wet","Raining","Daylight","Side Swipe",2,,,1329721.93,1672550.84
"2022-35285-19/09/2025","CHANDLERS HILL","CITY OF ONKAPARINGA",2,1,0,0,1,2022,"November","Saturday","12:45 pm",70,"Sealed","Wet","Raining","Daylight","Hit Fixed Object",1,,,1329937.52,1653244.59
"2022-35308-19/09/2025","WATERLOO CORNER","CITY OF PLAYFORD.",2,1,1,0,0,2022,"November","Saturday","07:29 pm",80,"Sealed","Dry","Not Raining","Daylight","Rear End",1,"Y","Y",1325493.51,1694076.87
"2022-35312-19/09/2025","MOUNT GAMBIER","CC MT.GAMBIER.",2,1,0,0,1,2022,"November","Sunday","02:10 am",50,"Sealed","Dry","Not Raining","Night","Hit Parked Vehicle",1,"Y",,1507366.21,1341191.39
"2022-35317-19/09/2025","WANILLA","DC LOWER EYRE PENINSULA",1,1,0,0,1,2022,"August","Tuesday","10:00 pm",110,"Sealed","Dry","Not Raining","Night","Left Road - Out of Control",1,,,1060592.85,1716955.13
"2022-35320-19/09/2025","YUNTA",,1,1,0,0,1,2022,"November","Saturday","03:10 pm",110,"Sealed","Wet","Raining","Daylight","Roll Over",1,,,1428490.26,1927133.6
"2022-35323-19/09/2025","HACKHAM","CITY OF ONKAPARINGA",2,1,0,0,1,2022,"November","Sunday","02:55 pm",60,"Sealed","Dry","Not Raining","Daylight","Right Angle",1,,,1318663.13,1643636.35
"2022-35326-19/09/2025","ANDREWS FARM","CITY OF PLAYFORD.",2,2,0,1,1,2022,"November","Sunday","04:20 pm",60,"Sealed","Dry","Not Raining","Daylight","Right Angle",2,,,1335019.44,1699478.57
"2022-35335-19/09/2025","MARDEN","CC OF NORWOOD,PAYNEHAM & ST PETERS",3,2,0,1,1,2022,"November","Sunday","08:50 pm",60,"Sealed","Dry","Not Raining","Night","Right Angle",2,,,1332498.51,1673954.55
"2022-35337-19/09/2025","WILLIAMSTOWN","THE BAROSSA COUNCIL.",2,2,0,0,2,2022,"November","Monday","03:40 am",100,"Sealed","Wet","Raining","Night","Hit Fixed Object",1,,,1355354.3,1699505.64
"2022-35342-19/09/2025","GOLDEN GROVE","CITY OF TEA TREE GULLY",1,1,0,0,1,2022,"November","Sunday","04:40 pm",80,"Sealed","Dry","Not Raining","Daylight","Other",1,,,1341273.66,1687093.81
"2022-35343-19/09/2025","HACKHAM WEST","CITY OF ONKAPARINGA",2,1,0,0,1,2022,"November","Sunday","03:10 pm",60,"Sealed","Dry","Not Raining","Daylight","Right Angle",2,,,1320777.86,1647528.9
"2022-35344-19/09/2025","MITCHELL PARK","CC MARION.",2,1,0,0,1,2022,"November","Sunday","12:05 pm",50,"Sealed","Dry","Not Raining","Daylight","Hit Parked Vehicle",2,,,1324803.64,1662729.8
"2022-35347-19/09/2025","PARADISE","CC CAMPBELLTOWN.",3,1,0,0,1,2022,"November","Monday","10:40 am",50,"Sealed","Wet","Not Raining","Daylight","Right Angle",1,,,1335002.12,1676120.07
"2022-35359-19/09/2025","WATERLOO CORNER","CITY OF SALISBURY",2,1,0,0,1,2022,"November","Thursday","08:18 am",110,"Sealed","Dry","Not Raining","Daylight","Side Swipe",1,,,1326930.32,1692963.46
"2022-35360-19/09/2025","MOUNT BARKER","DC MT.BARKER.",2,1,0,0,1,2022,"November","Saturday","09:45 am",60,"Sealed","Dry","Not Raining","Daylight","Rear End",2,,,1351270.26,1654323.85
"2022-35362-19/09/2025","WARRADALE","CC MARION.",2,1,0,0,1,2022,"November","Monday","01:45 pm",60,"Sealed","Dry","Not Raining","Daylight","Rear End",2,,,1321899.38,1663030.85
"2022-35364-19/09/2025","ALDINGA","CITY OF ONKAPARINGA",2,1,0,0,1,2022,"November","Monday","02:30 pm",80,"Sealed","Dry","Not Raining","Daylight","Rear End",2,,,1316559.86,1635517.35
"2022-35366-19/09/2025","MOUNT BARKER","DC MT.BARKER.",2,1,0,0,1,2022,"November","Monday","03:30 pm",60,"Sealed","Dry","Not Raining","Daylight","Rear End",2,,,1351021.22,1654826.97
"2022-35378-19/09/2025","PARADISE","CC CAMPBELLTOWN.",2,1,0,0,1,2022,"November","Monday","03:50 pm",60,"Sealed","Dry","Not Raining","Daylight","Right Angle",1,,,1334547.11,1676868.96
"2022-35379-19/09/2025","CHRISTIE DOWNS","CITY OF ONKAPARINGA",2,1,0,0,1,2022,"November","Tuesday","12:02 am",60,"Sealed","Dry","Not Raining","Night","Right Angle",2,,,1318513.27,1647464.88
"2022-35381-19/09/2025","GAWLER BELT","LIGHT REGIONAL COUNCIL",2,1,0,1,0,2022,"November","Tuesday","07:38 am",110,"Sealed","Dry","Not Raining","Daylight","Side Swipe",2,,,1342457.25,1708714.38
"2022-35382-19/09/2025","NAILSWORTH","CITY OF PROSPECT",3,1,0,0,1,2022,"November","Tuesday","08:05 am",60,"Sealed","Dry","Not Raining","Daylight","Hit Parked Vehicle",1,,,1328915.67,1674513.92
"2022-35388-19/09/2025","TORRENS PARK","CC MITCHAM.",2,1,0,0,1,2022,"November","Tuesday","08:35 am",60,"Sealed","Wet","Raining","Daylight","Rear End",2,,,1329289.75,1664523.36
"2022-35396-19/09/2025","WINDSOR GARDENS","CITY OF PORT ADELAIDE ENFIELD",3,1,0,0,1,2022,"November","Tuesday","02:33 pm",60,"Sealed","Dry","Not Raining","Daylight","Side Swipe",2,,"Y",1333779.55,1678066.43
"2022-35398-19/09/2025","SOUTH PLYMPTON","CC MARION.",4,1,0,0,1,2022,"November","Tuesday","03:32 pm",50,"Sealed","Dry","Not Raining","Daylight","Rear End",1,,,1325046.1,1666427.64
"2022-35399-19/09/2025","VERDUN","THE ADELAIDE HILLS COUNCIL",3,1,0,0,1,2022,"November","Tuesday","03:30 pm",50,"Sealed","Dry","Not Raining","Daylight","Head On",1,,,1345184.35,1660739.92
"2022-35403-19/09/2025","PARAFIELD","CITY OF SALISBURY",2,1,0,0,1,2022,"November","Tuesday","06:00 pm",80,"Sealed","Dry","Not Raining","Daylight","Rear End",2,,,1332521.09,1684419.56
"2022-35404-19/09/2025","OTTOWAY","CITY OF PORT ADELAIDE ENFIELD",3,3,0,0,3,2022,"November","Tuesday","05:20 pm",60,"Sealed","Dry","Not Raining","Daylight","Rear End",1,,,1323171.92,1679135.5
"2022-35409-19/09/2025","SALISBURY NORTH","CITY OF SALISBURY",2,1,0,0,1,2022,"November","Tuesday","08:40 pm",50,"Sealed","Dry","Not Raining","Night","Right Turn",2,,,1331977.75,1689382.42
"2022-35412-19/09/2025","WINGFIELD","CITY OF PORT ADELAIDE ENFIELD",5,1,0,0,1,2022,"November","Wednesday","06:00 am",90,"Sealed","Dry","Not Raining","Night","Hit Fixed Object",1,"Y",,1325760.92,1681065.21
"2022-35413-19/09/2025","TONSLEY","CC MARION.",2,1,0,1,0,2022,"November","Wednesday","07:39 am",60,"Sealed","Dry","Not Raining","Daylight","Right Turn",1,,"Y",1325988.3,1662110.1
"2022-35414-19/09/2025","BURTON","CITY OF SALISBURY",2,1,0,0,1,2022,"November","Tuesday","06:10 pm",70,"Sealed","Dry","Not Raining","Daylight","Rear End",1,,,1329280.24,1691512.41
"2022-35419-19/09/2025","HALLETT COVE","CC MARION.",2,1,0,0,1,2022,"November","Wednesday","10:29 am",50,"Sealed","Dry","Not Raining","Daylight","Right Angle",2,,,1319969,1654128.56
"2022-35420-19/09/2025","GLENELG NORTH","CITY OF HOLDFAST BAY",2,1,0,0,1,2022,"November","Wednesday","10:12 am",60,"Sealed","Dry","Not Raining","Daylight","Hit Fixed Object",1,,"Y",1320794.14,1665734.73
"2022-35432-19/09/2025","ALDGATE","THE ADELAIDE HILLS COUNCIL",2,1,0,0,1,2022,"November","Wednesday","09:50 am",50,"Sealed","Dry","Not Raining","Daylight","Hit Fixed Object",1,,,1341193.14,1660685.38
"2022-35437-19/09/2025","HILLBANK","CITY OF PLAYFORD.",2,1,0,0,1,2022,"November","Wednesday","04:02 pm",80,"Sealed","Dry","Not Raining","Daylight","Side Swipe",1,,"Y",1336155.04,1690609.16
"2022-35446-19/09/2025","BRIDGEWATER","THE ADELAIDE HILLS COUNCIL",1,1,0,1,0,2022,"November","Wednesday","05:55 pm",50,"Sealed","Dry","Not Raining","Daylight","Roll Over",1,,,1343705.49,1660577.98
"2022-35458-19/09/2025","THEBARTON","CITY OF WEST TORRENS",2,1,0,0,1,2022,"November","Wednesday","09:56 pm",60,"Sealed","Dry","Not Raining","Night","Rear End",1,,,1326514.21,1672077.38
"2022-35461-19/09/2025","ELIZABETH VALE","CITY OF PLAYFORD.",2,1,0,0,1,2022,"November","Thursday","08:35 am",60,"Sealed","Dry","Not Raining","Daylight","Rear End",2,,,1334450.22,1689811.49
"2022-35463-19/09/2025","BROWN HILL CREEK","CC MITCHAM.",2,3,0,0,3,2022,"November","Thursday","10:58 am",100,"Sealed","Dry","Not Raining","Daylight","Rear End",2,,,1333415.73,1665342.2
"2022-35466-19/09/2025","COWANDILLA","CITY OF WEST TORRENS",2,1,0,0,1,2022,"August","Tuesday","03:30 pm",60,"Sealed","Dry","Not Raining","Daylight","Rear End",2,,,1324135.56,1670033.53
"2022-35469-19/09/2025","EDINBURGH NORTH","CITY OF PLAYFORD.",2,2,0,0,2,2022,"November","Thursday","12:38 pm",60,"Sealed","Dry","Not Raining","Daylight","Hit Parked Vehicle",1,,,1334989.33,1694525.36
"2022-35470-19/09/2025","SLEAFORD","DC LOWER EYRE PENINSULA",1,1,0,0,1,2022,"November","Wednesday","07:20 pm",80,"Unsealed","Dry","Not Raining","Daylight","Roll Over",1,,,1065807.33,1683017.78
"2022-35471-19/09/2025","MYPONGA","DC YANKALILLA.",1,1,0,0,1,2022,"November","Thursday","01:42 pm",100,"Sealed","Dry","Not Raining","Daylight","Roll Over",1,,,1310929.37,1617054.43
"2022-35472-19/09/2025","GEPPS CROSS","CITY OF PORT ADELAIDE ENFIELD",4,1,0,0,1,2022,"November","Thursday","02:53 pm",70,"Sealed","Dry","Not Raining","Daylight","Rear End",1,,,1329558.69,1680405.02
"2022-35476-19/09/2025","MILE END","CITY OF WEST TORRENS",4,1,0,0,1,2022,"November","Thursday","03:15 pm",60,"Sealed","Dry","Not Raining","Daylight","Rear End",1,,,1326613.31,1671159.5
"2022-35482-19/09/2025","ADELAIDE","CITY OF ADELAIDE",2,1,0,0,1,2022,"November","Thursday","04:45 pm",60,"Sealed","Dry","Not Raining","Daylight","Right Turn",1,,,1327364.13,1670312.87
"2022-35483-19/09/2025","VALLEY VIEW","CITY OF PORT ADELAIDE ENFIELD",2,1,0,0,1,2022,"November","Thursday","05:30 pm",70,"Sealed","Dry","Not Raining","Daylight","Right Angle",2,,,1333243.88,1679583.85
"2022-35484-19/09/2025","GLYNDE","CC OF NORWOOD,PAYNEHAM & ST PETERS",2,1,0,0,1,2022,"November","Thursday","05:14 pm",60,"Sealed","Dry","Not Raining","Daylight","Right Turn",1,,,1333807.75,1673553.54
"2022-35486-19/09/2025","SALISBURY NORTH","CITY OF SALISBURY",2,1,0,0,1,2022,"November","Thursday","05:30 pm",60,"Sealed","Dry","Not Raining","Daylight","Right Angle",1,,,1331977.75,1689382.42
"2022-35491-19/09/2025","ADELAIDE","CITY OF ADELAIDE",2,1,0,0,1,2022,"November","Thursday","07:32 pm",60,"Sealed","Dry","Not Raining","Daylight","Side Swipe",2,"Y",,1326737.2,1671438.82
"2022-35495-19/09/2025","UNDERDALE","CITY OF WEST TORRENS",3,1,0,0,1,2022,"November","Thursday","08:40 am",60,"Sealed","Dry","Not Raining","Daylight","Rear End",1,,,1323829.78,1670941.42
"2022-35496-19/09/2025","SOUTH PLYMPTON","CC MARION.",2,2,0,0,2,2022,"November","Thursday","09:30 pm",60,"Sealed","Dry","Not Raining","Night","Right Angle",1,,,1324237.94,1666104.08
"2022-35500-19/09/2025","FINDON","CITY OF CHARLES STURT",2,1,0,0,1,2022,"November","Friday","06:57 am",60,"Sealed","Dry","Not Raining","Daylight","Right Angle",1,,,1322415.86,1673273.5
"2022-35502-19/09/2025","SOMERTON PARK","CITY OF HOLDFAST BAY",2,2,0,0,2,2022,"November","Thursday","05:00 pm",50,"Sealed","Dry","Not Raining","Daylight","Right Turn",2,,,1320508.63,1662882.6
"2022-35505-19/09/2025","ENFIELD","CITY OF PORT ADELAIDE ENFIELD",2,1,0,0,1,2022,"November","Thursday","05:45 pm",60,"Sealed","Dry","Not Raining","Daylight","Right Angle",2,,,1328813.14,1678936.13
"2022-35515-19/09/2025","NOARLUNGA CENTRE","CITY OF ONKAPARINGA",2,1,0,0,1,2022,"November","Friday","02:29 pm",50,"Sealed","Wet","Raining","Daylight","Head On",2,,,1317488.4,1647027.46