"REPORT_ID","Suburb","LGA Name","Total Units","Total Cas","Total Fats","Total SI","Total MI","Year","Month","Day","Time","Area Speed","Road Surface","Moisture Cond","Weather Cond","DayNight","Crash Type","Unit Resp","DUI Involved","Drugs Involved","ACCLOC_X","ACCLOC_Y"
"2022-35516-19/09/2025","MORPHETT VALE","CITY OF ONKAPARINGA",2,1,0,0,1,2022,"November","Friday","02:38 pm",60,"Sealed","Dry","Not Raining","Daylight","Right Angle",1,,,1320744.34,1650887.86
"2022-35526-19/09/2025","VISTA","CITY OF TEA TREE GULLY",1,1,0,0,1,2022,"November","Friday","05:00 pm",60,"Sealed","Dry","Not Raining","Daylight","Left Road - Out of Control",1,,,1340217.46,1679763.57
"2022-35527-19/09/2025","KANGARILLA","CITY OF ONKAPARINGA",2,1,0,0,1,2022,"November","Friday","04:30 pm",80,"Sealed","Dry","Not Raining","Daylight","Rear End",2,,,1332027.26,1648386.74
"2022-35528-19/09/2025","MOUNT GAMBIER","CC MT.GAMBIER.",2,3,0,1,2,2022,"November","Friday","03:51 pm",50,"Sealed","Dry","Not Raining","Daylight","Hit Fixed Object",1,,,1508663.48,1341215.36
"2022-35531-19/09/2025","GLENELG","CITY OF HOLDFAST BAY",2,1,0,0,1,2022,"November","Friday","07:05 pm",40,"Unsealed","Dry","Not Raining","Daylight","Hit Parked Vehicle",1,,,1320794.71,1664970.92
"2022-35532-19/09/2025","FELIXSTOW","CC OF NORWOOD,PAYNEHAM & ST PETERS",2,1,0,0,1,2022,"November","Friday","06:46 pm",50,"Sealed","Dry","Not Raining","Daylight","Hit Pedestrian",2,,,1332494.6,1674343.31
"2022-35534-19/09/2025","CUMBERLAND PARK","CC MITCHAM.",2,1,0,0,1,2022,"November","Friday","08:25 pm",50,"Sealed","Dry","Not Raining","Night","Right Angle",1,,,1326714.57,1665113.65
"2022-35539-19/09/2025","PARKSIDE","CITY OF UNLEY",2,1,0,0,1,2022,"November","Saturday","06:27 am",60,"Sealed","Wet","Raining","Daylight","Right Turn",1,,,1330716.49,1667948.9
"2022-35543-19/09/2025","EVANSTON","CT GAWLER.",3,1,0,0,1,2022,"November","Saturday","08:34 am",50,"Sealed","Dry","Not Raining","Daylight","Hit Fixed Object",1,"Y",,1341923.87,1703894.8
"2022-35548-19/09/2025","GOOLWA","ALEXANDRINA COUNCIL",2,2,0,0,2,2022,"November","Saturday","12:00 pm",50,"Sealed","Dry","Not Raining","Daylight","Right Turn",1,,,1342944.73,1606275.17
"2022-35557-19/09/2025","WHYALLA STUART","CC WHYALLA.",2,1,0,1,0,2022,"November","Saturday","11:38 am",60,"Sealed","Dry","Not Raining","Daylight","Hit Fixed Object",1,"Y",,1235537.07,1883851.18
"2022-35563-19/09/2025","PASADENA","CC MITCHAM.",2,2,0,1,1,2022,"November","Saturday","06:40 pm",70,"Sealed","Dry","Not Raining","Daylight","Head On",2,,,1326825.82,1661319.38
"2022-35573-19/09/2025","FINNISS","ALEXANDRINA COUNCIL",2,1,0,0,1,2022,"November","Sunday","07:20 am",100,"Unsealed","Dry","Not Raining","Daylight","Hit Fixed Object",1,,,1345383.03,1618352.45
"2022-35580-19/09/2025","MYRTLE BANK","CITY OF UNLEY",2,1,0,0,1,2022,"November","Wednesday","07:30 am",60,"Sealed","Dry","Not Raining","Daylight","Right Angle",1,,,1331717.99,1666319.35
"2022-35582-19/09/2025","WILLASTON","CT GAWLER.",2,2,0,0,2,2022,"November","Sunday","01:08 pm",50,"Sealed","Dry","Not Raining","Daylight","Right Angle",1,,,1342991.72,1707820.5
"2022-35589-19/09/2025","LOWAN VALE","DC TATIARA.",2,1,0,1,0,2022,"November","Sunday","05:10 pm",100,"Sealed","Wet","Not Raining","Daylight","Hit Fixed Object",1,,,1510161.05,1523648.29
"2022-35599-19/09/2025","PENFIELD","CITY OF PLAYFORD.",3,1,0,0,1,2022,"November","Monday","09:50 am",110,"Sealed","Dry","Not Raining","Daylight","Hit Parked Vehicle",1,,,1328700.12,1696887.83
"2022-35600-19/09/2025","ROSEWATER","CITY OF PORT ADELAIDE ENFIELD",1,1,0,0,1,2022,"November","Monday","01:05 pm",50,"Sealed","Dry","Not Raining","Daylight","Roll Over",9,,,1322007.08,1678997.9
"2022-35602-19/09/2025","NORWOOD","CC OF NORWOOD,PAYNEHAM & ST PETERS",2,1,0,1,0,2022,"November","Monday","03:13 pm",25,"Sealed","Dry","Not Raining","Daylight","Hit Pedestrian",2,,,1332056.96,1670955.75
"2022-35611-19/09/2025","ONKAPARINGA HILLS","CITY OF ONKAPARINGA",2,1,0,0,1,2022,"November","Monday","08:50 pm",80,"Unsealed","Dry","Not Raining","Night","Hit Fixed Object",1,,,1325796.51,1646448.88
"2022-35613-19/09/2025","SEAFORD","CITY OF ONKAPARINGA",2,1,0,0,1,2022,"November","Monday","04:45 pm",70,"Sealed","Dry","Not Raining","Daylight","Right Turn",1,,,1316360.79,1642332.95
"2022-35620-19/09/2025","ADELAIDE","CITY OF ADELAIDE",2,1,0,0,1,2022,"November","Tuesday","08:50 am",50,"Sealed","Wet","Raining","Daylight","Side Swipe",1,,,1329254.44,1670209.14
"2022-35621-19/09/2025","KENSINGTON PARK","CITY OF BURNSIDE",1,1,0,0,1,2022,"November","Tuesday","08:15 am",60,"Sealed","Dry","Not Raining","Daylight","Roll Over",1,,,1333879.5,1671121.63
"2022-35629-19/09/2025","MODBURY NORTH","CITY OF TEA TREE GULLY",2,1,0,0,1,2022,"November","Monday","06:50 pm",60,"Sealed","Dry","Not Raining","Daylight","Right Angle",2,,,1335688.29,1681182.79
"2022-35635-19/09/2025","SALISBURY NORTH","CITY OF SALISBURY",2,1,0,0,1,2022,"November","Tuesday","03:25 pm",60,"Sealed","Dry","Not Raining","Daylight","Hit Parked Vehicle",2,,,1330370.89,1690649.07
"2022-35644-19/09/2025","WALKLEY HEIGHTS","CITY OF SALISBURY",2,1,0,0,1,2022,"November","Tuesday","04:30 pm",60,"Sealed","Dry","Not Raining","Daylight","Right Angle",1,,,1332610.25,1680504.6
"2022-35647-19/09/2025","MONTEITH","RC MURRAY BRIDGE.",2,1,0,1,0,2022,"November","Wednesday","01:20 am",110,"Sealed","Dry","Not Raining","Night","Hit Fixed Object",1,"Y",,1393264.95,1643853.95
"2022-35649-19/09/2025","NORTH HAVEN","CITY OF PORT ADELAIDE ENFIELD",2,2,0,0,2,2022,"November","Wednesday","07:40 am",60,"Sealed","Wet","Raining","Daylight","Right Angle",2,,,1319983.4,1685812.67
"2022-35653-19/09/2025","ADELAIDE","CITY OF ADELAIDE",2,1,0,0,1,2022,"November","Wednesday","08:40 am",60,"Sealed","Dry","Not Raining","Daylight","Right Turn",1,,,1327088.77,1670880.06
"2022-35661-19/09/2025","EDEN HILLS","CC MITCHAM.",2,1,0,0,1,2022,"November","Wednesday","08:55 am",60,"Sealed","Dry","Not Raining","Daylight","Rear End",1,,,1328732.96,1659777.51
"2022-35664-19/09/2025","NORTH ADELAIDE","CITY OF ADELAIDE",2,1,0,0,1,2022,"November","Wednesday","11:15 am",50,"Sealed","Dry","Not Raining","Daylight","Hit Pedestrian",1,,,1328238.86,1672728.63
"2022-35665-19/09/2025","ST MARYS","CC MITCHAM.",2,1,0,1,0,2022,"November","Wednesday","01:07 pm",50,"Sealed","Dry","Not Raining","Daylight","Side Swipe",1,,,1326158.07,1662055.85
"2022-35666-19/09/2025","OVINGHAM","CITY OF CHARLES STURT",2,1,0,0,1,2022,"November","Tuesday","05:00 pm",60,"Sealed","Dry","Not Raining","Daylight","Right Turn",2,,,1327121.41,1673280.8
"2022-35668-19/09/2025","FLAGSTAFF HILL","CITY OF ONKAPARINGA",2,2,0,0,2,2022,"November","Wednesday","12:20 pm",70,"Sealed","Dry","Not Raining","Daylight","Right Angle",2,,"Y",1325014.77,1658381.14
"2022-35670-19/09/2025","NORTH ADELAIDE","CITY OF ADELAIDE",2,2,0,0,2,2022,"November","Wednesday","02:38 pm",50,"Sealed","Dry","Not Raining","Daylight","Right Angle",2,,,1327742.09,1672924.74
"2022-35675-19/09/2025","FLINDERS CHASE","KANGAROO ISLAND COUNCIL",1,2,0,0,2,2022,"November","Wednesday","10:30 am",100,"Unsealed","Wet","Not Raining","Daylight","Roll Over",1,,,1156241.17,1579575.07
"2022-35679-19/09/2025","NOARLUNGA DOWNS","CITY OF ONKAPARINGA",2,1,0,0,1,2022,"November","Wednesday","05:15 pm",60,"Sealed","Dry","Not Raining","Daylight","Right Angle",1,,,1318143.69,1646798.61
"2022-35694-19/09/2025","GEPPS CROSS","CITY OF PORT ADELAIDE ENFIELD",2,1,0,0,1,2022,"November","Thursday","06:05 am",70,"Sealed","Dry","Not Raining","Daylight","Hit Parked Vehicle",1,,,1328761.97,1680063.29
"2022-35699-19/09/2025","STRATHALBYN","ALEXANDRINA COUNCIL",2,1,0,0,1,2022,"November","Thursday","07:45 am",100,"Sealed","Dry","Not Raining","Daylight","Right Angle",2,,,1351991.65,1629998.07
"2022-35704-19/09/2025","KURRALTA PARK","CITY OF WEST TORRENS",2,1,0,0,1,2022,"November","Wednesday","06:54 pm",60,"Sealed","Dry","Not Raining","Daylight","Side Swipe",2,,,1325837.34,1667760.95
"2022-35706-19/09/2025","MONARTO SOUTH","RC MURRAY BRIDGE.",2,1,0,0,1,2022,"November","Thursday","11:33 am",100,"Sealed","Dry","Not Raining","Daylight","Roll Over",1,,,1378282.24,1647349.85
"2022-35708-19/09/2025","STURT","CC MARION.",5,2,0,0,2,2022,"November","Thursday","12:09 pm",60,"Sealed","Dry","Not Raining","Daylight","Rear End",1,,,1323549.08,1660655.07
"2022-35716-19/09/2025","CLEARVIEW","CITY OF PORT ADELAIDE ENFIELD",3,1,0,0,1,2022,"November","Thursday","03:49 pm",60,"Sealed","Dry","Not Raining","Daylight","Rear End",1,,,1330416.27,1677751.83
"2022-35719-19/09/2025","PARA HILLS WEST","CITY OF SALISBURY",2,1,0,0,1,2022,"November","Thursday","05:32 pm",50,"Sealed","Dry","Not Raining","Daylight","Hit Parked Vehicle",1,,,1332989.83,1684052.99
"2022-35722-19/09/2025","MAGILL","CC CAMPBELLTOWN.",2,1,0,0,1,2022,"November","Thursday","07:30 am",60,"Sealed","Dry","Not Raining","Daylight","Right Angle",2,,,1336301.15,1672160.75
"2022-35723-19/09/2025","CHELTENHAM","CITY OF CHARLES STURT",2,1,0,0,1,2022,"November","Thursday","05:30 pm",60,"Sealed","Dry","Not Raining","Daylight","Right Angle",2,,,1322171.53,1676803.7
"2022-35724-19/09/2025","NOARLUNGA CENTRE","CITY OF ONKAPARINGA",2,1,0,0,1,2022,"November","Thursday","05:47 pm",60,"Sealed","Dry","Not Raining","Daylight","Rear End",2,,,1318425.41,1647462.93
"2022-35727-19/09/2025","COLONEL LIGHT GARDENS","CC MITCHAM.",2,1,0,0,1,2022,"November","Thursday","08:30 am",50,"Sealed","Dry","Not Raining","Daylight","Right Angle",1,,,1327966.92,1664603.14
"2022-35729-19/09/2025","GAWLER","CT GAWLER.",2,1,0,0,1,2022,"November","Thursday","05:20 pm",50,"Sealed","Dry","Not Raining","Daylight","Hit Pedestrian",1,,,1343185.42,1706442.96
"2022-35730-19/09/2025","MOUNT BARKER","DC MT.BARKER.",2,1,0,0,1,2022,"November","Thursday","08:35 pm",60,"Sealed","Dry","Not Raining","Night","Right Turn",2,,,1350820.67,1652886.74
"2022-35731-19/09/2025","WEST RANGE","DC KINGSTON.",1,1,0,0,1,2022,"November","Wednesday","04:30 pm",25,"Unsealed","Dry","Not Raining","Daylight","Roll Over",1,,,1433964.16,1459588.97
"2022-35732-19/09/2025","PARACOMBE","THE ADELAIDE HILLS COUNCIL",1,1,0,1,0,2022,"November","Thursday","06:15 pm",100,"Unsealed","Dry","Not Raining","Daylight","Roll Over",1,,,1343864.33,1678249.7
"2022-35733-19/09/2025","GULFVIEW HEIGHTS","CITY OF SALISBURY",2,1,0,0,1,2022,"November","Friday","06:33 am",80,"Sealed","Dry","Not Raining","Daylight","Rear End",2,,,1335012.26,1683773.94
"2022-35745-19/09/2025","UPPER STURT","THE ADELAIDE HILLS COUNCIL",2,1,0,0,1,2022,"November","Friday","08:45 am",60,"Sealed","Dry","Not Raining","Daylight","Right Angle",2,,,1335629.34,1659872.18
"2022-35751-19/09/2025","SEACLIFF PARK","CC MARION.",1,1,0,0,1,2022,"November","Friday","01:54 pm",60,"Sealed","Dry","Not Raining","Daylight","Roll Over",1,,,1321730.64,1657988.35
"2022-35756-19/09/2025","GOLDEN GROVE","CITY OF TEA TREE GULLY",2,2,0,0,2,2022,"November","Thursday","03:05 pm",60,"Sealed","Dry","Not Raining","Daylight","Rear End",2,,,1337848.99,1685515
"2022-35759-19/09/2025","WAIKERIE","LOXTON WAIKERIE DISTRICT COUNCIL",5,1,0,0,1,2022,"November","Friday","03:10 pm",50,"Sealed","Dry","Not Raining","Daylight","Hit Parked Vehicle",1,,,1458663.62,1748197.04
"2022-35760-19/09/2025","WHYALLA PLAYFORD","CC WHYALLA.",2,1,0,0,1,2022,"November","Friday","02:30 pm",60,"Sealed","Dry","Not Raining","Daylight","Right Angle",2,,,1237780.91,1883916.32
"2022-35761-19/09/2025","ROWLAND FLAT","THE BAROSSA COUNCIL.",2,1,0,0,1,2022,"November","Friday","02:20 pm",90,"Sealed","Dry","Not Raining","Daylight","Hit Fixed Object",1,,"Y",1360683.67,1709059.23
"2022-35764-19/09/2025","SALISBURY PLAIN","CITY OF SALISBURY",2,1,0,0,1,2022,"November","Friday","04:15 pm",60,"Sealed","Dry","Not Raining","Daylight","Right Angle",2,,,1333807.7,1687916.19
"2022-35766-19/09/2025","NULLARBOR",,1,1,0,0,1,2022,"November","Friday","02:30 pm",110,"Sealed","Dry","Not Raining","Daylight","Roll Over",1,,,558154.73,2037537.99
"2022-35770-19/09/2025","HAPPY VALLEY","CITY OF ONKAPARINGA",2,1,1,0,0,2022,"November","Friday","05:10 pm",60,"Sealed","Dry","Not Raining","Daylight","Right Turn",1,,,1324588.67,1654700.96
"2022-35777-19/09/2025","WINDSOR GARDENS","CITY OF PORT ADELAIDE ENFIELD",2,1,0,0,1,2022,"November","Friday","10:10 pm",60,"Sealed","Dry","Not Raining","Night","Hit Fixed Object",9,,,1334283.38,1677631.14
"2022-35778-19/09/2025","HOLDEN HILL","CITY OF PORT ADELAIDE ENFIELD",2,1,0,1,0,2022,"November","Friday","10:40 pm",60,"Sealed","Dry","Not Raining","Night","Hit Fixed Object",1,,,1333886.18,1678038.28
"2022-35784-19/09/2025","ADELAIDE","CITY OF ADELAIDE",2,1,0,0,1,2022,"November","Saturday","06:45 am",60,"Sealed","Dry","Not Raining","Daylight","Rear End",2,,,1326864.22,1671347.68
"2022-35785-19/09/2025","ADELAIDE","CITY OF ADELAIDE",2,1,0,0,1,2022,"November","Saturday","09:25 am",50,"Sealed","Dry","Not Raining","Daylight","Right Angle",2,,,1328521.19,1669268.03
"2022-35786-19/09/2025","SHERLOCK","COORONG DISTRICT COUNCIL",2,2,0,0,2,2022,"November","Saturday","06:30 am",110,"Sealed","Dry","Not Raining","Daylight","Hit Fixed Object",1,,,1441727.69,1621785.1
"2022-35787-19/09/2025","RENMARK","DC RENMARK PARINGA",2,1,0,0,1,2022,"November","Saturday","10:00 am",60,"Sealed","Dry","Not Raining","Daylight","Right Angle",2,,,1528681.4,1745038.13
"2022-35793-19/09/2025","MARDEN","CC OF NORWOOD,PAYNEHAM & ST PETERS",3,1,0,0,1,2022,"November","Saturday","12:16 pm",60,"Sealed","Wet","Raining","Daylight","Rear End",2,,,1331518.08,1674432.28
"2022-35794-19/09/2025","DARLINGTON","CITY OF ONKAPARINGA",1,1,0,0,1,2022,"November","Saturday","01:35 pm",70,"Sealed","Dry","Not Raining","Daylight","Roll Over",1,,,1324718,1659939.21
"2022-35795-19/09/2025","NORTH ADELAIDE","CITY OF ADELAIDE",2,1,0,0,1,2022,"November","Friday","10:20 am",50,"Sealed","Dry","Not Raining","Daylight","Side Swipe",2,,,1328335.72,1671716.69
"2022-35796-19/09/2025","ROCKLEIGH","MID MURRAY DISTRICT COUNCIL",1,1,0,0,1,2022,"November","Friday","12:30 pm",80,"Unsealed","Dry","Not Raining","Daylight","Left Road - Out of Control",1,,,1378309.84,1665235.81
"2022-35800-19/09/2025","MCLAREN VALE","CITY OF ONKAPARINGA",2,1,0,0,1,2022,"November","Friday","04:00 pm",80,"Sealed","Dry","Not Raining","Daylight","Rear End",2,,,1319817.76,1640837.79
"2022-35807-19/09/2025","SEDAN","MID MURRAY DISTRICT COUNCIL",2,1,0,1,0,2022,"November","Saturday","04:10 pm",100,"Sealed","Dry","Not Raining","Daylight","Hit Fixed Object",1,,,1399518.93,1712539.73
"2022-35808-19/09/2025","MILLBROOK","THE ADELAIDE HILLS COUNCIL",2,1,0,0,1,2022,"November","Saturday","04:01 pm",80,"Sealed","Dry","Not Raining","Daylight","Hit Fixed Object",1,,,1348091.17,1682331.17
"2022-35809-19/09/2025","NURIOOTPA","THE BAROSSA COUNCIL.",2,1,0,1,0,2022,"November","Saturday","11:42 pm",50,"Sealed","Dry","Not Raining","Night","Hit Parked Vehicle",1,"Y",,1366119.09,1720509.9
"2022-35814-19/09/2025","BALAKLAVA","WAKEFIELD REGIONAL COUNCIL",1,1,0,1,0,2022,"November","Sunday","10:07 am",100,"Unsealed","Dry","Not Raining","Daylight","Roll Over",1,,,1315020.96,1755707.68
"2022-35815-19/09/2025","NORWOOD","CC OF NORWOOD,PAYNEHAM & ST PETERS",2,1,0,0,1,2022,"November","Saturday","12:51 pm",50,"Sealed","Dry","Not Raining","Daylight","Hit Pedestrian",2,,,1331434.89,1671023.83
"2022-35827-19/09/2025","WEST BEACH","CITY OF WEST TORRENS",3,3,0,0,3,2022,"November","Sunday","03:04 pm",80,"Sealed","Dry","Not Raining","Daylight","Rear End",1,,,1320915.68,1668870.75
"2022-35830-19/09/2025","WEST BEACH","CITY OF WEST TORRENS",5,2,0,0,2,2022,"November","Sunday","05:30 pm",80,"Sealed","Dry","Not Raining","Daylight","Rear End",1,,,1320892.29,1669726.62
"2022-35831-19/09/2025","BURTON","CITY OF SALISBURY",2,2,0,0,2,2022,"November","Sunday","04:45 pm",60,"Sealed","Wet","Raining","Daylight","Head On",2,,,1329425.98,1689900.12
"2022-35832-19/09/2025","WOODVILLE NORTH","CITY OF CHARLES STURT",2,1,0,0,1,2022,"November","Sunday","03:50 pm",60,"Sealed","Dry","Not Raining","Daylight","Hit Pedestrian",1,,,1323971.39,1676739.16
"2022-35833-19/09/2025","KANMANTOO","DC MT.BARKER.",2,1,0,0,1,2022,"November","Sunday","06:07 pm",100,"Sealed","Wet","Raining","Daylight","Hit Fixed Object",1,"Y",,1364808.62,1655427.8
"2022-35834-19/09/2025","KILBURN","CITY OF PORT ADELAIDE ENFIELD",3,1,0,0,1,2022,"November","Sunday","08:09 pm",50,"Sealed","Dry","Not Raining","Daylight","Right Angle",2,,,1327913.14,1678633.87
"2022-35835-19/09/2025","EDEN VALLEY","THE BAROSSA COUNCIL.",2,1,0,0,1,2022,"November","Sunday","08:55 pm",100,"Sealed","Dry","Not Raining","Night","Hit Fixed Object",1,"Y",,1373753.59,1702291.78
"2022-35836-19/09/2025","SMOKY BAY","DC CEDUNA",2,1,0,0,1,2022,"November","Sunday","04:50 pm",110,"Sealed","Dry","Not Raining","Daylight","Hit Fixed Object",1,,,902054.38,1959000.91
"2022-35837-19/09/2025","SOUTH PLYMPTON","CC MARION.",2,1,0,0,1,2022,"November","Sunday","10:05 pm",60,"Sealed","Dry","Not Raining","Night","Right Turn",1,,,1324247.23,1666113.9
"2022-35839-19/09/2025","WONGYARRA","DC MT.REMARKABLE.",2,1,0,1,0,2022,"November","Sunday","11:30 pm",110,"Sealed","Dry","Not Raining","Night","Hit Fixed Object",1,"Y",,1300817.6,1887034.15
"2022-35841-19/09/2025","ROSSLYN PARK","CITY OF BURNSIDE",2,2,0,0,2,2022,"November","Monday","07:50 am",60,"Sealed","Dry","Not Raining","Daylight","Side Swipe",2,,,1335328.88,1670580.24
"2022-35842-19/09/2025","HIGHBURY","CITY OF TEA TREE GULLY",2,1,0,0,1,2022,"November","Monday","09:00 am",50,"Sealed","Dry","Not Raining","Daylight","Side Swipe",1,,,1337147.53,1677789.48
"2022-35846-19/09/2025","MEADOWS","DC MT.BARKER.",2,2,0,0,2,2022,"November","Monday","10:05 am",100,"Sealed","Dry","Not Raining","Daylight","Hit Animal",2,,,1339306.44,1642122.4
"2022-35847-19/09/2025","MARRYATVILLE","CC OF NORWOOD,PAYNEHAM & ST PETERS",3,1,0,0,1,2022,"November","Monday","10:29 am",60,"Sealed","Dry","Not Raining","Daylight","Rear End",1,,,1332275.11,1670233.34
"2022-35849-19/09/2025","MCLAREN VALE","CITY OF ONKAPARINGA",2,1,0,0,1,2022,"November","Sunday","03:30 pm",60,"Sealed","Dry","Not Raining","Daylight","Rear End",2,,,1320454.53,1639951.06
"2022-35856-19/09/2025","WEST LAKES SHORE","CITY OF CHARLES STURT",2,1,0,0,1,2022,"November","Sunday","09:30 pm",60,"Sealed","Dry","Not Raining","Night","Side Swipe",1,,,1317753.09,1677634.32
"2022-35857-19/09/2025","HOLDEN HILL","CITY OF PORT ADELAIDE ENFIELD",2,1,0,0,1,2022,"November","Monday","11:15 am",60,"Sealed","Dry","Not Raining","Daylight","Hit Pedestrian",2,,,1333815.87,1678085.87
"2022-35860-19/09/2025","EDWARDSTOWN","CC MARION.",2,1,0,0,1,2022,"November","Monday","02:55 pm",50,"Sealed","Dry","Not Raining","Daylight","Right Angle",2,,,1325716.07,1664781.31
"2022-35861-19/09/2025","FIRLE","CC OF NORWOOD,PAYNEHAM & ST PETERS",2,3,0,0,3,2022,"November","Monday","03:10 pm",50,"Sealed","Dry","Not Raining","Daylight","Right Angle",1,,,1333702.96,1672694.3
"2022-35863-19/09/2025","SOUTH PLYMPTON","CC MARION.",3,2,0,0,2,2022,"November","Monday","03:40 pm",60,"Sealed","Dry","Not Raining","Daylight","Rear End",1,,,1324269.33,1665412.32
"2022-35870-19/09/2025","CLARENCE GARDENS","CC MITCHAM.",2,1,0,0,1,2022,"November","Monday","04:15 pm",60,"Sealed","Dry","Not Raining","Daylight","Rear End",1,,,1325892.71,1665795.86
"2022-35873-19/09/2025","ELIZABETH PARK","CITY OF PLAYFORD.",2,1,0,0,1,2022,"November","Monday","06:45 pm",60,"Sealed","Dry","Not Raining","Daylight","Side Swipe",1,,,1336927.26,1694250.97
"2022-35874-19/09/2025","MUNNO PARA","CITY OF PLAYFORD.",2,1,0,1,0,2022,"November","Monday","02:35 pm",60,"Sealed","Dry","Not Raining","Daylight","Rear End",2,,,1337280.69,1698198.74
"2022-35881-19/09/2025","GLENELG NORTH","CITY OF HOLDFAST BAY",2,1,0,0,1,2022,"November","Tuesday","06:07 am",50,"Sealed","Dry","Not Raining","Daylight","Right Angle",2,,,1320786.94,1665298.76
"2022-35883-19/09/2025","HOLDEN HILL","CITY OF PORT ADELAIDE ENFIELD",2,1,0,0,1,2022,"November","Tuesday","08:17 am",60,"Sealed","Dry","Not Raining","Daylight","Side Swipe",2,,,1333825.9,1678094.42
"2022-35888-19/09/2025","PARA HILLS","CITY OF SALISBURY",2,1,0,0,1,2022,"November","Tuesday","10:13 am",60,"Sealed","Dry","Not Raining","Daylight","Right Turn",2,,,1334429.28,1683449.97
"2022-35889-19/09/2025","MANNINGHAM","CITY OF PORT ADELAIDE ENFIELD",2,2,1,0,1,2022,"November","Tuesday","10:57 am",60,"Sealed","Dry","Not Raining","Daylight","Right Angle",2,,,1330467.4,1675457.05
"2022-35893-19/09/2025","DERNANCOURT","CITY OF TEA TREE GULLY",2,1,0,0,1,2022,"November","Friday","03:05 pm",60,"Sealed","Dry","Not Raining","Daylight","Rear End",2,,,1336065.74,1677291.52
"2022-35898-19/09/2025","MOUNT JAGGED","ALEXANDRINA COUNCIL",2,1,0,0,1,2022,"November","Saturday","09:00 pm",100,"Sealed","Dry","Not Raining","Night","Hit Animal",2,,,1329778.65,1614925.38
"2022-35903-19/09/2025","GLENALTA","CC MITCHAM.",2,1,0,0,1,2022,"November","Tuesday","05:00 pm",50,"Sealed","Dry","Not Raining","Daylight","Rear End",2,,,1331194.9,1660526.47
"2022-35905-19/09/2025","GREENWITH","CITY OF TEA TREE GULLY",2,1,0,0,1,2022,"November","Tuesday","06:00 pm",60,"Sealed","Dry","Not Raining","Daylight","Hit Pedestrian",1,,,1339942.79,1687592.66
"2022-35906-19/09/2025","HENLEY BEACH","CITY OF CHARLES STURT",2,1,0,0,1,2022,"November","Tuesday","06:30 pm",60,"Sealed","Dry","Not Raining","Daylight","Right Angle",1,,,1319815.31,1673045.48
"2022-35907-19/09/2025","SMITHFIELD","CITY OF PLAYFORD.",2,1,0,0,1,2022,"November","Tuesday","07:00 pm",50,"Sealed","Dry","Not Raining","Daylight","Right Angle",2,,,1337359.47,1697484.38
"2022-35910-19/09/2025","PLYMPTON","CITY OF WEST TORRENS",2,2,0,1,1,2022,"November","Wednesday","07:11 am",60,"Sealed","Dry","Not Raining","Daylight","Rear End",1,,,1324237.57,1666566.34
"2022-35913-19/09/2025","CROYDON","CITY OF CHARLES STURT",2,1,0,0,1,2022,"November","Wednesday","07:50 am",60,"Sealed","Dry","Not Raining","Daylight","Right Angle",2,,,1325017.48,1673923.25
"2022-35914-19/09/2025","GLENSIDE","CITY OF BURNSIDE",2,1,0,0,1,2022,"November","Wednesday","07:55 am",50,"Sealed","Dry","Not Raining","Daylight","Right Angle",1,,,1332172.07,1668365.61
"2022-35917-19/09/2025","MODBURY","CITY OF TEA TREE GULLY",2,1,0,0,1,2022,"November","Tuesday","06:10 pm",60,"Sealed","Dry","Not Raining","Daylight","Rear End",1,,,1336292.41,1680503.03
"2022-35923-19/09/2025","HAPPY VALLEY","CITY OF ONKAPARINGA",2,1,0,0,1,2022,"November","Wednesday","11:15 am",80,"Sealed","Dry","Not Raining","Daylight","Rear End",2,,,1324294.69,1655871.16
"2022-35925-19/09/2025","MORPHETT VALE","CITY OF ONKAPARINGA",2,1,0,0,1,2022,"November","Wednesday","11:33 am",60,"Sealed","Dry","Not Raining","Daylight","Right Angle",2,,,1321231.61,1651032.91
"2022-35926-19/09/2025","LIGHTSVIEW","CITY OF PORT ADELAIDE ENFIELD",2,1,0,0,1,2022,"November","Wednesday","04:00 pm",60,"Sealed","Dry","Not Raining","Daylight","Hit Pedestrian",2,,,1330424.05,1677428.85
"2022-35927-19/09/2025","LONSDALE","CITY OF ONKAPARINGA",2,1,0,0,1,2022,"November","Tuesday","03:00 pm",50,"Sealed","Dry","Not Raining","Daylight","Right Angle",2,,,1319375.67,1650373.28
"2022-35930-19/09/2025","CAMPBELLTOWN","CC CAMPBELLTOWN.",2,1,0,0,1,2022,"November","Wednesday","08:40 am",60,"Sealed","Dry","Not Raining","Daylight","Side Swipe",2,,,1334233.74,1674532.04
"2022-35940-19/09/2025","PARA HILLS WEST","CITY OF SALISBURY",2,1,0,0,1,2022,"November","Wednesday","03:05 pm",50,"Sealed","Dry","Not Raining","Daylight","Right Angle",2,,,1332609.88,1684350.16
"2022-35944-19/09/2025","ADELAIDE","CITY OF ADELAIDE",2,1,0,0,1,2022,"November","Wednesday","05:00 pm",60,"Sealed","Dry","Not Raining","Daylight","Hit Pedestrian",2,,,1327352.29,1670745.06