"REPORT_ID","Suburb","LGA Name","Total Units","Total Cas","Total Fats","Total SI","Total MI","Year","Month","Day","Time","Area Speed","Road Surface","Moisture Cond","Weather Cond","DayNight","Crash Type","Unit Resp","DUI Involved","Drugs Involved","ACCLOC_X","ACCLOC_Y"
"2022-35949-19/09/2025","MANNANARIE","NORTHERN AREAS DISTRICT COUNCIL",1,1,0,0,1,2022,"November","Wednesday","03:30 pm",110,"Sealed","Dry","Not Raining","Daylight","Roll Over",1,,,1337344.96,1879956.47
"2022-35958-19/09/2025","CHRISTIE DOWNS","CITY OF ONKAPARINGA",2,1,0,0,1,2022,"December","Thursday","06:30 am",60,"Sealed","Dry","Not Raining","Daylight","Hit Fixed Object",1,,,1318566.93,1648628.99
"2022-35961-19/09/2025","VERDUN","THE ADELAIDE HILLS COUNCIL",2,1,0,0,1,2022,"December","Thursday","10:53 am",50,"Sealed","Dry","Not Raining","Daylight","Hit Parked Vehicle",2,,,1345247.54,1660904.26
"2022-35968-19/09/2025","WHYALLA STUART","CC WHYALLA.",2,1,0,0,1,2022,"December","Thursday","02:05 pm",50,"Sealed","Dry","Not Raining","Daylight","Right Angle",2,,,1235173.03,1883413.97
"2022-35970-19/09/2025","BROMPTON","CITY OF CHARLES STURT",3,1,0,0,1,2022,"December","Thursday","02:20 pm",40,"Sealed","Dry","Not Raining","Daylight","Rear End",1,,,1326963.8,1674068.65
"2022-35977-19/09/2025","LOWER BROUGHTON","PT.PIRIE CITY & DIST. COUNCIL",2,2,0,0,2,2022,"December","Thursday","02:50 pm",110,"Sealed","Dry","Not Raining","Daylight","Hit Fixed Object",1,,,1283843.68,1851686.79
"2022-35984-19/09/2025","ST MARYS","CC MITCHAM.",2,1,0,0,1,2022,"December","Thursday","05:30 pm",60,"Sealed","Dry","Not Raining","Daylight","Right Angle",2,,,1326011.98,1661651.93
"2022-35994-19/09/2025","ELIZABETH","CITY OF PLAYFORD.",2,1,0,0,1,2022,"December","Friday","02:54 am",80,"Sealed","Dry","Not Raining","Night","Hit Fixed Object",1,,,1335916.38,1693509.68
"2022-36006-19/09/2025","WINGFIELD","CITY OF PORT ADELAIDE ENFIELD",2,1,0,0,1,2022,"December","Friday","11:30 am",60,"Sealed","Dry","Not Raining","Daylight","Rear End",2,,,1325526.71,1679203.7
"2022-36010-19/09/2025","NOARLUNGA CENTRE","CITY OF ONKAPARINGA",2,1,0,0,1,2022,"December","Friday","01:29 pm",60,"Sealed","Dry","Not Raining","Daylight","Right Angle",1,,,1318973.06,1647479.74
"2022-36013-19/09/2025","SHEA-OAK LOG","LIGHT REGIONAL COUNCIL",2,1,0,0,1,2022,"December","Friday","12:50 pm",90,"Sealed","Dry","Not Raining","Daylight","Roll Over",1,,"Y",1351763.02,1714569.28
"2022-36014-19/09/2025","HAMPSTEAD GARDENS","CITY OF PORT ADELAIDE ENFIELD",2,1,0,0,1,2022,"December","Thursday","05:00 pm",60,"Sealed","Dry","Not Raining","Daylight","Right Angle",2,,,1331523.2,1676587.57
"2022-36015-19/09/2025","WILLALOOKA","DC TATIARA.",1,1,0,1,0,2022,"December","Friday","05:30 am",110,"Sealed","Dry","Not Raining","Night","Roll Over",1,"Y","Y",1483374.73,1495784.09
"2022-36018-19/09/2025","HOPE VALLEY","CITY OF TEA TREE GULLY",2,1,0,0,1,2022,"December","Friday","03:30 pm",50,"Sealed","Dry","Not Raining","Daylight","Side Swipe",2,,,1338739.12,1679635.32
"2022-36021-19/09/2025","ST AGNES","CITY OF TEA TREE GULLY",3,2,0,0,2,2022,"December","Friday","04:34 pm",60,"Sealed","Dry","Not Raining","Daylight","Rear End",1,,,1339728.37,1681783.2
"2022-36024-19/09/2025","ADELAIDE","CITY OF ADELAIDE",2,1,0,0,1,2022,"December","Friday","05:50 pm",50,"Sealed","Dry","Not Raining","Daylight","Right Turn",1,,,1329054.06,1669668.08
"2022-36026-19/09/2025","MORPHETT VALE","CITY OF ONKAPARINGA",5,1,0,1,0,2022,"December","Friday","05:00 pm",60,"Sealed","Dry","Not Raining","Daylight","Hit Fixed Object",1,"Y",,1320512.65,1648685.06
"2022-36028-19/09/2025","GLENELG NORTH","CITY OF HOLDFAST BAY",2,1,0,1,0,2022,"December","Friday","06:49 pm",60,"Sealed","Dry","Not Raining","Daylight","Hit Pedestrian",2,,,1321014.42,1665321.69
"2022-36036-19/09/2025","BLAKEVIEW","CITY OF PLAYFORD.",2,1,0,0,1,2022,"December","Saturday","07:50 am",90,"Sealed","Dry","Not Raining","Daylight","Right Turn",2,,,1338936.55,1699133.29
"2022-36040-19/09/2025","KURRALTA PARK","CITY OF WEST TORRENS",2,1,0,0,1,2022,"December","Friday","07:00 am",60,"Sealed","Dry","Not Raining","Daylight","Right Turn",1,,,1325819.1,1668480.34
"2022-36041-19/09/2025","HUMBUG SCRUB","CITY OF PLAYFORD.",1,1,1,0,0,2022,"December","Saturday","01:30 am",100,"Sealed","Dry","Not Raining","Night","Roll Over",1,"Y","Y",1347344.11,1691136.91
"2022-36044-19/09/2025","EVANSTON GARDENS","CT GAWLER.",1,1,0,0,1,2022,"December","Saturday","10:21 am",60,"Sealed","Dry","Not Raining","Daylight","Left Road - Out of Control",1,,,1340184.4,1703519.93
"2022-36051-19/09/2025","NORWOOD","CC OF NORWOOD,PAYNEHAM & ST PETERS",2,1,0,0,1,2022,"December","Saturday","02:10 pm",60,"Sealed","Dry","Not Raining","Daylight","Right Angle",1,,,1331874.28,1670398.69
"2022-36058-19/09/2025","SEMAPHORE PARK","CITY OF CHARLES STURT",2,1,0,0,1,2022,"December","Saturday","04:02 am",60,"Sealed","Dry","Not Raining","Night","Right Angle",2,,,1318596.19,1679248.55
"2022-36059-19/09/2025","LOCKLEYS","CITY OF WEST TORRENS",2,1,0,0,1,2022,"December","Saturday","04:20 pm",60,"Sealed","Dry","Not Raining","Daylight","Rear End",1,,,1322551.39,1670729.91
"2022-36065-19/09/2025","MORPHETT VALE","CITY OF ONKAPARINGA",2,2,0,0,2,2022,"December","Saturday","05:35 pm",60,"Sealed","Dry","Not Raining","Daylight","Right Angle",1,,,1320512.65,1648685.06
"2022-36067-19/09/2025","BROOKLYN PARK","CITY OF WEST TORRENS",2,1,0,0,1,2022,"December","Saturday","08:25 pm",60,"Unsealed","Dry","Not Raining","Night","Right Turn",2,,,1324123.03,1670938.82
"2022-36072-19/09/2025","SOUTH PLYMPTON","CC MARION.",2,1,0,1,0,2022,"December","Sunday","06:30 am",50,"Sealed","Dry","Not Raining","Daylight","Hit Parked Vehicle",1,,"Y",1324719.66,1664952.15
"2022-36077-19/09/2025","DOVER GARDENS","CC MARION.",2,1,0,0,1,2022,"December","Sunday","10:30 am",50,"Sealed","Dry","Not Raining","Daylight","Right Angle",1,,,1322590.31,1659830.22
"2022-36078-19/09/2025","CEDUNA","DC CEDUNA",4,2,0,1,1,2022,"December","Sunday","11:25 am",60,"Sealed","Dry","Not Raining","Daylight","Side Swipe",1,,,875151.4,1985596.05
"2022-36079-19/09/2025","CUDLEE CREEK","THE ADELAIDE HILLS COUNCIL",2,1,0,0,1,2022,"December","Saturday","06:15 pm",80,"Sealed","Dry","Not Raining","Daylight","Rear End",1,,,1349978.48,1679253.9
"2022-36081-19/09/2025","BELVIDERE","ALEXANDRINA COUNCIL",2,2,1,0,1,2022,"December","Saturday","10:00 pm",100,"Sealed","Dry","Not Raining","Night","Hit Fixed Object",1,,,1360237.59,1628466.96
"2022-36092-19/09/2025","CRAFERS","THE ADELAIDE HILLS COUNCIL",2,1,0,0,1,2022,"December","Sunday","10:00 am",60,"Sealed","Dry","Not Raining","Daylight","Right Angle",1,,,1337615.75,1662454.93
"2022-36093-19/09/2025","GREENACRES","CITY OF PORT ADELAIDE ENFIELD",2,1,0,0,1,2022,"December","Sunday","07:00 pm",60,"Sealed","Dry","Not Raining","Daylight","Right Angle",1,,,1330430.11,1677200.82
"2022-36095-19/09/2025","ADELAIDE","CITY OF ADELAIDE",1,1,0,0,1,2022,"December","Friday","05:05 pm",50,"Sealed","Dry","Not Raining","Daylight","Roll Over",1,"Y",,1328041.94,1670809.26
"2022-36097-19/09/2025","PARADISE","CC CAMPBELLTOWN.",2,1,0,0,1,2022,"December","Monday","08:11 am",60,"Sealed","Dry","Not Raining","Daylight","Right Turn",1,,,1335179.94,1675919.29
"2022-36102-19/09/2025","THEBARTON","CITY OF WEST TORRENS",1,1,0,1,0,2022,"November","Wednesday","06:50 am",40,"Sealed","Dry","Not Raining","Daylight","Roll Over",1,,,1326102.18,1671844.7
"2022-36103-19/09/2025","MILANG","ALEXANDRINA COUNCIL",2,1,0,0,1,2022,"December","Thursday","01:00 am",100,"Sealed","Wet","Unknown","Night","Hit Fixed Object",1,,,1359046.11,1612789.8
"2022-36104-19/09/2025","MILLSWOOD","CITY OF UNLEY",2,1,0,0,1,2022,"December","Monday","11:05 am",50,"Sealed","Dry","Not Raining","Daylight","Right Angle",1,,,1327888.81,1667391.95
"2022-36111-19/09/2025","COWANDILLA","CITY OF WEST TORRENS",2,1,0,0,1,2022,"December","Monday","09:50 am",60,"Sealed","Dry","Not Raining","Daylight","Right Turn",2,,,1324145.71,1670043.9
"2022-36118-19/09/2025","TAPEROO","CITY OF PORT ADELAIDE ENFIELD",2,1,0,1,0,2022,"December","Monday","06:16 pm",60,"Sealed","Dry","Not Raining","Daylight","Hit Fixed Object",1,,"Y",1319959.05,1684656.33
"2022-36119-19/09/2025","MEDINDIE","WALKERVILLE TOWN COUNCIL",2,1,0,0,1,2022,"December","Friday","05:30 pm",60,"Sealed","Dry","Not Raining","Daylight","Side Swipe",1,,,1328359.11,1673680.45
"2022-36120-19/09/2025","ANDREWS FARM","CITY OF PLAYFORD.",2,1,0,0,1,2022,"December","Monday","03:18 pm",60,"Sealed","Dry","Not Raining","Daylight","Rear End",2,,,1335019.44,1699478.57
"2022-36121-19/09/2025","MORPHETT VALE","CITY OF ONKAPARINGA",2,1,0,0,1,2022,"December","Tuesday","06:51 am",60,"Sealed","Dry","Not Raining","Daylight","Right Turn",1,,,1320810.01,1648695.32
"2022-36125-19/09/2025","HOLDEN HILL","CITY OF PORT ADELAIDE ENFIELD",3,1,0,0,1,2022,"December","Tuesday","09:15 am",60,"Sealed","Dry","Not Raining","Daylight","Rear End",1,,"Y",1334329.18,1678341.48
"2022-36127-19/09/2025","GILLMAN","CITY OF PORT ADELAIDE ENFIELD",2,1,0,0,1,2022,"December","Monday","06:10 pm",60,"Sealed","Dry","Not Raining","Daylight","Rear End",2,,,1321999.52,1680722.6
"2022-36130-19/09/2025","WINGFIELD","CITY OF PORT ADELAIDE ENFIELD",2,1,0,0,1,2022,"December","Tuesday","10:55 am",60,"Sealed","Dry","Not Raining","Daylight","Right Angle",2,,,1325515.62,1680217.62
"2022-36133-19/09/2025","PROSPECT","CITY OF PROSPECT",2,1,0,0,1,2022,"December","Tuesday","10:50 am",40,"Sealed","Dry","Not Raining","Daylight","Head On",1,,,1327685.88,1674807.82
"2022-36136-19/09/2025","SEAFORD RISE","CITY OF ONKAPARINGA",2,1,0,0,1,2022,"December","Monday","01:30 pm",70,"Sealed","Dry","Not Raining","Daylight","Hit Fixed Object",1,,,1316420.5,1640461.94
"2022-36137-19/09/2025","FULLARTON","CITY OF UNLEY",2,1,0,0,1,2022,"December","Tuesday","07:40 am",60,"Sealed","Dry","Not Raining","Daylight","Right Angle",2,,,1330728.25,1667559.1
"2022-36140-19/09/2025","MOANA","CITY OF ONKAPARINGA",2,1,0,0,1,2022,"December","Tuesday","11:33 am",70,"Sealed","Dry","Not Raining","Daylight","Right Angle",2,,,1316453.68,1639147.64
"2022-36141-19/09/2025","MODBURY","CITY OF TEA TREE GULLY",2,1,0,0,1,2022,"December","Tuesday","11:20 am",50,"Sealed","Dry","Not Raining","Daylight","Rear End",1,,,1336871.78,1680739.18
"2022-36142-19/09/2025","WAYVILLE","CITY OF UNLEY",2,1,0,0,1,2022,"December","Tuesday","09:10 am",60,"Sealed","Dry","Not Raining","Daylight","Hit Pedestrian",2,,,1326888.57,1668898.92
"2022-36144-19/09/2025","WATERLOO CORNER","CITY OF SALISBURY",3,1,0,0,1,2022,"December","Tuesday","12:40 pm",90,"Sealed","Dry","Not Raining","Daylight","Rear End",1,,,1327645.93,1692118.06
"2022-36149-19/09/2025","FINDON","CITY OF CHARLES STURT",2,1,0,1,0,2022,"December","Tuesday","03:00 pm",60,"Sealed","Dry","Not Raining","Daylight","Right Angle",2,,,1323201.02,1673572.37
"2022-36153-19/09/2025","NURIOOTPA","LIGHT REGIONAL COUNCIL",2,1,0,0,1,2022,"December","Tuesday","04:09 pm",60,"Sealed","Dry","Not Raining","Daylight","Right Angle",2,,,1364772.29,1720072.41
"2022-36155-19/09/2025","NOARLUNGA CENTRE","CITY OF ONKAPARINGA",2,1,0,0,1,2022,"December","Tuesday","05:49 pm",60,"Sealed","Dry","Not Raining","Daylight","Right Turn",1,,,1317362.94,1647424.75
"2022-36157-19/09/2025","KEPA","RC MURRAY BRIDGE.",1,1,0,1,0,2022,"December","Tuesday","03:00 pm",110,"Sealed","Dry","Not Raining","Daylight","Roll Over",1,,,1406405.52,1643865.98
"2022-36158-19/09/2025","WEST HINDMARSH","CITY OF CHARLES STURT",2,1,0,0,1,2022,"December","Tuesday","06:00 pm",60,"Sealed","Dry","Not Raining","Daylight","Right Angle",2,,,1324999.51,1673875.12
"2022-36159-19/09/2025","FINNISS","ALEXANDRINA COUNCIL",2,2,0,0,2,2022,"December","Tuesday","03:53 pm",80,"Unsealed","Dry","Not Raining","Daylight","Head On",1,,"Y",1347512.84,1618450.04
"2022-36170-19/09/2025","MILE END","CITY OF WEST TORRENS",2,1,0,0,1,2022,"December","Wednesday","08:15 am",60,"Sealed","Dry","Not Raining","Daylight","Right Turn",2,,,1326080.52,1670999.64
"2022-36174-19/09/2025","SELLICKS HILL","CITY OF ONKAPARINGA",2,1,0,0,1,2022,"December","Wednesday","09:00 am",90,"Sealed","Dry","Not Raining","Daylight","Rear End",2,,,1315545.68,1629931.13
"2022-36176-19/09/2025","MYPONGA","DC YANKALILLA.",2,1,0,0,1,2022,"October","Sunday","12:00 pm",100,"Unsealed","Dry","Not Raining","Daylight","Rear End",1,,,1314320.46,1615541.74
"2022-36183-19/09/2025","MYRTLE BANK","CITY OF UNLEY",2,1,0,1,0,2022,"December","Wednesday","10:30 am",50,"Sealed","Dry","Not Raining","Daylight","Hit Pedestrian",1,,,1330815.61,1666737.5
"2022-36187-19/09/2025","CRYSTAL BROOK","PT.PIRIE CITY & DIST. COUNCIL",1,1,0,0,1,2022,"December","Tuesday","11:50 am",50,"Sealed","Dry","Not Raining","Daylight","Left Road - Out of Control",1,"Y",,1297853.78,1845668.83
"2022-36194-19/09/2025","HAYBOROUGH","DC VICTOR HARBOR.",2,1,0,0,1,2022,"December","Wednesday","03:45 pm",60,"Sealed","Dry","Not Raining","Daylight","Right Angle",1,,,1329730.35,1603250.69
"2022-36198-19/09/2025","PARADISE","CC CAMPBELLTOWN.",2,1,0,0,1,2022,"December","Wednesday","04:52 pm",50,"Sealed","Dry","Not Raining","Daylight","Side Swipe",2,,,1334421.05,1676109.16
"2022-36205-19/09/2025","ASHBOURNE","ALEXANDRINA COUNCIL",2,1,1,0,0,2022,"December","Wednesday","06:35 pm",100,"Sealed","Dry","Not Raining","Daylight","Hit Fixed Object",1,,,1345415.65,1630503.4
"2022-36209-19/09/2025","FLINDERS PARK","CITY OF CHARLES STURT",2,1,0,0,1,2022,"December","Wednesday","10:44 pm",50,"Sealed","Dry","Not Raining","Night","Rear End",2,,,1322900.96,1672367.15
"2022-36210-19/09/2025","PIPALYATJARA",,2,1,0,1,0,2022,"December","Wednesday","05:00 pm",50,"Unsealed","Dry","Not Raining","Daylight","Hit Pedestrian",1,,,416093.41,2630719.39
"2022-36214-19/09/2025","ADELAIDE","CITY OF ADELAIDE",2,1,0,0,1,2022,"December","Thursday","08:42 am",50,"Sealed","Dry","Not Raining","Daylight","Side Swipe",1,,,1327702.38,1670334.32
"2022-36221-19/09/2025","TRANMERE","CC CAMPBELLTOWN.",2,2,0,0,2,2022,"December","Thursday","09:25 am",60,"Sealed","Dry","Not Raining","Daylight","Right Angle",1,,,1333828.08,1673152
"2022-36222-19/09/2025","MYPONGA","DC YANKALILLA.",2,2,0,0,2,2022,"December","Wednesday","07:10 am",100,"Sealed","Dry","Not Raining","Daylight","Right Angle",2,,,1314634.66,1621167.45
"2022-36227-19/09/2025","WILLUNGA","CITY OF ONKAPARINGA",2,1,0,0,1,2022,"December","Thursday","11:00 am",100,"Sealed","Dry","Not Raining","Daylight","Rear End",2,,,1321788.72,1632447.91
"2022-36228-19/09/2025","BRINKLEY","RC MURRAY BRIDGE.",1,1,0,0,1,2022,"December","Thursday","12:00 pm",100,"Sealed","Dry","Not Raining","Daylight","Left Road - Out of Control",1,,,1388897.7,1633606.39
"2022-36230-19/09/2025","KILBURN","CITY OF PORT ADELAIDE ENFIELD",2,3,0,0,3,2022,"December","Thursday","01:32 pm",60,"Sealed","Dry","Not Raining","Daylight","Right Angle",1,,,1327204.74,1677885.94
"2022-36232-19/09/2025","BEVERLEY","CITY OF CHARLES STURT",2,1,0,0,1,2022,"December","Wednesday","07:50 am",60,"Sealed","Dry","Not Raining","Daylight","Right Angle",2,,,1323772.86,1674674.81
"2022-36235-19/09/2025","ROSTREVOR","CC CAMPBELLTOWN.",2,1,0,0,1,2022,"December","Thursday","02:10 pm",60,"Sealed","Dry","Not Raining","Daylight","Right Angle",1,,,1335427.73,1673873.16
"2022-36243-19/09/2025","HILTON","CITY OF WEST TORRENS",2,1,0,1,0,2022,"December","Thursday","04:09 pm",50,"Sealed","Dry","Not Raining","Daylight","Hit Pedestrian",1,,,1324950.34,1669889.29
"2022-36244-19/09/2025","SOUTH PLYMPTON","CC MARION.",2,1,0,1,0,2022,"December","Thursday","06:00 am",50,"Sealed","Dry","Not Raining","Daylight","Right Angle",1,,,1324668.24,1665508.64
"2022-36251-19/09/2025","INGLE FARM","CITY OF SALISBURY",2,4,0,0,4,2022,"December","Thursday","06:30 pm",60,"Sealed","Dry","Not Raining","Daylight","Right Angle",2,,,1331651.67,1681192.56
"2022-36255-19/09/2025","ADELAIDE","CITY OF ADELAIDE",2,1,0,0,1,2022,"December","Thursday","03:10 pm",50,"Sealed","Dry","Not Raining","Daylight","Right Angle",2,,,1329580.07,1670377.62
"2022-36257-19/09/2025","TUNGKILLO","MID MURRAY DISTRICT COUNCIL",1,1,0,1,0,2022,"December","Thursday","09:25 pm",100,"Unsealed","Dry","Not Raining","Night","Roll Over",1,,,1366829.56,1670088.97
"2022-36258-19/09/2025","CULBURRA","COORONG DISTRICT COUNCIL",3,1,0,1,0,2022,"December","Friday","12:08 am",110,"Sealed","Dry","Not Raining","Night","Head On",1,,,1443789.85,1573225.54
"2022-36261-19/09/2025","GOLDEN GROVE","CITY OF TEA TREE GULLY",1,1,0,0,1,2022,"December","Friday","07:10 am",60,"Sealed","Dry","Not Raining","Daylight","Roll Over",1,,,1337859.71,1685518.84
"2022-36264-19/09/2025","BLACKWOOD","CC MITCHAM.",2,1,0,0,1,2022,"December","Friday","08:40 am",40,"Sealed","Dry","Not Raining","Daylight","Right Angle",2,,,1329585.82,1659935.56
"2022-36270-19/09/2025","ALDINGA","CITY OF ONKAPARINGA",1,1,0,1,0,2022,"September","Wednesday","10:30 am",50,"Sealed","Dry","Not Raining","Daylight","Roll Over",9,,,1315700.47,1633158.32
"2022-36272-19/09/2025","ST JOHNS","LIGHT REGIONAL COUNCIL",2,1,0,0,1,2022,"December","Friday","06:50 am",100,"Sealed","Dry","Not Raining","Daylight","Rear End",1,,,1363287.67,1732188.28
"2022-36273-19/09/2025","KILBURN","CITY OF PORT ADELAIDE ENFIELD",2,1,0,0,1,2022,"December","Friday","11:34 am",60,"Sealed","Dry","Not Raining","Daylight","Right Angle",1,,,1327189.02,1678215.09
"2022-36275-19/09/2025","WOODVILLE SOUTH","CITY OF CHARLES STURT",3,2,0,0,2,2022,"December","Friday","12:25 pm",60,"Sealed","Dry","Not Raining","Daylight","Rear End",1,,,1322765.25,1675866.72
"2022-36276-19/09/2025","NOARLUNGA CENTRE","CITY OF ONKAPARINGA",2,1,0,0,1,2022,"December","Friday","11:42 am",50,"Sealed","Dry","Not Raining","Daylight","Rear End",2,,,1317486.44,1647088.83
"2022-36288-19/09/2025","NOARLUNGA DOWNS","CITY OF ONKAPARINGA",3,1,0,0,1,2022,"December","Friday","02:51 pm",60,"Sealed","Dry","Not Raining","Daylight","Rear End",1,,,1317380.31,1646945.77
"2022-36294-19/09/2025","ELIZABETH GROVE","CITY OF PLAYFORD.",2,1,0,0,1,2022,"December","Friday","04:50 pm",50,"Sealed","Dry","Not Raining","Daylight","Right Angle",1,,,1335654.19,1691481.69
"2022-36297-19/09/2025","NEWTON","CC CAMPBELLTOWN.",3,2,0,0,2,2022,"December","Friday","05:52 pm",60,"Sealed","Dry","Not Raining","Daylight","Rear End",1,,,1335396.5,1675037.71
"2022-36302-19/09/2025","GOLDEN GROVE","CITY OF TEA TREE GULLY",2,1,0,0,1,2022,"December","Friday","08:15 am",60,"Sealed","Dry","Not Raining","Daylight","Rear End",2,,,1337889.71,1685361.47
"2022-36310-19/09/2025","WILD HORSE PLAINS","DC MALLALA.",2,1,0,1,0,2022,"December","Saturday","06:25 am",110,"Sealed","Dry","Not Raining","Daylight","Hit Fixed Object",1,,,1302317,1733969.13
"2022-36311-19/09/2025","POORAKA","CITY OF SALISBURY",2,1,0,0,1,2022,"December","Saturday","08:50 am",50,"Sealed","Dry","Not Raining","Daylight","Right Turn",2,,,1332335.55,1682500.02
"2022-36312-19/09/2025","TUNGKILLO","MID MURRAY DISTRICT COUNCIL",2,1,0,1,0,2022,"December","Saturday","09:20 am",100,"Sealed","Dry","Not Raining","Daylight","Hit Fixed Object",1,,,1370719.43,1680758.24
"2022-36314-19/09/2025","TOORAK GARDENS","CITY OF BURNSIDE",2,1,0,0,1,2022,"December","Friday","03:40 pm",60,"Sealed","Dry","Not Raining","Daylight","Right Turn",2,,,1332281.44,1670031.47
"2022-36316-19/09/2025","TEA TREE GULLY","CITY OF TEA TREE GULLY",3,1,0,1,0,2022,"December","Saturday","10:30 am",80,"Sealed","Dry","Not Raining","Daylight","Hit Fixed Object",1,,"Y",1341952.38,1681428.65
"2022-36326-19/09/2025","LONSDALE","CITY OF ONKAPARINGA",2,1,0,1,0,2022,"December","Saturday","12:51 pm",50,"Sealed","Dry","Not Raining","Daylight","Hit Fixed Object",1,,,1319379.78,1650255.2
"2022-36329-19/09/2025","EXETER","CITY OF PORT ADELAIDE ENFIELD",2,1,0,0,1,2022,"December","Saturday","01:00 pm",50,"Sealed","Dry","Not Raining","Daylight","Right Turn",2,,,1319005.86,1680428.29
"2022-36336-19/09/2025","CRAFERS","THE ADELAIDE HILLS COUNCIL",2,1,0,0,1,2022,"December","Friday","06:30 pm",100,"Sealed","Dry","Not Raining","Daylight","Rear End",2,,,1337203.92,1662774.94
"2022-36338-19/09/2025","KURRALTA PARK","CITY OF WEST TORRENS",2,1,0,0,1,2022,"December","Saturday","07:16 pm",60,"Sealed","Dry","Not Raining","Daylight","Right Turn",1,,,1325778.61,1667717.09
"2022-36339-19/09/2025","HENLEY BEACH","CITY OF CHARLES STURT",2,1,0,0,1,2022,"December","Saturday","07:50 pm",40,"Sealed","Dry","Not Raining","Daylight","Side Swipe",1,,"Y",1318865.38,1671750.75
"2022-36342-19/09/2025","PARALOWIE","CITY OF SALISBURY",2,1,0,1,0,2022,"December","Saturday","08:45 pm",60,"Sealed","Dry","Not Raining","Night","Hit Fixed Object",1,"Y",,1330340.62,1689180.17
"2022-36343-19/09/2025","CARPENTER ROCKS","DISTRICT COUNCIL OF GRANT",1,1,0,1,0,2022,"December","Saturday","08:00 pm",100,"Unsealed","Dry","Not Raining","Daylight","Roll Over",1,,,1475607.29,1333169.86
"2022-36349-19/09/2025","ADELAIDE","CITY OF ADELAIDE",2,1,0,0,1,2022,"December","Saturday","03:20 pm",50,"Sealed","Dry","Not Raining","Daylight","Right Turn",2,,,1327951.24,1669556.92
"2022-36357-19/09/2025","MOUNT GEORGE","THE ADELAIDE HILLS COUNCIL",2,1,0,0,1,2022,"December","Sunday","11:30 am",110,"Sealed","Dry","Not Raining","Daylight","Rear End",2,,,1342025.72,1661903.05
"2022-36359-19/09/2025","SPALDING","NORTHERN AREAS DISTRICT COUNCIL",1,1,0,1,0,2022,"December","Sunday","01:00 pm",100,"Sealed","Dry","Not Raining","Daylight","Roll Over",1,,,1330122.3,1832719.37
"2022-36363-19/09/2025","WATERLOO CORNER","CITY OF SALISBURY",2,2,0,0,2,2022,"December","Sunday","03:50 pm",90,"Sealed","Dry","Not Raining","Daylight","Rear End",2,,,1327645.93,1692118.06
"2022-36364-19/09/2025","WILLIAMSTOWN","THE BAROSSA COUNCIL.",1,1,0,0,1,2022,"December","Sunday","03:12 pm",100,"Sealed","Dry","Not Raining","Daylight","Roll Over",1,,,1352103.99,1697199.59
"2022-36366-19/09/2025","ELIZABETH GROVE","CITY OF PLAYFORD.",2,2,0,0,2,2022,"December","Sunday","05:28 pm",80,"Sealed","Dry","Not Raining","Daylight","Rear End",2,,,1336102.24,1692239.97
"2022-36371-19/09/2025","SEACLIFF PARK","CITY OF HOLDFAST BAY",3,1,0,0,1,2022,"December","Sunday","09:04 pm",60,"Sealed","Dry","Not Raining","Night","Hit Fixed Object",1,"Y",,1321202.95,1658863.88
"2022-36376-19/09/2025","MARDEN","CC OF NORWOOD,PAYNEHAM & ST PETERS",4,1,0,1,0,2022,"December","Monday","05:50 am",60,"Sealed","Dry","Not Raining","Night","Hit Fixed Object",1,,,1332366.09,1674217.03
"2022-36378-19/09/2025","YANINEE","DC WUDINNA. (DC LE HUNTE.)",2,1,0,0,1,2022,"December","Monday","04:30 am",110,"Sealed","Dry","Not Raining","Night","Hit Fixed Object",1,,"Y",1023034.83,1896508.46
"2022-36382-19/09/2025","KENSINGTON","CC OF NORWOOD,PAYNEHAM & ST PETERS",2,1,0,0,1,2022,"November","Thursday","02:38 pm",50,"Sealed","Dry","Not Raining","Daylight","Rear End",2,,,1332259.75,1671076.47
"2022-36388-19/09/2025","NORTH ADELAIDE","CITY OF ADELAIDE",6,1,0,0,1,2022,"December","Monday","10:51 am",50,"Sealed","Dry","Not Raining","Daylight","Hit Fixed Object",1,,,1329055.22,1672609.96
"2022-36391-19/09/2025","SEMAPHORE PARK","CITY OF CHARLES STURT",2,1,0,0,1,2022,"December","Monday","12:58 pm",60,"Sealed","Dry","Not Raining","Daylight","Right Angle",2,,,1319009.03,1679184.57
"2022-36392-19/09/2025","TORRENSVILLE","CITY OF WEST TORRENS",2,1,0,0,1,2022,"December","Monday","01:30 pm",50,"Sealed","Dry","Not Raining","Daylight","Right Angle",2,,,1324579.34,1672025.69
"2022-36398-19/09/2025","THEBARTON","CITY OF WEST TORRENS",2,1,0,0,1,2022,"December","Saturday","10:45 pm",60,"Sealed","Dry","Not Raining","Night","Rear End",2,,,1326585.27,1671527.51
"2022-36406-19/09/2025","ELIZABETH PARK","CITY OF PLAYFORD.",2,1,0,0,1,2022,"December","Monday","04:56 pm",80,"Sealed","Dry","Not Raining","Daylight","Hit Fixed Object",1,,,1336159.63,1694019.21