"REPORT_ID","Suburb","LGA Name","Total Units","Total Cas","Total Fats","Total SI","Total MI","Year","Month","Day","Time","Area Speed","Road Surface","Moisture Cond","Weather Cond","DayNight","Crash Type","Unit Resp","DUI Involved","Drugs Involved","ACCLOC_X","ACCLOC_Y"
"2022-36409-19/09/2025","O'HALLORAN HILL","CITY OF ONKAPARINGA",2,1,0,0,1,2022,"December","Monday","05:20 pm",50,"Sealed","Dry","Not Raining","Daylight","Right Angle",1,,,1323903.87,1655220.69
"2022-36414-19/09/2025","PANORAMA","CC MITCHAM.",3,2,0,0,2,2022,"December","Monday","06:10 pm",60,"Sealed","Wet","Not Raining","Daylight","Rear End",1,,,1327936,1663498.04
"2022-36417-19/09/2025","ELIZABETH PARK","CITY OF PLAYFORD.",2,1,0,0,1,2022,"December","Monday","08:20 pm",50,"Sealed","Dry","Not Raining","Daylight","Hit Pedestrian",2,,,1336512.46,1694211.16
"2022-36419-19/09/2025","VIRGINIA","CITY OF PLAYFORD.",2,1,0,0,1,2022,"December","Tuesday","06:15 am",80,"Sealed","Dry","Not Raining","Daylight","Right Turn",2,,,1327364.96,1701128.3
"2022-36423-19/09/2025","ADELAIDE","CITY OF ADELAIDE",3,1,0,0,1,2022,"December","Tuesday","08:15 am",50,"Sealed","Dry","Not Raining","Daylight","Rear End",1,,,1329144.13,1669561.63
"2022-36430-19/09/2025","GREENWITH","CITY OF TEA TREE GULLY",2,2,0,2,0,2022,"December","Tuesday","12:35 pm",60,"Sealed","Dry","Not Raining","Daylight","Head On",2,,,1339882.52,1687708.94
"2022-36432-19/09/2025","DINGABLEDINGA","ALEXANDRINA COUNCIL",2,2,0,0,2,2022,"December","Tuesday","11:35 am",100,"Sealed","Wet","Raining","Daylight","Hit Fixed Object",1,,,1331493.01,1632939.71
"2022-36434-19/09/2025","MOUNT PLEASANT","THE BAROSSA COUNCIL.",2,1,0,0,1,2022,"December","Saturday","01:30 pm",80,"Sealed","Dry","Not Raining","Daylight","Hit Animal",2,,,1366919.43,1684368.81
"2022-36444-19/09/2025","HOYLETON","WAKEFIELD REGIONAL COUNCIL",3,2,0,1,1,2022,"December","Tuesday","03:59 pm",100,"Sealed","Dry","Not Raining","Daylight","Head On",2,,,1323189.72,1769921.21
"2022-36453-19/09/2025","TORRENSVILLE","CITY OF WEST TORRENS",2,1,0,0,1,2022,"December","Wednesday","04:30 pm",60,"Sealed","Dry","Not Raining","Daylight","Right Turn",1,,,1325754.68,1670981.93
"2022-36454-19/09/2025","MORPHETT VALE","CITY OF ONKAPARINGA",2,1,0,0,1,2022,"December","Tuesday","09:05 pm",60,"Sealed","Dry","Not Raining","Night","Right Angle",1,,,1320414.56,1648682.08
"2022-36455-19/09/2025","EUDUNDA","REGIONAL COUNCIL OF GOYDER",1,2,0,0,2,2022,"December","Tuesday","09:40 pm",100,"Sealed","Dry","Not Raining","Night","Roll Over",1,,"Y",1378038.24,1750840.15
"2022-36457-19/09/2025","SEAFORD RISE","CITY OF ONKAPARINGA",2,1,0,0,1,2022,"December","Wednesday","08:36 am",70,"Sealed","Dry","Not Raining","Daylight","Rear End",1,,,1316420.5,1640461.94
"2022-36458-19/09/2025","MURRAY BRIDGE","RC MURRAY BRIDGE.",2,1,0,0,1,2022,"December","Tuesday","07:55 am",50,"Sealed","Dry","Not Raining","Daylight","Rear End",2,,,1389097.6,1646913.83
"2022-36459-19/09/2025","GLYNDE","CC OF NORWOOD,PAYNEHAM & ST PETERS",2,1,0,0,1,2022,"December","Wednesday","08:23 am",60,"Sealed","Dry","Not Raining","Daylight","Hit Fixed Object",1,,,1332944.28,1674152.41
"2022-36460-19/09/2025","MURRAY BRIDGE","RC MURRAY BRIDGE.",3,1,0,0,1,2022,"December","Wednesday","09:10 am",60,"Sealed","Dry","Not Raining","Daylight","Rear End",1,,,1387586.7,1646248.9
"2022-36462-19/09/2025","WALLAROO PLAIN","COPPER COAST DISTRICT COUNCIL",2,1,0,1,0,2022,"December","Tuesday","10:45 pm",80,"Unsealed","Dry","Not Raining","Night","Hit Fixed Object",1,,,1244466.38,1786064.54
"2022-36463-19/09/2025","LINDEN PARK","CITY OF BURNSIDE",2,1,0,0,1,2022,"December","Wednesday","10:50 am",60,"Sealed","Dry","Not Raining","Daylight","Side Swipe",2,,,1332948.98,1669072.15
"2022-36464-19/09/2025","SPRING GULLY","CLARE AND GILBERT VALLEYS DISTRICT COUNCIL",2,2,0,1,1,2022,"December","Wednesday","11:30 am",80,"Unsealed","Dry","Not Raining","Daylight","Hit Fixed Object",1,,,1330551.27,1783557.64
"2022-36465-19/09/2025","GLYNDE","CC OF NORWOOD,PAYNEHAM & ST PETERS",2,1,0,0,1,2022,"December","Wednesday","12:20 pm",50,"Sealed","Dry","Not Raining","Daylight","Right Angle",2,,,1333607.67,1673239
"2022-36468-19/09/2025","ST AGNES","CITY OF TEA TREE GULLY",2,1,0,1,0,2022,"February","Thursday","05:30 pm",60,"Sealed","Dry","Not Raining","Daylight","Rear End",2,,,1338294.96,1681269.8
"2022-36470-19/09/2025","NORWOOD","CC OF NORWOOD,PAYNEHAM & ST PETERS",2,1,0,0,1,2022,"December","Wednesday","12:30 pm",60,"Sealed","Dry","Not Raining","Daylight","Right Angle",2,,,1330623.32,1670361.88
"2022-36471-19/09/2025","PROSPECT","CITY OF PROSPECT",2,1,0,0,1,2022,"December","Wednesday","03:10 pm",40,"Sealed","Dry","Not Raining","Daylight","Hit Parked Vehicle",1,,,1328093.26,1675002.77
"2022-36476-19/09/2025","KILKENNY","CITY OF CHARLES STURT",1,1,0,0,1,2022,"November","Saturday","11:00 am",60,"Sealed","Wet","Not Raining","Daylight","Roll Over",1,,,1324588.45,1675935.67
"2022-36477-19/09/2025","BOLIVAR","CITY OF SALISBURY",2,1,0,0,1,2022,"December","Wednesday","04:23 pm",90,"Sealed","Dry","Not Raining","Daylight","Right Angle",1,,,1328350.98,1689049.13
"2022-36481-19/09/2025","SEFTON PARK","CITY OF PROSPECT",2,1,0,0,1,2022,"December","Wednesday","05:20 pm",60,"Sealed","Dry","Not Raining","Daylight","Rear End",1,,,1328876.71,1675973.95
"2022-36482-19/09/2025","NORTH BRIGHTON","CITY OF HOLDFAST BAY",2,1,0,1,0,2022,"December","Wednesday","04:25 pm",60,"Sealed","Dry","Not Raining","Daylight","Hit Fixed Object",1,,"Y",1321099.1,1662018.52
"2022-36485-19/09/2025","PLYMPTON","CITY OF WEST TORRENS",2,1,0,0,1,2022,"December","Wednesday","05:55 pm",60,"Sealed","Dry","Not Raining","Daylight","Side Swipe",1,,,1324594.87,1666828.32
"2022-36486-19/09/2025","OLD NOARLUNGA","CITY OF ONKAPARINGA",3,1,0,0,1,2022,"December","Wednesday","03:30 pm",60,"Sealed","Dry","Not Raining","Daylight","Rear End",2,,,1317986.17,1642244.82
"2022-36489-19/09/2025","MOUNT BARKER","DC MT.BARKER.",2,1,0,0,1,2022,"December","Wednesday","08:14 pm",60,"Sealed","Dry","Not Raining","Daylight","Right Angle",2,,,1351314.75,1654262.86
"2022-36490-19/09/2025","ALDINGA BEACH","CITY OF ONKAPARINGA",2,1,0,0,1,2022,"December","Wednesday","08:25 pm",50,"Sealed","Dry","Not Raining","Night","Hit Fixed Object",1,,,1313247.21,1629302.74
"2022-36492-19/09/2025","PARRAKIE","SOUTHERN MALLEE DISTRICT COUNCIL",1,1,0,0,1,2022,"December","Thursday","12:30 am",110,"Sealed","Dry","Not Raining","Night","Roll Over",1,"Y",,1479536.93,1615716.81
"2022-36494-19/09/2025","PENFIELD","CITY OF PLAYFORD.",2,1,0,0,1,2022,"December","Tuesday","07:30 am",110,"Sealed","Dry","Not Raining","Daylight","Right Angle",2,,,1331401.54,1697660.52
"2022-36503-19/09/2025","MARION","CC MARION.",3,1,0,0,1,2022,"December","Thursday","12:45 pm",50,"Sealed","Dry","Not Raining","Daylight","Hit Parked Vehicle",1,,,1323673.53,1661568.94
"2022-36507-19/09/2025","COLLINSWOOD","CITY OF PROSPECT",2,1,0,0,1,2022,"December","Thursday","01:30 pm",60,"Sealed","Dry","Not Raining","Daylight","Right Angle",2,,,1329822.79,1674653.66
"2022-36508-19/09/2025","LONSDALE","CITY OF ONKAPARINGA",2,1,0,0,1,2022,"December","Wednesday","04:30 pm",60,"Sealed","Dry","Not Raining","Daylight","Rear End",2,,,1319426.69,1649818.96
"2022-36510-19/09/2025","SHERWOOD","DC TATIARA.",2,1,0,0,1,2022,"December","Thursday","03:00 pm",110,"Sealed","Dry","Not Raining","Daylight","Roll Over",1,,,1493532.95,1536245.22
"2022-36511-19/09/2025","MAWSON LAKES","CITY OF SALISBURY",3,1,0,0,1,2022,"December","Thursday","02:30 pm",50,"Sealed","Dry","Not Raining","Daylight","Hit Fixed Object",1,,,1330436.27,1683534.39
"2022-36512-19/09/2025","KESWICK","CITY OF WEST TORRENS",2,1,0,0,1,2022,"December","Thursday","03:30 pm",60,"Sealed","Dry","Not Raining","Daylight","Right Turn",1,,,1326549.19,1668970.9
"2022-36515-19/09/2025","MOONTA","COPPER COAST DISTRICT COUNCIL",2,1,0,0,1,2022,"December","Thursday","02:25 pm",50,"Sealed","Dry","Not Raining","Daylight","Right Angle",2,,,1238716.05,1768492.3
"2022-36516-19/09/2025","MUNNO PARA","CITY OF PLAYFORD.",3,1,0,0,1,2022,"December","Thursday","03:30 pm",60,"Sealed","Dry","Not Raining","Daylight","Rear End",1,,,1337798.5,1697969.05
"2022-36518-19/09/2025","BEAUMONT","CITY OF BURNSIDE",2,2,0,0,2,2022,"December","Wednesday","09:54 am",50,"Sealed","Dry","Not Raining","Daylight","Right Angle",2,,,1333379.83,1667716.32
"2022-36520-19/09/2025","BRAHMA LODGE","CITY OF SALISBURY",3,2,0,0,2,2022,"December","Thursday","04:27 pm",80,"Sealed","Dry","Not Raining","Daylight","Right Angle",1,,"Y",1334578.01,1687053.21
"2022-36530-19/09/2025","STURT","CC MARION.",2,2,0,0,2,2022,"December","Thursday","06:15 pm",60,"Sealed","Dry","Not Raining","Daylight","Right Turn",1,,,1324404.88,1660668.91
"2022-36531-19/09/2025","RENMARK","DC RENMARK PARINGA",2,1,0,0,1,2022,"December","Thursday","05:20 pm",80,"Sealed","Dry","Not Raining","Daylight","Right Angle",2,,,1527254.12,1744193.6
"2022-36533-19/09/2025","CLARENDON","CITY OF ONKAPARINGA",4,2,0,0,2,2022,"December","Thursday","04:10 pm",80,"Sealed","Dry","Not Raining","Daylight","Side Swipe",2,,"Y",1331224,1649136.84
"2022-36536-19/09/2025","MOANA","CITY OF ONKAPARINGA",2,1,0,1,0,2022,"December","Thursday","07:35 pm",50,"Sealed","Dry","Not Raining","Daylight","Right Angle",2,,,1316309.11,1638786.91
"2022-36539-19/09/2025","ADELAIDE","CITY OF ADELAIDE",2,2,0,0,2,2022,"December","Friday","06:45 am",60,"Sealed","Dry","Not Raining","Daylight","Right Angle",1,,,1327395.61,1669542.05
"2022-36550-19/09/2025","LOWER MITCHAM","CC MITCHAM.",2,1,0,0,1,2022,"December","Friday","12:24 pm",50,"Sealed","Dry","Not Raining","Daylight","Right Angle",2,,,1329110.4,1665060
"2022-36552-19/09/2025","WALKLEY HEIGHTS","CITY OF SALISBURY",2,1,0,0,1,2022,"December","Friday","11:55 am",70,"Sealed","Dry","Not Raining","Daylight","Rear End",2,,,1332971.13,1680497.42
"2022-36558-19/09/2025","LONG FLAT","RC MURRAY BRIDGE.",2,2,0,2,0,2022,"December","Friday","01:31 pm",110,"Sealed","Dry","Not Raining","Daylight","Right Angle",2,,,1393023.77,1643884.65
"2022-36566-19/09/2025","TOOPERANG","ALEXANDRINA COUNCIL",2,4,0,1,3,2022,"December","Friday","03:55 pm",100,"Sealed","Dry","Not Raining","Daylight","Right Turn",2,,,1341727.75,1618063.78
"2022-36567-19/09/2025","VIRGINIA","CITY OF PLAYFORD.",3,1,0,0,1,2022,"December","Friday","03:58 pm",90,"Sealed","Dry","Not Raining","Daylight","Right Turn",1,,,1326421.71,1696569.21
"2022-36571-19/09/2025","NOARLUNGA CENTRE","CITY OF ONKAPARINGA",2,1,0,0,1,2022,"December","Friday","03:50 pm",50,"Sealed","Dry","Not Raining","Daylight","Hit Pedestrian",2,,,1317594.54,1647216.87
"2022-36573-19/09/2025","SOUTH PLYMPTON","CC MARION.",3,2,0,0,2,2022,"December","Friday","06:20 pm",60,"Sealed","Dry","Not Raining","Daylight","Right Turn",2,,,1324276.41,1665204.58
"2022-36575-19/09/2025","LYRUP","DC RENMARK PARINGA",2,6,0,1,5,2022,"December","Friday","04:15 pm",110,"Sealed","Dry","Not Raining","Daylight","Rear End",2,,,1525112.69,1733886.47
"2022-36577-19/09/2025","CROMER","THE ADELAIDE HILLS COUNCIL",2,1,0,1,0,2022,"December","Friday","05:30 pm",100,"Sealed","Dry","Not Raining","Daylight","Right Angle",1,,,1361394.91,1684498.8
"2022-36578-19/09/2025","PROSPECT","CITY OF PROSPECT",2,1,0,0,1,2022,"December","Friday","11:33 pm",60,"Sealed","Dry","Not Raining","Night","Right Angle",2,,"Y",1327236.23,1676392.98
"2022-36579-19/09/2025","KESWICK","CITY OF WEST TORRENS",2,1,0,0,1,2022,"December","Saturday","06:40 am",60,"Sealed","Dry","Not Raining","Daylight","Right Turn",2,,,1325805.32,1668947.85
"2022-36581-19/09/2025","GRANGE","CITY OF CHARLES STURT",2,1,0,0,1,2022,"December","Saturday","08:44 am",50,"Sealed","Dry","Not Raining","Daylight","Hit Fixed Object",1,,,1318670.04,1673285.31
"2022-36584-19/09/2025","KUITPO","CITY OF ONKAPARINGA",2,4,0,1,3,2022,"December","Saturday","10:30 am",80,"Sealed","Dry","Not Raining","Daylight","Hit Fixed Object",1,,,1334521.54,1640690.84
"2022-36585-19/09/2025","OSBORNE","CITY OF PORT ADELAIDE ENFIELD",2,2,0,1,1,2022,"December","Saturday","10:58 am",60,"Sealed","Dry","Not Raining","Daylight","Right Angle",2,,,1319981.11,1685303.37
"2022-36588-19/09/2025","WEST BEACH","CITY OF WEST TORRENS",4,1,0,0,1,2022,"December","Saturday","11:36 am",80,"Sealed","Dry","Not Raining","Daylight","Rear End",1,,,1320921.02,1669128.5
"2022-36592-19/09/2025","PARKSIDE","CITY OF UNLEY",2,1,0,1,0,2022,"December","Saturday","12:16 pm",60,"Sealed","Dry","Not Raining","Daylight","Hit Pedestrian",2,,,1329066.72,1668597.46
"2022-36596-19/09/2025","GLENGOWRIE","CC MARION.",2,1,0,0,1,2022,"December","Saturday","01:45 am",60,"Sealed","Dry","Not Raining","Night","Right Angle",2,,,1322682.92,1663763.39
"2022-36599-19/09/2025","KENSINGTON PARK","CITY OF BURNSIDE",2,1,0,0,1,2022,"December","Saturday","11:50 am",60,"Sealed","Dry","Not Raining","Daylight","Right Turn",1,,,1333050.13,1671785.61
"2022-36601-19/09/2025","UNGARRA","DC TUMBY BAY.",1,1,0,1,0,2022,"December","Saturday","04:20 pm",100,"Unsealed","Dry","Not Raining","Daylight","Roll Over",1,,,1091035.42,1752021.98
"2022-36602-19/09/2025","SALISBURY HEIGHTS","CITY OF SALISBURY",2,1,0,0,1,2022,"December","Saturday","07:02 pm",50,"Sealed","Dry","Not Raining","Daylight","Hit Fixed Object",1,,,1336031.84,1688609.45
"2022-36607-19/09/2025","KURRALTA PARK","CITY OF WEST TORRENS",2,2,0,0,2,2022,"December","Saturday","09:32 pm",60,"Sealed","Dry","Not Raining","Night","Right Turn",1,,,1325778.61,1667717.09
"2022-36615-19/09/2025","GOULD CREEK","CITY OF TEA TREE GULLY",3,3,0,0,3,2022,"December","Sunday","09:00 am",80,"Sealed","Dry","Not Raining","Daylight","Head On",2,,,1343193.05,1688202.09
"2022-36616-19/09/2025","PEAKE","COORONG DISTRICT COUNCIL",2,1,0,0,1,2022,"December","Sunday","07:50 am",110,"Sealed","Dry","Not Raining","Daylight","Hit Fixed Object",1,,,1446954.68,1618322.66
"2022-36617-19/09/2025","MINLATON","YORKE PENINSULA COUNCIL",2,1,0,0,1,2022,"December","Saturday","11:00 am",50,"Sealed","Dry","Not Raining","Daylight","Hit Pedestrian",2,,,1237333.38,1690565.41
"2022-36619-19/09/2025","SALTIA","THE FLINDERS RANGES COUNCIL.",2,1,0,0,1,2022,"December","Saturday","05:50 pm",110,"Sealed","Dry","Not Raining","Daylight","Hit Fixed Object",1,,,1275386.32,1944184.16
"2022-36620-19/09/2025","MOANA","CITY OF ONKAPARINGA",2,1,0,0,1,2022,"December","Sunday","10:00 am",50,"Sealed","Dry","Not Raining","Daylight","Rear End",1,,,1315733.74,1641040.25
"2022-36624-19/09/2025","SNOWTOWN","WAKEFIELD REGIONAL COUNCIL",1,1,0,1,0,2022,"December","Sunday","11:30 am",110,"Sealed","Dry","Not Raining","Daylight","Roll Over",1,,,1296907.1,1799231.52
"2022-36625-19/09/2025","NURRAGI","ALEXANDRINA COUNCIL",3,1,0,1,0,2022,"December","Sunday","11:37 am",100,"Sealed","Dry","Not Raining","Daylight","Head On",1,,,1356690.18,1624345.93
"2022-36628-19/09/2025","PLYMPTON","CITY OF WEST TORRENS",2,1,0,1,0,2022,"December","Sunday","12:45 pm",60,"Sealed","Dry","Not Raining","Daylight","Hit Parked Vehicle",1,,,1324535.95,1666805.74
"2022-36630-19/09/2025","STRATHALBYN","ALEXANDRINA COUNCIL",2,1,0,1,0,2022,"December","Sunday","01:35 pm",50,"Sealed","Dry","Not Raining","Daylight","Side Swipe",1,,,1353678.31,1632795.06
"2022-36632-19/09/2025","HAPPY VALLEY","CITY OF ONKAPARINGA",2,1,0,0,1,2022,"December","Sunday","02:24 pm",60,"Sealed","Dry","Not Raining","Daylight","Right Angle",2,,,1324714.1,1653445.09
"2022-36633-19/09/2025","PARACOMBE","THE ADELAIDE HILLS COUNCIL",2,1,0,1,0,2022,"December","Sunday","01:05 pm",80,"Sealed","Dry","Not Raining","Daylight","Hit Fixed Object",1,,,1344097.73,1676959.46
"2022-36636-19/09/2025","MARDEN","CC OF NORWOOD,PAYNEHAM & ST PETERS",2,1,0,0,1,2022,"December","Sunday","04:15 pm",60,"Sealed","Dry","Not Raining","Daylight","Right Angle",1,,,1332491.81,1673951.39
"2022-36639-19/09/2025","KENT TOWN","CC OF NORWOOD,PAYNEHAM & ST PETERS",2,1,0,0,1,2022,"December","Sunday","06:10 pm",50,"Sealed","Dry","Not Raining","Daylight","Hit Fixed Object",1,,"Y",1330531.64,1671393.97
"2022-36642-19/09/2025","ECHUNGA","DC MT.BARKER.",2,2,0,0,2,2022,"December","Sunday","10:05 pm",100,"Sealed","Dry","Not Raining","Night","Side Swipe",1,"Y",,1344635.93,1648003.39
"2022-36643-19/09/2025","PLYMPTON PARK","CC MARION.",2,1,0,0,1,2022,"December","Sunday","11:48 pm",50,"Sealed","Dry","Not Raining","Night","Right Angle",2,,,1324190.21,1664751.46
"2022-36646-19/09/2025","PAYNEHAM","CC OF NORWOOD,PAYNEHAM & ST PETERS",2,1,0,0,1,2022,"December","Monday","08:26 am",60,"Sealed","Dry","Not Raining","Daylight","Right Turn",1,,,1332162.99,1673774.81
"2022-36649-19/09/2025","HECTORVILLE","CC CAMPBELLTOWN.",2,1,0,0,1,2022,"December","Monday","09:21 am",60,"Sealed","Dry","Not Raining","Daylight","Right Angle",2,,,1334554.18,1674532.6
"2022-36651-19/09/2025","ST MARYS","CC MITCHAM.",2,1,0,0,1,2022,"December","Monday","09:21 am",70,"Sealed","Dry","Not Raining","Daylight","Hit Fixed Object",1,,,1326405.16,1661299.07
"2022-36653-19/09/2025","PROSPECT","CITY OF PROSPECT",2,2,0,0,2,2022,"December","Monday","11:35 am",60,"Sealed","Dry","Not Raining","Daylight","Rear End",1,,,1327972.37,1676420.13
"2022-36659-19/09/2025","PAECHTOWN","DC MT.BARKER.",2,1,0,0,1,2022,"December","Monday","01:35 pm",110,"Sealed","Dry","Not Raining","Daylight","Hit Fixed Object",1,,,1348349.24,1656388.79
"2022-36660-19/09/2025","FULHAM GARDENS","CITY OF CHARLES STURT",2,2,0,0,2,2022,"December","Monday","01:20 pm",60,"Sealed","Dry","Not Raining","Daylight","Rear End",2,,,1320675.29,1672459.63
"2022-36670-19/09/2025","SOUTH PLYMPTON","CC MARION.",2,1,0,0,1,2022,"December","Monday","04:43 pm",60,"Sealed","Dry","Not Raining","Daylight","Hit Fixed Object",1,,,1324874.85,1666133.34
"2022-36672-19/09/2025","KERSBROOK","THE ADELAIDE HILLS COUNCIL",1,1,0,1,0,2022,"December","Monday","02:20 pm",100,"Sealed","Dry","Not Raining","Daylight","Roll Over",1,,,1352087.99,1696992.33
"2022-36674-19/09/2025","VIRGINIA","CITY OF PLAYFORD.",2,1,0,0,1,2022,"December","Monday","05:29 pm",110,"Sealed","Dry","Not Raining","Daylight","Right Turn",2,,,1324119.37,1701216.45
"2022-36675-19/09/2025","MIDDLETON","ALEXANDRINA COUNCIL",3,1,0,1,0,2022,"December","Monday","03:20 pm",80,"Sealed","Dry","Not Raining","Daylight","Hit Fixed Object",1,,"Y",1337585.94,1606795.82
"2022-36676-19/09/2025","HILTON","CITY OF WEST TORRENS",2,1,0,0,1,2022,"December","Monday","06:15 pm",60,"Sealed","Dry","Not Raining","Daylight","Rear End",2,,,1325777.47,1670088.72
"2022-36682-19/09/2025","HOLDEN HILL","CITY OF PORT ADELAIDE ENFIELD",2,1,0,1,0,2022,"December","Tuesday","04:02 am",60,"Sealed","Dry","Not Raining","Night","Hit Pedestrian",1,,,1333905.93,1678019.01
"2022-36685-19/09/2025","MODBURY","CITY OF TEA TREE GULLY",2,1,0,0,1,2022,"December","Tuesday","08:35 am",60,"Sealed","Dry","Not Raining","Daylight","Right Turn",1,,,1337056.82,1680951.37
"2022-36689-19/09/2025","WEST LAKES SHORE","CITY OF CHARLES STURT",2,1,0,1,0,2022,"December","Tuesday","10:30 am",60,"Sealed","Dry","Not Raining","Daylight","Right Angle",1,,,1318089.25,1676625.94
"2022-36691-19/09/2025","NORTH ADELAIDE","CITY OF ADELAIDE",2,1,0,0,1,2022,"December","Sunday","10:45 pm",50,"Sealed","Dry","Not Raining","Night","Right Angle",2,,,1328180.54,1672948.03
"2022-36693-19/09/2025","BURNSIDE","CITY OF BURNSIDE",2,1,0,0,1,2022,"December","Tuesday","12:22 pm",50,"Sealed","Dry","Not Raining","Daylight","Hit Parked Vehicle",1,,,1334618.96,1668419.95
"2022-36701-19/09/2025","SOUTH BRIGHTON","CITY OF HOLDFAST BAY",2,1,0,1,0,2022,"December","Tuesday","03:58 pm",60,"Sealed","Wet","Not Raining","Daylight","Hit Pedestrian",2,,,1321164.27,1660114.12
"2022-36702-19/09/2025","WHITES VALLEY","CITY OF ONKAPARINGA",2,4,0,0,4,2022,"December","Tuesday","04:30 pm",100,"Sealed","Wet","Raining","Daylight","Right Turn",1,,,1321497.29,1632441.17
"2022-36708-19/09/2025","NOARLUNGA CENTRE","CITY OF ONKAPARINGA",2,1,0,0,1,2022,"December","Tuesday","05:53 pm",60,"Sealed","Dry","Not Raining","Daylight","Right Turn",1,,,1317352.19,1647429.77
"2022-36709-19/09/2025","SOUTH PLYMPTON","CC MARION.",4,2,0,0,2,2022,"December","Tuesday","05:53 pm",60,"Sealed","Wet","Raining","Daylight","Head On",1,,,1324290.92,1666106.3
"2022-36712-19/09/2025","CALTOWIE","NORTHERN AREAS DISTRICT COUNCIL",2,2,0,1,1,2022,"December","Tuesday","06:39 pm",80,"Sealed","Dry","Not Raining","Daylight","Hit Fixed Object",1,,"Y",1324874.81,1863692.79
"2022-36713-19/09/2025","LITTLEHAMPTON","DC MT.BARKER.",2,1,0,1,0,2022,"December","Tuesday","09:05 pm",80,"Sealed","Dry","Not Raining","Night","Hit Fixed Object",1,,"Y",1352108.53,1657557.58
"2022-36716-19/09/2025","CAVAN","CITY OF SALISBURY",2,2,0,2,0,2022,"December","Wednesday","04:10 am",70,"Sealed","Wet","Raining","Night","Right Turn",1,,,1328738.31,1681559.52
"2022-36722-19/09/2025","ECHUNGA","DC MT.BARKER.",2,1,0,0,1,2022,"December","Wednesday","08:45 am",80,"Sealed","Wet","Not Raining","Daylight","Hit Fixed Object",1,,,1348258.4,1651302.73
"2022-36724-19/09/2025","LITTLEHAMPTON","DC MT.BARKER.",3,1,0,0,1,2022,"December","Wednesday","07:00 am",50,"Sealed","Dry","Not Raining","Daylight","Hit Pedestrian",1,,,1352991.81,1656904.36
"2022-36725-19/09/2025","MODBURY","CITY OF TEA TREE GULLY",2,1,0,0,1,2022,"December","Wednesday","11:00 am",60,"Sealed","Dry","Not Raining","Daylight","Hit Pedestrian",1,,,1336553.41,1680740.06
"2022-36728-19/09/2025","VICTOR HARBOR","DC VICTOR HARBOR.",2,1,0,0,1,2022,"December","Wednesday","11:00 am",50,"Sealed","Dry","Not Raining","Daylight","Right Angle",1,,,1327929.29,1600749.89
"2022-36734-19/09/2025","CLARENCE GARDENS","CC MITCHAM.",2,1,0,0,1,2022,"December","Thursday","03:30 pm",60,"Sealed","Dry","Not Raining","Daylight","Rear End",2,,,1325891.6,1666151.9
"2022-36745-19/09/2025","MILLBROOK","THE ADELAIDE HILLS COUNCIL",2,2,0,0,2,2022,"December","Wednesday","10:35 pm",80,"Sealed","Dry","Not Raining","Night","Head On",2,,,1348403.94,1682076.81
"2022-36757-19/09/2025","CUMBERLAND PARK","CC MITCHAM.",2,1,0,1,0,2022,"December","Thursday","08:43 am",60,"Sealed","Dry","Not Raining","Daylight","Side Swipe",1,,,1326684.05,1666174.93
"2022-36760-19/09/2025","SOUTH PLYMPTON","CC MARION.",3,1,0,0,1,2022,"December","Thursday","10:35 am",60,"Sealed","Dry","Not Raining","Daylight","Rear End",1,,,1324286.29,1664927.89
"2022-36762-19/09/2025","CLAYTON BAY","ALEXANDRINA COUNCIL",2,1,0,1,0,2022,"December","Thursday","09:30 am",100,"Sealed","Dry","Not Raining","Daylight","Side Swipe",1,,,1358164.41,1608871.68
"2022-36766-19/09/2025","MURRAY BRIDGE","RC MURRAY BRIDGE.",2,1,0,1,0,2022,"December","Thursday","12:50 pm",60,"Sealed","Dry","Not Raining","Daylight","Right Angle",1,,,1386998.17,1645990.39
"2022-36769-19/09/2025","MCLAREN VALE","CITY OF ONKAPARINGA",3,2,0,0,2,2022,"December","Thursday","02:00 pm",60,"Sealed","Dry","Not Raining","Daylight","Rear End",1,,,1319043.66,1641059.11
"2022-36773-19/09/2025","MOUNT JAGGED","ALEXANDRINA COUNCIL",2,2,0,1,1,2022,"December","Thursday","04:17 pm",100,"Sealed","Dry","Not Raining","Daylight","Rear End",2,,,1329786.3,1615051.21
"2022-36783-19/09/2025","PENRICE","THE BAROSSA COUNCIL.",2,1,0,1,0,2022,"December","Thursday","06:58 pm",50,"Sealed","Dry","Not Raining","Daylight","Head On",2,"Y",,1371487.27,1717217.14
"2022-36784-19/09/2025","MODBURY","CITY OF TEA TREE GULLY",2,1,0,0,1,2022,"December","Wednesday","07:35 pm",60,"Sealed","Dry","Not Raining","Daylight","Side Swipe",1,,,1337153.59,1680622.92
"2022-36786-19/09/2025","BOSTON","DC LOWER EYRE PENINSULA",2,1,0,1,0,2022,"December","Thursday","08:05 pm",100,"Sealed","Dry","Not Raining","Daylight","Right Turn",1,,,1075179.66,1699983.09
"2022-36787-19/09/2025","KESWICK TERMINAL","CITY OF WEST TORRENS",4,1,0,0,1,2022,"December","Thursday","06:00 pm",60,"Sealed","Dry","Not Raining","Daylight","Rear End",1,,,1326342.07,1670033.37