"REPORT_ID","Suburb","LGA Name","Total Units","Total Cas","Total Fats","Total SI","Total MI","Year","Month","Day","Time","Area Speed","Road Surface","Moisture Cond","Weather Cond","DayNight","Crash Type","Unit Resp","DUI Involved","Drugs Involved","ACCLOC_X","ACCLOC_Y"
"2022-36789-19/09/2025","NARACOORTE","DC NARACOORTE & LUCINDALE.",2,2,0,0,2,2022,"December","Thursday","03:40 pm",50,"Sealed","Dry","Not Raining","Daylight","Right Turn",1,,,1512233.6,1437389.4
"2022-36811-19/09/2025","GLANDORE","CC MARION.",3,4,0,0,4,2022,"December","Friday","06:28 pm",60,"Sealed","Dry","Not Raining","Daylight","Rear End",1,,,1325862.57,1666556.43
"2022-36812-19/09/2025","WEST BEACH","CITY OF WEST TORRENS",2,1,0,0,1,2022,"December","Thursday","02:09 pm",80,"Sealed","Dry","Not Raining","Daylight","Rear End",2,,,1320922.14,1669084.87
"2022-36814-19/09/2025","KAPUNDA","LIGHT REGIONAL COUNCIL",1,1,1,0,0,2022,"December","Friday","09:19 pm",100,"Sealed","Dry","Not Raining","Night","Roll Over",1,"Y",,1362281.76,1733971.36
"2022-36816-19/09/2025","PARALOWIE","CITY OF SALISBURY",2,3,0,0,3,2022,"December","Friday","10:10 pm",60,"Sealed","Dry","Not Raining","Night","Rear End",2,"Y",,1330512.28,1689391.62
"2022-36822-19/09/2025","PORT LINCOLN","CC PT.LINCOLN.",1,1,0,0,1,2022,"December","Saturday","11:55 am",25,"Unsealed","Dry","Not Raining","Daylight","Left Road - Out of Control",1,,,1080612.01,1696969.31
"2022-36823-19/09/2025","MUNNO PARA WEST","CITY OF PLAYFORD.",2,1,0,0,1,2022,"December","Saturday","01:50 pm",60,"Sealed","Dry","Not Raining","Daylight","Rear End",2,,,1335179.58,1699384.94
"2022-36824-19/09/2025","GILLES PLAINS","CITY OF PORT ADELAIDE ENFIELD",2,1,0,0,1,2022,"December","Saturday","02:40 pm",60,"Sealed","Dry","Not Raining","Daylight","Hit Pedestrian",1,,,1333916.76,1678182.21
"2022-36827-19/09/2025","EMU FLAT","CLARE AND GILBERT VALLEYS DISTRICT COUNCIL",1,1,0,1,0,2022,"December","Sunday","02:00 pm",80,"Unsealed","Dry","Not Raining","Daylight","Roll Over",1,,,1331698.05,1789690.07
"2022-36828-19/09/2025","WEST BEACH","CITY OF WEST TORRENS",2,1,0,0,1,2022,"December","Saturday","04:16 pm",80,"Sealed","Dry","Not Raining","Daylight","Right Angle",2,,,1320929.56,1668827.66
"2022-36831-19/09/2025","CAMPBELLTOWN","CC CAMPBELLTOWN.",2,1,0,0,1,2022,"December","Saturday","03:35 pm",50,"Sealed","Dry","Not Raining","Daylight","Hit Fixed Object",1,,,1334826.18,1675239.3
"2022-36835-19/09/2025","MOUNT GAMBIER","CC MT.GAMBIER.",2,2,0,0,2,2022,"December","Saturday","06:15 pm",50,"Sealed","Dry","Not Raining","Daylight","Head On",1,,,1509854.24,1341098.96
"2022-36843-19/09/2025","PARADISE","CC CAMPBELLTOWN.",2,3,0,1,2,2022,"December","Sunday","12:08 am",60,"Sealed","Dry","Not Raining","Night","Hit Fixed Object",1,,,1335345.19,1676533.76
"2022-36846-19/09/2025","FINDON","CITY OF CHARLES STURT",3,1,0,0,1,2022,"December","Sunday","04:59 am",60,"Sealed","Dry","Not Raining","Night","Hit Fixed Object",1,,"Y",1322575.62,1674103.45
"2022-36858-19/09/2025","COONALPYN","COORONG DISTRICT COUNCIL",3,5,0,2,3,2022,"December","Sunday","08:55 pm",100,"Sealed","Dry","Not Raining","Night","Hit Animal",2,,,1420811.81,1581072.24
"2022-36866-19/09/2025","ANDREWS","NORTHERN AREAS DISTRICT COUNCIL",1,1,0,0,1,2022,"December","Monday","09:45 am",100,"Unsealed","Dry","Not Raining","Daylight","Roll Over",1,,,1337655.75,1817324.47
"2022-36870-19/09/2025","SALEM","ALEXANDRINA COUNCIL",2,1,0,1,0,2022,"December","Monday","12:39 pm",100,"Sealed","Dry","Not Raining","Daylight","Head On",1,,,1365701.79,1643328.26
"2022-36880-19/09/2025","PORT ADELAIDE","CITY OF PORT ADELAIDE ENFIELD",2,1,0,0,1,2022,"December","Tuesday","07:48 am",60,"Sealed","Dry","Not Raining","Daylight","Hit Fixed Object",1,,,1320480.89,1679072.79
"2022-36885-19/09/2025","PLYMPTON","CITY OF WEST TORRENS",2,1,0,0,1,2022,"December","Tuesday","12:07 pm",60,"Sealed","Dry","Not Raining","Daylight","Right Turn",2,,,1324215.94,1667044.83
"2022-36894-19/09/2025","SOLOMON","DC KIMBA.",1,1,0,1,0,2022,"December","Tuesday","03:30 pm",110,"Sealed","Dry","Not Raining","Daylight","Roll Over",1,,,1117394.65,1864596.88
"2022-36895-19/09/2025","LOCHIEL","WAKEFIELD REGIONAL COUNCIL",2,3,3,0,0,2022,"December","Tuesday","07:30 pm",110,"Sealed","Dry","Not Raining","Daylight","Hit Fixed Object",1,,,1293011.56,1778954.55
"2022-36896-19/09/2025","NORTH ADELAIDE","CITY OF ADELAIDE",2,1,0,0,1,2022,"December","Tuesday","11:20 pm",50,"Sealed","Dry","Not Raining","Night","Side Swipe",1,,,1328081.93,1673165.61
"2022-36897-19/09/2025","CAMDEN PARK","CITY OF WEST TORRENS",2,1,0,0,1,2022,"December","Wednesday","03:40 am",60,"Sealed","Wet","Raining","Night","Hit Fixed Object",1,,,1322588.76,1667003.62
"2022-36901-19/09/2025","PORT WAKEFIELD","WAKEFIELD REGIONAL COUNCIL",2,1,0,0,1,2022,"December","Tuesday","02:15 pm",50,"Sealed","Dry","Not Raining","Daylight","Side Swipe",2,,,1290207.13,1754413.69
"2022-36909-19/09/2025","ADELAIDE","CITY OF ADELAIDE",2,1,0,0,1,2022,"December","Wednesday","02:37 pm",60,"Sealed","Dry","Not Raining","Daylight","Rear End",2,,,1327352.37,1670741.87
"2022-36912-19/09/2025","BEACHPORT","WATTLE RANGE COUNCIL",1,1,0,0,1,2022,"December","Wednesday","10:45 am",40,"Unsealed","Dry","Not Raining","Daylight","Roll Over",1,,,1441546.07,1385262.51
"2022-36922-19/09/2025","SALISBURY EAST","CITY OF SALISBURY",2,1,1,0,0,2022,"December","Wednesday","08:54 pm",80,"Sealed","Dry","Not Raining","Night","Right Angle",1,"Y",,1333995.93,1686285.66
"2022-36923-19/09/2025","COLLINSWOOD","CITY OF PROSPECT",2,1,0,0,1,2022,"December","Wednesday","09:34 pm",60,"Sealed","Dry","Not Raining","Night","Right Angle",1,,,1329822.79,1674653.66
"2022-36924-19/09/2025","MOUNT GAMBIER","CC MT.GAMBIER.",1,1,0,1,0,2022,"December","Wednesday","08:34 pm",50,"Sealed","Dry","Not Raining","Night","Roll Over",1,,,1508588.82,1342149.52
"2022-36927-19/09/2025","SALISBURY","CITY OF SALISBURY",2,1,0,1,0,2022,"December","Wednesday","07:21 pm",60,"Sealed","Dry","Not Raining","Daylight","Right Angle",1,"Y",,1333601.36,1689549.53
"2022-36930-19/09/2025","WUDINNA","DC WUDINNA. (DC LE HUNTE.)",2,1,0,0,1,2022,"December","Wednesday","08:15 pm",60,"Unsealed","Dry","Not Raining","Daylight","Hit Fixed Object",1,,,1047363.85,1885673.28
"2022-36931-19/09/2025","WYNARKA","DC KAROONDA EAST MURRAY.",1,3,0,1,2,2022,"December","Thursday","02:21 am",110,"Sealed","Dry","Not Raining","Night","Roll Over",1,,,1421032.17,1638983.99
"2022-36933-19/09/2025","PARAFIELD GARDENS","CITY OF SALISBURY",2,1,0,0,1,2022,"December","Friday","09:20 am",70,"Sealed","Dry","Not Raining","Daylight","Right Angle",2,,,1329053.39,1685667.81
"2022-36934-19/09/2025","WOODVILLE WEST","CITY OF CHARLES STURT",2,1,0,0,1,2022,"December","Thursday","09:35 am",60,"Sealed","Dry","Not Raining","Daylight","Right Angle",2,,,1322384.15,1676196.65
"2022-36936-19/09/2025","UNLEY","CITY OF UNLEY",2,1,0,0,1,2022,"December","Wednesday","01:30 pm",60,"Sealed","Dry","Not Raining","Daylight","Side Swipe",2,,,1329089.4,1668145.64
"2022-36938-19/09/2025","CLARENCE GARDENS","CC MITCHAM.",3,1,0,0,1,2022,"December","Thursday","10:45 am",60,"Sealed","Dry","Not Raining","Daylight","Rear End",1,,,1325860.87,1666151.31
"2022-36940-19/09/2025","STRATHALBYN","ALEXANDRINA COUNCIL",1,1,0,1,0,2022,"December","Thursday","01:30 pm",80,"Sealed","Dry","Not Raining","Daylight","Roll Over",1,,,1353042.36,1636038.84
"2022-36941-19/09/2025","ELIZABETH PARK","CITY OF PLAYFORD.",2,1,0,0,1,2022,"December","Friday","09:30 pm",80,"Sealed","Dry","Not Raining","Night","Rear End",2,,,1335962.49,1693261.2
"2022-36942-19/09/2025","OAKDEN","CITY OF PORT ADELAIDE ENFIELD",2,2,0,0,2,2022,"December","Thursday","01:49 pm",50,"Sealed","Dry","Not Raining","Daylight","Hit Parked Vehicle",2,,,1332395.55,1678214.89
"2022-36943-19/09/2025","SMITHFIELD","CITY OF PLAYFORD.",2,2,0,0,2,2022,"December","Thursday","03:02 pm",50,"Sealed","Dry","Not Raining","Daylight","Right Angle",1,,"Y",1337660.74,1697311.17
"2022-36950-19/09/2025","TWO WELLS","DC MALLALA.",3,1,0,0,1,2022,"December","Thursday","05:50 pm",110,"Sealed","Dry","Not Raining","Daylight","Other",2,,,1322605.35,1704211.74
"2022-36952-19/09/2025","ST CLAIR","CITY OF CHARLES STURT",2,1,0,0,1,2022,"December","Thursday","06:20 pm",60,"Sealed","Dry","Not Raining","Daylight","Head On",2,,,1322226.5,1677238.33
"2022-36954-19/09/2025","PARAFIELD","CITY OF SALISBURY",2,1,0,1,0,2022,"December","Thursday","09:37 pm",80,"Sealed","Dry","Not Raining","Night","Rear End",2,,,1332253.29,1684080.89
"2022-36957-19/09/2025","TRINITY GARDENS","CC OF NORWOOD,PAYNEHAM & ST PETERS",2,2,0,0,2,2022,"December","Thursday","04:50 pm",60,"Sealed","Dry","Not Raining","Daylight","Right Angle",2,,,1332662.68,1671773.23
"2022-36961-19/09/2025","SEACLIFF","CITY OF HOLDFAST BAY",2,1,0,0,1,2022,"December","Thursday","05:00 pm",50,"Sealed","Dry","Not Raining","Daylight","Right Angle",2,,,1320615.46,1659170.15
"2022-36962-19/09/2025","PARKSIDE","CITY OF UNLEY",2,2,0,0,2,2022,"December","Friday","10:02 am",60,"Sealed","Dry","Not Raining","Daylight","Right Turn",2,,,1329603.75,1668978.88
"2022-36964-19/09/2025","STRATHALBYN","ALEXANDRINA COUNCIL",2,1,0,1,0,2022,"December","Friday","10:05 am",50,"Sealed","Dry","Not Raining","Daylight","Right Angle",2,,,1353434.66,1632938.65
"2022-36965-19/09/2025","ADELAIDE","CITY OF ADELAIDE",2,1,0,0,1,2022,"December","Thursday","08:10 pm",60,"Sealed","Dry","Not Raining","Daylight","Rear End",2,,,1327349.63,1671109.58
"2022-36966-19/09/2025","MYRTLE BANK","CITY OF UNLEY",4,1,0,0,1,2022,"December","Friday","12:09 pm",60,"Sealed","Dry","Not Raining","Daylight","Hit Pedestrian",2,,,1332161.89,1666705.99
"2022-36967-19/09/2025","VALLEY VIEW","CITY OF PORT ADELAIDE ENFIELD",2,1,0,0,1,2022,"December","Friday","12:47 pm",60,"Sealed","Dry","Not Raining","Daylight","Rear End",1,,,1334354.6,1679381.29
"2022-36969-19/09/2025","WOODCROFT","CITY OF ONKAPARINGA",2,1,0,0,1,2022,"December","Friday","01:05 pm",80,"Sealed","Dry","Not Raining","Daylight","Right Turn",2,,,1323031.8,1652241.08
"2022-36972-19/09/2025","NOARLUNGA CENTRE","CITY OF ONKAPARINGA",2,1,0,0,1,2022,"December","Friday","10:30 am",60,"Sealed","Dry","Not Raining","Daylight","Rear End",2,,,1317352.19,1647429.77
"2022-36974-19/09/2025","CARRIEWERLOO","CC PT.AUGUSTA.",1,1,0,0,1,2022,"December","Friday","12:10 pm",110,"Sealed","Dry","Not Raining","Daylight","Roll Over",1,,,1247213.25,1954837.33
"2022-36977-19/09/2025","WEST HINDMARSH","CITY OF CHARLES STURT",4,1,0,0,1,2022,"December","Friday","04:00 pm",60,"Sealed","Dry","Not Raining","Daylight","Rear End",1,,,1325335.71,1673161.35
"2022-36978-19/09/2025","SMITHFIELD","CITY OF PLAYFORD.",2,1,0,0,1,2022,"December","Friday","04:21 pm",50,"Sealed","Dry","Not Raining","Daylight","Right Angle",1,,,1337243.17,1697551.25
"2022-36979-19/09/2025","ROBE","DC ROBE.",1,1,0,1,0,2022,"December","Thursday","06:15 pm",60,"Sealed","Dry","Not Raining","Daylight","Roll Over",1,,,1423871.83,1417014.45
"2022-36980-19/09/2025","BRIGHTON","CITY OF HOLDFAST BAY",2,1,0,1,0,2022,"December","Friday","05:58 pm",50,"Sealed","Dry","Not Raining","Daylight","Hit Fixed Object",1,,,1320801.28,1660463.48
"2022-36987-19/09/2025","POORAKA","CITY OF SALISBURY",2,1,0,0,1,2022,"December","Friday","09:34 pm",70,"Sealed","Dry","Not Raining","Night","Side Swipe",1,,,1329903.14,1680974.13
"2022-36990-19/09/2025","ADELAIDE","CITY OF ADELAIDE",1,1,0,0,1,2022,"December","Saturday","09:53 am",50,"Sealed","Dry","Not Raining","Daylight","Roll Over",1,,,1328177.51,1670125.99
"2022-36992-19/09/2025","GLENELG","CITY OF HOLDFAST BAY",2,1,0,0,1,2022,"December","Friday","09:30 am",40,"Sealed","Dry","Not Raining","Daylight","Hit Parked Vehicle",1,,,1320512.77,1664885.94
"2022-36994-19/09/2025","MARREE",,1,1,0,1,0,2022,"December","Wednesday","02:00 pm",100,"Unsealed","Wet","Unknown","Daylight","Roll Over",1,,,1295719.13,2256635.48
"2022-36995-19/09/2025","ADELAIDE","CITY OF ADELAIDE",2,1,0,0,1,2022,"December","Saturday","09:50 am",60,"Sealed","Dry","Not Raining","Daylight","Rear End",2,,,1327901.33,1670963.7
"2022-36996-19/09/2025","BASKET RANGE","THE ADELAIDE HILLS COUNCIL",2,1,0,1,0,2022,"December","Saturday","11:50 am",80,"Sealed","Dry","Not Raining","Daylight","Head On",2,,,1344755.1,1668416.48
"2022-37002-19/09/2025","SOUTH PLYMPTON","CC MARION.",2,1,0,0,1,2022,"December","Saturday","03:30 pm",60,"Sealed","Dry","Not Raining","Daylight","Right Turn",1,,,1324291.75,1664735.62
"2022-37008-19/09/2025","WAPPILKA","LOXTON WAIKERIE DISTRICT COUNCIL",1,1,0,0,1,2022,"December","Saturday","10:10 pm",100,"Unsealed","Dry","Not Raining","Night","Roll Over",1,,,1487909.95,1723046.47
"2022-37019-19/09/2025","ADELAIDE","CITY OF ADELAIDE",2,1,0,0,1,2022,"December","Saturday","02:30 pm",60,"Sealed","Dry","Not Raining","Daylight","Rear End",2,,,1327350.53,1670803.1
"2022-37022-19/09/2025","PUKATJA",,3,1,0,1,0,2022,"December","Saturday","07:30 pm",100,"Sealed","Dry","Not Raining","Daylight","Side Swipe",2,,,713575.61,2630111.08
"2022-37063-19/09/2025","REGENCY PARK","CITY OF PORT ADELAIDE ENFIELD",2,1,0,0,1,2022,"December","Wednesday","08:15 am",60,"Sealed","Dry","Not Raining","Daylight","Rear End",2,,,1326096.44,1676366.69
"2022-37200-19/09/2025","MARION","CC MARION.",2,1,0,0,1,2022,"December","Tuesday","12:00 pm",50,"Sealed","Dry","Not Raining","Daylight","Rear End",2,,,1324366.05,1661874.49
"2022-37498-19/09/2025","PARAFIELD GARDENS","CITY OF SALISBURY",2,1,0,0,1,2022,"December","Wednesday","08:30 pm",50,"Sealed","Dry","Not Raining","Daylight","Right Angle",2,,,1329604.79,1687035.03
"2022-37568-19/09/2025","KYANCUTTA","DC WUDINNA. (DC LE HUNTE.)",2,1,0,0,1,2022,"February","Saturday","12:00 pm",80,"Unsealed","Dry","Not Raining","Daylight","Hit Fixed Object",1,,,1047894.03,1879174.55
"2022-37582-19/09/2025","PENFIELD","CITY OF PLAYFORD.",2,1,0,0,1,2022,"December","Tuesday","03:30 pm",80,"Sealed","Dry","Not Raining","Daylight","Rear End",2,,,1332931.63,1696645.1
"2022-37604-19/09/2025","MAWSON LAKES","CITY OF SALISBURY",2,1,0,0,1,2022,"December","Monday","07:10 am",50,"Sealed","Dry","Not Raining","Daylight","Rear End",2,,,1329613.1,1682767.54
"2022-37641-19/09/2025","MURRAY BRIDGE","RC MURRAY BRIDGE.",2,1,0,0,1,2022,"December","Monday","03:00 pm",50,"Sealed","Dry","Not Raining","Daylight","Right Angle",2,,,1389667.13,1645495.76
"2022-37652-19/09/2025","HILTON","CITY OF WEST TORRENS",2,1,0,0,1,2022,"December","Saturday","03:15 pm",60,"Sealed","Dry","Not Raining","Daylight","Rear End",2,,,1325775.13,1670136.14
"2022-37702-19/09/2025","CLARENCE GARDENS","CC MITCHAM.",1,1,0,0,1,2022,"December","Wednesday","01:30 pm",60,"Sealed","Dry","Not Raining","Daylight","Roll Over",1,,"Y",1325860.87,1666151.31
"2022-37972-19/09/2025","PALLAMANA","RC MURRAY BRIDGE.",2,1,0,1,0,2022,"November","Monday","10:00 pm",100,"Sealed","Dry","Not Raining","Night","Hit Fixed Object",1,,,1383584.95,1656320.5
"2022-38247-19/09/2025","SALISBURY","CITY OF SALISBURY",2,1,0,0,1,2022,"November","Thursday","04:30 pm",60,"Sealed","Dry","Not Raining","Daylight","Rear End",2,,,1333493.66,1688167.89
"2022-38251-19/09/2025","WALKLEY HEIGHTS","CITY OF PORT ADELAIDE ENFIELD",3,1,0,0,1,2022,"August","Sunday","02:30 pm",70,"Sealed","Dry","Not Raining","Daylight","Rear End",2,,,1333311.5,1679336.87
"2022-38611-19/09/2025","GLENSIDE","CITY OF BURNSIDE",2,1,0,0,1,2022,"October","Saturday","07:00 pm",60,"Sealed","Dry","Not Raining","Daylight","Rear End",2,,,1330671.58,1669013.23
"2022-38930-19/09/2025","SEFTON PARK","CITY OF PROSPECT",2,1,0,0,1,2022,"December","Wednesday","05:20 pm",60,"Sealed","Dry","Not Raining","Daylight","Rear End",2,,,1328880.86,1675825.24
"2022-39139-19/09/2025","DAVOREN PARK","CITY OF PLAYFORD.",2,1,0,0,1,2022,"November","Wednesday","09:00 am",50,"Sealed","Dry","Not Raining","Daylight","Rear End",2,,,1336607.16,1697239.33
"2022-39758-19/09/2025","BIRKENHEAD","CITY OF PORT ADELAIDE ENFIELD",2,1,0,0,1,2022,"November","Tuesday","05:20 pm",60,"Sealed","Dry","Not Raining","Daylight","Rear End",2,,,1320304.02,1680648.77
"2022-41203-19/09/2025","DARLINGTON","CITY OF ONKAPARINGA",2,1,0,0,1,2022,"August","Wednesday","06:00 am",60,"Sealed","Wet","Raining","Night","Hit Fixed Object",1,,,1324440.96,1659469.18
"2023-36540-19/09/2025","SMITHFIELD","CITY OF PLAYFORD.",2,1,0,0,1,2023,"June","Monday","07:05 am",80,"Sealed","Wet","Raining","Night","Right Angle",2,,,1337639.53,1696642.01
"2023-37011-19/09/2025","BIRKENHEAD","CITY OF PORT ADELAIDE ENFIELD",2,1,0,0,1,2023,"January","Sunday","01:45 am",60,"Sealed","Dry","Not Raining","Night","Rear End",2,,,1319948.63,1680690.42
"2023-37023-19/09/2025","SURREY DOWNS","CITY OF TEA TREE GULLY",2,2,0,1,1,2023,"January","Sunday","04:33 pm",60,"Sealed","Dry","Not Raining","Daylight","Right Turn",1,,,1338113.9,1683604.7
"2023-37026-19/09/2025","EVERARD PARK","CITY OF UNLEY",2,1,0,0,1,2023,"January","Sunday","06:25 pm",60,"Sealed","Dry","Not Raining","Daylight","Rear End",2,,,1325837.34,1667760.95
"2023-37031-19/09/2025","ROSTREVOR","CC CAMPBELLTOWN.",2,1,1,0,0,2023,"January","Monday","02:30 am",50,"Sealed","Dry","Not Raining","Night","Hit Fixed Object",1,,,1337861.25,1674621.99
"2023-37033-19/09/2025","GLENBURNIE","CC MT.GAMBIER.",2,1,0,0,1,2023,"January","Monday","10:30 am",60,"Sealed","Dry","Not Raining","Daylight","Right Angle",2,,,1512744.18,1338968.43
"2023-37036-19/09/2025","MORPHETT VALE","CITY OF ONKAPARINGA",3,1,0,1,0,2023,"January","Monday","01:08 pm",60,"Sealed","Dry","Not Raining","Daylight","Rear End",1,,,1319615.41,1649824.47
"2023-37037-19/09/2025","MOUNT GAMBIER","CC MT.GAMBIER.",2,1,0,0,1,2023,"January","Monday","11:35 am",50,"Sealed","Dry","Not Raining","Daylight","Right Angle",1,,,1512619.16,1339676.46
"2023-37041-19/09/2025","KUITPO","DC MT.BARKER.",2,3,0,0,3,2023,"January","Monday","02:55 pm",100,"Sealed","Dry","Not Raining","Daylight","Right Angle",1,,,1336589.47,1638443.42
"2023-37042-19/09/2025","WESTBOURNE PARK","CC MITCHAM.",2,1,0,0,1,2023,"January","Monday","02:45 pm",60,"Sealed","Dry","Not Raining","Daylight","Rear End",2,,,1327507.74,1666207.56
"2023-37045-19/09/2025","MILANG","ALEXANDRINA COUNCIL",2,2,0,2,0,2023,"January","Monday","03:50 pm",100,"Sealed","Dry","Not Raining","Daylight","Side Swipe",1,,,1358740.55,1618770.65
"2023-37051-19/09/2025","PARK HOLME","CC MARION.",2,1,0,0,1,2023,"January","Monday","07:01 pm",60,"Sealed","Dry","Not Raining","Daylight","Hit Pedestrian",1,,,1324293.84,1664327.62
"2023-37054-19/09/2025","ADELAIDE","CITY OF ADELAIDE",2,1,0,0,1,2023,"January","Tuesday","04:20 am",50,"Sealed","Dry","Not Raining","Night","Right Turn",1,,,1327930.25,1670331.8
"2023-37056-19/09/2025","MILE END SOUTH","CITY OF WEST TORRENS",3,1,0,0,1,2023,"January","Tuesday","08:00 am",50,"Sealed","Dry","Not Raining","Daylight","Hit Pedestrian",1,,,1325931.96,1669986.63
"2023-37057-19/09/2025","REYNELLA","CC MARION.",2,1,0,0,1,2023,"January","Tuesday","09:11 am",100,"Sealed","Dry","Not Raining","Daylight","Roll Over",1,,,1321634.41,1652808.73
"2023-37060-19/09/2025","EDWARDSTOWN","CC MARION.",2,1,0,0,1,2023,"January","Tuesday","10:45 am",50,"Sealed","Dry","Not Raining","Daylight","Hit Fixed Object",1,,,1325720.43,1664386.48
"2023-37061-19/09/2025","ROYAL PARK","CITY OF CHARLES STURT",5,1,0,0,1,2023,"January","Tuesday","11:15 am",60,"Sealed","Dry","Not Raining","Daylight","Right Angle",1,,,1320681.7,1677608.59
"2023-37062-19/09/2025","SALISBURY HEIGHTS","CITY OF SALISBURY",3,1,0,0,1,2023,"January","Tuesday","07:20 am",80,"Sealed","Dry","Not Raining","Daylight","Side Swipe",1,,,1335626.1,1688348.68
"2023-37065-19/09/2025","MURRAY BRIDGE","RC MURRAY BRIDGE.",2,1,0,0,1,2023,"January","Tuesday","12:25 pm",50,"Sealed","Dry","Not Raining","Daylight","Rear End",2,,,1389617.25,1645745.68
"2023-37066-19/09/2025","MANNUM","MID MURRAY DISTRICT COUNCIL",2,2,0,0,2,2023,"January","Tuesday","12:20 pm",50,"Sealed","Dry","Not Raining","Daylight","Right Angle",2,,,1392654.23,1669524.59
"2023-37068-19/09/2025","WOODVILLE PARK","CITY OF CHARLES STURT",2,1,0,0,1,2023,"January","Tuesday","12:00 pm",60,"Sealed","Dry","Not Raining","Daylight","Right Turn",1,,,1323610.09,1675074.42
"2023-37070-19/09/2025","GOLDEN GROVE","CITY OF TEA TREE GULLY",2,1,0,0,1,2023,"January","Tuesday","02:29 pm",60,"Sealed","Dry","Not Raining","Daylight","Right Turn",1,,,1337574.11,1685175.27
"2023-37074-19/09/2025","PARSONS BEACH","YORKE PENINSULA COUNCIL",2,1,0,0,1,2023,"January","Tuesday","12:00 pm",100,"Unsealed","Dry","Not Raining","Daylight","Hit Fixed Object",1,,,1226570.15,1692879.95
"2023-37076-19/09/2025","URRBRAE","CC MITCHAM.",2,1,0,0,1,2023,"January","Tuesday","03:42 pm",60,"Sealed","Dry","Not Raining","Daylight","Rear End",2,,,1332442.29,1666317.13
"2023-37083-19/09/2025","PARALOWIE","CITY OF SALISBURY",2,1,0,0,1,2023,"January","Tuesday","08:34 pm",50,"Sealed","Dry","Not Raining","Night","Hit Fixed Object",1,,,1330736.43,1689675.31
"2023-37086-19/09/2025","HALLETT COVE","CC MARION.",1,1,0,0,1,2023,"January","Tuesday","09:10 am",60,"Sealed","Dry","Not Raining","Daylight","Roll Over",1,,,1319332.75,1653953.42
"2023-37089-19/09/2025","INGLE FARM","CITY OF SALISBURY",2,1,0,0,1,2023,"January","Wednesday","09:10 am",70,"Sealed","Dry","Not Raining","Daylight","Right Angle",2,,,1332599.08,1681609.28
"2023-37090-19/09/2025","HAMLEY BRIDGE","WAKEFIELD REGIONAL COUNCIL",2,1,0,0,1,2023,"January","Tuesday","03:30 pm",100,"Sealed","Dry","Not Raining","Daylight","Roll Over",1,,,1337513.35,1734489.95
"2023-37095-19/09/2025","VIVONNE BAY","KANGAROO ISLAND COUNCIL",2,2,0,0,2,2023,"January","Wednesday","10:05 am",110,"Sealed","Dry","Not Raining","Daylight","Hit Fixed Object",1,,,1202321.93,1561280.06
"2023-37098-19/09/2025","INGLE FARM","CITY OF SALISBURY",2,1,0,0,1,2023,"January","Wednesday","01:10 pm",60,"Sealed","Dry","Not Raining","Daylight","Side Swipe",2,,,1334499.5,1681135.42
"2023-37099-19/09/2025","GLYNDE","CC OF NORWOOD,PAYNEHAM & ST PETERS",2,1,0,0,1,2023,"January","Wednesday","03:24 pm",60,"Sealed","Dry","Not Raining","Daylight","Hit Fixed Object",1,,,1332947.96,1674142.27
"2023-37101-19/09/2025","UNDERDALE","CITY OF WEST TORRENS",2,1,0,0,1,2023,"January","Wednesday","01:40 pm",60,"Sealed","Dry","Not Raining","Daylight","Rear End",2,,,1323851.85,1670942.12
"2023-37110-19/09/2025","CHRISTIES BEACH","CITY OF ONKAPARINGA",2,1,0,1,0,2023,"January","Wednesday","07:00 pm",50,"Sealed","Dry","Not Raining","Daylight","Side Swipe",2,,,1316859.93,1647408.79
"2023-37113-19/09/2025","SEDDON","KANGAROO ISLAND COUNCIL",2,1,0,1,0,2023,"January","Wednesday","10:20 pm",100,"Unsealed","Dry","Not Raining","Night","Hit Fixed Object",1,"Y","Y",1206472.22,1566686.93
"2023-37115-19/09/2025","HINDMARSH","CITY OF CHARLES STURT",2,1,0,0,1,2023,"January","Thursday","07:15 am",60,"Sealed","Dry","Not Raining","Daylight","Hit Fixed Object",1,,,1326432.45,1672642.16
"2023-37119-19/09/2025","ELIZABETH NORTH","CITY OF PLAYFORD.",3,1,0,0,1,2023,"January","Thursday","11:10 am",50,"Sealed","Dry","Not Raining","Daylight","Hit Fixed Object",1,,,1336337.69,1695282.03
"2023-37124-19/09/2025","KILKENNY","CITY OF CHARLES STURT",2,1,0,0,1,2023,"January","Wednesday","01:05 pm",50,"Sealed","Dry","Not Raining","Daylight","Right Angle",2,,,1324308.39,1676403.71
"2023-37126-19/09/2025","ELIZABETH EAST","CITY OF PLAYFORD.",2,1,0,1,0,2023,"January","Thursday","01:10 pm",80,"Sealed","Dry","Not Raining","Daylight","Right Turn",1,,,1336146.35,1691544.42
"2023-37130-19/09/2025","OAKDEN","CITY OF PORT ADELAIDE ENFIELD",2,1,0,0,1,2023,"January","Thursday","03:00 pm",50,"Sealed","Dry","Not Raining","Daylight","Right Angle",1,,,1332044.89,1678084.03