"REPORT_ID","Suburb","LGA Name","Total Units","Total Cas","Total Fats","Total SI","Total MI","Year","Month","Day","Time","Area Speed","Road Surface","Moisture Cond","Weather Cond","DayNight","Crash Type","Unit Resp","DUI Involved","Drugs Involved","ACCLOC_X","ACCLOC_Y"
"2023-37132-19/09/2025","STURT","CC MARION.",2,1,0,0,1,2023,"January","Thursday","03:52 pm",100,"Sealed","Dry","Not Raining","Daylight","Rear End",1,,,1324166.2,1659500.56
"2023-37134-19/09/2025","PARALOWIE","CITY OF SALISBURY",2,1,0,0,1,2023,"January","Thursday","03:10 pm",60,"Sealed","Dry","Not Raining","Daylight","Head On",1,,,1329468.85,1689865.32
"2023-37137-19/09/2025","MEDINDIE","WALKERVILLE TOWN COUNCIL",3,1,0,0,1,2023,"January","Thursday","05:38 pm",60,"Sealed","Dry","Not Raining","Daylight","Rear End",2,,,1329416.92,1674241.82
"2023-37144-19/09/2025","WILLUNGA","CITY OF ONKAPARINGA",1,1,0,0,1,2023,"January","Thursday","08:05 pm",100,"Sealed","Dry","Not Raining","Daylight","Roll Over",1,,,1323955.27,1631336.09
"2023-37146-19/09/2025","HOLDEN HILL","CITY OF TEA TREE GULLY",2,1,0,0,1,2023,"January","Thursday","10:06 pm",60,"Sealed","Dry","Not Raining","Night","Hit Pedestrian",2,,,1334713.27,1678543.84
"2023-37147-19/09/2025","ADELAIDE","CITY OF ADELAIDE",2,1,0,0,1,2023,"January","Friday","08:05 am",50,"Sealed","Dry","Not Raining","Daylight","Hit Pedestrian",1,,,1328133,1670661.13
"2023-37149-19/09/2025","ROYSTON PARK","CC OF NORWOOD,PAYNEHAM & ST PETERS",3,1,0,0,1,2023,"January","Friday","09:45 am",60,"Sealed","Dry","Not Raining","Daylight","Rear End",1,,,1331919.41,1673476
"2023-37150-19/09/2025","PARINGA","DC RENMARK PARINGA",2,1,0,0,1,2023,"January","Friday","10:58 am",60,"Sealed","Dry","Not Raining","Daylight","Right Angle",1,,,1531933.32,1744380.66
"2023-37152-19/09/2025","BEAUMONT","CITY OF BURNSIDE",2,1,0,0,1,2023,"January","Thursday","12:00 pm",50,"Sealed","Dry","Not Raining","Daylight","Right Angle",2,,,1333184.09,1667441.29
"2023-37160-19/09/2025","FLINDERS PARK","CITY OF CHARLES STURT",2,1,0,0,1,2023,"January","Friday","03:11 pm",50,"Sealed","Dry","Not Raining","Daylight","Side Swipe",1,,,1323333.99,1672860.34
"2023-37163-19/09/2025","PROSPECT","CITY OF PROSPECT",2,1,0,0,1,2023,"January","Friday","02:50 pm",60,"Sealed","Dry","Not Raining","Daylight","Rear End",2,,,1327271.96,1674889.13
"2023-37164-19/09/2025","NORWOOD","CC OF NORWOOD,PAYNEHAM & ST PETERS",2,1,0,0,1,2023,"January","Friday","11:30 am",50,"Sealed","Dry","Not Raining","Daylight","Right Angle",2,,,1331011.5,1671661.84
"2023-37165-19/09/2025","ELIZABETH PARK","CITY OF PLAYFORD.",2,1,0,0,1,2023,"January","Friday","03:14 pm",80,"Sealed","Dry","Not Raining","Daylight","Right Angle",1,,,1336500.9,1694621.89
"2023-37169-19/09/2025","MUNNO PARA","CITY OF PLAYFORD.",3,1,0,0,1,2023,"January","Friday","03:00 pm",80,"Sealed","Dry","Not Raining","Daylight","Rear End",2,,,1338239.05,1697762.5
"2023-37176-19/09/2025","KLEMZIG","CITY OF PORT ADELAIDE ENFIELD",2,1,0,0,1,2023,"January","Friday","05:45 pm",60,"Sealed","Dry","Not Raining","Daylight","Right Turn",1,,,1331594.28,1676179.97
"2023-37178-19/09/2025","ADELAIDE","CITY OF ADELAIDE",2,1,0,0,1,2023,"January","Friday","07:40 pm",50,"Sealed","Dry","Not Raining","Daylight","Hit Pedestrian",1,,,1328160.66,1670338.79
"2023-37179-19/09/2025","MURRAY BRIDGE","RC MURRAY BRIDGE.",2,1,0,1,0,2023,"January","Friday","07:49 pm",50,"Sealed","Dry","Not Raining","Daylight","Hit Pedestrian",2,,,1390148.03,1645351.21
"2023-37180-19/09/2025","ST IVES","DC MT.BARKER.",1,1,0,0,1,2023,"January","Friday","07:21 pm",110,"Sealed","Dry","Not Raining","Daylight","Roll Over",1,,,1364021.89,1648375.1
"2023-37181-19/09/2025","GLENELG NORTH","CITY OF HOLDFAST BAY",2,1,0,0,1,2023,"January","Friday","07:40 pm",50,"Sealed","Dry","Not Raining","Daylight","Rear End",2,,,1320477.48,1665331.32
"2023-37182-19/09/2025","KILBURN","CITY OF PORT ADELAIDE ENFIELD",2,1,1,0,0,2023,"January","Friday","06:34 pm",60,"Sealed","Dry","Not Raining","Daylight","Rear End",1,"Y",,1327218.69,1677314.54
"2023-37185-19/09/2025","MOUNT GAMBIER","CC MT.GAMBIER.",2,1,0,0,1,2023,"January","Friday","08:10 pm",50,"Sealed","Dry","Not Raining","Daylight","Hit Fixed Object",1,,,1512364.57,1339523.08
"2023-37187-19/09/2025","ELIZABETH DOWNS","CITY OF PLAYFORD.",1,1,0,1,0,2023,"January","Saturday","12:08 am",50,"Sealed","Dry","Not Raining","Night","Other",1,,,1338109.31,1695031.33
"2023-37191-19/09/2025","PARATOO","DC OF PETERBOROUGH",2,5,0,2,3,2023,"January","Friday","04:30 pm",110,"Sealed","Dry","Not Raining","Daylight","Hit Fixed Object",1,,,1403954.74,1910390.41
"2023-37192-19/09/2025","CRAIGMORE","CITY OF PLAYFORD.",1,1,0,1,0,2023,"January","Saturday","09:25 am",50,"Sealed","Dry","Not Raining","Daylight","Other",1,,,1338778.66,1696225.79
"2023-37198-19/09/2025","LONSDALE","CITY OF ONKAPARINGA",2,1,0,0,1,2023,"January","Saturday","12:05 pm",80,"Sealed","Dry","Not Raining","Daylight","Hit Object on Road",1,,,1317501.06,1649092.23
"2023-37202-19/09/2025","GREEN PATCH","DC LOWER EYRE PENINSULA",1,1,0,0,1,2023,"January","Friday","05:00 pm",100,"Unsealed","Dry","Not Raining","Daylight","Roll Over",1,,,1069566.78,1711220.04
"2023-37205-19/09/2025","ELIZABETH VALE","CITY OF PLAYFORD.",3,1,0,0,1,2023,"January","Saturday","02:05 pm",80,"Sealed","Dry","Not Raining","Daylight","Rear End",1,,,1336162.73,1690282.12
"2023-37208-19/09/2025","SEMAPHORE PARK","CITY OF CHARLES STURT",2,1,0,0,1,2023,"January","Saturday","05:30 pm",60,"Sealed","Dry","Not Raining","Daylight","Rear End",2,,,1319009.03,1679184.57
"2023-37212-19/09/2025","HINDMARSH VALLEY","DC VICTOR HARBOR.",2,5,1,2,2,2023,"January","Saturday","06:32 pm",100,"Sealed","Dry","Not Raining","Daylight","Head On",1,,,1328885.81,1606424.42
"2023-37213-19/09/2025","FULHAM","CITY OF WEST TORRENS",2,2,0,0,2,2023,"January","Saturday","06:48 pm",60,"Sealed","Dry","Not Raining","Daylight","Rear End",1,,,1320990.35,1670844.64
"2023-37216-19/09/2025","HOPE VALLEY","CITY OF TEA TREE GULLY",2,1,1,0,0,2023,"January","Saturday","11:45 pm",50,"Sealed","Dry","Not Raining","Night","Hit Fixed Object",1,"Y",,1338190.21,1679762.08
"2023-37217-19/09/2025","LOXTON NORTH","LOXTON WAIKERIE DISTRICT COUNCIL",2,4,0,2,2,2023,"January","Saturday","11:07 pm",110,"Sealed","Dry","Not Raining","Night","Right Angle",1,,,1513884.59,1721282.72
"2023-37219-19/09/2025","TUNGKILLO","MID MURRAY DISTRICT COUNCIL",1,1,0,0,1,2023,"January","Sunday","08:32 am",80,"Sealed","Dry","Not Raining","Daylight","Roll Over",1,,,1370614.97,1681954.29
"2023-37220-19/09/2025","FITZROY","CITY OF PROSPECT",2,1,0,1,0,2023,"January","Sunday","09:20 am",50,"Sealed","Dry","Not Raining","Daylight","Hit Fixed Object",1,,"Y",1327712.35,1673987.66
"2023-37228-19/09/2025","PORT RICKABY","YORKE PENINSULA COUNCIL",2,1,0,1,0,2023,"January","Sunday","12:25 pm",100,"Unsealed","Dry","Not Raining","Daylight","Hit Fixed Object",1,,,1229328.98,1699268.15
"2023-37232-19/09/2025","WOODVILLE NORTH","CITY OF CHARLES STURT",2,1,0,0,1,2023,"January","Saturday","07:30 pm",40,"Sealed","Dry","Not Raining","Daylight","Hit Pedestrian",2,,,1323401.87,1677923.5
"2023-37233-19/09/2025","SALISBURY NORTH","CITY OF SALISBURY",2,1,0,0,1,2023,"January","Sunday","04:50 pm",50,"Sealed","Dry","Not Raining","Daylight","Hit Parked Vehicle",1,,,1332360.9,1689242.87
"2023-37239-19/09/2025","ELIZABETH NORTH","CITY OF PLAYFORD.",2,1,0,0,1,2023,"January","Monday","04:10 am",50,"Sealed","Dry","Not Raining","Night","Hit Pedestrian",1,,,1335857.04,1694911.46
"2023-37241-19/09/2025","ADELAIDE","CITY OF ADELAIDE",2,1,0,1,0,2023,"January","Monday","07:00 am",50,"Sealed","Dry","Not Raining","Daylight","Right Turn",2,,,1328488.67,1670516.95
"2023-37242-19/09/2025","ADELAIDE","CITY OF ADELAIDE",2,1,0,0,1,2023,"January","Monday","07:55 am",60,"Sealed","Dry","Not Raining","Daylight","Side Swipe",1,,,1327360.79,1670440.1
"2023-37243-19/09/2025","GLYNDE","CC OF NORWOOD,PAYNEHAM & ST PETERS",2,1,0,0,1,2023,"January","Monday","08:27 am",60,"Sealed","Dry","Not Raining","Daylight","Side Swipe",1,,,1333487.63,1674381.92
"2023-37244-19/09/2025","MUNNO PARA","CITY OF PLAYFORD.",2,3,0,3,0,2023,"January","Monday","08:08 am",60,"Sealed","Dry","Not Raining","Daylight","Right Turn",2,,,1336690.92,1698532.16
"2023-37246-19/09/2025","GLENELG SOUTH","CITY OF HOLDFAST BAY",2,1,0,0,1,2023,"January","Monday","09:23 am",50,"Sealed","Dry","Not Raining","Daylight","Hit Fixed Object",1,,,1320924.1,1664344.09
"2023-37250-19/09/2025","MOUNT GAMBIER","CC MT.GAMBIER.",2,1,0,0,1,2023,"January","Monday","10:10 am",50,"Sealed","Dry","Not Raining","Daylight","Hit Parked Vehicle",1,,,1510976.38,1339887.33
"2023-37258-19/09/2025","HOPE VALLEY","CITY OF TEA TREE GULLY",2,1,0,0,1,2023,"January","Monday","04:05 pm",60,"Sealed","Dry","Not Raining","Daylight","Right Angle",1,,,1338490.16,1679538.76
"2023-37261-19/09/2025","THORNGATE","CITY OF PROSPECT",2,1,0,0,1,2023,"January","Monday","04:50 pm",60,"Sealed","Dry","Not Raining","Daylight","Right Turn",1,,,1328116.31,1673675.73
"2023-37269-19/09/2025","CHARLESTON","THE ADELAIDE HILLS COUNCIL",3,1,0,1,0,2023,"January","Monday","08:10 pm",60,"Sealed","Dry","Not Raining","Daylight","Hit Fixed Object",1,,,1356321.22,1671122.84
"2023-37276-19/09/2025","FORESTVILLE","CITY OF UNLEY",3,2,0,2,0,2023,"January","Tuesday","09:20 am",60,"Sealed","Dry","Not Raining","Daylight","Rear End",1,,,1326305.83,1668158.5
"2023-37278-19/09/2025","BEDFORD PARK","CC MARION.",5,1,0,0,1,2023,"January","Tuesday","09:32 am",70,"Sealed","Dry","Not Raining","Daylight","Hit Parked Vehicle",1,,,1325120.33,1660438.29
"2023-37279-19/09/2025","WILLYAROO","ALEXANDRINA COUNCIL",2,1,0,0,1,2023,"January","Monday","05:00 pm",50,"Sealed","Dry","Not Raining","Daylight","Right Angle",2,,,1356103.03,1631595.63
"2023-37281-19/09/2025","MCLAREN VALE","CITY OF ONKAPARINGA",3,2,0,0,2,2023,"January","Tuesday","10:29 am",80,"Sealed","Dry","Not Raining","Daylight","Head On",2,,,1319596.43,1640902.84
"2023-37282-19/09/2025","HENLEY BEACH SOUTH","CITY OF CHARLES STURT",2,1,0,0,1,2023,"January","Tuesday","09:45 am",50,"Sealed","Dry","Not Raining","Daylight","Right Angle",1,,,1319021.26,1671008.21
"2023-37293-19/09/2025","EDWARDSTOWN","CC MARION.",2,1,0,1,0,2023,"January","Tuesday","02:23 pm",50,"Sealed","Dry","Not Raining","Daylight","Right Angle",1,,"Y",1325667.5,1665741.91
"2023-37294-19/09/2025","BRIGHTON","CITY OF HOLDFAST BAY",2,1,0,0,1,2023,"January","Tuesday","10:10 am",50,"Sealed","Dry","Not Raining","Daylight","Right Turn",1,,,1320810.51,1661125.04
"2023-37301-19/09/2025","WARRADALE","CC MARION.",2,1,0,0,1,2023,"January","Tuesday","04:00 pm",60,"Sealed","Dry","Not Raining","Daylight","Rear End",2,,,1321899.38,1663030.85
"2023-37303-19/09/2025","STURT","CC MARION.",2,1,0,0,1,2023,"January","Tuesday","04:35 pm",60,"Sealed","Dry","Not Raining","Daylight","Rear End",2,,,1324100,1659437.16
"2023-37304-19/09/2025","MUNNO PARA","CITY OF PLAYFORD.",3,1,0,1,0,2023,"January","Tuesday","05:06 pm",80,"Sealed","Dry","Not Raining","Daylight","Rear End",1,"Y",,1338210.83,1697712.55
"2023-37306-19/09/2025","COWANDILLA","CITY OF WEST TORRENS",1,1,0,1,0,2023,"January","Tuesday","05:45 pm",60,"Sealed","Dry","Not Raining","Daylight","Roll Over",1,"Y",,1324412.47,1670047.72
"2023-37311-19/09/2025","NORWOOD","CC OF NORWOOD,PAYNEHAM & ST PETERS",3,1,0,0,1,2023,"January","Tuesday","09:00 pm",50,"Sealed","Dry","Not Raining","Night","Rear End",1,,,1331608.44,1671072.42
"2023-37314-19/09/2025","LIGHTSVIEW","CITY OF PORT ADELAIDE ENFIELD",2,1,0,1,0,2023,"January","Wednesday","05:45 am",60,"Sealed","Dry","Not Raining","Night","Right Angle",1,,,1330422.53,1677555.38
"2023-37315-19/09/2025","MORPHETT VALE","CITY OF ONKAPARINGA",2,1,0,1,0,2023,"January","Wednesday","07:00 am",60,"Sealed","Dry","Not Raining","Daylight","Right Turn",1,,,1320740.69,1651011.75
"2023-37316-19/09/2025","STANSBURY","YORKE PENINSULA COUNCIL",2,1,0,0,1,2023,"January","Wednesday","08:00 am",50,"Sealed","Dry","Not Raining","Daylight","Hit Fixed Object",1,,,1255280.88,1674752.57
"2023-37317-19/09/2025","MITCHELL PARK","CC MARION.",2,1,0,0,1,2023,"January","Wednesday","08:28 am",60,"Sealed","Dry","Not Raining","Daylight","Hit Fixed Object",1,,,1324395.61,1661199.53
"2023-37320-19/09/2025","CAMPBELLTOWN","CC CAMPBELLTOWN.",2,1,0,0,1,2023,"January","Wednesday","09:40 am",60,"Sealed","Dry","Not Raining","Daylight","Right Turn",2,,,1334201.44,1675244.18
"2023-37328-19/09/2025","SEACLIFF PARK","CITY OF HOLDFAST BAY",2,1,0,0,1,2023,"January","Wednesday","10:52 am",60,"Sealed","Dry","Not Raining","Daylight","Hit Fixed Object",1,,,1321181.71,1659222.28
"2023-37329-19/09/2025","BLAKEVIEW","CITY OF PLAYFORD.",2,1,0,0,1,2023,"January","Wednesday","11:00 am",50,"Sealed","Dry","Not Raining","Daylight","Hit Pedestrian",2,,,1338803.94,1697403.77
"2023-37340-19/09/2025","O'HALLORAN HILL","CITY OF ONKAPARINGA",2,1,1,0,0,2023,"January","Wednesday","02:59 pm",50,"Sealed","Dry","Not Raining","Daylight","Hit Fixed Object",1,,,1323849.07,1654922.73
"2023-37346-19/09/2025","ELIZABETH GROVE","CITY OF PLAYFORD.",3,1,0,0,1,2023,"January","Wednesday","06:18 pm",80,"Sealed","Dry","Not Raining","Daylight","Rear End",2,,,1336080.31,1692236.44
"2023-37351-19/09/2025","WEST RICHMOND","CITY OF WEST TORRENS",2,1,0,0,1,2023,"January","Wednesday","04:45 pm",60,"Sealed","Dry","Not Raining","Daylight","Right Angle",1,,,1324163.42,1669062.17
"2023-37354-19/09/2025","SEAFORD","CITY OF ONKAPARINGA",2,1,0,0,1,2023,"January","Wednesday","09:00 pm",70,"Sealed","Dry","Not Raining","Night","Rear End",2,,,1316369.4,1642135.69
"2023-37355-19/09/2025","MIDDLE RIVER","KANGAROO ISLAND COUNCIL",2,1,0,1,0,2023,"January","Wednesday","06:10 pm",20,"Unsealed","Dry","Not Raining","Daylight","Hit Pedestrian",1,,,1187570.37,1592172.64
"2023-37360-19/09/2025","WALKLEY HEIGHTS","CITY OF SALISBURY",2,1,0,0,1,2023,"January","Thursday","06:36 am",70,"Sealed","Dry","Not Raining","Daylight","Rear End",2,,,1332994.16,1680294.54
"2023-37361-19/09/2025","BROOKLYN PARK","CITY OF WEST TORRENS",2,1,0,1,0,2023,"January","Thursday","08:25 am",60,"Sealed","Dry","Not Raining","Daylight","Right Turn",2,,"Y",1324123.03,1670938.82
"2023-37370-19/09/2025","ADELAIDE","CITY OF ADELAIDE",2,1,0,1,0,2023,"January","Wednesday","09:00 pm",50,"Sealed","Dry","Not Raining","Night","Hit Pedestrian",2,,,1328462.98,1671245.47
"2023-37371-19/09/2025","WATERLOO CORNER","CITY OF PLAYFORD.",2,1,0,0,1,2023,"January","Wednesday","01:53 pm",110,"Sealed","Dry","Not Raining","Daylight","Side Swipe",2,,,1325828.69,1697102.38
"2023-37374-19/09/2025","WEST BEACH","CITY OF WEST TORRENS",4,1,0,1,0,2023,"January","Thursday","12:30 pm",80,"Sealed","Dry","Not Raining","Daylight","Hit Fixed Object",1,,,1320950.99,1668059.62
"2023-37377-19/09/2025","HAMLEY BRIDGE","WAKEFIELD REGIONAL COUNCIL",1,3,0,0,3,2023,"January","Thursday","01:20 pm",100,"Sealed","Dry","Not Raining","Daylight","Roll Over",1,,"Y",1336955.34,1736888.74
"2023-37378-19/09/2025","WOODVILLE WEST","CITY OF CHARLES STURT",2,1,0,0,1,2023,"January","Thursday","02:15 pm",60,"Sealed","Dry","Not Raining","Daylight","Right Angle",2,,,1322363.52,1675180.31
"2023-37380-19/09/2025","MERRITON","PT.PIRIE CITY & DIST. COUNCIL",3,1,0,0,1,2023,"January","Thursday","01:30 pm",110,"Sealed","Dry","Not Raining","Daylight","Roll Over",1,,,1292748.47,1835451.2
"2023-37381-19/09/2025","NORTH HAVEN","CITY OF PORT ADELAIDE ENFIELD",2,1,0,0,1,2023,"January","Thursday","06:30 am",60,"Sealed","Dry","Not Raining","Daylight","Side Swipe",2,,,1318609.3,1686930.75
"2023-37384-19/09/2025","NORTH BRIGHTON","CITY OF HOLDFAST BAY",3,1,0,0,1,2023,"January","Thursday","04:15 pm",50,"Sealed","Dry","Not Raining","Daylight","Hit Fixed Object",1,,,1320979.66,1662189.91
"2023-37393-19/09/2025","YUMALI","COORONG DISTRICT COUNCIL",2,1,0,0,1,2023,"January","Thursday","03:30 pm",100,"Unsealed","Dry","Not Raining","Daylight","Hit Fixed Object",1,,,1425074.13,1599126.52
"2023-37394-19/09/2025","WASHPOOL","NORTHERN AREAS DISTRICT COUNCIL",1,1,0,0,1,2023,"January","Friday","05:45 am",100,"Sealed","Dry","Not Raining","Night","Roll Over",1,,,1333351.17,1843964.66
"2023-37397-19/09/2025","INGLE FARM","CITY OF SALISBURY",2,1,0,0,1,2023,"January","Thursday","07:13 pm",60,"Sealed","Dry","Not Raining","Daylight","Rear End",1,,,1332124.43,1681793.89
"2023-37401-19/09/2025","MURRAY BRIDGE SOUTH","RC MURRAY BRIDGE.",2,1,0,0,1,2023,"January","Friday","09:55 am",80,"Sealed","Dry","Not Raining","Daylight","Right Angle",1,,,1390361.95,1643041.07
"2023-37402-19/09/2025","ADELAIDE","CITY OF ADELAIDE",2,1,0,0,1,2023,"January","Friday","09:55 am",50,"Sealed","Dry","Not Raining","Daylight","Rear End",2,,,1327513.63,1671106.89
"2023-37404-19/09/2025","WOODVILLE SOUTH","CITY OF CHARLES STURT",3,1,0,0,1,2023,"January","Friday","08:00 am",60,"Sealed","Dry","Not Raining","Daylight","Rear End",1,,,1322566.63,1675973.15
"2023-37405-19/09/2025","GAWLER EAST","CT GAWLER.",2,3,0,1,2,2023,"January","Friday","10:40 am",50,"Sealed","Dry","Not Raining","Daylight","Right Angle",2,,,1343947.85,1706100.09
"2023-37419-19/09/2025","THEBARTON","CITY OF WEST TORRENS",2,1,0,0,1,2023,"January","Friday","04:02 pm",60,"Sealed","Dry","Not Raining","Daylight","Rear End",2,,,1326519.96,1672209.6
"2023-37425-19/09/2025","STEPNEY","CC OF NORWOOD,PAYNEHAM & ST PETERS",2,1,0,0,1,2023,"January","Wednesday","03:00 pm",60,"Sealed","Dry","Not Raining","Daylight","Rear End",1,,,1330827.41,1672018.27
"2023-37427-19/09/2025","ELIZABETH","CITY OF PLAYFORD.",2,3,0,0,3,2023,"January","Friday","05:40 pm",60,"Sealed","Dry","Not Raining","Daylight","Right Turn",2,,,1335570.41,1693051.39
"2023-37429-19/09/2025","GLENELG","CITY OF HOLDFAST BAY",2,1,0,0,1,2023,"January","Friday","08:17 pm",50,"Sealed","Dry","Not Raining","Daylight","Right Angle",1,,,1320791.35,1665095.28
"2023-37431-19/09/2025","HECTORVILLE","CC CAMPBELLTOWN.",5,1,0,1,0,2023,"January","Friday","09:20 pm",60,"Sealed","Dry","Not Raining","Night","Hit Parked Vehicle",1,"Y","Y",1334175.65,1674181.61
"2023-37434-19/09/2025","HAYBOROUGH","DC VICTOR HARBOR.",2,1,0,1,0,2023,"January","Saturday","02:52 am",60,"Sealed","Dry","Not Raining","Night","Hit Fixed Object",1,"Y",,1329785.19,1602887.87
"2023-37435-19/09/2025","PARKSIDE","CITY OF UNLEY",2,1,0,0,1,2023,"January","Saturday","07:00 am",60,"Sealed","Dry","Not Raining","Daylight","Hit Pedestrian",2,,,1329057.06,1668981.6
"2023-37436-19/09/2025","GOULD CREEK","CITY OF PLAYFORD.",2,1,0,0,1,2023,"January","Saturday","06:30 am",100,"Sealed","Dry","Not Raining","Daylight","Hit Fixed Object",1,,,1338338.56,1690525.4
"2023-37437-19/09/2025","NORWOOD","CC OF NORWOOD,PAYNEHAM & ST PETERS",2,1,0,1,0,2023,"January","Friday","11:20 am",60,"Sealed","Dry","Not Raining","Daylight","Side Swipe",2,,,1331834.28,1671751.17
"2023-37438-19/09/2025","SALISBURY PLAIN","CITY OF SALISBURY",2,2,0,0,2,2023,"January","Saturday","10:22 am",80,"Sealed","Dry","Not Raining","Daylight","Right Angle",1,,,1334701.93,1687209.78
"2023-37441-19/09/2025","LONSDALE","CITY OF ONKAPARINGA",3,3,0,0,3,2023,"January","Saturday","11:00 am",100,"Sealed","Dry","Not Raining","Daylight","Rear End",2,,,1319548.04,1650337.9
"2023-37442-19/09/2025","KADINA","COPPER COAST DISTRICT COUNCIL",2,1,0,1,0,2023,"January","Saturday","10:40 am",60,"Sealed","Dry","Not Raining","Daylight","Side Swipe",1,,,1249466.35,1779776.45
"2023-37446-19/09/2025","PARK HOLME","CC MARION.",2,1,0,1,0,2023,"January","Thursday","12:40 pm",60,"Sealed","Dry","Not Raining","Daylight","Hit Pedestrian",2,,,1324292.25,1664381.24
"2023-37447-19/09/2025","WARRADALE","CC MARION.",2,1,0,1,0,2023,"January","Saturday","11:00 am",50,"Sealed","Dry","Not Raining","Daylight","Hit Parked Vehicle",1,,,1322484.74,1660850.44
"2023-37448-19/09/2025","CROYDON PARK","CITY OF PORT ADELAIDE ENFIELD",2,1,0,1,0,2023,"January","Saturday","01:10 pm",50,"Sealed","Dry","Not Raining","Daylight","Right Angle",1,,,1325610.39,1676204.45
"2023-37453-19/09/2025","PARA HILLS WEST","CITY OF SALISBURY",2,2,0,0,2,2023,"January","Saturday","04:30 pm",60,"Sealed","Dry","Not Raining","Daylight","Right Angle",2,,,1333434.52,1683702.92
"2023-37456-19/09/2025","BLANCHETOWN","MID MURRAY DISTRICT COUNCIL",1,1,0,0,1,2023,"January","Saturday","04:05 pm",100,"Unsealed","Dry","Not Raining","Daylight","Roll Over",1,,,1424536.72,1738547.68
"2023-37457-19/09/2025","GLENELG SOUTH","CITY OF HOLDFAST BAY",1,1,0,0,1,2023,"January","Saturday","07:00 pm",50,"Sealed","Dry","Not Raining","Daylight","Roll Over",1,"Y",,1320398.15,1664002.19
"2023-37458-19/09/2025","MCLAREN VALE","CITY OF ONKAPARINGA",2,1,0,1,0,2023,"January","Saturday","03:45 pm",80,"Sealed","Dry","Not Raining","Daylight","Right Angle",2,,,1322188.53,1641792.06
"2023-37463-19/09/2025","STRATHALBYN","ALEXANDRINA COUNCIL",2,1,0,0,1,2023,"January","Sunday","12:20 pm",50,"Sealed","Dry","Not Raining","Daylight","Side Swipe",1,,,1353434.66,1632938.65
"2023-37466-19/09/2025","GEORGETOWN","NORTHERN AREAS DISTRICT COUNCIL",2,2,0,1,1,2023,"January","Sunday","11:30 am",110,"Sealed","Dry","Not Raining","Daylight","Hit Fixed Object",1,,,1316288.45,1841598.18
"2023-37468-19/09/2025","KYANCUTTA","DC WUDINNA. (DC LE HUNTE.)",2,4,0,0,4,2023,"January","Sunday","02:50 pm",80,"Sealed","Dry","Not Raining","Daylight","Right Angle",1,,,1051801.6,1874041.25
"2023-37469-19/09/2025","GLEN OSMOND","CITY OF BURNSIDE",3,1,1,0,0,2023,"January","Sunday","10:25 am",60,"Sealed","Dry","Not Raining","Daylight","Right Turn",1,,,1332367.05,1667091.88
"2023-37471-19/09/2025","COROMANDEL VALLEY","CITY OF ONKAPARINGA",2,1,0,0,1,2023,"January","Sunday","12:30 pm",60,"Sealed","Dry","Not Raining","Daylight","Right Angle",1,,,1329907.28,1657159.77
"2023-37473-19/09/2025","PARKSIDE","CITY OF UNLEY",2,1,0,0,1,2023,"January","Sunday","05:17 pm",60,"Sealed","Dry","Not Raining","Daylight","Right Turn",2,,,1329872.59,1668983.84
"2023-37483-19/09/2025","KLEMZIG","CITY OF PORT ADELAIDE ENFIELD",5,2,0,0,2,2023,"January","Monday","08:41 am",50,"Sealed","Dry","Not Raining","Daylight","Right Angle",1,,,1331698.18,1675895.98
"2023-37484-19/09/2025","SURREY DOWNS","CITY OF TEA TREE GULLY",2,2,0,0,2,2023,"January","Monday","10:18 am",60,"Sealed","Dry","Not Raining","Daylight","Right Angle",1,,,1339307.64,1683602.35
"2023-37485-19/09/2025","TORRENSVILLE","CITY OF WEST TORRENS",2,1,0,0,1,2023,"January","Sunday","05:00 pm",60,"Sealed","Dry","Not Raining","Daylight","Rear End",2,,,1325416.27,1672003.04
"2023-37488-19/09/2025","KENSINGTON PARK","CITY OF BURNSIDE",3,2,0,0,2,2023,"January","Monday","11:48 am",60,"Sealed","Dry","Not Raining","Daylight","Right Turn",1,,,1333553.63,1671796.7
"2023-37500-19/09/2025","VICTOR HARBOR","DC VICTOR HARBOR.",2,1,0,0,1,2023,"January","Thursday","02:00 pm",60,"Sealed","Dry","Unknown","Daylight","Rear End",1,,,1328506.27,1601669.35
"2023-37505-19/09/2025","HIGHBURY","CITY OF TEA TREE GULLY",2,1,0,0,1,2023,"January","Monday","04:33 pm",60,"Sealed","Dry","Not Raining","Daylight","Rear End",2,,,1338105.31,1678761.91
"2023-37507-19/09/2025","MYLOR","THE ADELAIDE HILLS COUNCIL",2,1,0,1,0,2023,"January","Monday","02:10 pm",80,"Sealed","Dry","Not Raining","Daylight","Head On",2,,,1341834.49,1656325.74
"2023-37509-19/09/2025","GOLDEN GROVE","CITY OF TEA TREE GULLY",2,1,0,0,1,2023,"January","Monday","06:09 pm",50,"Sealed","Dry","Not Raining","Daylight","Right Turn",1,,,1338616.32,1685729.74
"2023-37511-19/09/2025","ST PETERS","CC OF NORWOOD,PAYNEHAM & ST PETERS",2,1,0,1,0,2023,"January","Monday","06:40 pm",60,"Sealed","Dry","Not Raining","Daylight","Right Angle",1,,,1330337.21,1673331.21