"REPORT_ID","Suburb","LGA Name","Total Units","Total Cas","Total Fats","Total SI","Total MI","Year","Month","Day","Time","Area Speed","Road Surface","Moisture Cond","Weather Cond","DayNight","Crash Type","Unit Resp","DUI Involved","Drugs Involved","ACCLOC_X","ACCLOC_Y"
"2023-37513-19/09/2025","SANDY CREEK","THE BAROSSA COUNCIL.",3,2,0,1,1,2023,"January","Monday","06:53 pm",90,"Sealed","Dry","Not Raining","Daylight","Head On",2,"Y","Y",1351364.48,1706074.83
"2023-37517-19/09/2025","HAINES","KANGAROO ISLAND COUNCIL",1,3,0,1,2,2023,"January","Monday","07:40 pm",100,"Unsealed","Dry","Not Raining","Daylight","Roll Over",1,,,1240323.64,1570348.5
"2023-37520-19/09/2025","WALKERVILLE","WALKERVILLE TOWN COUNCIL",2,1,0,1,0,2023,"January","Tuesday","08:01 am",60,"Sealed","Dry","Not Raining","Daylight","Rear End",2,,,1330035.49,1674820.62
"2023-37521-19/09/2025","HINDMARSH VALLEY","DC VICTOR HARBOR.",2,1,0,0,1,2023,"January","Tuesday","06:50 am",100,"Sealed","Dry","Not Raining","Daylight","Hit Fixed Object",1,,,1330979.3,1611022.16
"2023-37522-19/09/2025","RICHMOND","CITY OF WEST TORRENS",3,1,0,0,1,2023,"January","Tuesday","08:40 am",60,"Sealed","Dry","Not Raining","Daylight","Right Turn",2,,,1324996.4,1668933.91
"2023-37524-19/09/2025","OAKDEN","CITY OF PORT ADELAIDE ENFIELD",2,1,0,0,1,2023,"January","Tuesday","08:45 am",60,"Sealed","Dry","Not Raining","Daylight","Right Angle",1,,,1333378.55,1678561.06
"2023-37529-19/09/2025","MOUNT GAMBIER","CC MT.GAMBIER.",2,1,0,0,1,2023,"January","Tuesday","08:46 am",50,"Sealed","Dry","Not Raining","Daylight","Hit Fixed Object",1,,,1510906.81,1339053.92
"2023-37539-19/09/2025","NORTH ADELAIDE","CITY OF ADELAIDE",2,1,0,0,1,2023,"January","Tuesday","04:58 pm",50,"Sealed","Dry","Not Raining","Daylight","Hit Parked Vehicle",1,,,1328597.65,1673354.83
"2023-37543-19/09/2025","PENFIELD","CITY OF PLAYFORD.",1,1,0,0,1,2023,"January","Tuesday","05:20 pm",80,"Sealed","Dry","Not Raining","Daylight","Roll Over",1,,,1329587.28,1697269.69
"2023-37551-19/09/2025","NOARLUNGA CENTRE","CITY OF ONKAPARINGA",2,1,0,1,0,2023,"January","Tuesday","07:29 pm",50,"Sealed","Dry","Not Raining","Daylight","Head On",2,,,1317854.06,1647348.84
"2023-37554-19/09/2025","ELIZABETH NORTH","CITY OF PLAYFORD.",1,1,0,1,0,2023,"January","Wednesday","02:12 am",50,"Sealed","Dry","Not Raining","Night","Roll Over",1,,,1336337.69,1695282.03
"2023-37555-19/09/2025","BRIMBAGO","DC TATIARA.",1,1,0,0,1,2023,"January","Wednesday","01:58 am",110,"Sealed","Dry","Not Raining","Night","Roll Over",1,,,1492959.79,1525423.66
"2023-37561-19/09/2025","GLENELG SOUTH","CITY OF HOLDFAST BAY",3,1,0,1,0,2023,"January","Wednesday","10:30 am",60,"Sealed","Dry","Not Raining","Daylight","Rear End",1,,,1321032.97,1664265.1
"2023-37562-19/09/2025","LINWOOD","LIGHT REGIONAL COUNCIL",2,2,0,0,2,2023,"January","Tuesday","02:00 pm",100,"Unsealed","Dry","Not Raining","Daylight","Right Angle",2,,,1343511.07,1731271.82
"2023-37571-19/09/2025","ONE TREE HILL","CITY OF PLAYFORD.",2,1,0,0,1,2023,"January","Wednesday","06:10 am",80,"Sealed","Dry","Not Raining","Night","Hit Animal",2,,,1344788.79,1693036.09
"2023-37577-19/09/2025","WAIKERIE","LOXTON WAIKERIE DISTRICT COUNCIL",2,2,2,0,0,2023,"January","Wednesday","01:14 pm",100,"Sealed","Dry","Not Raining","Daylight","Head On",1,,,1456964.81,1745851.79
"2023-37578-19/09/2025","ADELAIDE","CITY OF ADELAIDE",2,2,0,2,0,2023,"January","Wednesday","03:56 pm",60,"Sealed","Dry","Not Raining","Daylight","Right Angle",1,,,1327901.33,1670963.7
"2023-37589-19/09/2025","PARACOMBE","CITY OF TEA TREE GULLY",2,1,0,0,1,2023,"January","Wednesday","06:14 pm",80,"Sealed","Dry","Not Raining","Daylight","Hit Fixed Object",1,,,1341920.14,1679597.34
"2023-37590-19/09/2025","WILLUNGA HILL","ALEXANDRINA COUNCIL",2,1,0,0,1,2023,"January","Wednesday","08:10 pm",100,"Sealed","Dry","Not Raining","Daylight","Right Angle",1,,,1325443.37,1629605.5
"2023-37599-19/09/2025","GLENELG","CITY OF HOLDFAST BAY",1,1,0,0,1,2023,"January","Thursday","08:56 am",40,"Sealed","Dry","Not Raining","Daylight","Roll Over",1,,,1320747.15,1664892.55
"2023-37600-19/09/2025","BERRI","THE BERRI BARMERA COUNCIL",1,1,0,1,0,2023,"January","Sunday","12:00 pm",60,"Unsealed","Dry","Not Raining","Daylight","Roll Over",1,,,1515812.56,1733794.2
"2023-37617-19/09/2025","NEWTON","CC CAMPBELLTOWN.",2,1,0,0,1,2023,"January","Thursday","04:00 pm",60,"Sealed","Dry","Not Raining","Daylight","Rear End",2,,,1335408.33,1674588.17
"2023-37618-19/09/2025","ADELAIDE","CITY OF ADELAIDE",3,2,0,1,1,2023,"January","Thursday","04:07 pm",60,"Sealed","Dry","Not Raining","Daylight","Rear End",1,,,1329884.53,1670392.01
"2023-37622-19/09/2025","MOUNT GAMBIER","CC MT.GAMBIER.",2,1,0,0,1,2023,"January","Thursday","05:25 pm",50,"Sealed","Dry","Not Raining","Daylight","Right Turn",1,,,1509003.69,1339809.68
"2023-37632-19/09/2025","GAWLER EAST","CT GAWLER.",3,5,0,2,3,2023,"January","Thursday","06:40 pm",80,"Sealed","Dry","Not Raining","Daylight","Right Angle",1,,,1345776.04,1706540.78
"2023-37635-19/09/2025","SEAFORD MEADOWS","CITY OF ONKAPARINGA",2,2,0,0,2,2023,"January","Friday","07:45 am",70,"Sealed","Dry","Not Raining","Daylight","Right Turn",1,,,1316352.56,1642778.71
"2023-37636-19/09/2025","BRIGHTON","CITY OF HOLDFAST BAY",2,1,0,0,1,2023,"January","Friday","08:34 am",50,"Sealed","Dry","Not Raining","Daylight","Hit Parked Vehicle",1,,,1320521.06,1660209.89
"2023-37640-19/09/2025","HALLETT COVE","CC MARION.",2,2,0,0,2,2023,"January","Friday","09:50 am",80,"Sealed","Dry","Not Raining","Daylight","Right Turn",1,,,1319752.15,1653443.13
"2023-37642-19/09/2025","BALHANNAH","THE ADELAIDE HILLS COUNCIL",2,1,0,1,0,2023,"January","Friday","09:00 am",50,"Sealed","Dry","Not Raining","Daylight","Hit Fixed Object",1,,,1348861.68,1662788.01
"2023-37643-19/09/2025","KURRALTA PARK","CITY OF WEST TORRENS",2,1,0,0,1,2023,"January","Friday","10:31 am",50,"Sealed","Dry","Not Raining","Daylight","Rear End",2,,,1325728.09,1668152.2
"2023-37650-19/09/2025","SOUTH PLYMPTON","CC MARION.",1,1,0,1,0,2023,"January","Friday","12:20 pm",60,"Sealed","Dry","Not Raining","Daylight","Other",1,,,1324286.99,1664902.75
"2023-37655-19/09/2025","HOLDEN HILL","CITY OF PORT ADELAIDE ENFIELD",2,1,0,0,1,2023,"January","Friday","01:45 pm",60,"Sealed","Dry","Not Raining","Daylight","Rear End",1,,,1334044.98,1678231.67
"2023-37657-19/09/2025","MURRAY BRIDGE","RC MURRAY BRIDGE.",3,1,0,0,1,2023,"January","Friday","01:35 pm",60,"Sealed","Dry","Not Raining","Daylight","Rear End",2,,,1387586.7,1646248.9
"2023-37664-19/09/2025","NORWOOD","CC OF NORWOOD,PAYNEHAM & ST PETERS",2,1,0,0,1,2023,"January","Thursday","08:45 am",50,"Sealed","Dry","Not Raining","Daylight","Right Angle",2,,,1331654.48,1671063.43
"2023-37666-19/09/2025","POORAKA","CITY OF SALISBURY",2,1,0,1,0,2023,"January","Friday","06:40 pm",70,"Sealed","Dry","Not Raining","Daylight","Right Angle",2,,,1330180.44,1681400.45
"2023-37668-19/09/2025","KADINA","COPPER COAST DISTRICT COUNCIL",2,1,0,0,1,2023,"January","Friday","03:35 pm",100,"Sealed","Dry","Not Raining","Daylight","Roll Over",1,,,1253223.37,1781089.08
"2023-37670-19/09/2025","MODBURY HEIGHTS","CITY OF TEA TREE GULLY",2,1,0,0,1,2023,"January","Friday","09:06 pm",50,"Sealed","Dry","Not Raining","Night","Hit Parked Vehicle",1,,,1335452.63,1682864.05
"2023-37677-19/09/2025","BROADVIEW","CITY OF PORT ADELAIDE ENFIELD",2,1,0,0,1,2023,"January","Saturday","07:20 am",60,"Sealed","Dry","Not Raining","Daylight","Right Turn",1,,,1329973.8,1676460.9
"2023-37679-19/09/2025","WEST RICHMOND","CITY OF WEST TORRENS",2,1,0,0,1,2023,"January","Saturday","09:45 am",50,"Sealed","Dry","Not Raining","Daylight","Right Angle",2,,,1323799.27,1669051.68
"2023-37681-19/09/2025","ADELAIDE","CITY OF ADELAIDE",2,1,0,0,1,2023,"January","Sunday","01:00 pm",50,"Sealed","Dry","Not Raining","Daylight","Rear End",2,,,1327859.83,1670803.63
"2023-37684-19/09/2025","GAWLER","CT GAWLER.",2,1,0,0,1,2023,"January","Saturday","02:24 pm",50,"Sealed","Dry","Not Raining","Daylight","Hit Parked Vehicle",1,,,1343359.92,1706457.4
"2023-37685-19/09/2025","BEACHPORT","WATTLE RANGE COUNCIL",2,1,0,0,1,2023,"January","Friday","12:00 pm",60,"Unsealed","Dry","Not Raining","Daylight","Hit Object on Road",1,,,1442699.42,1383005.62
"2023-37689-19/09/2025","RIDGEHAVEN","CITY OF TEA TREE GULLY",4,1,0,0,1,2023,"January","Saturday","04:45 pm",60,"Sealed","Dry","Not Raining","Daylight","Rear End",1,,,1339006.5,1681722.34
"2023-37691-19/09/2025","CROYDON","CITY OF CHARLES STURT",2,1,0,0,1,2023,"January","Friday","03:30 pm",60,"Sealed","Dry","Not Raining","Daylight","Rear End",2,,,1325511.09,1673480.99
"2023-37695-19/09/2025","PENOLA","WATTLE RANGE COUNCIL",3,1,0,0,1,2023,"January","Saturday","05:58 pm",50,"Sealed","Dry","Not Raining","Daylight","Right Angle",1,,,1517908.87,1390306.65
"2023-37696-19/09/2025","MIDDLEBACK RANGE",,1,2,0,2,0,2023,"January","Saturday","06:10 pm",110,"Sealed","Dry","Not Raining","Daylight","Roll Over",1,,,1211827.95,1868492.46
"2023-37700-19/09/2025","HUNTFIELD HEIGHTS","CITY OF ONKAPARINGA",2,2,0,0,2,2023,"January","Sunday","06:10 am",80,"Sealed","Dry","Not Raining","Night","Hit Fixed Object",1,"Y","Y",1320241.19,1644993.17
"2023-37701-19/09/2025","WESTERN FLAT","DC TATIARA.",2,2,0,1,1,2023,"January","Saturday","12:30 pm",100,"Unsealed","Dry","Not Raining","Daylight","Hit Fixed Object",1,,,1517786.27,1491106.75
"2023-37704-19/09/2025","RIDGEHAVEN","CITY OF TEA TREE GULLY",2,1,0,0,1,2023,"January","Sunday","11:40 am",60,"Sealed","Dry","Not Raining","Daylight","Right Turn",1,,,1339006.5,1681722.34
"2023-37706-19/09/2025","TORRENS PARK","CC MITCHAM.",2,1,0,1,0,2023,"January","Saturday","05:45 pm",60,"Sealed","Dry","Not Raining","Daylight","Right Angle",1,,,1329348.37,1663196.52
"2023-37708-19/09/2025","TUSMORE","CITY OF BURNSIDE",2,1,0,0,1,2023,"January","Sunday","01:25 pm",60,"Sealed","Dry","Not Raining","Daylight","Right Turn",2,,,1332324.24,1669046.54
"2023-37709-19/09/2025","VICTOR HARBOR","DC VICTOR HARBOR.",10,3,1,1,1,2023,"January","Sunday","02:15 pm",10,"Sealed","Dry","Not Raining","Daylight","Hit Pedestrian",1,,,1328304.7,1600853.25
"2023-37713-19/09/2025","VIVONNE BAY","KANGAROO ISLAND COUNCIL",3,2,0,0,2,2023,"January","Sunday","01:56 pm",110,"Sealed","Dry","Not Raining","Daylight","Hit Fixed Object",1,,,1192029.77,1556986.6
"2023-37717-19/09/2025","MORPHETT VALE","CITY OF ONKAPARINGA",2,1,0,0,1,2023,"January","Sunday","05:35 pm",70,"Sealed","Dry","Not Raining","Daylight","Right Angle",1,,,1319733.86,1650979.2
"2023-37719-19/09/2025","KALBEEBA","THE BAROSSA COUNCIL.",1,1,0,0,1,2023,"January","Sunday","01:00 pm",80,"Unsealed","Dry","Not Raining","Daylight","Roll Over",1,,,1348436.64,1701690.28
"2023-37730-19/09/2025","HENLEY BEACH","CITY OF CHARLES STURT",2,1,0,0,1,2023,"January","Sunday","01:30 pm",50,"Sealed","Dry","Not Raining","Daylight","Rear End",2,,,1318931.06,1671999.01
"2023-37731-19/09/2025","WHYALLA NORRIE","CC WHYALLA.",1,1,0,1,0,2023,"January","Wednesday","12:15 am",10,"Unsealed","Dry","Not Raining","Night","Roll Over",1,"Y","Y",1237214.9,1884092.55
"2023-37732-19/09/2025","BUGLE RANGES","DC MT.BARKER.",3,1,0,0,1,2023,"January","Sunday","02:55 pm",100,"Unsealed","Dry","Not Raining","Daylight","Hit Fixed Object",1,,,1351736.28,1647313.42
"2023-37734-19/09/2025","BROOKLYN PARK","CITY OF WEST TORRENS",2,1,0,0,1,2023,"January","Monday","09:30 am",60,"Sealed","Dry","Not Raining","Daylight","Right Turn",1,,,1324123.03,1670938.82
"2023-37742-19/09/2025","SALISBURY NORTH","CITY OF SALISBURY",5,1,0,0,1,2023,"January","Monday","12:40 pm",60,"Sealed","Dry","Not Raining","Daylight","Right Turn",2,,,1330227.93,1690762.43
"2023-37749-19/09/2025","GEPPS CROSS","CITY OF PORT ADELAIDE ENFIELD",2,2,0,0,2,2023,"January","Monday","04:20 pm",70,"Sealed","Dry","Not Raining","Daylight","Right Angle",1,,,1328763.26,1679978.67
"2023-37754-19/09/2025","MARION","CC MARION.",1,1,0,0,1,2023,"January","Sunday","03:15 pm",50,"Sealed","Dry","Not Raining","Daylight","Left Road - Out of Control",9,,,1324104.88,1661276.72
"2023-37756-19/09/2025","SALISBURY","CITY OF SALISBURY",2,1,0,0,1,2023,"January","Monday","05:18 pm",50,"Sealed","Dry","Not Raining","Daylight","Side Swipe",1,,,1333442.96,1687456.8
"2023-37758-19/09/2025","KENSINGTON PARK","CITY OF BURNSIDE",2,1,0,0,1,2023,"January","Monday","05:04 pm",60,"Sealed","Dry","Not Raining","Daylight","Right Turn",1,,,1333861.93,1671650.22
"2023-37762-19/09/2025","HAPPY VALLEY","CITY OF ONKAPARINGA",1,1,0,0,1,2023,"January","Wednesday","01:05 pm",50,"Sealed","Dry","Not Raining","Daylight","Roll Over",1,,,1325428.18,1652455.57
"2023-37763-19/09/2025","FORRESTON","THE ADELAIDE HILLS COUNCIL",2,1,0,1,0,2023,"January","Monday","04:40 pm",100,"Sealed","Wet","Raining","Daylight","Right Turn",1,,,1357148.35,1685237.71
"2023-37767-19/09/2025","BON BON",,1,1,0,1,0,2023,"January","Monday","05:00 pm",110,"Sealed","Dry","Not Raining","Daylight","Roll Over",1,,,1035867.81,2158899.05
"2023-37771-19/09/2025","HINDMARSH","CITY OF CHARLES STURT",3,1,0,0,1,2023,"January","Tuesday","08:00 am",60,"Sealed","Dry","Not Raining","Daylight","Rear End",2,,,1325549.01,1673454.12
"2023-37773-19/09/2025","DRY CREEK","CITY OF PORT ADELAIDE ENFIELD",2,1,0,0,1,2023,"January","Tuesday","09:25 am",70,"Sealed","Dry","Not Raining","Daylight","Right Angle",2,,,1327751.83,1679804.64
"2023-37774-19/09/2025","CAMPBELLTOWN","CC CAMPBELLTOWN.",2,1,0,1,0,2023,"January","Tuesday","09:45 am",60,"Sealed","Dry","Not Raining","Daylight","Side Swipe",1,,,1334503.29,1675776.39
"2023-37778-19/09/2025","GOLDEN GROVE","CITY OF TEA TREE GULLY",2,1,0,1,0,2023,"January","Tuesday","11:20 am",60,"Sealed","Dry","Not Raining","Daylight","Side Swipe",1,,,1337931.7,1685160.46
"2023-37782-19/09/2025","ALBERT PARK","CITY OF CHARLES STURT",2,1,0,0,1,2023,"January","Wednesday","02:40 pm",60,"Sealed","Dry","Not Raining","Daylight","Rear End",1,,,1321444.17,1675569.1
"2023-37787-19/09/2025","HINDMARSH","CITY OF CHARLES STURT",2,1,0,0,1,2023,"January","Tuesday","03:15 pm",60,"Sealed","Dry","Not Raining","Daylight","Rear End",2,,,1326178.81,1672855.6
"2023-37789-19/09/2025","MODBURY NORTH","CITY OF TEA TREE GULLY",2,1,0,0,1,2023,"January","Tuesday","04:50 pm",60,"Sealed","Dry","Not Raining","Daylight","Rear End",1,,,1335688.29,1681182.79
"2023-37790-19/09/2025","PARKSIDE","CITY OF UNLEY",2,1,0,0,1,2023,"January","Tuesday","04:45 pm",60,"Sealed","Dry","Not Raining","Daylight","Side Swipe",1,,,1329603.35,1668996.84
"2023-37795-19/09/2025","WEST LAKES","CITY OF CHARLES STURT",2,1,0,0,1,2023,"January","Tuesday","06:30 pm",40,"Sealed","Dry","Not Raining","Daylight","Right Angle",2,,,1319492.08,1675930.92
"2023-37797-19/09/2025","HIGHBURY","CITY OF TEA TREE GULLY",2,1,0,0,1,2023,"January","Wednesday","12:00 am",60,"Sealed","Dry","Not Raining","Night","Side Swipe",2,,,1337369.85,1678736.25
"2023-37798-19/09/2025","KOPPAMURRA","DC NARACOORTE & LUCINDALE.",2,2,0,1,1,2023,"January","Wednesday","02:35 am",100,"Sealed","Dry","Not Raining","Night","Hit Fixed Object",1,,"Y",1527388.18,1425124.66
"2023-37802-19/09/2025","MUNNO PARA","CITY OF PLAYFORD.",2,1,0,0,1,2023,"January","Tuesday","08:10 pm",60,"Sealed","Dry","Not Raining","Daylight","Rear End",2,,,1336692.66,1698550.18
"2023-37804-19/09/2025","ADELAIDE","CITY OF ADELAIDE",1,1,0,0,1,2023,"January","Wednesday","11:54 am",50,"Sealed","Dry","Not Raining","Daylight","Left Road - Out of Control",1,,,1329528.63,1670790.05
"2023-37805-19/09/2025","CRAFERS","THE ADELAIDE HILLS COUNCIL",1,1,0,1,0,2023,"January","Wednesday","10:45 am",60,"Sealed","Dry","Not Raining","Daylight","Roll Over",1,,,1338182.21,1663631.47
"2023-37814-19/09/2025","KILBURN","CITY OF PORT ADELAIDE ENFIELD",2,1,0,0,1,2023,"January","Wednesday","08:38 am",60,"Sealed","Dry","Not Raining","Daylight","Right Angle",1,,,1327393.32,1677506.18
"2023-37817-19/09/2025","PROSPECT","CITY OF PROSPECT",4,4,0,0,4,2023,"January","Wednesday","02:50 pm",60,"Sealed","Dry","Not Raining","Daylight","Rear End",1,,,1328749.07,1676438.67
"2023-37820-19/09/2025","SEAFORD MEADOWS","CITY OF ONKAPARINGA",2,1,0,0,1,2023,"January","Wednesday","04:48 pm",60,"Sealed","Dry","Not Raining","Daylight","Rear End",1,,,1316486.52,1642781.15
"2023-37825-19/09/2025","ADELAIDE","CITY OF ADELAIDE",2,1,0,0,1,2023,"January","Wednesday","07:20 am",60,"Sealed","Dry","Not Raining","Daylight","Rear End",2,,,1327349.63,1671109.58
"2023-37828-19/09/2025","CLEARVIEW","CITY OF PORT ADELAIDE ENFIELD",2,1,0,0,1,2023,"January","Tuesday","04:35 pm",60,"Sealed","Dry","Not Raining","Daylight","Right Angle",1,,,1330382.95,1678631.03
"2023-37833-19/09/2025","VISTA","CITY OF TEA TREE GULLY",2,1,0,1,0,2023,"January","Wednesday","09:00 pm",60,"Sealed","Dry","Not Raining","Night","Hit Fixed Object",1,,,1340242.07,1679781.75
"2023-37834-19/09/2025","ROSEWATER","CITY OF PORT ADELAIDE ENFIELD",2,1,0,0,1,2023,"January","Thursday","12:43 am",60,"Sealed","Dry","Not Raining","Night","Hit Fixed Object",1,,"Y",1321817.46,1679103.61
"2023-37837-19/09/2025","FULLARTON","CITY OF UNLEY",3,2,0,0,2,2023,"January","Thursday","09:55 am",60,"Unsealed","Dry","Not Raining","Daylight","Rear End",1,,,1331111.22,1668010.88
"2023-37840-19/09/2025","MOUNT GAMBIER","CC MT.GAMBIER.",1,1,0,1,0,2023,"January","Wednesday","10:45 pm",60,"Sealed","Dry","Not Raining","Night","Roll Over",1,,,1508088.36,1341786.25
"2023-37845-19/09/2025","FLINDERS PARK","CITY OF CHARLES STURT",2,1,0,1,0,2023,"January","Monday","09:10 pm",40,"Sealed","Dry","Not Raining","Night","Rear End",2,,,1324082.51,1673175.29
"2023-37853-19/09/2025","PASADENA","CC MITCHAM.",1,1,0,0,1,2023,"January","Wednesday","08:25 pm",60,"Sealed","Dry","Not Raining","Daylight","Roll Over",1,,,1327469.37,1662389.37
"2023-37856-19/09/2025","EDINBURGH","CITY OF SALISBURY",2,1,0,1,0,2023,"January","Friday","04:59 am",80,"Sealed","Dry","Not Raining","Night","Right Turn",2,,,1331518.32,1692508.83
"2023-37858-19/09/2025","LONSDALE","CITY OF ONKAPARINGA",2,1,0,1,0,2023,"January","Friday","07:45 am",70,"Sealed","Dry","Not Raining","Daylight","Right Angle",1,,,1318451.28,1649790.1
"2023-37861-19/09/2025","NEWTON","CC CAMPBELLTOWN.",2,1,0,0,1,2023,"January","Friday","08:58 am",60,"Sealed","Dry","Not Raining","Daylight","Right Angle",1,,,1336041.78,1674570.62
"2023-37862-19/09/2025","HINDMARSH ISLAND","ALEXANDRINA COUNCIL",3,1,0,1,0,2023,"January","Friday","09:25 am",80,"Sealed","Dry","Not Raining","Daylight","Head On",1,,,1343699.68,1605749.66
"2023-37866-19/09/2025","RICHMOND","CITY OF WEST TORRENS",2,2,0,0,2,2023,"January","Friday","11:25 am",60,"Sealed","Dry","Not Raining","Daylight","Side Swipe",1,,,1325495.51,1668942.44
"2023-37875-19/09/2025","ROSTREVOR","CC CAMPBELLTOWN.",1,1,0,0,1,2023,"January","Friday","09:30 am",60,"Sealed","Dry","Not Raining","Daylight","Left Road - Out of Control",1,,,1338121.55,1674868.5
"2023-37878-19/09/2025","MODBURY","CITY OF TEA TREE GULLY",2,1,0,0,1,2023,"January","Friday","04:45 pm",60,"Sealed","Dry","Not Raining","Daylight","Right Angle",2,,,1336871.01,1680834.51
"2023-37881-19/09/2025","BRIGHTON","CITY OF HOLDFAST BAY",4,1,0,0,1,2023,"January","Friday","05:50 pm",60,"Sealed","Dry","Not Raining","Daylight","Rear End",1,,,1321159.54,1660280.39
"2023-37884-19/09/2025","TRURO","LIGHT REGIONAL COUNCIL",3,4,0,2,2,2023,"January","Friday","03:24 pm",110,"Sealed","Dry","Not Raining","Daylight","Head On",1,,,1373659.55,1724971.5
"2023-37885-19/09/2025","INGLE FARM","CITY OF SALISBURY",2,1,0,0,1,2023,"January","Friday","06:05 pm",60,"Sealed","Dry","Not Raining","Daylight","Hit Pedestrian",2,,,1333045.28,1681116.29
"2023-37890-19/09/2025","ALDINGA","CITY OF ONKAPARINGA",3,1,0,1,0,2023,"January","Saturday","12:15 am",50,"Sealed","Dry","Not Raining","Night","Hit Fixed Object",1,,,1316617.42,1633183.68
"2023-37892-19/09/2025","SEMAPHORE","CITY OF PORT ADELAIDE ENFIELD",2,1,0,0,1,2023,"January","Saturday","08:48 am",50,"Sealed","Dry","Not Raining","Daylight","Right Angle",1,,,1318652.66,1680524.65
"2023-37898-19/09/2025","MORPHETT VALE","CITY OF ONKAPARINGA",5,2,0,0,2,2023,"January","Saturday","12:10 pm",60,"Sealed","Dry","Not Raining","Daylight","Side Swipe",1,,,1320772.94,1649856.29
"2023-37902-19/09/2025","GAWLER SOUTH","CT GAWLER.",2,1,0,0,1,2023,"January","Wednesday","06:10 pm",50,"Sealed","Dry","Not Raining","Daylight","Rear End",2,,,1343088.4,1705805.71
"2023-37904-19/09/2025","HENLEY BEACH","CITY OF CHARLES STURT",2,1,0,0,1,2023,"January","Saturday","03:09 pm",50,"Sealed","Dry","Not Raining","Daylight","Roll Over",1,,"Y",,
"2023-37905-19/09/2025","TORRENS PARK","CC MITCHAM.",2,1,0,0,1,2023,"January","Saturday","03:00 pm",60,"Sealed","Dry","Not Raining","Daylight","Right Angle",2,,,1329331.44,1664212.54
"2023-37908-19/09/2025","ELIZABETH GROVE","CITY OF PLAYFORD.",2,1,0,0,1,2023,"January","Saturday","04:35 pm",80,"Sealed","Wet","Raining","Daylight","Rear End",1,,,1336080.31,1692236.44
"2023-37919-19/09/2025","LEABROOK","CITY OF BURNSIDE",2,1,0,0,1,2023,"January","Saturday","10:40 pm",60,"Sealed","Wet","Raining","Night","Right Angle",2,,,1333899.19,1670462.72
"2023-37920-19/09/2025","PORT WAKEFIELD","WAKEFIELD REGIONAL COUNCIL",1,3,0,0,3,2023,"January","Saturday","11:20 pm",80,"Sealed","Wet","Raining","Night","Roll Over",1,,,1287887.39,1761653.42
"2023-37927-19/09/2025","KORUNYE","DC MALLALA.",2,1,0,1,0,2023,"January","Sunday","06:15 am",100,"Sealed","Wet","Not Raining","Night","Hit Fixed Object",1,"Y",,1321801.37,1714178.36
"2023-37930-19/09/2025","WATTLE PARK","CITY OF BURNSIDE",2,1,0,0,1,2023,"January","Sunday","10:15 am",50,"Sealed","Dry","Not Raining","Daylight","Hit Fixed Object",1,,"Y",1336135.91,1669902.46
"2023-37935-19/09/2025","ANANGU PITJANTJATJARA YANKUNYTJATJARA",,2,1,0,1,0,2023,"January","Sunday","01:36 pm",110,"Sealed","Wet","Raining","Daylight","Hit Animal",2,,,847307.45,2544456.03
"2023-37940-19/09/2025","VIRGINIA","CITY OF PLAYFORD.",2,1,0,0,1,2023,"January","Sunday","01:40 pm",110,"Sealed","Wet","Raining","Daylight","Rear End",2,,,1324119.37,1701216.45
"2023-37942-19/09/2025","PARACOMBE","THE ADELAIDE HILLS COUNCIL",2,1,0,0,1,2023,"January","Sunday","04:00 pm",80,"Sealed","Dry","Not Raining","Daylight","Hit Fixed Object",1,,,1346020.56,1677567.32
"2023-37951-19/09/2025","KEPPOCH","DC NARACOORTE & LUCINDALE.",2,1,1,0,0,2023,"January","Monday","06:40 am",110,"Sealed","Dry","Not Raining","Daylight","Hit Fixed Object",1,,,1501079.81,1463366.4
"2023-37955-19/09/2025","KENT TOWN","CC OF NORWOOD,PAYNEHAM & ST PETERS",2,1,0,0,1,2023,"January","Monday","08:34 am",50,"Sealed","Dry","Not Raining","Daylight","Right Turn",2,,,1330235.81,1671221.86
"2023-37957-19/09/2025","INGLE FARM","CITY OF SALISBURY",2,1,0,0,1,2023,"January","Sunday","04:45 pm",60,"Sealed","Dry","Not Raining","Daylight","Right Angle",1,,,1332462.18,1682218.53
"2023-37964-19/09/2025","KESWICK TERMINAL","CITY OF WEST TORRENS",2,1,0,0,1,2023,"January","Saturday","04:50 pm",60,"Sealed","Dry","Not Raining","Daylight","Rear End",2,,,1326178.39,1670106.63
"2023-37965-19/09/2025","HAPPY VALLEY","CITY OF ONKAPARINGA",3,1,0,1,0,2023,"January","Monday","02:15 pm",80,"Sealed","Dry","Not Raining","Daylight","Hit Fixed Object",1,,,1324361.03,1656284.49
"2023-37966-19/09/2025","CLOVELLY PARK","CC MARION.",2,2,0,0,2,2023,"January","Monday","02:58 pm",50,"Sealed","Dry","Not Raining","Daylight","Right Angle",2,,,1325439.66,1662539.35
"2023-37979-19/09/2025","MUNNO PARA DOWNS","CITY OF PLAYFORD.",1,1,0,0,1,2023,"January","Monday","04:20 pm",90,"Sealed","Dry","Not Raining","Daylight","Roll Over",1,,"Y",1336779.09,1702595.1
"2023-37984-19/09/2025","PENFIELD GARDENS","CITY OF PLAYFORD.",2,1,0,0,1,2023,"January","Monday","07:25 pm",60,"Sealed","Dry","Not Raining","Daylight","Right Angle",2,,,1333134.46,1700544.36