"REPORT_ID","Suburb","LGA Name","Total Units","Total Cas","Total Fats","Total SI","Total MI","Year","Month","Day","Time","Area Speed","Road Surface","Moisture Cond","Weather Cond","DayNight","Crash Type","Unit Resp","DUI Involved","Drugs Involved","ACCLOC_X","ACCLOC_Y"
"2023-37987-19/09/2025","WEST HINDMARSH","CITY OF CHARLES STURT",5,1,0,0,1,2023,"January","Tuesday","08:25 am",60,"Sealed","Dry","Not Raining","Daylight","Rear End",1,,,1325364.41,1672584.65
"2023-37988-19/09/2025","STEPNEY","CC OF NORWOOD,PAYNEHAM & ST PETERS",2,1,0,0,1,2023,"January","Tuesday","08:30 am",60,"Sealed","Dry","Not Raining","Daylight","Rear End",1,,,1330600.73,1671714.93
"2023-37994-19/09/2025","MITCHELL PARK","CC MARION.",2,1,0,0,1,2023,"January","Tuesday","10:22 am",60,"Sealed","Dry","Not Raining","Daylight","Rear End",2,,,1324327.14,1663034.63
"2023-37997-19/09/2025","SEACLIFF PARK","CITY OF HOLDFAST BAY",2,1,0,0,1,2023,"January","Monday","03:10 pm",60,"Sealed","Dry","Not Raining","Daylight","Rear End",1,,,1321177.45,1659325.41
"2023-38000-19/09/2025","PORT WAKEFIELD","WAKEFIELD REGIONAL COUNCIL",1,1,1,0,0,2023,"January","Tuesday","11:05 am",110,"Sealed","Dry","Not Raining","Daylight","Roll Over",1,,,1292955,1750833.68
"2023-38004-19/09/2025","PROSPECT","CITY OF PROSPECT",2,2,0,0,2,2023,"January","Tuesday","12:30 pm",60,"Sealed","Dry","Not Raining","Daylight","Rear End",2,,,1327236.23,1676392.98
"2023-38005-19/09/2025","SALISBURY NORTH","CITY OF SALISBURY",2,1,0,0,1,2023,"January","Tuesday","02:45 pm",60,"Sealed","Dry","Not Raining","Daylight","Head On",1,,,1331610.14,1691147.21
"2023-38006-19/09/2025","OLD NOARLUNGA","CITY OF ONKAPARINGA",4,2,0,0,2,2023,"January","Tuesday","04:20 pm",80,"Sealed","Dry","Not Raining","Daylight","Rear End",1,,,1318619.21,1643682.8
"2023-38007-19/09/2025","MODBURY NORTH","CITY OF TEA TREE GULLY",4,1,0,0,1,2023,"January","Tuesday","03:20 pm",60,"Sealed","Dry","Not Raining","Daylight","Rear End",1,,,1335688.29,1681182.79
"2023-38008-19/09/2025","WALKERVILLE","WALKERVILLE TOWN COUNCIL",2,2,0,1,1,2023,"January","Tuesday","04:30 pm",60,"Sealed","Dry","Not Raining","Daylight","Hit Pedestrian",2,,,1330028.47,1673673.52
"2023-38010-19/09/2025","GULFVIEW HEIGHTS","CITY OF SALISBURY",2,1,0,0,1,2023,"January","Tuesday","04:35 pm",60,"Sealed","Dry","Not Raining","Daylight","Right Turn",1,,,1334497.15,1685053.83
"2023-38011-19/09/2025","HINDMARSH","CITY OF CHARLES STURT",2,1,0,0,1,2023,"January","Wednesday","02:30 pm",50,"Sealed","Dry","Not Raining","Daylight","Head On",2,,,1325913.33,1672507.85
"2023-38015-19/09/2025","BEDFORD PARK","CC MITCHAM.",3,1,0,0,1,2023,"January","Tuesday","05:30 pm",70,"Sealed","Dry","Not Raining","Daylight","Side Swipe",2,,,1325435.67,1660699.07
"2023-38016-19/09/2025","ADELAIDE","CITY OF ADELAIDE",2,1,0,0,1,2023,"January","Tuesday","05:25 pm",50,"Sealed","Dry","Not Raining","Daylight","Right Turn",2,,,1327623.13,1670323.07
"2023-38017-19/09/2025","UNLEY","CITY OF UNLEY",2,1,0,0,1,2023,"January","Tuesday","08:00 am",50,"Sealed","Dry","Not Raining","Daylight","Side Swipe",2,,,1328385.12,1667849.99
"2023-38021-19/09/2025","WANDILO","DISTRICT COUNCIL OF GRANT",2,1,0,1,0,2023,"January","Tuesday","04:20 pm",100,"Sealed","Dry","Not Raining","Daylight","Right Angle",1,,,1506062.48,1348744.24
"2023-38022-19/09/2025","EDEN HILLS","CC MITCHAM.",3,1,0,0,1,2023,"January","Tuesday","06:45 pm",60,"Sealed","Dry","Not Raining","Daylight","Rear End",1,,,1328568.73,1659630.32
"2023-38027-19/09/2025","ELIZABETH VALE","CITY OF PLAYFORD.",2,1,0,0,1,2023,"January","Tuesday","01:10 pm",60,"Sealed","Dry","Not Raining","Daylight","Side Swipe",2,,,1335968.03,1690252.76
"2023-38030-19/09/2025","PROSPECT","CITY OF PROSPECT",2,2,0,0,2,2023,"January","Tuesday","11:41 pm",60,"Sealed","Dry","Not Raining","Night","Right Turn",2,,"Y",1328872.94,1676442.07
"2023-38031-19/09/2025","PETINA","DC STREAKY BAY.",1,2,0,0,2,2023,"February","Wednesday","12:27 am",110,"Sealed","Dry","Not Raining","Night","Roll Over",1,,,945799.86,1954376.97
"2023-38033-19/09/2025","HENLEY BEACH SOUTH","CITY OF CHARLES STURT",2,1,0,0,1,2023,"February","Wednesday","08:00 am",50,"Sealed","Dry","Not Raining","Daylight","Right Angle",2,,,1319021.26,1671008.21
"2023-38040-19/09/2025","TORRENSVILLE","CITY OF WEST TORRENS",3,1,0,0,1,2023,"February","Wednesday","08:50 am",60,"Sealed","Dry","Not Raining","Daylight","Rear End",2,,,1325662.54,1671436.64
"2023-38042-19/09/2025","KINGS PARK","CITY OF UNLEY",1,1,0,0,1,2023,"February","Wednesday","10:17 am",50,"Sealed","Wet","Raining","Daylight","Roll Over",1,,,1327796.81,1666353.47
"2023-38044-19/09/2025","FITZROY","CITY OF PROSPECT",3,1,0,0,1,2023,"February","Wednesday","07:45 am",60,"Sealed","Dry","Not Raining","Daylight","Rear End",1,,,1328026.06,1673671.89
"2023-38045-19/09/2025","MOUNT COMPASS","ALEXANDRINA COUNCIL",2,1,0,0,1,2023,"January","Tuesday","04:10 pm",100,"Sealed","Dry","Not Raining","Daylight","Rear End",2,,,1326645.75,1625019.21
"2023-38051-19/09/2025","BLACKWOOD","CC MITCHAM.",2,1,0,0,1,2023,"February","Wednesday","01:09 pm",50,"Sealed","Dry","Not Raining","Daylight","Hit Pedestrian",1,,,1329653.01,1660138.08
"2023-38055-19/09/2025","TRANMERE","CC CAMPBELLTOWN.",2,1,0,0,1,2023,"January","Tuesday","05:10 pm",60,"Sealed","Dry","Not Raining","Daylight","Side Swipe",1,,,1333829.96,1673070.82
"2023-38057-19/09/2025","SOLOMONTOWN","PT.PIRIE CITY & DIST. COUNCIL",2,2,0,0,2,2023,"February","Wednesday","03:10 pm",60,"Sealed","Dry","Not Raining","Daylight","Right Angle",2,,,1280916.67,1864611.85
"2023-38061-19/09/2025","MOUNT BARKER","DC MT.BARKER.",2,1,0,0,1,2023,"February","Wednesday","04:00 pm",50,"Sealed","Dry","Not Raining","Daylight","Rear End",2,,,1351919.01,1653411.19
"2023-38066-19/09/2025","POORAKA","CITY OF SALISBURY",2,1,0,0,1,2023,"February","Wednesday","02:40 pm",70,"Sealed","Dry","Not Raining","Daylight","Rear End",2,,,1330499.62,1681832.25
"2023-38069-19/09/2025","MOOROOK","LOXTON WAIKERIE DISTRICT COUNCIL",2,1,0,1,0,2023,"February","Thursday","02:30 am",60,"Sealed","Dry","Not Raining","Night","Hit Animal",2,,"Y",1492763.54,1735787.79
"2023-38071-19/09/2025","MOSQUITO HILL","ALEXANDRINA COUNCIL",2,1,0,0,1,2023,"February","Thursday","06:39 am",100,"Sealed","Dry","Not Raining","Daylight","Hit Animal",2,,,1334838.47,1615960.76
"2023-38074-19/09/2025","TORRENSVILLE","CITY OF WEST TORRENS",2,1,0,0,1,2023,"January","Tuesday","02:40 pm",50,"Sealed","Dry","Not Raining","Daylight","Rear End",2,,,1325571.1,1670987.34
"2023-38076-19/09/2025","CHELTENHAM","CITY OF CHARLES STURT",2,1,0,0,1,2023,"February","Thursday","09:10 am",60,"Sealed","Dry","Not Raining","Daylight","Right Angle",1,,,1321457.27,1676998.96
"2023-38080-19/09/2025","FULHAM GARDENS","CITY OF CHARLES STURT",2,1,0,0,1,2023,"February","Wednesday","08:30 am",60,"Sealed","Dry","Not Raining","Daylight","Side Swipe",2,,,1320784.73,1673070.13
"2023-38086-19/09/2025","MAWSON LAKES","CITY OF SALISBURY",2,1,0,0,1,2023,"February","Thursday","12:35 pm",70,"Sealed","Dry","Not Raining","Daylight","Right Turn",2,,"Y",1330161.17,1681793.31
"2023-38087-19/09/2025","WEST HINDMARSH","CITY OF CHARLES STURT",2,1,0,0,1,2023,"February","Thursday","12:35 pm",60,"Sealed","Dry","Not Raining","Daylight","Right Turn",1,,,1325421.27,1673141.18
"2023-38099-19/09/2025","INGLEWOOD","THE ADELAIDE HILLS COUNCIL",2,1,0,0,1,2023,"February","Thursday","02:10 pm",50,"Sealed","Wet","Raining","Daylight","Rear End",1,,,1345399.32,1681255.33
"2023-38100-19/09/2025","HINDMARSH VALLEY","DC VICTOR HARBOR.",2,1,0,0,1,2023,"February","Thursday","03:29 pm",100,"Sealed","Dry","Unknown","Daylight","Hit Fixed Object",1,,,1326772.99,1613446.07
"2023-38104-19/09/2025","TWO WELLS","DC MALLALA.",2,2,1,1,0,2023,"February","Thursday","02:10 pm",110,"Sealed","Dry","Not Raining","Daylight","Right Angle",1,,,1321989.46,1706605.39
"2023-38107-19/09/2025","TUSMORE","CITY OF BURNSIDE",3,1,0,0,1,2023,"February","Thursday","05:15 pm",60,"Sealed","Dry","Not Raining","Daylight","Right Turn",1,,,1332311.5,1669056.54
"2023-38108-19/09/2025","ROSTREVOR","CC CAMPBELLTOWN.",2,1,0,0,1,2023,"February","Thursday","05:30 pm",50,"Sealed","Dry","Not Raining","Daylight","Rear End",2,,,1337703.75,1674337.56
"2023-38113-19/09/2025","CAVAN","CITY OF SALISBURY",2,6,0,0,6,2023,"February","Thursday","08:55 pm",70,"Sealed","Dry","Not Raining","Night","Right Angle",1,,"Y",1328738.31,1681559.52
"2023-38115-19/09/2025","SHEA-OAK LOG","LIGHT REGIONAL COUNCIL",2,1,1,0,0,2023,"February","Thursday","09:15 pm",100,"Unsealed","Dry","Not Raining","Night","Roll Over",1,,,1350863.36,1714369.8
"2023-38116-19/09/2025","YANKALILLA","DC YANKALILLA.",2,1,0,1,0,2023,"February","Thursday","10:10 pm",100,"Sealed","Wet","Not Raining","Night","Hit Fixed Object",1,,,1304919.42,1613236.79
"2023-38122-19/09/2025","MIDDLEBACK RANGE",,2,2,0,0,2,2023,"February","Friday","08:00 am",110,"Sealed","Dry","Not Raining","Daylight","Hit Fixed Object",1,,,1209430.06,1862476.84
"2023-38124-19/09/2025","REGENCY PARK","CITY OF PORT ADELAIDE ENFIELD",2,1,0,0,1,2023,"February","Friday","09:50 am",60,"Sealed","Dry","Not Raining","Daylight","Right Angle",1,,,1326096.44,1676366.69
"2023-38128-19/09/2025","THORNGATE","CITY OF PROSPECT",2,1,0,0,1,2023,"February","Thursday","03:40 pm",60,"Sealed","Wet","Raining","Daylight","Rear End",1,,,1328116.31,1673675.73
"2023-38130-19/09/2025","HENLEY BEACH","CITY OF CHARLES STURT",1,1,0,1,0,2023,"February","Wednesday","07:25 am",50,"Sealed","Dry","Not Raining","Daylight","Roll Over",1,,,1318736.17,1672420.75
"2023-38132-19/09/2025","WALLAROO","COPPER COAST DISTRICT COUNCIL",2,1,1,0,0,2023,"February","Friday","10:53 am",50,"Sealed","Dry","Not Raining","Daylight","Hit Fixed Object",1,,,1243130.24,1783807.73
"2023-38134-19/09/2025","ASHFORD","CITY OF WEST TORRENS",2,1,0,0,1,2023,"February","Thursday","02:05 pm",50,"Sealed","Wet","Raining","Daylight","Hit Pedestrian",2,,,1326296.9,1668333.96
"2023-38135-19/09/2025","MOUNT COMPASS","ALEXANDRINA COUNCIL",2,1,0,1,0,2023,"February","Friday","11:58 am",100,"Sealed","Wet","Raining","Daylight","Hit Fixed Object",1,,"Y",1326124.16,1625620.86
"2023-38136-19/09/2025","ST MORRIS","CC OF NORWOOD,PAYNEHAM & ST PETERS",2,1,0,0,1,2023,"February","Wednesday","06:23 pm",60,"Sealed","Unknown","Unknown","Daylight","Rear End",1,,,1333679.84,1671800.08
"2023-38144-19/09/2025","HAPPY VALLEY","CITY OF ONKAPARINGA",2,1,0,0,1,2023,"February","Friday","01:42 pm",80,"Sealed","Dry","Not Raining","Daylight","Right Turn",2,,,1323015.41,1653414.07
"2023-38147-19/09/2025","SALISBURY HEIGHTS","CITY OF SALISBURY",1,1,0,1,0,2023,"February","Friday","01:45 pm",60,"Sealed","Dry","Not Raining","Daylight","Roll Over",1,,,1336258.37,1687698.86
"2023-38149-19/09/2025","WOODVILLE GARDENS","CITY OF PORT ADELAIDE ENFIELD",2,1,0,0,1,2023,"February","Friday","02:15 pm",60,"Sealed","Dry","Not Raining","Daylight","Right Angle",1,,,1323947.22,1677740.71
"2023-38151-19/09/2025","ELIZABETH","CITY OF PLAYFORD.",2,1,0,0,1,2023,"February","Friday","03:00 pm",60,"Sealed","Dry","Not Raining","Daylight","Right Angle",2,,,1335655.83,1693821.56
"2023-38153-19/09/2025","PENFIELD GARDENS","CITY OF PLAYFORD.",2,1,0,0,1,2023,"February","Friday","06:10 am",100,"Sealed","Dry","Not Raining","Night","Head On",1,,,1330963.54,1702239.91
"2023-38156-19/09/2025","NOARLUNGA CENTRE","CITY OF ONKAPARINGA",2,1,0,0,1,2023,"February","Thursday","10:30 am",60,"Sealed","Dry","Not Raining","Daylight","Hit Pedestrian",2,,,1317769.78,1647443.26
"2023-38160-19/09/2025","ADELAIDE","CITY OF ADELAIDE",2,1,0,0,1,2023,"February","Friday","04:45 pm",50,"Sealed","Dry","Not Raining","Daylight","Hit Fixed Object",1,,,1328008.65,1669864.24
"2023-38165-19/09/2025","DRY CREEK","CITY OF PORT ADELAIDE ENFIELD",2,1,0,0,1,2023,"February","Friday","05:55 pm",90,"Sealed","Dry","Not Raining","Daylight","Hit Fixed Object",1,,,1324593.03,1681056.27
"2023-38174-19/09/2025","NORTON SUMMIT","THE ADELAIDE HILLS COUNCIL",2,4,0,2,2,2023,"February","Saturday","01:00 am",60,"Sealed","Dry","Not Raining","Night","Head On",1,"Y","Y",1340608.11,1671185.5
"2023-38181-19/09/2025","VALLEY VIEW","CITY OF PORT ADELAIDE ENFIELD",2,1,0,0,1,2023,"February","Saturday","11:29 am",60,"Sealed","Dry","Not Raining","Daylight","Right Angle",1,,,1334550.17,1679386.94
"2023-38183-19/09/2025","ASCOT PARK","CC MARION.",2,2,0,0,2,2023,"February","Saturday","11:40 am",50,"Sealed","Dry","Not Raining","Daylight","Right Angle",2,,,1325048.29,1664003.61
"2023-38184-19/09/2025","STOCKYARD PLAIN","LOXTON WAIKERIE DISTRICT COUNCIL",2,1,0,0,1,2023,"February","Saturday","09:54 am",100,"Unsealed","Dry","Not Raining","Daylight","Roll Over",1,,,1444481.35,1737516.8
"2023-38185-19/09/2025","MODBURY NORTH","CITY OF TEA TREE GULLY",3,1,0,0,1,2023,"February","Saturday","11:22 am",60,"Sealed","Dry","Not Raining","Daylight","Hit Pedestrian",2,,,1336383.7,1681501.39
"2023-38188-19/09/2025","GUMERACHA","THE ADELAIDE HILLS COUNCIL",2,1,0,1,0,2023,"February","Saturday","12:40 pm",80,"Sealed","Dry","Not Raining","Daylight","Hit Fixed Object",1,,,1351629.35,1680383.05
"2023-38194-19/09/2025","GILLES DOWNS",,2,1,0,1,0,2023,"February","Saturday","03:05 pm",110,"Sealed","Dry","Not Raining","Daylight","Hit Fixed Object",1,,,1181468.27,1897241.7
"2023-38195-19/09/2025","TAPEROO","CITY OF PORT ADELAIDE ENFIELD",1,1,0,0,1,2023,"February","Saturday","05:25 pm",70,"Sealed","Dry","Not Raining","Daylight","Roll Over",1,,,1320423.54,1683800.82
"2023-38196-19/09/2025","STIRLING","THE ADELAIDE HILLS COUNCIL",2,1,0,0,1,2023,"February","Friday","07:00 am",60,"Sealed","Wet","Raining","Daylight","Rear End",2,,,1337535.02,1662266.53
"2023-38198-19/09/2025","WAMI KATA","CC PT.AUGUSTA.",1,4,0,0,4,2023,"February","Saturday","08:01 pm",60,"Unsealed","Dry","Not Raining","Daylight","Roll Over",1,,,1262182.6,1948326.49
"2023-38205-19/09/2025","SEMAPHORE PARK","CITY OF CHARLES STURT",2,1,0,0,1,2023,"February","Sunday","09:20 am",60,"Sealed","Dry","Not Raining","Daylight","Rear End",1,,,1317692.59,1678959.34
"2023-38206-19/09/2025","MOUNT BARKER","DC MT.BARKER.",2,1,0,0,1,2023,"February","Friday","05:30 pm",50,"Sealed","Wet","Raining","Daylight","Rear End",2,,,1352164.34,1653348.86
"2023-38207-19/09/2025","HENLEY BEACH SOUTH","CITY OF CHARLES STURT",2,1,0,0,1,2023,"February","Sunday","10:50 am",40,"Sealed","Dry","Not Raining","Daylight","Side Swipe",9,,,1319009.15,1670711.7
"2023-38212-19/09/2025","MELROSE","DC MT.REMARKABLE.",2,1,0,1,0,2023,"February","Sunday","01:20 pm",110,"Sealed","Dry","Not Raining","Daylight","Hit Fixed Object",1,,,1302266.85,1898816.2
"2023-38215-19/09/2025","BOOKABIE",,1,1,0,1,0,2023,"February","Sunday","12:05 am",100,"Unsealed","Dry","Not Raining","Night","Roll Over",1,"Y","Y",788546.05,2015942.75
"2023-38219-19/09/2025","NORTH ADELAIDE","CITY OF ADELAIDE",2,2,0,0,2,2023,"February","Sunday","09:30 pm",50,"Sealed","Dry","Not Raining","Night","Right Turn",1,,"Y",1329104.9,1672640.89
"2023-38221-19/09/2025","MELROSE PARK","CC MITCHAM.",2,1,1,0,0,2023,"February","Sunday","09:00 pm",60,"Sealed","Dry","Not Raining","Night","Hit Pedestrian",2,,,1325923.3,1664414.85
"2023-38223-19/09/2025","MURRAY BRIDGE","RC MURRAY BRIDGE.",2,1,0,0,1,2023,"January","Sunday","02:55 pm",60,"Sealed","Dry","Not Raining","Daylight","Right Angle",1,,,1388498.44,1644790.92
"2023-38232-19/09/2025","CLAPHAM","CC MITCHAM.",3,1,0,0,1,2023,"February","Monday","08:59 am",60,"Sealed","Dry","Not Raining","Daylight","Rear End",1,,,1328764.55,1663520.88
"2023-38235-19/09/2025","BLACK FOREST","CITY OF UNLEY",2,1,0,0,1,2023,"February","Sunday","05:20 pm",60,"Sealed","Dry","Not Raining","Daylight","Rear End",2,,,1325889.22,1666257.95
"2023-38236-19/09/2025","GLENELG EAST","CITY OF HOLDFAST BAY",2,1,0,0,1,2023,"February","Monday","12:00 pm",60,"Sealed","Dry","Not Raining","Daylight","Side Swipe",2,,,1321017.68,1664900.31
"2023-38239-19/09/2025","SALISBURY EAST","CITY OF SALISBURY",2,1,0,0,1,2023,"February","Monday","12:25 pm",60,"Sealed","Dry","Not Raining","Daylight","Hit Fixed Object",1,,,1335424.35,1686225.67
"2023-38241-19/09/2025","MEDINDIE","WALKERVILLE TOWN COUNCIL",4,3,0,0,3,2023,"February","Monday","12:40 pm",60,"Sealed","Dry","Not Raining","Daylight","Rear End",1,,,1328342.94,1673681.81
"2023-38243-19/09/2025","SAMPSON FLAT","CITY OF PLAYFORD.",2,1,0,0,1,2023,"February","Monday","02:46 pm",100,"Sealed","Dry","Not Raining","Daylight","Side Swipe",2,,,1346630.12,1692650.29
"2023-38244-19/09/2025","PORT AUGUSTA","CC PT.AUGUSTA.",2,1,0,0,1,2023,"February","Monday","07:00 am",50,"Sealed","Dry","Not Raining","Daylight","Right Turn",1,,,1260865.29,1940062.48
"2023-38257-19/09/2025","VERDUN","THE ADELAIDE HILLS COUNCIL",2,1,0,1,0,2023,"February","Monday","05:45 pm",80,"Sealed","Dry","Not Raining","Daylight","Right Angle",1,,,1345247.01,1659767.24
"2023-38263-19/09/2025","KILBURN","CITY OF PORT ADELAIDE ENFIELD",2,1,0,1,0,2023,"February","Monday","07:51 pm",60,"Sealed","Dry","Not Raining","Daylight","Right Angle",2,,,1327211.42,1677616.73
"2023-38266-19/09/2025","ATHELSTONE","CC CAMPBELLTOWN.",2,1,0,0,1,2023,"February","Monday","10:05 pm",60,"Sealed","Dry","Not Raining","Night","Hit Fixed Object",1,,,1339807.37,1677385.75
"2023-38268-19/09/2025","WINGFIELD","CITY OF PORT ADELAIDE ENFIELD",2,1,0,1,0,2023,"February","Tuesday","04:30 am",60,"Sealed","Dry","Not Raining","Night","Right Angle",2,,,1325526.91,1679186.68
"2023-38269-19/09/2025","CALOOTE","MID MURRAY DISTRICT COUNCIL",2,1,0,1,0,2023,"February","Tuesday","03:26 am",100,"Sealed","Dry","Not Raining","Night","Hit Fixed Object",1,,"Y",1385754.63,1667250.16
"2023-38272-19/09/2025","KILBURN","CITY OF PORT ADELAIDE ENFIELD",2,1,0,1,0,2023,"February","Tuesday","07:20 am",60,"Sealed","Dry","Not Raining","Daylight","Side Swipe",2,,,1327220.03,1676970.75
"2023-38274-19/09/2025","WESTBOURNE PARK","CC MITCHAM.",2,1,0,0,1,2023,"February","Tuesday","08:30 am",60,"Sealed","Dry","Not Raining","Daylight","Right Turn",1,,,1327526.46,1665567.22
"2023-38275-19/09/2025","GEPPS CROSS","CITY OF PORT ADELAIDE ENFIELD",2,1,0,0,1,2023,"February","Tuesday","09:30 am",60,"Sealed","Dry","Not Raining","Daylight","Rear End",2,,,1330377.19,1679303.05
"2023-38279-19/09/2025","TORRENSVILLE","CITY OF WEST TORRENS",3,1,0,0,1,2023,"February","Tuesday","10:10 am",50,"Sealed","Dry","Not Raining","Daylight","Hit Pedestrian",2,,,1325577.34,1670987.55
"2023-38284-19/09/2025","URRBRAE","CC MITCHAM.",2,1,0,0,1,2023,"January","Monday","07:45 am",60,"Sealed","Dry","Not Raining","Daylight","Rear End",2,,,1332450.54,1666289.36
"2023-38286-19/09/2025","WAITPINGA","DC VICTOR HARBOR.",2,2,0,1,1,2023,"February","Tuesday","01:38 pm",100,"Sealed","Dry","Not Raining","Daylight","Hit Fixed Object",1,,,1318783.74,1596390.63
"2023-38287-19/09/2025","GOOLWA","ALEXANDRINA COUNCIL",2,1,0,0,1,2023,"February","Tuesday","01:51 pm",50,"Sealed","Dry","Not Raining","Daylight","Right Angle",2,,,1342708.33,1606635.12
"2023-38293-19/09/2025","POORAKA","CITY OF SALISBURY",2,1,0,0,1,2023,"February","Tuesday","02:10 pm",60,"Sealed","Dry","Not Raining","Daylight","Rear End",2,,,1332550.84,1682328.1
"2023-38294-19/09/2025","ADELAIDE","CITY OF ADELAIDE",3,1,0,0,1,2023,"February","Tuesday","03:10 pm",50,"Sealed","Dry","Not Raining","Daylight","Hit Parked Vehicle",1,,,1328608.76,1671095.23
"2023-38295-19/09/2025","PENFIELD","CITY OF PLAYFORD.",3,1,0,0,1,2023,"February","Tuesday","04:13 pm",90,"Sealed","Dry","Not Raining","Daylight","Right Angle",2,,,1330273.75,1695487.58
"2023-38296-19/09/2025","LOWER INMAN VALLEY","DC VICTOR HARBOR.",2,1,0,1,0,2023,"February","Tuesday","01:45 pm",100,"Sealed","Dry","Not Raining","Daylight","Head On",1,,,1322290.01,1604944.19
"2023-38299-19/09/2025","REGENCY PARK","CITY OF PORT ADELAIDE ENFIELD",3,2,0,0,2,2023,"February","Tuesday","05:05 pm",60,"Sealed","Dry","Not Raining","Daylight","Rear End",1,,,1325585,1678478.77
"2023-38303-19/09/2025","SOUTH PLYMPTON","CC MARION.",2,1,0,0,1,2023,"February","Tuesday","05:25 pm",60,"Sealed","Dry","Not Raining","Daylight","Right Angle",1,,,1324287.13,1664897.63
"2023-38313-19/09/2025","ATHELSTONE","CC CAMPBELLTOWN.",2,1,0,1,0,2023,"February","Wednesday","07:00 am",50,"Sealed","Dry","Not Raining","Daylight","Hit Fixed Object",1,,,1338201.49,1676470.38
"2023-38322-19/09/2025","CROYDON PARK","CITY OF PORT ADELAIDE ENFIELD",2,1,0,0,1,2023,"February","Wednesday","10:20 am",50,"Sealed","Dry","Not Raining","Daylight","Right Angle",2,,,1325837.28,1676045.06
"2023-38325-19/09/2025","BRIGHTON","CITY OF HOLDFAST BAY",2,1,0,0,1,2023,"February","Wednesday","11:40 am",60,"Sealed","Dry","Not Raining","Daylight","Hit Fixed Object",1,,,1321134.23,1660776.13
"2023-38333-19/09/2025","ELIZABETH SOUTH","CITY OF PLAYFORD.",3,2,0,0,2,2023,"February","Wednesday","02:58 pm",60,"Sealed","Dry","Not Raining","Daylight","Rear End",1,,,1334718.36,1691538.95
"2023-38335-19/09/2025","GLENELG EAST","CITY OF HOLDFAST BAY",2,1,0,0,1,2023,"February","Tuesday","12:15 pm",60,"Sealed","Dry","Not Raining","Daylight","Rear End",2,,,1321009.72,1665152.44
"2023-38341-19/09/2025","RICHMOND","CITY OF WEST TORRENS",7,1,0,1,0,2023,"February","Wednesday","04:38 pm",60,"Sealed","Dry","Not Raining","Daylight","Rear End",1,,,1325780.33,1669463.64
"2023-38342-19/09/2025","HAPPY VALLEY","CITY OF ONKAPARINGA",3,1,0,0,1,2023,"March","Friday","02:24 pm",70,"Sealed","Dry","Not Raining","Daylight","Right Angle",2,,,1325546.48,1653383.59
"2023-38343-19/09/2025","BEVERLEY","CITY OF CHARLES STURT",2,1,0,0,1,2023,"February","Tuesday","03:40 pm",60,"Sealed","Dry","Not Raining","Daylight","Rear End",2,,,1324188.55,1673693.52
"2023-38345-19/09/2025","ADELAIDE","CITY OF ADELAIDE",2,1,0,0,1,2023,"February","Wednesday","05:40 pm",50,"Sealed","Dry","Not Raining","Daylight","Hit Parked Vehicle",1,,,1327923.36,1670579.52
"2023-38357-19/09/2025","MAGILL","CITY OF BURNSIDE",2,1,0,0,1,2023,"February","Thursday","08:38 am",50,"Sealed","Dry","Not Raining","Daylight","Right Turn",1,,,1335069.25,1671625.6
"2023-38359-19/09/2025","ADELAIDE","CITY OF ADELAIDE",1,1,0,1,0,2023,"February","Thursday","09:37 am",50,"Sealed","Dry","Not Raining","Daylight","Roll Over",1,,,1329506.62,1671005.25
"2023-38362-19/09/2025","TORRENSVILLE","CITY OF WEST TORRENS",2,1,0,0,1,2023,"February","Wednesday","03:30 pm",60,"Sealed","Dry","Not Raining","Daylight","Right Turn",2,,,1324421.37,1670947.93
"2023-38363-19/09/2025","SEATON","CITY OF CHARLES STURT",2,1,0,0,1,2023,"February","Thursday","08:30 am",50,"Sealed","Dry","Not Raining","Daylight","Right Angle",2,,,1321082.12,1674232.01
"2023-38368-19/09/2025","GLENSIDE","CITY OF BURNSIDE",2,1,0,0,1,2023,"February","Thursday","01:20 pm",60,"Sealed","Dry","Not Raining","Daylight","Right Angle",2,,"Y",1330688.49,1668750.86
"2023-38369-19/09/2025","OAKDEN","CITY OF PORT ADELAIDE ENFIELD",2,1,0,0,1,2023,"February","Thursday","01:40 pm",70,"Unsealed","Dry","Not Raining","Daylight","Rear End",2,,,1332015.63,1679296.5
"2023-38370-19/09/2025","MCLAREN VALE","CITY OF ONKAPARINGA",2,4,0,1,3,2023,"February","Thursday","01:28 pm",80,"Sealed","Dry","Not Raining","Daylight","Right Angle",1,,,1322188.53,1641792.06
"2023-38371-19/09/2025","EVANSTON GARDENS","CT GAWLER.",2,1,0,0,1,2023,"February","Thursday","02:10 pm",80,"Unsealed","Dry","Not Raining","Daylight","Right Angle",2,,,1339526.05,1703048.36
"2023-38375-19/09/2025","SALISBURY EAST","CITY OF SALISBURY",1,1,0,1,0,2023,"February","Thursday","02:12 pm",80,"Sealed","Dry","Not Raining","Daylight","Roll Over",1,,"Y",1336560.44,1687162.82
"2023-38376-19/09/2025","CROYDON","CITY OF CHARLES STURT",2,1,0,0,1,2023,"February","Thursday","01:00 pm",60,"Sealed","Dry","Not Raining","Daylight","Right Angle",1,,,1325065.94,1673881.27