"REPORT_ID","Suburb","LGA Name","Total Units","Total Cas","Total Fats","Total SI","Total MI","Year","Month","Day","Time","Area Speed","Road Surface","Moisture Cond","Weather Cond","DayNight","Crash Type","Unit Resp","DUI Involved","Drugs Involved","ACCLOC_X","ACCLOC_Y"
"2023-38377-19/09/2025","FLINDERS PARK","CITY OF CHARLES STURT",2,1,0,1,0,2023,"February","Thursday","03:00 pm",60,"Sealed","Dry","Not Raining","Daylight","Hit Pedestrian",2,,,1323975.43,1672713.67
"2023-38378-19/09/2025","KENT TOWN","CC OF NORWOOD,PAYNEHAM & ST PETERS",2,1,0,0,1,2023,"February","Thursday","03:30 pm",60,"Sealed","Dry","Not Raining","Daylight","Right Angle",2,,,1330555.43,1670400.29
"2023-38379-19/09/2025","ENFIELD","CITY OF PORT ADELAIDE ENFIELD",2,1,0,1,0,2023,"February","Thursday","03:25 pm",60,"Sealed","Dry","Not Raining","Daylight","Rear End",2,,,1328843.6,1677722.67
"2023-38382-19/09/2025","WOOLUNDUNGA","DC MT.REMARKABLE.",2,1,0,0,1,2023,"February","Thursday","03:28 pm",100,"Sealed","Dry","Not Raining","Daylight","Hit Fixed Object",1,,,1283927.92,1925843.7
"2023-38383-19/09/2025","STEPNEY","CC OF NORWOOD,PAYNEHAM & ST PETERS",2,1,0,0,1,2023,"January","Wednesday","06:30 pm",60,"Sealed","Dry","Not Raining","Daylight","Rear End",2,,,1330670.35,1671810.52
"2023-38384-19/09/2025","ELIZABETH VALE","CITY OF PLAYFORD.",2,1,0,0,1,2023,"February","Thursday","05:35 pm",50,"Sealed","Dry","Not Raining","Daylight","Right Angle",1,,,1334439.15,1689679.98
"2023-38389-19/09/2025","BALHANNAH","THE ADELAIDE HILLS COUNCIL",3,1,0,0,1,2023,"February","Thursday","05:45 pm",60,"Sealed","Dry","Not Raining","Daylight","Hit Fixed Object",1,,,1348295.47,1662170.72
"2023-38391-19/09/2025","TWO WELLS","DC MALLALA.",2,1,1,0,0,2023,"February","Thursday","05:35 pm",80,"Sealed","Dry","Not Raining","Daylight","Right Angle",1,,,1325633.59,1705430.23
"2023-38394-19/09/2025","SURREY DOWNS","CITY OF TEA TREE GULLY",3,1,0,0,1,2023,"February","Friday","04:19 am",60,"Sealed","Dry","Not Raining","Night","Rear End",1,,,1339639.81,1685137.08
"2023-38397-19/09/2025","ELIZABETH VALE","CITY OF PLAYFORD.",2,3,0,0,3,2023,"February","Friday","05:50 am",50,"Sealed","Dry","Not Raining","Night","Hit Parked Vehicle",2,,,1335920.52,1690654.45
"2023-38399-19/09/2025","WINGFIELD","CITY OF PORT ADELAIDE ENFIELD",2,1,0,0,1,2023,"February","Friday","08:06 am",50,"Sealed","Dry","Not Raining","Daylight","Right Turn",2,,,1323900.67,1679670.46
"2023-38400-19/09/2025","URRBRAE","CC MITCHAM.",2,1,0,0,1,2023,"February","Friday","09:08 am",60,"Sealed","Dry","Not Raining","Daylight","Right Angle",1,,,1331592.03,1666315.48
"2023-38402-19/09/2025","SALISBURY HEIGHTS","CITY OF SALISBURY",2,1,0,0,1,2023,"February","Friday","10:13 am",60,"Sealed","Dry","Unknown","Daylight","Rear End",1,,,1336138.48,1687767.31
"2023-38405-19/09/2025","WINGFIELD","CITY OF PORT ADELAIDE ENFIELD",2,2,0,0,2,2023,"February","Friday","10:44 am",60,"Sealed","Dry","Not Raining","Daylight","Right Angle",1,,,1324323.55,1679167.08
"2023-38407-19/09/2025","VICTOR HARBOR","DC VICTOR HARBOR.",2,2,0,0,2,2023,"February","Friday","12:25 pm",50,"Sealed","Dry","Not Raining","Daylight","Right Angle",2,,,1326922.09,1600215.17
"2023-38410-19/09/2025","PORT ADELAIDE","CITY OF PORT ADELAIDE ENFIELD",2,1,0,0,1,2023,"February","Friday","02:30 pm",60,"Sealed","Dry","Not Raining","Daylight","Side Swipe",2,,,1320503.64,1679198.66
"2023-38411-19/09/2025","HACKHAM","CITY OF ONKAPARINGA",2,1,0,0,1,2023,"February","Friday","02:00 pm",60,"Sealed","Dry","Not Raining","Daylight","Rear End",2,,,1321944.62,1646404.65
"2023-38415-19/09/2025","LINWOOD","LIGHT REGIONAL COUNCIL",2,1,0,0,1,2023,"February","Friday","03:15 pm",100,"Sealed","Dry","Not Raining","Daylight","Hit Fixed Object",1,,,1344601.32,1729975.34
"2023-38421-19/09/2025","URRBRAE","CC MITCHAM.",2,1,0,0,1,2023,"February","Friday","04:46 pm",60,"Sealed","Dry","Not Raining","Daylight","Right Turn",2,,,1330785.59,1665600.33
"2023-38422-19/09/2025","BOWDEN","CITY OF CHARLES STURT",3,2,0,0,2,2023,"February","Friday","04:46 pm",60,"Sealed","Dry","Not Raining","Daylight","Rear End",1,,,1326797.8,1672941.64
"2023-38428-19/09/2025","PORT ADELAIDE","CITY OF PORT ADELAIDE ENFIELD",2,1,0,0,1,2023,"February","Friday","06:09 pm",40,"Sealed","Dry","Not Raining","Daylight","Side Swipe",1,,,1319961.04,1679565
"2023-38435-19/09/2025","WILLASTON","CT GAWLER.",2,1,0,0,1,2023,"February","Friday","03:30 pm",50,"Sealed","Dry","Not Raining","Daylight","Head On",1,,"Y",1342858.7,1707560.36
"2023-38436-19/09/2025","YANKALILLA","DC YANKALILLA.",2,1,0,1,0,2023,"February","Friday","07:30 pm",50,"Sealed","Dry","Not Raining","Daylight","Hit Parked Vehicle",1,"Y",,1304062.64,1612251.61
"2023-38439-19/09/2025","PENOLA","WATTLE RANGE COUNCIL",3,1,1,0,0,2023,"February","Friday","10:00 pm",100,"Sealed","Dry","Not Raining","Night","Hit Fixed Object",1,,,1516914.4,1390199.89
"2023-38440-19/09/2025","NOARLUNGA CENTRE","CITY OF ONKAPARINGA",2,1,0,0,1,2023,"February","Saturday","12:48 am",50,"Sealed","Dry","Not Raining","Night","Hit Pedestrian",2,,,1318496.36,1647362.86
"2023-38444-19/09/2025","PENFIELD GARDENS","CITY OF PLAYFORD.",1,1,0,0,1,2023,"February","Saturday","08:20 am",110,"Sealed","Dry","Not Raining","Daylight","Roll Over",1,"Y",,1328783.16,1696969.48
"2023-38445-19/09/2025","PARK HOLME","CC MARION.",2,3,0,0,3,2023,"February","Saturday","09:00 am",50,"Sealed","Dry","Not Raining","Daylight","Right Turn",2,,,1324220.94,1663126.01
"2023-38449-19/09/2025","ROSEWATER","CITY OF PORT ADELAIDE ENFIELD",2,2,0,0,2,2023,"February","Saturday","11:10 am",60,"Sealed","Dry","Not Raining","Daylight","Rear End",1,,,1322249.44,1679114.9
"2023-38450-19/09/2025","WAIKERIE","LOXTON WAIKERIE DISTRICT COUNCIL",2,1,0,0,1,2023,"February","Saturday","11:30 am",80,"Sealed","Dry","Not Raining","Daylight","Right Angle",1,,,1458659.66,1747999.09
"2023-38451-19/09/2025","TAILEM BEND","COORONG DISTRICT COUNCIL",2,2,0,0,2,2023,"February","Saturday","10:16 am",110,"Sealed","Dry","Not Raining","Daylight","Hit Fixed Object",1,,,1402358.8,1625681.61
"2023-38452-19/09/2025","MINDARIE","DC KAROONDA EAST MURRAY.",1,1,0,0,1,2023,"February","Saturday","11:30 am",80,"Sealed","Dry","Not Raining","Daylight","Left Road - Out of Control",1,,,1476257.19,1676714.52
"2023-38457-19/09/2025","WOODFORDE","THE ADELAIDE HILLS COUNCIL",2,1,0,1,0,2023,"February","Saturday","10:17 am",60,"Sealed","Dry","Not Raining","Daylight","Head On",1,,,1336510.59,1672221.31
"2023-38458-19/09/2025","ROSETOWN","DC KINGSTON.",1,1,0,0,1,2023,"February","Saturday","12:02 pm",60,"Sealed","Dry","Not Raining","Daylight","Other",1,,,1434186.51,1455501.27
"2023-38462-19/09/2025","WILLIAMSTOWN","THE BAROSSA COUNCIL.",1,1,0,1,0,2023,"February","Saturday","02:45 pm",80,"Sealed","Dry","Not Raining","Daylight","Roll Over",1,,,1352017.25,1697094.62
"2023-38463-19/09/2025","LARGS BAY","CITY OF PORT ADELAIDE ENFIELD",2,1,0,0,1,2023,"February","Saturday","04:35 pm",60,"Sealed","Dry","Not Raining","Daylight","Hit Fixed Object",1,"Y",,1319761.7,1681896.15
"2023-38471-19/09/2025","MURRAY BRIDGE","RC MURRAY BRIDGE.",2,3,0,0,3,2023,"February","Saturday","09:19 pm",50,"Sealed","Dry","Not Raining","Night","Right Angle",2,,,1389372.14,1646826.6
"2023-38473-19/09/2025","DARLINGTON","CITY OF ONKAPARINGA",1,1,0,0,1,2023,"February","Saturday","11:30 pm",70,"Sealed","Dry","Not Raining","Night","Left Road - Out of Control",1,,,1324240.19,1658938.92
"2023-38477-19/09/2025","PLYMPTON","CITY OF WEST TORRENS",2,1,0,0,1,2023,"February","Sunday","10:45 am",60,"Sealed","Dry","Not Raining","Daylight","Right Turn",2,,,1324215.94,1667044.83
"2023-38480-19/09/2025","LYNTON","CC MITCHAM.",2,1,0,0,1,2023,"February","Sunday","01:00 pm",60,"Sealed","Dry","Not Raining","Daylight","Hit Fixed Object",1,,,1328930.93,1662468.53
"2023-38485-19/09/2025","ROSTREVOR","CC CAMPBELLTOWN.",2,2,0,0,2,2023,"February","Sunday","03:16 pm",60,"Sealed","Dry","Not Raining","Daylight","Right Turn",2,,,1335432.76,1673669.02
"2023-38486-19/09/2025","WINGFIELD","CITY OF PORT ADELAIDE ENFIELD",2,1,0,0,1,2023,"February","Sunday","04:15 pm",60,"Sealed","Dry","Not Raining","Daylight","Right Turn",2,,,1323907.77,1679152.42
"2023-38491-19/09/2025","ADELAIDE","CITY OF ADELAIDE",2,1,0,0,1,2023,"February","Sunday","07:47 pm",50,"Sealed","Dry","Not Raining","Daylight","Right Angle",2,,,1329445.43,1670060.09
"2023-38493-19/09/2025","CRAFERS","THE ADELAIDE HILLS COUNCIL",1,1,0,0,1,2023,"February","Friday","10:19 pm",60,"Sealed","Dry","Not Raining","Night","Roll Over",1,"Y","Y",1337711.36,1662590.36
"2023-38496-19/09/2025","PARADISE","CC CAMPBELLTOWN.",2,2,0,1,1,2023,"February","Sunday","09:11 pm",60,"Sealed","Dry","Not Raining","Night","Right Turn",1,,,1334461.82,1676974.32
"2023-38497-19/09/2025","NGAPALA","REGIONAL COUNCIL OF GOYDER",1,1,1,0,0,2023,"February","Sunday","07:00 pm",100,"Unsealed","Dry","Not Raining","Daylight","Roll Over",1,"Y",,1367073.74,1762347.99
"2023-38500-19/09/2025","PARADISE","CC CAMPBELLTOWN.",2,1,0,1,0,2023,"February","Monday","01:46 am",60,"Sealed","Dry","Not Raining","Night","Hit Fixed Object",1,,,1334977.76,1676227.32
"2023-38503-19/09/2025","PENFIELD","CITY OF PLAYFORD.",2,2,0,0,2,2023,"February","Monday","07:30 am",80,"Sealed","Dry","Not Raining","Daylight","Right Angle",1,,,1333441.32,1696359.08
"2023-38508-19/09/2025","BEDFORD PARK","CC MITCHAM.",2,5,0,0,5,2023,"February","Monday","08:55 am",70,"Sealed","Dry","Not Raining","Daylight","Right Angle",1,,,1325580.62,1660817.96
"2023-38510-19/09/2025","GLENSIDE","CITY OF BURNSIDE",2,1,0,0,1,2023,"February","Monday","08:45 am",50,"Sealed","Dry","Not Raining","Daylight","Right Angle",1,,,1331845.98,1668571.99
"2023-38520-19/09/2025","CAMPBELLTOWN","CC CAMPBELLTOWN.",2,1,0,0,1,2023,"February","Friday","03:35 pm",60,"Sealed","Dry","Not Raining","Daylight","Right Turn",2,,,1334019.07,1674941.22
"2023-38521-19/09/2025","BANGOR","DC MT.REMARKABLE.",2,1,0,0,1,2023,"February","Monday","05:00 am",100,"Sealed","Dry","Not Raining","Night","Hit Animal",2,,,1297378.74,1888186.82
"2023-38523-19/09/2025","STEPNEY","CC OF NORWOOD,PAYNEHAM & ST PETERS",2,1,0,0,1,2023,"February","Tuesday","03:55 pm",60,"Sealed","Dry","Not Raining","Daylight","Right Angle",2,,,1330600.73,1671714.93
"2023-38533-19/09/2025","STEPNEY","CC OF NORWOOD,PAYNEHAM & ST PETERS",2,1,0,0,1,2023,"January","Tuesday","08:30 am",60,"Sealed","Dry","Not Raining","Daylight","Right Turn",2,,,1330717.59,1671721.51
"2023-38541-19/09/2025","POORAKA","CITY OF SALISBURY",2,1,0,0,1,2023,"January","Tuesday","06:30 pm",70,"Sealed","Dry","Not Raining","Daylight","Hit Fixed Object",1,,,1330880.33,1682313.56
"2023-38549-19/09/2025","THRINGTON","COPPER COAST DISTRICT COUNCIL",1,1,0,0,1,2023,"February","Tuesday","08:05 am",100,"Sealed","Dry","Not Raining","Daylight","Left Road - Out of Control",1,,"Y",1257969.37,1775946.79
"2023-38550-19/09/2025","GLENSIDE","CITY OF BURNSIDE",2,1,0,0,1,2023,"February","Monday","05:00 pm",50,"Sealed","Dry","Not Raining","Daylight","Right Angle",1,,,1331692.3,1668352.18
"2023-38552-19/09/2025","KIDMAN PARK","CITY OF CHARLES STURT",2,1,0,0,1,2023,"February","Tuesday","09:15 am",60,"Sealed","Dry","Not Raining","Daylight","Right Turn",1,,,1322419.52,1673125.07
"2023-38558-19/09/2025","WEST LAKES SHORE","CITY OF CHARLES STURT",2,1,0,0,1,2023,"February","Tuesday","11:35 am",60,"Sealed","Dry","Not Raining","Daylight","Right Angle",1,,,1317949.8,1677015.65
"2023-38560-19/09/2025","HUDDLESTON","NORTHERN AREAS DISTRICT COUNCIL",1,1,0,0,1,2023,"February","Tuesday","11:18 am",110,"Sealed","Dry","Not Raining","Daylight","Roll Over",1,,,1304461.51,1855376.28
"2023-38565-19/09/2025","COROMANDEL VALLEY","CC MITCHAM.",2,1,0,0,1,2023,"February","Tuesday","03:45 pm",60,"Sealed","Dry","Not Raining","Daylight","Rear End",1,,,1330343.72,1658605.91
"2023-38566-19/09/2025","PANORAMA","CC MITCHAM.",3,1,0,0,1,2023,"February","Tuesday","03:31 pm",60,"Sealed","Dry","Not Raining","Daylight","Rear End",1,,,1328299.97,1663508.25
"2023-38568-19/09/2025","MUNNO PARA WEST","CITY OF PLAYFORD.",3,1,0,0,1,2023,"February","Tuesday","04:00 pm",60,"Sealed","Dry","Not Raining","Daylight","Rear End",1,,,1335569.85,1699169.63
"2023-38569-19/09/2025","MAWSON LAKES","CITY OF SALISBURY",2,4,0,0,4,2023,"February","Tuesday","04:30 pm",80,"Sealed","Dry","Not Raining","Daylight","Rear End",1,,,1328697.75,1683414.9
"2023-38570-19/09/2025","GLYNDE","CC OF NORWOOD,PAYNEHAM & ST PETERS",2,1,0,0,1,2023,"February","Tuesday","03:10 pm",60,"Sealed","Dry","Not Raining","Daylight","Rear End",2,,,1333785.54,1674516.59
"2023-38574-19/09/2025","PARALOWIE","CITY OF SALISBURY",2,1,0,0,1,2023,"February","Tuesday","06:11 pm",60,"Sealed","Dry","Not Raining","Daylight","Right Angle",1,,,1329611.23,1688273.54
"2023-38578-19/09/2025","NEWTON","CC CAMPBELLTOWN.",3,1,0,0,1,2023,"February","Tuesday","10:06 pm",60,"Sealed","Dry","Not Raining","Night","Roll Over",1,,"Y",1336317.78,1674578.27
"2023-38580-19/09/2025","WOODCROFT","CITY OF ONKAPARINGA",2,1,0,0,1,2023,"February","Tuesday","10:30 pm",50,"Sealed","Dry","Not Raining","Night","Hit Parked Vehicle",1,,,1323360.98,1651421.36
"2023-38583-19/09/2025","MILLSWOOD","CITY OF UNLEY",2,1,0,0,1,2023,"February","Wednesday","08:12 am",50,"Sealed","Dry","Not Raining","Daylight","Right Angle",2,,,1327888.81,1667391.95
"2023-38586-19/09/2025","BELAIR","CC MITCHAM.",2,1,0,1,0,2023,"February","Wednesday","03:30 pm",60,"Sealed","Dry","Not Raining","Daylight","Right Angle",2,,,1330496.73,1662617.09
"2023-38591-19/09/2025","PARALOWIE","CITY OF SALISBURY",2,1,0,1,0,2023,"February","Wednesday","10:00 am",60,"Sealed","Dry","Not Raining","Daylight","Hit Pedestrian",1,,,1328960.29,1689320.43
"2023-38593-19/09/2025","KLEMZIG","CITY OF PORT ADELAIDE ENFIELD",1,1,0,0,1,2023,"February","Wednesday","10:25 am",50,"Sealed","Dry","Not Raining","Daylight","Roll Over",1,,,1331903.3,1675223.33
"2023-38594-19/09/2025","HINDMARSH VALLEY","DC VICTOR HARBOR.",1,2,0,1,1,2023,"February","Wednesday","09:33 am",100,"Sealed","Dry","Not Raining","Daylight","Roll Over",1,,,1327031.45,1611407.35
"2023-38595-19/09/2025","SALISBURY NORTH","CITY OF SALISBURY",3,1,0,0,1,2023,"February","Wednesday","11:10 am",60,"Sealed","Dry","Not Raining","Daylight","Rear End",1,,,1331067.07,1690098.86
"2023-38604-19/09/2025","SALISBURY DOWNS","CITY OF SALISBURY",2,1,0,0,1,2023,"February","Wednesday","02:09 pm",50,"Sealed","Dry","Not Raining","Daylight","Right Angle",1,,,1331466.66,1688289.85
"2023-38612-19/09/2025","NORWOOD","CC OF NORWOOD,PAYNEHAM & ST PETERS",2,1,0,0,1,2023,"February","Tuesday","05:30 pm",60,"Sealed","Dry","Not Raining","Daylight","Hit Pedestrian",1,,,1330618,1671409.18
"2023-38618-19/09/2025","PARACOMBE","THE ADELAIDE HILLS COUNCIL",2,1,1,0,0,2023,"February","Wednesday","06:29 pm",80,"Sealed","Dry","Not Raining","Daylight","Hit Fixed Object",1,"Y",,1342735.19,1679423.83
"2023-38619-19/09/2025","MITCHAM","CC MITCHAM.",2,2,0,0,2,2023,"February","Wednesday","07:25 pm",50,"Sealed","Dry","Not Raining","Daylight","Hit Fixed Object",1,,,1330817.58,1664425.78
"2023-38624-19/09/2025","O'HALLORAN HILL","CITY OF ONKAPARINGA",3,1,0,0,1,2023,"February","Thursday","02:50 am",80,"Sealed","Dry","Not Raining","Night","Hit Fixed Object",1,"Y","Y",1324350.47,1656602.95
"2023-38627-19/09/2025","SEMAPHORE PARK","CITY OF CHARLES STURT",2,1,0,1,0,2023,"February","Thursday","08:00 am",60,"Sealed","Dry","Not Raining","Daylight","Right Angle",1,,,1317767.25,1679377.81
"2023-38629-19/09/2025","STEPNEY","CC OF NORWOOD,PAYNEHAM & ST PETERS",2,1,0,0,1,2023,"February","Thursday","08:30 am",60,"Sealed","Dry","Not Raining","Daylight","Side Swipe",1,,,1330723.32,1671721.68
"2023-38632-19/09/2025","TOORAK GARDENS","CITY OF BURNSIDE",2,2,0,0,2,2023,"February","Thursday","08:30 am",60,"Sealed","Dry","Not Raining","Daylight","Side Swipe",2,,,1331564.71,1669025.97
"2023-38633-19/09/2025","NORTH ADELAIDE","CITY OF ADELAIDE",2,1,0,0,1,2023,"February","Thursday","08:40 am",60,"Sealed","Dry","Not Raining","Daylight","Side Swipe",1,,,1327655.17,1671645.48
"2023-38637-19/09/2025","BEVERLEY","CITY OF CHARLES STURT",2,1,0,0,1,2023,"February","Wednesday","10:30 am",60,"Sealed","Dry","Not Raining","Daylight","Rear End",2,,,1324202.16,1673179.38
"2023-38638-19/09/2025","COMPTON","DISTRICT COUNCIL OF GRANT",2,1,0,0,1,2023,"February","Wednesday","10:30 am",100,"Unsealed","Dry","Not Raining","Daylight","Side Swipe",1,,,1496781.64,1344717.94
"2023-38651-19/09/2025","MAGILL","CITY OF BURNSIDE",2,1,0,0,1,2023,"February","Wednesday","05:05 pm",60,"Sealed","Dry","Not Raining","Daylight","Side Swipe",1,,,1335484.44,1671759.47
"2023-38652-19/09/2025","DUDLEY WEST","KANGAROO ISLAND COUNCIL",2,1,0,1,0,2023,"February","Thursday","03:57 pm",100,"Sealed","Dry","Not Raining","Daylight","Hit Fixed Object",1,,,1262313.42,1580660
"2023-38658-19/09/2025","URAIDLA","THE ADELAIDE HILLS COUNCIL",2,1,0,0,1,2023,"February","Thursday","05:30 pm",80,"Sealed","Dry","Not Raining","Daylight","Head On",1,,,1341018.46,1665235.81
"2023-38662-19/09/2025","QUORN","THE FLINDERS RANGES COUNCIL.",2,1,1,0,0,2023,"February","Thursday","05:20 pm",110,"Sealed","Dry","Not Raining","Daylight","Hit Fixed Object",1,,,1279002.03,1948694.64
"2023-38664-19/09/2025","OSBORNE","CITY OF PORT ADELAIDE ENFIELD",2,1,0,0,1,2023,"February","Thursday","07:05 pm",50,"Sealed","Dry","Not Raining","Daylight","Hit Fixed Object",1,,"Y",1319366.42,1685323.65
"2023-38665-19/09/2025","WATERLOO CORNER","CITY OF SALISBURY",2,1,0,0,1,2023,"February","Thursday","07:55 pm",70,"Sealed","Dry","Not Raining","Daylight","Roll Over",1,,,1328258.79,1692163.2
"2023-38668-19/09/2025","UNDERDALE","CITY OF WEST TORRENS",2,1,0,0,1,2023,"February","Thursday","07:40 pm",60,"Sealed","Dry","Not Raining","Daylight","Right Angle",2,,,1324328.53,1670949.89
"2023-38671-19/09/2025","WEST HINDMARSH","CITY OF CHARLES STURT",2,1,0,1,0,2023,"February","Friday","07:30 am",60,"Sealed","Dry","Not Raining","Daylight","Right Angle",2,,,1324994.09,1673199.93
"2023-38672-19/09/2025","SEMAPHORE","CITY OF PORT ADELAIDE ENFIELD",2,1,0,1,0,2023,"February","Friday","07:32 am",50,"Sealed","Dry","Not Raining","Daylight","Side Swipe",1,,,1317872.96,1680668.28
"2023-38673-19/09/2025","TORRENSVILLE","CITY OF WEST TORRENS",2,1,0,0,1,2023,"February","Friday","07:37 am",60,"Sealed","Dry","Not Raining","Daylight","Right Turn",2,,,1325651.24,1671465.47
"2023-38674-19/09/2025","SOUTH BRIGHTON","CITY OF HOLDFAST BAY",2,1,0,0,1,2023,"February","Friday","08:25 am",60,"Sealed","Dry","Not Raining","Daylight","Right Angle",1,,,1321167.91,1659884.56
"2023-38678-19/09/2025","ROSSLYN PARK","CITY OF BURNSIDE",2,1,0,1,0,2023,"February","Friday","11:20 am",60,"Sealed","Dry","Not Raining","Daylight","Hit Pedestrian",2,,,1335500.57,1671157.56
"2023-38682-19/09/2025","MOUNT GAMBIER","CC MT.GAMBIER.",2,1,0,0,1,2023,"February","Thursday","04:40 pm",50,"Sealed","Dry","Not Raining","Daylight","Rear End",2,,,1509805.52,1340997.45
"2023-38684-19/09/2025","MAWSON LAKES","CITY OF SALISBURY",2,1,0,0,1,2023,"February","Friday","01:10 pm",60,"Sealed","Dry","Not Raining","Daylight","Rear End",2,,,1329562.6,1684418.44
"2023-38696-19/09/2025","DAW PARK","CC MITCHAM.",2,1,0,0,1,2023,"February","Friday","04:00 pm",60,"Sealed","Dry","Not Raining","Daylight","Right Angle",2,,,1327049.6,1664980.84
"2023-38698-19/09/2025","RISDON PARK","PT.PIRIE CITY & DIST. COUNCIL",2,1,0,0,1,2023,"February","Friday","12:20 pm",50,"Sealed","Dry","Not Raining","Daylight","Right Angle",1,,,1278849.47,1863513.39
"2023-38699-19/09/2025","RICHMOND","CITY OF WEST TORRENS",3,2,0,0,2,2023,"February","Friday","04:19 pm",50,"Sealed","Dry","Not Raining","Daylight","Rear End",1,,,1324985.03,1669342.43
"2023-38707-19/09/2025","STEPNEY","CC OF NORWOOD,PAYNEHAM & ST PETERS",2,1,0,0,1,2023,"February","Tuesday","08:00 am",60,"Sealed","Dry","Not Raining","Daylight","Side Swipe",2,,,1331574.13,1671744.32
"2023-38711-19/09/2025","WARRADALE","CC MARION.",2,1,0,0,1,2023,"February","Friday","05:05 pm",60,"Sealed","Dry","Not Raining","Daylight","Right Angle",2,,,1322069.73,1662697.95
"2023-38712-19/09/2025","ADELAIDE","CITY OF ADELAIDE",3,3,0,0,3,2023,"February","Friday","06:17 pm",60,"Sealed","Dry","Not Raining","Daylight","Rear End",1,,,1329589.22,1671177.82
"2023-38714-19/09/2025","COULTA","DC LOWER EYRE PENINSULA",3,1,0,0,1,2023,"February","Friday","06:00 pm",40,"Unsealed","Dry","Not Raining","Daylight","Hit Fixed Object",1,,,1035380.14,1737684.92
"2023-38715-19/09/2025","MALVERN","CITY OF UNLEY",2,1,0,0,1,2023,"February","Friday","08:30 am",60,"Sealed","Dry","Not Raining","Daylight","Right Turn",1,,,1329131.93,1666458.22
"2023-38720-19/09/2025","HINDMARSH ISLAND","ALEXANDRINA COUNCIL",1,1,1,0,0,2023,"February","Friday","03:23 am",10,"Sealed","Dry","Not Raining","Night","Other",1,"Y",,1344509.05,1604910.83
"2023-38721-19/09/2025","FLAGSTAFF HILL","CITY OF ONKAPARINGA",1,1,0,0,1,2023,"February","Friday","10:06 pm",70,"Sealed","Dry","Not Raining","Night","Roll Over",1,,,1324766.38,1658831.04
"2023-38722-19/09/2025","CHARLTON GULLY","DC LOWER EYRE PENINSULA",2,1,0,1,0,2023,"February","Thursday","12:30 pm",100,"Unsealed","Dry","Not Raining","Daylight","Hit Fixed Object",1,,,1070676.27,1718479.97
"2023-38730-19/09/2025","HOVE","CITY OF HOLDFAST BAY",2,1,0,0,1,2023,"February","Saturday","08:15 am",60,"Sealed","Dry","Not Raining","Daylight","Hit Pedestrian",2,,,1321118.95,1661326.18
"2023-38732-19/09/2025","RICHMOND","CITY OF WEST TORRENS",2,1,0,0,1,2023,"February","Wednesday","03:45 pm",60,"Sealed","Dry","Not Raining","Daylight","Rear End",2,,,1325789.86,1669480.18
"2023-38733-19/09/2025","WESTALL","DC STREAKY BAY.",1,4,0,1,3,2023,"February","Saturday","12:40 pm",100,"Unsealed","Dry","Not Raining","Daylight","Roll Over",1,,,916221.95,1899162.38
"2023-38734-19/09/2025","BIRKENHEAD","CITY OF PORT ADELAIDE ENFIELD",2,1,0,0,1,2023,"February","Saturday","04:07 pm",60,"Sealed","Dry","Not Raining","Daylight","Rear End",2,,,1319898.07,1680563.63
"2023-38736-19/09/2025","MIDDLETON","ALEXANDRINA COUNCIL",3,1,0,0,1,2023,"February","Saturday","04:14 pm",100,"Unsealed","Dry","Not Raining","Daylight","Hit Fixed Object",1,,,1337516.35,1606373.54
"2023-38738-19/09/2025","FINDON","CITY OF CHARLES STURT",2,1,0,0,1,2023,"February","Saturday","05:05 pm",60,"Sealed","Dry","Not Raining","Daylight","Right Angle",2,,,1322636.67,1673123.36
"2023-38739-19/09/2025","WINGFIELD","CITY OF PORT ADELAIDE ENFIELD",2,1,0,0,1,2023,"February","Saturday","04:00 am",90,"Sealed","Dry","Not Raining","Night","Hit Fixed Object",1,,,1326473.12,1681039.72
"2023-38743-19/09/2025","ADELAIDE","CITY OF ADELAIDE",2,1,0,0,1,2023,"February","Saturday","07:04 pm",50,"Sealed","Dry","Not Raining","Daylight","Right Turn",2,,,1329604.68,1669909.47
"2023-38744-19/09/2025","HEATHFIELD","THE ADELAIDE HILLS COUNCIL",2,1,0,0,1,2023,"February","Saturday","05:45 pm",80,"Unsealed","Dry","Not Raining","Daylight","Roll Over",1,"Y",,1338011.78,1658808.89
"2023-38746-19/09/2025","PORT NOARLUNGA","CITY OF ONKAPARINGA",3,1,0,1,0,2023,"February","Saturday","09:45 pm",50,"Sealed","Dry","Not Raining","Night","Hit Fixed Object",1,"Y",,1315892.74,1646391.81
"2023-38748-19/09/2025","UPPER STURT","CC MITCHAM.",2,1,0,1,0,2023,"February","Sunday","03:02 am",60,"Sealed","Dry","Not Raining","Night","Hit Fixed Object",1,"Y","Y",1333688.1,1659628.29
"2023-38749-19/09/2025","PORTER LAGOON","REGIONAL COUNCIL OF GOYDER",1,1,0,1,0,2023,"February","Saturday","01:35 pm",110,"Sealed","Dry","Not Raining","Daylight","Other",1,,,1355249.85,1793596.54