"REPORT_ID","Suburb","LGA Name","Total Units","Total Cas","Total Fats","Total SI","Total MI","Year","Month","Day","Time","Area Speed","Road Surface","Moisture Cond","Weather Cond","DayNight","Crash Type","Unit Resp","DUI Involved","Drugs Involved","ACCLOC_X","ACCLOC_Y"
"2023-38754-19/09/2025","COOMUNGA","DC LOWER EYRE PENINSULA",2,2,0,0,2,2023,"February","Sunday","02:30 am",80,"Sealed","Dry","Not Raining","Night","Hit Fixed Object",1,,,1063598.29,1707717.85
"2023-38758-19/09/2025","BLACKFORD","DC KINGSTON.",2,1,0,1,0,2023,"February","Sunday","12:54 am",110,"Sealed","Dry","Not Raining","Night","Hit Animal",2,,,1446150.18,1458206.99
"2023-38761-19/09/2025","LOXTON NORTH","LOXTON WAIKERIE DISTRICT COUNCIL",2,1,0,0,1,2023,"February","Sunday","12:00 pm",110,"Sealed","Dry","Not Raining","Daylight","Side Swipe",1,,,1513679.43,1720131.44
"2023-38762-19/09/2025","HYDE PARK","CITY OF UNLEY",2,1,0,0,1,2023,"February","Sunday","12:44 pm",40,"Sealed","Dry","Not Raining","Daylight","Side Swipe",1,,,1328345.16,1667012.41
"2023-38767-19/09/2025","POORAKA","CITY OF SALISBURY",2,1,0,0,1,2023,"February","Sunday","03:04 pm",70,"Sealed","Dry","Not Raining","Daylight","Right Angle",1,,,1330499.62,1681832.25
"2023-38771-19/09/2025","HOLDEN HILL","CITY OF TEA TREE GULLY",2,1,0,1,0,2023,"February","Sunday","02:30 pm",50,"Sealed","Dry","Not Raining","Daylight","Right Turn",1,,,1335324.72,1678172.34
"2023-38772-19/09/2025","PAYNEHAM","CC OF NORWOOD,PAYNEHAM & ST PETERS",2,1,0,0,1,2023,"February","Sunday","12:30 pm",60,"Sealed","Dry","Not Raining","Daylight","Rear End",2,,,1332176.1,1673782.43
"2023-38774-19/09/2025","DOVER GARDENS","CC MARION.",2,1,0,0,1,2023,"February","Sunday","04:20 pm",50,"Sealed","Dry","Not Raining","Daylight","Hit Parked Vehicle",1,,,1322120.79,1659627.19
"2023-38775-19/09/2025","GREENWITH","CITY OF TEA TREE GULLY",2,1,0,1,0,2023,"February","Sunday","04:55 pm",50,"Sealed","Dry","Not Raining","Daylight","Hit Fixed Object",1,"Y",,1339711.67,1688474.52
"2023-38779-19/09/2025","COULTA","DC LOWER EYRE PENINSULA",2,1,0,1,0,2023,"February","Sunday","06:51 pm",80,"Unsealed","Dry","Not Raining","Daylight","Roll Over",1,"Y","Y",1040218.02,1727461.53
"2023-38780-19/09/2025","MCLAREN VALE","CITY OF ONKAPARINGA",2,1,0,0,1,2023,"February","Sunday","08:53 pm",50,"Sealed","Dry","Not Raining","Night","Head On",2,"Y",,1322822.02,1637885.42
"2023-38781-19/09/2025","CHERRY GARDENS","CITY OF ONKAPARINGA",2,3,0,1,2,2023,"February","Sunday","10:41 pm",70,"Sealed","Dry","Not Raining","Night","Hit Fixed Object",1,,,1334685.28,1653313.59
"2023-38782-19/09/2025","WEST BEACH","CITY OF WEST TORRENS",2,1,0,1,0,2023,"February","Monday","06:15 am",80,"Sealed","Dry","Not Raining","Night","Right Angle",1,,,1320905.51,1669254.99
"2023-38783-19/09/2025","ARDROSSAN","YORKE PENINSULA COUNCIL",2,2,0,0,2,2023,"February","Sunday","05:45 pm",80,"Sealed","Dry","Not Raining","Daylight","Hit Fixed Object",1,,,1267225,1728656.45
"2023-38784-19/09/2025","HINDMARSH VALLEY","DC VICTOR HARBOR.",1,1,0,0,1,2023,"February","Sunday","01:45 pm",100,"Sealed","Dry","Not Raining","Daylight","Left Road - Out of Control",1,,"Y",1324947.57,1610580.49
"2023-38785-19/09/2025","HAPPY VALLEY","CITY OF ONKAPARINGA",2,1,0,0,1,2023,"February","Wednesday","06:05 pm",50,"Sealed","Dry","Not Raining","Daylight","Rear End",2,,,1324163.2,1653148.9
"2023-38788-19/09/2025","GAWLER EAST","CT GAWLER.",3,1,0,0,1,2023,"February","Monday","07:44 am",50,"Sealed","Dry","Not Raining","Daylight","Hit Fixed Object",1,,,1343740.77,1706182.35
"2023-38789-19/09/2025","BARMERA","THE BERRI BARMERA COUNCIL",2,2,0,0,2,2023,"February","Monday","09:27 am",100,"Sealed","Dry","Not Raining","Daylight","Right Angle",2,,,1504854.03,1735900.77
"2023-38792-19/09/2025","HENLEY BEACH","CITY OF CHARLES STURT",2,1,0,0,1,2023,"February","Friday","11:00 am",50,"Sealed","Dry","Not Raining","Daylight","Side Swipe",2,,,1318785.81,1672158.89
"2023-38794-19/09/2025","DAW PARK","CC MITCHAM.",2,1,0,0,1,2023,"February","Sunday","09:00 am",50,"Sealed","Dry","Not Raining","Daylight","Hit Parked Vehicle",1,,,1326721.98,1664864.73
"2023-38799-19/09/2025","DRY CREEK","CITY OF SALISBURY",2,1,0,0,1,2023,"February","Monday","11:26 am",110,"Sealed","Dry","Not Raining","Daylight","Hit Fixed Object",1,,,1325417.34,1682276.99
"2023-38808-19/09/2025","HAPPY VALLEY","CITY OF ONKAPARINGA",2,1,0,0,1,2023,"February","Monday","04:30 pm",60,"Sealed","Dry","Not Raining","Daylight","Right Angle",1,,,1326281.49,1653501.44
"2023-38810-19/09/2025","MUNNO PARA","CITY OF PLAYFORD.",2,1,0,0,1,2023,"February","Monday","05:50 pm",60,"Sealed","Dry","Not Raining","Daylight","Rear End",1,,,1337740.54,1698009.49
"2023-38811-19/09/2025","RISDON PARK","PT.PIRIE CITY & DIST. COUNCIL",2,1,0,1,0,2023,"February","Monday","06:40 pm",50,"Sealed","Dry","Not Raining","Daylight","Hit Fixed Object",1,,"Y",1279464.92,1864530.55
"2023-38816-19/09/2025","ANGLE VALE","CITY OF PLAYFORD.",2,1,0,0,1,2023,"February","Sunday","11:00 am",50,"Unsealed","Dry","Not Raining","Daylight","Hit Fixed Object",1,,,1332436.66,1703278.06
"2023-38818-19/09/2025","NORTH ADELAIDE","CITY OF ADELAIDE",2,1,0,0,1,2023,"February","Monday","09:48 pm",50,"Sealed","Dry","Not Raining","Night","Hit Pedestrian",1,,,1329224.85,1672715.63
"2023-38824-19/09/2025","COONALPYN","COORONG DISTRICT COUNCIL",2,1,0,1,0,2023,"February","Tuesday","02:15 am",110,"Sealed","Dry","Not Raining","Night","Head On",1,,,1436969.23,1586194.08
"2023-38832-19/09/2025","BURNSIDE","CITY OF BURNSIDE",2,1,0,0,1,2023,"February","Tuesday","08:51 am",50,"Sealed","Dry","Not Raining","Daylight","Hit Fixed Object",1,,,1334476.3,1669315.23
"2023-38833-19/09/2025","EVERARD PARK","CITY OF UNLEY",4,1,0,1,0,2023,"February","Tuesday","08:55 am",60,"Sealed","Dry","Not Raining","Daylight","Side Swipe",2,,,1325852.74,1667236.71
"2023-38837-19/09/2025","THEBARTON","CITY OF WEST TORRENS",2,1,0,1,0,2023,"February","Tuesday","09:27 am",60,"Sealed","Dry","Not Raining","Daylight","Right Turn",2,,,1325687.29,1671374.32
"2023-38838-19/09/2025","TOTNESS","DC MT.BARKER.",3,1,0,0,1,2023,"February","Tuesday","08:15 am",80,"Sealed","Dry","Not Raining","Daylight","Rear End",2,,,1350984.56,1655305.14
"2023-38841-19/09/2025","MAYLANDS","CC OF NORWOOD,PAYNEHAM & ST PETERS",3,2,0,0,2,2023,"February","Tuesday","11:13 am",60,"Sealed","Dry","Not Raining","Daylight","Rear End",1,,,1331674.12,1671747.42
"2023-38843-19/09/2025","MOUNT BARKER","DC MT.BARKER.",2,1,0,0,1,2023,"February","Tuesday","11:45 am",50,"Sealed","Dry","Not Raining","Daylight","Right Angle",2,,,1351413.86,1654498.06
"2023-38844-19/09/2025","LAMEROO","SOUTHERN MALLEE DISTRICT COUNCIL",1,1,1,0,0,2023,"February","Monday","08:50 pm",100,"Unsealed","Dry","Not Raining","Night","Roll Over",1,"Y",,1498694.27,1604555.49
"2023-38850-19/09/2025","MUNNO PARA","CITY OF PLAYFORD.",2,1,0,0,1,2023,"February","Tuesday","04:10 pm",90,"Sealed","Dry","Not Raining","Daylight","Rear End",1,,,1338705.02,1698678.54
"2023-38851-19/09/2025","WELLAND","CITY OF CHARLES STURT",2,1,0,0,1,2023,"February","Tuesday","04:28 pm",60,"Sealed","Dry","Not Raining","Daylight","Right Angle",2,,,1324881.94,1673976.81
"2023-38864-19/09/2025","PROSPECT","CITY OF PROSPECT",2,1,0,0,1,2023,"February","Tuesday","05:20 pm",40,"Unknown","Unknown","Unknown","Daylight","Hit Pedestrian",2,,,1328096.09,1674778.16
"2023-38866-19/09/2025","HACKNEY","CC OF NORWOOD,PAYNEHAM & ST PETERS",2,1,0,1,0,2023,"February","Wednesday","05:14 am",60,"Sealed","Dry","Not Raining","Night","Right Turn",1,,,1329888.83,1671303.98
"2023-38868-19/09/2025","ELIZABETH VALE","CITY OF PLAYFORD.",2,1,0,0,1,2023,"February","Wednesday","08:51 am",60,"Sealed","Dry","Not Raining","Daylight","Rear End",2,,,1335092.33,1690006.61
"2023-38870-19/09/2025","DOVER GARDENS","CC MARION.",2,1,0,0,1,2023,"February","Wednesday","09:39 am",60,"Sealed","Dry","Not Raining","Daylight","Hit Parked Vehicle",2,,,1322450.7,1660590.6
"2023-38872-19/09/2025","WARRADALE","CC MARION.",2,1,0,0,1,2023,"February","Wednesday","08:45 am",60,"Sealed","Dry","Not Raining","Daylight","Rear End",2,,,1321899.38,1663030.85
"2023-38874-19/09/2025","HENLEY BEACH SOUTH","CITY OF CHARLES STURT",2,1,0,0,1,2023,"February","Saturday","07:00 am",50,"Sealed","Dry","Not Raining","Daylight","Right Angle",2,,,1318945.12,1670993.17
"2023-38877-19/09/2025","PARAFIELD","CITY OF SALISBURY",2,2,0,0,2,2023,"February","Tuesday","08:55 pm",80,"Sealed","Dry","Not Raining","Night","Rear End",2,,,1331785.25,1683489.99
"2023-38879-19/09/2025","WILLAMULKA","COPPER COAST DISTRICT COUNCIL",3,1,0,0,1,2023,"February","Wednesday","06:21 am",100,"Sealed","Dry","Not Raining","Night","Hit Animal",2,,,1256145.46,1782912.62
"2023-38881-19/09/2025","BOLIVAR","CITY OF SALISBURY",2,1,0,0,1,2023,"February","Wednesday","06:45 am",110,"Sealed","Dry","Not Raining","Night","Side Swipe",1,,,1327932.77,1687224.58
"2023-38887-19/09/2025","MAWSON LAKES","CITY OF SALISBURY",3,1,0,0,1,2023,"February","Wednesday","02:45 pm",60,"Sealed","Dry","Not Raining","Daylight","Rear End",2,,,1329549.75,1684430.78
"2023-38888-19/09/2025","WARNERTOWN","PT.PIRIE CITY & DIST. COUNCIL",2,1,0,0,1,2023,"February","Wednesday","04:45 pm",110,"Sealed","Dry","Not Raining","Daylight","Hit Fixed Object",1,,,1290665.13,1857976.74
"2023-38889-19/09/2025","FULHAM","CITY OF WEST TORRENS",2,1,0,0,1,2023,"February","Wednesday","04:35 pm",60,"Sealed","Dry","Not Raining","Daylight","Hit Fixed Object",1,,,1320977.06,1670754.48
"2023-38890-19/09/2025","ST MARYS","CC MITCHAM.",2,2,0,0,2,2023,"February","Wednesday","04:50 pm",60,"Sealed","Dry","Not Raining","Daylight","Side Swipe",2,,,1325989.22,1662051.91
"2023-38896-19/09/2025","INGLEWOOD","THE ADELAIDE HILLS COUNCIL",2,1,0,0,1,2023,"February","Wednesday","10:10 pm",80,"Sealed","Dry","Not Raining","Night","Head On",2,,,1346516.1,1681794.2
"2023-38897-19/09/2025","WESTBOURNE PARK","CC MITCHAM.",2,1,0,0,1,2023,"February","Thursday","06:30 am",60,"Sealed","Dry","Not Raining","Night","Right Angle",1,,,1327546.38,1664994.52
"2023-38902-19/09/2025","MITCHELL PARK","CC MARION.",2,1,0,0,1,2023,"February","Thursday","09:01 am",60,"Sealed","Dry","Not Raining","Daylight","Hit Pedestrian",1,,,1324365.27,1662237.21
"2023-38903-19/09/2025","HACKNEY","CC OF NORWOOD,PAYNEHAM & ST PETERS",2,1,0,0,1,2023,"February","Thursday","07:50 am",60,"Sealed","Dry","Not Raining","Daylight","Rear End",2,,,1329851.69,1671640.75
"2023-38907-19/09/2025","TORRENSVILLE","CITY OF WEST TORRENS",2,3,0,3,0,2023,"February","Thursday","09:35 am",50,"Sealed","Dry","Not Raining","Daylight","Right Angle",1,,,1324852.7,1671393.01
"2023-38908-19/09/2025","HIGHLAND VALLEY","ALEXANDRINA COUNCIL",1,1,0,0,1,2023,"February","Thursday","09:40 am",100,"Sealed","Dry","Not Raining","Daylight","Roll Over",1,,,1358018.02,1643731.86
"2023-38911-19/09/2025","COROMANDEL VALLEY","CITY OF ONKAPARINGA",2,1,0,0,1,2023,"February","Thursday","08:30 am",60,"Sealed","Dry","Not Raining","Daylight","Right Angle",1,,,1329865.42,1656950.53
"2023-38913-19/09/2025","PORT LINCOLN","CC PT.LINCOLN.",3,1,0,0,1,2023,"February","Thursday","10:22 am",40,"Sealed","Dry","Not Raining","Daylight","Hit Fixed Object",1,,,1078492.53,1698595.48
"2023-38920-19/09/2025","ST AGNES","CITY OF TEA TREE GULLY",2,2,0,0,2,2023,"February","Thursday","02:50 pm",60,"Sealed","Dry","Not Raining","Daylight","Right Angle",2,,,1339756.81,1680943.64
"2023-38921-19/09/2025","FULLARTON","CITY OF UNLEY",2,1,0,0,1,2023,"February","Thursday","01:40 pm",60,"Sealed","Dry","Not Raining","Daylight","Right Angle",1,,,1330731.84,1667482.42
"2023-38922-19/09/2025","WINGFIELD","CITY OF PORT ADELAIDE ENFIELD",2,1,0,1,0,2023,"February","Thursday","03:45 pm",50,"Sealed","Dry","Not Raining","Daylight","Right Turn",2,,"Y",1323891.44,1680182.6
"2023-38927-19/09/2025","WEST CROYDON","CITY OF CHARLES STURT",2,2,0,0,2,2023,"February","Thursday","04:23 pm",60,"Sealed","Dry","Not Raining","Daylight","Rear End",2,,,1324248.97,1674590.54
"2023-38932-19/09/2025","TOORAK GARDENS","CITY OF BURNSIDE",2,1,0,0,1,2023,"February","Thursday","05:20 pm",60,"Unsealed","Dry","Not Raining","Daylight","Rear End",2,,,1332132.96,1669050.71
"2023-38934-19/09/2025","LOXTON NORTH","LOXTON WAIKERIE DISTRICT COUNCIL",3,1,0,1,0,2023,"February","Thursday","03:00 pm",80,"Sealed","Dry","Not Raining","Daylight","Hit Fixed Object",1,,,1517546.57,1717754.67
"2023-38935-19/09/2025","TORRENS PARK","CC MITCHAM.",2,2,0,1,1,2023,"February","Thursday","06:50 pm",60,"Sealed","Dry","Not Raining","Daylight","Side Swipe",1,,,1329280.12,1663272.21
"2023-38937-19/09/2025","PROSPECT","CITY OF PROSPECT",2,1,0,0,1,2023,"February","Friday","08:03 am",60,"Sealed","Dry","Not Raining","Daylight","Right Turn",1,,,1328059.86,1676413.62
"2023-38938-19/09/2025","MORPHETT VALE","CITY OF ONKAPARINGA",2,1,0,0,1,2023,"February","Friday","08:34 am",60,"Sealed","Dry","Not Raining","Daylight","Right Turn",2,,,1321026.3,1651031.39
"2023-38951-19/09/2025","HACKHAM WEST","CITY OF ONKAPARINGA",2,1,0,0,1,2023,"February","Friday","12:20 pm",60,"Sealed","Dry","Not Raining","Daylight","Right Angle",1,,,1320828.65,1647530.89
"2023-38952-19/09/2025","NORWOOD","CC OF NORWOOD,PAYNEHAM & ST PETERS",2,1,0,0,1,2023,"February","Thursday","07:15 pm",60,"Sealed","Dry","Not Raining","Daylight","Right Angle",2,,"Y",1331874.28,1670398.69
"2023-38955-19/09/2025","CLOVELLY PARK","CC MARION.",1,1,0,0,1,2023,"February","Friday","11:40 am",60,"Sealed","Dry","Not Raining","Daylight","Roll Over",1,,,1325495.96,1663303.75
"2023-38957-19/09/2025","CARPENTER ROCKS","DISTRICT COUNCIL OF GRANT",2,1,0,0,1,2023,"February","Friday","01:50 pm",80,"Sealed","Dry","Not Raining","Daylight","Right Angle",2,,,1476543.69,1332303.02
"2023-38979-19/09/2025","WALKERVILLE","WALKERVILLE TOWN COUNCIL",2,1,0,0,1,2023,"February","Friday","08:45 am",60,"Sealed","Dry","Not Raining","Daylight","Side Swipe",1,,,1330125.78,1673551.42
"2023-38980-19/09/2025","ADELAIDE","CITY OF ADELAIDE",2,1,0,0,1,2023,"February","Saturday","07:50 am",50,"Sealed","Wet","Raining","Daylight","Right Angle",2,,,1329240.26,1670692.56
"2023-38984-19/09/2025","NEWTON","CC CAMPBELLTOWN.",3,1,0,0,1,2023,"February","Saturday","09:34 am",60,"Sealed","Wet","Not Raining","Daylight","Right Angle",2,,,1336041.78,1674570.62
"2023-38987-19/09/2025","ULEYBURY","CITY OF PLAYFORD.",2,1,0,0,1,2023,"February","Saturday","02:00 am",80,"Sealed","Wet","Raining","Night","Hit Fixed Object",1,,,1340801.62,1695355.3
"2023-38989-19/09/2025","STURT","CC MARION.",3,1,0,0,1,2023,"February","Saturday","11:53 am",60,"Sealed","Dry","Not Raining","Daylight","Right Turn",2,,,1324100,1659437.16
"2023-38992-19/09/2025","REEDY CREEK","DC ROBE.",2,1,1,0,0,2023,"February","Friday","11:00 pm",110,"Sealed","Dry","Not Raining","Night","Hit Fixed Object",1,"Y",,1452587.01,1426191.22
"2023-38998-19/09/2025","HOVE","CITY OF HOLDFAST BAY",3,1,0,0,1,2023,"February","Friday","02:30 pm",50,"Sealed","Dry","Not Raining","Daylight","Hit Fixed Object",9,,,1321299.31,1661584.52
"2023-38999-19/09/2025","ST MARYS","CC MITCHAM.",2,1,0,0,1,2023,"February","Saturday","07:01 am",50,"Sealed","Dry","Not Raining","Daylight","Hit Parked Vehicle",1,,,1326816.09,1661627.6
"2023-39000-19/09/2025","GLENELG","CITY OF HOLDFAST BAY",2,1,0,0,1,2023,"February","Saturday","05:27 pm",50,"Sealed","Dry","Not Raining","Daylight","Side Swipe",1,,,1320803.95,1664680
"2023-39001-19/09/2025","SALISBURY PLAIN","CITY OF SALISBURY",1,1,0,1,0,2023,"February","Saturday","05:00 pm",50,"Sealed","Dry","Not Raining","Daylight","Roll Over",1,,,1334336.92,1687742.35
"2023-39004-19/09/2025","CASSINI","KANGAROO ISLAND COUNCIL",1,1,0,1,0,2023,"January","Thursday","08:45 pm",100,"Unsealed","Dry","Not Raining","Night","Roll Over",1,,,1208628.79,1593808.94
"2023-39007-19/09/2025","MORGAN","MID MURRAY DISTRICT COUNCIL",2,1,0,1,0,2023,"February","Saturday","03:45 pm",50,"Unsealed","Dry","Not Raining","Daylight","Hit Fixed Object",1,,,1433344.59,1769100.01
"2023-39012-19/09/2025","GLENELG NORTH","CITY OF HOLDFAST BAY",2,1,0,0,1,2023,"February","Sunday","02:00 am",50,"Sealed","Dry","Not Raining","Night","Hit Fixed Object",1,"Y",,1321168.38,1666149.54
"2023-39013-19/09/2025","ALBERTON","CITY OF PORT ADELAIDE ENFIELD",2,1,0,0,1,2023,"February","Sunday","06:45 am",60,"Sealed","Dry","Not Raining","Night","Hit Parked Vehicle",1,,,1321429.34,1678434.52
"2023-39015-19/09/2025","ADELAIDE","CITY OF ADELAIDE",2,1,0,0,1,2023,"February","Sunday","08:50 pm",50,"Sealed","Dry","Not Raining","Night","Right Turn",2,,,1327925.66,1670500.3
"2023-39018-19/09/2025","WILLUNGA","CITY OF ONKAPARINGA",2,1,0,0,1,2023,"February","Saturday","06:00 pm",50,"Sealed","Dry","Not Raining","Daylight","Side Swipe",1,,,1323293.52,1632305.38
"2023-39023-19/09/2025","TERINGIE","THE ADELAIDE HILLS COUNCIL",2,1,0,1,0,2023,"February","Sunday","11:33 am",60,"Sealed","Dry","Not Raining","Daylight","Hit Object on Road",1,,,1337654.18,1672157.34
"2023-39024-19/09/2025","TARLEE","CLARE AND GILBERT VALLEYS DISTRICT COUNCIL",2,2,0,0,2,2023,"February","Sunday","01:00 pm",80,"Sealed","Dry","Not Raining","Daylight","Hit Fixed Object",1,,,1346766.85,1741602.83
"2023-39025-19/09/2025","MONTACUTE","THE ADELAIDE HILLS COUNCIL",3,2,0,1,1,2023,"February","Sunday","11:50 am",80,"Sealed","Dry","Not Raining","Daylight","Roll Over",2,,,1342655.85,1673399.4
"2023-39028-19/09/2025","MCLAREN VALE","CITY OF ONKAPARINGA",2,1,0,0,1,2023,"February","Sunday","03:00 pm",80,"Sealed","Dry","Not Raining","Daylight","Right Angle",2,,,1322188.53,1641792.06
"2023-39035-19/09/2025","CHRISTIE DOWNS","CITY OF ONKAPARINGA",1,1,0,1,0,2023,"February","Saturday","09:20 pm",50,"Sealed","Dry","Not Raining","Night","Roll Over",1,"Y",,1318489.03,1648510.6
"2023-39036-19/09/2025","MCLAREN VALE","CITY OF ONKAPARINGA",2,1,0,0,1,2023,"February","Sunday","07:35 pm",60,"Sealed","Dry","Not Raining","Daylight","Hit Fixed Object",1,,,1318379.55,1641648.14
"2023-39040-19/09/2025","PARADISE","CC CAMPBELLTOWN.",3,2,0,0,2,2023,"February","Monday","08:10 am",60,"Sealed","Dry","Not Raining","Daylight","Right Turn",1,,,1334586.96,1675908.54
"2023-39045-19/09/2025","SALISBURY EAST","CITY OF SALISBURY",2,1,0,0,1,2023,"February","Monday","09:35 am",80,"Sealed","Dry","Not Raining","Daylight","Rear End",2,,,1333466.6,1685582.93
"2023-39046-19/09/2025","LEABROOK","CITY OF BURNSIDE",2,2,0,0,2,2023,"February","Monday","08:10 am",50,"Sealed","Dry","Not Raining","Daylight","Right Angle",1,,,1333160.84,1670162.93
"2023-39048-19/09/2025","ERINDALE","CITY OF BURNSIDE",2,1,0,0,1,2023,"February","Monday","09:22 am",60,"Sealed","Dry","Not Raining","Daylight","Right Turn",1,,,1334320.69,1670472.95
"2023-39050-19/09/2025","HALLETT COVE","CC MARION.",2,1,0,0,1,2023,"February","Monday","07:31 am",80,"Sealed","Dry","Not Raining","Daylight","Hit Parked Vehicle",1,,,1319752.15,1653443.13
"2023-39057-19/09/2025","ROSEWORTHY","LIGHT REGIONAL COUNCIL",2,1,0,0,1,2023,"February","Monday","12:30 pm",60,"Sealed","Dry","Not Raining","Daylight","Right Angle",2,,,1343753.31,1713692.44
"2023-39058-19/09/2025","CLEARVIEW","CITY OF PORT ADELAIDE ENFIELD",2,1,0,0,1,2023,"February","Monday","01:30 pm",60,"Sealed","Dry","Not Raining","Daylight","Rear End",2,,,1330141.71,1679314.76
"2023-39060-19/09/2025","FULHAM","CITY OF WEST TORRENS",3,1,0,0,1,2023,"February","Monday","01:30 pm",60,"Sealed","Dry","Not Raining","Daylight","Rear End",1,,,1320975.32,1670553.61
"2023-39061-19/09/2025","WOODVILLE NORTH","CITY OF CHARLES STURT",2,2,0,0,2,2023,"February","Monday","02:00 pm",60,"Sealed","Dry","Not Raining","Daylight","Right Angle",2,,,1323810.07,1676548.7
"2023-39064-19/09/2025","WOODVILLE SOUTH","CITY OF CHARLES STURT",2,1,1,0,0,2023,"February","Monday","12:21 pm",50,"Sealed","Dry","Not Raining","Daylight","Hit Pedestrian",1,,,1322600.43,1675645.87
"2023-39065-19/09/2025","MELROSE PARK","CC MITCHAM.",2,1,0,0,1,2023,"February","Monday","02:30 pm",60,"Sealed","Dry","Not Raining","Daylight","Right Turn",2,,,1325907.02,1664948.22
"2023-39069-19/09/2025","ELIZABETH VALE","CITY OF PLAYFORD.",2,1,0,0,1,2023,"February","Monday","04:10 pm",60,"Sealed","Dry","Not Raining","Daylight","Right Turn",2,,,1335254.54,1690056.88
"2023-39072-19/09/2025","MODBURY","CITY OF TEA TREE GULLY",3,1,0,0,1,2023,"February","Monday","04:24 pm",50,"Sealed","Dry","Not Raining","Daylight","Side Swipe",2,,,1336893.85,1680635.92
"2023-39089-19/09/2025","MANNINGHAM","CITY OF PORT ADELAIDE ENFIELD",4,1,0,0,1,2023,"February","Tuesday","10:30 am",60,"Sealed","Dry","Not Raining","Daylight","Hit Fixed Object",1,,,1330467.4,1675457.05
"2023-39090-19/09/2025","NOVAR GARDENS","CITY OF WEST TORRENS",3,1,0,0,1,2023,"February","Tuesday","11:19 am",60,"Sealed","Dry","Not Raining","Daylight","Hit Fixed Object",1,,,1322606.64,1666467.07
"2023-39091-19/09/2025","ST AGNES","CITY OF TEA TREE GULLY",2,1,0,0,1,2023,"February","Tuesday","11:15 am",60,"Sealed","Dry","Not Raining","Daylight","Rear End",1,,,1339724.44,1681901.93
"2023-39093-19/09/2025","LONSDALE","CITY OF ONKAPARINGA",2,1,0,0,1,2023,"February","Tuesday","11:44 am",60,"Sealed","Dry","Not Raining","Daylight","Side Swipe",1,,,1319427.34,1649818.97
"2023-39094-19/09/2025","FULHAM GARDENS","CITY OF CHARLES STURT",2,1,0,0,1,2023,"February","Tuesday","11:45 am",60,"Sealed","Dry","Not Raining","Daylight","Rear End",2,,"Y",1320676.19,1672464.45
"2023-39098-19/09/2025","ST PETERS","CC OF NORWOOD,PAYNEHAM & ST PETERS",2,1,0,0,1,2023,"February","Tuesday","01:30 pm",60,"Sealed","Dry","Not Raining","Daylight","Right Angle",2,,,1331000.86,1672251.3
"2023-39101-19/09/2025","ROWLAND FLAT","THE BAROSSA COUNCIL.",2,1,0,1,0,2023,"February","Tuesday","12:25 pm",90,"Sealed","Dry","Not Raining","Daylight","Hit Fixed Object",1,,"Y",1360422.44,1708847.38
"2023-39105-19/09/2025","PARAFIELD GARDENS","CITY OF SALISBURY",2,1,0,0,1,2023,"February","Tuesday","03:37 pm",60,"Sealed","Dry","Not Raining","Daylight","Rear End",2,,,1330530.1,1685993.57
"2023-39117-19/09/2025","SALISBURY","CITY OF SALISBURY",2,1,0,1,0,2023,"February","Tuesday","07:09 pm",50,"Sealed","Dry","Not Raining","Daylight","Right Angle",2,,,1333511.6,1688652.38
"2023-39118-19/09/2025","ADELAIDE","CITY OF ADELAIDE",2,1,0,1,0,2023,"February","Tuesday","05:20 pm",50,"Sealed","Dry","Not Raining","Daylight","Hit Pedestrian",1,,,1328002.79,1670502.6
"2023-39127-19/09/2025","LINCOLN GAP",,2,3,2,1,0,2023,"March","Wednesday","07:32 am",110,"Sealed","Dry","Not Raining","Daylight","Head On",1,,"Y",1239599.92,1927805.89
"2023-39129-19/09/2025","CROYDON","CITY OF CHARLES STURT",2,1,0,0,1,2023,"March","Wednesday","09:15 am",80,"Sealed","Dry","Not Raining","Daylight","Rear End",2,,,1325710.01,1674228.49
"2023-39136-19/09/2025","NORTH ADELAIDE","CITY OF ADELAIDE",2,1,0,0,1,2023,"February","Tuesday","05:16 pm",50,"Sealed","Dry","Not Raining","Daylight","Right Angle",1,,,1329620.24,1672525.9
"2023-39138-19/09/2025","GEPPS CROSS","CITY OF PORT ADELAIDE ENFIELD",2,1,0,1,0,2023,"March","Wednesday","01:16 pm",70,"Sealed","Dry","Not Raining","Daylight","Hit Parked Vehicle",1,,,1327389.87,1679469.34
"2023-39141-19/09/2025","SEMAPHORE","CITY OF PORT ADELAIDE ENFIELD",2,1,0,0,1,2023,"March","Wednesday","03:10 pm",50,"Sealed","Dry","Not Raining","Daylight","Right Angle",2,,,1318654.48,1680531.9
"2023-39143-19/09/2025","ELIZABETH SOUTH","CITY OF PLAYFORD.",4,1,0,0,1,2023,"March","Wednesday","03:55 pm",60,"Sealed","Dry","Not Raining","Daylight","Rear End",1,,,1334426.19,1690497.79
"2023-39146-19/09/2025","WINGFIELD","CITY OF PORT ADELAIDE ENFIELD",2,1,0,0,1,2023,"March","Wednesday","05:30 pm",50,"Sealed","Dry","Not Raining","Daylight","Hit Parked Vehicle",2,,,1323908.9,1679254.5
"2023-39149-19/09/2025","CROYDON","CITY OF CHARLES STURT",2,1,0,0,1,2023,"March","Wednesday","05:08 pm",60,"Sealed","Dry","Not Raining","Daylight","Rear End",2,,,1325541.72,1673594.71