"REPORT_ID","Suburb","LGA Name","Total Units","Total Cas","Total Fats","Total SI","Total MI","Year","Month","Day","Time","Area Speed","Road Surface","Moisture Cond","Weather Cond","DayNight","Crash Type","Unit Resp","DUI Involved","Drugs Involved","ACCLOC_X","ACCLOC_Y"
"2023-39152-19/09/2025","STURT","CC MARION.",2,1,0,0,1,2023,"March","Wednesday","06:15 pm",60,"Sealed","Dry","Not Raining","Daylight","Right Turn",2,,,1324418.54,1660680
"2023-39157-19/09/2025","MYRTLE BANK","CITY OF UNLEY",2,1,0,1,0,2023,"March","Wednesday","06:40 pm",50,"Sealed","Dry","Not Raining","Daylight","Hit Fixed Object",1,,,1331403.27,1666548.85
"2023-39158-19/09/2025","MOUNT GEORGE","THE ADELAIDE HILLS COUNCIL",1,1,0,0,1,2023,"March","Wednesday","08:10 pm",80,"Sealed","Dry","Not Raining","Night","Roll Over",1,,,1343665.95,1662228.7
"2023-39160-19/09/2025","GEMMELLS","ALEXANDRINA COUNCIL",2,1,0,0,1,2023,"March","Thursday","07:30 am",100,"Sealed","Dry","Not Raining","Daylight","Hit Fixed Object",1,,,1353991.14,1641986.99
"2023-39165-19/09/2025","UNDERDALE","CITY OF WEST TORRENS",2,1,0,0,1,2023,"February","Friday","12:30 pm",60,"Sealed","Dry","Not Raining","Daylight","Right Angle",1,,,1324328.74,1670945.54
"2023-39168-19/09/2025","INGLE FARM","CITY OF SALISBURY",2,1,0,0,1,2023,"February","Saturday","04:00 pm",60,"Sealed","Dry","Not Raining","Daylight","Rear End",2,,,1333072.28,1681427.54
"2023-39175-19/09/2025","PETERBOROUGH","DC OF PETERBOROUGH",2,2,0,0,2,2023,"March","Thursday","01:15 pm",50,"Sealed","Dry","Not Raining","Daylight","Right Angle",2,,,1358161.96,1885986.84
"2023-39186-19/09/2025","TILLEY SWAMP","DC KINGSTON.",3,1,0,0,1,2023,"March","Thursday","01:28 pm",110,"Sealed","Dry","Not Raining","Daylight","Hit Fixed Object",1,,,1423420.81,1520024.43
"2023-39190-19/09/2025","PETERHEAD","CITY OF PORT ADELAIDE ENFIELD",2,1,0,0,1,2023,"March","Thursday","05:23 pm",50,"Sealed","Dry","Not Raining","Daylight","Right Angle",1,,,1318975.85,1681568.03
"2023-39195-19/09/2025","CHANDLERS HILL","CITY OF ONKAPARINGA",2,2,0,0,2,2023,"March","Thursday","07:00 pm",80,"Sealed","Dry","Not Raining","Daylight","Right Angle",2,,"Y",1329119.49,1652682.31
"2023-39196-19/09/2025","GLYNDE","CC OF NORWOOD,PAYNEHAM & ST PETERS",2,1,0,0,1,2023,"March","Thursday","05:30 pm",60,"Sealed","Dry","Not Raining","Daylight","Rear End",1,,,1333449.31,1674376.29
"2023-39201-19/09/2025","INGLE FARM","CITY OF SALISBURY",2,1,0,0,1,2023,"March","Friday","06:35 am",60,"Sealed","Dry","Not Raining","Night","Head On",1,,,1331974.58,1681599.6
"2023-39202-19/09/2025","GEPPS CROSS","CITY OF PORT ADELAIDE ENFIELD",2,1,0,0,1,2023,"March","Friday","06:35 am",60,"Sealed","Dry","Not Raining","Night","Right Turn",1,,,1328808.92,1679265.78
"2023-39205-19/09/2025","FLAGSTAFF HILL","CITY OF ONKAPARINGA",2,1,0,1,0,2023,"March","Friday","07:17 am",60,"Sealed","Dry","Not Raining","Daylight","Right Angle",1,,,1329590.1,1655909.68
"2023-39206-19/09/2025","KENT TOWN","CC OF NORWOOD,PAYNEHAM & ST PETERS",2,1,0,0,1,2023,"March","Friday","08:05 am",50,"Sealed","Dry","Not Raining","Daylight","Right Turn",1,,,1330235.81,1671221.86
"2023-39207-19/09/2025","MCLAREN VALE","CITY OF ONKAPARINGA",7,2,0,0,2,2023,"March","Friday","07:20 am",60,"Sealed","Dry","Not Raining","Daylight","Rear End",1,,,1318362.84,1641661.62
"2023-39214-19/09/2025","KURRALTA PARK","CITY OF WEST TORRENS",2,1,0,0,1,2023,"March","Friday","08:40 am",60,"Sealed","Dry","Not Raining","Daylight","Hit Pedestrian",2,,,1325669.89,1667635.65
"2023-39215-19/09/2025","KINGSWOOD","CC MITCHAM.",2,1,0,0,1,2023,"March","Friday","08:20 am",60,"Sealed","Dry","Not Raining","Daylight","Rear End",2,,,1329138.77,1666160.06
"2023-39222-19/09/2025","CAMPBELLTOWN","CC CAMPBELLTOWN.",2,1,0,0,1,2023,"March","Thursday","05:55 pm",60,"Sealed","Dry","Not Raining","Daylight","Right Angle",2,,,1334354.79,1675514.1
"2023-39223-19/09/2025","LOCKLEYS","CITY OF WEST TORRENS",2,2,0,0,2,2023,"March","Friday","11:36 am",60,"Sealed","Dry","Not Raining","Daylight","Rear End",1,,,1321841.74,1670848.85
"2023-39226-19/09/2025","EVERARD PARK","CITY OF UNLEY",2,1,0,0,1,2023,"March","Thursday","04:15 pm",60,"Sealed","Dry","Not Raining","Daylight","Rear End",2,,,1325856.19,1667134.9
"2023-39227-19/09/2025","ADELAIDE","CITY OF ADELAIDE",5,1,1,0,0,2023,"March","Friday","11:10 am",60,"Sealed","Dry","Not Raining","Daylight","Side Swipe",1,,"Y",1326726.56,1671424.97
"2023-39231-19/09/2025","CORUNNA STATION",,2,2,1,0,1,2023,"March","Friday","02:38 pm",110,"Sealed","Dry","Not Raining","Daylight","Head On",1,,,1199930.32,1918517.74
"2023-39236-19/09/2025","TRANMERE","CC CAMPBELLTOWN.",2,1,0,1,0,2023,"April","Monday","12:10 pm",60,"Sealed","Dry","Not Raining","Daylight","Right Turn",1,,,1333834.79,1672885.54
"2023-39239-19/09/2025","ADELAIDE","CITY OF ADELAIDE",2,1,0,0,1,2023,"March","Friday","05:00 pm",50,"Sealed","Dry","Not Raining","Daylight","Right Angle",1,,,1327800.53,1670802.55
"2023-39251-19/09/2025","GOOLWA SOUTH","ALEXANDRINA COUNCIL",1,1,0,0,1,2023,"March","Friday","08:15 pm",50,"Sealed","Dry","Not Raining","Night","Roll Over",1,,,1342389.59,1605486.62
"2023-39252-19/09/2025","MAWSON LAKES","CITY OF SALISBURY",3,2,0,2,0,2023,"March","Friday","08:32 pm",70,"Sealed","Dry","Not Raining","Night","Rear End",1,,,1329549.75,1684430.78
"2023-39256-19/09/2025","ALLENBY GARDENS","CITY OF CHARLES STURT",2,1,0,0,1,2023,"March","Saturday","08:30 am",50,"Sealed","Dry","Not Raining","Daylight","Hit Parked Vehicle",1,,,1324570.82,1673441.7
"2023-39257-19/09/2025","KLEMZIG","CITY OF PORT ADELAIDE ENFIELD",2,1,0,0,1,2023,"March","Saturday","09:05 am",60,"Sealed","Dry","Not Raining","Daylight","Rear End",2,,,1332080.32,1676585.35
"2023-39259-19/09/2025","SEACLIFF","CITY OF HOLDFAST BAY",3,1,0,0,1,2023,"March","Friday","07:00 pm",50,"Sealed","Dry","Not Raining","Daylight","Rear End",1,,,1321108.63,1658275.64
"2023-39260-19/09/2025","ELIZABETH SOUTH","CITY OF PLAYFORD.",2,1,0,0,1,2023,"March","Saturday","09:45 am",60,"Sealed","Dry","Not Raining","Daylight","Side Swipe",2,,"Y",1333585.25,1690624.2
"2023-39268-19/09/2025","GULFVIEW HEIGHTS","CITY OF SALISBURY",2,1,0,0,1,2023,"March","Saturday","12:25 pm",60,"Sealed","Dry","Not Raining","Daylight","Rear End",2,,,1334798.65,1685437.21
"2023-39271-19/09/2025","WESTERN FLAT","DC TATIARA.",2,1,0,1,0,2023,"March","Saturday","10:22 am",110,"Sealed","Dry","Not Raining","Daylight","Hit Fixed Object",1,,"Y",1511349.34,1476857.54
"2023-39277-19/09/2025","BROOKLYN PARK","CITY OF WEST TORRENS",2,1,0,0,1,2023,"March","Saturday","03:40 pm",60,"Sealed","Dry","Not Raining","Daylight","Side Swipe",2,,,1323172.41,1670096.95
"2023-39278-19/09/2025","WOODVILLE WEST","CITY OF CHARLES STURT",3,1,0,0,1,2023,"March","Saturday","03:25 pm",60,"Sealed","Dry","Not Raining","Daylight","Rear End",1,,,1322384.15,1676196.65
"2023-39280-19/09/2025","MOUNT WILLOUGHBY",,2,2,0,0,2,2023,"March","Saturday","12:00 pm",110,"Sealed","Dry","Not Raining","Daylight","Hit Fixed Object",1,,,918120.05,2407106.3
"2023-39282-19/09/2025","ANDREWS FARM","CITY OF PLAYFORD.",3,1,0,0,1,2023,"March","Saturday","05:15 pm",40,"Sealed","Dry","Not Raining","Daylight","Hit Parked Vehicle",1,"Y",,1334268.03,1697829.97
"2023-39284-19/09/2025","RISDON PARK","PT.PIRIE CITY & DIST. COUNCIL",2,1,0,1,0,2023,"March","Saturday","02:55 pm",50,"Sealed","Dry","Not Raining","Daylight","Right Angle",1,,,1278849.47,1863513.39
"2023-39286-19/09/2025","MORPHETT VALE","CITY OF ONKAPARINGA",3,1,0,1,0,2023,"March","Saturday","07:15 pm",60,"Sealed","Dry","Not Raining","Daylight","Right Angle",2,,,1321231.61,1651032.91
"2023-39287-19/09/2025","VERDUN","THE ADELAIDE HILLS COUNCIL",2,1,0,1,0,2023,"March","Saturday","08:08 pm",110,"Sealed","Dry","Not Raining","Night","Rear End",2,"Y",,1344796.4,1660721.78
"2023-39290-19/09/2025","MONTACUTE","THE ADELAIDE HILLS COUNCIL",1,1,0,1,0,2023,"March","Sunday","09:07 am",80,"Sealed","Dry","Not Raining","Daylight","Roll Over",1,,,1341667.95,1674370.46
"2023-39293-19/09/2025","KENT TOWN","CC OF NORWOOD,PAYNEHAM & ST PETERS",2,1,0,0,1,2023,"February","Monday","04:00 pm",50,"Sealed","Dry","Not Raining","Daylight","Right Angle",2,,,1330568.58,1671415.59
"2023-39294-19/09/2025","COORONG","DC KINGSTON.",2,1,0,0,1,2023,"March","Friday","07:28 pm",100,"Unsealed","Dry","Not Raining","Daylight","Hit Fixed Object",1,,,1434250.37,1479107.96
"2023-39300-19/09/2025","GOULD CREEK","CITY OF PLAYFORD.",2,1,0,1,0,2023,"March","Sunday","12:46 pm",100,"Sealed","Dry","Not Raining","Daylight","Hit Fixed Object",1,,,1339735.77,1691576.08
"2023-39302-19/09/2025","HINDMARSH VALLEY","DC VICTOR HARBOR.",2,3,0,3,0,2023,"March","Sunday","03:31 pm",100,"Sealed","Dry","Not Raining","Daylight","Head On",1,,,1326015.11,1614055.73
"2023-39307-19/09/2025","MILLBROOK","THE ADELAIDE HILLS COUNCIL",1,1,0,0,1,2023,"March","Saturday","04:40 pm",80,"Sealed","Dry","Not Raining","Daylight","Roll Over",1,,"Y",1348827.62,1681621.38
"2023-39308-19/09/2025","EDINBURGH NORTH","CITY OF PLAYFORD.",2,2,0,0,2,2023,"March","Sunday","04:05 pm",50,"Sealed","Wet","Not Raining","Daylight","Hit Fixed Object",1,,,1335450.3,1694974.35
"2023-39310-19/09/2025","MOUNT MARY","MID MURRAY DISTRICT COUNCIL",2,1,0,1,0,2023,"March","Sunday","07:05 pm",110,"Sealed","Dry","Not Raining","Daylight","Hit Fixed Object",1,,,1415948.66,1760718.41
"2023-39313-19/09/2025","HILLIER","CT GAWLER.",2,2,0,1,1,2023,"March","Monday","08:30 am",110,"Sealed","Dry","Not Raining","Daylight","Right Angle",1,,,1341008.83,1704695.08
"2023-39315-19/09/2025","WEST LAKES","CITY OF CHARLES STURT",2,1,0,0,1,2023,"March","Monday","09:10 am",60,"Sealed","Dry","Not Raining","Daylight","Right Turn",1,"Y",,1319912.06,1678336.46
"2023-39317-19/09/2025","OAKBANK","THE ADELAIDE HILLS COUNCIL",1,2,0,1,1,2023,"March","Monday","09:28 am",80,"Sealed","Dry","Not Raining","Daylight","Roll Over",9,,,1355736.75,1662320.93
"2023-39328-19/09/2025","SHEA-OAK LOG","LIGHT REGIONAL COUNCIL",2,1,0,0,1,2023,"March","Monday","12:00 pm",110,"Sealed","Dry","Not Raining","Daylight","Right Turn",2,,,1347458.7,1713695.88
"2023-39333-19/09/2025","OLD CALPERUM","DC RENMARK PARINGA",2,2,2,0,0,2023,"March","Monday","01:40 pm",110,"Sealed","Dry","Not Raining","Daylight","Head On",1,,"Y",1521339.8,1739948.84
"2023-39334-19/09/2025","PROSPECT","CITY OF PROSPECT",2,1,0,0,1,2023,"February","Wednesday","06:15 pm",60,"Sealed","Dry","Not Raining","Daylight","Rear End",2,,,1327227.25,1676403.1
"2023-39337-19/09/2025","POORAKA","CITY OF SALISBURY",2,2,0,0,2,2023,"March","Monday","04:05 pm",70,"Sealed","Dry","Not Raining","Daylight","Right Turn",1,,,1331898.14,1681814.67
"2023-39338-19/09/2025","GLENELG","CITY OF HOLDFAST BAY",2,1,0,1,0,2023,"March","Monday","04:12 pm",50,"Sealed","Dry","Not Raining","Daylight","Hit Pedestrian",1,,,1320358.99,1665082.93
"2023-39339-19/09/2025","HILLCREST","CITY OF PORT ADELAIDE ENFIELD",2,1,0,0,1,2023,"March","Monday","04:47 pm",60,"Sealed","Dry","Not Raining","Daylight","Right Turn",1,,,1332382.13,1676859.51
"2023-39346-19/09/2025","BOLLARDS LAGOON",,1,1,0,0,1,2023,"March","Monday","02:45 pm",100,"Unsealed","Dry","Not Raining","Daylight","Roll Over",1,,,1569104.19,2318052.11
"2023-39349-19/09/2025","WELLAND","CITY OF CHARLES STURT",2,1,0,0,1,2023,"March","Tuesday","08:15 am",60,"Sealed","Dry","Not Raining","Daylight","Right Turn",1,,,1324722.22,1673193.64
"2023-39353-19/09/2025","HOPE FOREST","ALEXANDRINA COUNCIL",2,1,0,0,1,2023,"June","Thursday","09:48 pm",100,"Sealed","Wet","Raining","Night","Hit Fixed Object",1,"Y",,1328942.87,1631447.49
"2023-39358-19/09/2025","ALFORD","BARUNGA WEST DISTRICT COUNCIL",2,2,1,0,1,2023,"March","Tuesday","07:49 am",100,"Unsealed","Dry","Not Raining","Daylight","Right Angle",1,,,1265386.25,1795345.91
"2023-39359-19/09/2025","SALISBURY NORTH","CITY OF SALISBURY",2,1,0,0,1,2023,"March","Monday","03:20 pm",60,"Sealed","Dry","Not Raining","Daylight","Rear End",2,,,1331136.26,1690044.9
"2023-39373-19/09/2025","HUNTFIELD HEIGHTS","CITY OF ONKAPARINGA",2,3,0,0,3,2023,"March","Tuesday","04:25 pm",60,"Sealed","Dry","Not Raining","Daylight","Right Angle",1,,,1320882.43,1646368.02
"2023-39378-19/09/2025","GLENELG EAST","CITY OF HOLDFAST BAY",3,3,0,0,3,2023,"March","Tuesday","07:23 pm",60,"Sealed","Dry","Not Raining","Daylight","Rear End",1,,,1322636.62,1665410.15
"2023-39379-19/09/2025","CALOOTE","MID MURRAY DISTRICT COUNCIL",2,1,0,0,1,2023,"March","Tuesday","09:00 pm",100,"Sealed","Dry","Not Raining","Night","Hit Fixed Object",1,,"Y",1385754.06,1667263.13
"2023-39381-19/09/2025","CYGNET RIVER","KANGAROO ISLAND COUNCIL",2,2,0,0,2,2023,"March","Tuesday","09:35 pm",110,"Sealed","Dry","Not Raining","Night","Hit Fixed Object",1,"Y",,1231511.24,1585558.76
"2023-39384-19/09/2025","CHRISTIES BEACH","CITY OF ONKAPARINGA",2,1,0,1,0,2023,"March","Wednesday","12:48 am",50,"Sealed","Dry","Not Raining","Night","Hit Fixed Object",1,"Y",,1316199.62,1648413.49
"2023-39393-19/09/2025","CLARENCE GARDENS","CC MITCHAM.",2,1,0,0,1,2023,"March","Wednesday","08:20 am",60,"Sealed","Wet","Raining","Daylight","Rear End",1,,,1326357.8,1666175.05
"2023-39394-19/09/2025","WEST BEACH","CITY OF WEST TORRENS",3,1,0,0,1,2023,"March","Wednesday","08:15 am",60,"Sealed","Wet","Raining","Daylight","Rear End",1,,,1320922.83,1668596.03
"2023-39398-19/09/2025","PROSPECT","CITY OF PROSPECT",2,1,0,0,1,2023,"March","Wednesday","09:15 am",60,"Sealed","Dry","Not Raining","Daylight","Hit Pedestrian",1,,,1328881.51,1676151.17
"2023-39399-19/09/2025","GLENALTA","CC MITCHAM.",2,1,0,0,1,2023,"March","Wednesday","09:25 am",50,"Sealed","Wet","Unknown","Daylight","Right Turn",1,,,1331511.4,1660539.52
"2023-39403-19/09/2025","CROYDON PARK","CITY OF PORT ADELAIDE ENFIELD",3,1,0,0,1,2023,"March","Wednesday","08:30 am",80,"Sealed","Wet","Raining","Daylight","Rear End",1,,,1326089.44,1675998.18
"2023-39407-19/09/2025","NORTON SUMMIT","THE ADELAIDE HILLS COUNCIL",2,1,0,0,1,2023,"March","Wednesday","11:10 am",80,"Sealed","Wet","Not Raining","Daylight","Hit Fixed Object",1,,,1340107.71,1670895.34
"2023-39410-19/09/2025","GOLDEN GROVE","CITY OF TEA TREE GULLY",2,2,0,0,2,2023,"March","Wednesday","07:30 am",60,"Sealed","Dry","Not Raining","Daylight","Right Angle",1,,,1338430.03,1684772.59
"2023-39415-19/09/2025","MOUNT BARKER","DC MT.BARKER.",2,1,0,1,0,2023,"March","Wednesday","12:40 pm",80,"Sealed","Wet","Raining","Daylight","Hit Fixed Object",1,,,1349744.57,1650975.79
"2023-39419-19/09/2025","PORT NOARLUNGA SOUTH","CITY OF ONKAPARINGA",2,1,0,1,0,2023,"March","Wednesday","01:40 pm",70,"Sealed","Dry","Not Raining","Daylight","Head On",2,,,1316303.89,1644167.53
"2023-39424-19/09/2025","MYRTLE BANK","CITY OF UNLEY",2,1,0,0,1,2023,"March","Wednesday","09:36 am",60,"Sealed","Wet","Not Raining","Daylight","Side Swipe",2,,,1331921.73,1667082.71
"2023-39428-19/09/2025","KLEMZIG","CITY OF PORT ADELAIDE ENFIELD",2,1,0,0,1,2023,"March","Wednesday","02:30 pm",60,"Sealed","Dry","Not Raining","Daylight","Right Turn",2,,,1332160.91,1674987.82
"2023-39432-19/09/2025","MONASH","THE BERRI BARMERA COUNCIL",2,1,0,0,1,2023,"March","Wednesday","02:30 pm",110,"Sealed","Dry","Not Raining","Daylight","Rear End",2,,,1512377.38,1739024.94
"2023-39436-19/09/2025","MONARTO","RC MURRAY BRIDGE.",2,2,0,2,0,2023,"March","Wednesday","04:18 pm",100,"Unsealed","Dry","Not Raining","Daylight","Hit Fixed Object",1,,,1376524,1653835.88
"2023-39441-19/09/2025","MAWSON LAKES","CITY OF SALISBURY",2,1,0,0,1,2023,"March","Wednesday","10:39 pm",70,"Sealed","Dry","Not Raining","Night","Hit Fixed Object",1,,,1329061.66,1683792.14
"2023-39444-19/09/2025","HACKHAM","CITY OF ONKAPARINGA",2,1,0,0,1,2023,"March","Monday","09:05 pm",50,"Sealed","Wet","Raining","Night","Hit Parked Vehicle",1,"Y",,1321850.08,1646009.52
"2023-39448-19/09/2025","SEAFORD MEADOWS","CITY OF ONKAPARINGA",3,1,0,0,1,2023,"March","Thursday","06:45 am",60,"Sealed","Dry","Not Raining","Night","Rear End",1,,,1318023.04,1642816.64
"2023-39450-19/09/2025","ROSE PARK","CITY OF BURNSIDE",2,1,0,0,1,2023,"March","Thursday","08:05 am",50,"Sealed","Dry","Not Raining","Daylight","Hit Parked Vehicle",1,,,1331161.19,1669758.48
"2023-39456-19/09/2025","EVANSTON PARK","CT GAWLER.",2,1,0,0,1,2023,"March","Thursday","08:50 am",50,"Sealed","Dry","Not Raining","Daylight","Hit Pedestrian",1,,,1342065.49,1702753.7
"2023-39458-19/09/2025","WINGFIELD","CITY OF PORT ADELAIDE ENFIELD",1,1,0,1,0,2023,"March","Thursday","09:21 am",90,"Sealed","Dry","Not Raining","Daylight","Roll Over",1,,"Y",1325526.71,1679203.7
"2023-39459-19/09/2025","ADELAIDE","CITY OF ADELAIDE",2,1,0,0,1,2023,"March","Thursday","09:45 am",50,"Sealed","Dry","Not Raining","Daylight","Side Swipe",1,,,1328460.3,1670828.21
"2023-39460-19/09/2025","LARGS BAY","CITY OF PORT ADELAIDE ENFIELD",2,1,0,1,0,2023,"March","Thursday","09:58 am",60,"Sealed","Dry","Not Raining","Daylight","Head On",2,,,1318718.38,1681866.62
"2023-39463-19/09/2025","SEACLIFF PARK","CITY OF HOLDFAST BAY",2,1,0,0,1,2023,"March","Wednesday","04:20 pm",60,"Sealed","Dry","Not Raining","Daylight","Rear End",2,,,1321199.59,1658964.31
"2023-39469-19/09/2025","MOORAK","DISTRICT COUNCIL OF GRANT",1,1,0,0,1,2023,"March","Thursday","07:00 am",80,"Sealed","Wet","Raining","Night","Roll Over",1,,,1508591.77,1337237.93
"2023-39475-19/09/2025","ADELAIDE","CITY OF ADELAIDE",2,1,0,0,1,2023,"March","Thursday","03:00 pm",50,"Sealed","Dry","Not Raining","Daylight","Side Swipe",2,,,1329014.28,1671149.09
"2023-39477-19/09/2025","CAMDEN PARK","CITY OF WEST TORRENS",2,1,0,0,1,2023,"March","Thursday","04:05 pm",60,"Sealed","Dry","Not Raining","Daylight","Right Angle",1,,,1323245.92,1667021.6
"2023-39481-19/09/2025","OLD NOARLUNGA","CITY OF ONKAPARINGA",3,1,0,0,1,2023,"March","Thursday","05:26 pm",80,"Sealed","Dry","Not Raining","Daylight","Rear End",1,,,1318372.46,1643271.23
"2023-39488-19/09/2025","OAKDEN","CITY OF PORT ADELAIDE ENFIELD",3,1,0,1,0,2023,"March","Thursday","07:19 pm",70,"Sealed","Dry","Not Raining","Daylight","Rear End",1,,,1332385.02,1679317.5
"2023-39491-19/09/2025","ST AGNES","CITY OF TEA TREE GULLY",2,1,0,0,1,2023,"March","Thursday","05:20 pm",60,"Sealed","Dry","Not Raining","Daylight","Rear End",2,,,1339734.64,1681509.18
"2023-39495-19/09/2025","ROSSLYN PARK","CITY OF BURNSIDE",2,1,0,0,1,2023,"March","Friday","07:23 am",60,"Unsealed","Dry","Not Raining","Daylight","Right Angle",1,,,1335514.58,1670588.35
"2023-39509-19/09/2025","TWO WELLS","DC MALLALA.",2,1,0,0,1,2023,"March","Friday","01:10 pm",80,"Sealed","Dry","Not Raining","Daylight","Hit Fixed Object",1,,,1323694.58,1705151.1
"2023-39514-19/09/2025","HACKNEY","CC OF NORWOOD,PAYNEHAM & ST PETERS",2,1,0,0,1,2023,"March","Friday","02:25 pm",60,"Sealed","Dry","Not Raining","Daylight","Right Angle",2,,,1329902.14,1671311.39
"2023-39515-19/09/2025","KUDLA","CT GAWLER.",2,1,0,0,1,2023,"March","Friday","02:34 pm",80,"Sealed","Dry","Not Raining","Daylight","Right Angle",1,,,1338661.3,1700789.09
"2023-39516-19/09/2025","KENT TOWN","CC OF NORWOOD,PAYNEHAM & ST PETERS",3,1,0,0,1,2023,"March","Friday","02:49 pm",50,"Sealed","Dry","Not Raining","Daylight","Hit Fixed Object",1,,,1330616.72,1671435.25
"2023-39518-19/09/2025","MURRAY BRIDGE","RC MURRAY BRIDGE.",2,1,0,0,1,2023,"March","Friday","02:40 pm",50,"Sealed","Dry","Not Raining","Daylight","Hit Parked Vehicle",1,,,1389650.52,1646975.55
"2023-39527-19/09/2025","AVENUE RANGE","DC NARACOORTE & LUCINDALE.",3,4,0,4,0,2023,"March","Friday","03:55 pm",110,"Sealed","Dry","Not Raining","Daylight","Right Angle",1,,,1466275.1,1441096.42
"2023-39528-19/09/2025","FLINDERS RANGES",,1,1,0,1,0,2023,"March","Friday","02:00 pm",90,"Sealed","Dry","Not Raining","Daylight","Roll Over",1,,,1352617.13,2063808.71
"2023-39530-19/09/2025","TRURO","MID MURRAY DISTRICT COUNCIL",2,1,0,0,1,2023,"March","Friday","03:20 pm",110,"Sealed","Dry","Not Raining","Daylight","Rear End",2,,"Y",1385425.01,1726953.84
"2023-39531-19/09/2025","ATHELSTONE","CC CAMPBELLTOWN.",2,1,0,0,1,2023,"March","Friday","07:35 pm",50,"Sealed","Dry","Not Raining","Daylight","Hit Fixed Object",1,,,1337422.22,1676150.6
"2023-39533-19/09/2025","WALLAROO","COPPER COAST DISTRICT COUNCIL",1,2,0,1,1,2023,"March","Friday","04:00 pm",30,"Unsealed","Unknown","Unknown","Daylight","Roll Over",1,,,1240560.33,1782988.66
"2023-39534-19/09/2025","EDINBURGH NORTH","CITY OF PLAYFORD.",2,1,0,1,0,2023,"March","Saturday","04:40 am",60,"Sealed","Dry","Not Raining","Night","Hit Fixed Object",1,,"Y",1335190.35,1695239.83
"2023-39535-19/09/2025","BRIDGEWATER","DC MT.BARKER.",2,1,0,1,0,2023,"March","Saturday","05:41 am",110,"Sealed","Dry","Not Raining","Night","Side Swipe",9,,,1345230.43,1659116.87
"2023-39536-19/09/2025","BEDFORD PARK","CC MITCHAM.",1,1,0,0,1,2023,"March","Saturday","09:00 am",70,"Sealed","Dry","Not Raining","Daylight","Other",1,,,1325421.21,1660687.39
"2023-39547-19/09/2025","ST MARYS","CC MITCHAM.",2,1,0,1,0,2023,"March","Saturday","11:01 am",60,"Sealed","Dry","Not Raining","Daylight","Right Angle",2,,,1326067.14,1663330.45
"2023-39550-19/09/2025","HACKHAM WEST","CITY OF ONKAPARINGA",2,4,0,0,4,2023,"March","Saturday","11:50 am",60,"Sealed","Dry","Not Raining","Daylight","Right Turn",2,,,1320828.65,1647530.89
"2023-39555-19/09/2025","LYNTON","CC MITCHAM.",2,2,0,1,1,2023,"March","Saturday","01:35 pm",60,"Sealed","Dry","Not Raining","Daylight","Head On",2,,,1328747.68,1662400.22
"2023-39557-19/09/2025","ELIZABETH SOUTH","CITY OF PLAYFORD.",4,2,0,0,2,2023,"March","Saturday","03:35 pm",60,"Sealed","Dry","Not Raining","Daylight","Right Angle",1,,,1334568.88,1691271.22
"2023-39558-19/09/2025","WALKERVILLE","WALKERVILLE TOWN COUNCIL",2,3,0,0,3,2023,"March","Saturday","03:55 pm",60,"Sealed","Dry","Not Raining","Daylight","Head On",1,,,1329520.66,1674241.13
"2023-39559-19/09/2025","ELIZABETH NORTH","CITY OF PLAYFORD.",2,1,0,0,1,2023,"March","Saturday","04:09 pm",80,"Sealed","Dry","Not Raining","Daylight","Right Angle",2,,,1336972.07,1695458.34
"2023-39560-19/09/2025","KAPUNDA","LIGHT REGIONAL COUNCIL",2,1,0,1,0,2023,"March","Saturday","03:00 pm",50,"Sealed","Dry","Not Raining","Daylight","Rear End",1,,"Y",1359586.53,1735272.12
"2023-39561-19/09/2025","WATERLOO CORNER","CITY OF PLAYFORD.",2,2,0,0,2,2023,"March","Saturday","04:06 pm",90,"Sealed","Dry","Not Raining","Daylight","Rear End",1,,,1326376.29,1696631.52
"2023-39562-19/09/2025","CLARE","CLARE AND GILBERT VALLEYS DISTRICT COUNCIL",2,1,0,0,1,2023,"March","Saturday","03:35 pm",50,"Sealed","Dry","Not Raining","Daylight","Hit Pedestrian",1,,,1333591.1,1791588.41
"2023-39563-19/09/2025","THORNGATE","CITY OF PROSPECT",2,1,0,0,1,2023,"March","Saturday","04:50 pm",60,"Sealed","Dry","Not Raining","Daylight","Rear End",2,,,1328116.31,1673675.73
"2023-39567-19/09/2025","BURTON","CITY OF SALISBURY",2,2,0,0,2,2023,"March","Sunday","12:37 am",50,"Sealed","Dry","Not Raining","Night","Hit Parked Vehicle",1,"Y",,1329217.57,1691113.04
"2023-39574-19/09/2025","GLENSIDE","CITY OF BURNSIDE",2,1,0,0,1,2023,"March","Sunday","09:58 am",50,"Sealed","Dry","Not Raining","Daylight","Right Angle",2,,,1332157,1668886.26
"2023-39576-19/09/2025","KURRALTA PARK","CITY OF WEST TORRENS",4,2,0,0,2,2023,"March","Sunday","10:24 am",60,"Sealed","Dry","Not Raining","Daylight","Rear End",1,,,1325677.04,1667641.01
"2023-39584-19/09/2025","DARLINGTON","CITY OF ONKAPARINGA",2,1,0,0,1,2023,"March","Sunday","01:00 pm",70,"Sealed","Dry","Not Raining","Daylight","Right Turn",1,,,1324432.96,1659694.42
"2023-39594-19/09/2025","EVANDALE","CC OF NORWOOD,PAYNEHAM & ST PETERS",3,1,0,0,1,2023,"March","Sunday","08:53 pm",60,"Sealed","Dry","Not Raining","Night","Rear End",2,,,1331582.31,1673027.18