"REPORT_ID","Suburb","LGA Name","Total Units","Total Cas","Total Fats","Total SI","Total MI","Year","Month","Day","Time","Area Speed","Road Surface","Moisture Cond","Weather Cond","DayNight","Crash Type","Unit Resp","DUI Involved","Drugs Involved","ACCLOC_X","ACCLOC_Y"
"2023-39595-19/09/2025","SEMAPHORE PARK","CITY OF CHARLES STURT",1,1,0,1,0,2023,"March","Sunday","09:30 pm",60,"Sealed","Dry","Not Raining","Night","Roll Over",1,"Y",,1319482.86,1679124.56
"2023-39596-19/09/2025","ROSETOWN","DC KINGSTON.",1,2,0,0,2,2023,"March","Sunday","10:00 pm",60,"Unsealed","Dry","Not Raining","Night","Left Road - Out of Control",1,,,1434051.48,1455584.66
"2023-39598-19/09/2025","REEDY CREEK","DC KINGSTON.",2,3,0,1,2,2023,"March","Monday","09:50 am",110,"Sealed","Dry","Not Raining","Daylight","Head On",1,,,1446466.92,1441384.78
"2023-39599-19/09/2025","MCLAREN VALE","CITY OF ONKAPARINGA",2,2,0,0,2,2023,"March","Monday","11:23 am",100,"Sealed","Dry","Not Raining","Daylight","Rear End",2,,,1320495.22,1639118.41
"2023-39600-19/09/2025","ENFIELD","CITY OF PORT ADELAIDE ENFIELD",2,1,0,1,0,2023,"March","Monday","12:20 pm",50,"Sealed","Dry","Not Raining","Daylight","Right Angle",1,,,1328852.01,1678139.47
"2023-39603-19/09/2025","WILLUNGA","CITY OF ONKAPARINGA",3,1,0,1,0,2023,"March","Monday","12:26 pm",100,"Sealed","Dry","Not Raining","Daylight","Roll Over",1,,,1325064.02,1630434.16
"2023-39608-19/09/2025","PORT ADELAIDE","CITY OF PORT ADELAIDE ENFIELD",2,1,0,0,1,2023,"March","Monday","03:00 pm",50,"Sealed","Dry","Not Raining","Daylight","Side Swipe",2,,,1320512.24,1680045.1
"2023-39614-19/09/2025","CRAFERS","THE ADELAIDE HILLS COUNCIL",2,1,0,1,0,2023,"March","Monday","06:03 pm",80,"Sealed","Dry","Not Raining","Daylight","Right Angle",1,,,1337980.02,1662651.68
"2023-39618-19/09/2025","PLYMPTON PARK","CC MARION.",2,1,0,1,0,2023,"March","Tuesday","07:33 am",60,"Sealed","Dry","Not Raining","Daylight","Right Turn",1,,,1324274.52,1664983.76
"2023-39619-19/09/2025","GILLES PLAINS","CITY OF TEA TREE GULLY",2,1,0,0,1,2023,"March","Tuesday","07:39 am",60,"Sealed","Dry","Not Raining","Daylight","Right Turn",2,,,1334243.77,1679365.77
"2023-39621-19/09/2025","GILBERTON","WALKERVILLE TOWN COUNCIL",3,1,0,0,1,2023,"March","Tuesday","08:24 am",40,"Sealed","Dry","Not Raining","Daylight","Hit Pedestrian",2,,,1329479.75,1673676.88
"2023-39623-19/09/2025","PORT ADELAIDE","CITY OF PORT ADELAIDE ENFIELD",2,1,0,1,0,2023,"March","Tuesday","09:21 am",60,"Sealed","Dry","Not Raining","Daylight","Side Swipe",2,,,1321034.56,1680321.35
"2023-39624-19/09/2025","SHEIDOW PARK","CC MARION.",3,1,0,0,1,2023,"March","Tuesday","09:55 am",50,"Sealed","Dry","Not Raining","Daylight","Hit Parked Vehicle",1,,"Y",1321499.45,1654674.79
"2023-39626-19/09/2025","ARDROSSAN","YORKE PENINSULA COUNCIL",2,3,0,0,3,2023,"March","Sunday","07:00 pm",50,"Sealed","Dry","Not Raining","Daylight","Right Angle",1,,,1267897.91,1728297.96
"2023-39628-19/09/2025","EDINBURGH NORTH","CITY OF PLAYFORD.",2,1,0,0,1,2023,"March","Tuesday","11:40 am",60,"Sealed","Dry","Not Raining","Daylight","Rear End",2,,,1335180.25,1695182.29
"2023-39633-19/09/2025","BELAIR","CC MITCHAM.",2,1,0,0,1,2023,"March","Tuesday","01:18 pm",60,"Sealed","Dry","Not Raining","Daylight","Hit Fixed Object",1,,,1328853.95,1662359.32
"2023-39636-19/09/2025","SALISBURY EAST","CITY OF SALISBURY",2,1,0,0,1,2023,"February","Tuesday","08:20 am",80,"Sealed","Dry","Not Raining","Daylight","Rear End",2,,,1333298.13,1685374.25
"2023-39640-19/09/2025","KIDMAN PARK","CITY OF CHARLES STURT",2,1,0,0,1,2023,"March","Tuesday","03:20 pm",40,"Sealed","Dry","Not Raining","Daylight","Hit Parked Vehicle",2,,,1321963.1,1671874.04
"2023-39642-19/09/2025","DAWESLEY","DC MT.BARKER.",3,1,0,1,0,2023,"March","Tuesday","03:28 pm",100,"Sealed","Dry","Not Raining","Daylight","Hit Fixed Object",1,,,1360293.34,1657459.5
"2023-39646-19/09/2025","OAKLANDS PARK","CC MARION.",2,1,0,0,1,2023,"March","Tuesday","08:45 am",60,"Sealed","Dry","Not Raining","Daylight","Rear End",2,,,1323413.39,1660811.34
"2023-39648-19/09/2025","DAVOREN PARK","CITY OF PLAYFORD.",2,1,0,1,0,2023,"March","Tuesday","04:15 pm",60,"Sealed","Dry","Not Raining","Daylight","Right Angle",2,,,1335498.81,1695365.36
"2023-39649-19/09/2025","CHELTENHAM","CITY OF CHARLES STURT",3,1,0,0,1,2023,"March","Tuesday","04:55 pm",60,"Sealed","Dry","Not Raining","Daylight","Rear End",1,,,1321917.2,1676598.46
"2023-39652-19/09/2025","KENT TOWN","CC OF NORWOOD,PAYNEHAM & ST PETERS",3,1,0,0,1,2023,"March","Tuesday","05:04 pm",60,"Sealed","Dry","Not Raining","Daylight","Roll Over",1,,,1329922.99,1671152.43
"2023-39653-19/09/2025","WINGFIELD","CITY OF PORT ADELAIDE ENFIELD",3,1,0,0,1,2023,"March","Tuesday","05:10 pm",50,"Sealed","Dry","Not Raining","Daylight","Right Angle",1,,,1325515.62,1680217.62
"2023-39656-19/09/2025","HACKNEY","CC OF NORWOOD,PAYNEHAM & ST PETERS",4,1,0,0,1,2023,"March","Tuesday","05:23 pm",60,"Sealed","Dry","Not Raining","Daylight","Rear End",1,,,1329781.44,1672013.95
"2023-39658-19/09/2025","SHEA-OAK LOG","LIGHT REGIONAL COUNCIL",2,1,0,0,1,2023,"March","Tuesday","07:00 pm",110,"Sealed","Dry","Not Raining","Daylight","Right Turn",2,,,1347458.7,1713695.88
"2023-39662-19/09/2025","TEA TREE GULLY","CITY OF TEA TREE GULLY",2,3,0,0,3,2023,"March","Tuesday","10:00 pm",80,"Sealed","Dry","Not Raining","Night","Hit Fixed Object",1,,,1342344.16,1681240.13
"2023-39663-19/09/2025","NOARLUNGA CENTRE","CITY OF ONKAPARINGA",2,1,0,1,0,2023,"March","Wednesday","01:20 am",60,"Sealed","Dry","Not Raining","Night","Hit Fixed Object",1,"Y","Y",1318796.89,1647291.84
"2023-39665-19/09/2025","ATHELSTONE","CC CAMPBELLTOWN.",2,1,0,0,1,2023,"March","Wednesday","06:35 am",60,"Sealed","Dry","Not Raining","Night","Right Angle",1,,,1337267.32,1676864.05
"2023-39670-19/09/2025","PARAFIELD GARDENS","CITY OF SALISBURY",2,1,0,0,1,2023,"March","Wednesday","09:12 am",60,"Sealed","Dry","Not Raining","Daylight","Right Angle",1,,,1331077.74,1686360.78
"2023-39674-19/09/2025","WEST LAKES","CITY OF CHARLES STURT",2,1,0,1,0,2023,"March","Wednesday","09:56 am",40,"Sealed","Dry","Not Raining","Daylight","Hit Pedestrian",2,,,1318802.77,1676438.62
"2023-39676-19/09/2025","GAWLER BELT","LIGHT REGIONAL COUNCIL",2,1,0,0,1,2023,"March","Tuesday","05:15 pm",100,"Sealed","Dry","Not Raining","Daylight","Rear End",2,,,1343224.61,1709989.42
"2023-39678-19/09/2025","HUMBUG SCRUB","CITY OF PLAYFORD.",1,1,0,0,1,2023,"March","Wednesday","12:06 pm",80,"Sealed","Dry","Not Raining","Daylight","Roll Over",1,,,1350314.84,1693931.43
"2023-39680-19/09/2025","KINGSWOOD","CC MITCHAM.",2,1,0,0,1,2023,"March","Wednesday","12:49 pm",60,"Sealed","Dry","Not Raining","Daylight","Hit Fixed Object",1,,,1329683.99,1666268.55
"2023-39681-19/09/2025","SUTTONTOWN","CC MT.GAMBIER.",2,1,0,0,1,2023,"March","Wednesday","08:20 am",50,"Unsealed","Dry","Not Raining","Daylight","Rear End",2,,,1509274.12,1342523
"2023-39682-19/09/2025","CURRENCY CREEK","ALEXANDRINA COUNCIL",2,1,0,1,0,2023,"March","Wednesday","01:49 pm",100,"Sealed","Dry","Not Raining","Daylight","Hit Fixed Object",1,,,1344372.11,1611725.74
"2023-39687-19/09/2025","SALISBURY EAST","CITY OF SALISBURY",3,1,0,0,1,2023,"March","Wednesday","02:38 pm",80,"Sealed","Dry","Not Raining","Daylight","Rear End",1,,,1333345.45,1685434.21
"2023-39690-19/09/2025","WEST LAKES","CITY OF CHARLES STURT",2,1,0,0,1,2023,"March","Wednesday","02:15 pm",60,"Sealed","Dry","Not Raining","Daylight","Right Angle",1,,"Y",1318546.67,1676799.79
"2023-39691-19/09/2025","HACKHAM","CITY OF ONKAPARINGA",2,1,0,0,1,2023,"March","Wednesday","02:58 pm",60,"Sealed","Dry","Not Raining","Daylight","Hit Pedestrian",2,,,1321009.2,1647535.25
"2023-39694-19/09/2025","GILLMAN","CITY OF PORT ADELAIDE ENFIELD",2,1,0,0,1,2023,"March","Wednesday","03:20 pm",90,"Sealed","Dry","Not Raining","Daylight","Side Swipe",2,,,1322245.07,1680840.17
"2023-39697-19/09/2025","EVERARD PARK","CITY OF UNLEY",3,1,0,0,1,2023,"March","Wednesday","03:35 pm",60,"Sealed","Dry","Not Raining","Daylight","Rear End",1,,,1325852.83,1667232.11
"2023-39701-19/09/2025","BURRUNGULE","WATTLE RANGE COUNCIL",2,1,0,1,0,2023,"March","Wednesday","01:58 pm",110,"Sealed","Dry","Not Raining","Daylight","Hit Fixed Object",1,"Y",,1493278.86,1350690.94
"2023-39703-19/09/2025","CLEARVIEW","CITY OF PORT ADELAIDE ENFIELD",2,1,0,1,0,2023,"March","Wednesday","04:28 pm",60,"Sealed","Dry","Not Raining","Daylight","Hit Pedestrian",2,,,1330420.81,1677218.63
"2023-39704-19/09/2025","MOUNT GAMBIER","CC MT.GAMBIER.",2,1,0,0,1,2023,"March","Wednesday","04:49 pm",60,"Sealed","Dry","Not Raining","Daylight","Hit Fixed Object",1,,,1512275.54,1339197.17
"2023-39705-19/09/2025","COLONEL LIGHT GARDENS","CC MITCHAM.",2,4,0,0,4,2023,"March","Wednesday","04:58 pm",40,"Sealed","Dry","Not Raining","Daylight","Right Angle",2,,,1327686.52,1664197.16
"2023-39708-19/09/2025","QUEENSTOWN","CITY OF PORT ADELAIDE ENFIELD",2,1,0,0,1,2023,"March","Wednesday","10:30 am",60,"Sealed","Dry","Not Raining","Daylight","Right Angle",2,,,1320682.19,1678424
"2023-39719-19/09/2025","EDINBURGH","CITY OF SALISBURY",2,1,0,0,1,2023,"March","Thursday","06:55 am",80,"Sealed","Dry","Not Raining","Night","Right Turn",1,,,1331518.32,1692508.83
"2023-39722-19/09/2025","FINDON","CITY OF CHARLES STURT",2,1,0,0,1,2023,"March","Thursday","08:25 am",50,"Sealed","Dry","Not Raining","Daylight","Right Angle",2,,,1321983.92,1674252.1
"2023-39727-19/09/2025","ADELAIDE","CITY OF ADELAIDE",2,1,0,0,1,2023,"March","Thursday","09:22 am",50,"Sealed","Dry","Not Raining","Daylight","Hit Pedestrian",1,,,1329235.63,1670851.38
"2023-39731-19/09/2025","HILLCREST","CITY OF PORT ADELAIDE ENFIELD",2,1,0,0,1,2023,"March","Thursday","10:02 am",60,"Sealed","Dry","Not Raining","Daylight","Hit Fixed Object",1,,,1333394.73,1677734.11
"2023-39736-19/09/2025","NORTH BRIGHTON","CITY OF HOLDFAST BAY",1,1,0,0,1,2023,"March","Thursday","11:05 am",50,"Sealed","Dry","Not Raining","Daylight","Roll Over",1,,"Y",1320708.01,1662208.14
"2023-39742-19/09/2025","ADELAIDE","CITY OF ADELAIDE",2,1,1,0,0,2023,"March","Saturday","06:15 am",20,"Sealed","Unknown","Unknown","Night","Hit Pedestrian",2,,,1327421.07,1670239.75
"2023-39746-19/09/2025","NURIOOTPA","THE BAROSSA COUNCIL.",2,1,0,0,1,2023,"March","Thursday","03:50 pm",80,"Sealed","Dry","Not Raining","Daylight","Right Angle",2,,,1368154.52,1717539.9
"2023-39748-19/09/2025","MODBURY","CITY OF TEA TREE GULLY",2,1,0,0,1,2023,"March","Wednesday","04:30 pm",60,"Sealed","Dry","Not Raining","Daylight","Rear End",2,,,1336192.6,1680407.52
"2023-39750-19/09/2025","REYNELLA EAST","CITY OF ONKAPARINGA",1,1,0,0,1,2023,"March","Thursday","03:05 pm",50,"Sealed","Dry","Not Raining","Daylight","Roll Over",1,,,1323753.66,1652605.93
"2023-39763-19/09/2025","PARADISE","CC CAMPBELLTOWN.",2,1,0,0,1,2023,"March","Tuesday","05:55 pm",60,"Sealed","Dry","Not Raining","Daylight","Rear End",2,,,1334461.82,1676974.32
"2023-39764-19/09/2025","BROOKLYN PARK","CITY OF WEST TORRENS",2,1,0,0,1,2023,"March","Thursday","05:58 pm",60,"Sealed","Dry","Not Raining","Daylight","Right Angle",2,,,1324119.14,1670666.54
"2023-39770-19/09/2025","BLAKEVIEW","CITY OF PLAYFORD.",2,2,0,2,0,2023,"March","Thursday","11:00 pm",90,"Sealed","Dry","Not Raining","Night","Right Angle",1,"Y",,1338936.55,1699133.29
"2023-39774-19/09/2025","ERINDALE","CITY OF BURNSIDE",2,1,0,0,1,2023,"March","Friday","08:21 am",50,"Sealed","Dry","Not Raining","Daylight","Right Angle",1,,,1334329.63,1670161.71
"2023-39776-19/09/2025","MORPHETT VALE","CITY OF ONKAPARINGA",2,1,0,0,1,2023,"March","Friday","08:27 am",60,"Sealed","Dry","Not Raining","Daylight","Right Angle",2,,"Y",1321990.54,1647978.93
"2023-39778-19/09/2025","TATACHILLA","CITY OF ONKAPARINGA",2,2,0,0,2,2023,"March","Friday","09:04 am",60,"Sealed","Dry","Not Raining","Daylight","Right Angle",2,,,1317681.62,1637008.33
"2023-39779-19/09/2025","TATACHILLA","CITY OF ONKAPARINGA",3,1,0,0,1,2023,"March","Thursday","03:30 pm",50,"Sealed","Dry","Not Raining","Daylight","Rear End",1,,,1320005.49,1637074.37
"2023-39784-19/09/2025","BLAKEVIEW","CITY OF PLAYFORD.",2,1,0,0,1,2023,"March","Friday","11:30 am",50,"Sealed","Dry","Not Raining","Daylight","Right Angle",2,,,1338491.8,1696977.05
"2023-39788-19/09/2025","PARADISE","CC CAMPBELLTOWN.",3,1,0,0,1,2023,"March","Thursday","04:15 pm",60,"Sealed","Dry","Not Raining","Daylight","Rear End",1,,,1334981.44,1676242.38
"2023-39790-19/09/2025","WILLIAMSTOWN","THE BAROSSA COUNCIL.",2,1,0,0,1,2023,"March","Friday","02:20 pm",100,"Sealed","Dry","Not Raining","Daylight","Hit Fixed Object",1,,,1355327.93,1699915.8
"2023-39799-19/09/2025","VINE VALE","THE BAROSSA COUNCIL.",2,1,1,0,0,2023,"March","Friday","05:42 pm",80,"Sealed","Dry","Not Raining","Daylight","Hit Fixed Object",1,,,1366188.46,1712756.45
"2023-39811-19/09/2025","HACKHAM","CITY OF ONKAPARINGA",2,6,1,5,0,2023,"March","Saturday","12:30 am",80,"Sealed","Dry","Not Raining","Night","Right Angle",2,,,1320361.49,1645195.63
"2023-39814-19/09/2025","LOCKLEYS","CITY OF WEST TORRENS",3,1,0,0,1,2023,"March","Saturday","10:29 am",60,"Sealed","Dry","Not Raining","Daylight","Right Angle",2,,,1322509.96,1670075.81
"2023-39818-19/09/2025","HAWTHORNDENE","CC MITCHAM.",2,1,0,0,1,2023,"March","Saturday","02:44 pm",50,"Sealed","Dry","Not Raining","Daylight","Right Angle",1,,,1330149.96,1659740.5
"2023-39821-19/09/2025","MODBURY HEIGHTS","CITY OF TEA TREE GULLY",2,1,0,0,1,2023,"March","Friday","05:30 pm",60,"Sealed","Dry","Not Raining","Daylight","Rear End",2,,,1337170.23,1683800.51
"2023-39822-19/09/2025","MILE END","CITY OF WEST TORRENS",2,1,0,0,1,2023,"March","Saturday","02:45 pm",60,"Sealed","Dry","Not Raining","Daylight","Right Turn",1,,,1326080.52,1670999.64
"2023-39824-19/09/2025","PARKSIDE","CITY OF UNLEY",2,2,0,0,2,2023,"March","Saturday","02:45 pm",60,"Sealed","Dry","Not Raining","Daylight","Right Turn",2,,,1329603.75,1668978.88
"2023-39827-19/09/2025","KURRALTA PARK","CITY OF WEST TORRENS",3,1,0,0,1,2023,"March","Saturday","05:10 pm",50,"Sealed","Dry","Not Raining","Daylight","Hit Parked Vehicle",1,,,1325078.16,1667541.65
"2023-39829-19/09/2025","RICHMOND","CITY OF WEST TORRENS",2,1,0,0,1,2023,"March","Friday","05:00 pm",60,"Sealed","Dry","Not Raining","Daylight","Rear End",2,,,1324951.94,1669830.44
"2023-39834-19/09/2025","WINDSOR GARDENS","CITY OF PORT ADELAIDE ENFIELD",2,1,1,0,0,2023,"March","Saturday","09:52 pm",60,"Sealed","Dry","Not Raining","Night","Right Angle",2,,"Y",1332698.85,1677120.93
"2023-39840-19/09/2025","EDWARDSTOWN","CC MARION.",2,2,0,0,2,2023,"March","Sunday","05:25 am",60,"Sealed","Dry","Not Raining","Night","Right Turn",1,,,1325932.87,1664392.69
"2023-39843-19/09/2025","PARKSIDE","CITY OF UNLEY",3,1,0,0,1,2023,"March","Saturday","09:10 am",40,"Sealed","Dry","Not Raining","Daylight","Right Angle",2,,,1330375.92,1667666.51
"2023-39848-19/09/2025","RICHMOND","CITY OF WEST TORRENS",2,1,0,0,1,2023,"March","Sunday","08:10 am",60,"Sealed","Dry","Not Raining","Daylight","Rear End",2,,,1324996.68,1668923.98
"2023-39854-19/09/2025","ADELAIDE","CITY OF ADELAIDE",2,1,0,0,1,2023,"March","Sunday","01:50 pm",50,"Sealed","Dry","Not Raining","Daylight","Right Turn",2,,,1328501.78,1669879.19
"2023-39856-19/09/2025","PENNESHAW","KANGAROO ISLAND COUNCIL",2,1,0,0,1,2023,"March","Sunday","01:20 pm",100,"Sealed","Dry","Not Raining","Daylight","Hit Fixed Object",1,,,1265125.73,1583016.23
"2023-39858-19/09/2025","CLEARVIEW","CITY OF PORT ADELAIDE ENFIELD",2,1,0,0,1,2023,"March","Sunday","03:40 pm",60,"Sealed","Dry","Not Raining","Daylight","Right Angle",2,,,1330413.61,1677858.3
"2023-39860-19/09/2025","SURREY DOWNS","CITY OF TEA TREE GULLY",2,1,0,1,0,2023,"March","Sunday","04:54 pm",60,"Sealed","Dry","Not Raining","Daylight","Hit Fixed Object",1,,,1339639.37,1685157.28
"2023-39861-19/09/2025","HENLEY BEACH SOUTH","CITY OF CHARLES STURT",3,1,0,0,1,2023,"March","Sunday","05:08 pm",50,"Sealed","Dry","Not Raining","Daylight","Hit Parked Vehicle",1,,,1319161.6,1670911.91
"2023-39864-19/09/2025","ALBERTON","CITY OF PORT ADELAIDE ENFIELD",2,2,0,0,2,2023,"March","Sunday","06:47 pm",60,"Sealed","Dry","Not Raining","Daylight","Hit Parked Vehicle",1,"Y",,1320593.44,1678738.04
"2023-39866-19/09/2025","TOORAK GARDENS","CITY OF BURNSIDE",2,2,0,0,2,2023,"March","Sunday","05:50 pm",60,"Sealed","Dry","Not Raining","Daylight","Hit Fixed Object",1,,,1331778.06,1669032.43
"2023-39868-19/09/2025","MYPOLONGA","RC MURRAY BRIDGE.",2,1,0,0,1,2023,"March","Monday","12:34 am",100,"Sealed","Dry","Not Raining","Night","Hit Fixed Object",1,,,1394789.03,1655546.43
"2023-39877-19/09/2025","TAPEROO","CITY OF PORT ADELAIDE ENFIELD",2,1,0,0,1,2023,"March","Monday","08:50 am",60,"Sealed","Dry","Not Raining","Daylight","Right Angle",1,,,1319893.71,1683541.99
"2023-39882-19/09/2025","COLLINSWOOD","CITY OF PROSPECT",2,1,0,0,1,2023,"March","Saturday","01:30 pm",60,"Sealed","Dry","Not Raining","Daylight","Rear End",2,,,1330008.07,1674796.97
"2023-39889-19/09/2025","HOLDEN HILL","CITY OF PORT ADELAIDE ENFIELD",2,1,0,0,1,2023,"March","Friday","02:00 pm",60,"Sealed","Dry","Not Raining","Daylight","Right Angle",2,,,1334335.89,1678344.44
"2023-39899-19/09/2025","ROYAL PARK","CITY OF CHARLES STURT",4,2,0,0,2,2023,"March","Monday","04:50 pm",60,"Sealed","Dry","Not Raining","Daylight","Rear End",1,,,1320677.83,1677274.66
"2023-39902-19/09/2025","FULLARTON","CITY OF UNLEY",2,1,0,0,1,2023,"March","Monday","04:53 pm",60,"Sealed","Dry","Not Raining","Daylight","Right Angle",2,,,1330731.84,1667482.42
"2023-39903-19/09/2025","CRAIGBURN FARM","CC MITCHAM.",3,1,0,0,1,2023,"March","Monday","07:25 am",50,"Sealed","Dry","Not Raining","Daylight","Hit Parked Vehicle",1,,,1328817.84,1658503.91
"2023-39906-19/09/2025","BURTON","CITY OF SALISBURY",2,1,0,0,1,2023,"March","Monday","04:20 pm",60,"Sealed","Dry","Not Raining","Daylight","Right Angle",1,,,1330151.76,1690822.54
"2023-39911-19/09/2025","MUNNO PARA","CITY OF PLAYFORD.",2,1,0,0,1,2023,"March","Monday","09:40 pm",80,"Sealed","Dry","Not Raining","Night","Right Turn",2,,,1338231.02,1697708.49
"2023-39912-19/09/2025","MURRAY BRIDGE NORTH","RC MURRAY BRIDGE.",2,3,0,2,1,2023,"March","Monday","09:03 pm",100,"Sealed","Dry","Not Raining","Night","Right Angle",1,,,1387386.4,1649765.14
"2023-39920-19/09/2025","KILKENNY","CITY OF CHARLES STURT",3,1,0,0,1,2023,"March","Tuesday","08:52 am",60,"Sealed","Dry","Not Raining","Daylight","Hit Parked Vehicle",2,,,1324536.99,1675976.26
"2023-39921-19/09/2025","STANSBURY","YORKE PENINSULA COUNCIL",2,1,0,0,1,2023,"March","Tuesday","07:54 am",100,"Unsealed","Wet","Not Raining","Daylight","Right Angle",2,,,1253721.88,1676242.08
"2023-39927-19/09/2025","WHYALLA NORRIE","CC WHYALLA.",2,1,0,0,1,2023,"March","Tuesday","08:25 am",60,"Sealed","Wet","Raining","Daylight","Right Angle",1,,,1237783.65,1884079.04
"2023-39929-19/09/2025","HINDMARSH","CITY OF CHARLES STURT",2,1,0,0,1,2023,"March","Tuesday","01:06 pm",60,"Sealed","Dry","Not Raining","Daylight","Right Turn",1,,,1326125.23,1672575.24
"2023-39930-19/09/2025","PENOLA","WATTLE RANGE COUNCIL",2,2,1,0,1,2023,"March","Tuesday","11:22 am",110,"Sealed","Dry","Not Raining","Daylight","Head On",1,,,1514630.85,1391205.98
"2023-39934-19/09/2025","ROSEWATER","CITY OF PORT ADELAIDE ENFIELD",2,1,0,0,1,2023,"March","Tuesday","11:25 am",60,"Sealed","Dry","Not Raining","Daylight","Rear End",2,,,1321788.23,1679102.91
"2023-39935-19/09/2025","WOODVILLE NORTH","CITY OF CHARLES STURT",2,2,0,0,2,2023,"March","Sunday","03:30 pm",60,"Sealed","Dry","Not Raining","Daylight","Right Angle",2,,,1323953.83,1677474.68
"2023-39940-19/09/2025","MYRTLE BANK","CITY OF UNLEY",3,1,0,0,1,2023,"March","Tuesday","04:14 pm",60,"Sealed","Dry","Not Raining","Daylight","Rear End",1,,,1331410.78,1666309.93
"2023-39942-19/09/2025","UNLEY","CITY OF UNLEY",1,1,0,0,1,2023,"March","Tuesday","04:23 pm",50,"Sealed","Dry","Not Raining","Daylight","Roll Over",1,,,1328364.41,1668627.43
"2023-39943-19/09/2025","CROYDON","CITY OF CHARLES STURT",1,1,0,1,0,2023,"March","Tuesday","04:25 pm",50,"Sealed","Dry","Not Raining","Daylight","Roll Over",1,,,1325499.52,1673793.57
"2023-39947-19/09/2025","TUSMORE","CITY OF BURNSIDE",2,1,0,0,1,2023,"March","Tuesday","05:09 pm",60,"Sealed","Dry","Not Raining","Daylight","Right Angle",2,,,1332821.59,1669068.72
"2023-39949-19/09/2025","MACCLESFIELD","DC MT.BARKER.",3,1,0,0,1,2023,"March","Tuesday","04:59 pm",80,"Sealed","Dry","Not Raining","Daylight","Hit Fixed Object",1,"Y",,1350052.71,1641077.54
"2023-39950-19/09/2025","BEVERLEY","CITY OF CHARLES STURT",2,1,0,0,1,2023,"March","Tuesday","04:30 pm",40,"Sealed","Dry","Not Raining","Daylight","Hit Parked Vehicle",2,,,1323483.23,1674880.59
"2023-39953-19/09/2025","WALLAROO","COPPER COAST DISTRICT COUNCIL",2,1,0,0,1,2023,"March","Tuesday","06:35 pm",50,"Sealed","Dry","Not Raining","Daylight","Hit Fixed Object",1,"Y",,1243057.83,1783314.8
"2023-39954-19/09/2025","PARACOMBE","THE ADELAIDE HILLS COUNCIL",2,1,0,0,1,2023,"March","Tuesday","02:25 pm",80,"Sealed","Dry","Not Raining","Daylight","Hit Fixed Object",1,,,1344687.13,1676885.17
"2023-39957-19/09/2025","O'HALLORAN HILL","CC MARION.",4,2,0,0,2,2023,"March","Wednesday","06:52 am",80,"Sealed","Dry","Not Raining","Night","Rear End",1,,,1323729.85,1657730.6
"2023-39958-19/09/2025","DARLINGTON","CITY OF ONKAPARINGA",2,1,1,0,0,2023,"March","Wednesday","06:39 am",60,"Sealed","Dry","Not Raining","Night","Hit Fixed Object",1,,,1324440.73,1659475.43
"2023-39959-19/09/2025","HAPPY VALLEY","CITY OF ONKAPARINGA",2,1,0,0,1,2023,"March","Wednesday","07:10 am",80,"Sealed","Dry","Not Raining","Night","Right Angle",2,,,1323015.41,1653414.07
"2023-39960-19/09/2025","HAPPY VALLEY","CITY OF ONKAPARINGA",3,3,0,0,3,2023,"March","Wednesday","07:10 am",80,"Sealed","Dry","Not Raining","Night","Rear End",1,,,1326003.46,1656217.98
"2023-39961-19/09/2025","PENFIELD GARDENS","CITY OF PLAYFORD.",5,1,0,0,1,2023,"March","Wednesday","07:42 am",110,"Sealed","Dry","Not Raining","Daylight","Rear End",2,,,1330231.64,1697800.48
"2023-39962-19/09/2025","BELAIR","CC MITCHAM.",2,1,0,0,1,2023,"March","Wednesday","12:05 am",60,"Sealed","Dry","Not Raining","Night","Hit Fixed Object",1,,,1329876.45,1662475.4
"2023-39963-19/09/2025","RICHMOND","CITY OF WEST TORRENS",2,1,0,0,1,2023,"March","Tuesday","05:00 pm",50,"Sealed","Dry","Not Raining","Daylight","Right Angle",1,,,1324951.94,1669830.44
"2023-39965-19/09/2025","MANGALO","DC CLEVE.",2,1,0,1,0,2023,"March","Wednesday","06:45 am",110,"Sealed","Dry","Not Raining","Night","Hit Animal",2,,,1145860.19,1821072.36
"2023-39967-19/09/2025","MARRYATVILLE","CC OF NORWOOD,PAYNEHAM & ST PETERS",4,2,0,2,0,2023,"March","Wednesday","08:04 am",60,"Sealed","Dry","Not Raining","Daylight","Hit Pedestrian",1,,,1332619.13,1670425.55
"2023-39971-19/09/2025","NOARLUNGA CENTRE","CITY OF ONKAPARINGA",2,1,0,0,1,2023,"March","Monday","11:45 am",60,"Sealed","Dry","Not Raining","Daylight","Rear End",2,,,1318868.08,1647475.36
"2023-39974-19/09/2025","SEMAPHORE PARK","CITY OF CHARLES STURT",2,3,0,0,3,2023,"March","Wednesday","12:05 pm",50,"Sealed","Dry","Not Raining","Daylight","Right Turn",1,,,1318123.08,1678573.36
"2023-39976-19/09/2025","STUARTS CREEK",,1,1,0,1,0,2023,"March","Tuesday","01:00 pm",100,"Unsealed","Dry","Not Raining","Daylight","Roll Over",1,,,1223744.28,2268986.06
"2023-39986-19/09/2025","GEPPS CROSS","CITY OF PORT ADELAIDE ENFIELD",2,1,0,0,1,2023,"March","Sunday","05:25 pm",60,"Sealed","Dry","Not Raining","Daylight","Rear End",2,,,1328791.33,1679280.13
"2023-39989-19/09/2025","BLACK FOREST","CITY OF UNLEY",4,1,0,0,1,2023,"March","Wednesday","05:53 pm",60,"Sealed","Dry","Not Raining","Daylight","Rear End",1,,,1325872.22,1666568.83