"REPORT_ID","Suburb","LGA Name","Total Units","Total Cas","Total Fats","Total SI","Total MI","Year","Month","Day","Time","Area Speed","Road Surface","Moisture Cond","Weather Cond","DayNight","Crash Type","Unit Resp","DUI Involved","Drugs Involved","ACCLOC_X","ACCLOC_Y"
"2023-39994-19/09/2025","GLOSSOP","THE BERRI BARMERA COUNCIL",2,1,0,1,0,2023,"March","Wednesday","11:00 pm",90,"Sealed","Dry","Not Raining","Night","Hit Fixed Object",1,,,1511925.49,1734434.2
"2023-40002-19/09/2025","UNDERDALE","CITY OF WEST TORRENS",3,1,0,0,1,2023,"March","Wednesday","04:10 pm",60,"Sealed","Dry","Not Raining","Daylight","Rear End",1,,,1324328.3,1670954.65
"2023-40005-19/09/2025","KANGARILLA","CITY OF ONKAPARINGA",3,1,0,0,1,2023,"March","Thursday","10:11 am",80,"Sealed","Dry","Not Raining","Daylight","Rear End",1,,,1333606.36,1645602.73
"2023-40006-19/09/2025","OAKDEN","CITY OF PORT ADELAIDE ENFIELD",2,1,0,0,1,2023,"March","Thursday","11:30 am",60,"Sealed","Dry","Not Raining","Daylight","Right Turn",1,,,1333378.55,1678561.06
"2023-40008-19/09/2025","PORT ADELAIDE","CITY OF PORT ADELAIDE ENFIELD",2,1,0,0,1,2023,"March","Wednesday","04:20 pm",60,"Sealed","Dry","Not Raining","Daylight","Rear End",2,,,1321034.94,1680308.84
"2023-40009-19/09/2025","BRIGHTON","CITY OF HOLDFAST BAY",4,1,0,0,1,2023,"March","Thursday","01:10 pm",60,"Sealed","Dry","Not Raining","Daylight","Right Turn",2,,,1321149.37,1660558.32
"2023-40010-19/09/2025","ECHUNGA","DC MT.BARKER.",2,1,0,0,1,2023,"March","Thursday","02:30 pm",80,"Sealed","Dry","Not Raining","Daylight","Hit Fixed Object",1,,,1346622.66,1655058.77
"2023-40015-19/09/2025","ADELAIDE","CITY OF ADELAIDE",3,1,0,0,1,2023,"March","Thursday","04:11 pm",50,"Sealed","Dry","Not Raining","Daylight","Rear End",1,,,1329024.85,1670686.76
"2023-40017-19/09/2025","STRATHALBYN","ALEXANDRINA COUNCIL",3,1,1,0,0,2023,"March","Thursday","01:47 pm",80,"Sealed","Dry","Not Raining","Daylight","Hit Fixed Object",1,,,1355259.93,1631802.67
"2023-40018-19/09/2025","NOARLUNGA CENTRE","CITY OF ONKAPARINGA",2,1,0,0,1,2023,"March","Thursday","05:40 pm",60,"Sealed","Dry","Not Raining","Daylight","Right Angle",2,,,1318337.56,1647460.97
"2023-40021-19/09/2025","TORRENSVILLE","CITY OF WEST TORRENS",2,1,0,0,1,2023,"March","Thursday","06:00 pm",50,"Sealed","Dry","Not Raining","Daylight","Right Angle",2,,,1324475.1,1671169.01
"2023-40022-19/09/2025","HORSNELL GULLY","THE ADELAIDE HILLS COUNCIL",1,1,0,0,1,2023,"March","Thursday","07:20 pm",60,"Sealed","Dry","Not Raining","Daylight","Roll Over",1,,,1338734.17,1670821.24
"2023-40023-19/09/2025","BROOKLYN PARK","CITY OF WEST TORRENS",2,2,0,0,2,2023,"March","Thursday","08:00 pm",60,"Sealed","Dry","Not Raining","Night","Right Turn",1,,,1324123.03,1670938.82
"2023-40024-19/09/2025","HAMPSTEAD GARDENS","CITY OF PORT ADELAIDE ENFIELD",2,1,0,0,1,2023,"March","Thursday","08:35 pm",60,"Sealed","Dry","Not Raining","Night","Right Angle",1,,,1331130.88,1675779.37
"2023-40025-19/09/2025","ROSE PARK","CITY OF BURNSIDE",2,1,0,0,1,2023,"March","Thursday","08:50 am",50,"Sealed","Dry","Not Raining","Daylight","Side Swipe",1,,,1331468.33,1670148.92
"2023-40027-19/09/2025","KILBURN","CITY OF PORT ADELAIDE ENFIELD",1,1,0,1,0,2023,"March","Thursday","10:15 pm",50,"Sealed","Dry","Not Raining","Night","Roll Over",1,"Y",,1327342.94,1678304.13
"2023-40031-19/09/2025","SEATON","CITY OF CHARLES STURT",2,2,0,0,2,2023,"March","Friday","08:14 am",60,"Sealed","Dry","Not Raining","Daylight","Right Turn",1,,,1321265.82,1674697.39
"2023-40032-19/09/2025","NOARLUNGA CENTRE","CITY OF ONKAPARINGA",2,1,0,0,1,2023,"March","Thursday","09:05 am",60,"Sealed","Dry","Not Raining","Daylight","Hit Fixed Object",1,,,1318796.89,1647291.84
"2023-40034-19/09/2025","MUNNO PARA","CITY OF PLAYFORD.",2,1,0,0,1,2023,"March","Friday","07:42 am",80,"Sealed","Dry","Not Raining","Daylight","Hit Fixed Object",1,,,1338231.02,1697708.49
"2023-40035-19/09/2025","TORRENS PARK","CC MITCHAM.",2,1,0,0,1,2023,"March","Friday","07:55 am",60,"Sealed","Dry","Not Raining","Daylight","Right Turn",1,,,1329626.23,1664220.37
"2023-40040-19/09/2025","SHEIDOW PARK","CC MARION.",2,1,0,0,1,2023,"March","Thursday","01:30 pm",80,"Sealed","Dry","Not Raining","Daylight","Rear End",2,,,1320327.05,1653912.35
"2023-40050-19/09/2025","BROOKLYN PARK","CITY OF WEST TORRENS",2,1,0,0,1,2023,"March","Friday","03:35 pm",60,"Sealed","Dry","Not Raining","Daylight","Right Turn",2,,,1323372.68,1670919.8
"2023-40051-19/09/2025","NORWOOD","CC OF NORWOOD,PAYNEHAM & ST PETERS",2,2,0,0,2,2023,"March","Friday","04:19 pm",50,"Sealed","Dry","Not Raining","Daylight","Side Swipe",2,,,1331242.52,1670674.07
"2023-40053-19/09/2025","SALISBURY NORTH","CITY OF SALISBURY",2,2,0,2,0,2023,"March","Friday","03:43 pm",60,"Sealed","Dry","Not Raining","Daylight","Head On",1,,,1331574.18,1689699.12
"2023-40056-19/09/2025","GEPPS CROSS","CITY OF PORT ADELAIDE ENFIELD",2,1,0,0,1,2023,"March","Friday","05:25 pm",60,"Sealed","Dry","Not Raining","Daylight","Rear End",2,,,1328821.62,1679280.51
"2023-40058-19/09/2025","DAWESLEY","DC MT.BARKER.",2,1,0,0,1,2023,"March","Friday","05:17 pm",60,"Sealed","Dry","Not Raining","Daylight","Head On",1,,,1359007.88,1656916.59
"2023-40064-19/09/2025","ADELAIDE","CITY OF ADELAIDE",1,1,0,0,1,2023,"March","Friday","09:17 pm",50,"Sealed","Dry","Not Raining","Night","Roll Over",1,,,1329053.45,1669688.57
"2023-40065-19/09/2025","BASKET RANGE","THE ADELAIDE HILLS COUNCIL",2,1,0,0,1,2023,"March","Friday","03:00 pm",80,"Sealed","Dry","Not Raining","Daylight","Hit Fixed Object",1,,,1342858.09,1668557.47
"2023-40067-19/09/2025","MODBURY NORTH","CITY OF TEA TREE GULLY",2,1,0,0,1,2023,"March","Saturday","07:55 am",60,"Sealed","Dry","Not Raining","Daylight","Right Turn",1,,,1336848.16,1681212.44
"2023-40069-19/09/2025","WYNN VALE","CITY OF TEA TREE GULLY",2,1,0,0,1,2023,"March","Saturday","08:05 am",60,"Sealed","Dry","Not Raining","Daylight","Right Angle",2,,,1338912.98,1684761.61
"2023-40072-19/09/2025","PARKSIDE","CITY OF UNLEY",2,1,0,0,1,2023,"March","Saturday","08:45 am",60,"Sealed","Dry","Not Raining","Daylight","Right Angle",1,,,1329063.61,1668706.72
"2023-40074-19/09/2025","MONARTO SOUTH","RC MURRAY BRIDGE.",2,1,0,0,1,2023,"March","Friday","11:00 pm",100,"Sealed","Dry","Not Raining","Night","Hit Fixed Object",1,,,1379087,1644482.51
"2023-40076-19/09/2025","PAYNEHAM","CC OF NORWOOD,PAYNEHAM & ST PETERS",2,1,0,0,1,2023,"March","Friday","05:03 pm",60,"Sealed","Dry","Not Raining","Daylight","Right Turn",2,,,1332187.17,1673376.47
"2023-40080-19/09/2025","KIDMAN PARK","CITY OF CHARLES STURT",2,1,0,0,1,2023,"March","Saturday","11:18 am",60,"Sealed","Dry","Not Raining","Daylight","Right Turn",2,,,1322237.16,1673111.31
"2023-40085-19/09/2025","SEATON","CITY OF CHARLES STURT",2,1,0,0,1,2023,"March","Saturday","01:10 pm",40,"Sealed","Dry","Not Raining","Daylight","Rear End",2,,,1321420.45,1673587.53
"2023-40089-19/09/2025","ST MARYS","CC MITCHAM.",2,1,0,1,0,2023,"March","Saturday","05:15 pm",60,"Sealed","Dry","Not Raining","Daylight","Side Swipe",2,,,1326011.98,1661651.93
"2023-40096-19/09/2025","REGENCY PARK","CITY OF PORT ADELAIDE ENFIELD",4,1,0,0,1,2023,"March","Saturday","09:19 pm",60,"Sealed","Dry","Not Raining","Night","Right Turn",1,,,1326094.37,1676380.46
"2023-40097-19/09/2025","EDINBURGH","CITY OF SALISBURY",1,1,0,1,0,2023,"March","Saturday","09:27 pm",60,"Sealed","Dry","Not Raining","Night","Roll Over",1,,,1332564.84,1692046.9
"2023-40098-19/09/2025","PENOLA","WATTLE RANGE COUNCIL",2,1,0,0,1,2023,"March","Saturday","09:49 pm",100,"Unsealed","Dry","Not Raining","Night","Hit Fixed Object",1,,,1515574.56,1392832.55
"2023-40099-19/09/2025","ATHELSTONE","CC CAMPBELLTOWN.",2,1,0,1,0,2023,"March","Sunday","12:21 am",60,"Sealed","Dry","Not Raining","Night","Hit Fixed Object",1,"Y",,1338022.37,1674830.56
"2023-40100-19/09/2025","WEST LAKES SHORE","CITY OF CHARLES STURT",2,1,0,0,1,2023,"March","Sunday","03:05 am",50,"Sealed","Dry","Not Raining","Night","Hit Parked Vehicle",1,"Y",,1318090.65,1677323.59
"2023-40111-19/09/2025","STRATHALBYN","ALEXANDRINA COUNCIL",2,1,0,0,1,2023,"March","Sunday","11:00 am",100,"Sealed","Wet","Raining","Daylight","Roll Over",1,,,1351336.21,1632036.79
"2023-40112-19/09/2025","WYNN VALE","CITY OF TEA TREE GULLY",2,2,0,0,2,2023,"March","Sunday","12:30 pm",60,"Sealed","Dry","Not Raining","Daylight","Right Turn",1,,,1338912.98,1684761.61
"2023-40131-19/09/2025","ELIZABETH EAST","CITY OF PLAYFORD.",2,2,0,1,1,2023,"March","Sunday","07:55 pm",60,"Sealed","Dry","Not Raining","Night","Head On",1,,,1336795.92,1692854.5
"2023-40135-19/09/2025","O'HALLORAN HILL","CC MARION.",15,1,0,0,1,2023,"March","Monday","06:50 am",80,"Sealed","Wet","Raining","Night","Rear End",2,,,1323145.15,1656755.72
"2023-40136-19/09/2025","TARPEENA","DISTRICT COUNCIL OF GRANT",2,1,0,1,0,2023,"March","Monday","06:20 am",80,"Sealed","Wet","Raining","Night","Right Angle",2,,,1513391.18,1364273.66
"2023-40138-19/09/2025","GILBERTON","WALKERVILLE TOWN COUNCIL",2,1,0,0,1,2023,"March","Monday","07:55 am",60,"Sealed","Wet","Not Raining","Daylight","Right Turn",2,,,1329707.81,1672509.77
"2023-40140-19/09/2025","WEST HINDMARSH","CITY OF CHARLES STURT",4,1,0,0,1,2023,"March","Monday","08:18 am",60,"Sealed","Wet","Raining","Daylight","Side Swipe",1,,,1325314.42,1672367.29
"2023-40141-19/09/2025","MAWSON LAKES","CITY OF SALISBURY",2,1,0,0,1,2023,"March","Monday","08:30 am",60,"Sealed","Wet","Raining","Daylight","Right Turn",2,,,1330821.38,1683029.87
"2023-40143-19/09/2025","ALDINGA","CITY OF ONKAPARINGA",2,1,0,0,1,2023,"March","Saturday","07:50 am",80,"Sealed","Dry","Not Raining","Daylight","Rear End",2,,,1316559.86,1635517.35
"2023-40145-19/09/2025","SALISBURY PLAIN","CITY OF SALISBURY",3,1,0,0,1,2023,"March","Monday","09:00 am",80,"Sealed","Wet","Raining","Daylight","Rear End",1,,,1334851.01,1687364.84
"2023-40152-19/09/2025","KANMANTOO","DC MT.BARKER.",2,2,0,1,1,2023,"March","Monday","06:20 am",100,"Sealed","Wet","Raining","Night","Hit Fixed Object",1,,"Y",1365353.97,1655044.48
"2023-40154-19/09/2025","MAITLAND","YORKE PENINSULA COUNCIL",1,1,0,1,0,2023,"March","Monday","09:50 am",80,"Sealed","Wet","Raining","Daylight","Roll Over",1,,,1245156.96,1734907.97
"2023-40166-19/09/2025","MUNNO PARA WEST","CITY OF PLAYFORD.",2,1,0,0,1,2023,"March","Monday","03:40 pm",60,"Sealed","Dry","Not Raining","Daylight","Rear End",1,,,1335608.87,1699139.55
"2023-40173-19/09/2025","GREENHILL","THE ADELAIDE HILLS COUNCIL",2,2,0,0,2,2023,"March","Monday","05:35 pm",60,"Sealed","Dry","Not Raining","Daylight","Head On",1,,,1335049.23,1667850.57
"2023-40176-19/09/2025","OAKDEN","CITY OF PORT ADELAIDE ENFIELD",2,5,0,0,5,2023,"March","Monday","07:17 pm",50,"Sealed","Dry","Not Raining","Daylight","Head On",1,,,1332472.34,1678217.46
"2023-40177-19/09/2025","BELAIR","CC MITCHAM.",2,1,0,0,1,2023,"March","Monday","07:06 pm",60,"Sealed","Dry","Not Raining","Daylight","Hit Fixed Object",1,"Y","Y",1330506.55,1661886.23
"2023-40179-19/09/2025","TATACHILLA","CITY OF ONKAPARINGA",2,1,0,0,1,2023,"March","Saturday","08:00 am",60,"Sealed","Dry","Not Raining","Daylight","Right Turn",2,,,1320005.49,1637074.37
"2023-40180-19/09/2025","SALISBURY EAST","CITY OF SALISBURY",2,1,1,0,0,2023,"March","Monday","06:50 pm",60,"Sealed","Dry","Not Raining","Daylight","Hit Pedestrian",2,,,1334035.71,1684765.4
"2023-40181-19/09/2025","DARLINGTON","CITY OF ONKAPARINGA",2,1,0,0,1,2023,"March","Monday","09:15 pm",60,"Sealed","Dry","Not Raining","Night","Right Turn",1,,,1324432.96,1659694.42
"2023-40182-19/09/2025","PORT ELLIOT","ALEXANDRINA COUNCIL",2,2,0,2,0,2023,"March","Monday","05:57 pm",80,"Sealed","Dry","Not Raining","Daylight","Head On",1,,,1334296.64,1604011.56
"2023-40187-19/09/2025","CHRISTIE DOWNS","CITY OF ONKAPARINGA",2,1,0,0,1,2023,"March","Tuesday","08:30 am",60,"Sealed","Dry","Not Raining","Daylight","Side Swipe",1,,,1318839.18,1648638.29
"2023-40192-19/09/2025","MOUNT BARKER","DC MT.BARKER.",2,1,0,0,1,2023,"March","Monday","04:00 pm",50,"Sealed","Dry","Not Raining","Daylight","Rear End",2,,,1351275.37,1654427.91
"2023-40194-19/09/2025","RIDGEHAVEN","CITY OF TEA TREE GULLY",2,1,0,0,1,2023,"March","Tuesday","06:00 pm",60,"Sealed","Dry","Not Raining","Daylight","Hit Parked Vehicle",2,,,1339713.34,1682253.6
"2023-40195-19/09/2025","CHRISTIES BEACH","CITY OF ONKAPARINGA",2,1,0,0,1,2023,"March","Tuesday","10:30 am",60,"Sealed","Dry","Not Raining","Daylight","Hit Fixed Object",1,,"Y",1315961.83,1647133.13
"2023-40196-19/09/2025","MARION","CC MARION.",2,1,0,0,1,2023,"March","Tuesday","10:25 am",60,"Sealed","Dry","Not Raining","Daylight","Right Angle",1,,,1323838.71,1663116.05
"2023-40198-19/09/2025","EVERARD PARK","CITY OF UNLEY",4,2,0,2,0,2023,"March","Tuesday","01:10 pm",60,"Sealed","Wet","Raining","Daylight","Hit Fixed Object",1,"Y",,1325850.88,1667304.4
"2023-40200-19/09/2025","SOUTH HUMMOCKS","BARUNGA WEST DISTRICT COUNCIL",4,3,0,3,0,2023,"March","Tuesday","12:05 pm",100,"Unsealed","Dry","Not Raining","Daylight","Right Angle",1,,,1288968.65,1767752.39
"2023-40205-19/09/2025","NORWOOD","CC OF NORWOOD,PAYNEHAM & ST PETERS",2,2,0,0,2,2023,"March","Tuesday","03:10 pm",60,"Sealed","Dry","Not Raining","Daylight","Right Turn",1,,,1331433.13,1671069.06
"2023-40206-19/09/2025","ADELAIDE","CITY OF ADELAIDE",2,1,0,0,1,2023,"March","Tuesday","04:49 pm",50,"Sealed","Dry","Not Raining","Daylight","Right Angle",2,,,1329122.76,1669582.56
"2023-40216-19/09/2025","MACCLESFIELD","DC MT.BARKER.",1,1,0,0,1,2023,"March","Wednesday","05:45 am",80,"Sealed","Wet","Raining","Night","Roll Over",1,,,1348881.99,1643982.01
"2023-40224-19/09/2025","HAPPY VALLEY","CITY OF ONKAPARINGA",2,3,0,0,3,2023,"March","Wednesday","08:20 am",50,"Sealed","Dry","Not Raining","Daylight","Right Angle",2,,,1326923.58,1653521.31
"2023-40225-19/09/2025","GEPPS CROSS","CITY OF PORT ADELAIDE ENFIELD",2,1,0,0,1,2023,"March","Wednesday","08:00 am",60,"Sealed","Dry","Not Raining","Daylight","Hit Pedestrian",1,,,1329251.69,1679291.25
"2023-40228-19/09/2025","SUTTONTOWN","DISTRICT COUNCIL OF GRANT",2,1,0,1,0,2023,"March","Wednesday","01:30 pm",110,"Sealed","Dry","Not Raining","Daylight","Head On",1,,,1505926.1,1342807.1
"2023-40236-19/09/2025","ARKAROOLA",,1,1,0,0,1,2023,"March","Thursday","11:30 am",100,"Unsealed","Unknown","Unknown","Daylight","Roll Over",1,,,1425810.17,2181544.53
"2023-40237-19/09/2025","NORTH ADELAIDE","CITY OF ADELAIDE",2,1,0,0,1,2023,"March","Wednesday","05:39 pm",50,"Sealed","Dry","Not Raining","Daylight","Hit Parked Vehicle",1,,,1328198.83,1672835.38
"2023-40238-19/09/2025","KURRALTA PARK","CITY OF WEST TORRENS",2,1,0,0,1,2023,"March","Monday","08:00 am",60,"Sealed","Wet","Not Raining","Daylight","Side Swipe",1,,,1325412.67,1667447.34
"2023-40242-19/09/2025","CHAIN OF PONDS","THE ADELAIDE HILLS COUNCIL",2,1,0,0,1,2023,"March","Wednesday","08:20 pm",80,"Sealed","Dry","Not Raining","Night","Hit Fixed Object",1,"Y",,1351053,1681280.79
"2023-40244-19/09/2025","PYGERY","DC WUDINNA. (DC LE HUNTE.)",2,1,0,0,1,2023,"March","Wednesday","11:45 pm",110,"Sealed","Dry","Not Raining","Night","Hit Fixed Object",1,"Y",,1039342.04,1886960.32
"2023-40245-19/09/2025","ADELAIDE","CITY OF ADELAIDE",3,1,0,0,1,2023,"March","Thursday","06:55 am",60,"Sealed","Dry","Not Raining","Night","Right Turn",1,,,1327395.92,1670003.03
"2023-40248-19/09/2025","TUNGKILLO","MID MURRAY DISTRICT COUNCIL",2,1,0,0,1,2023,"March","Thursday","08:00 am",100,"Sealed","Dry","Not Raining","Daylight","Side Swipe",2,,,1370794.77,1681125.99
"2023-40251-19/09/2025","GLENALTA","CC MITCHAM.",2,1,0,0,1,2023,"March","Thursday","08:50 am",60,"Sealed","Dry","Not Raining","Daylight","Right Angle",1,,,1331211.94,1661695.98
"2023-40258-19/09/2025","REGENCY PARK","CITY OF PORT ADELAIDE ENFIELD",3,1,0,0,1,2023,"March","Thursday","01:50 pm",60,"Sealed","Dry","Not Raining","Daylight","Rear End",2,,,1325563.15,1678923.95
"2023-40259-19/09/2025","FLINDERS PARK","CITY OF CHARLES STURT",2,1,0,0,1,2023,"March","Thursday","02:15 pm",60,"Sealed","Dry","Not Raining","Daylight","Rear End",1,,,1323658.18,1673162.5
"2023-40260-19/09/2025","BIRDWOOD","THE ADELAIDE HILLS COUNCIL",2,1,0,0,1,2023,"March","Thursday","02:10 pm",100,"Sealed","Dry","Not Raining","Daylight","Hit Fixed Object",1,,,1366451.62,1682848.33
"2023-40266-19/09/2025","KANGAROO FLAT","LIGHT REGIONAL COUNCIL",2,3,0,0,3,2023,"March","Thursday","03:30 pm",100,"Sealed","Dry","Not Raining","Daylight","Right Angle",1,,,1340986.39,1710042.06
"2023-40267-19/09/2025","ADELAIDE","CITY OF ADELAIDE",2,1,0,0,1,2023,"March","Thursday","04:30 pm",50,"Sealed","Dry","Not Raining","Daylight","Hit Pedestrian",2,"Y",,1328466.7,1671134.19
"2023-40268-19/09/2025","MCLAREN VALE","CITY OF ONKAPARINGA",2,1,0,0,1,2023,"March","Thursday","04:20 pm",50,"Sealed","Dry","Not Raining","Daylight","Hit Parked Vehicle",1,,,1321298.29,1639244.39
"2023-40274-19/09/2025","SMITHFIELD","CITY OF PLAYFORD.",2,1,1,0,0,2023,"March","Thursday","07:47 pm",80,"Sealed","Dry","Not Raining","Night","Hit Pedestrian",1,"Y","Y",1337764.92,1696878.06
"2023-40278-19/09/2025","WATERLOO CORNER","CITY OF SALISBURY",3,1,0,0,1,2023,"March","Friday","07:20 am",70,"Sealed","Wet","Not Raining","Night","Rear End",1,,,1328258.79,1692163.2
"2023-40279-19/09/2025","STURT","CC MARION.",3,1,0,0,1,2023,"March","Friday","07:30 am",60,"Sealed","Dry","Not Raining","Daylight","Right Turn",2,,,1324404.88,1660668.91
"2023-40281-19/09/2025","PARA HILLS WEST","CITY OF SALISBURY",2,1,0,0,1,2023,"March","Thursday","02:50 pm",60,"Sealed","Dry","Not Raining","Daylight","Right Angle",9,,,1333434.52,1683702.92
"2023-40284-19/09/2025","MORPHETT VALE","CITY OF ONKAPARINGA",2,1,0,0,1,2023,"March","Friday","08:55 am",60,"Sealed","Dry","Not Raining","Daylight","Right Angle",1,,,1321457.29,1648713.69
"2023-40287-19/09/2025","SURREY DOWNS","CITY OF TEA TREE GULLY",2,1,0,0,1,2023,"March","Friday","08:30 am",60,"Sealed","Dry","Not Raining","Daylight","Rear End",1,,,1338383.45,1683578.82
"2023-40291-19/09/2025","MORPHETTVILLE","CC MARION.",2,1,0,0,1,2023,"March","Thursday","01:45 pm",60,"Sealed","Dry","Not Raining","Daylight","Rear End",2,,,1322654.75,1664699.5
"2023-40296-19/09/2025","PEKINA","DC OF ORROROO/CARRIETON",1,1,0,0,1,2023,"March","Friday","12:00 pm",100,"Sealed","Dry","Not Raining","Daylight","Left Road - Out of Control",1,,,1331668.07,1901432.07
"2023-40298-19/09/2025","WEST LAKES SHORE","CITY OF CHARLES STURT",3,3,1,0,2,2023,"March","Friday","12:45 pm",60,"Sealed","Dry","Not Raining","Daylight","Right Angle",1,,"Y",1317949.8,1677015.65
"2023-40299-19/09/2025","ELIZABETH","CITY OF PLAYFORD.",2,2,0,0,2,2023,"March","Friday","01:00 pm",50,"Sealed","Dry","Not Raining","Daylight","Right Angle",2,,,1335599.14,1693752.48
"2023-40300-19/09/2025","ADELAIDE","CITY OF ADELAIDE",2,1,0,0,1,2023,"March","Friday","01:44 pm",60,"Sealed","Dry","Not Raining","Daylight","Side Swipe",1,,,1327899.61,1671061.54
"2023-40302-19/09/2025","NURIOOTPA","THE BAROSSA COUNCIL.",2,2,0,1,1,2023,"March","Friday","01:43 pm",60,"Sealed","Dry","Not Raining","Daylight","Right Angle",2,,,1365347.68,1719916.25
"2023-40303-19/09/2025","WALKLEY HEIGHTS","CITY OF PORT ADELAIDE ENFIELD",2,1,0,1,0,2023,"March","Friday","01:50 pm",70,"Sealed","Dry","Not Raining","Daylight","Hit Fixed Object",1,,,1333308.48,1679414.22
"2023-40308-19/09/2025","PEWSEY VALE","THE BAROSSA COUNCIL.",1,1,0,1,0,2023,"March","Friday","03:20 pm",100,"Unsealed","Dry","Not Raining","Daylight","Roll Over",1,,,1359972.87,1704387.97
"2023-40310-19/09/2025","WOODVILLE NORTH","CITY OF CHARLES STURT",2,1,0,1,0,2023,"March","Friday","02:53 pm",60,"Sealed","Dry","Not Raining","Daylight","Right Angle",2,,,1323076.99,1677139.12
"2023-40314-19/09/2025","HINDMARSH","CITY OF CHARLES STURT",2,1,0,0,1,2023,"March","Friday","01:25 pm",60,"Sealed","Wet","Raining","Daylight","Rear End",1,,,1326027.87,1673053.03
"2023-40315-19/09/2025","NORWOOD","CC OF NORWOOD,PAYNEHAM & ST PETERS",3,1,0,0,1,2023,"March","Friday","05:35 pm",60,"Sealed","Dry","Not Raining","Daylight","Right Angle",2,,,1331050.68,1670376
"2023-40322-19/09/2025","LOCKLEYS","CITY OF WEST TORRENS",2,1,0,0,1,2023,"March","Friday","04:30 pm",60,"Sealed","Dry","Not Raining","Daylight","Rear End",2,,,1321714.98,1670846.8
"2023-40324-19/09/2025","WALKLEY HEIGHTS","CITY OF PORT ADELAIDE ENFIELD",5,5,0,0,5,2023,"March","Friday","07:35 pm",60,"Sealed","Dry","Not Raining","Night","Rear End",1,,,1333311.5,1679336.87
"2023-40329-19/09/2025","ELIZABETH PARK","CITY OF PLAYFORD.",2,1,0,0,1,2023,"April","Saturday","08:52 am",60,"Sealed","Dry","Not Raining","Daylight","Right Angle",1,,,1337484.8,1694066.7
"2023-40330-19/09/2025","KESWICK","CITY OF WEST TORRENS",2,1,0,1,0,2023,"April","Saturday","09:38 am",60,"Sealed","Dry","Not Raining","Daylight","Rear End",2,,"Y",1325805.56,1668615.87
"2023-40331-19/09/2025","LANGHORNE CREEK","ALEXANDRINA COUNCIL",1,1,0,1,0,2023,"April","Saturday","09:20 am",100,"Sealed","Dry","Not Raining","Daylight","Roll Over",1,,,1376572.2,1626720.03
"2023-40340-19/09/2025","NURIOOTPA","THE BAROSSA COUNCIL.",2,1,0,0,1,2023,"April","Saturday","02:02 pm",80,"Sealed","Dry","Not Raining","Daylight","Right Turn",2,,,1365221.54,1720890.56
"2023-40344-19/09/2025","OUTER HARBOR","CITY OF PORT ADELAIDE ENFIELD",1,3,0,0,3,2023,"April","Saturday","05:17 pm",60,"Sealed","Dry","Not Raining","Daylight","Left Road - Out of Control",1,,,1318584,1687531.73
"2023-40348-19/09/2025","TATACHILLA","CITY OF ONKAPARINGA",2,1,1,0,0,2023,"April","Saturday","07:13 pm",80,"Sealed","Dry","Not Raining","Night","Hit Fixed Object",1,,,1319574.41,1638226.74
"2023-40350-19/09/2025","NULLARBOR",,1,1,0,1,0,2023,"April","Saturday","12:50 pm",110,"Sealed","Dry","Not Raining","Daylight","Roll Over",1,,,559793,2037514.15
"2023-40352-19/09/2025","GLENUNGA","CITY OF BURNSIDE",2,1,0,1,0,2023,"April","Saturday","11:06 pm",50,"Sealed","Dry","Not Raining","Night","Hit Parked Vehicle",1,"Y","Y",1331706.85,1667901.69
"2023-40354-19/09/2025","LOCKLEYS","CITY OF WEST TORRENS",2,1,0,0,1,2023,"April","Sunday","01:25 am",60,"Sealed","Dry","Not Raining","Night","Hit Parked Vehicle",1,"Y",,1321586.6,1670853.22
"2023-40357-19/09/2025","STRATHALBYN","ALEXANDRINA COUNCIL",2,1,0,0,1,2023,"April","Saturday","08:30 am",100,"Sealed","Wet","Raining","Daylight","Hit Fixed Object",1,,,1351330.61,1632037.06
"2023-40358-19/09/2025","ALDINGA","CITY OF ONKAPARINGA",2,1,0,0,1,2023,"April","Saturday","11:15 am",50,"Sealed","Dry","Not Raining","Daylight","Side Swipe",2,,,1316167.73,1633171.92
"2023-40360-19/09/2025","CRAIGBURN FARM","CC MITCHAM.",3,1,0,0,1,2023,"April","Sunday","11:30 am",60,"Sealed","Dry","Not Raining","Daylight","Right Angle",1,,,1329847.63,1658105.91
"2023-40362-19/09/2025","WEST BEACH","CITY OF WEST TORRENS",2,1,0,0,1,2023,"April","Sunday","12:16 pm",80,"Sealed","Dry","Not Raining","Daylight","Rear End",1,,,1320918.5,1669215.4
"2023-40371-19/09/2025","CUDLEE CREEK","THE ADELAIDE HILLS COUNCIL",2,1,0,1,0,2023,"April","Sunday","11:00 am",80,"Sealed","Dry","Not Raining","Daylight","Hit Fixed Object",1,,,1348060.06,1679394.09
"2023-40372-19/09/2025","NURIOOTPA","LIGHT REGIONAL COUNCIL",3,2,0,2,0,2023,"April","Sunday","02:56 pm",110,"Sealed","Dry","Not Raining","Daylight","Rear End",1,,,1363049.25,1720952.75
"2023-40381-19/09/2025","VISTA","CITY OF TEA TREE GULLY",2,1,0,1,0,2023,"April","Sunday","05:50 pm",60,"Sealed","Dry","Not Raining","Daylight","Roll Over",1,,,1340209.48,1679761.68
"2023-40384-19/09/2025","NOVAR GARDENS","CITY OF WEST TORRENS",2,1,0,0,1,2023,"April","Monday","06:38 am",60,"Sealed","Dry","Not Raining","Daylight","Right Angle",1,,,1322628.48,1665624.62