"REPORT_ID","Suburb","LGA Name","Total Units","Total Cas","Total Fats","Total SI","Total MI","Year","Month","Day","Time","Area Speed","Road Surface","Moisture Cond","Weather Cond","DayNight","Crash Type","Unit Resp","DUI Involved","Drugs Involved","ACCLOC_X","ACCLOC_Y"
"2023-40385-19/09/2025","ROSEWATER","CITY OF PORT ADELAIDE ENFIELD",2,1,0,0,1,2023,"April","Monday","06:50 am",60,"Sealed","Dry","Not Raining","Daylight","Hit Pedestrian",2,,,1322023.7,1679117.74
"2023-40390-19/09/2025","CUDLEE CREEK","THE ADELAIDE HILLS COUNCIL",2,1,0,0,1,2023,"April","Sunday","11:30 am",80,"Sealed","Dry","Not Raining","Daylight","Rear End",1,,,1349978.48,1679253.9
"2023-40391-19/09/2025","RIDLEYTON","CITY OF CHARLES STURT",2,1,0,0,1,2023,"April","Monday","08:43 am",60,"Sealed","Dry","Not Raining","Daylight","Rear End",1,,,1325607.49,1673699.08
"2023-40397-19/09/2025","ADELAIDE","CITY OF ADELAIDE",2,1,0,1,0,2023,"April","Monday","08:00 am",50,"Sealed","Dry","Not Raining","Daylight","Side Swipe",1,,,1329436.33,1670399.64
"2023-40398-19/09/2025","MILLICENT","WATTLE RANGE COUNCIL",1,1,0,1,0,2023,"April","Monday","11:15 am",60,"Sealed","Dry","Not Raining","Daylight","Roll Over",1,,,1473852.78,1368639.08
"2023-40399-19/09/2025","KARATTA","KANGAROO ISLAND COUNCIL",2,3,0,2,1,2023,"April","Monday","10:30 am",110,"Sealed","Dry","Not Raining","Daylight","Hit Fixed Object",1,,,1163198.87,1559923.88
"2023-40409-19/09/2025","ADELAIDE","CITY OF ADELAIDE",1,1,0,0,1,2023,"April","Monday","04:35 pm",50,"Sealed","Dry","Not Raining","Daylight","Roll Over",9,,,1327914.27,1670938.2
"2023-40414-19/09/2025","HAPPY VALLEY","CITY OF ONKAPARINGA",2,1,0,0,1,2023,"April","Monday","06:30 pm",60,"Sealed","Dry","Not Raining","Night","Hit Fixed Object",1,,,1328361.56,1652906.19
"2023-40417-19/09/2025","MONASH","THE BERRI BARMERA COUNCIL",2,1,0,0,1,2023,"March","Wednesday","04:50 pm",110,"Sealed","Dry","Not Raining","Daylight","Rear End",2,,,1516843.41,1738002.93
"2023-40418-19/09/2025","MIDDLE BEACH","DC MALLALA.",2,1,0,1,0,2023,"April","Tuesday","12:27 am",80,"Unsealed","Dry","Not Raining","Night","Hit Pedestrian",2,,,1315419.47,1708803.04
"2023-40422-19/09/2025","CLEARVIEW","CITY OF PORT ADELAIDE ENFIELD",2,1,0,0,1,2023,"April","Tuesday","08:08 am",60,"Sealed","Dry","Not Raining","Daylight","Side Swipe",1,,,1330415.78,1677441.32
"2023-40423-19/09/2025","FREELING","LIGHT REGIONAL COUNCIL",2,2,0,1,1,2023,"April","Tuesday","08:08 am",100,"Sealed","Dry","Not Raining","Daylight","Right Turn",2,,"Y",1350740.5,1722138.29
"2023-40426-19/09/2025","LOCKLEYS","CITY OF WEST TORRENS",4,1,0,0,1,2023,"April","Tuesday","08:49 am",50,"Sealed","Dry","Not Raining","Daylight","Hit Fixed Object",1,,,1322713.42,1671625.57
"2023-40427-19/09/2025","MILLICENT","WATTLE RANGE COUNCIL",2,1,0,1,0,2023,"April","Tuesday","06:30 am",110,"Sealed","Dry","Not Raining","Daylight","Right Angle",1,,,1475772.99,1369399.79
"2023-40430-19/09/2025","CHANDLERS HILL","CITY OF ONKAPARINGA",2,1,0,0,1,2023,"April","Monday","06:00 pm",70,"Sealed","Dry","Not Raining","Daylight","Head On",1,,,1330025.98,1655446.55
"2023-40431-19/09/2025","GLENELG","CITY OF HOLDFAST BAY",2,1,0,0,1,2023,"April","Tuesday","07:40 am",50,"Sealed","Dry","Not Raining","Daylight","Side Swipe",2,,,1320381.72,1664633.78
"2023-40432-19/09/2025","GAWLER EAST","CT GAWLER.",2,1,0,0,1,2023,"April","Tuesday","01:03 pm",50,"Sealed","Dry","Not Raining","Daylight","Hit Parked Vehicle",1,,,1344588.84,1705933.83
"2023-40436-19/09/2025","ELIZABETH EAST","CITY OF PLAYFORD.",2,1,0,0,1,2023,"April","Tuesday","01:15 pm",60,"Sealed","Dry","Not Raining","Daylight","Right Turn",1,,,1336399.61,1693393.51
"2023-40437-19/09/2025","PORT LINCOLN","CC PT.LINCOLN.",2,1,0,1,0,2023,"April","Tuesday","02:32 pm",50,"Sealed","Dry","Not Raining","Daylight","Hit Fixed Object",1,,,1079692.75,1698064.67
"2023-40441-19/09/2025","SALISBURY DOWNS","CITY OF SALISBURY",2,1,0,0,1,2023,"April","Tuesday","04:30 pm",60,"Sealed","Dry","Not Raining","Daylight","Side Swipe",1,,,1330570.96,1687588.2
"2023-40445-19/09/2025","KINGSWOOD","CC MITCHAM.",2,2,0,0,2,2023,"April","Tuesday","05:55 pm",60,"Sealed","Dry","Not Raining","Daylight","Rear End",1,,,1329551.92,1666256.47
"2023-40446-19/09/2025","ALDINGA BEACH","CITY OF ONKAPARINGA",2,1,0,0,1,2023,"April","Tuesday","05:40 pm",50,"Sealed","Dry","Not Raining","Daylight","Right Angle",2,,,1313519.59,1632534.81
"2023-40448-19/09/2025","KENT TOWN","CC OF NORWOOD,PAYNEHAM & ST PETERS",2,1,0,0,1,2023,"April","Tuesday","05:57 pm",60,"Sealed","Dry","Not Raining","Daylight","Hit Pedestrian",2,,,1330635.66,1670393.01
"2023-40449-19/09/2025","BROADVIEW","CITY OF PROSPECT",2,1,0,0,1,2023,"April","Tuesday","06:05 pm",60,"Sealed","Dry","Not Raining","Daylight","Right Angle",1,,,1330456.22,1676005.73
"2023-40450-19/09/2025","ENCOUNTER BAY","DC VICTOR HARBOR.",2,2,0,0,2,2023,"April","Tuesday","03:30 pm",50,"Sealed","Dry","Not Raining","Daylight","Rear End",2,,,1326543.31,1599052.66
"2023-40453-19/09/2025","NURIOOTPA","THE BAROSSA COUNCIL.",2,1,0,0,1,2023,"April","Tuesday","07:00 pm",80,"Sealed","Dry","Not Raining","Night","Right Angle",1,,,1367725.99,1719596.77
"2023-40461-19/09/2025","EDINBURGH","CITY OF SALISBURY",2,1,0,0,1,2023,"April","Wednesday","03:01 am",50,"Sealed","Dry","Not Raining","Night","Hit Fixed Object",1,,,1332998.59,1690066.29
"2023-40463-19/09/2025","TORRENS PARK","CC MITCHAM.",2,1,0,1,0,2023,"April","Wednesday","06:37 am",50,"Sealed","Dry","Not Raining","Daylight","Hit Parked Vehicle",1,,,1329197.74,1664040.86
"2023-40468-19/09/2025","TATACHILLA","CITY OF ONKAPARINGA",3,1,0,1,0,2023,"April","Wednesday","08:40 am",90,"Sealed","Dry","Not Raining","Daylight","Right Angle",1,,,1317681.62,1637008.33
"2023-40471-19/09/2025","COLONEL LIGHT GARDENS","CC MITCHAM.",2,1,0,0,1,2023,"April","Wednesday","09:00 am",50,"Sealed","Dry","Not Raining","Daylight","Right Angle",2,,,1327686.52,1664197.16
"2023-40472-19/09/2025","PARKSIDE","CITY OF UNLEY",2,1,0,0,1,2023,"April","Wednesday","09:33 am",60,"Sealed","Dry","Not Raining","Daylight","Rear End",2,,,1329849.54,1669002.3
"2023-40473-19/09/2025","BLACKWOOD","CC MITCHAM.",2,1,0,0,1,2023,"April","Wednesday","09:30 am",40,"Sealed","Dry","Not Raining","Daylight","Hit Parked Vehicle",1,,,1328961.43,1660841.59
"2023-40474-19/09/2025","NAIRNE","DC MT.BARKER.",4,2,0,0,2,2023,"April","Wednesday","07:40 am",60,"Sealed","Dry","Not Raining","Daylight","Rear End",1,,,1354819.8,1657079.1
"2023-40475-19/09/2025","PENFIELD","CITY OF PLAYFORD.",2,1,0,0,1,2023,"April","Tuesday","12:30 pm",80,"Sealed","Dry","Not Raining","Daylight","Right Angle",2,,,1333441.32,1696359.08
"2023-40476-19/09/2025","MITCHELL PARK","CC MARION.",2,4,0,0,4,2023,"April","Wednesday","10:20 am",60,"Sealed","Dry","Not Raining","Daylight","Right Angle",2,,,1324907.98,1660692.23
"2023-40477-19/09/2025","TORRENSVILLE","CITY OF WEST TORRENS",2,1,0,0,1,2023,"January","Thursday","11:20 am",50,"Sealed","Dry","Not Raining","Daylight","Hit Pedestrian",2,,,1324956,1671531.14
"2023-40481-19/09/2025","NORTH ADELAIDE","CITY OF ADELAIDE",2,1,0,0,1,2023,"April","Wednesday","11:52 am",50,"Sealed","Dry","Not Raining","Daylight","Right Angle",1,,,1328121.77,1673175.51
"2023-40484-19/09/2025","CHRISTIES BEACH","CITY OF ONKAPARINGA",2,1,0,0,1,2023,"April","Wednesday","12:00 pm",50,"Sealed","Dry","Not Raining","Daylight","Head On",1,,,1316520.15,1647495.29
"2023-40486-19/09/2025","CAMPBELLTOWN","CC CAMPBELLTOWN.",2,1,0,0,1,2023,"March","Wednesday","02:20 pm",50,"Sealed","Wet","Not Raining","Daylight","Hit Fixed Object",1,,,1333611.42,1675934.69
"2023-40489-19/09/2025","PORT ADELAIDE","CITY OF PORT ADELAIDE ENFIELD",2,1,0,0,1,2023,"April","Tuesday","05:30 pm",40,"Sealed","Dry","Not Raining","Daylight","Rear End",2,,,1320104.1,1679959.47
"2023-40506-19/09/2025","PARAFIELD","CITY OF SALISBURY",2,1,1,0,0,2023,"April","Thursday","02:00 am",80,"Sealed","Dry","Not Raining","Night","Hit Fixed Object",1,,,1331976.52,1683731.48
"2023-40507-19/09/2025","ADELAIDE","CITY OF ADELAIDE",2,1,0,0,1,2023,"April","Tuesday","06:30 pm",50,"Sealed","Dry","Not Raining","Night","Right Turn",2,,,1329720.32,1670222.21
"2023-40510-19/09/2025","WILLASTON","CT GAWLER.",2,1,0,0,1,2023,"April","Thursday","08:33 am",50,"Sealed","Wet","Not Raining","Daylight","Rear End",2,,,1342606.12,1707975.78
"2023-40512-19/09/2025","KURRALTA PARK","CITY OF WEST TORRENS",4,1,0,0,1,2023,"April","Wednesday","06:00 pm",60,"Sealed","Dry","Not Raining","Daylight","Rear End",1,,,1325811.05,1668401.92
"2023-40514-19/09/2025","REYNELLA","CITY OF ONKAPARINGA",3,1,0,0,1,2023,"April","Thursday","08:20 am",100,"Sealed","Wet","Raining","Daylight","Side Swipe",2,,,1321520.16,1652745.84
"2023-40515-19/09/2025","GEPPS CROSS","CITY OF PORT ADELAIDE ENFIELD",2,1,0,0,1,2023,"April","Thursday","09:10 am",60,"Sealed","Dry","Not Raining","Daylight","Right Angle",1,,,1327597.39,1679237.69
"2023-40523-19/09/2025","KILBURN","CITY OF PORT ADELAIDE ENFIELD",2,1,0,0,1,2023,"April","Thursday","11:30 am",60,"Sealed","Dry","Not Raining","Daylight","Right Turn",1,,,1327206.14,1677437.48
"2023-40524-19/09/2025","ELIZABETH EAST","CITY OF PLAYFORD.",2,2,0,0,2,2023,"April","Thursday","11:32 am",60,"Sealed","Dry","Not Raining","Daylight","Rear End",2,,,1336344.47,1692358.6
"2023-40525-19/09/2025","PARADISE","CC CAMPBELLTOWN.",3,1,0,0,1,2023,"April","Thursday","08:45 am",60,"Sealed","Dry","Not Raining","Daylight","Rear End",2,,,1335036.98,1676274.81
"2023-40530-19/09/2025","GEPPS CROSS","CITY OF PORT ADELAIDE ENFIELD",2,1,0,0,1,2023,"April","Thursday","12:40 pm",60,"Sealed","Dry","Not Raining","Daylight","Side Swipe",1,,,1329100.3,1679287.77
"2023-40533-19/09/2025","WEST RICHMOND","CITY OF WEST TORRENS",2,1,0,0,1,2023,"April","Thursday","01:30 pm",60,"Sealed","Dry","Not Raining","Daylight","Rear End",1,,,1324151.43,1669512.02
"2023-40535-19/09/2025","PORT LINCOLN","CC PT.LINCOLN.",2,1,0,0,1,2023,"April","Thursday","03:04 pm",50,"Sealed","Wet","Raining","Daylight","Hit Fixed Object",1,,,1078453.97,1697795.07
"2023-40539-19/09/2025","WINGFIELD","CITY OF PORT ADELAIDE ENFIELD",2,1,0,1,0,2023,"April","Thursday","04:40 pm",60,"Sealed","Dry","Not Raining","Daylight","Side Swipe",1,,,1324520.11,1679177.61
"2023-40540-19/09/2025","SEAFORD RISE","CITY OF ONKAPARINGA",2,1,0,0,1,2023,"April","Thursday","04:20 pm",70,"Sealed","Dry","Not Raining","Daylight","Rear End",2,,,1316420.5,1640461.94
"2023-40554-19/09/2025","MEADOWS","DC MT.BARKER.",2,1,0,0,1,2023,"April","Friday","11:50 am",100,"Sealed","Dry","Not Raining","Daylight","Right Angle",1,,,1342717.86,1645829.26
"2023-40561-19/09/2025","HALLETT","REGIONAL COUNCIL OF GOYDER",2,2,0,0,2,2023,"April","Friday","03:10 pm",110,"Sealed","Dry","Not Raining","Daylight","Hit Fixed Object",1,,,1360142.89,1841626.67
"2023-40563-19/09/2025","FLAGSTAFF HILL","CITY OF ONKAPARINGA",3,1,0,0,1,2023,"April","Friday","05:10 pm",50,"Sealed","Dry","Not Raining","Daylight","Hit Parked Vehicle",1,,,1326966.26,1656863.84
"2023-40565-19/09/2025","STURT","CC MARION.",4,1,0,0,1,2023,"April","Friday","05:20 pm",60,"Sealed","Dry","Not Raining","Daylight","Hit Fixed Object",1,"Y",,1324447.46,1659909.17
"2023-40566-19/09/2025","GREENHILL","THE ADELAIDE HILLS COUNCIL",1,1,0,0,1,2023,"April","Friday","06:18 pm",80,"Sealed","Wet","Not Raining","Night","Roll Over",1,,,1337599.11,1667140.12
"2023-40570-19/09/2025","GAWLER BELT","LIGHT REGIONAL COUNCIL",2,1,0,1,0,2023,"April","Saturday","02:25 am",100,"Sealed","Dry","Not Raining","Night","Hit Fixed Object",1,"Y",,1343348.04,1710824.46
"2023-40571-19/09/2025","PARADISE","CC CAMPBELLTOWN.",2,1,0,0,1,2023,"April","Thursday","09:15 am",60,"Sealed","Wet","Raining","Daylight","Rear End",1,,,1335424.6,1676564.04
"2023-40573-19/09/2025","SEMAPHORE PARK","CITY OF CHARLES STURT",2,1,0,0,1,2023,"April","Saturday","09:20 am",60,"Sealed","Dry","Not Raining","Daylight","Right Angle",2,,,1318162.05,1679316.24
"2023-40576-19/09/2025","ARMAGH","CLARE AND GILBERT VALLEYS DISTRICT COUNCIL",2,1,0,0,1,2023,"April","Saturday","05:45 am",80,"Sealed","Wet","Raining","Night","Hit Fixed Object",1,,,1330662.73,1791298.15
"2023-40583-19/09/2025","BLAIR ATHOL","CITY OF PORT ADELAIDE ENFIELD",2,1,0,0,1,2023,"April","Saturday","01:22 pm",50,"Sealed","Dry","Not Raining","Daylight","Hit Parked Vehicle",1,,,1328283.8,1678119.38
"2023-40588-19/09/2025","HAPPY VALLEY","CITY OF ONKAPARINGA",2,1,0,0,1,2023,"April","Saturday","07:30 am",80,"Sealed","Dry","Not Raining","Daylight","Right Angle",2,,,1324354.16,1656489.47
"2023-40592-19/09/2025","ANGLE VALE","CITY OF PLAYFORD.",2,3,0,0,3,2023,"April","Saturday","06:40 pm",60,"Sealed","Dry","Not Raining","Night","Rear End",2,,,1333813.45,1702194.66
"2023-40604-19/09/2025","WILLUNGA SOUTH","CITY OF ONKAPARINGA",3,1,0,0,1,2023,"April","Sunday","10:00 am",100,"Unsealed","Dry","Not Raining","Daylight","Hit Fixed Object",1,,,1322034.4,1629564.81
"2023-40605-19/09/2025","KORUNYE","DC MALLALA.",1,1,0,0,1,2023,"April","Sunday","02:55 pm",100,"Sealed","Dry","Not Raining","Daylight","Roll Over",1,,,1321780.16,1716730.11
"2023-40607-19/09/2025","NALYAPPA","YORKE PENINSULA COUNCIL",1,1,0,1,0,2023,"April","Sunday","11:30 am",100,"Unsealed","Dry","Not Raining","Daylight","Roll Over",1,,,1229543.92,1752045.81
"2023-40611-19/09/2025","SEDDON","KANGAROO ISLAND COUNCIL",2,2,0,2,0,2023,"April","Sunday","04:15 pm",100,"Unsealed","Dry","Not Raining","Daylight","Hit Fixed Object",1,"Y","Y",1204735.43,1575753.52
"2023-40617-19/09/2025","ROSE PARK","CITY OF BURNSIDE",2,1,0,0,1,2023,"April","Monday","07:15 am",60,"Sealed","Dry","Not Raining","Daylight","Rear End",1,,,1330648.6,1669865.48
"2023-40618-19/09/2025","GAWLER EAST","CT GAWLER.",2,1,0,0,1,2023,"April","Sunday","06:00 pm",50,"Sealed","Dry","Not Raining","Night","Right Angle",2,,,1346118.04,1705679.69
"2023-40619-19/09/2025","WHYALLA PLAYFORD","CC WHYALLA.",2,1,0,1,0,2023,"April","Monday","11:09 am",60,"Sealed","Dry","Not Raining","Daylight","Right Angle",2,,,1239733.66,1883705.97
"2023-40623-19/09/2025","KENT TOWN","CC OF NORWOOD,PAYNEHAM & ST PETERS",2,1,0,0,1,2023,"April","Monday","01:15 pm",60,"Sealed","Dry","Not Raining","Daylight","Hit Pedestrian",1,,,1330236.06,1670690.4
"2023-40627-19/09/2025","KURRALTA PARK","CITY OF WEST TORRENS",1,1,0,0,1,2023,"April","Monday","02:00 pm",60,"Sealed","Dry","Not Raining","Daylight","Roll Over",1,,,1325408.75,1667444.38
"2023-40630-19/09/2025","EDEN HILLS","CC MITCHAM.",4,1,0,0,1,2023,"April","Monday","06:38 pm",60,"Sealed","Dry","Not Raining","Night","Hit Parked Vehicle",1,,,1328297.26,1659460.22
"2023-40632-19/09/2025","MYPOLONGA","RC MURRAY BRIDGE.",1,1,0,1,0,2023,"April","Monday","07:00 pm",100,"Sealed","Dry","Not Raining","Night","Roll Over",1,"Y",,1388678.62,1656380.64
"2023-40637-19/09/2025","PENFIELD GARDENS","CITY OF PLAYFORD.",5,2,0,0,2,2023,"April","Tuesday","07:41 am",110,"Sealed","Dry","Not Raining","Daylight","Rear End",1,,,1330040.66,1697747.19
"2023-40640-19/09/2025","PARRAKIE","SOUTHERN MALLEE DISTRICT COUNCIL",2,1,0,0,1,2023,"April","Friday","01:40 am",100,"Unsealed","Wet","Raining","Night","Roll Over",1,"Y",,1476888.14,1614919.19
"2023-40641-19/09/2025","HALLETT COVE","CC MARION.",2,1,0,0,1,2023,"April","Tuesday","07:50 am",50,"Sealed","Dry","Not Raining","Daylight","Hit Animal",2,,,1320967.26,1655098.63
"2023-40643-19/09/2025","WANDILO","DISTRICT COUNCIL OF GRANT",2,1,0,0,1,2023,"April","Monday","02:00 pm",60,"Unsealed","Wet","Not Raining","Daylight","Hit Fixed Object",1,,,1505208.67,1351853.39
"2023-40646-19/09/2025","CRAIGMORE","CITY OF PLAYFORD.",2,1,0,1,0,2023,"March","Thursday","01:20 pm",50,"Sealed","Dry","Not Raining","Daylight","Hit Pedestrian",2,,,1339615.07,1695065.69
"2023-40648-19/09/2025","WOODVILLE SOUTH","CITY OF CHARLES STURT",2,1,0,0,1,2023,"April","Tuesday","01:00 pm",60,"Sealed","Wet","Raining","Daylight","Right Angle",1,,,1322765.25,1675866.72
"2023-40650-19/09/2025","WINGFIELD","CITY OF PORT ADELAIDE ENFIELD",3,1,0,0,1,2023,"April","Tuesday","01:20 pm",50,"Sealed","Wet","Unknown","Daylight","Rear End",1,,,1323885.14,1680079.66
"2023-40657-19/09/2025","BUTE","BARUNGA WEST DISTRICT COUNCIL",2,1,0,1,0,2023,"April","Tuesday","01:07 pm",100,"Sealed","Dry","Not Raining","Daylight","Hit Fixed Object",1,,,1276141.66,1791024.82
"2023-40672-19/09/2025","WARD BELT","LIGHT REGIONAL COUNCIL",2,1,0,1,0,2023,"April","Tuesday","04:50 pm",100,"Sealed","Dry","Not Raining","Daylight","Hit Fixed Object",1,,,1334771.81,1706884.64
"2023-40681-19/09/2025","DRY CREEK","CITY OF PORT ADELAIDE ENFIELD",1,1,0,0,1,2023,"April","Wednesday","09:00 am",70,"Sealed","Dry","Not Raining","Daylight","Roll Over",1,,"Y",1327763.28,1679792.43
"2023-40682-19/09/2025","HAWTHORN","CC MITCHAM.",2,1,0,0,1,2023,"April","Wednesday","09:45 am",60,"Sealed","Dry","Not Raining","Daylight","Right Angle",1,,,1329166.17,1665158.47
"2023-40688-19/09/2025","TRURO","MID MURRAY DISTRICT COUNCIL",1,1,0,1,0,2023,"April","Wednesday","01:27 pm",100,"Unsealed","Dry","Not Raining","Daylight","Roll Over",1,,,1381776.9,1729461.69
"2023-40689-19/09/2025","WOODVILLE PARK","CITY OF CHARLES STURT",2,1,0,0,1,2023,"April","Wednesday","03:55 pm",60,"Sealed","Dry","Not Raining","Daylight","Right Angle",2,,,1323610.09,1675074.42
"2023-40691-19/09/2025","MCLAREN VALE","CITY OF ONKAPARINGA",3,3,0,0,3,2023,"April","Wednesday","03:20 pm",60,"Sealed","Dry","Not Raining","Daylight","Right Angle",1,,,1322925.16,1637162.84
"2023-40693-19/09/2025","SALISBURY DOWNS","CITY OF SALISBURY",2,2,0,0,2,2023,"April","Wednesday","03:40 pm",60,"Sealed","Dry","Not Raining","Daylight","Rear End",2,,,1331449.68,1686814.24
"2023-40694-19/09/2025","PAYNEHAM","CC OF NORWOOD,PAYNEHAM & ST PETERS",2,1,0,0,1,2023,"April","Wednesday","03:54 pm",60,"Sealed","Dry","Not Raining","Daylight","Hit Pedestrian",2,,,1332356.94,1673889.21
"2023-40701-19/09/2025","DARLINGTON","CITY OF ONKAPARINGA",3,1,0,0,1,2023,"April","Wednesday","05:10 pm",60,"Sealed","Dry","Not Raining","Daylight","Right Turn",1,,,1324432.96,1659694.42
"2023-40702-19/09/2025","INGLE FARM","CITY OF SALISBURY",2,1,0,0,1,2023,"April","Wednesday","06:15 pm",70,"Sealed","Dry","Not Raining","Night","Rear End",1,,,1332149.91,1681767.66
"2023-40704-19/09/2025","NORTH ADELAIDE","CITY OF ADELAIDE",2,1,0,0,1,2023,"April","Wednesday","06:37 pm",50,"Sealed","Dry","Not Raining","Night","Right Angle",2,,,1327373.58,1672676.21
"2023-40707-19/09/2025","NORTH ADELAIDE","CITY OF ADELAIDE",2,1,0,0,1,2023,"April","Thursday","01:45 am",50,"Sealed","Dry","Not Raining","Night","Rear End",2,,,1328143.53,1673049.52
"2023-40710-19/09/2025","EDINBURGH NORTH","CITY OF PLAYFORD.",2,1,0,0,1,2023,"April","Thursday","09:45 am",60,"Sealed","Dry","Not Raining","Daylight","Side Swipe",1,,,1334054.08,1694695.83
"2023-40713-19/09/2025","PLYMPTON PARK","CC MARION.",2,1,0,0,1,2023,"April","Thursday","10:05 am",50,"Sealed","Dry","Not Raining","Daylight","Hit Fixed Object",1,,,1324099.41,1666130.94
"2023-40715-19/09/2025","CAMDEN PARK","CITY OF WEST TORRENS",3,1,0,0,1,2023,"April","Thursday","10:45 am",50,"Sealed","Dry","Not Raining","Daylight","Hit Parked Vehicle",1,,,1322741.93,1665732.92
"2023-40716-19/09/2025","ELIZABETH PARK","CITY OF PLAYFORD.",3,1,0,0,1,2023,"April","Thursday","12:11 pm",80,"Sealed","Dry","Not Raining","Daylight","Rear End",1,,,1335998.94,1693731.34
"2023-40717-19/09/2025","KESWICK TERMINAL","CITY OF WEST TORRENS",4,1,0,0,1,2023,"April","Thursday","01:15 pm",60,"Sealed","Dry","Not Raining","Daylight","Rear End",2,,,1326479.55,1668969.34
"2023-40722-19/09/2025","ROSSLYN PARK","CITY OF BURNSIDE",2,1,0,0,1,2023,"April","Thursday","04:15 pm",60,"Sealed","Dry","Not Raining","Daylight","Right Angle",2,,,1334756.2,1671144.07
"2023-40729-19/09/2025","MILE END","CITY OF WEST TORRENS",2,1,0,1,0,2023,"April","Thursday","05:10 pm",60,"Sealed","Dry","Not Raining","Daylight","Side Swipe",1,,,1326418.42,1670992.64
"2023-40738-19/09/2025","MITCHELL PARK","CC MARION.",2,1,0,1,0,2023,"April","Thursday","10:37 pm",50,"Sealed","Dry","Not Raining","Night","Hit Pedestrian",2,,,1324391.14,1662238.03
"2023-40739-19/09/2025","WAYVILLE","CITY OF UNLEY",3,2,0,0,2,2023,"April","Thursday","10:58 pm",60,"Sealed","Dry","Not Raining","Night","Rear End",1,"Y",,1326897.42,1668910.05
"2023-40744-19/09/2025","MCLAREN VALE","CITY OF ONKAPARINGA",2,1,0,0,1,2023,"April","Friday","08:30 am",90,"Sealed","Dry","Not Raining","Daylight","Right Angle",2,,,1317594.88,1638771.94
"2023-40745-19/09/2025","LAURA","NORTHERN AREAS DISTRICT COUNCIL",2,2,0,0,2,2023,"April","Friday","09:30 am",50,"Sealed","Dry","Not Raining","Daylight","Right Angle",2,,,1306857.8,1864531.89
"2023-40747-19/09/2025","GOLDEN GROVE","CITY OF TEA TREE GULLY",3,1,0,0,1,2023,"April","Friday","10:14 am",60,"Sealed","Dry","Not Raining","Daylight","Hit Fixed Object",1,,,1338741.31,1685934.09
"2023-40750-19/09/2025","CRYSTAL BROOK","PT.PIRIE CITY & DIST. COUNCIL",1,1,0,1,0,2023,"April","Friday","05:25 am",110,"Sealed","Dry","Not Raining","Night","Roll Over",1,,"Y",1295786.28,1848899.92
"2023-40752-19/09/2025","GOLDEN GROVE","CITY OF TEA TREE GULLY",2,1,0,0,1,2023,"April","Friday","11:20 am",60,"Unsealed","Dry","Not Raining","Daylight","Right Turn",2,,,1337848.99,1685515
"2023-40755-19/09/2025","ADELAIDE AIRPORT","CITY OF WEST TORRENS",2,2,0,0,2,2023,"April","Friday","11:45 am",50,"Sealed","Dry","Not Raining","Daylight","Hit Fixed Object",1,,,1323235.41,1669853.86
"2023-40757-19/09/2025","MUNNO PARA","CITY OF PLAYFORD.",2,1,0,0,1,2023,"April","Thursday","04:50 pm",60,"Sealed","Dry","Not Raining","Daylight","Rear End",2,,,1337173.84,1698251.31
"2023-40760-19/09/2025","STIRLING NORTH","CC PT.AUGUSTA.",2,2,0,0,2,2023,"April","Friday","01:00 pm",80,"Sealed","Dry","Not Raining","Daylight","Right Angle",2,,,1263309.1,1939914.76
"2023-40762-19/09/2025","BEULAH PARK","CITY OF BURNSIDE",2,1,0,0,1,2023,"April","Friday","12:10 pm",50,"Sealed","Dry","Not Raining","Daylight","Right Angle",1,,,1332842.83,1671439.46
"2023-40766-19/09/2025","SALISBURY NORTH","CITY OF SALISBURY",2,1,1,0,0,2023,"April","Friday","03:26 pm",60,"Sealed","Dry","Not Raining","Daylight","Hit Fixed Object",1,,"Y",1331300.74,1689915.73
"2023-40775-19/09/2025","PLYMPTON","CITY OF WEST TORRENS",2,1,1,0,0,2023,"April","Friday","08:20 pm",60,"Sealed","Dry","Not Raining","Night","Hit Pedestrian",2,,,1324347.46,1666667.91
"2023-40776-19/09/2025","WORROLONG","DISTRICT COUNCIL OF GRANT",2,1,0,1,0,2023,"April","Friday","08:30 pm",90,"Unsealed","Wet","Not Raining","Night","Hit Fixed Object",1,,"Y",1512654.1,1343531.98
"2023-40778-19/09/2025","ADELAIDE","CITY OF ADELAIDE",3,2,0,0,2,2023,"April","Friday","10:45 pm",50,"Sealed","Wet","Raining","Night","Hit Pedestrian",2,"Y",,1328369.2,1670826.16
"2023-40782-19/09/2025","GOLDEN GROVE","CITY OF TEA TREE GULLY",2,1,0,1,0,2023,"April","Saturday","04:20 am",60,"Sealed","Wet","Raining","Night","Hit Fixed Object",1,"Y",,1338063,1684875.7
"2023-40784-19/09/2025","GAWLER SOUTH","CT GAWLER.",2,1,0,0,1,2023,"April","Friday","02:00 pm",50,"Sealed","Dry","Not Raining","Daylight","Hit Pedestrian",2,,,1342781.13,1705387.44
"2023-40800-19/09/2025","GILLES DOWNS",,3,1,0,0,1,2023,"April","Saturday","02:00 pm",110,"Sealed","Dry","Not Raining","Daylight","Hit Fixed Object",1,,,1184506.08,1900233.92
"2023-40803-19/09/2025","PROSPECT","CITY OF PROSPECT",2,1,0,0,1,2023,"April","Saturday","06:02 pm",60,"Sealed","Wet","Raining","Night","Rear End",2,,,1327236.23,1676392.98
"2023-40810-19/09/2025","KINGSWOOD","CC MITCHAM.",2,1,0,0,1,2023,"April","Saturday","09:04 pm",60,"Sealed","Wet","Raining","Night","Right Angle",2,,,1329756.51,1666260.79