"REPORT_ID","Suburb","LGA Name","Total Units","Total Cas","Total Fats","Total SI","Total MI","Year","Month","Day","Time","Area Speed","Road Surface","Moisture Cond","Weather Cond","DayNight","Crash Type","Unit Resp","DUI Involved","Drugs Involved","ACCLOC_X","ACCLOC_Y"
"2023-40812-19/09/2025","DRY CREEK","CITY OF SALISBURY",3,1,0,1,0,2023,"April","Saturday","11:50 pm",90,"Sealed","Wet","Raining","Night","Hit Fixed Object",1,"Y",,1325425.94,1682165.13
"2023-40814-19/09/2025","PANITYA","DC KIMBA.",3,2,0,2,0,2023,"April","Sunday","01:15 am",110,"Sealed","Dry","Not Raining","Night","Roll Over",1,,,1096345.16,1866395.99
"2023-40816-19/09/2025","SEAFORD","CITY OF ONKAPARINGA",2,2,0,0,2,2023,"April","Sunday","04:25 am",70,"Sealed","Dry","Not Raining","Night","Hit Object on Road",1,,,1316356.63,1642591.09
"2023-40817-19/09/2025","SALISBURY EAST","CITY OF SALISBURY",2,1,0,1,0,2023,"April","Sunday","09:17 am",60,"Sealed","Dry","Not Raining","Daylight","Hit Parked Vehicle",1,,,1335102.45,1685819.2
"2023-40819-19/09/2025","TORRENSVILLE","CITY OF WEST TORRENS",2,2,0,0,2,2023,"April","Sunday","12:18 pm",60,"Sealed","Dry","Not Raining","Daylight","Right Angle",1,,,1325754.68,1670981.93
"2023-40823-19/09/2025","WINGFIELD","CITY OF PORT ADELAIDE ENFIELD",2,1,0,0,1,2023,"April","Sunday","01:30 pm",60,"Sealed","Dry","Not Raining","Daylight","Rear End",1,,,1323875.31,1680533.39
"2023-40824-19/09/2025","ELIZABETH PARK","CITY OF PLAYFORD.",2,1,0,0,1,2023,"April","Saturday","08:10 pm",80,"Sealed","Wet","Raining","Night","Rear End",2,,,1335960.32,1693276.69
"2023-40825-19/09/2025","ONKAPARINGA HILLS","CITY OF ONKAPARINGA",2,1,0,0,1,2023,"April","Sunday","07:36 pm",80,"Sealed","Dry","Not Raining","Night","Hit Fixed Object",1,,"Y",1325471.28,1649759.81
"2023-40830-19/09/2025","STURT","CC MARION.",3,1,0,0,1,2023,"April","Monday","08:15 am",60,"Sealed","Dry","Not Raining","Daylight","Rear End",1,,,1324404.88,1660668.91
"2023-40834-19/09/2025","GEPPS CROSS","CITY OF PORT ADELAIDE ENFIELD",2,1,0,0,1,2023,"April","Sunday","02:35 pm",60,"Sealed","Dry","Not Raining","Daylight","Side Swipe",2,,,1327996.81,1679245.21
"2023-40837-19/09/2025","CLOVELLY PARK","CC MARION.",1,1,0,0,1,2023,"April","Monday","11:23 am",60,"Sealed","Dry","Not Raining","Daylight","Roll Over",1,,,1325956.82,1663273.61
"2023-40846-19/09/2025","MIRANDA","CC PT.AUGUSTA.",2,1,0,0,1,2023,"April","Monday","01:39 pm",110,"Sealed","Dry","Not Raining","Daylight","Head On",1,,,1274776.68,1921094.26
"2023-40849-19/09/2025","WALKLEY HEIGHTS","CITY OF SALISBURY",1,1,0,1,0,2023,"April","Monday","03:42 pm",60,"Sealed","Dry","Not Raining","Daylight","Roll Over",9,,,1331135.19,1680502.59
"2023-40851-19/09/2025","SHEA-OAK LOG","LIGHT REGIONAL COUNCIL",3,1,0,1,0,2023,"April","Monday","03:19 pm",40,"Unsealed","Dry","Not Raining","Daylight","Hit Pedestrian",1,,,1350640.08,1716389.29
"2023-40852-19/09/2025","MEDINDIE","WALKERVILLE TOWN COUNCIL",2,1,0,0,1,2023,"April","Monday","12:15 pm",40,"Sealed","Dry","Not Raining","Daylight","Rear End",2,,,1328359.11,1673680.45
"2023-40854-19/09/2025","PENRICE","THE BAROSSA COUNCIL.",2,1,0,0,1,2023,"April","Monday","02:56 pm",80,"Unsealed","Dry","Not Raining","Daylight","Hit Fixed Object",1,,,1376096.2,1718220.19
"2023-40855-19/09/2025","ASHFORD","CITY OF WEST TORRENS",2,1,0,0,1,2023,"April","Monday","04:35 pm",60,"Sealed","Dry","Not Raining","Daylight","Hit Fixed Object",1,,,1326208.27,1668032.87
"2023-40858-19/09/2025","EYRE","CITY OF PLAYFORD.",2,1,0,1,0,2023,"April","Monday","04:20 pm",60,"Sealed","Dry","Not Raining","Daylight","Hit Fixed Object",1,"Y",,1333981.5,1697386.42
"2023-40860-19/09/2025","GLYNDE","CC OF NORWOOD,PAYNEHAM & ST PETERS",2,1,0,0,1,2023,"April","Monday","05:25 pm",60,"Sealed","Dry","Not Raining","Daylight","Right Turn",1,,,1333191.27,1674250.06
"2023-40864-19/09/2025","PARADISE","CC CAMPBELLTOWN.",3,1,0,0,1,2023,"April","Monday","06:34 pm",60,"Sealed","Dry","Not Raining","Night","Hit Parked Vehicle",1,,,1335435.76,1676569.47
"2023-40867-19/09/2025","ADELAIDE","CITY OF ADELAIDE",2,1,0,0,1,2023,"April","Monday","02:00 pm",50,"Sealed","Dry","Not Raining","Daylight","Rear End",2,,,1327822.99,1670169.17
"2023-40876-19/09/2025","KILBURN","CITY OF PORT ADELAIDE ENFIELD",1,1,0,0,1,2023,"April","Tuesday","01:09 pm",50,"Sealed","Dry","Not Raining","Daylight","Roll Over",1,,,1328024.84,1678202.36
"2023-40877-19/09/2025","ELIZABETH","CITY OF PLAYFORD.",2,1,0,0,1,2023,"April","Tuesday","01:50 pm",50,"Sealed","Dry","Not Raining","Daylight","Right Angle",2,,,1335513.26,1693104.31
"2023-40878-19/09/2025","RENMARK","DC RENMARK PARINGA",1,1,0,0,1,2023,"April","Friday","08:00 pm",50,"Sealed","Dry","Not Raining","Night","Roll Over",9,,"Y",1528996,1745592.62
"2023-40881-19/09/2025","ASCOT PARK","CC MARION.",2,1,1,0,0,2023,"April","Tuesday","03:02 pm",50,"Sealed","Dry","Not Raining","Daylight","Right Angle",1,,,1325071.18,1664006.93
"2023-40883-19/09/2025","LOWER BROUGHTON","PT.PIRIE CITY & DIST. COUNCIL",2,2,0,0,2,2023,"April","Tuesday","03:10 pm",110,"Sealed","Dry","Not Raining","Daylight","Rear End",2,,,1284203.64,1847286.46
"2023-40884-19/09/2025","ST MARYS","CC MITCHAM.",4,1,0,0,1,2023,"April","Tuesday","03:00 pm",60,"Sealed","Dry","Not Raining","Daylight","Hit Fixed Object",1,,,1326009.23,1661760.85
"2023-40888-19/09/2025","NORWOOD","CC OF NORWOOD,PAYNEHAM & ST PETERS",2,1,0,0,1,2023,"April","Tuesday","05:35 pm",60,"Sealed","Dry","Not Raining","Daylight","Right Turn",1,,,1332238.2,1671421.89
"2023-40891-19/09/2025","SEACLIFF PARK","CITY OF HOLDFAST BAY",1,1,0,0,1,2023,"April","Tuesday","01:30 pm",60,"Sealed","Dry","Not Raining","Daylight","Roll Over",9,,,1321192.56,1658903.38
"2023-40895-19/09/2025","MOONTA","COPPER COAST DISTRICT COUNCIL",3,1,0,1,0,2023,"April","Tuesday","06:02 pm",100,"Unsealed","Dry","Not Raining","Night","Hit Pedestrian",2,,,1237501.62,1767227.85
"2023-40896-19/09/2025","MUNNO PARA","CITY OF PLAYFORD.",1,1,0,1,0,2023,"April","Tuesday","08:15 pm",50,"Sealed","Wet","Raining","Night","Roll Over",1,,,1337281.32,1698867.69
"2023-40897-19/09/2025","CLEMENTS GAP","BARUNGA WEST DISTRICT COUNCIL",5,1,0,1,0,2023,"April","Tuesday","07:08 pm",110,"Sealed","Dry","Not Raining","Night","Hit Fixed Object",1,,,1283947.69,1828176.99
"2023-40899-19/09/2025","PARALOWIE","CITY OF SALISBURY",2,1,0,0,1,2023,"April","Tuesday","09:13 pm",60,"Sealed","Wet","Raining","Night","Right Turn",2,,"Y",1328819.26,1689141.56
"2023-40900-19/09/2025","SALISBURY PLAIN","CITY OF SALISBURY",2,1,1,0,0,2023,"April","Tuesday","10:26 pm",80,"Sealed","Wet","Raining","Night","Right Turn",1,,"Y",1335455.1,1688128.4
"2023-40902-19/09/2025","MILLBROOK","THE ADELAIDE HILLS COUNCIL",2,1,0,0,1,2023,"April","Wednesday","04:59 am",80,"Sealed","Dry","Not Raining","Night","Hit Fixed Object",9,,,1349397.99,1680950.47
"2023-40908-19/09/2025","ENFIELD","CITY OF PORT ADELAIDE ENFIELD",2,1,0,0,1,2023,"April","Wednesday","10:19 am",50,"Sealed","Dry","Not Raining","Daylight","Hit Pedestrian",1,,,1329057.48,1677520.55
"2023-40912-19/09/2025","SEMAPHORE","CITY OF PORT ADELAIDE ENFIELD",2,1,0,1,0,2023,"April","Wednesday","11:45 am",50,"Sealed","Dry","Not Raining","Daylight","Side Swipe",2,,,1317939.72,1680855.77
"2023-40925-19/09/2025","HOLDEN HILL","CITY OF PORT ADELAIDE ENFIELD",3,1,0,0,1,2023,"April","Wednesday","06:24 pm",60,"Sealed","Dry","Not Raining","Night","Rear End",1,,,1334202.58,1678298.77
"2023-40926-19/09/2025","SELLICKS HILL","CITY OF ONKAPARINGA",2,1,0,0,1,2023,"April","Wednesday","06:40 pm",90,"Sealed","Dry","Not Raining","Night","Hit Animal",2,,,1315299.15,1626141.92
"2023-40927-19/09/2025","WEST BEACH","CITY OF WEST TORRENS",2,1,0,0,1,2023,"April","Wednesday","08:00 pm",60,"Sealed","Dry","Not Raining","Night","Hit Fixed Object",1,,,1320580.67,1667183.51
"2023-40928-19/09/2025","MURRAY BRIDGE","RC MURRAY BRIDGE.",2,1,0,0,1,2023,"April","Wednesday","10:00 pm",50,"Sealed","Dry","Not Raining","Night","Hit Pedestrian",2,,,1387508.03,1645814.32
"2023-40932-19/09/2025","CUMBERLAND PARK","CC MITCHAM.",2,1,0,1,0,2023,"April","Thursday","04:53 am",60,"Sealed","Dry","Not Raining","Night","Right Angle",2,,,1326684.05,1666174.93
"2023-40934-19/09/2025","FLAGSTAFF HILL","CITY OF ONKAPARINGA",2,1,0,0,1,2023,"April","Thursday","06:15 am",60,"Sealed","Dry","Not Raining","Night","Rear End",1,,,1327726.16,1656300.52
"2023-40936-19/09/2025","PLYMPTON","CITY OF WEST TORRENS",3,1,0,0,1,2023,"April","Thursday","07:10 am",60,"Sealed","Dry","Not Raining","Daylight","Side Swipe",1,,,1324476.2,1666741.48
"2023-40937-19/09/2025","PLYMPTON","CITY OF WEST TORRENS",2,1,0,0,1,2023,"April","Thursday","07:44 am",60,"Sealed","Dry","Not Raining","Daylight","Rear End",1,,,1324618.84,1666866.62
"2023-40938-19/09/2025","FIRLE","CC OF NORWOOD,PAYNEHAM & ST PETERS",2,1,0,0,1,2023,"April","Thursday","06:30 am",50,"Sealed","Dry","Not Raining","Night","Right Turn",2,,,1333195.44,1672540.74
"2023-40940-19/09/2025","WARRADALE","CC MARION.",2,1,0,0,1,2023,"April","Wednesday","10:00 pm",50,"Sealed","Dry","Not Raining","Night","Hit Parked Vehicle",2,,,1322164.38,1662937.72
"2023-40945-19/09/2025","WATERLOO CORNER","CITY OF SALISBURY",2,1,0,0,1,2023,"April","Wednesday","04:00 pm",70,"Sealed","Dry","Not Raining","Daylight","Rear End",2,,,1328258.79,1692163.2
"2023-40953-19/09/2025","KESWICK TERMINAL","CITY OF WEST TORRENS",2,1,0,0,1,2023,"June","Friday","03:20 pm",60,"Sealed","Dry","Not Raining","Daylight","Right Angle",2,,,1326346.84,1670090.46
"2023-40955-19/09/2025","OAKDEN","CITY OF PORT ADELAIDE ENFIELD",2,1,0,0,1,2023,"April","Saturday","03:28 pm",50,"Sealed","Dry","Not Raining","Daylight","Right Angle",2,,,1332044.89,1678084.03
"2023-40966-19/09/2025","MUNNO PARA WEST","CITY OF PLAYFORD.",2,1,0,1,0,2023,"April","Thursday","05:22 pm",50,"Sealed","Dry","Not Raining","Daylight","Hit Parked Vehicle",1,,,1336195.34,1700265.82
"2023-40967-19/09/2025","MILLICENT","WATTLE RANGE COUNCIL",2,1,0,0,1,2023,"April","Thursday","04:08 pm",50,"Sealed","Dry","Not Raining","Daylight","Hit Fixed Object",1,,,1473519.38,1368213.01
"2023-40972-19/09/2025","VIRGINIA","CITY OF PLAYFORD.",2,1,0,0,1,2023,"April","Thursday","08:47 pm",80,"Sealed","Dry","Not Raining","Night","Right Angle",1,,,1327795.16,1698211.19
"2023-40973-19/09/2025","HILTON","CITY OF WEST TORRENS",2,1,0,1,0,2023,"April","Thursday","10:00 pm",60,"Sealed","Dry","Not Raining","Night","Rear End",1,"Y",,1325777.47,1670088.72
"2023-40977-19/09/2025","PENFIELD","CITY OF PLAYFORD.",2,2,0,1,1,2023,"April","Friday","07:58 am",80,"Sealed","Dry","Not Raining","Daylight","Right Angle",1,,,1333441.32,1696359.08
"2023-40978-19/09/2025","CHRISTIE DOWNS","CITY OF ONKAPARINGA",2,1,0,0,1,2023,"April","Friday","09:35 am",60,"Sealed","Dry","Not Raining","Daylight","Right Angle",1,,,1318513.27,1647464.88
"2023-40979-19/09/2025","WARNERTOWN","PT.PIRIE CITY & DIST. COUNCIL",3,1,0,1,0,2023,"April","Friday","07:59 am",100,"Unsealed","Dry","Not Raining","Daylight","Hit Animal",2,,,1297157.09,1856966.61
"2023-40981-19/09/2025","SEATON","CITY OF CHARLES STURT",5,1,0,0,1,2023,"April","Friday","10:43 am",60,"Sealed","Dry","Not Raining","Daylight","Right Angle",1,,,1320709.92,1675884.05
"2023-40984-19/09/2025","INGLE FARM","CITY OF SALISBURY",2,1,0,0,1,2023,"April","Friday","11:00 am",50,"Sealed","Dry","Not Raining","Daylight","Rear End",1,,,1333556.08,1681455.87
"2023-40986-19/09/2025","PARAFIELD GARDENS","CITY OF SALISBURY",2,1,0,1,0,2023,"April","Friday","12:30 pm",50,"Sealed","Dry","Not Raining","Daylight","Hit Fixed Object",1,,"Y",1330770.11,1686489.75
"2023-40988-19/09/2025","RENMARK","DC RENMARK PARINGA",2,1,0,0,1,2023,"April","Friday","12:45 pm",60,"Sealed","Dry","Not Raining","Daylight","Right Angle",2,,,1527715.63,1744576.87
"2023-40992-19/09/2025","BURTON","CITY OF SALISBURY",2,1,0,0,1,2023,"April","Friday","03:18 pm",50,"Sealed","Dry","Not Raining","Daylight","Right Angle",2,,,1329550.23,1690587.19
"2023-40997-19/09/2025","STUARTS CREEK",,1,1,0,0,1,2023,"April","Friday","11:45 am",100,"Unsealed","Dry","Not Raining","Daylight","Roll Over",1,,,1169694.73,2292703.32
"2023-40998-19/09/2025","KENSINGTON","CC OF NORWOOD,PAYNEHAM & ST PETERS",2,1,0,0,1,2023,"April","Friday","03:55 pm",60,"Sealed","Dry","Not Raining","Daylight","Rear End",2,,,1332264.14,1670867.51
"2023-41001-19/09/2025","WALKERVILLE","WALKERVILLE TOWN COUNCIL",3,1,0,0,1,2023,"April","Friday","06:46 pm",60,"Sealed","Dry","Not Raining","Night","Rear End",1,,,1329737.51,1674554.59
"2023-41003-19/09/2025","PROSPECT","CITY OF PROSPECT",3,1,0,0,1,2023,"April","Friday","07:01 pm",60,"Sealed","Dry","Not Raining","Night","Rear End",1,,,1328862.28,1676441.72
"2023-41013-19/09/2025","WALKERVILLE","WALKERVILLE TOWN COUNCIL",2,1,0,0,1,2023,"April","Saturday","10:40 am",60,"Sealed","Dry","Not Raining","Daylight","Hit Pedestrian",1,,,1329737.51,1674554.59
"2023-41014-19/09/2025","HAWTHORN","CC MITCHAM.",2,1,0,0,1,2023,"April","Saturday","10:57 am",60,"Sealed","Dry","Not Raining","Daylight","Right Angle",2,,,1329161.45,1665346.22
"2023-41018-19/09/2025","SEAFORD RISE","CITY OF ONKAPARINGA",2,1,0,0,1,2023,"April","Saturday","12:03 pm",50,"Sealed","Dry","Not Raining","Daylight","Right Angle",1,,,1317251.3,1640478.65
"2023-41020-19/09/2025","HENLEY BEACH SOUTH","CITY OF CHARLES STURT",2,1,0,0,1,2023,"April","Saturday","12:20 pm",40,"Sealed","Dry","Not Raining","Daylight","Hit Parked Vehicle",1,,,1319052.21,1670523.61
"2023-41021-19/09/2025","WOODSIDE","THE ADELAIDE HILLS COUNCIL",3,1,0,0,1,2023,"April","Saturday","09:30 am",60,"Sealed","Dry","Not Raining","Daylight","Rear End",2,,,1353957.1,1667913.32
"2023-41022-19/09/2025","WHYALLA PLAYFORD","CC WHYALLA.",2,1,0,1,0,2023,"April","Saturday","12:40 pm",50,"Sealed","Dry","Not Raining","Daylight","Hit Fixed Object",1,"Y",,1238142.34,1884363.17
"2023-41028-19/09/2025","CUDLEE CREEK","THE ADELAIDE HILLS COUNCIL",1,1,0,0,1,2023,"April","Saturday","11:00 am",80,"Sealed","Dry","Not Raining","Daylight","Roll Over",1,,,1348933.85,1679695.48
"2023-41030-19/09/2025","NORWOOD","CC OF NORWOOD,PAYNEHAM & ST PETERS",3,1,0,0,1,2023,"April","Saturday","04:37 pm",60,"Sealed","Dry","Not Raining","Daylight","Rear End",1,,,1330684.95,1670364.68
"2023-41032-19/09/2025","AUBURN","CLARE AND GILBERT VALLEYS DISTRICT COUNCIL",1,1,0,1,0,2023,"April","Saturday","02:50 pm",100,"Sealed","Dry","Not Raining","Daylight","Roll Over",1,,"Y",1334305.86,1766626.37
"2023-41033-19/09/2025","WUDINNA","DC WUDINNA. (DC LE HUNTE.)",5,3,0,2,1,2023,"April","Saturday","04:53 pm",100,"Sealed","Dry","Not Raining","Daylight","Hit Object on Road",1,,,1043303.72,1868294.93
"2023-41035-19/09/2025","PARKSIDE","CITY OF UNLEY",2,1,0,0,1,2023,"April","Saturday","07:10 pm",60,"Sealed","Dry","Not Raining","Night","Right Turn",1,,,1330707.08,1668319.59
"2023-41043-19/09/2025","THEBARTON","CITY OF WEST TORRENS",2,1,0,1,0,2023,"April","Sunday","10:06 am",60,"Sealed","Dry","Not Raining","Daylight","Right Turn",2,,"Y",1326511.33,1672105.66
"2023-41048-19/09/2025","PARALOWIE","CITY OF SALISBURY",2,1,0,0,1,2023,"April","Sunday","01:00 pm",50,"Sealed","Dry","Not Raining","Daylight","Hit Parked Vehicle",1,,,1331533.69,1688980.78
"2023-41054-19/09/2025","NORTHFIELD","CITY OF PORT ADELAIDE ENFIELD",2,2,0,0,2,2023,"April","Sunday","04:03 pm",60,"Sealed","Dry","Not Raining","Daylight","Right Angle",1,,,1330725.6,1679862.83
"2023-41055-19/09/2025","KANGARILLA","CITY OF ONKAPARINGA",2,1,0,0,1,2023,"April","Saturday","07:30 pm",80,"Sealed","Dry","Not Raining","Night","Hit Fixed Object",1,"Y",,1331569.72,1647868.41
"2023-41056-19/09/2025","SALISBURY","CITY OF SALISBURY",3,1,0,0,1,2023,"April","Sunday","04:53 pm",60,"Sealed","Dry","Not Raining","Daylight","Side Swipe",1,"Y",,1333230.97,1688382.51
"2023-41057-19/09/2025","CONCORDIA","THE BAROSSA COUNCIL.",1,1,0,0,1,2023,"April","Sunday","04:40 pm",80,"Unsealed","Dry","Not Raining","Daylight","Roll Over",1,,,1345920.82,1707647.96
"2023-41058-19/09/2025","MOUNT COMPASS","ALEXANDRINA COUNCIL",2,1,0,0,1,2023,"April","Sunday","04:53 pm",100,"Sealed","Dry","Not Raining","Daylight","Right Angle",2,,,1326851.64,1624809.48
"2023-41060-19/09/2025","STURT","CC MARION.",2,2,0,0,2,2023,"April","Sunday","06:20 pm",60,"Sealed","Dry","Not Raining","Night","Right Turn",2,,,1324428.84,1659884.95
"2023-41061-19/09/2025","WALKERVILLE","WALKERVILLE TOWN COUNCIL",3,1,0,0,1,2023,"April","Sunday","06:30 pm",60,"Sealed","Dry","Not Raining","Night","Right Turn",1,,,1329936.35,1673777.08
"2023-41065-19/09/2025","LOCKLEYS","CITY OF WEST TORRENS",5,1,0,0,1,2023,"April","Sunday","09:10 pm",60,"Sealed","Dry","Not Raining","Night","Hit Parked Vehicle",1,,,1322622.94,1671437.54
"2023-41069-19/09/2025","MOUNT GAMBIER","CC MT.GAMBIER.",2,2,0,0,2,2023,"April","Monday","12:40 am",50,"Sealed","Wet","Raining","Night","Hit Fixed Object",1,,,1511686.36,1339443.69
"2023-41070-19/09/2025","ROSEWATER","CITY OF PORT ADELAIDE ENFIELD",2,1,0,1,0,2023,"April","Monday","07:09 am",60,"Sealed","Dry","Not Raining","Daylight","Right Angle",2,,"Y",1322285.28,1679115.61
"2023-41071-19/09/2025","UNLEY","CITY OF UNLEY",2,1,0,0,1,2023,"April","Monday","08:10 am",60,"Sealed","Dry","Not Raining","Daylight","Side Swipe",2,,,1329133.57,1668028.61
"2023-41072-19/09/2025","STURT","CC MARION.",2,1,0,0,1,2023,"April","Monday","08:30 am",60,"Sealed","Dry","Not Raining","Daylight","Rear End",2,,,1324404.88,1660668.91
"2023-41076-19/09/2025","ASHBOURNE","ALEXANDRINA COUNCIL",2,1,0,0,1,2023,"April","Monday","01:20 pm",80,"Sealed","Dry","Not Raining","Daylight","Right Angle",1,,,1342680.25,1631005.61
"2023-41080-19/09/2025","CHERRYVILLE","THE ADELAIDE HILLS COUNCIL",1,1,0,0,1,2023,"April","Monday","09:15 am",80,"Sealed","Dry","Not Raining","Daylight","Roll Over",1,,,1342857.35,1671612.3
"2023-41082-19/09/2025","SOMERTON PARK","CITY OF HOLDFAST BAY",2,1,0,0,1,2023,"April","Monday","06:06 pm",60,"Sealed","Dry","Not Raining","Night","Rear End",2,,,1321074.09,1663210.8
"2023-41087-19/09/2025","WOODVILLE SOUTH","CITY OF CHARLES STURT",3,1,0,0,1,2023,"April","Monday","09:38 pm",60,"Sealed","Dry","Not Raining","Night","Right Angle",1,,,1322757.46,1675873.19
"2023-41095-19/09/2025","MYRTLE BANK","CITY OF UNLEY",3,3,0,1,2,2023,"April","Tuesday","12:53 pm",60,"Sealed","Dry","Not Raining","Daylight","Right Angle",2,,,1330752.74,1666735.72
"2023-41096-19/09/2025","GOLDEN GROVE","CITY OF TEA TREE GULLY",2,1,0,0,1,2023,"April","Tuesday","12:51 pm",60,"Sealed","Dry","Not Raining","Daylight","Rear End",1,,,1337875.16,1685474.67
"2023-41097-19/09/2025","ABERFOYLE PARK","CITY OF ONKAPARINGA",2,1,0,0,1,2023,"April","Tuesday","01:24 pm",50,"Sealed","Dry","Not Raining","Daylight","Right Angle",2,,,1327797.46,1654032.36
"2023-41101-19/09/2025","NEWTON","CC CAMPBELLTOWN.",2,1,0,0,1,2023,"April","Monday","05:00 pm",60,"Sealed","Dry","Not Raining","Daylight","Right Turn",1,,,1335398.01,1674978.91
"2023-41102-19/09/2025","WINTINNA",,1,2,0,0,2,2023,"April","Tuesday","10:23 am",110,"Sealed","Dry","Not Raining","Daylight","Roll Over",1,,,885706.1,2487977.27
"2023-41104-19/09/2025","PIMBA",,2,2,0,0,2,2023,"April","Tuesday","03:50 pm",110,"Sealed","Dry","Not Raining","Daylight","Right Turn",1,,,1171449.74,2080489.24
"2023-41105-19/09/2025","SALISBURY","CITY OF SALISBURY",3,1,0,0,1,2023,"April","Tuesday","05:55 pm",50,"Sealed","Dry","Not Raining","Night","Hit Fixed Object",1,,,1333404.6,1688297.67
"2023-41106-19/09/2025","FINDON","CITY OF CHARLES STURT",2,1,0,0,1,2023,"April","Tuesday","06:00 pm",60,"Sealed","Dry","Not Raining","Night","Side Swipe",1,,,1321607.69,1674706.62
"2023-41108-19/09/2025","HAPPY VALLEY","CITY OF ONKAPARINGA",3,1,0,0,1,2023,"April","Tuesday","06:45 pm",60,"Sealed","Dry","Not Raining","Night","Rear End",1,"Y",,1323015.41,1653414.07
"2023-41109-19/09/2025","MANNUM","MID MURRAY DISTRICT COUNCIL",1,3,0,0,3,2023,"April","Tuesday","03:30 pm",100,"Unsealed","Dry","Not Raining","Daylight","Roll Over",1,,,1384386.73,1673758.96
"2023-41111-19/09/2025","HILTON","CITY OF WEST TORRENS",3,1,0,0,1,2023,"April","Tuesday","06:35 pm",60,"Sealed","Dry","Not Raining","Night","Rear End",1,,,1325766.21,1670076.38
"2023-41114-19/09/2025","CLARENCE GARDENS","CC MITCHAM.",2,1,0,0,1,2023,"April","Tuesday","07:45 pm",50,"Sealed","Dry","Not Raining","Night","Hit Parked Vehicle",1,,,1326455.79,1665106.24
"2023-41115-19/09/2025","KLEMZIG","CITY OF PORT ADELAIDE ENFIELD",2,1,0,0,1,2023,"April","Tuesday","08:20 pm",60,"Sealed","Dry","Not Raining","Night","Right Turn",1,,,1332080.32,1676585.35
"2023-41117-19/09/2025","MUSTON","KANGAROO ISLAND COUNCIL",2,1,0,0,1,2023,"April","Wednesday","04:12 am",100,"Sealed","Dry","Not Raining","Night","Hit Fixed Object",1,,"Y",1249266.64,1577173.05
"2023-41122-19/09/2025","MARION","CC MARION.",2,1,0,0,1,2023,"April","Wednesday","10:00 am",50,"Sealed","Dry","Not Raining","Daylight","Right Turn",2,,,1324099.51,1661574.38
"2023-41123-19/09/2025","ADELAIDE","CITY OF ADELAIDE",2,2,0,0,2,2023,"April","Tuesday","11:15 am",50,"Sealed","Dry","Not Raining","Daylight","Side Swipe",2,,,1329507.38,1670982.39
"2023-41127-19/09/2025","ELIZABETH","CITY OF PLAYFORD.",3,1,0,0,1,2023,"April","Wednesday","01:42 pm",50,"Sealed","Dry","Not Raining","Daylight","Right Angle",1,,,1335277.57,1693292.96
"2023-41128-19/09/2025","ST MARYS","CC MITCHAM.",2,1,0,0,1,2023,"April","Wednesday","01:53 pm",50,"Sealed","Dry","Not Raining","Daylight","Right Angle",2,,,1326499.94,1661502.31
"2023-41132-19/09/2025","ALDINGA BEACH","CITY OF ONKAPARINGA",2,1,0,0,1,2023,"April","Tuesday","09:25 pm",50,"Sealed","Dry","Not Raining","Night","Hit Pedestrian",1,,,1314312.27,1631985.12
"2023-41137-19/09/2025","MOUNT GEORGE","THE ADELAIDE HILLS COUNCIL",2,1,0,0,1,2023,"April","Wednesday","03:36 pm",80,"Sealed","Dry","Not Raining","Daylight","Hit Fixed Object",1,"Y",,1341325.99,1663615.96
"2023-41139-19/09/2025","BERRI","THE BERRI BARMERA COUNCIL",2,3,0,0,3,2023,"April","Wednesday","04:45 pm",80,"Sealed","Dry","Not Raining","Daylight","Rear End",2,,,1513544.43,1735437.55
"2023-41142-19/09/2025","HOLDEN HILL","CITY OF PORT ADELAIDE ENFIELD",2,1,0,0,1,2023,"April","Wednesday","05:50 pm",60,"Sealed","Dry","Not Raining","Night","Rear End",1,,,1334387.43,1678378.48
"2023-41146-19/09/2025","ULEYBURY","CITY OF PLAYFORD.",2,1,0,0,1,2023,"April","Wednesday","07:41 pm",80,"Sealed","Dry","Not Raining","Night","Head On",2,,,1344761.48,1697725.44
"2023-41147-19/09/2025","GILBERTON","WALKERVILLE TOWN COUNCIL",2,1,0,1,0,2023,"April","Wednesday","08:00 pm",60,"Sealed","Dry","Not Raining","Night","Hit Pedestrian",2,,,1329552.6,1673178.24
"2023-41148-19/09/2025","SEAVIEW DOWNS","CC MARION.",3,1,0,0,1,2023,"April","Wednesday","08:35 pm",50,"Sealed","Dry","Not Raining","Night","Hit Pedestrian",2,,,1322536.76,1658116.69
"2023-41149-19/09/2025","WOODVILLE WEST","CITY OF CHARLES STURT",4,1,0,1,0,2023,"April","Wednesday","10:14 pm",60,"Sealed","Dry","Not Raining","Night","Rear End",1,"Y",,1322356.12,1676154.2
"2023-41154-19/09/2025","KAPUNDA","LIGHT REGIONAL COUNCIL",2,1,0,0,1,2023,"April","Thursday","07:05 am",100,"Sealed","Dry","Not Raining","Daylight","Hit Fixed Object",1,,,1352985.8,1739409.77
"2023-41156-19/09/2025","MOUNT BARKER","DC MT.BARKER.",3,1,0,0,1,2023,"April","Thursday","08:15 am",60,"Sealed","Wet","Not Raining","Daylight","Rear End",1,,,1350992.06,1655081.5
"2023-41160-19/09/2025","DRY CREEK","CITY OF PORT ADELAIDE ENFIELD",2,1,0,0,1,2023,"April","Thursday","09:28 am",90,"Sealed","Dry","Not Raining","Daylight","Hit Fixed Object",1,,,1323976.84,1681041.27
"2023-41164-19/09/2025","PENFIELD","CITY OF PLAYFORD.",2,2,0,1,1,2023,"April","Thursday","10:55 am",80,"Sealed","Dry","Not Raining","Daylight","Right Angle",2,,,1329249.46,1696064.46