"REPORT_ID","Suburb","LGA Name","Total Units","Total Cas","Total Fats","Total SI","Total MI","Year","Month","Day","Time","Area Speed","Road Surface","Moisture Cond","Weather Cond","DayNight","Crash Type","Unit Resp","DUI Involved","Drugs Involved","ACCLOC_X","ACCLOC_Y"
"2023-41165-19/09/2025","SEFTON PARK","CITY OF PORT ADELAIDE ENFIELD",2,1,0,0,1,2023,"April","Thursday","11:16 am",60,"Sealed","Dry","Not Raining","Daylight","Right Angle",1,,,1329030.84,1676437.2
"2023-41167-19/09/2025","HENDON","CITY OF CHARLES STURT",3,1,0,0,1,2023,"April","Thursday","11:44 am",50,"Sealed","Dry","Not Raining","Daylight","Hit Parked Vehicle",1,,,1321003.61,1677183.79
"2023-41169-19/09/2025","KENT TOWN","CC OF NORWOOD,PAYNEHAM & ST PETERS",2,1,0,0,1,2023,"April","Thursday","12:48 pm",60,"Sealed","Dry","Not Raining","Daylight","Right Angle",2,,,1330256.63,1671517.07
"2023-41174-19/09/2025","SEAFORD MEADOWS","CITY OF ONKAPARINGA",2,1,0,1,0,2023,"April","Thursday","03:55 pm",80,"Sealed","Dry","Not Raining","Daylight","Side Swipe",1,,"Y",1318366.27,1643259.66
"2023-41183-19/09/2025","TRANMERE","CC CAMPBELLTOWN.",2,1,0,0,1,2023,"April","Thursday","06:45 pm",60,"Sealed","Dry","Not Raining","Night","Right Turn",1,,,1333834.79,1672885.54
"2023-41195-19/09/2025","BUGLE RANGES","DC MT.BARKER.",2,1,0,0,1,2023,"April","Friday","07:53 am",80,"Sealed","Wet","Not Raining","Daylight","Hit Fixed Object",1,,,1348684.23,1649081.78
"2023-41197-19/09/2025","WHYALLA NORRIE","CC WHYALLA.",2,1,0,0,1,2023,"April","Friday","08:00 am",60,"Sealed","Dry","Not Raining","Daylight","Right Angle",1,,,1235982.34,1884248.06
"2023-41200-19/09/2025","ALTONA","THE BAROSSA COUNCIL.",2,1,0,0,1,2023,"April","Friday","07:50 am",90,"Sealed","Wet","Raining","Daylight","Hit Fixed Object",1,,,1357230.23,1705897.06
"2023-41206-19/09/2025","HEATHFIELD","THE ADELAIDE HILLS COUNCIL",3,1,0,0,1,2023,"April","Friday","10:45 am",60,"Sealed","Dry","Not Raining","Daylight","Hit Parked Vehicle",2,,,1339403.98,1659096.73
"2023-41211-19/09/2025","MELROSE PARK","CC MITCHAM.",2,1,0,0,1,2023,"April","Friday","02:15 pm",60,"Sealed","Dry","Not Raining","Daylight","Rear End",2,,,1325925.99,1664604.07
"2023-41217-19/09/2025","GEPPS CROSS","CITY OF PORT ADELAIDE ENFIELD",2,2,0,0,2,2023,"April","Friday","03:50 pm",60,"Sealed","Dry","Not Raining","Daylight","Right Turn",2,,,1327996.81,1679245.21
"2023-41220-19/09/2025","VIRGINIA","CITY OF PLAYFORD.",2,1,0,0,1,2023,"April","Friday","04:50 pm",110,"Sealed","Dry","Not Raining","Daylight","Rear End",2,,,1324119.37,1701216.45
"2023-41223-19/09/2025","PARADISE","CC CAMPBELLTOWN.",2,2,0,0,2,2023,"April","Friday","05:45 pm",60,"Sealed","Wet","Raining","Night","Right Turn",1,,,1334461.82,1676974.32
"2023-41229-19/09/2025","BROADVIEW","CITY OF PORT ADELAIDE ENFIELD",2,1,0,1,0,2023,"April","Friday","10:39 pm",60,"Sealed","Wet","Raining","Night","Right Angle",1,,,1330425.84,1677013.82
"2023-41231-19/09/2025","ADELAIDE","CITY OF ADELAIDE",2,1,0,0,1,2023,"April","Friday","10:55 pm",50,"Sealed","Wet","Raining","Night","Hit Pedestrian",1,,,1327925.66,1670500.3
"2023-41235-19/09/2025","GOOLWA SOUTH","ALEXANDRINA COUNCIL",1,1,0,0,1,2023,"April","Friday","10:25 pm",40,"Unsealed","Wet","Not Raining","Night","Other",1,,,1345651.96,1602441.21
"2023-41247-19/09/2025","EDINBURGH NORTH","CITY OF PLAYFORD.",2,1,0,1,0,2023,"April","Saturday","01:13 pm",60,"Unsealed","Dry","Not Raining","Daylight","Side Swipe",1,,"Y",1334170.07,1695286.31
"2023-41255-19/09/2025","GLOSSOP","THE BERRI BARMERA COUNCIL",2,1,0,1,0,2023,"April","Saturday","07:35 am",100,"Sealed","Dry","Not Raining","Daylight","Rear End",1,,,1511981.42,1735929.63
"2023-41256-19/09/2025","STURT","CC MARION.",3,1,0,0,1,2023,"April","Saturday","06:20 pm",100,"Sealed","Wet","Raining","Night","Side Swipe",1,,,1324176.38,1659521.31
"2023-41271-19/09/2025","ADELAIDE","CITY OF ADELAIDE",2,1,0,0,1,2023,"April","Sunday","03:55 pm",50,"Sealed","Wet","Raining","Daylight","Side Swipe",1,,,1328231.39,1670509.42
"2023-41282-19/09/2025","WALKER FLAT","MID MURRAY DISTRICT COUNCIL",1,1,0,0,1,2023,"April","Tuesday","01:44 am",110,"Sealed","Dry","Not Raining","Night","Roll Over",1,,,1415979.12,1685983.45
"2023-41292-19/09/2025","WOODVILLE WEST","CITY OF CHARLES STURT",3,4,0,0,4,2023,"April","Saturday","03:20 pm",60,"Sealed","Dry","Not Raining","Daylight","Rear End",2,,,1322384.15,1676196.65
"2023-41294-19/09/2025","KENT TOWN","CC OF NORWOOD,PAYNEHAM & ST PETERS",2,2,0,0,2,2023,"May","Monday","12:04 pm",60,"Sealed","Dry","Not Raining","Daylight","Right Turn",2,,,1330630.3,1670975.89
"2023-41296-19/09/2025","HEATHFIELD","THE ADELAIDE HILLS COUNCIL",2,1,0,0,1,2023,"May","Monday","12:35 pm",60,"Sealed","Wet","Raining","Daylight","Hit Fixed Object",1,,,1338618.86,1659401.94
"2023-41297-19/09/2025","KENT TOWN","CC OF NORWOOD,PAYNEHAM & ST PETERS",2,1,0,0,1,2023,"May","Monday","11:40 am",60,"Sealed","Dry","Not Raining","Daylight","Rear End",2,,,1329923.35,1671041.33
"2023-41298-19/09/2025","GILBERTON","WALKERVILLE TOWN COUNCIL",3,1,0,1,0,2023,"May","Monday","02:33 pm",60,"Sealed","Dry","Not Raining","Daylight","Right Angle",1,,,1329707.81,1672509.77
"2023-41308-19/09/2025","NARACOORTE","DC NARACOORTE & LUCINDALE.",2,1,0,0,1,2023,"May","Monday","04:02 pm",50,"Sealed","Dry","Not Raining","Daylight","Right Angle",2,,,1511907.19,1437208.09
"2023-41309-19/09/2025","VIRGINIA","CITY OF PLAYFORD.",2,2,0,2,0,2023,"May","Monday","05:19 pm",80,"Sealed","Wet","Not Raining","Daylight","Right Turn",2,,,1327930.42,1700809.33
"2023-41310-19/09/2025","ADELAIDE","CITY OF ADELAIDE",2,2,0,1,1,2023,"May","Monday","07:00 pm",60,"Sealed","Wet","Not Raining","Night","Side Swipe",1,,,1327901.1,1670989.23
"2023-41311-19/09/2025","WARRADALE","CC MARION.",2,1,0,1,0,2023,"May","Monday","05:49 pm",60,"Sealed","Dry","Not Raining","Night","Right Turn",2,,"Y",1322758.09,1661226.56
"2023-41313-19/09/2025","OB FLAT","DISTRICT COUNCIL OF GRANT",2,2,0,2,0,2023,"May","Monday","08:40 pm",100,"Sealed","Dry","Not Raining","Night","Hit Fixed Object",1,,,1509817.94,1332444.89
"2023-41315-19/09/2025","ADELAIDE","CITY OF ADELAIDE",2,1,1,0,0,2023,"May","Monday","07:30 pm",40,"Sealed","Dry","Not Raining","Night","Hit Pedestrian",2,,,1328860.17,1670840.08
"2023-41324-19/09/2025","GOODWOOD","CITY OF UNLEY",5,1,0,0,1,2023,"May","Tuesday","09:46 am",50,"Sealed","Wet","Raining","Daylight","Rear End",1,,,1327454.3,1668028.63
"2023-41332-19/09/2025","EVANSTON SOUTH","CT GAWLER.",3,1,0,0,1,2023,"May","Monday","05:50 pm",90,"Sealed","Dry","Not Raining","Night","Rear End",2,,,1340842.55,1701855.62
"2023-41333-19/09/2025","MAWSON LAKES","CITY OF SALISBURY",2,2,0,1,1,2023,"May","Tuesday","01:05 pm",80,"Sealed","Dry","Not Raining","Daylight","Right Angle",2,,,1331190.78,1682739.34
"2023-41340-19/09/2025","WHITES VALLEY","CITY OF ONKAPARINGA",3,1,0,0,1,2023,"May","Tuesday","02:55 pm",80,"Sealed","Dry","Not Raining","Daylight","Right Turn",2,,,1321497.29,1632441.17
"2023-41342-19/09/2025","GEPPS CROSS","CITY OF PORT ADELAIDE ENFIELD",3,3,0,0,3,2023,"May","Tuesday","05:59 pm",60,"Sealed","Dry","Not Raining","Night","Rear End",1,,,1330366.5,1679303.3
"2023-41343-19/09/2025","WOODLEIGH","LOXTON WAIKERIE DISTRICT COUNCIL",1,1,0,1,0,2023,"May","Tuesday","03:15 pm",100,"Sealed","Dry","Not Raining","Daylight","Roll Over",1,"Y",,1527955.61,1704349.26
"2023-41347-19/09/2025","SALISBURY EAST","CITY OF SALISBURY",2,1,0,0,1,2023,"May","Tuesday","05:08 pm",60,"Sealed","Dry","Not Raining","Daylight","Right Angle",2,,,1334178.48,1684646
"2023-41359-19/09/2025","EDWARDSTOWN","CC MARION.",2,1,0,0,1,2023,"May","Wednesday","07:50 am",50,"Sealed","Wet","Not Raining","Daylight","Hit Pedestrian",1,,,1325072.87,1665570.81
"2023-41360-19/09/2025","PARAFIELD GARDENS","CITY OF SALISBURY",3,1,0,1,0,2023,"May","Wednesday","08:45 am",50,"Sealed","Dry","Not Raining","Daylight","Right Angle",1,,"Y",1329164.77,1687073.04
"2023-41363-19/09/2025","RIDGEHAVEN","CITY OF TEA TREE GULLY",2,1,0,0,1,2023,"May","Wednesday","09:13 am",60,"Sealed","Dry","Not Raining","Daylight","Right Turn",1,,,1337429.53,1681233.58
"2023-41365-19/09/2025","OAKBANK","THE ADELAIDE HILLS COUNCIL",2,1,0,0,1,2023,"May","Tuesday","02:11 pm",60,"Sealed","Wet","Raining","Daylight","Hit Fixed Object",1,,,1351603.83,1661683.11
"2023-41366-19/09/2025","ADELAIDE","CITY OF ADELAIDE",2,1,0,0,1,2023,"May","Tuesday","05:35 pm",60,"Sealed","Wet","Raining","Night","Rear End",1,,,1329759.77,1670705.18
"2023-41373-19/09/2025","CLOVELLY PARK","CC MARION.",2,1,0,0,1,2023,"May","Wednesday","12:00 pm",60,"Sealed","Dry","Not Raining","Daylight","Right Turn",2,,,1325958.85,1663138.19
"2023-41374-19/09/2025","MITCHELL PARK","CC MARION.",2,1,0,0,1,2023,"May","Wednesday","12:30 pm",60,"Sealed","Dry","Not Raining","Daylight","Hit Pedestrian",1,,,1324370.74,1662020
"2023-41376-19/09/2025","SECOND VALLEY","DC YANKALILLA.",1,2,0,2,0,2023,"May","Wednesday","12:00 pm",100,"Sealed","Dry","Not Raining","Daylight","Roll Over",1,,,1292931.26,1605168.08
"2023-41384-19/09/2025","CAVAN","CITY OF SALISBURY",2,1,0,0,1,2023,"May","Wednesday","04:18 pm",70,"Sealed","Dry","Not Raining","Daylight","Rear End",2,,,1329187.35,1681648.96
"2023-41387-19/09/2025","PARADISE","CC CAMPBELLTOWN.",2,1,0,0,1,2023,"May","Wednesday","06:16 pm",60,"Sealed","Dry","Not Raining","Night","Rear End",1,,,1335102.11,1676038.83
"2023-41390-19/09/2025","SMITHFIELD","CITY OF PLAYFORD.",2,1,0,0,1,2023,"May","Wednesday","11:02 pm",50,"Sealed","Dry","Not Raining","Night","Side Swipe",1,,,1337476.96,1696564.74
"2023-41393-19/09/2025","MORGAN","MID MURRAY DISTRICT COUNCIL",1,1,0,1,0,2023,"May","Thursday","02:00 am",110,"Sealed","Dry","Not Raining","Night","Other",1,"Y","Y",1428538.07,1770358.27
"2023-41401-19/09/2025","LYRUP","DC RENMARK PARINGA",2,1,0,0,1,2023,"May","Wednesday","09:30 am",100,"Unsealed","Dry","Not Raining","Daylight","Hit Fixed Object",1,,,1517750.75,1736216.62
"2023-41413-19/09/2025","WOODVILLE GARDENS","CITY OF PORT ADELAIDE ENFIELD",2,1,0,0,1,2023,"May","Thursday","12:07 pm",50,"Sealed","Dry","Not Raining","Daylight","Hit Pedestrian",1,,,1324687.45,1677656.79
"2023-41416-19/09/2025","ELIZABETH PARK","CITY OF PLAYFORD.",2,2,0,1,1,2023,"May","Thursday","04:00 pm",60,"Sealed","Dry","Not Raining","Daylight","Rear End",2,,,1337658.99,1694453.26
"2023-41419-19/09/2025","LIGHTSVIEW","CITY OF PORT ADELAIDE ENFIELD",2,1,0,0,1,2023,"May","Wednesday","04:20 pm",50,"Sealed","Dry","Not Raining","Daylight","Head On",2,,,1331008.43,1677549.96
"2023-41427-19/09/2025","NORWOOD","CC OF NORWOOD,PAYNEHAM & ST PETERS",3,1,0,0,1,2023,"May","Thursday","06:30 pm",60,"Sealed","Dry","Not Raining","Night","Rear End",1,,,1332239.47,1671375.57
"2023-41432-19/09/2025","KENSINGTON GARDENS","CITY OF BURNSIDE",3,2,0,0,2,2023,"May","Thursday","12:28 pm",60,"Sealed","Dry","Not Raining","Daylight","Rear End",1,,,1334014.56,1671808.94
"2023-41435-19/09/2025","PORT LINCOLN","CC PT.LINCOLN.",2,1,0,0,1,2023,"May","Thursday","03:40 pm",60,"Sealed","Dry","Not Raining","Daylight","Rear End",2,,,1078010.13,1696638.47
"2023-41438-19/09/2025","MODBURY","CITY OF TEA TREE GULLY",1,1,0,0,1,2023,"May","Friday","09:55 am",80,"Unsealed","Dry","Not Raining","Daylight","Other",1,,,1337276.65,1680230.6
"2023-41440-19/09/2025","TORRENS PARK","CC MITCHAM.",2,1,0,0,1,2023,"April","Tuesday","04:30 pm",50,"Sealed","Dry","Not Raining","Daylight","Right Angle",1,,,1329488.36,1664519.87
"2023-41441-19/09/2025","BRAHMA LODGE","CITY OF SALISBURY",1,1,0,0,1,2023,"May","Friday","11:25 am",50,"Sealed","Dry","Not Raining","Daylight","Roll Over",1,,,1333551.05,1686935.77
"2023-41445-19/09/2025","MELROSE PARK","CC MITCHAM.",2,2,0,0,2,2023,"May","Friday","01:05 pm",60,"Sealed","Wet","Raining","Daylight","Rear End",2,,,1325937.86,1664245.51
"2023-41448-19/09/2025","DRY CREEK","CITY OF PORT ADELAIDE ENFIELD",2,1,0,0,1,2023,"May","Friday","10:00 am",70,"Sealed","Wet","Raining","Daylight","Right Turn",2,,,1327751.83,1679804.64
"2023-41451-19/09/2025","CROYDON","CITY OF CHARLES STURT",2,1,0,0,1,2023,"May","Friday","03:00 pm",60,"Sealed","Wet","Raining","Daylight","Right Angle",1,,,1325223.55,1673744.78
"2023-41456-19/09/2025","HILLIER","CT GAWLER.",2,1,0,1,0,2023,"May","Friday","02:24 pm",90,"Sealed","Wet","Not Raining","Daylight","Right Angle",1,,,1336900.28,1702626.19
"2023-41466-19/09/2025","ALDINGA","CITY OF ONKAPARINGA",2,2,0,0,2,2023,"May","Friday","05:42 pm",70,"Sealed","Wet","Not Raining","Night","Right Turn",2,,,1316061.41,1631986.32
"2023-41467-19/09/2025","VALLEY VIEW","CITY OF TEA TREE GULLY",2,1,0,1,0,2023,"May","Friday","06:00 pm",60,"Sealed","Wet","Raining","Night","Hit Parked Vehicle",1,,,1335717.91,1680203.61
"2023-41472-19/09/2025","PENNESHAW","KANGAROO ISLAND COUNCIL",1,2,0,2,0,2023,"May","Friday","07:50 pm",100,"Sealed","Wet","Raining","Night","Left Road - Out of Control",1,"Y",,1265245.63,1582837.48
"2023-41482-19/09/2025","MITCHELL PARK","CC MARION.",2,1,0,0,1,2023,"May","Saturday","10:40 am",60,"Sealed","Dry","Not Raining","Daylight","Right Angle",1,,,1324385.79,1661176.25
"2023-41487-19/09/2025","OLD NOARLUNGA","CITY OF ONKAPARINGA",2,1,0,0,1,2023,"May","Saturday","12:20 pm",60,"Sealed","Dry","Not Raining","Daylight","Side Swipe",2,,,1317908.71,1642516.48
"2023-41488-19/09/2025","GLENELG","CITY OF HOLDFAST BAY",1,1,0,0,1,2023,"May","Saturday","12:20 pm",40,"Sealed","Dry","Not Raining","Daylight","Roll Over",1,,,1320364.19,1664881.64
"2023-41490-19/09/2025","KANGARILLA","CITY OF ONKAPARINGA",2,1,0,0,1,2023,"May","Saturday","12:20 pm",80,"Sealed","Dry","Not Raining","Daylight","Rear End",2,,,1332468.51,1647989.98
"2023-41493-19/09/2025","UPPER STURT","THE ADELAIDE HILLS COUNCIL",2,1,0,0,1,2023,"May","Saturday","12:00 pm",60,"Sealed","Dry","Not Raining","Daylight","Rear End",1,,,1335989.37,1660108.33
"2023-41494-19/09/2025","BRIGHTON","CITY OF HOLDFAST BAY",2,1,0,0,1,2023,"May","Saturday","03:20 pm",60,"Sealed","Dry","Not Raining","Daylight","Right Turn",1,,"Y",1321149.37,1660558.32
"2023-41496-19/09/2025","NORTHFIELD","CITY OF PORT ADELAIDE ENFIELD",2,1,0,0,1,2023,"May","Saturday","03:51 pm",60,"Sealed","Dry","Not Raining","Daylight","Hit Pedestrian",2,,,1330394,1678284.2
"2023-41499-19/09/2025","PORT LINCOLN","CC PT.LINCOLN.",3,1,0,1,0,2023,"May","Saturday","04:05 pm",80,"Sealed","Dry","Not Raining","Daylight","Hit Fixed Object",1,,,1076087.73,1699369.37
"2023-41504-19/09/2025","NAIRNE","DC MT.BARKER.",2,1,0,0,1,2023,"May","Saturday","05:50 pm",80,"Sealed","Wet","Not Raining","Night","Rear End",2,,,1357428.72,1655603.13
"2023-41508-19/09/2025","GREENACRES","CITY OF PORT ADELAIDE ENFIELD",2,1,0,1,0,2023,"May","Saturday","08:29 pm",60,"Sealed","Dry","Not Raining","Night","Hit Pedestrian",2,,,1330442.38,1676728.34
"2023-41512-19/09/2025","TANUNDA","THE BAROSSA COUNCIL.",1,1,0,1,0,2023,"May","Sunday","12:38 am",50,"Sealed","Dry","Not Raining","Night","Other",1,,,1363642.97,1714849.73
"2023-41516-19/09/2025","BEACHPORT","WATTLE RANGE COUNCIL",1,1,0,1,0,2023,"April","Saturday","02:30 pm",80,"Unsealed","Dry","Not Raining","Daylight","Roll Over",1,,,1440346.46,1387990.17
"2023-41518-19/09/2025","MONTACUTE","THE ADELAIDE HILLS COUNCIL",2,1,0,0,1,2023,"May","Sunday","08:15 am",80,"Sealed","Dry","Not Raining","Daylight","Hit Fixed Object",1,,,1341001.72,1673895.11
"2023-41522-19/09/2025","KANGARILLA","CITY OF ONKAPARINGA",2,1,0,0,1,2023,"May","Sunday","10:50 am",80,"Sealed","Wet","Not Raining","Daylight","Hit Fixed Object",1,,,1332465.95,1647992.41
"2023-41523-19/09/2025","PLYMPTON","CITY OF WEST TORRENS",1,1,0,0,1,2023,"May","Sunday","11:20 am",60,"Sealed","Dry","Not Raining","Daylight","Roll Over",9,,,1324758.62,1666969.8
"2023-41530-19/09/2025","ELIZABETH NORTH","CITY OF PLAYFORD.",2,1,0,0,1,2023,"May","Friday","02:40 pm",80,"Sealed","Wet","Raining","Daylight","Rear End",2,,,1336972.07,1695458.34
"2023-41535-19/09/2025","NURIOOTPA","LIGHT REGIONAL COUNCIL",2,3,0,0,3,2023,"May","Sunday","04:50 pm",60,"Sealed","Dry","Not Raining","Daylight","Right Angle",2,,,1364772.29,1720072.41
"2023-41536-19/09/2025","ULEYBURY","CITY OF PLAYFORD.",2,3,0,0,3,2023,"May","Sunday","05:43 pm",80,"Sealed","Dry","Not Raining","Night","Right Angle",2,,,1345171.45,1697799.84
"2023-41547-19/09/2025","FIRLE","CC OF NORWOOD,PAYNEHAM & ST PETERS",2,1,0,0,1,2023,"May","Monday","07:45 am",60,"Sealed","Dry","Not Raining","Daylight","Hit Pedestrian",1,,,1333842.87,1672557.32
"2023-41549-19/09/2025","WOODCROFT","CITY OF ONKAPARINGA",2,1,0,0,1,2023,"May","Monday","08:00 am",50,"Sealed","Dry","Not Raining","Daylight","Hit Parked Vehicle",1,,,1323751.2,1650881.62
"2023-41551-19/09/2025","COMPTON","DISTRICT COUNCIL OF GRANT",2,2,0,0,2,2023,"May","Monday","07:55 am",110,"Sealed","Wet","Not Raining","Daylight","Head On",1,,,1502802.86,1345944.75
"2023-41553-19/09/2025","MUNNO PARA WEST","CITY OF PLAYFORD.",2,1,0,0,1,2023,"May","Monday","07:20 am",50,"Sealed","Dry","Not Raining","Daylight","Hit Fixed Object",1,,,1335865.45,1700276.63
"2023-41554-19/09/2025","WILLIAMSTOWN","THE BAROSSA COUNCIL.",2,1,0,0,1,2023,"May","Monday","08:00 am",100,"Sealed","Dry","Not Raining","Daylight","Hit Fixed Object",1,,"Y",1355686.32,1699497.97
"2023-41556-19/09/2025","SEATON","CITY OF CHARLES STURT",2,1,0,0,1,2023,"May","Monday","10:10 am",60,"Sealed","Dry","Not Raining","Daylight","Right Angle",1,,,1320713.72,1676060.8
"2023-41558-19/09/2025","SALISBURY DOWNS","CITY OF SALISBURY",2,1,0,0,1,2023,"May","Monday","07:55 am",50,"Sealed","Dry","Not Raining","Daylight","Right Angle",2,,,1331466.66,1688289.85
"2023-41560-19/09/2025","HALLETT","REGIONAL COUNCIL OF GOYDER",1,1,0,1,0,2023,"May","Monday","08:30 am",110,"Sealed","Dry","Not Raining","Daylight","Roll Over",1,,,1361314.41,1833009.54
"2023-41561-19/09/2025","MODBURY","CITY OF TEA TREE GULLY",2,1,0,0,1,2023,"April","Wednesday","05:15 am",60,"Sealed","Dry","Not Raining","Night","Right Angle",2,,,1336684.18,1680829.13
"2023-41569-19/09/2025","HAZELWOOD PARK","CITY OF BURNSIDE",2,1,0,0,1,2023,"May","Monday","08:20 am",60,"Sealed","Wet","Not Raining","Daylight","Rear End",2,,,1333935.99,1669099.19
"2023-41573-19/09/2025","ADELAIDE","CITY OF ADELAIDE",2,1,0,0,1,2023,"May","Monday","05:40 pm",50,"Sealed","Wet","Not Raining","Night","Hit Pedestrian",1,,,1329021.08,1670373.61
"2023-41582-19/09/2025","TERINGIE","THE ADELAIDE HILLS COUNCIL",2,1,0,0,1,2023,"May","Tuesday","06:45 am",60,"Sealed","Dry","Not Raining","Night","Hit Animal",2,,,1337668.9,1672140.49
"2023-41586-19/09/2025","FERRYDEN PARK","CITY OF PORT ADELAIDE ENFIELD",2,1,0,0,1,2023,"May","Tuesday","08:38 am",50,"Sealed","Dry","Not Raining","Daylight","Right Angle",2,,,1325575.61,1677677.7
"2023-41587-19/09/2025","GAWLER EAST","CT GAWLER.",2,1,0,0,1,2023,"May","Tuesday","08:41 am",50,"Sealed","Dry","Not Raining","Daylight","Right Angle",1,,,1343602.39,1706196.77
"2023-41589-19/09/2025","KURRALTA PARK","CITY OF WEST TORRENS",2,1,0,0,1,2023,"May","Tuesday","06:50 am",60,"Sealed","Dry","Not Raining","Night","Rear End",2,,,1325826.49,1668124.14
"2023-41596-19/09/2025","BEDFORD PARK","CC MARION.",3,1,0,0,1,2023,"May","Tuesday","10:40 am",80,"Sealed","Dry","Not Raining","Daylight","Side Swipe",1,,,1324555.99,1660013.51
"2023-41600-19/09/2025","PARACHILNA",,1,1,0,0,1,2023,"May","Sunday","10:30 am",100,"Unsealed","Dry","Not Raining","Daylight","Roll Over",1,,,1324939.06,2090849.64
"2023-41610-19/09/2025","OVINGHAM","CITY OF CHARLES STURT",2,2,0,0,2,2023,"May","Tuesday","05:35 pm",60,"Sealed","Dry","Not Raining","Night","Rear End",2,,,1327131.58,1673269.49
"2023-41612-19/09/2025","SEAFORD","CITY OF ONKAPARINGA",2,1,0,1,0,2023,"May","Tuesday","06:30 pm",50,"Sealed","Dry","Not Raining","Night","Right Angle",2,,,1316965.83,1641942.75
"2023-41617-19/09/2025","DRY CREEK","CITY OF PORT ADELAIDE ENFIELD",2,1,0,0,1,2023,"May","Tuesday","10:32 pm",70,"Sealed","Dry","Not Raining","Night","Hit Fixed Object",1,,,1325321.28,1681271.87
"2023-41619-19/09/2025","GRANGE","CITY OF CHARLES STURT",2,1,0,0,1,2023,"May","Wednesday","08:00 am",50,"Sealed","Dry","Not Raining","Daylight","Hit Parked Vehicle",1,,,1319651.25,1673373.78
"2023-41623-19/09/2025","OVINGHAM","CITY OF CHARLES STURT",3,1,0,0,1,2023,"May","Wednesday","08:17 am",60,"Sealed","Dry","Not Raining","Daylight","Right Turn",2,,,1327131.58,1673269.49
"2023-41624-19/09/2025","FINDON","CITY OF CHARLES STURT",2,1,0,0,1,2023,"May","Wednesday","08:35 am",60,"Sealed","Dry","Not Raining","Daylight","Right Turn",1,,,1322194.96,1673118.79
"2023-41626-19/09/2025","SALISBURY PLAIN","CITY OF SALISBURY",2,1,0,0,1,2023,"May","Wednesday","08:30 am",80,"Sealed","Dry","Not Raining","Daylight","Rear End",1,,,1334701.93,1687209.78
"2023-41627-19/09/2025","PORT PIRIE","PT.PIRIE CITY & DIST. COUNCIL",2,1,0,0,1,2023,"May","Wednesday","07:55 am",50,"Sealed","Dry","Not Raining","Daylight","Hit Fixed Object",1,,,1279978.7,1865384.26
"2023-41630-19/09/2025","WEPAR","DISTRICT COUNCIL OF GRANT",1,1,0,0,1,2023,"May","Tuesday","09:00 am",80,"Unsealed","Dry","Not Raining","Daylight","Roll Over",1,,,1508805.64,1363214.29
"2023-41631-19/09/2025","TOWITTA","MID MURRAY DISTRICT COUNCIL",2,1,0,0,1,2023,"May","Wednesday","08:30 am",100,"Sealed","Wet","Raining","Daylight","Head On",1,,"Y",1387690.06,1709698.68
"2023-41633-19/09/2025","GLENCOE","WATTLE RANGE COUNCIL",2,1,0,0,1,2023,"May","Wednesday","07:35 am",110,"Sealed","Wet","Raining","Daylight","Roll Over",1,,,1497439.46,1356354.69
"2023-41637-19/09/2025","THE RANGE","CITY OF ONKAPARINGA",2,1,0,1,0,2023,"May","Wednesday","11:56 am",80,"Sealed","Dry","Not Raining","Daylight","Hit Fixed Object",1,,,1328611.46,1633879.43
"2023-41640-19/09/2025","TORRENS PARK","CC MITCHAM.",2,1,0,0,1,2023,"May","Wednesday","01:00 pm",50,"Sealed","Dry","Not Raining","Daylight","Right Turn",1,,,1329753.4,1664793.29
"2023-41653-19/09/2025","PAYNEHAM SOUTH","CC OF NORWOOD,PAYNEHAM & ST PETERS",2,1,1,0,0,2023,"May","Wednesday","03:39 pm",60,"Sealed","Dry","Not Raining","Daylight","Right Angle",2,,"Y",1332204.43,1672704.95
"2023-41656-19/09/2025","MODBURY","CITY OF TEA TREE GULLY",2,2,0,0,2,2023,"May","Wednesday","05:56 pm",60,"Sealed","Dry","Not Raining","Night","Right Turn",1,,,1336876.15,1680848.77
"2023-41663-19/09/2025","WOODVILLE","CITY OF CHARLES STURT",2,1,0,0,1,2023,"May","Thursday","07:07 am",50,"Sealed","Dry","Not Raining","Daylight","Hit Fixed Object",1,,,1323334.39,1676532.38
"2023-41667-19/09/2025","PARA HILLS","CITY OF SALISBURY",2,1,0,0,1,2023,"May","Wednesday","09:00 am",60,"Sealed","Dry","Not Raining","Daylight","Rear End",2,,,1334218.72,1684603.93
"2023-41668-19/09/2025","KILBURN","CITY OF PORT ADELAIDE ENFIELD",2,1,0,0,1,2023,"May","Thursday","10:00 am",50,"Sealed","Dry","Not Raining","Daylight","Right Angle",2,,,1328021.79,1678026.72
"2023-41676-19/09/2025","CARRICKALINGA","DC YANKALILLA.",2,1,0,1,0,2023,"April","Tuesday","11:30 am",100,"Sealed","Dry","Not Raining","Daylight","Right Angle",2,,,1304473.72,1617343.92
"2023-41687-19/09/2025","MOUNT GEORGE","THE ADELAIDE HILLS COUNCIL",2,1,0,0,1,2023,"May","Thursday","03:00 pm",80,"Sealed","Dry","Not Raining","Daylight","Hit Fixed Object",1,"Y",,1343445.32,1661905.95
"2023-41690-19/09/2025","WATERLOO CORNER","CITY OF PLAYFORD.",2,1,0,0,1,2023,"May","Thursday","05:04 pm",90,"Sealed","Dry","Not Raining","Daylight","Rear End",1,,,1329037.55,1693187.23
"2023-41691-19/09/2025","HILTON","CITY OF WEST TORRENS",2,1,0,0,1,2023,"May","Thursday","05:30 pm",60,"Sealed","Dry","Not Raining","Night","Right Angle",2,,,1325240.79,1670068.08
"2023-41705-19/09/2025","CUDLEE CREEK","THE ADELAIDE HILLS COUNCIL",2,4,0,0,4,2023,"May","Thursday","10:36 pm",80,"Sealed","Dry","Not Raining","Night","Head On",2,,,1350639.12,1678022.71