"REPORT_ID","Suburb","LGA Name","Total Units","Total Cas","Total Fats","Total SI","Total MI","Year","Month","Day","Time","Area Speed","Road Surface","Moisture Cond","Weather Cond","DayNight","Crash Type","Unit Resp","DUI Involved","Drugs Involved","ACCLOC_X","ACCLOC_Y"
"2023-41706-19/09/2025","VALLEY VIEW","CITY OF TEA TREE GULLY",2,1,0,0,1,2023,"May","Friday","06:00 am",60,"Sealed","Dry","Not Raining","Night","Side Swipe",1,,,1335297.49,1679399.6
"2023-41710-19/09/2025","ADELAIDE","CITY OF ADELAIDE",2,1,0,0,1,2023,"May","Friday","08:20 am",60,"Sealed","Dry","Not Raining","Daylight","Right Angle",2,,,1327386.54,1670314.83
"2023-41711-19/09/2025","SEAFORD","CITY OF ONKAPARINGA",2,1,0,0,1,2023,"May","Friday","08:25 am",50,"Sealed","Dry","Not Raining","Daylight","Right Angle",1,,,1316655.5,1641972.2
"2023-41712-19/09/2025","MONARTO SOUTH","RC MURRAY BRIDGE.",2,1,1,0,0,2023,"May","Friday","07:14 am",110,"Sealed","Dry","Not Raining","Daylight","Hit Fixed Object",1,"Y","Y",1373213.78,1646461.81
"2023-41714-19/09/2025","SALISBURY","CITY OF SALISBURY",2,1,0,0,1,2023,"May","Friday","09:00 am",60,"Sealed","Dry","Not Raining","Daylight","Rear End",2,,,1332790.83,1688499.52
"2023-41718-19/09/2025","ELIZABETH EAST","CITY OF PLAYFORD.",2,1,0,0,1,2023,"May","Friday","10:53 am",80,"Sealed","Dry","Not Raining","Daylight","Hit Fixed Object",1,,,1336077.64,1692420.57
"2023-41720-19/09/2025","EVANSTON SOUTH","CT GAWLER.",2,1,0,0,1,2023,"May","Friday","11:05 am",90,"Sealed","Dry","Not Raining","Daylight","Rear End",2,,,1339562.64,1700114.53
"2023-41721-19/09/2025","OAKLANDS PARK","CC MARION.",2,1,0,0,1,2023,"May","Friday","12:10 pm",60,"Sealed","Dry","Not Raining","Daylight","Hit Pedestrian",2,,,1323275.81,1660930.91
"2023-41724-19/09/2025","PARA HILLS","CITY OF SALISBURY",2,1,0,0,1,2023,"May","Friday","01:05 pm",60,"Sealed","Dry","Not Raining","Daylight","Right Angle",2,,,1333968.94,1684359.8
"2023-41728-19/09/2025","WOODVILLE NORTH","CITY OF CHARLES STURT",4,1,0,0,1,2023,"May","Friday","01:32 pm",60,"Sealed","Unknown","Unknown","Daylight","Rear End",1,,,1323111.64,1677112.11
"2023-41733-19/09/2025","PARADISE","CC CAMPBELLTOWN.",3,1,0,0,1,2023,"May","Friday","04:20 pm",60,"Sealed","Dry","Not Raining","Daylight","Side Swipe",9,,,1334812.09,1676500.53
"2023-41734-19/09/2025","LOXTON","LOXTON WAIKERIE DISTRICT COUNCIL",2,2,0,2,0,2023,"May","Friday","04:30 pm",100,"Sealed","Dry","Not Raining","Daylight","Roll Over",1,,"Y",1516064.48,1711850.03
"2023-41735-19/09/2025","CASTAMBUL","THE ADELAIDE HILLS COUNCIL",2,1,0,0,1,2023,"May","Friday","03:28 pm",70,"Sealed","Dry","Not Raining","Daylight","Hit Fixed Object",1,,,1342745.35,1676414.87
"2023-41743-19/09/2025","NORWOOD","CC OF NORWOOD,PAYNEHAM & ST PETERS",2,1,0,1,0,2023,"May","Friday","07:38 pm",60,"Sealed","Dry","Not Raining","Night","Hit Fixed Object",1,"Y",,1330618,1671409.18
"2023-41747-19/09/2025","WHYALLA NORRIE","CC WHYALLA.",2,1,0,0,1,2023,"May","Friday","03:45 pm",60,"Sealed","Dry","Not Raining","Daylight","Right Angle",2,,,1236810.59,1883486.27
"2023-41750-19/09/2025","VIRGINIA","CITY OF PLAYFORD.",2,2,0,0,2,2023,"May","Friday","11:19 pm",110,"Sealed","Dry","Not Raining","Night","Hit Fixed Object",1,,,1324528.47,1699838.29
"2023-41758-19/09/2025","GLENELG","CITY OF HOLDFAST BAY",2,1,0,0,1,2023,"May","Saturday","11:57 am",40,"Sealed","Dry","Not Raining","Daylight","Hit Parked Vehicle",1,,,1320956.09,1664898.61
"2023-41763-19/09/2025","PANORAMA","CC MITCHAM.",2,1,0,0,1,2023,"May","Saturday","01:25 pm",60,"Sealed","Dry","Not Raining","Daylight","Right Angle",2,,,1327996.82,1663499.93
"2023-41764-19/09/2025","HACKNEY","CC OF NORWOOD,PAYNEHAM & ST PETERS",3,1,0,0,1,2023,"May","Saturday","01:35 pm",60,"Sealed","Dry","Not Raining","Daylight","Rear End",1,,,1329730.14,1672347.9
"2023-41765-19/09/2025","STURT","CC MARION.",2,4,0,0,4,2023,"May","Friday","08:35 pm",70,"Sealed","Dry","Not Raining","Night","Right Turn",2,,,1324428.84,1659884.95
"2023-41768-19/09/2025","PARA VISTA","CITY OF SALISBURY",2,1,0,0,1,2023,"May","Saturday","03:27 pm",60,"Sealed","Dry","Not Raining","Daylight","Rear End",2,,,1334488.65,1681570.15
"2023-41769-19/09/2025","KAPUNDA","LIGHT REGIONAL COUNCIL",1,1,0,1,0,2023,"May","Saturday","12:00 pm",60,"Unsealed","Dry","Not Raining","Daylight","Roll Over",1,,,1355395.5,1732406.35
"2023-41770-19/09/2025","ASHTON","THE ADELAIDE HILLS COUNCIL",2,1,0,0,1,2023,"May","Saturday","05:10 pm",80,"Sealed","Dry","Not Raining","Daylight","Right Angle",2,,,1340973.53,1668692.88
"2023-41771-19/09/2025","ST MARYS","CC MITCHAM.",2,1,0,0,1,2023,"May","Saturday","05:45 pm",70,"Sealed","Dry","Not Raining","Night","Rear End",2,,,1326001.62,1661249.69
"2023-41772-19/09/2025","MAGILL","CC CAMPBELLTOWN.",2,1,0,0,1,2023,"May","Saturday","06:00 pm",50,"Sealed","Dry","Not Raining","Night","Hit Parked Vehicle",1,,,1335209.14,1672531.57
"2023-41773-19/09/2025","SELLICKS HILL","CITY OF ONKAPARINGA",2,2,0,0,2,2023,"May","Saturday","06:38 pm",90,"Sealed","Dry","Not Raining","Night","Right Angle",2,,,1315545.68,1629931.13
"2023-41782-19/09/2025","WEST LAKES","CITY OF CHARLES STURT",2,2,0,0,2,2023,"May","Sunday","10:52 am",60,"Sealed","Dry","Not Raining","Daylight","Right Angle",2,,,1318842.91,1674473.86
"2023-41783-19/09/2025","INGLE FARM","CITY OF SALISBURY",4,4,0,0,4,2023,"May","Sunday","10:50 am",60,"Sealed","Dry","Not Raining","Daylight","Rear End",1,,,1333074.64,1681312.82
"2023-41792-19/09/2025","FLINDERS PARK","CITY OF CHARLES STURT",1,1,0,1,0,2023,"May","Sunday","10:57 am",50,"Sealed","Dry","Not Raining","Daylight","Roll Over",1,,,1322676.42,1671726.8
"2023-41794-19/09/2025","KAPUNDA","LIGHT REGIONAL COUNCIL",2,3,0,0,3,2023,"May","Sunday","03:58 pm",100,"Sealed","Dry","Not Raining","Daylight","Right Turn",1,,,1358785.06,1730900.7
"2023-41800-19/09/2025","SEAFORD","CITY OF ONKAPARINGA",2,1,0,0,1,2023,"May","Sunday","10:20 pm",50,"Sealed","Dry","Not Raining","Night","Hit Fixed Object",1,"Y",,1317528.93,1642094.89
"2023-41805-19/09/2025","LOCKLEYS","CITY OF WEST TORRENS",2,1,0,1,0,2023,"May","Monday","05:28 am",40,"Sealed","Dry","Not Raining","Night","Right Angle",2,,,1323294.9,1671440.16
"2023-41806-19/09/2025","O'HALLORAN HILL","CC MARION.",1,1,0,0,1,2023,"May","Monday","05:39 am",80,"Sealed","Dry","Not Raining","Night","Roll Over",1,,,1324483.27,1657458.9
"2023-41807-19/09/2025","WOODSIDE","THE ADELAIDE HILLS COUNCIL",1,1,0,0,1,2023,"May","Monday","06:30 am",80,"Sealed","Dry","Not Raining","Night","Roll Over",1,,,1354164.33,1665389.92
"2023-41809-19/09/2025","NAIRNE","DC MT.BARKER.",2,1,0,0,1,2023,"May","Sunday","10:00 am",50,"Sealed","Dry","Not Raining","Daylight","Rear End",2,,,1356117.15,1657597.14
"2023-41810-19/09/2025","KINGSWOOD","CC MITCHAM.",2,1,0,0,1,2023,"May","Monday","07:45 am",60,"Sealed","Dry","Not Raining","Daylight","Hit Pedestrian",1,,,1329143.41,1665968.72
"2023-41820-19/09/2025","EDWARDSTOWN","CC MARION.",2,1,0,1,0,2023,"May","Monday","10:30 am",50,"Sealed","Dry","Not Raining","Daylight","Right Turn",2,,,1325526.02,1664381.2
"2023-41821-19/09/2025","TANUNDA","THE BAROSSA COUNCIL.",2,1,0,1,0,2023,"May","Monday","08:20 am",60,"Sealed","Dry","Not Raining","Daylight","Hit Fixed Object",1,,,1361925.92,1713185.21
"2023-41828-19/09/2025","ADELAIDE","CITY OF ADELAIDE",3,1,0,0,1,2023,"May","Monday","02:00 pm",50,"Sealed","Dry","Not Raining","Daylight","Hit Parked Vehicle",2,,,1329029.87,1670519.09
"2023-41830-19/09/2025","MINLATON","YORKE PENINSULA COUNCIL",2,1,0,0,1,2023,"May","Monday","02:05 pm",60,"Sealed","Dry","Not Raining","Daylight","Right Turn",2,,,1237506.61,1691317.49
"2023-41837-19/09/2025","ATHELSTONE","CC CAMPBELLTOWN.",2,1,0,0,1,2023,"May","Monday","04:14 pm",60,"Sealed","Dry","Not Raining","Daylight","Right Angle",2,,,1337788.96,1676318.4
"2023-41838-19/09/2025","MOSQUITO HILL","ALEXANDRINA COUNCIL",3,1,0,0,1,2023,"May","Monday","04:25 pm",100,"Sealed","Dry","Not Raining","Daylight","Head On",1,,,1334948.76,1615860.08
"2023-41842-19/09/2025","ABERFOYLE PARK","CITY OF ONKAPARINGA",2,1,0,1,0,2023,"May","Monday","05:55 pm",50,"Sealed","Dry","Not Raining","Night","Right Turn",1,,,1328533.44,1655601.59
"2023-41847-19/09/2025","TUNGKILLO","MID MURRAY DISTRICT COUNCIL",2,1,0,1,0,2023,"May","Monday","09:25 pm",100,"Sealed","Dry","Not Raining","Night","Head On",1,,,1370278.08,1681560.98
"2023-41851-19/09/2025","ENFIELD","CITY OF PORT ADELAIDE ENFIELD",2,1,0,0,1,2023,"May","Monday","06:20 pm",60,"Sealed","Dry","Not Raining","Night","Rear End",2,,,1329427.65,1676447.23
"2023-41852-19/09/2025","MAYLANDS","CC OF NORWOOD,PAYNEHAM & ST PETERS",4,1,0,0,1,2023,"May","Tuesday","09:07 am",60,"Sealed","Dry","Not Raining","Daylight","Right Angle",2,,,1332214.9,1672308.9
"2023-41861-19/09/2025","PROSPECT","CITY OF PROSPECT",2,1,0,0,1,2023,"May","Tuesday","11:31 am",60,"Sealed","Wet","Not Raining","Daylight","Rear End",2,,,1327234.65,1676659.71
"2023-41870-19/09/2025","MARLESTON","CITY OF WEST TORRENS",2,1,0,0,1,2023,"May","Tuesday","01:40 pm",60,"Sealed","Dry","Not Raining","Daylight","Side Swipe",2,,,1324827.02,1668919.35
"2023-41873-19/09/2025","PARK HOLME","CC MARION.",2,1,0,1,0,2023,"May","Tuesday","01:50 pm",60,"Sealed","Dry","Not Raining","Daylight","Right Turn",2,"Y",,1324299.68,1664120.04
"2023-41884-19/09/2025","STURT","CC MARION.",2,2,0,0,2,2023,"May","Tuesday","07:00 pm",60,"Sealed","Dry","Not Raining","Night","Right Turn",1,,,1323549.08,1660655.07
"2023-41895-19/09/2025","CHAIN OF PONDS","THE ADELAIDE HILLS COUNCIL",1,1,0,0,1,2023,"April","Thursday","02:30 pm",80,"Sealed","Dry","Not Raining","Daylight","Roll Over",1,,,1349874.88,1681243.25
"2023-41896-19/09/2025","NEWTON","CC CAMPBELLTOWN.",2,1,0,0,1,2023,"May","Wednesday","10:06 am",60,"Sealed","Dry","Not Raining","Daylight","Hit Pedestrian",2,,,1336890.41,1674715.2
"2023-41897-19/09/2025","MELROSE PARK","CC MITCHAM.",1,1,0,1,0,2023,"May","Wednesday","10:03 am",60,"Sealed","Dry","Not Raining","Daylight","Roll Over",1,,,1325938.63,1664190.98
"2023-41903-19/09/2025","PARAFIELD GARDENS","CITY OF SALISBURY",2,1,0,0,1,2023,"May","Tuesday","03:30 pm",25,"Sealed","Dry","Not Raining","Daylight","Rear End",2,,,1330549.8,1685978.3
"2023-41911-19/09/2025","NEW PORT","CITY OF PORT ADELAIDE ENFIELD",2,1,0,0,1,2023,"May","Saturday","04:28 am",40,"Sealed","Dry","Not Raining","Night","Hit Pedestrian",1,,,1319135.84,1680003.69
"2023-41913-19/09/2025","ASHTON","THE ADELAIDE HILLS COUNCIL",2,1,0,1,0,2023,"May","Wednesday","03:05 pm",80,"Sealed","Dry","Not Raining","Daylight","Head On",2,,,1341370.28,1669003.82
"2023-41921-19/09/2025","GLENELG EAST","CITY OF HOLDFAST BAY",2,1,0,0,1,2023,"May","Wednesday","09:20 am",60,"Sealed","Dry","Not Raining","Daylight","Rear End",2,,,1322637.42,1665387.9
"2023-41924-19/09/2025","MOUNT COMPASS","ALEXANDRINA COUNCIL",2,1,0,0,1,2023,"May","Saturday","07:20 pm",80,"Unsealed","Dry","Not Raining","Night","Hit Fixed Object",1,,,1328364.35,1625181.9
"2023-41925-19/09/2025","VALE PARK","WALKERVILLE TOWN COUNCIL",2,1,0,0,1,2023,"May","Wednesday","03:30 pm",60,"Sealed","Dry","Not Raining","Daylight","Rear End",2,,,1331164.32,1674785.1
"2023-41936-19/09/2025","PASADENA","CC MITCHAM.",3,1,0,0,1,2023,"May","Thursday","07:33 am",60,"Sealed","Dry","Not Raining","Daylight","Right Turn",2,,,1327304.21,1662221.6
"2023-41940-19/09/2025","HAMPSTEAD GARDENS","CITY OF PORT ADELAIDE ENFIELD",2,1,0,0,1,2023,"May","Thursday","09:04 am",60,"Sealed","Dry","Not Raining","Daylight","Right Angle",2,,,1331880.31,1676426.7
"2023-41941-19/09/2025","GLYNDE","CC OF NORWOOD,PAYNEHAM & ST PETERS",2,1,0,0,1,2023,"May","Thursday","12:34 pm",60,"Sealed","Dry","Not Raining","Daylight","Hit Fixed Object",1,,,1333810.42,1673453.67
"2023-41944-19/09/2025","HILLIER","CT GAWLER.",3,1,0,0,1,2023,"May","Thursday","01:15 pm",90,"Sealed","Dry","Not Raining","Daylight","Right Angle",2,,,1336900.28,1702626.19
"2023-41945-19/09/2025","VISTA","CITY OF TEA TREE GULLY",2,1,0,0,1,2023,"May","Thursday","03:25 pm",80,"Sealed","Dry","Not Raining","Daylight","Hit Fixed Object",1,,,1340685.41,1680044.49
"2023-41949-19/09/2025","EDWARDSTOWN","CC MARION.",2,1,0,0,1,2023,"May","Thursday","04:40 pm",50,"Sealed","Dry","Not Raining","Daylight","Right Angle",1,,,1325689.36,1665269.62
"2023-41950-19/09/2025","BEDFORD PARK","CC MARION.",2,1,0,0,1,2023,"May","Thursday","03:00 pm",60,"Sealed","Dry","Not Raining","Daylight","Right Turn",2,,,1324436.91,1660361.97
"2023-41955-19/09/2025","WOODVILLE SOUTH","CITY OF CHARLES STURT",2,1,0,0,1,2023,"May","Thursday","05:45 pm",60,"Sealed","Dry","Not Raining","Night","Right Angle",2,,,1323024.53,1675577.53
"2023-41959-19/09/2025","PARALOWIE","CITY OF SALISBURY",2,1,0,0,1,2023,"May","Thursday","05:47 pm",50,"Sealed","Dry","Not Raining","Night","Right Angle",2,,,1330432.85,1689295.81
"2023-41962-19/09/2025","PAISLEY","LOXTON WAIKERIE DISTRICT COUNCIL",4,3,1,1,1,2023,"May","Thursday","05:35 pm",110,"Sealed","Dry","Not Raining","Night","Rear End",1,,,1425032.23,1733149.54
"2023-41964-19/09/2025","RENMARK NORTH","DC RENMARK PARINGA",2,1,1,0,0,2023,"May","Thursday","05:03 pm",80,"Sealed","Dry","Not Raining","Daylight","Rear End",1,,"Y",1526983.84,1748153.99
"2023-41967-19/09/2025","SEAFORD RISE","CITY OF ONKAPARINGA",2,1,0,0,1,2023,"May","Thursday","08:00 pm",60,"Sealed","Dry","Not Raining","Night","Rear End",1,"Y",,1316759.69,1641519.43
"2023-41968-19/09/2025","GLENELG","CITY OF HOLDFAST BAY",2,1,0,0,1,2023,"May","Friday","02:03 am",50,"Sealed","Dry","Not Raining","Night","Right Angle",2,,,1320301.15,1665294.06
"2023-41971-19/09/2025","WALKERVILLE","WALKERVILLE TOWN COUNCIL",2,1,0,0,1,2023,"May","Friday","07:06 am",60,"Sealed","Wet","Raining","Daylight","Right Turn",2,,,1329483.39,1674233.16
"2023-41972-19/09/2025","NORWOOD","CC OF NORWOOD,PAYNEHAM & ST PETERS",2,1,0,0,1,2023,"May","Friday","07:40 am",60,"Sealed","Wet","Raining","Daylight","Right Angle",1,,,1332249.24,1671422.17
"2023-41973-19/09/2025","ROYAL PARK","CITY OF CHARLES STURT",2,1,0,0,1,2023,"May","Friday","08:33 am",60,"Sealed","Wet","Raining","Daylight","Rear End",2,,,1320681.7,1677608.59
"2023-41979-19/09/2025","OAKBANK","THE ADELAIDE HILLS COUNCIL",2,1,0,0,1,2023,"May","Friday","08:52 am",80,"Sealed","Wet","Raining","Daylight","Head On",1,,,1351146.51,1662463.91
"2023-41982-19/09/2025","QUEENSTOWN","CITY OF PORT ADELAIDE ENFIELD",2,1,0,0,1,2023,"May","Friday","10:15 am",60,"Sealed","Dry","Not Raining","Daylight","Right Angle",1,,,1320501.37,1678834.96
"2023-41984-19/09/2025","MAGILL","CC CAMPBELLTOWN.",2,1,0,0,1,2023,"May","Friday","11:47 am",40,"Sealed","Dry","Not Raining","Daylight","Head On",2,,,1335208.8,1671841.41
"2023-41987-19/09/2025","PENFIELD","CITY OF PLAYFORD.",2,1,0,0,1,2023,"May","Friday","12:50 pm",80,"Sealed","Dry","Not Raining","Daylight","Rear End",2,,,1332785.33,1696728.11
"2023-41989-19/09/2025","BLACK FOREST","CITY OF UNLEY",2,1,0,0,1,2023,"May","Thursday","04:30 pm",40,"Sealed","Dry","Not Raining","Daylight","Right Angle",2,,,1326664.8,1667056.08
"2023-42003-19/09/2025","SURREY DOWNS","CITY OF TEA TREE GULLY",2,1,0,0,1,2023,"May","Friday","04:33 pm",60,"Sealed","Wet","Not Raining","Daylight","Rear End",2,,,1339393.38,1684778.25
"2023-42014-19/09/2025","SALISBURY PLAIN","CITY OF SALISBURY",2,1,0,1,0,2023,"May","Saturday","04:40 am",60,"Sealed","Wet","Raining","Night","Right Angle",2,,,1333807.7,1687916.19
"2023-42015-19/09/2025","POORAKA","CITY OF SALISBURY",2,1,0,0,1,2023,"May","Saturday","05:57 am",70,"Sealed","Wet","Raining","Night","Right Angle",1,,,1330162,1681412.83
"2023-42017-19/09/2025","MILE END SOUTH","CITY OF WEST TORRENS",2,1,0,0,1,2023,"May","Saturday","05:39 am",60,"Sealed","Unknown","Unknown","Night","Rear End",2,,,1325819.33,1670078.78
"2023-42018-19/09/2025","MCLAREN VALE","CITY OF ONKAPARINGA",2,1,0,0,1,2023,"May","Friday","08:00 pm",100,"Unsealed","Wet","Not Raining","Night","Hit Fixed Object",1,,,1323533.71,1636016.6
"2023-42019-19/09/2025","ALDINGA","CITY OF ONKAPARINGA",2,1,0,0,1,2023,"May","Friday","11:00 pm",60,"Sealed","Wet","Raining","Night","Hit Fixed Object",1,,,1316197.43,1631114.4
"2023-42020-19/09/2025","WOODSIDE","DC MT.BARKER.",3,1,0,0,1,2023,"May","Wednesday","08:00 pm",80,"Sealed","Dry","Not Raining","Night","Hit Fixed Object",1,,,1359310.78,1663154.8
"2023-42032-19/09/2025","WHYALLA JENKINS","CC WHYALLA.",2,1,0,0,1,2023,"May","Saturday","01:10 pm",80,"Unsealed","Wet","Raining","Daylight","Head On",2,,,1233868.67,1882794
"2023-42033-19/09/2025","PROSPECT","CITY OF PROSPECT",2,1,0,1,0,2023,"May","Saturday","01:26 pm",60,"Sealed","Dry","Not Raining","Daylight","Rear End",2,,,1328873.3,1676432.66
"2023-42035-19/09/2025","HAWTHORN","CC MITCHAM.",2,1,0,0,1,2023,"May","Saturday","01:47 pm",60,"Sealed","Dry","Not Raining","Daylight","Rear End",2,,,1328349.9,1666230.92
"2023-42036-19/09/2025","FULHAM GARDENS","CITY OF CHARLES STURT",2,1,0,0,1,2023,"May","Saturday","01:50 pm",60,"Sealed","Dry","Not Raining","Daylight","Right Angle",2,,,1320689.36,1671692.65
"2023-42038-19/09/2025","CLOVELLY PARK","CC MARION.",2,1,0,0,1,2023,"May","Saturday","02:25 pm",60,"Sealed","Dry","Not Raining","Daylight","Right Turn",1,,,1325958.85,1663138.19
"2023-42040-19/09/2025","HAPPY VALLEY","CITY OF ONKAPARINGA",2,1,0,0,1,2023,"May","Saturday","01:49 pm",50,"Sealed","Dry","Not Raining","Daylight","Hit Pedestrian",2,,,1325410.98,1652449.37
"2023-42043-19/09/2025","HIGHLAND VALLEY","ALEXANDRINA COUNCIL",2,1,0,0,1,2023,"May","Saturday","03:12 pm",100,"Sealed","Dry","Not Raining","Daylight","Hit Fixed Object",1,,,1358941.13,1641621.28
"2023-42045-19/09/2025","BARMERA","THE BERRI BARMERA COUNCIL",2,1,0,0,1,2023,"May","Saturday","07:30 am",50,"Sealed","Dry","Not Raining","Daylight","Hit Parked Vehicle",1,"Y","Y",1502585.36,1738070.8
"2023-42047-19/09/2025","PARALOWIE","CITY OF SALISBURY",2,1,0,0,1,2023,"May","Saturday","04:10 pm",50,"Sealed","Dry","Not Raining","Daylight","Right Turn",1,,,1329272.96,1688922.83
"2023-42049-19/09/2025","SMITHFIELD","CITY OF PLAYFORD.",2,1,0,0,1,2023,"May","Saturday","04:35 pm",80,"Sealed","Wet","Raining","Daylight","Right Turn",2,,,1337612.7,1696654.75
"2023-42051-19/09/2025","SALISBURY","CITY OF SALISBURY",3,1,0,0,1,2023,"May","Saturday","06:10 pm",60,"Sealed","Wet","Not Raining","Night","Side Swipe",2,,,1333563,1688826.8
"2023-42054-19/09/2025","PARAFIELD GARDENS","CITY OF SALISBURY",2,1,0,0,1,2023,"May","Saturday","09:30 pm",60,"Sealed","Wet","Not Raining","Night","Right Angle",1,,,1329779.29,1686588.74
"2023-42067-19/09/2025","PORT BROUGHTON","BARUNGA WEST DISTRICT COUNCIL",3,1,0,1,0,2023,"May","Saturday","04:00 pm",100,"Sealed","Dry","Not Raining","Daylight","Hit Fixed Object",1,"Y",,1270818,1816622.62
"2023-42073-19/09/2025","KURRALTA PARK","CITY OF WEST TORRENS",2,1,0,0,1,2023,"May","Tuesday","03:30 pm",60,"Sealed","Dry","Not Raining","Daylight","Rear End",2,,,1325778.61,1667717.09
"2023-42079-19/09/2025","SALISBURY PLAIN","CITY OF SALISBURY",3,1,0,0,1,2023,"May","Sunday","04:12 pm",80,"Sealed","Dry","Not Raining","Daylight","Hit Fixed Object",1,,"Y",1335384.37,1688038.52
"2023-42083-19/09/2025","MUNNO PARA","CITY OF PLAYFORD.",2,1,0,0,1,2023,"May","Sunday","04:55 pm",60,"Sealed","Dry","Not Raining","Daylight","Rear End",2,,,1338231.02,1697708.49
"2023-42084-19/09/2025","MOUNT GAMBIER","CC MT.GAMBIER.",2,1,0,0,1,2023,"May","Sunday","05:41 pm",50,"Sealed","Dry","Not Raining","Night","Right Angle",1,,,1510634.56,1339951.5
"2023-42088-19/09/2025","MOUNT GAMBIER","CC MT.GAMBIER.",1,1,0,1,0,2023,"May","Sunday","07:10 pm",50,"Sealed","Dry","Not Raining","Night","Roll Over",1,,,1509223.85,1342407.51
"2023-42090-19/09/2025","HINDMARSH","CITY OF CHARLES STURT",2,2,0,2,0,2023,"May","Sunday","08:20 pm",60,"Sealed","Dry","Not Raining","Night","Right Angle",2,,,1326056.45,1673028.42
"2023-42094-19/09/2025","STIRLING NORTH","CC PT.AUGUSTA.",2,1,0,1,0,2023,"May","Monday","05:35 am",80,"Sealed","Wet","Raining","Night","Right Angle",1,,,1263309.1,1939914.76
"2023-42100-19/09/2025","PORT WAKEFIELD","WAKEFIELD REGIONAL COUNCIL",2,2,0,2,0,2023,"May","Monday","05:00 am",60,"Sealed","Dry","Not Raining","Night","Side Swipe",1,,,1291417.42,1757168.17
"2023-42101-19/09/2025","WELLAND","CITY OF CHARLES STURT",2,1,0,1,0,2023,"May","Monday","09:17 am",40,"Sealed","Dry","Not Raining","Daylight","Hit Pedestrian",1,,,1324718.4,1673287.4
"2023-42104-19/09/2025","OLD NOARLUNGA","CITY OF ONKAPARINGA",4,1,0,0,1,2023,"May","Monday","10:15 am",60,"Sealed","Dry","Not Raining","Daylight","Rear End",1,,,1318007.28,1642059.97
"2023-42111-19/09/2025","SALISBURY","CITY OF SALISBURY",2,1,0,0,1,2023,"May","Thursday","11:20 am",60,"Sealed","Dry","Not Raining","Daylight","Rear End",2,,,1332790.83,1688499.52
"2023-42112-19/09/2025","JOSLIN","CC OF NORWOOD,PAYNEHAM & ST PETERS",2,1,0,0,1,2023,"May","Monday","02:47 pm",50,"Sealed","Dry","Not Raining","Daylight","Hit Fixed Object",1,,,1331413.69,1673221.87
"2023-42114-19/09/2025","STREAKY BAY","DC STREAKY BAY.",2,1,0,0,1,2023,"May","Saturday","01:15 pm",50,"Sealed","Dry","Not Raining","Daylight","Right Angle",1,,,926281.62,1911540.87
"2023-42115-19/09/2025","NOARLUNGA CENTRE","CITY OF ONKAPARINGA",2,2,0,0,2,2023,"May","Monday","03:46 pm",60,"Sealed","Dry","Not Raining","Daylight","Rear End",2,,,1318987.1,1647480.22
"2023-42116-19/09/2025","SALISBURY EAST","CITY OF SALISBURY",2,1,0,0,1,2023,"May","Monday","03:42 pm",50,"Sealed","Dry","Not Raining","Daylight","Hit Fixed Object",1,,,1333881.08,1685356.26
"2023-42119-19/09/2025","NORTON SUMMIT","THE ADELAIDE HILLS COUNCIL",2,3,0,1,2,2023,"May","Monday","04:03 pm",60,"Sealed","Dry","Not Raining","Daylight","Right Turn",2,,,1339894,1670605.51
"2023-42121-19/09/2025","GILLES PLAINS","CITY OF PORT ADELAIDE ENFIELD",2,1,0,0,1,2023,"May","Monday","04:10 pm",60,"Sealed","Dry","Not Raining","Daylight","Hit Pedestrian",2,,,1333626.35,1678273.45
"2023-42123-19/09/2025","GLENGOWRIE","CC MARION.",3,1,0,0,1,2023,"May","Monday","04:00 pm",60,"Sealed","Dry","Not Raining","Daylight","Rear End",1,,,1322646.81,1664995.34
"2023-42125-19/09/2025","EXETER","CITY OF PORT ADELAIDE ENFIELD",2,1,0,1,0,2023,"May","Monday","05:14 pm",50,"Sealed","Dry","Not Raining","Daylight","Right Angle",1,,,1318872.74,1680468.08
"2023-42127-19/09/2025","STURT","CC MARION.",2,1,0,0,1,2023,"May","Monday","07:19 pm",60,"Sealed","Dry","Not Raining","Night","Right Turn",2,,,1324428.84,1659884.95
"2023-42130-19/09/2025","SALISBURY EAST","CITY OF SALISBURY",2,1,0,0,1,2023,"May","Monday","09:56 pm",60,"Sealed","Dry","Not Raining","Night","Right Turn",1,,,1333289.2,1685362.95
"2023-42132-19/09/2025","O'HALLORAN HILL","CC MARION.",3,1,0,1,0,2023,"May","Tuesday","05:19 am",80,"Sealed","Dry","Not Raining","Night","Rear End",1,,,1323125.15,1656661.52
"2023-42133-19/09/2025","WOODVILLE GARDENS","CITY OF PORT ADELAIDE ENFIELD",2,1,0,0,1,2023,"May","Monday","12:53 pm",60,"Sealed","Dry","Not Raining","Daylight","Hit Parked Vehicle",1,,,1323969.01,1676841.14
"2023-42145-19/09/2025","GILBERTON","WALKERVILLE TOWN COUNCIL",2,1,0,0,1,2023,"May","Tuesday","03:13 pm",60,"Sealed","Dry","Not Raining","Daylight","Right Turn",2,,,1329707.81,1672509.77
"2023-42148-19/09/2025","ALDINGA","CITY OF ONKAPARINGA",2,3,0,0,3,2023,"May","Tuesday","04:35 pm",70,"Sealed","Dry","Not Raining","Daylight","Right Turn",2,,,1316061.41,1631986.32
"2023-42160-19/09/2025","MOUNT GAMBIER","CC MT.GAMBIER.",2,2,0,0,2,2023,"May","Tuesday","10:20 pm",60,"Sealed","Wet","Raining","Night","Right Angle",2,,,1510345.94,1340747.66
"2023-42163-19/09/2025","WYNN VALE","CITY OF TEA TREE GULLY",2,1,0,0,1,2023,"May","Wednesday","07:55 am",70,"Sealed","Dry","Not Raining","Daylight","Right Turn",2,,,1336816.75,1684469.13