"REPORT_ID","Suburb","LGA Name","Total Units","Total Cas","Total Fats","Total SI","Total MI","Year","Month","Day","Time","Area Speed","Road Surface","Moisture Cond","Weather Cond","DayNight","Crash Type","Unit Resp","DUI Involved","Drugs Involved","ACCLOC_X","ACCLOC_Y"
"2023-42167-19/09/2025","DAW PARK","CC MITCHAM.",2,1,0,0,1,2023,"May","Tuesday","09:30 am",60,"Sealed","Dry","Not Raining","Daylight","Right Turn",1,,,1327551.9,1664534.85
"2023-42174-19/09/2025","ANGLE VALE","CITY OF PLAYFORD.",3,1,0,0,1,2023,"May","Wednesday","10:14 am",60,"Sealed","Dry","Not Raining","Daylight","Right Angle",2,,,1333778.66,1701771.09
"2023-42175-19/09/2025","BOOBOROWIE","REGIONAL COUNCIL OF GOYDER",1,1,0,0,1,2023,"May","Wednesday","05:00 am",110,"Sealed","Dry","Not Raining","Night","Roll Over",1,,,1347771.09,1818784.91
"2023-42176-19/09/2025","GLENELG NORTH","CITY OF HOLDFAST BAY",1,1,0,0,1,2023,"May","Wednesday","11:17 am",60,"Sealed","Dry","Not Raining","Daylight","Roll Over",1,,,1321553.84,1665337.09
"2023-42179-19/09/2025","GLENELG NORTH","CITY OF WEST TORRENS",2,1,0,0,1,2023,"May","Wednesday","01:30 pm",60,"Sealed","Dry","Not Raining","Daylight","Hit Fixed Object",1,,,1320772.93,1666897.96
"2023-42180-19/09/2025","MAWSON LAKES","CITY OF SALISBURY",2,1,0,0,1,2023,"May","Wednesday","01:45 pm",50,"Sealed","Dry","Not Raining","Daylight","Right Turn",1,,,1330469.76,1683414.48
"2023-42184-19/09/2025","MODBURY","CITY OF TEA TREE GULLY",2,1,0,0,1,2023,"May","Wednesday","03:45 pm",60,"Sealed","Dry","Not Raining","Daylight","Hit Fixed Object",1,,"Y",1337907.57,1680656.73
"2023-42196-19/09/2025","BERRI","THE BERRI BARMERA COUNCIL",2,1,0,0,1,2023,"May","Wednesday","07:30 pm",50,"Sealed","Dry","Not Raining","Night","Hit Parked Vehicle",1,,,1515335.32,1734475.15
"2023-42202-19/09/2025","BEACHPORT","WATTLE RANGE COUNCIL",1,1,0,0,1,2023,"May","Wednesday","05:00 pm",100,"Unsealed","Dry","Not Raining","Daylight","Roll Over",1,,,1440111.36,1388621.89
"2023-42206-19/09/2025","MAWSON LAKES","CITY OF SALISBURY",3,1,0,0,1,2023,"May","Wednesday","03:50 pm",60,"Sealed","Dry","Not Raining","Daylight","Rear End",2,,,1330078.73,1684186
"2023-42215-19/09/2025","KARATTA","KANGAROO ISLAND COUNCIL",1,1,0,0,1,2023,"May","Wednesday","08:30 pm",100,"Sealed","Wet","Unknown","Night","Roll Over",1,,,1162654.78,1565140.9
"2023-42218-19/09/2025","ONKAPARINGA HILLS","CITY OF ONKAPARINGA",1,1,0,0,1,2023,"May","Thursday","12:16 pm",80,"Sealed","Wet","Raining","Daylight","Left Road - Out of Control",1,,"Y",1325213.62,1649838.92
"2023-42219-19/09/2025","WOODVILLE PARK","CITY OF CHARLES STURT",4,1,0,0,1,2023,"May","Thursday","01:06 pm",60,"Sealed","Wet","Raining","Daylight","Right Angle",1,,,1323639.76,1675115.69
"2023-42222-19/09/2025","NORWOOD","CC OF NORWOOD,PAYNEHAM & ST PETERS",2,1,0,0,1,2023,"May","Thursday","02:15 pm",50,"Sealed","Wet","Raining","Daylight","Rear End",2,,,1332053.22,1671073.73
"2023-42225-19/09/2025","TWO WELLS","DC MALLALA.",2,1,0,0,1,2023,"May","Thursday","10:30 am",110,"Sealed","Wet","Raining","Daylight","Hit Fixed Object",1,,,1319688.73,1709531.13
"2023-42228-19/09/2025","PENFIELD","CITY OF PLAYFORD.",3,1,0,0,1,2023,"May","Thursday","03:42 pm",80,"Sealed","Wet","Raining","Daylight","Right Angle",1,,,1333441.32,1696359.08
"2023-42233-19/09/2025","PENFIELD","CITY OF PLAYFORD.",2,2,0,0,2,2023,"May","Thursday","05:30 pm",80,"Sealed","Wet","Raining","Night","Rear End",2,,,1331401.54,1697660.52
"2023-42235-19/09/2025","PARKSIDE","CITY OF UNLEY",2,1,0,0,1,2023,"May","Thursday","06:30 pm",60,"Sealed","Wet","Raining","Night","Right Angle",1,,,1329061.67,1668760.61
"2023-42237-19/09/2025","MAWSON LAKES","CITY OF SALISBURY",3,1,0,0,1,2023,"May","Thursday","06:33 pm",50,"Sealed","Wet","Raining","Night","Right Angle",2,,,1330488.31,1683780.93
"2023-42238-19/09/2025","ENFIELD","CITY OF PORT ADELAIDE ENFIELD",2,1,0,1,0,2023,"May","Thursday","06:45 pm",60,"Sealed","Wet","Raining","Night","Hit Pedestrian",2,"Y",,1328821.9,1678187.06
"2023-42240-19/09/2025","ENFIELD","CITY OF PORT ADELAIDE ENFIELD",3,1,0,0,1,2023,"May","Thursday","06:33 pm",60,"Sealed","Wet","Raining","Night","Right Turn",1,,,1329039.94,1679271.97
"2023-42244-19/09/2025","ULEYBURY","CITY OF PLAYFORD.",2,1,1,0,0,2023,"May","Thursday","09:56 pm",100,"Sealed","Wet","Unknown","Night","Hit Fixed Object",1,,,1343670.19,1695653.84
"2023-42248-19/09/2025","RIVERTON","CLARE AND GILBERT VALLEYS DISTRICT COUNCIL",2,1,0,1,0,2023,"May","Friday","01:15 am",100,"Sealed","Unknown","Unknown","Night","Hit Fixed Object",1,"Y",,1344449.72,1751794.31
"2023-42250-19/09/2025","ELIZABETH PARK","CITY OF PLAYFORD.",4,1,0,0,1,2023,"May","Friday","07:06 am",80,"Sealed","Wet","Raining","Night","Rear End",1,,,1336610.58,1694818
"2023-42252-19/09/2025","NEWTON","CC CAMPBELLTOWN.",2,1,0,0,1,2023,"May","Friday","07:50 am",60,"Sealed","Dry","Not Raining","Daylight","Right Turn",1,,,1335409.35,1674554.22
"2023-42256-19/09/2025","SMITHFIELD","CITY OF PLAYFORD.",2,2,0,0,2,2023,"May","Thursday","07:10 pm",80,"Sealed","Wet","Not Raining","Night","Rear End",2,,,1337612.7,1696654.75
"2023-42258-19/09/2025","PLYMPTON","CITY OF WEST TORRENS",2,1,0,0,1,2023,"May","Sunday","11:47 am",60,"Sealed","Dry","Not Raining","Daylight","Rear End",2,,,1324227.3,1666580.54
"2023-42259-19/09/2025","MOUNT BARKER","DC MT.BARKER.",2,1,0,0,1,2023,"May","Friday","09:30 am",60,"Sealed","Dry","Not Raining","Daylight","Rear End",2,"Y",,1352324.66,1652641.06
"2023-42265-19/09/2025","CHELTENHAM","CITY OF CHARLES STURT",2,1,0,0,1,2023,"May","Friday","10:20 am",60,"Sealed","Unknown","Unknown","Daylight","Right Angle",2,,,1322282.82,1677760.1
"2023-42267-19/09/2025","NOARLUNGA CENTRE","CITY OF ONKAPARINGA",2,1,0,1,0,2023,"May","Friday","12:11 pm",60,"Sealed","Dry","Not Raining","Daylight","Hit Pedestrian",1,,,1317447.33,1647428.52
"2023-42269-19/09/2025","MOUNT WILLOUGHBY",,1,2,2,0,0,2023,"May","Friday","11:03 am",110,"Sealed","Dry","Not Raining","Daylight","Roll Over",1,,,919181.84,2403633.85
"2023-42270-19/09/2025","HOPE VALLEY","CITY OF TEA TREE GULLY",2,1,0,0,1,2023,"May","Friday","12:27 pm",60,"Sealed","Wet","Unknown","Daylight","Right Angle",2,,"Y",1337090.87,1679467.4
"2023-42272-19/09/2025","HACKHAM WEST","CITY OF ONKAPARINGA",2,1,0,0,1,2023,"May","Friday","02:09 pm",60,"Sealed","Dry","Not Raining","Daylight","Right Angle",1,,,1319210.07,1647487.7
"2023-42273-19/09/2025","PENWORTHAM","CLARE AND GILBERT VALLEYS DISTRICT COUNCIL",3,2,0,2,0,2023,"May","Friday","05:45 am",100,"Sealed","Wet","Not Raining","Night","Hit Fixed Object",1,,,1335785.72,1780800.74
"2023-42276-19/09/2025","SALISBURY PLAIN","CITY OF SALISBURY",3,1,0,0,1,2023,"May","Friday","03:40 pm",80,"Sealed","Dry","Not Raining","Daylight","Rear End",1,,,1335448.86,1688120.42
"2023-42281-19/09/2025","KILBURN","CITY OF PORT ADELAIDE ENFIELD",2,1,0,0,1,2023,"May","Friday","03:40 pm",60,"Sealed","Dry","Not Raining","Daylight","Rear End",2,,,1327197.2,1677846.38
"2023-42284-19/09/2025","MUNNO PARA WEST","CITY OF PLAYFORD.",2,6,0,0,6,2023,"May","Friday","04:56 pm",60,"Sealed","Dry","Not Raining","Daylight","Rear End",2,,,1335569.24,1699170.48
"2023-42285-19/09/2025","POORAKA","CITY OF SALISBURY",3,1,0,0,1,2023,"May","Friday","05:10 pm",70,"Sealed","Wet","Not Raining","Daylight","Rear End",1,,,1330475.28,1681830.96
"2023-42286-19/09/2025","MODBURY","CITY OF TEA TREE GULLY",2,1,0,0,1,2023,"May","Friday","06:00 pm",60,"Sealed","Wet","Unknown","Night","Right Turn",2,,,1337056.82,1680951.37
"2023-42287-19/09/2025","MODBURY HEIGHTS","CITY OF TEA TREE GULLY",2,1,0,0,1,2023,"May","Friday","06:10 pm",60,"Sealed","Wet","Raining","Night","Right Angle",1,,,1338014.78,1683502.09
"2023-42291-19/09/2025","KI KI","COORONG DISTRICT COUNCIL",5,2,1,1,0,2023,"May","Friday","06:43 pm",110,"Sealed","Wet","Unknown","Night","Head On",1,,,1432598.63,1598367.5
"2023-42296-19/09/2025","LINDON",,1,1,0,1,0,2023,"May","Friday","05:02 pm",100,"Unsealed","Dry","Not Raining","Daylight","Roll Over",1,,,1497715.59,2314983.85
"2023-42297-19/09/2025","NAIRNE","DC MT.BARKER.",2,1,0,0,1,2023,"May","Saturday","12:58 am",110,"Sealed","Wet","Raining","Night","Hit Fixed Object",1,,,1355848.27,1655243.33
"2023-42298-19/09/2025","CHANDLERS HILL","CITY OF ONKAPARINGA",2,1,0,0,1,2023,"May","Saturday","02:30 am",80,"Sealed","Wet","Raining","Night","Hit Fixed Object",1,,,1328031.29,1651069.97
"2023-42299-19/09/2025","CULTANA","CC WHYALLA.",1,1,0,1,0,2023,"May","Saturday","05:00 am",110,"Sealed","Dry","Not Raining","Night","Roll Over",1,"Y",,1246340.57,1895861.32
"2023-42305-19/09/2025","KANGARILLA","CITY OF ONKAPARINGA",2,1,0,1,0,2023,"May","Saturday","09:42 am",80,"Sealed","Wet","Raining","Daylight","Head On",1,,,1328548.09,1646159.51
"2023-42306-19/09/2025","STIRLING","THE ADELAIDE HILLS COUNCIL",5,1,0,0,1,2023,"May","Friday","03:36 pm",100,"Sealed","Wet","Raining","Daylight","Side Swipe",1,,,1338775.51,1661887.11
"2023-42309-19/09/2025","STURT","CC MARION.",4,1,0,0,1,2023,"May","Friday","05:30 pm",60,"Sealed","Wet","Raining","Night","Rear End",1,,,1323864.8,1660654.26
"2023-42314-19/09/2025","HAMPSTEAD GARDENS","CITY OF PORT ADELAIDE ENFIELD",2,1,0,0,1,2023,"May","Saturday","02:38 pm",60,"Sealed","Dry","Not Raining","Daylight","Right Angle",2,,,1331959.97,1676607.05
"2023-42315-19/09/2025","PORT WAKEFIELD","WAKEFIELD REGIONAL COUNCIL",3,2,0,1,1,2023,"May","Saturday","01:50 pm",110,"Sealed","Dry","Not Raining","Daylight","Rear End",1,,,1292614.4,1759790.6
"2023-42316-19/09/2025","ELIZABETH","CITY OF PLAYFORD.",2,1,0,0,1,2023,"May","Saturday","01:00 pm",60,"Sealed","Wet","Not Raining","Daylight","Right Angle",2,,,1335617.08,1693130.61
"2023-42321-19/09/2025","ATHELSTONE","CC CAMPBELLTOWN.",2,1,0,0,1,2023,"May","Saturday","03:00 pm",60,"Sealed","Wet","Raining","Daylight","Hit Fixed Object",1,,,1337007.56,1675722.14
"2023-42324-19/09/2025","YORKETOWN","YORKE PENINSULA COUNCIL",1,2,0,0,2,2023,"May","Friday","12:00 pm",100,"Sealed","Wet","Unknown","Daylight","Roll Over",1,,,1228177.11,1662520.28
"2023-42326-19/09/2025","MAWSON LAKES","CITY OF SALISBURY",2,1,0,1,0,2023,"May","Saturday","08:22 pm",80,"Sealed","Wet","Raining","Night","Right Turn",1,,,1328697.75,1683414.9
"2023-42327-19/09/2025","BLINMAN",,2,1,0,1,0,2023,"May","Tuesday","12:53 pm",90,"Sealed","Dry","Not Raining","Daylight","Hit Animal",2,,,1350208.35,2093868.11
"2023-42328-19/09/2025","WUDINNA","DC WUDINNA. (DC LE HUNTE.)",2,1,1,0,0,2023,"May","Saturday","07:45 pm",80,"Sealed","Wet","Raining","Night","Hit Pedestrian",1,,,1043880.25,1882777.2
"2023-42334-19/09/2025","PORT PIRIE","PT.PIRIE CITY & DIST. COUNCIL",2,1,0,0,1,2023,"May","Sunday","01:00 am",50,"Sealed","Dry","Not Raining","Night","Hit Fixed Object",1,"Y",,1280200.36,1864758.98
"2023-42337-19/09/2025","GLYNDE","CC OF NORWOOD,PAYNEHAM & ST PETERS",2,1,0,0,1,2023,"May","Saturday","11:40 pm",60,"Sealed","Wet","Not Raining","Night","Rear End",2,,,1333546.21,1674419.27
"2023-42342-19/09/2025","MURRAY BRIDGE","RC MURRAY BRIDGE.",2,2,0,0,2,2023,"May","Sunday","10:35 am",50,"Sealed","Wet","Raining","Daylight","Right Angle",1,,,1389306.87,1646035.96
"2023-42344-19/09/2025","GREEN HILLS RANGE","DC MT.BARKER.",2,1,0,0,1,2023,"May","Sunday","10:30 am",80,"Sealed","Wet","Raining","Daylight","Roll Over",1,,,1346557.78,1642866.45
"2023-42350-19/09/2025","TEA TREE GULLY","CITY OF TEA TREE GULLY",2,1,0,0,1,2023,"May","Sunday","04:11 pm",80,"Sealed","Wet","Raining","Daylight","Right Turn",2,,,1341690.29,1681475.66
"2023-42351-19/09/2025","LEAWOOD GARDENS","CITY OF BURNSIDE",7,2,0,0,2,2023,"May","Sunday","04:36 pm",90,"Sealed","Wet","Raining","Daylight","Hit Fixed Object",1,,,1335335.28,1665051.81
"2023-42353-19/09/2025","CRAFERS WEST","THE ADELAIDE HILLS COUNCIL",2,1,0,0,1,2023,"May","Sunday","07:15 pm",90,"Sealed","Wet","Raining","Night","Hit Parked Vehicle",2,,,1336911.1,1663294.77
"2023-42354-19/09/2025","DAVOREN PARK","CITY OF PLAYFORD.",3,1,0,0,1,2023,"May","Sunday","06:53 pm",60,"Unsealed","Dry","Not Raining","Night","Hit Parked Vehicle",1,,,1335501.21,1696204.94
"2023-42357-19/09/2025","ANGLE VALE","CITY OF PLAYFORD.",2,1,0,0,1,2023,"May","Sunday","08:45 pm",50,"Sealed","Wet","Raining","Night","Hit Pedestrian",2,,,1334239,1702404.94
"2023-42359-19/09/2025","WEST LAKES","CITY OF CHARLES STURT",1,1,0,1,0,2023,"May","Monday","01:21 am",60,"Sealed","Wet","Not Raining","Night","Roll Over",1,,,1319304.97,1676133.97
"2023-42361-19/09/2025","WOODCROFT","CITY OF ONKAPARINGA",2,1,0,0,1,2023,"May","Monday","06:40 am",50,"Sealed","Wet","Not Raining","Night","Hit Fixed Object",1,,,1325348.07,1652305.43
"2023-42363-19/09/2025","KESWICK","CITY OF WEST TORRENS",2,1,0,0,1,2023,"May","Monday","08:08 am",60,"Sealed","Wet","Raining","Daylight","Right Turn",1,,,1326559.92,1668496.69
"2023-42365-19/09/2025","BOWDEN","CITY OF CHARLES STURT",1,1,0,0,1,2023,"May","Monday","08:05 am",50,"Sealed","Wet","Raining","Daylight","Roll Over",1,,,1326602.44,1673142.75
"2023-42369-19/09/2025","SALISBURY DOWNS","CITY OF SALISBURY",2,1,0,0,1,2023,"May","Sunday","02:20 pm",70,"Sealed","Wet","Not Raining","Daylight","Rear End",2,,,1331812.71,1686530.22
"2023-42371-19/09/2025","HIGHLAND VALLEY","ALEXANDRINA COUNCIL",2,1,0,0,1,2023,"May","Monday","10:20 am",100,"Sealed","Wet","Raining","Daylight","Hit Fixed Object",1,,,1358298.4,1644726.91
"2023-42378-19/09/2025","CLELAND","THE ADELAIDE HILLS COUNCIL",2,1,0,0,1,2023,"May","Sunday","05:00 pm",60,"Sealed","Wet","Raining","Daylight","Side Swipe",1,,,1336901.08,1663397.09
"2023-42379-19/09/2025","SALISBURY NORTH","CITY OF SALISBURY",2,2,0,0,2,2023,"May","Monday","02:00 pm",60,"Sealed","Wet","Not Raining","Daylight","Rear End",2,,,1331977.75,1689382.42
"2023-42385-19/09/2025","PAYNEHAM","CC OF NORWOOD,PAYNEHAM & ST PETERS",2,1,0,0,1,2023,"May","Monday","03:00 pm",60,"Sealed","Wet","Raining","Daylight","Right Turn",1,,,1332710.4,1674035.96
"2023-42388-19/09/2025","NEW PORT","CITY OF PORT ADELAIDE ENFIELD",4,1,0,0,1,2023,"May","Monday","03:30 pm",60,"Sealed","Wet","Raining","Daylight","Hit Fixed Object",1,,,1319183.3,1679164.13
"2023-42390-19/09/2025","MCLAREN VALE","CITY OF ONKAPARINGA",2,1,0,0,1,2023,"May","Monday","02:20 pm",50,"Sealed","Dry","Not Raining","Daylight","Right Angle",2,,,1321231.56,1639308.67
"2023-42397-19/09/2025","LINCOLN GAP","CC PT.AUGUSTA.",2,1,0,0,1,2023,"May","Monday","05:44 pm",110,"Sealed","Dry","Not Raining","Night","Hit Fixed Object",1,,,1253814.37,1947542.4
"2023-42402-19/09/2025","FLINDERS PARK","CITY OF CHARLES STURT",2,1,0,1,0,2023,"May","Tuesday","01:30 am",60,"Sealed","Wet","Raining","Night","Hit Parked Vehicle",1,,,1323979.44,1672725.24
"2023-42413-19/09/2025","LINDEN PARK","CITY OF BURNSIDE",2,1,0,0,1,2023,"May","Tuesday","08:45 am",60,"Sealed","Wet","Not Raining","Daylight","Rear End",2,,,1332341.91,1668370.29
"2023-42415-19/09/2025","GOLDEN GROVE","CITY OF TEA TREE GULLY",2,1,0,0,1,2023,"May","Tuesday","10:10 am",60,"Sealed","Wet","Not Raining","Daylight","Rear End",1,,,1337889.71,1685361.47
"2023-42419-19/09/2025","CHERRY GARDENS","CITY OF ONKAPARINGA",2,1,0,0,1,2023,"May","Tuesday","10:55 am",100,"Unsealed","Wet","Raining","Daylight","Hit Animal",1,,,1335557.56,1653469.66
"2023-42422-19/09/2025","BALHANNAH","THE ADELAIDE HILLS COUNCIL",2,1,0,0,1,2023,"May","Tuesday","08:45 am",50,"Sealed","Wet","Raining","Daylight","Right Angle",2,,,1349072.48,1662422.85
"2023-42439-19/09/2025","KENSINGTON","CC OF NORWOOD,PAYNEHAM & ST PETERS",2,1,0,0,1,2023,"May","Tuesday","04:57 pm",60,"Sealed","Dry","Not Raining","Daylight","Right Angle",2,,,1332511.9,1671079.91
"2023-42440-19/09/2025","BROOKLYN PARK","CITY OF WEST TORRENS",2,1,0,0,1,2023,"May","Wednesday","08:00 am",60,"Sealed","Dry","Not Raining","Daylight","Right Angle",2,,,1323133.56,1670095.46
"2023-42442-19/09/2025","CROYDON","CITY OF CHARLES STURT",3,1,0,0,1,2023,"May","Tuesday","06:00 pm",80,"Sealed","Dry","Not Raining","Night","Rear End",2,,,1325715.37,1674298.71
"2023-42443-19/09/2025","KIDMAN PARK","CITY OF CHARLES STURT",2,1,0,1,0,2023,"May","Tuesday","06:20 pm",60,"Sealed","Dry","Not Raining","Night","Right Turn",1,,,1322420.13,1673116.28
"2023-42449-19/09/2025","RIDLEYTON","CITY OF CHARLES STURT",3,3,0,3,0,2023,"May","Tuesday","06:30 pm",60,"Sealed","Wet","Raining","Night","Right Angle",1,,,1326317.87,1674576.99
"2023-42450-19/09/2025","SALISBURY","CITY OF SALISBURY",2,1,0,0,1,2023,"May","Tuesday","09:00 pm",60,"Sealed","Dry","Not Raining","Night","Right Angle",1,,,1332728.57,1688571.7
"2023-42454-19/09/2025","MILLBROOK","THE ADELAIDE HILLS COUNCIL",3,1,0,0,1,2023,"May","Tuesday","04:30 pm",80,"Sealed","Wet","Raining","Daylight","Hit Fixed Object",1,,,1348340.49,1682234.49
"2023-42455-19/09/2025","ELIZABETH VALE","CITY OF PLAYFORD.",3,1,0,0,1,2023,"May","Tuesday","03:00 pm",60,"Sealed","Wet","Raining","Daylight","Rear End",2,,,1335145.11,1690022.97
"2023-42460-19/09/2025","WATTLE RANGE","WATTLE RANGE COUNCIL",2,1,0,1,0,2023,"May","Wednesday","07:45 am",110,"Sealed","Wet","Raining","Daylight","Hit Fixed Object",1,,,1495419.61,1380910.43
"2023-42464-19/09/2025","TWO WELLS","DC MALLALA.",2,1,0,0,1,2023,"May","Wednesday","11:15 am",110,"Sealed","Dry","Not Raining","Daylight","Right Angle",1,,,1321989.46,1706605.39
"2023-42465-19/09/2025","KILKENNY","CITY OF CHARLES STURT",2,1,0,0,1,2023,"May","Wednesday","12:10 pm",60,"Sealed","Dry","Not Raining","Daylight","Hit Pedestrian",2,,,1324444.05,1676060.5
"2023-42466-19/09/2025","MITCHELL PARK","CC MARION.",3,1,0,0,1,2023,"May","Wednesday","12:49 pm",60,"Sealed","Dry","Not Raining","Daylight","Rear End",2,,,1324380.03,1661734.89
"2023-42468-19/09/2025","MAITLAND","YORKE PENINSULA COUNCIL",3,1,0,0,1,2023,"May","Wednesday","03:15 am",100,"Sealed","Dry","Not Raining","Night","Hit Fixed Object",1,,,1255634.49,1739242.87
"2023-42471-19/09/2025","ROSSLYN PARK","CITY OF BURNSIDE",2,1,0,1,0,2023,"May","Wednesday","04:08 pm",60,"Sealed","Dry","Not Raining","Daylight","Right Angle",1,,,1335514.58,1670588.35
"2023-42474-19/09/2025","MODBURY","CITY OF TEA TREE GULLY",2,1,0,0,1,2023,"May","Wednesday","05:21 pm",60,"Sealed","Dry","Not Raining","Night","Right Angle",1,,,1337037.87,1680631.92
"2023-42481-19/09/2025","KUDLA","CT GAWLER.",2,1,0,0,1,2023,"May","Wednesday","08:41 pm",80,"Unsealed","Dry","Not Raining","Night","Rear End",1,,,1338772.89,1702376.31
"2023-42484-19/09/2025","ELIZABETH DOWNS","CITY OF PLAYFORD.",6,1,0,1,0,2023,"May","Wednesday","09:42 pm",80,"Sealed","Dry","Not Raining","Night","Hit Fixed Object",1,,"Y",1337257.69,1695965.23
"2023-42490-19/09/2025","GEPPS CROSS","CITY OF PORT ADELAIDE ENFIELD",2,1,0,0,1,2023,"June","Thursday","07:19 am",60,"Sealed","Dry","Not Raining","Daylight","Rear End",2,,,1330377.19,1679303.05
"2023-42492-19/09/2025","MANSFIELD PARK","CITY OF PORT ADELAIDE ENFIELD",2,1,0,0,1,2023,"May","Wednesday","06:30 pm",60,"Sealed","Dry","Not Raining","Night","Right Angle",2,,,1324451.01,1679166.46
"2023-42493-19/09/2025","HILLIER","CITY OF PLAYFORD.",2,1,0,0,1,2023,"June","Thursday","08:14 am",60,"Sealed","Dry","Not Raining","Daylight","Rear End",2,,,1336307.01,1702528.34
"2023-42495-19/09/2025","URRBRAE","CC MITCHAM.",2,1,0,0,1,2023,"March","Monday","12:00 pm",60,"Sealed","Dry","Not Raining","Daylight","Rear End",2,,,1332373.16,1666370.92
"2023-42498-19/09/2025","ROYSTON PARK","CC OF NORWOOD,PAYNEHAM & ST PETERS",3,1,0,0,1,2023,"June","Thursday","08:10 am",50,"Sealed","Dry","Not Raining","Daylight","Right Angle",2,,,1331404.99,1673531.39
"2023-42511-19/09/2025","REYNELLA","CITY OF ONKAPARINGA",2,1,0,0,1,2023,"June","Thursday","04:37 pm",60,"Sealed","Dry","Not Raining","Daylight","Rear End",2,,,1321693.92,1651587.87
"2023-42513-19/09/2025","SMITHFIELD","CITY OF PLAYFORD.",2,1,0,0,1,2023,"June","Thursday","04:00 pm",80,"Sealed","Dry","Not Raining","Daylight","Right Angle",1,,"Y",1337446.36,1696361.03
"2023-42520-19/09/2025","PENRICE","THE BAROSSA COUNCIL.",3,1,0,1,0,2023,"June","Thursday","06:50 pm",60,"Sealed","Dry","Not Raining","Night","Hit Fixed Object",1,"Y",,1370422.63,1718480.13
"2023-42522-19/09/2025","TEA TREE GULLY","CITY OF TEA TREE GULLY",1,1,0,0,1,2023,"June","Thursday","09:17 pm",50,"Sealed","Dry","Not Raining","Night","Roll Over",1,,,1340582.45,1682173.08
"2023-42523-19/09/2025","MOUNT GAMBIER","CC MT.GAMBIER.",2,1,0,0,1,2023,"June","Thursday","05:15 pm",50,"Sealed","Dry","Not Raining","Night","Rear End",1,,,1510000.38,1341417.2
"2023-42526-19/09/2025","WANDILO","DISTRICT COUNCIL OF GRANT",2,1,0,0,1,2023,"June","Thursday","11:30 pm",100,"Unsealed","Dry","Not Raining","Night","Hit Fixed Object",1,,,1508272.12,1349066.72
"2023-42528-19/09/2025","MEADOWS","DC MT.BARKER.",3,1,1,0,0,2023,"June","Friday","12:30 am",50,"Sealed","Dry","Not Raining","Night","Hit Fixed Object",1,"Y",,1341585.42,1641762.6
"2023-42534-19/09/2025","NORWOOD","CC OF NORWOOD,PAYNEHAM & ST PETERS",2,1,0,0,1,2023,"June","Thursday","08:30 am",60,"Sealed","Dry","Not Raining","Daylight","Rear End",2,,,1330623.32,1670361.88
"2023-42537-19/09/2025","SMITHFIELD PLAINS","CITY OF PLAYFORD.",2,1,0,0,1,2023,"June","Friday","10:18 am",50,"Sealed","Wet","Raining","Daylight","Hit Parked Vehicle",1,,,1336859.79,1697904.78
"2023-42538-19/09/2025","CAMDEN PARK","CITY OF WEST TORRENS",2,1,0,0,1,2023,"June","Friday","10:25 am",60,"Sealed","Dry","Not Raining","Daylight","Side Swipe",2,,,1323009.44,1665664.28
"2023-42540-19/09/2025","WEST LAKES","CITY OF CHARLES STURT",2,1,0,0,1,2023,"June","Friday","10:40 am",60,"Sealed","Dry","Not Raining","Daylight","Rear End",1,,,1319345.38,1676102.86
"2023-42546-19/09/2025","CHRISTIE DOWNS","CITY OF ONKAPARINGA",1,1,0,0,1,2023,"June","Friday","01:05 pm",60,"Sealed","Dry","Not Raining","Daylight","Roll Over",1,,,1317616.78,1647436.1
"2023-42548-19/09/2025","LARGS NORTH","CITY OF PORT ADELAIDE ENFIELD",2,1,0,1,0,2023,"June","Friday","02:40 pm",50,"Sealed","Dry","Not Raining","Daylight","Hit Pedestrian",2,,,1319424.47,1682732.92
"2023-42551-19/09/2025","KESWICK","CITY OF WEST TORRENS",2,1,0,0,1,2023,"June","Friday","03:00 pm",60,"Sealed","Dry","Not Raining","Daylight","Right Turn",1,,,1326549.19,1668970.9
"2023-42555-19/09/2025","KILBURN","CITY OF PORT ADELAIDE ENFIELD",3,3,0,0,3,2023,"June","Friday","04:25 pm",60,"Sealed","Dry","Not Raining","Daylight","Right Turn",1,,,1327206.14,1677437.48
"2023-42557-19/09/2025","KINGSWOOD","CC MITCHAM.",2,1,0,0,1,2023,"June","Friday","05:21 pm",60,"Sealed","Dry","Not Raining","Night","Side Swipe",2,,,1329145.76,1665880.54
"2023-42558-19/09/2025","NORWOOD","CC OF NORWOOD,PAYNEHAM & ST PETERS",2,1,0,0,1,2023,"June","Friday","05:25 pm",50,"Sealed","Dry","Not Raining","Night","Right Angle",2,,,1331864.56,1670732.76
"2023-42564-19/09/2025","ROXBY DOWNS","MC ROXBY DOWNS",1,1,0,1,0,2023,"June","Friday","06:10 pm",110,"Sealed","Dry","Not Raining","Night","Roll Over",1,,,1181185.86,2160876.84
"2023-42567-19/09/2025","ATHELSTONE","CC CAMPBELLTOWN.",3,1,0,1,0,2023,"June","Friday","06:47 pm",60,"Sealed","Dry","Not Raining","Night","Rear End",1,,,1337024.37,1675097.22
"2023-42569-19/09/2025","NORTH ADELAIDE","CITY OF ADELAIDE",2,1,0,0,1,2023,"June","Friday","07:30 pm",50,"Sealed","Dry","Not Raining","Night","Right Turn",2,,,1328121.77,1673175.51
"2023-42575-19/09/2025","MOUNT BARKER","DC MT.BARKER.",2,1,0,1,0,2023,"June","Saturday","02:05 am",60,"Sealed","Dry","Not Raining","Night","Hit Fixed Object",1,"Y",,1354629.07,1655448.64
"2023-42577-19/09/2025","ST AGNES","CITY OF TEA TREE GULLY",1,1,0,0,1,2023,"June","Saturday","04:20 am",50,"Sealed","Dry","Not Raining","Night","Left Road - Out of Control",1,,,1339147.87,1681292.11
"2023-42578-19/09/2025","ULEYBURY","CITY OF PLAYFORD.",3,1,0,0,1,2023,"June","Saturday","06:30 am",80,"Sealed","Dry","Not Raining","Night","Hit Fixed Object",1,,,1342473.43,1697636.44