"REPORT_ID","Suburb","LGA Name","Total Units","Total Cas","Total Fats","Total SI","Total MI","Year","Month","Day","Time","Area Speed","Road Surface","Moisture Cond","Weather Cond","DayNight","Crash Type","Unit Resp","DUI Involved","Drugs Involved","ACCLOC_X","ACCLOC_Y"
"2023-42580-19/09/2025","PAYNEHAM SOUTH","CC OF NORWOOD,PAYNEHAM & ST PETERS",2,1,0,0,1,2023,"June","Friday","01:45 pm",50,"Sealed","Dry","Not Raining","Daylight","Side Swipe",2,,,1332738.89,1673144.97
"2023-42581-19/09/2025","HINDMARSH","CITY OF CHARLES STURT",2,1,0,0,1,2023,"June","Saturday","09:30 am",60,"Sealed","Dry","Not Raining","Daylight","Right Angle",1,,,1325539.86,1673426
"2023-42582-19/09/2025","KENT TOWN","CC OF NORWOOD,PAYNEHAM & ST PETERS",2,1,0,0,1,2023,"June","Saturday","09:38 am",60,"Sealed","Dry","Not Raining","Daylight","Rear End",2,,,1330630.3,1670975.89
"2023-42587-19/09/2025","CAROLINE","DISTRICT COUNCIL OF GRANT",1,1,0,0,1,2023,"April","Saturday","11:30 pm",100,"Unsealed","Dry","Not Raining","Night","Roll Over",1,,,1522072.37,1331920.27
"2023-42592-19/09/2025","WALLAROO","COPPER COAST DISTRICT COUNCIL",3,1,0,1,0,2023,"May","Thursday","03:15 pm",50,"Sealed","Dry","Not Raining","Daylight","Hit Pedestrian",1,,,1243079.07,1783987.97
"2023-42595-19/09/2025","PLYMPTON","CITY OF WEST TORRENS",2,3,0,1,2,2023,"June","Saturday","12:45 pm",60,"Sealed","Dry","Not Raining","Daylight","Hit Parked Vehicle",1,,,1324884.55,1667042.16
"2023-42599-19/09/2025","WEST BEACH","CITY OF WEST TORRENS",2,1,0,0,1,2023,"June","Saturday","01:20 pm",80,"Sealed","Dry","Not Raining","Daylight","Right Turn",2,,,1320945.8,1668241.08
"2023-42600-19/09/2025","BOSTON","DC LOWER EYRE PENINSULA",1,1,0,0,1,2023,"June","Saturday","11:30 am",60,"Sealed","Dry","Not Raining","Daylight","Left Road - Out of Control",1,,,1075791.93,1703339.79
"2023-42605-19/09/2025","WOODCROFT","CITY OF ONKAPARINGA",1,1,0,1,0,2023,"June","Saturday","05:02 pm",80,"Sealed","Dry","Not Raining","Daylight","Roll Over",1,,,1323052.63,1651081.83
"2023-42606-19/09/2025","FIRLE","CC OF NORWOOD,PAYNEHAM & ST PETERS",2,1,0,0,1,2023,"June","Saturday","05:00 pm",60,"Sealed","Dry","Not Raining","Daylight","Right Turn",1,,,1333828.96,1672697.56
"2023-42608-19/09/2025","STIRLING","THE ADELAIDE HILLS COUNCIL",2,1,0,0,1,2023,"March","Thursday","02:00 pm",60,"Sealed","Dry","Not Raining","Daylight","Rear End",2,,,1338783.47,1661765.64
"2023-42609-19/09/2025","NORTH ADELAIDE","CITY OF ADELAIDE",1,1,0,1,0,2023,"June","Friday","06:23 pm",50,"Sealed","Dry","Not Raining","Night","Roll Over",1,"Y",,1328156.29,1672999.8
"2023-42617-19/09/2025","TRANMERE","CC CAMPBELLTOWN.",3,1,0,0,1,2023,"June","Saturday","10:20 pm",50,"Sealed","Dry","Not Raining","Night","Hit Parked Vehicle",1,,,1334104.5,1673565.38
"2023-42619-19/09/2025","TWO WELLS","DC MALLALA.",1,1,0,1,0,2023,"June","Sunday","02:01 am",110,"Sealed","Dry","Not Raining","Night","Roll Over",1,"Y",,1322425.23,1704660.96
"2023-42624-19/09/2025","SALISBURY NORTH","CITY OF SALISBURY",2,1,0,0,1,2023,"June","Sunday","09:56 am",60,"Sealed","Dry","Not Raining","Daylight","Right Turn",2,,,1331977.75,1689382.42
"2023-42625-19/09/2025","MORPHETT VALE","CITY OF ONKAPARINGA",2,1,0,0,1,2023,"June","Sunday","11:29 am",80,"Sealed","Dry","Not Raining","Daylight","Right Turn",2,,,1319744.55,1650980.02
"2023-42631-19/09/2025","NORTH PLYMPTON","CITY OF WEST TORRENS",2,1,0,0,1,2023,"June","Sunday","03:15 pm",50,"Sealed","Dry","Not Raining","Daylight","Right Angle",1,,,1323801.56,1667289.43
"2023-42632-19/09/2025","SHEIDOW PARK","CC MARION.",2,2,0,2,0,2023,"June","Sunday","03:11 pm",60,"Sealed","Dry","Not Raining","Daylight","Head On",2,,,1320662.53,1653880.14
"2023-42635-19/09/2025","MUNNO PARA WEST","CITY OF PLAYFORD.",2,1,0,0,1,2023,"June","Sunday","04:27 pm",60,"Sealed","Wet","Raining","Daylight","Rear End",1,,,1335959.74,1698948.41
"2023-42636-19/09/2025","GEPPS CROSS","CITY OF PORT ADELAIDE ENFIELD",2,1,0,0,1,2023,"June","Sunday","02:00 pm",50,"Sealed","Dry","Not Raining","Daylight","Side Swipe",1,,,1329770.39,1679944.52
"2023-42650-19/09/2025","DOVER GARDENS","CC MARION.",2,2,0,0,2,2023,"June","Monday","11:27 am",60,"Sealed","Dry","Not Raining","Daylight","Right Turn",2,,,1322776.93,1660610.37
"2023-42652-19/09/2025","CAPE JERVIS","DC YANKALILLA.",2,2,0,0,2,2023,"June","Monday","11:20 am",60,"Sealed","Dry","Not Raining","Daylight","Side Swipe",2,,"Y",1281897.84,1596871.3
"2023-42654-19/09/2025","GAWLER BELT","LIGHT REGIONAL COUNCIL",2,1,0,0,1,2023,"May","Tuesday","11:20 am",110,"Sealed","Dry","Not Raining","Daylight","Rear End",2,,,1342251.84,1708815.14
"2023-42655-19/09/2025","MANNINGHAM","CITY OF PORT ADELAIDE ENFIELD",2,1,0,0,1,2023,"June","Monday","11:00 am",60,"Sealed","Dry","Not Raining","Daylight","Side Swipe",2,,,1330439.44,1676495.16
"2023-42659-19/09/2025","PLYMPTON","CITY OF WEST TORRENS",3,1,0,0,1,2023,"June","Monday","05:13 pm",60,"Sealed","Wet","Raining","Night","Side Swipe",1,,,1324768.94,1666955.79
"2023-42663-19/09/2025","MODBURY NORTH","CITY OF TEA TREE GULLY",2,1,0,1,0,2023,"June","Monday","06:15 pm",60,"Sealed","Wet","Not Raining","Night","Hit Pedestrian",1,"Y",,1335658.12,1682057.92
"2023-42666-19/09/2025","EDINBURGH NORTH","CITY OF PLAYFORD.",2,1,0,1,0,2023,"June","Monday","11:35 pm",60,"Sealed","Dry","Not Raining","Night","Hit Fixed Object",1,,"Y",1335114.57,1694962.19
"2023-42670-19/09/2025","VALE PARK","WALKERVILLE TOWN COUNCIL",3,1,0,0,1,2023,"June","Tuesday","07:19 am",60,"Sealed","Dry","Not Raining","Daylight","Right Turn",1,,,1330635.32,1675352.25
"2023-42672-19/09/2025","MALVERN","CITY OF UNLEY",2,1,0,0,1,2023,"June","Tuesday","09:00 am",60,"Sealed","Dry","Not Raining","Daylight","Hit Pedestrian",1,,,1329114.52,1667105.35
"2023-42673-19/09/2025","CLARENCE GARDENS","CC MITCHAM.",2,1,0,0,1,2023,"June","Monday","02:20 pm",60,"Sealed","Dry","Not Raining","Daylight","Rear End",1,,,1325860.87,1666151.31
"2023-42674-19/09/2025","CRAFERS WEST","THE ADELAIDE HILLS COUNCIL",5,2,0,1,1,2023,"June","Tuesday","08:15 am",90,"Sealed","Wet","Not Raining","Daylight","Rear End",2,,,1336960.65,1662977.06
"2023-42676-19/09/2025","WEST CROYDON","CITY OF CHARLES STURT",3,1,0,0,1,2023,"June","Tuesday","08:24 am",60,"Sealed","Dry","Not Raining","Daylight","Right Turn",2,,,1325323.42,1675353.72
"2023-42678-19/09/2025","ADELAIDE","CITY OF ADELAIDE",3,1,0,0,1,2023,"June","Tuesday","09:00 am",50,"Sealed","Dry","Not Raining","Daylight","Right Angle",1,,,1327701.47,1670494.73
"2023-42682-19/09/2025","HILTON","CITY OF WEST TORRENS",2,1,0,0,1,2023,"June","Tuesday","09:00 am",60,"Sealed","Dry","Not Raining","Daylight","Hit Pedestrian",2,,,1325777.47,1670088.72
"2023-42683-19/09/2025","RENOWN PARK","CITY OF CHARLES STURT",2,1,0,0,1,2023,"June","Tuesday","08:35 am",60,"Sealed","Dry","Not Raining","Daylight","Rear End",2,,,1326944.3,1674096.01
"2023-42684-19/09/2025","PARA HILLS","CITY OF SALISBURY",2,1,0,0,1,2023,"June","Tuesday","08:45 am",60,"Sealed","Dry","Not Raining","Daylight","Rear End",2,,,1334291.26,1684515.18
"2023-42690-19/09/2025","CHRISTIES BEACH","CITY OF ONKAPARINGA",2,1,0,0,1,2023,"June","Tuesday","11:00 am",50,"Sealed","Dry","Not Raining","Daylight","Hit Fixed Object",1,,,1316581.95,1647400.39
"2023-42691-19/09/2025","HIGHGATE","CITY OF UNLEY",2,1,0,0,1,2023,"June","Tuesday","11:08 am",60,"Sealed","Dry","Not Raining","Daylight","Rear End",2,,,1330753.78,1666700.21
"2023-42694-19/09/2025","ROSEWATER","CITY OF PORT ADELAIDE ENFIELD",2,1,0,0,1,2023,"June","Tuesday","12:40 pm",60,"Sealed","Dry","Not Raining","Daylight","Right Angle",2,,,1322284.28,1679005.04
"2023-42695-19/09/2025","MALVERN","CITY OF UNLEY",1,1,0,0,1,2023,"June","Tuesday","01:19 pm",60,"Sealed","Dry","Not Raining","Daylight","Roll Over",1,,,1329652.33,1666267.77
"2023-42698-19/09/2025","WINDSOR GARDENS","CITY OF PORT ADELAIDE ENFIELD",2,1,0,0,1,2023,"June","Monday","04:55 pm",60,"Sealed","Wet","Raining","Daylight","Rear End",2,,,1333149.91,1677510.25
"2023-42706-19/09/2025","ONKAPARINGA HILLS","CITY OF ONKAPARINGA",2,1,0,1,0,2023,"June","Tuesday","03:00 pm",80,"Unsealed","Dry","Not Raining","Daylight","Hit Fixed Object",1,,"Y",1320580.54,1644498.5
"2023-42711-19/09/2025","ARCOONA",,1,1,0,1,0,2023,"June","Tuesday","02:36 pm",110,"Sealed","Dry","Not Raining","Daylight","Roll Over",1,,,1184520.39,2065993.85
"2023-42714-19/09/2025","PLYMPTON","CITY OF WEST TORRENS",2,2,0,0,2,2023,"June","Tuesday","08:28 pm",60,"Sealed","Dry","Not Raining","Night","Right Turn",2,,,1324215.94,1667044.83
"2023-42716-19/09/2025","NARACOORTE","DC NARACOORTE & LUCINDALE.",2,1,0,0,1,2023,"June","Wednesday","02:35 am",110,"Sealed","Wet","Raining","Night","Hit Fixed Object",1,,,1509944.11,1440196.92
"2023-42719-19/09/2025","HILLIER","CT GAWLER.",2,2,0,0,2,2023,"June","Wednesday","06:37 am",90,"Sealed","Wet","Raining","Night","Right Angle",2,,,1336900.28,1702626.19
"2023-42727-19/09/2025","WEST LAKES SHORE","CITY OF CHARLES STURT",3,2,0,1,1,2023,"June","Wednesday","09:16 am",50,"Sealed","Dry","Not Raining","Daylight","Head On",1,,,1318457.08,1678060.84
"2023-42736-19/09/2025","SALISBURY NORTH","CITY OF SALISBURY",2,1,0,0,1,2023,"June","Tuesday","04:35 pm",60,"Sealed","Dry","Not Raining","Daylight","Rear End",2,,,1330948.97,1690193.41
"2023-42743-19/09/2025","NEWTON","CC CAMPBELLTOWN.",3,1,0,0,1,2023,"June","Wednesday","04:15 pm",60,"Sealed","Wet","Not Raining","Daylight","Rear End",2,,,1335398.01,1674978.91
"2023-42754-19/09/2025","PLYMPTON","CITY OF WEST TORRENS",2,1,0,0,1,2023,"June","Wednesday","08:35 pm",60,"Sealed","Dry","Not Raining","Night","Hit Pedestrian",2,,,1323616.62,1666109.43
"2023-42755-19/09/2025","YAHL","DISTRICT COUNCIL OF GRANT",1,2,0,0,2,2023,"June","Wednesday","08:30 pm",100,"Sealed","Wet","Raining","Night","Roll Over",1,,,1514350.55,1338213.02
"2023-42762-19/09/2025","MOOROOK","LOXTON WAIKERIE DISTRICT COUNCIL",2,2,0,0,2,2023,"June","Thursday","09:20 am",110,"Sealed","Dry","Not Raining","Daylight","Rear End",2,,,1492107.44,1737364.15
"2023-42764-19/09/2025","TROTT PARK","CC MARION.",2,1,0,0,1,2023,"June","Wednesday","07:00 pm",100,"Sealed","Wet","Not Raining","Night","Rear End",2,,,1322884.5,1654579.4
"2023-42766-19/09/2025","MOUNT BARKER","DC MT.BARKER.",1,1,0,0,1,2023,"June","Thursday","08:40 am",50,"Sealed","Wet","Raining","Daylight","Roll Over",9,,,1353227.84,1653080.52
"2023-42776-19/09/2025","WATERLOO CORNER","CITY OF SALISBURY",2,1,0,0,1,2023,"June","Thursday","02:12 pm",60,"Sealed","Dry","Not Raining","Daylight","Rear End",2,,,1327956.64,1691981.37
"2023-42777-19/09/2025","KENT TOWN","CC OF NORWOOD,PAYNEHAM & ST PETERS",2,1,0,0,1,2023,"June","Thursday","03:15 pm",50,"Sealed","Dry","Not Raining","Daylight","Right Turn",1,,,1330272.22,1671242.91
"2023-42781-19/09/2025","ROYSTON PARK","CC OF NORWOOD,PAYNEHAM & ST PETERS",2,1,0,0,1,2023,"June","Thursday","05:02 pm",60,"Sealed","Dry","Not Raining","Daylight","Right Turn",1,,,1331818.32,1673341.84
"2023-42784-19/09/2025","KINGSWOOD","CC MITCHAM.",2,1,0,0,1,2023,"June","Thursday","04:30 pm",60,"Sealed","Dry","Not Raining","Daylight","Rear End",2,,,1329136.35,1666242.69
"2023-42786-19/09/2025","KLEMZIG","CITY OF PORT ADELAIDE ENFIELD",2,1,0,0,1,2023,"June","Thursday","05:45 pm",60,"Sealed","Wet","Not Raining","Night","Rear End",2,,,1331829.99,1676383.31
"2023-42793-19/09/2025","ADELAIDE","CITY OF ADELAIDE",2,1,0,0,1,2023,"June","Thursday","08:00 pm",50,"Sealed","Wet","Raining","Night","Hit Pedestrian",1,,,1327930.12,1670340.86
"2023-42801-19/09/2025","WARRADALE","CC MARION.",2,2,0,0,2,2023,"June","Thursday","10:56 am",60,"Sealed","Dry","Not Raining","Daylight","Rear End",2,,,1322704.55,1663058.82
"2023-42808-19/09/2025","PARK HOLME","CC MARION.",3,1,0,0,1,2023,"June","Friday","10:30 am",60,"Sealed","Wet","Not Raining","Daylight","Rear End",1,,,1324322.32,1663137.98
"2023-42809-19/09/2025","MOUNT BARKER","DC MT.BARKER.",2,1,0,0,1,2023,"June","Friday","09:00 am",60,"Sealed","Dry","Not Raining","Daylight","Rear End",2,,,1351233.24,1654406.51
"2023-42813-19/09/2025","STRATHALBYN","ALEXANDRINA COUNCIL",2,1,0,0,1,2023,"June","Friday","12:15 pm",80,"Sealed","Wet","Not Raining","Daylight","Hit Fixed Object",1,,,1351460.78,1635295.08
"2023-42818-19/09/2025","REGENCY PARK","CITY OF PORT ADELAIDE ENFIELD",2,1,0,0,1,2023,"June","Friday","02:35 pm",60,"Sealed","Dry","Not Raining","Daylight","Right Turn",2,,,1326449.2,1676384.02
"2023-42821-19/09/2025","PETERBOROUGH","DC OF PETERBOROUGH",2,1,0,0,1,2023,"June","Friday","04:30 pm",50,"Sealed","Dry","Not Raining","Daylight","Side Swipe",2,,,1357900.5,1885967.04
"2023-42825-19/09/2025","PORT LINCOLN","CC PT.LINCOLN.",2,1,0,0,1,2023,"June","Friday","03:30 pm",50,"Sealed","Dry","Not Raining","Daylight","Hit Pedestrian",2,,,1078499.82,1698016.14
"2023-42833-19/09/2025","COLLINSWOOD","CITY OF PROSPECT",2,1,0,0,1,2023,"June","Friday","06:45 pm",60,"Sealed","Wet","Not Raining","Night","Side Swipe",2,,,1330008.07,1674796.97
"2023-42837-19/09/2025","KILBURN","CITY OF PORT ADELAIDE ENFIELD",2,2,0,0,2,2023,"June","Friday","08:40 pm",60,"Sealed","Dry","Not Raining","Night","Right Turn",2,,,1327206.14,1677437.48
"2023-42839-19/09/2025","ALDINGA BEACH","CITY OF ONKAPARINGA",3,1,0,0,1,2023,"June","Friday","08:36 pm",60,"Sealed","Dry","Not Raining","Night","Hit Fixed Object",1,"Y",,1314523.59,1633120.99
"2023-42840-19/09/2025","WANDILO","DISTRICT COUNCIL OF GRANT",2,3,0,1,2,2023,"June","Friday","10:09 pm",100,"Unsealed","Wet","Not Raining","Night","Hit Fixed Object",1,,,1508307.72,1350140.46
"2023-42842-19/09/2025","REDHILL","PT.PIRIE CITY & DIST. COUNCIL",2,1,0,0,1,2023,"June","Saturday","01:30 am",110,"Sealed","Unknown","Unknown","Night","Hit Fixed Object",1,,,1298756.69,1822595.49
"2023-42843-19/09/2025","KUDLA","CT GAWLER.",2,1,0,0,1,2023,"June","Wednesday","05:00 pm",80,"Sealed","Wet","Raining","Daylight","Rear End",2,,"Y",1339091.52,1700467.37
"2023-42844-19/09/2025","NORWOOD","CC OF NORWOOD,PAYNEHAM & ST PETERS",2,1,0,0,1,2023,"June","Saturday","05:42 am",60,"Sealed","Wet","Raining","Night","Hit Fixed Object",1,"Y",,1330623.21,1671209.89
"2023-42850-19/09/2025","ENFIELD","CITY OF PORT ADELAIDE ENFIELD",2,1,0,0,1,2023,"February","Thursday","09:15 am",60,"Sealed","Dry","Not Raining","Daylight","Rear End",2,,,1328818.99,1678696.13
"2023-42865-19/09/2025","CORNY POINT","YORKE PENINSULA COUNCIL",1,5,0,3,2,2023,"June","Saturday","01:30 am",100,"Unsealed","Dry","Not Raining","Night","Roll Over",1,,,1185823.7,1676950.93
"2023-42867-19/09/2025","MOUNT GAMBIER","CC MT.GAMBIER.",4,3,0,0,3,2023,"June","Saturday","04:38 pm",50,"Sealed","Dry","Not Raining","Daylight","Right Angle",1,,,1507476.59,1341424.23
"2023-42871-19/09/2025","SALISBURY EAST","CITY OF SALISBURY",2,1,0,1,0,2023,"June","Thursday","06:25 am",80,"Sealed","Wet","Raining","Night","Hit Fixed Object",1,,,1333980.46,1686298.22
"2023-42872-19/09/2025","VALLEY VIEW","CITY OF PORT ADELAIDE ENFIELD",2,1,0,0,1,2023,"June","Sunday","01:00 am",50,"Sealed","Dry","Not Raining","Night","Hit Pedestrian",1,"Y",,1333493.25,1679570.08
"2023-42881-19/09/2025","PARADISE","CC CAMPBELLTOWN.",2,1,0,0,1,2023,"June","Sunday","12:23 pm",60,"Sealed","Dry","Not Raining","Daylight","Right Turn",2,,"Y",1335186.57,1675910.33
"2023-42882-19/09/2025","MALLALA","DC MALLALA.",2,1,0,0,1,2023,"June","Sunday","12:45 pm",100,"Sealed","Dry","Not Raining","Daylight","Hit Fixed Object",1,,,1321945.98,1722362.04
"2023-42884-19/09/2025","NAIRNE","DC MT.BARKER.",2,1,0,0,1,2023,"June","Sunday","12:37 pm",80,"Sealed","Dry","Not Raining","Daylight","Rear End",2,,,1354811.53,1656208.44
"2023-42890-19/09/2025","KESWICK TERMINAL","CITY OF WEST TORRENS",2,1,0,0,1,2023,"June","Saturday","04:10 pm",60,"Sealed","Dry","Not Raining","Daylight","Right Angle",2,,,1326346.84,1670090.46
"2023-42902-19/09/2025","FOREST RANGE","THE ADELAIDE HILLS COUNCIL",1,1,0,0,1,2023,"June","Monday","11:20 am",80,"Sealed","Dry","Not Raining","Daylight","Roll Over",1,,"Y",1348025.31,1670476.23
"2023-42903-19/09/2025","MILE END","CITY OF WEST TORRENS",3,1,0,0,1,2023,"June","Monday","11:45 am",60,"Sealed","Dry","Not Raining","Daylight","Rear End",1,,,1326600.33,1671216.85
"2023-42907-19/09/2025","PARA HILLS WEST","CITY OF SALISBURY",2,1,0,0,1,2023,"June","Monday","02:40 pm",60,"Sealed","Dry","Not Raining","Daylight","Right Turn",1,,,1333434.52,1683702.92
"2023-42911-19/09/2025","PEEBINGA","LOXTON WAIKERIE DISTRICT COUNCIL",1,2,0,0,2,2023,"June","Monday","12:31 pm",100,"Unsealed","Dry","Not Raining","Daylight","Roll Over",1,,,1534470.32,1658987.93
"2023-42912-19/09/2025","CRAFERS","THE ADELAIDE HILLS COUNCIL",2,1,0,0,1,2023,"June","Monday","08:40 pm",60,"Sealed","Wet","Raining","Night","Roll Over",1,,,1338250.58,1664460.73
"2023-42915-19/09/2025","WATTLE FLAT","DC YANKALILLA.",1,1,0,1,0,2023,"June","Tuesday","05:13 am",100,"Sealed","Wet","Raining","Night","Roll Over",1,,,1309046.9,1616293.18
"2023-42919-19/09/2025","HINDMARSH TIERS","DC VICTOR HARBOR.",4,1,0,1,0,2023,"June","Tuesday","06:50 am",100,"Sealed","Wet","Raining","Night","Side Swipe",2,,,1323825.95,1615831.94
"2023-42920-19/09/2025","TATACHILLA","CITY OF ONKAPARINGA",2,1,0,0,1,2023,"June","Tuesday","08:40 am",100,"Unknown","Wet","Not Raining","Daylight","Right Angle",1,,,1320565.19,1637093.66
"2023-42925-19/09/2025","STURT","CC MARION.",2,1,0,0,1,2023,"June","Tuesday","09:20 am",60,"Sealed","Wet","Raining","Daylight","Right Turn",2,,,1324418.54,1660680
"2023-42926-19/09/2025","WELBOURN HILL",,1,1,0,1,0,2023,"June","Tuesday","07:29 am",100,"Unsealed","Dry","Not Raining","Daylight","Roll Over",1,,,882546.48,2518025.71
"2023-42929-19/09/2025","MORPHETTVILLE","CC MARION.",3,1,0,1,0,2023,"June","Tuesday","09:48 am",60,"Sealed","Dry","Not Raining","Daylight","Right Angle",1,,,1322682.64,1663784.88
"2023-42931-19/09/2025","GEPPS CROSS","CITY OF PORT ADELAIDE ENFIELD",2,1,0,0,1,2023,"June","Tuesday","09:40 am",60,"Sealed","Wet","Unknown","Daylight","Side Swipe",2,,,1328804.91,1679265.57
"2023-42932-19/09/2025","RENMARK","DC RENMARK PARINGA",2,1,0,0,1,2023,"June","Tuesday","11:31 am",50,"Sealed","Dry","Not Raining","Daylight","Right Angle",2,,,1528907.44,1745782.68
"2023-42934-19/09/2025","MUNNO PARA","CITY OF PLAYFORD.",2,2,0,1,1,2023,"June","Tuesday","11:50 am",60,"Sealed","Dry","Not Raining","Daylight","Right Turn",1,,,1336690.92,1698532.16
"2023-42936-19/09/2025","BLACKWOOD","CC MITCHAM.",3,1,0,0,1,2023,"June","Tuesday","12:31 pm",50,"Sealed","Wet","Raining","Daylight","Rear End",2,,,1329636.1,1660170.1
"2023-42938-19/09/2025","MAGILL","CC CAMPBELLTOWN.",2,1,0,0,1,2023,"June","Tuesday","12:24 pm",60,"Sealed","Dry","Not Raining","Daylight","Right Turn",2,,,1335459.03,1672690.81
"2023-42950-19/09/2025","GAWLER BELT","LIGHT REGIONAL COUNCIL",2,1,0,0,1,2023,"June","Tuesday","02:40 pm",110,"Sealed","Dry","Not Raining","Daylight","Side Swipe",2,,,1343194.77,1709403.61
"2023-42952-19/09/2025","MAWSON LAKES","CITY OF SALISBURY",3,1,0,0,1,2023,"June","Tuesday","04:10 pm",60,"Sealed","Dry","Not Raining","Daylight","Rear End",2,,,1330197.91,1684096.09
"2023-42956-19/09/2025","CALTOWIE","NORTHERN AREAS DISTRICT COUNCIL",1,1,0,0,1,2023,"June","Tuesday","03:52 pm",110,"Sealed","Wet","Not Raining","Daylight","Roll Over",1,,,1320303.98,1862332.25
"2023-42957-19/09/2025","URRBRAE","CC MITCHAM.",2,2,0,0,2,2023,"June","Tuesday","05:05 pm",60,"Sealed","Wet","Raining","Daylight","Hit Fixed Object",1,,,1330796.97,1665600.98
"2023-42959-19/09/2025","GLENSIDE","CITY OF BURNSIDE",2,4,0,0,4,2023,"June","Tuesday","03:41 pm",60,"Sealed","Wet","Not Raining","Daylight","Right Angle",2,,,1330671.58,1669013.23
"2023-42960-19/09/2025","PARKSIDE","CITY OF UNLEY",2,1,0,0,1,2023,"June","Tuesday","05:49 pm",60,"Sealed","Wet","Raining","Night","Rear End",2,,,1329660.1,1668998.24
"2023-42961-19/09/2025","PENFIELD GARDENS","CITY OF PLAYFORD.",2,1,0,0,1,2023,"June","Tuesday","05:48 pm",100,"Sealed","Dry","Not Raining","Night","Right Angle",1,,,1328945.63,1700236.7
"2023-42964-19/09/2025","VISTA","CITY OF TEA TREE GULLY",1,1,0,0,1,2023,"June","Tuesday","05:05 pm",80,"Sealed","Dry","Not Raining","Daylight","Roll Over",1,,,1340620.98,1680072.45
"2023-42971-19/09/2025","HILTON","CITY OF WEST TORRENS",2,1,0,1,0,2023,"June","Tuesday","09:44 pm",60,"Sealed","Wet","Not Raining","Night","Hit Fixed Object",1,,,1325613.85,1670085.18
"2023-42977-19/09/2025","NARACOORTE","DC NARACOORTE & LUCINDALE.",2,1,0,0,1,2023,"June","Wednesday","07:00 am",50,"Sealed","Dry","Not Raining","Night","Hit Fixed Object",1,,,1511724.59,1435173.9
"2023-42978-19/09/2025","CLAYPANS","MID MURRAY DISTRICT COUNCIL",2,1,0,1,0,2023,"June","Tuesday","09:50 am",100,"Unsealed","Wet","Raining","Daylight","Hit Fixed Object",1,,,1431025.4,1673175.52
"2023-42981-19/09/2025","PENFIELD","CITY OF PLAYFORD.",3,1,0,0,1,2023,"June","Wednesday","08:57 am",60,"Sealed","Dry","Not Raining","Daylight","Rear End",1,,,1333910.85,1696093.64
"2023-42982-19/09/2025","CUMBERLAND PARK","CC MITCHAM.",3,1,0,0,1,2023,"June","Wednesday","08:45 am",60,"Sealed","Dry","Not Raining","Daylight","Rear End",1,,,1326684.05,1666174.93
"2023-42987-19/09/2025","VIRGINIA","CITY OF PLAYFORD.",2,2,0,0,2,2023,"June","Wednesday","10:13 am",90,"Sealed","Dry","Not Raining","Daylight","Right Angle",1,,,1326421.71,1696569.21
"2023-42988-19/09/2025","PARADISE","CC CAMPBELLTOWN.",2,1,0,0,1,2023,"June","Wednesday","09:10 am",60,"Sealed","Dry","Not Raining","Daylight","Hit Pedestrian",1,,,1335624.13,1676678.29
"2023-42989-19/09/2025","MIDDLETON","ALEXANDRINA COUNCIL",2,1,0,0,1,2023,"June","Wednesday","09:20 am",100,"Unsealed","Dry","Not Raining","Daylight","Right Angle",1,,,1337450.9,1605979.38
"2023-42994-19/09/2025","DEVON PARK","CITY OF PORT ADELAIDE ENFIELD",2,1,0,0,1,2023,"June","Wednesday","11:57 am",40,"Sealed","Dry","Not Raining","Daylight","Hit Parked Vehicle",1,,,1326817.8,1674879.04
"2023-42997-19/09/2025","ST MORRIS","CC OF NORWOOD,PAYNEHAM & ST PETERS",2,1,0,0,1,2023,"June","Wednesday","03:50 pm",60,"Sealed","Wet","Raining","Daylight","Right Turn",1,,,1333244.3,1671788.45
"2023-43000-19/09/2025","SALISBURY DOWNS","CITY OF SALISBURY",3,1,0,0,1,2023,"June","Wednesday","08:30 am",50,"Sealed","Dry","Not Raining","Daylight","Hit Pedestrian",1,,,1331248.26,1687771.3
"2023-43001-19/09/2025","MORPHETT VALE","CITY OF ONKAPARINGA",2,2,0,0,2,2023,"June","Wednesday","03:40 pm",60,"Sealed","Wet","Not Raining","Daylight","Rear End",2,,,1320973.08,1649863.07
"2023-43004-19/09/2025","MITCHELL PARK","CC MARION.",3,1,0,0,1,2023,"June","Wednesday","02:10 pm",60,"Sealed","Wet","Raining","Daylight","Rear End",2,,,1324363.18,1661960.7
"2023-43007-19/09/2025","ELIZABETH DOWNS","CITY OF PLAYFORD.",1,1,0,0,1,2023,"June","Friday","10:00 pm",60,"Sealed","Wet","Not Raining","Night","Roll Over",1,,,1337998.36,1696450.86
"2023-43013-19/09/2025","OVINGHAM","CITY OF CHARLES STURT",2,1,0,1,0,2023,"June","Wednesday","07:00 pm",60,"Sealed","Wet","Not Raining","Night","Right Turn",2,,,1327121.41,1673280.8
"2023-43014-19/09/2025","WARD BELT","LIGHT REGIONAL COUNCIL",2,1,0,1,0,2023,"June","Wednesday","07:50 pm",110,"Sealed","Dry","Not Raining","Night","Hit Fixed Object",1,,,1337738.52,1705488.08
"2023-43015-19/09/2025","TORRENS PARK","CC MITCHAM.",2,1,0,0,1,2023,"June","Wednesday","08:30 pm",60,"Sealed","Dry","Not Raining","Night","Hit Pedestrian",1,,,1329163.75,1665286.3
"2023-43021-19/09/2025","GREENACRES","CITY OF PORT ADELAIDE ENFIELD",2,3,0,0,3,2023,"June","Thursday","06:53 am",60,"Sealed","Dry","Not Raining","Night","Right Angle",1,,,1331211.78,1676588.99