"REPORT_ID","Suburb","LGA Name","Total Units","Total Cas","Total Fats","Total SI","Total MI","Year","Month","Day","Time","Area Speed","Road Surface","Moisture Cond","Weather Cond","DayNight","Crash Type","Unit Resp","DUI Involved","Drugs Involved","ACCLOC_X","ACCLOC_Y"
"2023-43022-19/09/2025","MURRAY BRIDGE EAST","RC MURRAY BRIDGE.",2,1,0,1,0,2023,"June","Thursday","06:47 am",100,"Sealed","Dry","Not Raining","Night","Head On",2,,,1394178.49,1645324.65
"2023-43025-19/09/2025","VALE PARK","WALKERVILLE TOWN COUNCIL",2,1,0,0,1,2023,"June","Thursday","06:20 am",60,"Sealed","Wet","Not Raining","Night","Right Turn",2,,,1330645.93,1675348.15
"2023-43027-19/09/2025","RICHMOND","CITY OF WEST TORRENS",2,1,0,0,1,2023,"June","Thursday","09:05 am",60,"Sealed","Dry","Not Raining","Daylight","Right Angle",1,,,1325643.69,1668946.76
"2023-43031-19/09/2025","LINDEN PARK","CITY OF BURNSIDE",2,2,0,0,2,2023,"June","Thursday","11:40 am",60,"Sealed","Wet","Not Raining","Daylight","Rear End",2,,,1332348.51,1668122.38
"2023-43033-19/09/2025","MUNNO PARA WEST","CITY OF PLAYFORD.",2,1,0,0,1,2023,"June","Thursday","08:30 am",60,"Sealed","Dry","Not Raining","Daylight","Rear End",2,,,1335160.84,1699401.69
"2023-43042-19/09/2025","PASADENA","CC MITCHAM.",2,1,1,0,0,2023,"June","Thursday","06:57 pm",60,"Sealed","Dry","Not Raining","Night","Hit Pedestrian",2,,,1327380.71,1662295.84
"2023-43044-19/09/2025","HACKHAM WEST","CITY OF ONKAPARINGA",2,2,0,0,2,2023,"June","Thursday","08:24 pm",60,"Sealed","Dry","Not Raining","Night","Right Turn",2,,,1320847.03,1647531.84
"2023-43052-19/09/2025","ST PETERS","CC OF NORWOOD,PAYNEHAM & ST PETERS",2,1,0,0,1,2023,"June","Friday","09:00 am",60,"Sealed","Dry","Not Raining","Daylight","Rear End",2,,,1330806.32,1672815.1
"2023-43061-19/09/2025","PORT ELLIOT","ALEXANDRINA COUNCIL",2,1,0,0,1,2023,"June","Friday","09:00 am",80,"Sealed","Dry","Not Raining","Daylight","Side Swipe",1,,,1331913.2,1604374.84
"2023-43064-19/09/2025","CRAFERS","THE ADELAIDE HILLS COUNCIL",2,1,0,0,1,2023,"June","Friday","01:07 pm",60,"Sealed","Dry","Not Raining","Daylight","Side Swipe",2,,,1338163.26,1663838.04
"2023-43067-19/09/2025","ADELAIDE","CITY OF ADELAIDE",3,1,0,0,1,2023,"June","Friday","03:19 pm",50,"Sealed","Dry","Not Raining","Daylight","Side Swipe",1,,,1327539.64,1671076.21
"2023-43075-19/09/2025","HOPE VALLEY","CITY OF TEA TREE GULLY",2,1,0,1,0,2023,"June","Friday","03:13 pm",60,"Sealed","Dry","Not Raining","Daylight","Right Turn",1,,,1337020.96,1677952.45
"2023-43076-19/09/2025","BIRKENHEAD","CITY OF PORT ADELAIDE ENFIELD",3,1,0,0,1,2023,"June","Friday","04:46 pm",60,"Sealed","Dry","Not Raining","Daylight","Rear End",2,,,1320277.37,1680650.2
"2023-43077-19/09/2025","REGENCY PARK","CITY OF PORT ADELAIDE ENFIELD",2,2,0,1,1,2023,"June","Friday","02:30 pm",60,"Sealed","Dry","Not Raining","Daylight","Right Turn",2,,,1326755.46,1676389.73
"2023-43078-19/09/2025","LOBETHAL","THE ADELAIDE HILLS COUNCIL",2,1,0,0,1,2023,"June","Friday","03:00 pm",50,"Sealed","Dry","Not Raining","Daylight","Hit Pedestrian",2,,,1353504.13,1671767.12
"2023-43079-19/09/2025","MILLICENT","WATTLE RANGE COUNCIL",2,1,0,0,1,2023,"June","Friday","05:30 pm",60,"Sealed","Dry","Not Raining","Night","Rear End",1,,,1473157.16,1367864.41
"2023-43085-19/09/2025","ELIZABETH NORTH","CITY OF PLAYFORD.",2,1,0,0,1,2023,"June","Friday","07:27 pm",50,"Sealed","Dry","Not Raining","Night","Right Turn",2,,,1336943,1695475.26
"2023-43089-19/09/2025","CONDOWIE","WAKEFIELD REGIONAL COUNCIL",2,1,0,1,0,2023,"June","Friday","02:15 pm",100,"Unsealed","Dry","Not Raining","Daylight","Hit Fixed Object",1,,,1302776.54,1790400.54
"2023-43093-19/09/2025","PORT LINCOLN","CC PT.LINCOLN.",2,2,0,0,2,2023,"June","Saturday","08:00 am",50,"Sealed","Wet","Raining","Daylight","Right Angle",2,,,1079607.87,1698103.65
"2023-43094-19/09/2025","ADELAIDE","CITY OF ADELAIDE",2,1,0,0,1,2023,"June","Saturday","09:35 am",50,"Sealed","Dry","Not Raining","Daylight","Right Turn",1,,,1327930.12,1670340.86
"2023-43096-19/09/2025","KALANGADOO","WATTLE RANGE COUNCIL",2,1,0,0,1,2023,"June","Saturday","09:50 am",100,"Sealed","Wet","Unknown","Daylight","Right Angle",2,,,1500180.72,1371591.16
"2023-43098-19/09/2025","WINDSOR GARDENS","CITY OF PORT ADELAIDE ENFIELD",3,1,0,0,1,2023,"June","Saturday","11:55 am",60,"Sealed","Dry","Not Raining","Daylight","Rear End",1,,,1333346.19,1677679.66
"2023-43102-19/09/2025","MILE END","CITY OF WEST TORRENS",2,1,0,0,1,2023,"June","Saturday","01:30 pm",60,"Sealed","Wet","Raining","Daylight","Hit Fixed Object",1,,,1326292.45,1670299.78
"2023-43109-19/09/2025","SEFTON PARK","CITY OF PROSPECT",3,1,0,1,0,2023,"June","Saturday","04:57 pm",40,"Sealed","Wet","Raining","Daylight","Right Angle",1,,,1329138.79,1675878.51
"2023-43111-19/09/2025","ST MARYS","CC MITCHAM.",2,1,0,0,1,2023,"June","Saturday","05:45 pm",70,"Sealed","Wet","Raining","Night","Rear End",2,,,1326016.23,1661256.67
"2023-43113-19/09/2025","STEPNEY","CC OF NORWOOD,PAYNEHAM & ST PETERS",2,1,0,0,1,2023,"June","Saturday","06:35 pm",60,"Sealed","Wet","Raining","Night","Hit Pedestrian",2,"Y",,1330813.19,1671999.04
"2023-43115-19/09/2025","HUNTFIELD HEIGHTS","CITY OF ONKAPARINGA",2,1,0,1,0,2023,"June","Saturday","07:50 pm",80,"Sealed","Dry","Not Raining","Night","Hit Pedestrian",2,,,1320492.23,1645442.72
"2023-43116-19/09/2025","BEAUFORT","WAKEFIELD REGIONAL COUNCIL",1,1,0,0,1,2023,"June","Saturday","02:40 pm",110,"Sealed","Wet","Raining","Daylight","Roll Over",1,,,1294361.41,1764113.13
"2023-43129-19/09/2025","BRUKUNGA","DC MT.BARKER.",2,1,0,0,1,2023,"June","Sunday","10:00 am",80,"Sealed","Wet","Not Raining","Daylight","Roll Over",1,"Y",,1359774.41,1662582.48
"2023-43131-19/09/2025","THORNGATE","CITY OF PROSPECT",3,1,0,1,0,2023,"June","Sunday","01:28 pm",60,"Sealed","Dry","Not Raining","Daylight","Hit Fixed Object",1,,,1328126.62,1673676.17
"2023-43132-19/09/2025","MUNNO PARA","CITY OF PLAYFORD.",4,3,0,0,3,2023,"June","Sunday","01:00 pm",60,"Sealed","Dry","Not Raining","Daylight","Rear End",1,,,1336535.34,1698636.39
"2023-43135-19/09/2025","HACKNEY","CC OF NORWOOD,PAYNEHAM & ST PETERS",3,2,0,0,2,2023,"June","Sunday","01:27 pm",60,"Sealed","Dry","Not Raining","Daylight","Right Turn",1,,,1329739.63,1672357.98
"2023-43136-19/09/2025","PORT WAKEFIELD","WAKEFIELD REGIONAL COUNCIL",1,1,0,0,1,2023,"June","Wednesday","05:30 pm",100,"Unsealed","Wet","Not Raining","Night","Roll Over",1,,,1299878.88,1748503.93
"2023-43142-19/09/2025","MOUNT PLEASANT","THE BAROSSA COUNCIL.",2,1,0,0,1,2023,"June","Sunday","04:20 pm",100,"Sealed","Wet","Raining","Daylight","Hit Fixed Object",1,,,1371764.03,1687831.55
"2023-43148-19/09/2025","TORRENSVILLE","CITY OF WEST TORRENS",2,1,0,0,1,2023,"June","Sunday","10:35 pm",60,"Sealed","Dry","Not Raining","Night","Right Turn",2,,,1325740.32,1670993.32
"2023-43150-19/09/2025","PENONG",,1,1,0,0,1,2023,"June","Monday","12:50 am",100,"Unsealed","Wet","Unknown","Night","Roll Over",1,"Y",,811316.87,1993338.34
"2023-43155-19/09/2025","HINDMARSH","CITY OF CHARLES STURT",4,2,0,0,2,2023,"June","Monday","07:10 am",60,"Sealed","Wet","Raining","Night","Side Swipe",1,,,1325745.1,1672897.32
"2023-43157-19/09/2025","MAWSON LAKES","CITY OF SALISBURY",3,1,0,0,1,2023,"June","Monday","06:45 am",60,"Sealed","Wet","Raining","Night","Rear End",1,,,1330557.98,1683889.45
"2023-43161-19/09/2025","EVANSTON GARDENS","CT GAWLER.",2,1,0,0,1,2023,"June","Monday","07:25 am",50,"Sealed","Wet","Not Raining","Daylight","Rear End",2,,,1340718.37,1703611.33
"2023-43163-19/09/2025","KLEMZIG","CITY OF PORT ADELAIDE ENFIELD",2,1,0,0,1,2023,"June","Friday","03:30 pm",60,"Sealed","Dry","Not Raining","Daylight","Side Swipe",2,,,1331893.54,1675692.24
"2023-43164-19/09/2025","STIRLING","THE ADELAIDE HILLS COUNCIL",2,1,0,0,1,2023,"June","Monday","12:05 pm",40,"Sealed","Dry","Not Raining","Daylight","Hit Pedestrian",1,,,1338787.87,1661686.75
"2023-43176-19/09/2025","GLENUNGA","CITY OF BURNSIDE",2,2,0,0,2,2023,"June","Monday","04:20 pm",60,"Sealed","Dry","Not Raining","Daylight","Right Angle",1,,,1332339.92,1668038.79
"2023-43177-19/09/2025","WISANGER","KANGAROO ISLAND COUNCIL",2,1,0,0,1,2023,"June","Monday","04:03 pm",100,"Sealed","Dry","Not Raining","Daylight","Hit Fixed Object",1,,,1227952.53,1598761.93
"2023-43179-19/09/2025","MEDINDIE","WALKERVILLE TOWN COUNCIL",2,1,0,0,1,2023,"June","Monday","06:00 pm",60,"Sealed","Dry","Not Raining","Night","Rear End",1,,,1329476.14,1674200.03
"2023-43183-19/09/2025","NORTH ADELAIDE","CITY OF ADELAIDE",1,1,0,0,1,2023,"June","Monday","11:54 pm",50,"Sealed","Dry","Not Raining","Night","Roll Over",1,"Y",,1329492.1,1672549.24
"2023-43186-19/09/2025","MOUNT OSMOND","CITY OF BURNSIDE",2,1,0,1,0,2023,"June","Tuesday","07:35 am",50,"Sealed","Dry","Not Raining","Daylight","Hit Animal",2,,,1334204.65,1666905.45
"2023-43188-19/09/2025","GEPPS CROSS","CITY OF PORT ADELAIDE ENFIELD",1,1,0,0,1,2023,"June","Tuesday","07:48 am",40,"Sealed","Dry","Not Raining","Daylight","Roll Over",1,,,1329234.82,1680518.01
"2023-43196-19/09/2025","MODBURY NORTH","CITY OF TEA TREE GULLY",2,1,0,0,1,2023,"June","Wednesday","04:50 pm",60,"Sealed","Wet","Not Raining","Daylight","Rear End",2,,,1335688.29,1681182.79
"2023-43200-19/09/2025","KURRALTA PARK","CITY OF WEST TORRENS",2,1,0,0,1,2023,"June","Tuesday","08:00 am",60,"Sealed","Dry","Not Raining","Daylight","Rear End",2,,,1325778.61,1667717.09
"2023-43201-19/09/2025","STEPNEY","CC OF NORWOOD,PAYNEHAM & ST PETERS",2,1,0,0,1,2023,"June","Tuesday","12:27 pm",60,"Sealed","Dry","Not Raining","Daylight","Right Angle",2,,,1331150.89,1671732.93
"2023-43215-19/09/2025","ADELAIDE","CITY OF ADELAIDE",2,1,0,0,1,2023,"June","Monday","01:30 pm",50,"Sealed","Dry","Not Raining","Daylight","Hit Pedestrian",2,,,1327925.66,1670500.3
"2023-43218-19/09/2025","FREELING","LIGHT REGIONAL COUNCIL",3,2,0,0,2,2023,"June","Tuesday","06:09 pm",100,"Sealed","Dry","Not Raining","Night","Right Turn",1,,,1350740.5,1722138.29
"2023-43220-19/09/2025","HILLIER","CT GAWLER.",2,1,0,0,1,2023,"June","Wednesday","07:40 am",80,"Sealed","Dry","Not Raining","Daylight","Rear End",2,,,1336900.28,1702626.19
"2023-43223-19/09/2025","SALISBURY SOUTH","CITY OF SALISBURY",4,1,0,0,1,2023,"June","Tuesday","05:40 pm",70,"Sealed","Dry","Not Raining","Night","Rear End",1,,,1332370.05,1686105.3
"2023-43226-19/09/2025","MURRAY BRIDGE","RC MURRAY BRIDGE.",2,2,0,0,2,2023,"June","Wednesday","10:30 am",50,"Sealed","Dry","Not Raining","Daylight","Head On",1,,,1389249.07,1644086.39
"2023-43228-19/09/2025","ADELAIDE","CITY OF ADELAIDE",2,1,0,0,1,2023,"June","Friday","10:00 am",50,"Sealed","Dry","Not Raining","Daylight","Rear End",2,,,1329014.38,1671159.94
"2023-43232-19/09/2025","ST MARYS","CC MITCHAM.",2,2,0,0,2,2023,"June","Wednesday","02:05 pm",60,"Sealed","Wet","Raining","Daylight","Right Angle",2,,,1325992.58,1662296.41
"2023-43235-19/09/2025","TWO WELLS","DC MALLALA.",3,2,0,0,2,2023,"June","Wednesday","03:50 pm",50,"Sealed","Wet","Raining","Daylight","Hit Pedestrian",2,,,1321946.44,1707641.09
"2023-43246-19/09/2025","ADELAIDE","CITY OF ADELAIDE",2,1,0,0,1,2023,"June","Wednesday","05:00 pm",60,"Sealed","Wet","Raining","Daylight","Rear End",2,,,1329619.1,1669182.76
"2023-43248-19/09/2025","PARAFIELD GARDENS","CITY OF SALISBURY",2,1,0,0,1,2023,"June","Wednesday","03:15 pm",60,"Sealed","Wet","Raining","Daylight","Rear End",2,,,1330688.17,1685868.15
"2023-43256-19/09/2025","PORT PIRIE","PT.PIRIE CITY & DIST. COUNCIL",1,1,0,0,1,2023,"June","Wednesday","10:09 pm",50,"Sealed","Wet","Not Raining","Night","Roll Over",1,,"Y",1280397.85,1865363.78
"2023-43261-19/09/2025","WORROLONG","CC MT.GAMBIER.",2,1,0,0,1,2023,"June","Thursday","08:20 am",80,"Sealed","Wet","Not Raining","Daylight","Right Angle",1,,,1512888.03,1340817.06
"2023-43267-19/09/2025","ADELAIDE","CITY OF ADELAIDE",3,2,0,1,1,2023,"June","Thursday","08:30 am",50,"Sealed","Wet","Raining","Daylight","Hit Pedestrian",1,,,1328706.97,1670193.66
"2023-43282-19/09/2025","COOBER PEDY","DC COOBER PEDY",2,1,0,1,0,2023,"June","Thursday","01:38 pm",100,"Sealed","Wet","Unknown","Daylight","Right Angle",1,,"Y",975818.72,2331874.94
"2023-43283-19/09/2025","SPRINGTON","THE BAROSSA COUNCIL.",2,1,0,0,1,2023,"June","Wednesday","03:30 pm",50,"Sealed","Wet","Raining","Daylight","Right Angle",1,,,1373445.93,1693294.24
"2023-43286-19/09/2025","OAKLANDS PARK","CC MARION.",2,1,0,0,1,2023,"June","Thursday","02:10 pm",60,"Sealed","Wet","Raining","Daylight","Right Turn",2,,,1323027.25,1661181.87
"2023-43292-19/09/2025","GREENOCK","LIGHT REGIONAL COUNCIL",1,1,0,0,1,2023,"June","Thursday","03:06 pm",100,"Sealed","Wet","Raining","Daylight","Roll Over",1,,,1360204.13,1725926.52
"2023-43299-19/09/2025","ATHELSTONE","CC CAMPBELLTOWN.",2,1,0,0,1,2023,"June","Thursday","05:15 pm",60,"Sealed","Wet","Raining","Night","Rear End",2,,,1337006.58,1675756.83
"2023-43304-19/09/2025","PARAFIELD GARDENS","CITY OF SALISBURY",4,3,0,0,3,2023,"June","Thursday","06:25 pm",60,"Sealed","Wet","Raining","Night","Hit Pedestrian",2,,,1330696.59,1685861.57
"2023-43313-19/09/2025","MEADOWS","DC MT.BARKER.",2,1,0,0,1,2023,"June","Friday","03:46 am",100,"Sealed","Wet","Raining","Night","Hit Object on Road",1,,,1339093.1,1642228.03
"2023-43314-19/09/2025","OUTER HARBOR","CITY OF PORT ADELAIDE ENFIELD",2,1,0,0,1,2023,"June","Friday","06:45 am",70,"Sealed","Wet","Not Raining","Night","Right Turn",2,,,1319910.12,1686825.98
"2023-43318-19/09/2025","NORWOOD","CC OF NORWOOD,PAYNEHAM & ST PETERS",2,1,0,0,1,2023,"June","Friday","08:17 am",60,"Sealed","Wet","Not Raining","Daylight","Right Turn",2,,,1331874.28,1670398.69
"2023-43319-19/09/2025","CUMBERLAND PARK","CC MITCHAM.",2,1,0,0,1,2023,"June","Friday","08:15 am",60,"Sealed","Wet","Not Raining","Daylight","Hit Pedestrian",1,,,1327365.28,1666195.35
"2023-43321-19/09/2025","KIDMAN PARK","CITY OF CHARLES STURT",3,1,0,0,1,2023,"June","Friday","10:05 am",50,"Sealed","Dry","Not Raining","Daylight","Hit Parked Vehicle",1,,,1321958.17,1672056.7
"2023-43324-19/09/2025","UPPER STURT","THE ADELAIDE HILLS COUNCIL",3,1,0,0,1,2023,"June","Friday","12:00 pm",60,"Sealed","Wet","Not Raining","Daylight","Head On",2,,,1335279.16,1659679.08
"2023-43330-19/09/2025","PROSPECT","CITY OF PROSPECT",2,1,0,0,1,2023,"June","Friday","03:13 pm",50,"Sealed","Dry","Not Raining","Daylight","Hit Pedestrian",1,,,1328087.37,1675151.79
"2023-43331-19/09/2025","ELIZABETH","CITY OF PLAYFORD.",3,5,0,0,5,2023,"June","Friday","03:20 pm",60,"Sealed","Dry","Not Raining","Daylight","Rear End",1,,,1335481.03,1692887.05
"2023-43338-19/09/2025","NORTH ADELAIDE","CITY OF ADELAIDE",2,1,0,0,1,2023,"June","Friday","03:35 pm",50,"Sealed","Dry","Not Raining","Daylight","Rear End",2,,,1328428.41,1671809.75
"2023-43345-19/09/2025","ST MARYS","CC MITCHAM.",2,1,0,0,1,2023,"June","Friday","10:34 pm",60,"Sealed","Dry","Not Raining","Night","Right Turn",2,,,1325965.45,1663318.74
"2023-43357-19/09/2025","MORPHETT VALE","CITY OF ONKAPARINGA",2,1,0,0,1,2023,"June","Saturday","03:13 pm",60,"Sealed","Wet","Raining","Daylight","Right Turn",2,,,1320740.69,1651011.75
"2023-43365-19/09/2025","RIDGEHAVEN","CITY OF TEA TREE GULLY",2,1,0,0,1,2023,"June","Saturday","04:41 pm",60,"Sealed","Wet","Not Raining","Daylight","Right Angle",1,,,1339706.32,1682460.68
"2023-43373-19/09/2025","MYPONGA","DC YANKALILLA.",1,1,0,0,1,2023,"June","Saturday","09:00 pm",80,"Unsealed","Dry","Not Raining","Night","Left Road - Out of Control",1,"Y",,1316438.04,1620863.12
"2023-43379-19/09/2025","LAURA","NORTHERN AREAS DISTRICT COUNCIL",2,1,0,1,0,2023,"June","Saturday","03:15 pm",50,"Sealed","Dry","Not Raining","Daylight","Side Swipe",1,,,1307075,1864515.49
"2023-43381-19/09/2025","PARAFIELD","CITY OF SALISBURY",5,1,0,0,1,2023,"June","Sunday","01:28 pm",80,"Sealed","Dry","Not Raining","Daylight","Side Swipe",1,,,1331812.14,1683486.03
"2023-43382-19/09/2025","PARA HILLS WEST","CITY OF SALISBURY",3,2,0,0,2,2023,"June","Sunday","01:50 pm",80,"Sealed","Dry","Not Raining","Daylight","Rear End",2,,,1332681.54,1684588.81
"2023-43397-19/09/2025","INGLE FARM","CITY OF SALISBURY",2,1,0,0,1,2023,"June","Monday","09:20 am",60,"Sealed","Dry","Not Raining","Daylight","Rear End",2,,,1332387.85,1682124.38
"2023-43398-19/09/2025","KINGSFORD","LIGHT REGIONAL COUNCIL",2,1,0,0,1,2023,"June","Monday","06:55 am",110,"Sealed","Dry","Not Raining","Night","Right Angle",1,,,1345544.91,1711510.5
"2023-43403-19/09/2025","ELIZABETH DOWNS","CITY OF PLAYFORD.",2,1,0,0,1,2023,"June","Friday","01:00 pm",50,"Sealed","Dry","Not Raining","Daylight","Hit Pedestrian",2,,,1337865.13,1696192.17
"2023-43407-19/09/2025","MORPHETT VALE","CITY OF ONKAPARINGA",2,1,0,0,1,2023,"June","Monday","03:35 pm",70,"Sealed","Dry","Not Raining","Daylight","Rear End",1,,,1319744.55,1650980.02
"2023-43408-19/09/2025","RISDON PARK SOUTH","PT.PIRIE CITY & DIST. COUNCIL",2,1,0,0,1,2023,"June","Monday","02:27 pm",50,"Sealed","Dry","Not Raining","Daylight","Right Angle",2,,,1278833.64,1862926.74
"2023-43410-19/09/2025","SALISBURY EAST","CITY OF SALISBURY",2,1,0,0,1,2023,"June","Monday","01:15 pm",80,"Sealed","Dry","Not Raining","Daylight","Rear End",2,,,1333277.7,1685371.45
"2023-43411-19/09/2025","PARALOWIE","CITY OF SALISBURY",2,1,0,0,1,2023,"June","Monday","03:10 pm",60,"Sealed","Dry","Not Raining","Daylight","Rear End",2,,,1329611.23,1688273.54
"2023-43413-19/09/2025","TARLEE","CLARE AND GILBERT VALLEYS DISTRICT COUNCIL",1,2,0,0,2,2023,"June","Monday","03:30 pm",100,"Sealed","Dry","Not Raining","Daylight","Roll Over",1,,,1345236.01,1744195.64
"2023-43425-19/09/2025","BLAKEVIEW","CITY OF PLAYFORD.",3,1,0,0,1,2023,"June","Monday","08:05 pm",60,"Sealed","Dry","Not Raining","Night","Hit Fixed Object",1,,,1338617.09,1697439.9
"2023-43426-19/09/2025","FULHAM GARDENS","CITY OF CHARLES STURT",2,1,0,0,1,2023,"June","Monday","08:30 pm",60,"Sealed","Dry","Not Raining","Night","Hit Parked Vehicle",1,,,1320498.9,1673063.75
"2023-43427-19/09/2025","HAZELWOOD PARK","CITY OF BURNSIDE",2,2,0,0,2,2023,"June","Thursday","08:10 am",60,"Sealed","Wet","Raining","Daylight","Side Swipe",1,,,1333345.3,1669081.5
"2023-43428-19/09/2025","CADELL","MID MURRAY DISTRICT COUNCIL",2,1,0,1,0,2023,"June","Monday","08:30 pm",100,"Sealed","Dry","Not Raining","Night","Hit Fixed Object",1,"Y","Y",1434378.56,1765384.66
"2023-43431-19/09/2025","ADELAIDE","CITY OF ADELAIDE",2,1,0,0,1,2023,"June","Tuesday","08:39 am",50,"Sealed","Dry","Not Raining","Daylight","Right Angle",2,,,1329296.41,1670853.58
"2023-43436-19/09/2025","MITCHAM","CC MITCHAM.",2,1,0,0,1,2023,"June","Tuesday","11:30 am",60,"Sealed","Dry","Not Raining","Daylight","Head On",2,,,1330613.87,1664827.75
"2023-43437-19/09/2025","WEST HINDMARSH","CITY OF CHARLES STURT",2,1,0,0,1,2023,"June","Monday","03:30 pm",60,"Sealed","Dry","Not Raining","Daylight","Rear End",1,,,1325336.22,1673161.29
"2023-43439-19/09/2025","NORTH HAVEN","CITY OF PORT ADELAIDE ENFIELD",2,1,0,0,1,2023,"June","Tuesday","10:10 am",60,"Sealed","Dry","Not Raining","Daylight","Rear End",2,,,1319977.84,1685641
"2023-43441-19/09/2025","WOODVILLE","CITY OF CHARLES STURT",2,1,0,0,1,2023,"June","Tuesday","03:10 pm",50,"Sealed","Dry","Not Raining","Daylight","Hit Pedestrian",1,,,1322993.35,1676133.96
"2023-43443-19/09/2025","MOUNT BARKER","DC MT.BARKER.",2,1,0,0,1,2023,"June","Tuesday","02:15 pm",60,"Sealed","Wet","Not Raining","Daylight","Rear End",2,,,1350771.93,1652829.87
"2023-43453-19/09/2025","ADELAIDE","CITY OF ADELAIDE",2,1,0,1,0,2023,"June","Thursday","09:30 pm",50,"Sealed","Wet","Raining","Night","Hit Pedestrian",2,,,1328460.3,1670828.21
"2023-43454-19/09/2025","POORAKA","CITY OF SALISBURY",2,1,0,0,1,2023,"June","Tuesday","10:20 pm",50,"Sealed","Dry","Not Raining","Night","Hit Fixed Object",1,,,1331275.41,1681020.66
"2023-43455-19/09/2025","STOCKPORT","CLARE AND GILBERT VALLEYS DISTRICT COUNCIL",2,1,0,1,0,2023,"June","Tuesday","10:10 pm",50,"Sealed","Wet","Raining","Night","Hit Fixed Object",1,"Y",,1342809.62,1735790.11
"2023-43458-19/09/2025","COLONEL LIGHT GARDENS","CC MITCHAM.",3,1,1,0,0,2023,"June","Wednesday","03:25 am",60,"Sealed","Wet","Raining","Night","Hit Fixed Object",1,,"Y",1327562.25,1664193.7
"2023-43459-19/09/2025","NORWOOD","CC OF NORWOOD,PAYNEHAM & ST PETERS",2,1,0,0,1,2023,"June","Wednesday","08:00 am",50,"Unsealed","Dry","Not Raining","Daylight","Right Angle",1,,,1331645.06,1671407.56
"2023-43465-19/09/2025","KADINA","COPPER COAST DISTRICT COUNCIL",2,2,0,1,1,2023,"June","Wednesday","09:21 am",60,"Sealed","Dry","Not Raining","Daylight","Right Turn",1,,,1249464.54,1779777.43
"2023-43466-19/09/2025","MILLICENT","WATTLE RANGE COUNCIL",2,1,0,1,0,2023,"June","Saturday","02:00 am",50,"Sealed","Unknown","Unknown","Night","Hit Pedestrian",1,,,1473632.68,1368189.79
"2023-43476-19/09/2025","CROYDON PARK","CITY OF PORT ADELAIDE ENFIELD",2,1,0,0,1,2023,"June","Wednesday","06:00 pm",50,"Sealed","Wet","Not Raining","Night","Right Angle",2,,,1324789.39,1675965.92
"2023-43477-19/09/2025","ROYSTON PARK","CC OF NORWOOD,PAYNEHAM & ST PETERS",2,1,0,0,1,2023,"June","Monday","08:15 am",60,"Sealed","Dry","Not Raining","Daylight","Right Angle",2,,,1331882.84,1673427.69
"2023-43485-19/09/2025","MORPHETT VALE","CITY OF ONKAPARINGA",2,1,0,0,1,2023,"June","Wednesday","07:30 pm",60,"Sealed","Wet","Not Raining","Night","Right Angle",2,,,1321949.03,1649296.55
"2023-43490-19/09/2025","MOUNT OSMOND","CC MITCHAM.",2,1,0,1,0,2023,"June","Wednesday","10:20 am",100,"Sealed","Wet","Raining","Daylight","Hit Fixed Object",1,"Y",,1333876.35,1665675.23
"2023-43494-19/09/2025","ADELAIDE","CITY OF ADELAIDE",1,1,0,0,1,2023,"June","Thursday","06:30 am",60,"Sealed","Wet","Raining","Night","Roll Over",1,,,1329739.74,1670699.19
"2023-43498-19/09/2025","STRATHALBYN","ALEXANDRINA COUNCIL",2,1,0,0,1,2023,"June","Wednesday","10:45 am",80,"Sealed","Wet","Not Raining","Daylight","Rear End",1,,,1351870.4,1637683.15
"2023-43502-19/09/2025","LOCKLEYS","CITY OF WEST TORRENS",2,1,0,0,1,2023,"June","Thursday","09:05 am",60,"Sealed","Wet","Not Raining","Daylight","Head On",1,,,1322577.83,1670777.68
"2023-43503-19/09/2025","DULWICH","CITY OF BURNSIDE",1,1,0,0,1,2023,"June","Thursday","09:04 am",60,"Sealed","Wet","Not Raining","Daylight","Roll Over",1,,,1330652.07,1669334.57
"2023-43506-19/09/2025","GEPPS CROSS","CITY OF PORT ADELAIDE ENFIELD",3,1,0,0,1,2023,"June","Thursday","08:30 am",70,"Sealed","Dry","Not Raining","Daylight","Rear End",2,,,1329558.69,1680405.02
"2023-43516-19/09/2025","LOCKLEYS","CITY OF WEST TORRENS",2,1,0,0,1,2023,"June","Wednesday","03:45 pm",60,"Sealed","Dry","Not Raining","Daylight","Rear End",2,,,1320948.12,1670185.39
"2023-43522-19/09/2025","MIDDLETON","ALEXANDRINA COUNCIL",2,2,0,0,2,2023,"June","Thursday","03:30 pm",50,"Sealed","Dry","Not Raining","Daylight","Rear End",2,,,1336121.73,1605777.39
"2023-43524-19/09/2025","BLAIR ATHOL","CITY OF PORT ADELAIDE ENFIELD",2,1,0,0,1,2023,"June","Wednesday","04:00 pm",50,"Sealed","Wet","Not Raining","Daylight","Right Angle",2,,,1328128.33,1677782.17
"2023-43525-19/09/2025","BROMPTON","CITY OF CHARLES STURT",2,1,0,0,1,2023,"June","Thursday","05:00 pm",50,"Sealed","Dry","Not Raining","Daylight","Hit Pedestrian",2,,,1326068.36,1673248.71
"2023-43527-19/09/2025","MYPONGA","DC YANKALILLA.",3,1,0,1,0,2023,"June","Thursday","03:50 pm",80,"Sealed","Dry","Not Raining","Daylight","Hit Fixed Object",1,,,1314945.16,1620120.9
"2023-43538-19/09/2025","HOUGHTON","THE ADELAIDE HILLS COUNCIL",2,2,0,0,2,2023,"June","Thursday","09:55 pm",80,"Sealed","Wet","Raining","Night","Hit Fixed Object",1,,,1342433.66,1680459.64
"2023-43543-19/09/2025","KURRALTA PARK","CITY OF WEST TORRENS",2,1,0,0,1,2023,"June","Friday","06:30 am",60,"Sealed","Wet","Raining","Night","Right Turn",2,,,1325778.61,1667717.09