"REPORT_ID","Suburb","LGA Name","Total Units","Total Cas","Total Fats","Total SI","Total MI","Year","Month","Day","Time","Area Speed","Road Surface","Moisture Cond","Weather Cond","DayNight","Crash Type","Unit Resp","DUI Involved","Drugs Involved","ACCLOC_X","ACCLOC_Y"
"2023-43547-19/09/2025","MAGILL","CC CAMPBELLTOWN.",2,1,0,0,1,2023,"June","Friday","08:11 am",50,"Sealed","Wet","Raining","Daylight","Right Angle",1,,,1335046.8,1672918.96
"2023-43548-19/09/2025","NOVAR GARDENS","CITY OF WEST TORRENS",3,1,0,0,1,2023,"June","Friday","08:01 am",60,"Sealed","Wet","Not Raining","Daylight","Hit Fixed Object",1,,,1321619.59,1667161.78
"2023-43551-19/09/2025","SALISBURY NORTH","CITY OF SALISBURY",2,1,0,0,1,2023,"June","Friday","09:14 am",60,"Sealed","Wet","Not Raining","Daylight","Right Angle",2,,,1332046.67,1689326.49
"2023-43552-19/09/2025","GLENGOWRIE","CC MARION.",2,1,0,1,0,2023,"June","Thursday","07:00 pm",60,"Sealed","Wet","Not Raining","Night","Right Angle",2,,,1322639.26,1665278.93
"2023-43555-19/09/2025","ANGASTON","THE BAROSSA COUNCIL.",2,1,0,0,1,2023,"June","Friday","10:31 am",80,"Sealed","Wet","Raining","Daylight","Right Angle",1,,,1369232.76,1717106.68
"2023-43557-19/09/2025","LIGHT PASS","THE BAROSSA COUNCIL.",2,1,0,1,0,2023,"June","Friday","10:35 am",80,"Sealed","Wet","Raining","Daylight","Right Angle",1,,,1369886.37,1718733.13
"2023-43563-19/09/2025","PARAFIELD","CITY OF SALISBURY",2,1,0,0,1,2023,"June","Friday","01:30 am",60,"Sealed","Dry","Not Raining","Night","Hit Fixed Object",1,,,1331692.36,1683542.7
"2023-43573-19/09/2025","SALISBURY PLAIN","CITY OF SALISBURY",2,1,0,0,1,2023,"June","Friday","04:15 pm",60,"Sealed","Dry","Not Raining","Daylight","Side Swipe",2,,,1334269.13,1687550.47
"2023-43575-19/09/2025","EVANSTON","CT GAWLER.",2,1,0,0,1,2023,"June","Friday","04:30 pm",50,"Sealed","Dry","Not Raining","Daylight","Right Turn",1,,,1341883.27,1704358.13
"2023-43581-19/09/2025","RISDON PARK","PT.PIRIE CITY & DIST. COUNCIL",2,3,0,0,3,2023,"June","Friday","06:04 pm",50,"Sealed","Dry","Not Raining","Night","Right Angle",1,,,1278849.47,1863513.39
"2023-43582-19/09/2025","WARD BELT","LIGHT REGIONAL COUNCIL",2,1,0,0,1,2023,"June","Friday","06:15 pm",100,"Sealed","Dry","Not Raining","Night","Hit Fixed Object",1,,,1337298.65,1707979.06
"2023-43585-19/09/2025","ADELAIDE","CITY OF ADELAIDE",2,1,0,0,1,2023,"June","Friday","08:39 pm",50,"Sealed","Wet","Raining","Night","Hit Pedestrian",1,,,1327977.06,1670816.13
"2023-43587-19/09/2025","DOVER GARDENS","CC MARION.",2,1,0,0,1,2023,"June","Friday","09:40 pm",50,"Sealed","Wet","Unknown","Night","Hit Pedestrian",1,,,1322121.43,1659608.04
"2023-43590-19/09/2025","TORRENSVILLE","CITY OF WEST TORRENS",2,1,0,1,0,2023,"June","Friday","10:30 pm",60,"Sealed","Wet","Raining","Night","Right Turn",2,,,1325416.27,1672003.04
"2023-43593-19/09/2025","ELIZABETH SOUTH","CITY OF PLAYFORD.",2,1,0,0,1,2023,"July","Saturday","12:30 am",50,"Sealed","Dry","Not Raining","Night","Hit Fixed Object",1,"Y","Y",1334848.94,1691242.37
"2023-43594-19/09/2025","WOLSELEY","DC TATIARA.",1,1,0,1,0,2023,"July","Saturday","02:30 am",100,"Sealed","Wet","Raining","Night","Roll Over",1,,"Y",1529070.51,1506764.63
"2023-43599-19/09/2025","HILLCREST","CITY OF PORT ADELAIDE ENFIELD",2,1,0,1,0,2023,"July","Saturday","06:00 am",60,"Sealed","Wet","Not Raining","Night","Right Angle",1,,,1332689.57,1677124.76
"2023-43601-19/09/2025","CLAPHAM","CC MITCHAM.",2,1,0,1,0,2023,"July","Saturday","07:42 am",50,"Sealed","Wet","Not Raining","Daylight","Hit Fixed Object",1,,"Y",1328885.18,1663809.58
"2023-43602-19/09/2025","GILLES PLAINS","CITY OF PORT ADELAIDE ENFIELD",2,4,0,0,4,2023,"July","Saturday","09:40 am",60,"Sealed","Dry","Not Raining","Daylight","Right Angle",2,,,1333714.24,1678206.55
"2023-43605-19/09/2025","PARADISE","CC CAMPBELLTOWN.",2,1,0,1,0,2023,"July","Saturday","10:05 am",60,"Sealed","Dry","Not Raining","Daylight","Hit Fixed Object",1,,"Y",1336448.95,1675943.74
"2023-43606-19/09/2025","MILLBROOK","THE ADELAIDE HILLS COUNCIL",3,2,1,0,1,2023,"July","Saturday","08:29 am",80,"Sealed","Wet","Raining","Daylight","Hit Fixed Object",1,,"Y",1346914.15,1678592.12
"2023-43611-19/09/2025","STURT","CC MARION.",2,1,0,0,1,2023,"July","Saturday","12:20 pm",60,"Sealed","Dry","Not Raining","Daylight","Rear End",1,,,1323836.78,1660653.43
"2023-43613-19/09/2025","MOUNT GAMBIER","CC MT.GAMBIER.",2,1,0,0,1,2023,"July","Saturday","12:50 pm",50,"Sealed","Wet","Raining","Daylight","Right Angle",1,,,1509736.76,1340368.93
"2023-43615-19/09/2025","ADELAIDE","CITY OF ADELAIDE",1,1,0,1,0,2023,"June","Friday","09:30 pm",50,"Sealed","Dry","Not Raining","Night","Roll Over",1,,,1328657.63,1671137.83
"2023-43616-19/09/2025","BIBARINGA","CITY OF PLAYFORD.",2,1,0,0,1,2023,"July","Saturday","12:50 pm",80,"Sealed","Dry","Not Raining","Daylight","Right Turn",1,,,1345218.07,1699924.3
"2023-43618-19/09/2025","MOUNT FALKLAND",,2,2,0,0,2,2023,"June","Thursday","11:00 am",100,"Unsealed","Wet","Raining","Daylight","Roll Over",1,,,1325970.47,2090867.06
"2023-43620-19/09/2025","WOODLEIGH","LOXTON WAIKERIE DISTRICT COUNCIL",2,1,0,1,0,2023,"July","Saturday","12:30 pm",100,"Sealed","Dry","Not Raining","Daylight","Hit Object on Road",1,,,1524999.76,1704879.42
"2023-43626-19/09/2025","DERNANCOURT","CITY OF TEA TREE GULLY",4,1,0,0,1,2023,"July","Saturday","06:25 pm",60,"Sealed","Dry","Not Raining","Night","Rear End",1,,,1336147.18,1677408.09
"2023-43627-19/09/2025","VIRGINIA","CITY OF PLAYFORD.",2,2,0,0,2,2023,"July","Saturday","07:27 pm",100,"Sealed","Dry","Not Raining","Night","Head On",1,"Y",,1325085.45,1702167.87
"2023-43628-19/09/2025","COROMANDEL VALLEY","CC MITCHAM.",2,1,0,0,1,2023,"July","Saturday","07:45 pm",50,"Sealed","Dry","Not Raining","Night","Hit Fixed Object",1,,,1330180.25,1658549.06
"2023-43630-19/09/2025","HUNTFIELD HEIGHTS","CITY OF ONKAPARINGA",2,1,0,0,1,2023,"July","Saturday","09:30 pm",50,"Sealed","Dry","Not Raining","Night","Hit Fixed Object",1,,"Y",1319480,1645683.11
"2023-43631-19/09/2025","BURTON","CITY OF SALISBURY",2,1,0,0,1,2023,"July","Saturday","10:40 pm",60,"Sealed","Dry","Not Raining","Night","Rear End",2,"Y",,1329425.98,1689900.12
"2023-43632-19/09/2025","GLOSSOP","THE BERRI BARMERA COUNCIL",1,1,0,1,0,2023,"July","Saturday","07:25 pm",100,"Sealed","Dry","Not Raining","Night","Roll Over",1,,,1508112.69,1737142.73
"2023-43633-19/09/2025","PENFIELD","CITY OF PLAYFORD.",2,1,0,1,0,2023,"July","Sunday","05:18 am",90,"Sealed","Dry","Not Raining","Night","Hit Fixed Object",1,,,1330880.78,1696580.25
"2023-43636-19/09/2025","BIBARINGA","CITY OF PLAYFORD.",2,1,0,0,1,2023,"July","Sunday","11:25 am",80,"Sealed","Dry","Not Raining","Daylight","Hit Fixed Object",1,,,1345206.47,1701122.88
"2023-43639-19/09/2025","SALISBURY","CITY OF SALISBURY",2,1,0,0,1,2023,"June","Friday","06:30 am",60,"Sealed","Wet","Raining","Night","Rear End",2,,,1332747.45,1688546.97
"2023-43645-19/09/2025","SMITHFIELD","CITY OF PLAYFORD.",2,2,0,0,2,2023,"July","Sunday","06:05 pm",80,"Sealed","Dry","Not Raining","Night","Rear End",2,"Y",,1337612.7,1696654.75
"2023-43646-19/09/2025","PENFIELD GARDENS","CITY OF PLAYFORD.",2,5,0,0,5,2023,"July","Sunday","07:34 pm",60,"Sealed","Dry","Not Raining","Night","Right Angle",2,,,1333134.46,1700544.36
"2023-43648-19/09/2025","MITCHAM","CC MITCHAM.",2,1,0,0,1,2023,"July","Sunday","11:30 pm",40,"Sealed","Dry","Not Raining","Night","Hit Fixed Object",1,,,1330697.42,1664095.22
"2023-43655-19/09/2025","PORT ADELAIDE","CITY OF PORT ADELAIDE ENFIELD",2,2,0,0,2,2023,"July","Sunday","03:30 pm",60,"Sealed","Dry","Not Raining","Daylight","Rear End",2,,,1319839.14,1679085.47
"2023-43657-19/09/2025","MOUNT BARKER","DC MT.BARKER.",1,1,0,0,1,2023,"July","Monday","07:30 am",50,"Sealed","Wet","Not Raining","Daylight","Roll Over",1,,,1354339.71,1654941.28
"2023-43658-19/09/2025","BROMPTON","CITY OF CHARLES STURT",2,1,0,1,0,2023,"July","Monday","10:05 am",50,"Sealed","Dry","Not Raining","Daylight","Right Angle",1,,"Y",1325931.76,1673501.69
"2023-43671-19/09/2025","ADELAIDE","CITY OF ADELAIDE",2,1,0,0,1,2023,"July","Monday","03:15 pm",60,"Sealed","Dry","Not Raining","Daylight","Side Swipe",2,,,1327376.34,1670685.76
"2023-43678-19/09/2025","LOVEDAY","THE BERRI BARMERA COUNCIL",2,1,0,0,1,2023,"July","Monday","07:08 pm",100,"Sealed","Wet","Raining","Night","Right Angle",2,,,1501847.26,1735471.43
"2023-43686-19/09/2025","BUCHFELDE","LIGHT REGIONAL COUNCIL",3,2,0,0,2,2023,"July","Tuesday","07:16 am",110,"Sealed","Wet","Raining","Night","Hit Fixed Object",1,,,1341052.43,1705623.2
"2023-43687-19/09/2025","CURRENCY CREEK","ALEXANDRINA COUNCIL",1,1,0,0,1,2023,"July","Tuesday","07:21 am",100,"Sealed","Wet","Not Raining","Night","Roll Over",1,,,1341599.24,1609629.78
"2023-43691-19/09/2025","HOLDEN HILL","CITY OF PORT ADELAIDE ENFIELD",2,1,0,0,1,2023,"July","Tuesday","08:30 am",60,"Sealed","Wet","Not Raining","Daylight","Rear End",2,,,1334272.93,1678317.65
"2023-43693-19/09/2025","SALISBURY","CITY OF SALISBURY",2,1,0,0,1,2023,"July","Monday","10:00 am",60,"Sealed","Dry","Not Raining","Daylight","Hit Pedestrian",2,,,1332873.44,1688481.92
"2023-43696-19/09/2025","EDINBURGH","CITY OF SALISBURY",1,1,0,0,1,2023,"July","Monday","11:15 pm",60,"Sealed","Wet","Not Raining","Night","Roll Over",1,,,1333887.17,1694404.33
"2023-43703-19/09/2025","SEATON","CITY OF CHARLES STURT",4,1,0,0,1,2023,"July","Tuesday","12:40 pm",60,"Sealed","Dry","Not Raining","Daylight","Side Swipe",1,,,1320976.77,1674689.6
"2023-43708-19/09/2025","HAZELWOOD PARK","CITY OF BURNSIDE",2,1,0,0,1,2023,"July","Tuesday","02:35 pm",60,"Sealed","Dry","Not Raining","Daylight","Side Swipe",1,,,1333327.15,1669080.98
"2023-43710-19/09/2025","PARALOWIE","CITY OF SALISBURY",2,1,0,0,1,2023,"July","Tuesday","03:16 pm",50,"Sealed","Dry","Not Raining","Daylight","Right Angle",2,,,1330355.27,1690007.61
"2023-43716-19/09/2025","WINGFIELD","CITY OF PORT ADELAIDE ENFIELD",2,1,0,0,1,2023,"July","Tuesday","05:05 pm",60,"Sealed","Dry","Not Raining","Daylight","Rear End",2,"Y",,1326388.52,1679169.53
"2023-43721-19/09/2025","MONASH","THE BERRI BARMERA COUNCIL",2,2,0,0,2,2023,"July","Tuesday","06:31 pm",110,"Sealed","Dry","Not Raining","Night","Head On",1,,,1516594.14,1737719.31
"2023-43723-19/09/2025","TORRENSVILLE","CITY OF WEST TORRENS",2,1,0,1,0,2023,"July","Tuesday","08:42 pm",60,"Sealed","Dry","Not Raining","Night","Hit Fixed Object",1,"Y","Y",1325337.04,1672240.78
"2023-43727-19/09/2025","WALKERVILLE","WALKERVILLE TOWN COUNCIL",2,1,0,0,1,2023,"July","Wednesday","07:48 am",60,"Sealed","Dry","Not Raining","Daylight","Right Turn",1,,,1329861.24,1674670.61
"2023-43733-19/09/2025","KESWICK TERMINAL","CITY OF WEST TORRENS",1,1,0,0,1,2023,"July","Tuesday","08:15 pm",60,"Sealed","Dry","Not Raining","Night","Roll Over",1,,,1326431.79,1668967.8
"2023-43734-19/09/2025","POORAKA","CITY OF SALISBURY",2,1,0,0,1,2023,"July","Wednesday","10:05 am",70,"Unsealed","Dry","Not Raining","Daylight","Right Angle",2,,,1331239.17,1681814.67
"2023-43735-19/09/2025","HAHNDORF","DC MT.BARKER.",2,1,0,0,1,2023,"July","Wednesday","10:10 am",40,"Sealed","Dry","Not Raining","Daylight","Hit Pedestrian",1,,,1347213.95,1658592.75
"2023-43741-19/09/2025","PARADISE","CC CAMPBELLTOWN.",2,1,0,1,0,2023,"July","Wednesday","12:30 pm",60,"Sealed","Dry","Not Raining","Daylight","Right Turn",1,,,1335277.94,1676470.55
"2023-43742-19/09/2025","MCLAREN VALE","CITY OF ONKAPARINGA",2,1,0,1,0,2023,"July","Wednesday","12:50 pm",80,"Sealed","Dry","Not Raining","Daylight","Right Angle",2,,,1322960.76,1635999.19
"2023-43755-19/09/2025","ADELAIDE","CITY OF ADELAIDE",2,1,0,0,1,2023,"July","Tuesday","06:56 pm",50,"Sealed","Dry","Not Raining","Night","Side Swipe",2,,,1327914.27,1670937.88
"2023-43764-19/09/2025","ADELAIDE","CITY OF ADELAIDE",2,1,0,1,0,2023,"July","Thursday","06:41 am",60,"Sealed","Wet","Raining","Night","Side Swipe",2,,,1330222.3,1670400.15
"2023-43765-19/09/2025","ALDGATE","THE ADELAIDE HILLS COUNCIL",3,1,0,0,1,2023,"July","Thursday","07:20 am",110,"Sealed","Wet","Raining","Night","Rear End",2,,,1341753.01,1662104.91
"2023-43766-19/09/2025","ALDGATE","THE ADELAIDE HILLS COUNCIL",2,1,0,0,1,2023,"July","Thursday","07:39 am",110,"Sealed","Wet","Raining","Daylight","Rear End",1,,,1341501.2,1662204.01
"2023-43767-19/09/2025","NEWTON","CC CAMPBELLTOWN.",2,1,0,0,1,2023,"July","Thursday","06:30 am",60,"Sealed","Wet","Not Raining","Night","Right Turn",2,,,1335409.35,1674554.22
"2023-43769-19/09/2025","MODBURY","CITY OF TEA TREE GULLY",2,1,0,0,1,2023,"July","Wednesday","08:05 am",60,"Sealed","Dry","Not Raining","Daylight","Rear End",2,,,1337309.47,1681192.91
"2023-43770-19/09/2025","HACKHAM","CITY OF ONKAPARINGA",2,1,0,0,1,2023,"July","Thursday","09:03 am",50,"Sealed","Wet","Raining","Daylight","Right Angle",1,,,1320888.57,1646005.01
"2023-43779-19/09/2025","KILBURN","CITY OF PORT ADELAIDE ENFIELD",2,1,0,0,1,2023,"July","Thursday","12:27 pm",60,"Sealed","Dry","Not Raining","Daylight","Side Swipe",1,,,1327197.35,1677836.95
"2023-43789-19/09/2025","KLEMZIG","CITY OF PORT ADELAIDE ENFIELD",3,1,0,0,1,2023,"July","Thursday","05:30 pm",60,"Sealed","Wet","Raining","Night","Rear End",2,,,1332133.09,1675052.06
"2023-43792-19/09/2025","FIRLE","CC OF NORWOOD,PAYNEHAM & ST PETERS",2,1,0,0,1,2023,"July","Thursday","06:15 pm",60,"Sealed","Wet","Not Raining","Night","Side Swipe",1,,,1333826.51,1673212.8
"2023-43796-19/09/2025","BROOKLYN PARK","CITY OF WEST TORRENS",3,2,0,2,0,2023,"July","Thursday","08:46 pm",60,"Sealed","Wet","Not Raining","Night","Right Turn",2,,,1324123.03,1670938.82
"2023-43798-19/09/2025","PARA HILLS","CITY OF SALISBURY",1,1,0,0,1,2023,"July","Thursday","07:40 pm",60,"Sealed","Wet","Raining","Night","Roll Over",1,,,1334422.96,1683187.2
"2023-43799-19/09/2025","CARPENTER ROCKS","DISTRICT COUNCIL OF GRANT",2,1,1,0,0,2023,"July","Thursday","11:34 pm",80,"Sealed","Wet","Unknown","Night","Hit Fixed Object",1,"Y","Y",1476543.69,1332303.02
"2023-43803-19/09/2025","CAMDEN PARK","CITY OF WEST TORRENS",2,1,0,0,1,2023,"July","Friday","08:10 am",60,"Sealed","Wet","Not Raining","Daylight","Right Turn",2,,,1323063.7,1665703.6
"2023-43804-19/09/2025","MILE END","CITY OF WEST TORRENS",2,1,0,0,1,2023,"July","Friday","08:20 am",60,"Sealed","Wet","Not Raining","Daylight","Rear End",2,,,1326279.99,1670246.25
"2023-43807-19/09/2025","WYNARKA","DC KAROONDA EAST MURRAY.",2,2,1,0,1,2023,"July","Friday","08:21 am",110,"Sealed","Wet","Not Raining","Daylight","Head On",1,,,1421097.21,1643521.74
"2023-43811-19/09/2025","NOARLUNGA CENTRE","CITY OF ONKAPARINGA",2,2,0,0,2,2023,"July","Friday","10:00 am",60,"Sealed","Dry","Not Raining","Daylight","Right Angle",2,,,1317352.19,1647429.77
"2023-43812-19/09/2025","PARAFIELD GARDENS","CITY OF SALISBURY",2,1,0,0,1,2023,"July","Friday","10:20 am",50,"Sealed","Wet","Not Raining","Daylight","Side Swipe",1,,,1329977.07,1687228.63
"2023-43814-19/09/2025","NOARLUNGA CENTRE","CITY OF ONKAPARINGA",4,2,0,0,2,2023,"July","Friday","10:50 am",60,"Sealed","Dry","Not Raining","Daylight","Rear End",1,,,1319008.78,1647480.96
"2023-43817-19/09/2025","REGENCY PARK","CITY OF PORT ADELAIDE ENFIELD",2,1,0,0,1,2023,"July","Friday","12:00 pm",60,"Sealed","Dry","Not Raining","Daylight","Right Angle",2,,,1326048.74,1676376.57
"2023-43820-19/09/2025","PARAFIELD GARDENS","CITY OF SALISBURY",2,2,0,0,2,2023,"July","Thursday","07:00 pm",70,"Sealed","Dry","Not Raining","Night","Right Angle",2,,,1329053.39,1685667.81
"2023-43822-19/09/2025","SALISBURY NORTH","CITY OF SALISBURY",2,1,0,1,0,2023,"July","Friday","02:01 pm",60,"Sealed","Dry","Not Raining","Daylight","Right Angle",2,,"Y",1332234.04,1689178.01
"2023-43824-19/09/2025","MUNNO PARA","CITY OF PLAYFORD.",2,1,0,0,1,2023,"July","Friday","02:31 pm",50,"Sealed","Dry","Not Raining","Daylight","Hit Pedestrian",2,,,1336724.49,1698810.06
"2023-43826-19/09/2025","ADELAIDE","CITY OF ADELAIDE",2,1,0,0,1,2023,"July","Friday","04:20 pm",50,"Sealed","Dry","Not Raining","Daylight","Rear End",2,,,1329056.26,1669586.88
"2023-43827-19/09/2025","PORT ELLIOT","ALEXANDRINA COUNCIL",2,1,0,0,1,2023,"July","Friday","03:17 pm",100,"Sealed","Dry","Not Raining","Daylight","Hit Fixed Object",1,,,1331868.39,1608448.53
"2023-43828-19/09/2025","BRIDGEWATER","THE ADELAIDE HILLS COUNCIL",3,1,0,0,1,2023,"July","Friday","04:04 pm",110,"Sealed","Dry","Not Raining","Daylight","Hit Object on Road",1,,,1343225.49,1661521.28
"2023-43829-19/09/2025","NETLEY","CITY OF WEST TORRENS",2,1,0,0,1,2023,"July","Friday","03:25 pm",60,"Sealed","Dry","Not Raining","Daylight","Hit Pedestrian",1,,,1324190.24,1667987.7
"2023-43832-19/09/2025","STEPNEY","CC OF NORWOOD,PAYNEHAM & ST PETERS",2,1,0,0,1,2023,"June","Thursday","04:50 pm",60,"Sealed","Dry","Not Raining","Daylight","Rear End",2,,,1331410.34,1671738.59
"2023-43835-19/09/2025","PORT AUGUSTA","CC PT.AUGUSTA.",4,1,1,0,0,2023,"July","Friday","03:35 pm",50,"Sealed","Dry","Not Raining","Daylight","Hit Pedestrian",2,,,1260406.57,1942387.74
"2023-43836-19/09/2025","MEDINDIE","WALKERVILLE TOWN COUNCIL",2,2,0,0,2,2023,"July","Friday","05:30 pm",60,"Sealed","Dry","Not Raining","Night","Right Turn",2,,,1328746.17,1673528.95
"2023-43837-19/09/2025","NURIOOTPA","LIGHT REGIONAL COUNCIL",2,1,0,0,1,2023,"July","Friday","06:21 pm",80,"Sealed","Dry","Not Raining","Night","Head On",2,"Y",,1363597.4,1720008.82
"2023-43838-19/09/2025","MAWSON LAKES","CITY OF SALISBURY",2,2,0,0,2,2023,"July","Friday","06:40 pm",80,"Sealed","Dry","Not Raining","Night","Rear End",2,,,1331543.25,1683183.65
"2023-43845-19/09/2025","ADELAIDE","CITY OF ADELAIDE",2,1,0,0,1,2023,"July","Friday","09:31 pm",50,"Sealed","Dry","Not Raining","Night","Right Turn",1,,,1328448.73,1671622.84
"2023-43847-19/09/2025","MOUNT BARKER","DC MT.BARKER.",2,1,0,0,1,2023,"July","Saturday","06:30 am",60,"Sealed","Wet","Unknown","Night","Other",9,,,1350073.99,1653979.92
"2023-43852-19/09/2025","WOODS POINT","RC MURRAY BRIDGE.",2,1,0,0,1,2023,"July","Saturday","10:50 am",100,"Sealed","Wet","Unknown","Daylight","Right Angle",2,,,1398384.52,1635301.7
"2023-43857-19/09/2025","O'HALLORAN HILL","CC MARION.",2,1,0,0,1,2023,"July","Saturday","11:57 am",80,"Sealed","Dry","Not Raining","Daylight","Hit Fixed Object",9,,,1323121.68,1656644.22
"2023-43860-19/09/2025","GAWLER SOUTH","CT GAWLER.",3,1,0,0,1,2023,"July","Saturday","11:52 am",50,"Sealed","Wet","Raining","Daylight","Rear End",1,,,1342774.91,1705319.25
"2023-43868-19/09/2025","WEST LAKES","CITY OF CHARLES STURT",2,1,0,0,1,2023,"July","Saturday","02:55 pm",40,"Sealed","Dry","Not Raining","Daylight","Hit Pedestrian",2,,,1319540.69,1675941.05
"2023-43875-19/09/2025","SALISBURY","CITY OF SALISBURY",2,1,0,0,1,2023,"July","Saturday","04:46 pm",60,"Sealed","Wet","Raining","Daylight","Right Angle",2,,,1333481.26,1689043.72
"2023-43876-19/09/2025","GOLDEN GROVE","CITY OF TEA TREE GULLY",2,2,0,0,2,2023,"July","Friday","04:05 pm",50,"Sealed","Dry","Not Raining","Daylight","Rear End",2,,,1337488.22,1685531.29
"2023-43878-19/09/2025","DENIAL BAY","DC CEDUNA",1,2,1,1,0,2023,"July","Saturday","06:00 pm",100,"Sealed","Dry","Not Raining","Night","Roll Over",1,"Y",,868414.2,1989893.27
"2023-43882-19/09/2025","WOODCROFT","CITY OF ONKAPARINGA",2,1,0,1,0,2023,"July","Sunday","02:30 am",60,"Sealed","Dry","Not Raining","Night","Hit Fixed Object",1,"Y",,1323892.71,1649938.23
"2023-43892-19/09/2025","HINDMARSH","CITY OF CHARLES STURT",6,1,0,0,1,2023,"July","Sunday","03:26 pm",60,"Sealed","Wet","Raining","Daylight","Rear End",1,"Y",,1326056.45,1673028.42
"2023-43894-19/09/2025","KILBURN","CITY OF PORT ADELAIDE ENFIELD",2,1,0,0,1,2023,"July","Sunday","03:20 pm",60,"Sealed","Dry","Not Raining","Daylight","Right Turn",1,,,1327215.68,1677438.43
"2023-43896-19/09/2025","MODBURY NORTH","CITY OF TEA TREE GULLY",2,1,0,0,1,2023,"July","Sunday","04:02 pm",60,"Sealed","Wet","Raining","Daylight","Right Angle",2,,,1335649.88,1682335.63
"2023-43897-19/09/2025","GOOLWA SOUTH","ALEXANDRINA COUNCIL",1,1,0,0,1,2023,"July","Sunday","04:10 pm",60,"Sealed","Dry","Not Raining","Daylight","Roll Over",1,,,1342908.7,1605285.34
"2023-43902-19/09/2025","FLINDERS PARK","CITY OF CHARLES STURT",2,1,0,0,1,2023,"July","Sunday","10:00 pm",60,"Sealed","Wet","Not Raining","Night","Rear End",2,,,1323658.18,1673162.5
"2023-43905-19/09/2025","WIRRAMINNA",,2,1,0,1,0,2023,"July","Sunday","10:40 pm",110,"Sealed","Dry","Not Raining","Night","Hit Parked Vehicle",1,,"Y",1133054.61,2083619.15
"2023-43909-19/09/2025","FINNISS","ALEXANDRINA COUNCIL",2,1,0,1,0,2023,"July","Monday","06:40 am",80,"Sealed","Wet","Not Raining","Night","Hit Fixed Object",1,,"Y",1347166.2,1619419.11
"2023-43911-19/09/2025","SWAN REACH","MID MURRAY DISTRICT COUNCIL",1,1,0,0,1,2023,"July","Monday","05:55 am",110,"Sealed","Wet","Not Raining","Night","Roll Over",1,,"Y",1423134.54,1703811.01
"2023-43913-19/09/2025","ADELAIDE","CITY OF ADELAIDE",2,1,0,0,1,2023,"July","Monday","08:00 am",50,"Sealed","Dry","Not Raining","Daylight","Rear End",2,,,1329256.62,1670538.67
"2023-43919-19/09/2025","BEVERLEY","CITY OF CHARLES STURT",2,1,0,0,1,2023,"July","Monday","10:15 am",60,"Sealed","Dry","Not Raining","Daylight","Rear End",1,,,1324201.91,1673214.44
"2023-43921-19/09/2025","NORWOOD","CC OF NORWOOD,PAYNEHAM & ST PETERS",2,1,0,0,1,2023,"July","Monday","12:10 pm",60,"Sealed","Dry","Not Raining","Daylight","Side Swipe",1,,,1331126.92,1671059.25
"2023-43930-19/09/2025","NORWOOD","CC OF NORWOOD,PAYNEHAM & ST PETERS",2,1,0,0,1,2023,"July","Sunday","12:15 pm",60,"Sealed","Wet","Raining","Daylight","Right Angle",2,,,1330623.32,1670361.88
"2023-43932-19/09/2025","TOTNESS","DC MT.BARKER.",2,1,0,0,1,2023,"July","Monday","09:50 am",80,"Sealed","Dry","Not Raining","Daylight","Right Turn",2,,,1350988.05,1655305.02
"2023-43933-19/09/2025","SALISBURY","CITY OF SALISBURY",2,1,0,0,1,2023,"July","Monday","03:55 pm",50,"Sealed","Dry","Not Raining","Daylight","Hit Parked Vehicle",1,,,1332848.29,1688359.33
"2023-43934-19/09/2025","BEACHPORT","WATTLE RANGE COUNCIL",2,2,0,0,2,2023,"July","Monday","02:45 pm",80,"Sealed","Dry","Not Raining","Daylight","Right Angle",2,,,1446345.69,1382881.09
"2023-43936-19/09/2025","WOODCROFT","CITY OF ONKAPARINGA",2,1,0,0,1,2023,"July","Monday","05:32 pm",80,"Sealed","Dry","Not Raining","Night","Right Angle",1,,,1323044.71,1651772.86
"2023-43938-19/09/2025","MORPHETT VALE","CITY OF ONKAPARINGA",3,1,0,0,1,2023,"July","Monday","06:10 pm",60,"Sealed","Dry","Not Raining","Night","Rear End",1,,"Y",1320791.4,1648693.6
"2023-43943-19/09/2025","DRY CREEK","CITY OF PORT ADELAIDE ENFIELD",3,1,0,0,1,2023,"July","Monday","10:51 pm",70,"Sealed","Dry","Not Raining","Night","Side Swipe",1,,,1327819.37,1679866.92
"2023-43949-19/09/2025","NORTH ADELAIDE","CITY OF ADELAIDE",2,1,0,1,0,2023,"July","Tuesday","07:20 am",50,"Sealed","Dry","Not Raining","Night","Rear End",2,,,1327864.76,1672479.43
"2023-43954-19/09/2025","STURT","CC MARION.",2,1,0,0,1,2023,"June","Friday","08:30 am",60,"Sealed","Dry","Not Raining","Daylight","Rear End",1,,,1323630.79,1660646.68
"2023-43959-19/09/2025","PARACOMBE","THE ADELAIDE HILLS COUNCIL",2,1,0,1,0,2023,"July","Tuesday","10:50 am",80,"Sealed","Dry","Not Raining","Daylight","Roll Over",1,,,1344021.76,1676948.82
"2023-43961-19/09/2025","VIRGINIA","CITY OF PLAYFORD.",2,2,0,0,2,2023,"July","Tuesday","01:50 pm",80,"Sealed","Dry","Not Raining","Daylight","Rear End",1,,,1325450.59,1701349.47
"2023-43964-19/09/2025","EDINBURGH","CITY OF SALISBURY",2,1,0,1,0,2023,"July","Tuesday","03:22 pm",60,"Sealed","Dry","Not Raining","Daylight","Rear End",1,,"Y",1333373.06,1693474
"2023-43967-19/09/2025","MOUNT BARKER SUMMIT","DC MT.BARKER.",2,1,0,1,0,2023,"July","Thursday","09:20 am",80,"Sealed","Wet","Not Raining","Daylight","Hit Fixed Object",1,,,1357667.74,1653507.9