"REPORT_ID","Suburb","LGA Name","Total Units","Total Cas","Total Fats","Total SI","Total MI","Year","Month","Day","Time","Area Speed","Road Surface","Moisture Cond","Weather Cond","DayNight","Crash Type","Unit Resp","DUI Involved","Drugs Involved","ACCLOC_X","ACCLOC_Y"
"2023-43968-19/09/2025","ELIZABETH SOUTH","CITY OF PLAYFORD.",2,1,0,0,1,2023,"July","Tuesday","04:06 pm",60,"Sealed","Dry","Not Raining","Daylight","Rear End",2,,,1334410.7,1690033.66
"2023-43970-19/09/2025","DAVOREN PARK","CITY OF PLAYFORD.",2,1,0,0,1,2023,"July","Tuesday","05:01 pm",60,"Sealed","Dry","Not Raining","Daylight","Rear End",1,,,1335424.27,1695238.74
"2023-43972-19/09/2025","RICHMOND","CITY OF WEST TORRENS",2,1,0,0,1,2023,"July","Tuesday","04:45 pm",60,"Sealed","Dry","Not Raining","Daylight","Side Swipe",1,,,1325795.57,1669279.43
"2023-43974-19/09/2025","BROADVIEW","CITY OF PROSPECT",2,1,0,0,1,2023,"July","Tuesday","04:50 pm",50,"Sealed","Dry","Not Raining","Daylight","Right Angle",2,,,1329975.94,1676001.45
"2023-43976-19/09/2025","UNDERDALE","CITY OF WEST TORRENS",2,2,0,0,2,2023,"July","Tuesday","06:10 pm",60,"Sealed","Dry","Not Raining","Night","Right Turn",2,,,1323829.19,1671602.14
"2023-43982-19/09/2025","WARRADALE","CC MARION.",2,1,0,0,1,2023,"July","Wednesday","06:20 am",60,"Sealed","Dry","Not Raining","Night","Rear End",1,,,1322621.26,1661703.29
"2023-43987-19/09/2025","MCLAREN FLAT","CITY OF ONKAPARINGA",2,1,0,0,1,2023,"July","Wednesday","12:04 pm",50,"Sealed","Dry","Not Raining","Daylight","Right Angle",1,,,1326216.86,1639588.62
"2023-43998-19/09/2025","LOXTON","LOXTON WAIKERIE DISTRICT COUNCIL",3,1,0,1,0,2023,"July","Wednesday","03:00 pm",50,"Sealed","Dry","Not Raining","Daylight","Hit Fixed Object",1,,,1510845.11,1715476.81
"2023-44000-19/09/2025","AYERS RANGE SOUTH",,2,2,0,1,1,2023,"July","Wednesday","02:49 pm",110,"Sealed","Dry","Not Raining","Daylight","Side Swipe",2,,,818602.95,2632091.27
"2023-44001-19/09/2025","GOOLWA","ALEXANDRINA COUNCIL",2,1,0,0,1,2023,"July","Friday","11:30 pm",50,"Sealed","Wet","Unknown","Night","Hit Pedestrian",1,"Y",,1342740.16,1605927.44
"2023-44003-19/09/2025","HAPPY VALLEY","CITY OF ONKAPARINGA",3,1,0,0,1,2023,"July","Wednesday","05:10 pm",80,"Sealed","Dry","Not Raining","Daylight","Rear End",2,,,1326426.41,1654758.15
"2023-44004-19/09/2025","SMITHFIELD PLAINS","CITY OF PLAYFORD.",2,1,0,0,1,2023,"July","Wednesday","05:30 pm",50,"Unsealed","Dry","Not Raining","Night","Hit Fixed Object",1,,,1336209.8,1698336.55
"2023-44008-19/09/2025","HANSON","REGIONAL COUNCIL OF GOYDER",2,1,0,0,1,2023,"July","Wednesday","06:00 pm",100,"Sealed","Dry","Not Raining","Night","Hit Fixed Object",1,,,1352712.1,1802105.12
"2023-44010-19/09/2025","HINDMARSH","CITY OF CHARLES STURT",2,1,0,0,1,2023,"July","Wednesday","08:32 pm",60,"Sealed","Dry","Not Raining","Night","Right Angle",1,,,1325821.84,1673163.93
"2023-44020-19/09/2025","KINGSCOTE","KANGAROO ISLAND COUNCIL",2,1,0,0,1,2023,"July","Wednesday","01:50 pm",50,"Unsealed","Dry","Not Raining","Daylight","Right Angle",2,,,1237867.44,1592816.21
"2023-44028-19/09/2025","MELROSE PARK","CC MITCHAM.",3,1,0,0,1,2023,"July","Thursday","10:50 am",60,"Sealed","Dry","Not Raining","Daylight","Hit Pedestrian",1,,,1325950.12,1663813.33
"2023-44032-19/09/2025","PARA HILLS WEST","CITY OF SALISBURY",3,1,0,0,1,2023,"July","Thursday","12:10 pm",80,"Sealed","Dry","Not Raining","Daylight","Side Swipe",2,,,1332613.74,1684503.42
"2023-44036-19/09/2025","MOUNT BARKER","DC MT.BARKER.",2,1,0,0,1,2023,"July","Thursday","08:50 am",50,"Sealed","Dry","Not Raining","Daylight","Right Turn",1,,,1353443.72,1653037.66
"2023-44037-19/09/2025","NEW PORT","CITY OF PORT ADELAIDE ENFIELD",2,1,0,0,1,2023,"July","Thursday","06:30 am",60,"Sealed","Dry","Not Raining","Night","Right Angle",2,,,1319183.3,1679164.13
"2023-44040-19/09/2025","HAPPY VALLEY","CITY OF ONKAPARINGA",2,1,0,0,1,2023,"July","Thursday","02:14 pm",50,"Sealed","Dry","Not Raining","Daylight","Hit Pedestrian",1,"Y",,1325283.32,1652991.87
"2023-44041-19/09/2025","OAKDEN","CITY OF PORT ADELAIDE ENFIELD",1,1,0,0,1,2023,"July","Thursday","03:20 pm",50,"Sealed","Dry","Not Raining","Daylight","Roll Over",1,,,1332867.65,1677913.44
"2023-44042-19/09/2025","PAYNEHAM","CC OF NORWOOD,PAYNEHAM & ST PETERS",2,1,0,0,1,2023,"July","Thursday","03:24 pm",60,"Sealed","Dry","Not Raining","Daylight","Right Turn",2,,,1332162.99,1673774.81
"2023-44043-19/09/2025","CHERRYVILLE","THE ADELAIDE HILLS COUNCIL",3,1,0,1,0,2023,"July","Thursday","03:10 pm",80,"Sealed","Dry","Not Raining","Daylight","Hit Fixed Object",1,,,1343851,1672529.22
"2023-44044-19/09/2025","MUNNO PARA","CITY OF PLAYFORD.",2,1,0,0,1,2023,"July","Thursday","05:10 pm",60,"Sealed","Dry","Not Raining","Daylight","Rear End",2,,,1336256.29,1698774.86
"2023-44045-19/09/2025","STEPNEY","CC OF NORWOOD,PAYNEHAM & ST PETERS",2,1,0,0,1,2023,"July","Thursday","06:19 pm",60,"Sealed","Dry","Not Raining","Night","Right Turn",2,,,1331113.37,1672400.35
"2023-44046-19/09/2025","MUNNO PARA","CITY OF PLAYFORD.",2,2,0,0,2,2023,"July","Thursday","06:15 pm",60,"Sealed","Dry","Not Raining","Night","Right Turn",1,,,1336828.02,1698757.52
"2023-44047-19/09/2025","WESTERN FLAT","DC TATIARA.",2,1,0,0,1,2023,"July","Thursday","06:00 pm",100,"Sealed","Dry","Not Raining","Night","Roll Over",1,,,1503455.52,1476903.68
"2023-44049-19/09/2025","TWO WELLS","DC MALLALA.",2,2,0,1,1,2023,"July","Thursday","04:45 pm",110,"Sealed","Dry","Not Raining","Daylight","Right Turn",1,,,1321397.01,1707669.72
"2023-44053-19/09/2025","DIREK","CITY OF SALISBURY",2,1,0,1,0,2023,"July","Thursday","08:20 pm",80,"Sealed","Dry","Not Raining","Night","Hit Fixed Object",1,,"Y",1329476.02,1693248.19
"2023-44055-19/09/2025","SEMAPHORE PARK","CITY OF CHARLES STURT",2,1,0,0,1,2023,"July","Friday","03:45 am",50,"Sealed","Dry","Not Raining","Night","Hit Fixed Object",1,,,1319021.13,1678881.72
"2023-44059-19/09/2025","BLAIR ATHOL","CITY OF PORT ADELAIDE ENFIELD",2,1,0,0,1,2023,"July","Friday","09:30 am",50,"Sealed","Dry","Not Raining","Daylight","Hit Parked Vehicle",1,,,1328439.39,1678105.02
"2023-44063-19/09/2025","PORT LINCOLN","CC PT.LINCOLN.",2,1,0,1,0,2023,"July","Friday","10:40 am",50,"Sealed","Dry","Not Raining","Daylight","Right Angle",2,,,1079874.77,1696987.96
"2023-44076-19/09/2025","ADELAIDE","CITY OF ADELAIDE",2,1,0,1,0,2023,"July","Friday","05:55 pm",50,"Sealed","Dry","Not Raining","Night","Side Swipe",1,,,1329850.26,1670390.98
"2023-44080-19/09/2025","ROYSTON PARK","CC OF NORWOOD,PAYNEHAM & ST PETERS",4,2,0,2,0,2023,"July","Friday","06:50 pm",50,"Sealed","Dry","Not Raining","Night","Right Angle",2,,,1331794.96,1673536.36
"2023-44089-19/09/2025","WOODVILLE","CITY OF CHARLES STURT",2,1,0,0,1,2023,"July","Saturday","09:15 am",60,"Sealed","Dry","Not Raining","Daylight","Hit Pedestrian",2,,,1322858.33,1675787.3
"2023-44093-19/09/2025","HENLEY BEACH SOUTH","CITY OF CHARLES STURT",2,1,0,1,0,2023,"July","Saturday","10:30 am",50,"Sealed","Dry","Not Raining","Daylight","Right Angle",2,,,1319125.61,1670999.07
"2023-44094-19/09/2025","OAKLANDS PARK","CC MARION.",2,1,0,0,1,2023,"July","Saturday","10:39 am",60,"Sealed","Dry","Not Raining","Daylight","Right Turn",1,,,1323159.67,1661046.38
"2023-44099-19/09/2025","ADELAIDE","CITY OF ADELAIDE",2,1,0,0,1,2023,"July","Saturday","01:50 pm",50,"Sealed","Dry","Not Raining","Daylight","Right Angle",2,,,1328117.51,1670022.83
"2023-44100-19/09/2025","CAMPBELLTOWN","CC CAMPBELLTOWN.",2,1,0,0,1,2023,"July","Saturday","02:20 pm",60,"Sealed","Dry","Not Raining","Daylight","Right Angle",2,,,1334468.27,1675734.19
"2023-44101-19/09/2025","GILLES PLAINS","CITY OF PORT ADELAIDE ENFIELD",2,1,0,0,1,2023,"July","Saturday","03:00 pm",60,"Sealed","Dry","Not Raining","Daylight","Right Angle",1,,,1333704.7,1678196.53
"2023-44102-19/09/2025","PANORAMA","CC MITCHAM.",2,1,0,0,1,2023,"July","Saturday","03:00 pm",60,"Sealed","Dry","Not Raining","Daylight","Rear End",2,,,1327593.65,1663436.21
"2023-44111-19/09/2025","BUTE","BARUNGA WEST DISTRICT COUNCIL",2,1,0,0,1,2023,"July","Sunday","02:20 am",100,"Sealed","Dry","Not Raining","Night","Hit Fixed Object",1,"Y",,1276116.47,1788960.79
"2023-44115-19/09/2025","MOUNT BARKER","DC MT.BARKER.",2,2,0,0,2,2023,"July","Sunday","10:45 am",50,"Sealed","Dry","Not Raining","Daylight","Rear End",1,,,1351883.57,1653846.17
"2023-44120-19/09/2025","KAPUNDA","LIGHT REGIONAL COUNCIL",2,1,0,1,0,2023,"July","Sunday","12:10 pm",100,"Sealed","Dry","Not Raining","Daylight","Right Turn",1,,,1361798.61,1736098.83
"2023-44124-19/09/2025","ARMAGH","CLARE AND GILBERT VALLEYS DISTRICT COUNCIL",2,1,0,0,1,2023,"July","Friday","06:15 pm",100,"Unsealed","Dry","Not Raining","Night","Hit Fixed Object",1,,,1329213.6,1791538.4
"2023-44131-19/09/2025","SALISBURY PLAIN","CITY OF SALISBURY",2,1,0,0,1,2023,"July","Sunday","04:20 pm",80,"Sealed","Dry","Not Raining","Daylight","Rear End",1,,,1335455.1,1688128.4
"2023-44134-19/09/2025","PARACOMBE","THE ADELAIDE HILLS COUNCIL",2,1,0,1,0,2023,"July","Sunday","03:35 pm",80,"Sealed","Dry","Not Raining","Daylight","Hit Fixed Object",1,,,1343918.09,1676936.27
"2023-44139-19/09/2025","GLENSIDE","CITY OF BURNSIDE",2,3,0,0,3,2023,"July","Monday","08:35 am",60,"Sealed","Dry","Not Raining","Daylight","Right Turn",1,,,1330687.25,1668997.74
"2023-44144-19/09/2025","COWANDILLA","CITY OF WEST TORRENS",4,1,0,0,1,2023,"July","Monday","10:12 am",60,"Sealed","Dry","Not Raining","Daylight","Right Turn",2,,,1324145.71,1670043.9
"2023-44148-19/09/2025","SOUTH PLYMPTON","CC MARION.",2,1,0,0,1,2023,"July","Monday","01:00 pm",60,"Sealed","Dry","Not Raining","Daylight","Side Swipe",1,,,1324281.85,1664736.96
"2023-44149-19/09/2025","HINDMARSH","CITY OF CHARLES STURT",2,1,0,0,1,2023,"July","Sunday","03:15 pm",60,"Sealed","Dry","Not Raining","Daylight","Rear End",2,,,1326463.81,1672651.14
"2023-44151-19/09/2025","ST MARYS","CC MITCHAM.",2,1,0,0,1,2023,"July","Monday","12:41 pm",60,"Sealed","Dry","Not Raining","Daylight","Rear End",1,,,1326615.08,1663338.81
"2023-44154-19/09/2025","RIDLEYTON","CITY OF CHARLES STURT",3,2,0,0,2,2023,"July","Monday","03:14 pm",60,"Sealed","Dry","Not Raining","Daylight","Hit Pedestrian",1,,,1326114.33,1674736.54
"2023-44155-19/09/2025","PAYNEHAM","CC OF NORWOOD,PAYNEHAM & ST PETERS",2,1,0,0,1,2023,"June","Monday","08:30 am",60,"Sealed","Wet","Raining","Daylight","Rear End",2,,,1332600.04,1673985.77
"2023-44157-19/09/2025","SELLICKS BEACH","CITY OF ONKAPARINGA",2,1,1,0,0,2023,"July","Monday","04:14 pm",90,"Sealed","Dry","Not Raining","Daylight","Rear End",1,,"Y",1314447.17,1625141.23
"2023-44163-19/09/2025","SHEA-OAK LOG","LIGHT REGIONAL COUNCIL",3,4,0,1,3,2023,"July","Tuesday","06:19 am",110,"Sealed","Dry","Not Raining","Night","Right Turn",1,,,1347458.7,1713695.88
"2023-44172-19/09/2025","TORRENSVILLE","CITY OF WEST TORRENS",2,1,0,1,0,2023,"July","Tuesday","12:33 pm",60,"Sealed","Dry","Not Raining","Daylight","Hit Fixed Object",1,,,1325754.03,1670993.72
"2023-44173-19/09/2025","DAVOREN PARK","CITY OF PLAYFORD.",3,1,0,0,1,2023,"July","Tuesday","01:59 pm",60,"Sealed","Dry","Not Raining","Daylight","Hit Fixed Object",1,,,1335824.28,1696121.27
"2023-44178-19/09/2025","SEMAPHORE","CITY OF PORT ADELAIDE ENFIELD",2,1,0,0,1,2023,"July","Tuesday","03:00 pm",50,"Sealed","Dry","Not Raining","Daylight","Right Angle",1,,,1318690.12,1680522.58
"2023-44184-19/09/2025","FREELING","LIGHT REGIONAL COUNCIL",3,2,0,0,2,2023,"July","Tuesday","05:40 pm",100,"Sealed","Dry","Not Raining","Night","Right Turn",1,,,1350740.5,1722138.29
"2023-44190-19/09/2025","STURT","CC MARION.",2,1,0,0,1,2023,"July","Tuesday","06:50 pm",60,"Sealed","Dry","Not Raining","Night","Right Turn",1,,,1324418.54,1660680
"2023-44196-19/09/2025","KIDMAN PARK","CITY OF CHARLES STURT",2,1,0,1,0,2023,"July","Wednesday","07:12 am",60,"Sealed","Dry","Not Raining","Night","Right Angle",2,,,1321925.33,1673102.36
"2023-44208-19/09/2025","WOODSIDE","THE ADELAIDE HILLS COUNCIL",2,1,0,0,1,2023,"July","Wednesday","12:40 pm",80,"Sealed","Dry","Not Raining","Daylight","Hit Fixed Object",1,,,1360111.59,1666762.94
"2023-44210-19/09/2025","UNLEY","CITY OF UNLEY",2,1,0,0,1,2023,"July","Monday","09:00 pm",50,"Sealed","Dry","Not Raining","Night","Right Angle",2,,,1328420.06,1668764.58
"2023-44213-19/09/2025","WAYVILLE","CITY OF UNLEY",2,1,0,0,1,2023,"July","Wednesday","03:30 pm",60,"Sealed","Dry","Not Raining","Daylight","Right Angle",1,,,1327969.17,1668950.29
"2023-44216-19/09/2025","WOODCROFT","CITY OF ONKAPARINGA",1,1,1,0,0,2023,"July","Sunday","11:00 am",50,"Unsealed","Dry","Not Raining","Daylight","Roll Over",1,,,1326501.7,1651466.45
"2023-44217-19/09/2025","MUNNO PARA","CITY OF PLAYFORD.",2,1,0,0,1,2023,"July","Wednesday","05:50 pm",60,"Sealed","Dry","Not Raining","Night","Rear End",2,,,1336581.1,1698609.83
"2023-44218-19/09/2025","ADELAIDE","CITY OF ADELAIDE",2,1,0,0,1,2023,"July","Friday","06:10 pm",50,"Sealed","Dry","Not Raining","Night","Rear End",2,,,1329235.63,1670851.38
"2023-44219-19/09/2025","MELROSE PARK","CC MITCHAM.",3,2,0,0,2,2023,"July","Wednesday","06:26 pm",60,"Sealed","Dry","Not Raining","Night","Rear End",1,,,1325956.42,1663613.75
"2023-44222-19/09/2025","PARADISE","CC CAMPBELLTOWN.",2,1,0,0,1,2023,"July","Wednesday","06:00 pm",60,"Sealed","Dry","Not Raining","Night","Hit Fixed Object",1,,"Y",1336187.35,1675939.84
"2023-44235-19/09/2025","GAWLER BELT","LIGHT REGIONAL COUNCIL",2,1,0,0,1,2023,"July","Thursday","02:24 pm",110,"Sealed","Dry","Not Raining","Daylight","Right Angle",2,,,1343193.19,1709546.95
"2023-44238-19/09/2025","ADELAIDE","CITY OF ADELAIDE",2,1,0,0,1,2023,"July","Thursday","03:00 pm",50,"Sealed","Wet","Not Raining","Daylight","Rear End",2,,,1328090.07,1670949.67
"2023-44239-19/09/2025","MONASH","THE BERRI BARMERA COUNCIL",1,1,0,0,1,2023,"July","Thursday","04:15 pm",110,"Sealed","Dry","Not Raining","Daylight","Roll Over",1,,,1517050.61,1738259.3
"2023-44240-19/09/2025","BRIGHTON","CITY OF HOLDFAST BAY",2,1,0,0,1,2023,"July","Wednesday","04:45 pm",60,"Sealed","Dry","Not Raining","Daylight","Rear End",2,,,1321144.14,1660807.55
"2023-44241-19/09/2025","HENLEY BEACH SOUTH","CITY OF CHARLES STURT",2,1,0,0,1,2023,"July","Thursday","05:10 pm",50,"Sealed","Dry","Not Raining","Daylight","Hit Fixed Object",1,,"Y",1319850.54,1670188.39
"2023-44242-19/09/2025","OAKDEN","CITY OF PORT ADELAIDE ENFIELD",2,1,0,0,1,2023,"July","Thursday","06:00 pm",60,"Sealed","Dry","Not Raining","Night","Right Turn",2,,,1333378.55,1678561.06
"2023-44243-19/09/2025","REYNELLA","CITY OF ONKAPARINGA",2,1,0,0,1,2023,"July","Thursday","06:54 pm",50,"Sealed","Dry","Not Raining","Night","Rear End",1,,,1320724.15,1651607.71
"2023-44245-19/09/2025","STEWART RANGE","DC NARACOORTE & LUCINDALE.",1,1,0,0,1,2023,"July","Thursday","04:40 pm",100,"Unsealed","Dry","Not Raining","Daylight","Roll Over",1,,,1503888.01,1437851.48
"2023-44246-19/09/2025","NORTH ADELAIDE","CITY OF ADELAIDE",3,1,0,0,1,2023,"July","Friday","06:30 am",60,"Sealed","Dry","Not Raining","Night","Side Swipe",1,,,1327652.14,1673280.42
"2023-44248-19/09/2025","MOUNT JAGGED","ALEXANDRINA COUNCIL",3,1,0,0,1,2023,"July","Friday","06:15 am",100,"Sealed","Dry","Not Raining","Night","Hit Object on Road",1,,"Y",1330464.27,1612719.6
"2023-44252-19/09/2025","PARADISE","CC CAMPBELLTOWN.",3,1,0,0,1,2023,"July","Friday","07:33 am",60,"Sealed","Dry","Not Raining","Daylight","Hit Fixed Object",1,,,1334939.37,1676284.11
"2023-44254-19/09/2025","HARROGATE","DC MT.BARKER.",2,1,0,0,1,2023,"July","Thursday","07:05 pm",100,"Unsealed","Wet","Not Raining","Night","Hit Fixed Object",1,,,1366144.59,1667821.27
"2023-44256-19/09/2025","LOCKLEYS","CITY OF WEST TORRENS",2,1,0,1,0,2023,"July","Wednesday","09:00 am",60,"Sealed","Dry","Not Raining","Daylight","Right Turn",2,,,1321888.03,1669990.23
"2023-44264-19/09/2025","ADELAIDE","CITY OF ADELAIDE",2,1,0,0,1,2023,"July","Friday","06:40 am",50,"Sealed","Dry","Not Raining","Night","Rear End",2,,,1329305.85,1670056.47
"2023-44266-19/09/2025","BLAKEVIEW","CITY OF PLAYFORD.",2,1,0,0,1,2023,"July","Friday","01:18 pm",60,"Sealed","Dry","Not Raining","Daylight","Right Angle",2,,,1338571.36,1697465.71
"2023-44268-19/09/2025","WINDSOR GARDENS","CITY OF PORT ADELAIDE ENFIELD",2,1,0,0,1,2023,"July","Friday","02:45 pm",60,"Sealed","Dry","Not Raining","Daylight","Hit Fixed Object",1,,"Y",1332993.76,1677387.25
"2023-44269-19/09/2025","MUNDOORA","WAKEFIELD REGIONAL COUNCIL",1,2,0,0,2,2023,"July","Friday","03:00 pm",100,"Unsealed","Dry","Not Raining","Daylight","Roll Over",1,,,1291049.25,1805427.53
"2023-44271-19/09/2025","MACCLESFIELD","ALEXANDRINA COUNCIL",2,1,0,0,1,2023,"July","Friday","03:57 pm",80,"Sealed","Unknown","Not Raining","Daylight","Hit Fixed Object",1,"Y",,1350254.58,1639552.97
"2023-44277-19/09/2025","SOUTH PLYMPTON","CC MARION.",2,1,0,0,1,2023,"July","Friday","05:55 pm",60,"Sealed","Dry","Not Raining","Night","Right Turn",2,,,1324281.85,1664736.96
"2023-44280-19/09/2025","OLD REYNELLA","CITY OF ONKAPARINGA",1,1,0,0,1,2023,"July","Friday","07:20 pm",80,"Sealed","Wet","Not Raining","Night","Roll Over",1,,,1322200.89,1652631.31
"2023-44288-19/09/2025","HAMLEY BRIDGE","WAKEFIELD REGIONAL COUNCIL",2,10,0,1,9,2023,"July","Friday","10:10 pm",100,"Unsealed","Dry","Not Raining","Night","Head On",2,,,1333697.68,1732716.13
"2023-44295-19/09/2025","PLYMPTON","CITY OF WEST TORRENS",2,1,0,0,1,2023,"July","Saturday","10:45 am",60,"Sealed","Dry","Not Raining","Daylight","Rear End",2,,,1324227.3,1666580.54
"2023-44297-19/09/2025","HOLDEN HILL","CITY OF PORT ADELAIDE ENFIELD",2,1,0,0,1,2023,"July","Monday","11:30 am",60,"Sealed","Dry","Not Raining","Daylight","Rear End",2,,,1333825.9,1678094.42
"2023-44299-19/09/2025","MURRAY BRIDGE","RC MURRAY BRIDGE.",2,1,0,0,1,2023,"July","Saturday","11:12 am",60,"Sealed","Dry","Not Raining","Daylight","Right Angle",1,,,1388498.44,1644790.92
"2023-44301-19/09/2025","POORAKA","CITY OF SALISBURY",2,3,0,0,3,2023,"July","Friday","03:45 pm",80,"Sealed","Dry","Not Raining","Daylight","Rear End",2,,,1331536.65,1683142.51
"2023-44310-19/09/2025","WINGFIELD","CITY OF PORT ADELAIDE ENFIELD",3,6,0,0,6,2023,"July","Saturday","03:51 pm",60,"Sealed","Wet","Raining","Daylight","Head On",1,"Y","Y",1324518.28,1679177.56
"2023-44313-19/09/2025","SEAFORD MEADOWS","CITY OF ONKAPARINGA",2,1,0,0,1,2023,"July","Saturday","05:45 pm",60,"Sealed","Wet","Raining","Night","Right Angle",2,,,1318114,1642829.74
"2023-44323-19/09/2025","BLACKWOOD","CC MITCHAM.",2,1,0,0,1,2023,"July","Sunday","08:58 am",50,"Sealed","Wet","Not Raining","Daylight","Right Angle",2,,,1329690.48,1660048.86
"2023-44326-19/09/2025","MYRTLE BANK","CITY OF UNLEY",2,1,0,0,1,2023,"July","Sunday","10:00 am",60,"Sealed","Dry","Not Raining","Daylight","Right Turn",2,,,1332105.95,1666793.93
"2023-44328-19/09/2025","HARROGATE","DC MT.BARKER.",2,1,0,0,1,2023,"July","Sunday","09:20 am",100,"Sealed","Wet","Not Raining","Daylight","Hit Fixed Object",1,,,1364532.57,1663265.1
"2023-44331-19/09/2025","SEMAPHORE","CITY OF PORT ADELAIDE ENFIELD",2,1,0,0,1,2023,"July","Sunday","01:26 pm",60,"Sealed","Dry","Not Raining","Daylight","Hit Parked Vehicle",1,,,1318284.65,1680799.24
"2023-44336-19/09/2025","CHANDLERS HILL","CITY OF ONKAPARINGA",2,1,0,1,0,2023,"July","Monday","07:04 am",70,"Sealed","Wet","Raining","Night","Hit Fixed Object",1,,,1330007.38,1655189.72
"2023-44340-19/09/2025","PARKSIDE","CITY OF UNLEY",2,1,0,0,1,2023,"July","Monday","08:15 am",60,"Sealed","Dry","Not Raining","Daylight","Right Turn",2,,,1329603.75,1668978.88
"2023-44341-19/09/2025","LINDEN PARK","CITY OF BURNSIDE",2,1,0,1,0,2023,"July","Monday","09:11 am",60,"Sealed","Dry","Not Raining","Daylight","Hit Pedestrian",1,,,1332336.45,1668188.36
"2023-44345-19/09/2025","MOUNT GEORGE","THE ADELAIDE HILLS COUNCIL",2,1,0,0,1,2023,"July","Monday","09:30 am",110,"Sealed","Wet","Not Raining","Daylight","Rear End",2,,,1343131.67,1661580.09
"2023-44349-19/09/2025","SAMPSON FLAT","CITY OF PLAYFORD.",2,1,0,0,1,2023,"July","Monday","11:30 am",100,"Unsealed","Dry","Not Raining","Daylight","Hit Fixed Object",1,,,1345422.28,1687982.37
"2023-44351-19/09/2025","PROSPECT","CITY OF PROSPECT",3,2,0,0,2,2023,"July","Sunday","05:50 pm",60,"Sealed","Dry","Not Raining","Night","Rear End",1,,,1328854.75,1676820.12
"2023-44354-19/09/2025","PARIS CREEK","DC MT.BARKER.",2,1,0,0,1,2023,"July","Monday","02:10 pm",80,"Unsealed","Wet","Raining","Daylight","Hit Fixed Object",1,"Y",,1345130.96,1638087.86
"2023-44355-19/09/2025","GERANIUM","SOUTHERN MALLEE DISTRICT COUNCIL",1,1,0,0,1,2023,"July","Monday","11:30 am",80,"Sealed","Dry","Not Raining","Daylight","Roll Over",1,,,1468700.02,1600054.6
"2023-44364-19/09/2025","WEST LAKES","CITY OF CHARLES STURT",2,1,0,0,1,2023,"July","Monday","05:15 pm",60,"Sealed","Dry","Not Raining","Daylight","Right Angle",2,,,1318445.16,1676929.9
"2023-44365-19/09/2025","BROOKLYN PARK","CITY OF WEST TORRENS",2,1,0,0,1,2023,"July","Monday","07:25 pm",60,"Sealed","Dry","Not Raining","Night","Rear End",2,,,1322742.48,1670069.94
"2023-44373-19/09/2025","MUNNO PARA","CITY OF PLAYFORD.",2,1,0,0,1,2023,"July","Monday","02:45 pm",60,"Sealed","Dry","Not Raining","Daylight","Rear End",2,,,1337389.14,1698148.36
"2023-44374-19/09/2025","EMU FLAT","CLARE AND GILBERT VALLEYS DISTRICT COUNCIL",2,1,0,0,1,2023,"July","Tuesday","07:43 am",100,"Sealed","Dry","Not Raining","Daylight","Hit Fixed Object",1,,,1332566.87,1787722.3
"2023-44376-19/09/2025","NOARLUNGA CENTRE","CITY OF ONKAPARINGA",2,2,0,0,2,2023,"July","Tuesday","09:51 am",50,"Sealed","Dry","Not Raining","Daylight","Right Angle",2,,,1317482.18,1647219.96
"2023-44381-19/09/2025","HALLETT COVE","CC MARION.",2,1,0,1,0,2023,"July","Tuesday","12:13 pm",80,"Sealed","Dry","Not Raining","Daylight","Hit Parked Vehicle",1,,,1321745.91,1655325.12
"2023-44388-19/09/2025","GEPPS CROSS","CITY OF PORT ADELAIDE ENFIELD",3,1,0,0,1,2023,"July","Tuesday","01:30 pm",60,"Sealed","Dry","Not Raining","Daylight","Side Swipe",2,,,1330052.01,1679296.98
"2023-44389-19/09/2025","ALDINGA","CITY OF ONKAPARINGA",2,1,0,0,1,2023,"July","Tuesday","02:45 pm",90,"Sealed","Dry","Not Raining","Daylight","Right Angle",1,,,1317720.24,1634676.66
"2023-44391-19/09/2025","NORTHGATE","CITY OF PORT ADELAIDE ENFIELD",5,1,0,0,1,2023,"July","Tuesday","03:32 pm",70,"Sealed","Dry","Not Raining","Daylight","Rear End",1,,,1331639.3,1679290.19
"2023-44393-19/09/2025","MELROSE PARK","CC MITCHAM.",1,1,1,0,0,2023,"July","Tuesday","02:45 pm",60,"Sealed","Dry","Not Raining","Daylight","Roll Over",1,,,1325990.43,1664951.88
"2023-44403-19/09/2025","NORWOOD","CC OF NORWOOD,PAYNEHAM & ST PETERS",2,1,0,0,1,2023,"July","Tuesday","07:55 pm",60,"Sealed","Dry","Not Raining","Night","Rear End",2,,,1330623.32,1670361.88
"2023-44411-19/09/2025","MUNNO PARA DOWNS","CITY OF PLAYFORD.",2,1,0,0,1,2023,"July","Wednesday","06:44 am",80,"Sealed","Dry","Not Raining","Night","Right Angle",2,,,1338632.39,1700810.66
"2023-44425-19/09/2025","UNLEY PARK","CITY OF UNLEY",2,1,0,0,1,2023,"July","Tuesday","01:15 pm",60,"Sealed","Dry","Not Raining","Daylight","Rear End",2,,,1329128.3,1666600.59
"2023-44429-19/09/2025","LENSWOOD","THE ADELAIDE HILLS COUNCIL",2,1,0,0,1,2023,"July","Wednesday","12:17 pm",80,"Sealed","Dry","Not Raining","Daylight","Hit Fixed Object",1,,,1348426.53,1669553.01
"2023-44430-19/09/2025","TEPKO","MID MURRAY DISTRICT COUNCIL",2,1,0,0,1,2023,"July","Monday","07:00 am",100,"Sealed","Dry","Not Raining","Night","Hit Fixed Object",1,,,1381031.17,1662944.13
"2023-44432-19/09/2025","CRAFERS WEST","THE ADELAIDE HILLS COUNCIL",2,1,0,0,1,2023,"July","Wednesday","01:45 pm",100,"Sealed","Dry","Not Raining","Daylight","Hit Fixed Object",9,,,1335698.98,1664726.71