"REPORT_ID","Suburb","LGA Name","Total Units","Total Cas","Total Fats","Total SI","Total MI","Year","Month","Day","Time","Area Speed","Road Surface","Moisture Cond","Weather Cond","DayNight","Crash Type","Unit Resp","DUI Involved","Drugs Involved","ACCLOC_X","ACCLOC_Y"
"2023-44438-19/09/2025","SEACLIFF","CITY OF HOLDFAST BAY",2,1,0,1,0,2023,"July","Wednesday","03:11 pm",60,"Sealed","Dry","Not Raining","Daylight","Right Turn",1,,,1321199.76,1658675.12
"2023-44440-19/09/2025","PASADENA","CC MITCHAM.",2,1,0,0,1,2023,"June","Wednesday","05:05 pm",60,"Sealed","Dry","Not Raining","Daylight","Rear End",2,,,1327604.23,1662982.32
"2023-44447-19/09/2025","BURTON","CITY OF SALISBURY",2,1,0,0,1,2023,"July","Wednesday","05:50 pm",60,"Sealed","Dry","Not Raining","Night","Right Angle",2,,,1329756.25,1691137.22
"2023-44452-19/09/2025","SALISBURY NORTH","CITY OF SALISBURY",3,2,0,1,1,2023,"July","Wednesday","06:47 pm",60,"Sealed","Dry","Not Raining","Night","Right Turn",2,,"Y",1331977.75,1689382.42
"2023-44464-19/09/2025","SEFTON PARK","CITY OF PORT ADELAIDE ENFIELD",2,1,0,0,1,2023,"July","Thursday","10:10 am",60,"Sealed","Dry","Not Raining","Daylight","Right Turn",1,,,1329030.84,1676437.2
"2023-44465-19/09/2025","KLEMZIG","CITY OF PORT ADELAIDE ENFIELD",2,1,0,0,1,2023,"July","Thursday","10:25 am",60,"Sealed","Dry","Not Raining","Daylight","Hit Pedestrian",1,,,1331983.78,1675453.4
"2023-44473-19/09/2025","DARLINGTON","CITY OF ONKAPARINGA",2,1,0,0,1,2023,"July","Thursday","03:10 pm",70,"Sealed","Wet","Not Raining","Daylight","Side Swipe",1,,,1324432.96,1659694.42
"2023-44477-19/09/2025","VALLEY VIEW","CITY OF PORT ADELAIDE ENFIELD",2,1,0,0,1,2023,"July","Thursday","03:27 pm",60,"Sealed","Wet","Raining","Daylight","Hit Pedestrian",2,,,1334543.47,1679829.01
"2023-44485-19/09/2025","WOODFORDE","THE ADELAIDE HILLS COUNCIL",1,1,0,0,1,2023,"July","Thursday","04:42 pm",60,"Sealed","Wet","Not Raining","Daylight","Roll Over",1,,,1336685.02,1672429.22
"2023-44495-19/09/2025","PARADISE","CC CAMPBELLTOWN.",2,1,0,1,0,2023,"July","Thursday","05:30 pm",60,"Sealed","Wet","Raining","Night","Rear End",2,,,1335361.51,1675915.66
"2023-44498-19/09/2025","COLONEL LIGHT GARDENS","CC MITCHAM.",2,1,0,0,1,2023,"July","Friday","06:46 am",50,"Sealed","Wet","Not Raining","Night","Hit Pedestrian",2,,,1327709.93,1663732.17
"2023-44502-19/09/2025","CHRISTIE DOWNS","CITY OF ONKAPARINGA",2,1,0,0,1,2023,"July","Friday","08:19 am",60,"Sealed","Wet","Not Raining","Daylight","Right Angle",1,,,1318513.27,1647464.88
"2023-44503-19/09/2025","RIDGEHAVEN","CITY OF TEA TREE GULLY",2,1,0,0,1,2023,"July","Friday","08:20 am",60,"Sealed","Wet","Not Raining","Daylight","Right Angle",1,,"Y",1337431.03,1681483.4
"2023-44504-19/09/2025","MACDONALD PARK","CITY OF PLAYFORD.",2,1,0,0,1,2023,"July","Thursday","04:30 pm",110,"Sealed","Dry","Not Raining","Daylight","Rear End",2,,,1334360.66,1699412.2
"2023-44506-19/09/2025","PARK HOLME","CC MARION.",6,2,0,0,2,2023,"July","Friday","08:39 am",60,"Sealed","Dry","Not Raining","Daylight","Rear End",2,,,1324317.55,1663326.93
"2023-44508-19/09/2025","BROWN HILL CREEK","CC MITCHAM.",2,1,0,0,1,2023,"July","Friday","11:30 am",100,"Sealed","Dry","Not Raining","Daylight","Rear End",2,,,1333444.15,1665364.15
"2023-44511-19/09/2025","FULLARTON","CITY OF UNLEY",2,1,0,0,1,2023,"July","Friday","12:15 pm",60,"Sealed","Wet","Not Raining","Daylight","Rear End",2,,,1331267.11,1667892.9
"2023-44513-19/09/2025","WINDSOR GARDENS","CITY OF PORT ADELAIDE ENFIELD",2,1,0,0,1,2023,"July","Friday","12:32 pm",60,"Sealed","Dry","Not Raining","Daylight","Right Turn",2,,,1333112.26,1677477.72
"2023-44514-19/09/2025","WATTLE FLAT","DC YANKALILLA.",2,1,0,0,1,2023,"July","Friday","01:08 pm",100,"Sealed","Wet","Raining","Daylight","Hit Fixed Object",1,,,1308198.21,1617527.63
"2023-44515-19/09/2025","MILLICENT","WATTLE RANGE COUNCIL",2,1,0,1,0,2023,"July","Thursday","07:20 pm",50,"Sealed","Unknown","Unknown","Night","Hit Parked Vehicle",2,,,1473338.18,1368120.02
"2023-44516-19/09/2025","SALISBURY DOWNS","CITY OF SALISBURY",3,1,0,0,1,2023,"July","Friday","02:55 pm",60,"Sealed","Dry","Not Raining","Daylight","Right Angle",1,,,1331449.68,1686814.24
"2023-44520-19/09/2025","CRAIGMORE","CITY OF PLAYFORD.",2,1,0,1,0,2023,"July","Friday","03:49 pm",60,"Sealed","Dry","Not Raining","Daylight","Hit Pedestrian",2,,,1339534.84,1696483.77
"2023-44521-19/09/2025","GOOLWA","ALEXANDRINA COUNCIL",2,1,0,0,1,2023,"July","Friday","03:48 pm",100,"Sealed","Dry","Not Raining","Daylight","Rear End",2,,,1341017.56,1605888.6
"2023-44522-19/09/2025","CAMDEN PARK","CITY OF WEST TORRENS",2,1,0,0,1,2023,"July","Friday","04:50 pm",50,"Sealed","Dry","Not Raining","Daylight","Right Angle",1,,,1323383.81,1666127.73
"2023-44524-19/09/2025","BALAKLAVA","WAKEFIELD REGIONAL COUNCIL",2,2,0,2,0,2023,"July","Friday","02:20 pm",50,"Sealed","Dry","Not Raining","Daylight","Right Angle",2,,,1314511.63,1757021
"2023-44525-19/09/2025","CHRISTIES BEACH","CITY OF ONKAPARINGA",2,1,0,0,1,2023,"July","Friday","05:13 pm",70,"Sealed","Dry","Not Raining","Daylight","Right Angle",2,,,1317355.86,1648343.09
"2023-44526-19/09/2025","CHRISTIE DOWNS","CITY OF ONKAPARINGA",2,1,0,1,0,2023,"July","Friday","05:58 pm",40,"Sealed","Dry","Not Raining","Night","Hit Pedestrian",2,,,1317669.28,1648659.05
"2023-44527-19/09/2025","HOPE VALLEY","CITY OF TEA TREE GULLY",2,1,0,0,1,2023,"July","Friday","05:15 pm",60,"Sealed","Wet","Not Raining","Daylight","Rear End",2,,,1338664.18,1679671.91
"2023-44528-19/09/2025","PORT NOARLUNGA SOUTH","CITY OF ONKAPARINGA",3,1,0,0,1,2023,"July","Friday","06:00 pm",50,"Sealed","Dry","Not Raining","Night","Hit Parked Vehicle",1,,,1316212.95,1644063.23
"2023-44538-19/09/2025","SALISBURY NORTH","CITY OF SALISBURY",2,1,0,1,0,2023,"July","Friday","07:53 pm",60,"Sealed","Wet","Not Raining","Night","Right Turn",2,,"Y",1331067.07,1690098.86
"2023-44555-19/09/2025","MURRAY BRIDGE","RC MURRAY BRIDGE.",1,1,0,1,0,2023,"July","Saturday","12:00 pm",80,"Sealed","Dry","Not Raining","Daylight","Roll Over",1,,,1387470.83,1644388.33
"2023-44558-19/09/2025","DAVOREN PARK","CITY OF PLAYFORD.",2,1,0,0,1,2023,"July","Saturday","02:10 pm",60,"Sealed","Dry","Not Raining","Daylight","Right Angle",2,,,1336088.3,1697533.61
"2023-44560-19/09/2025","THEBARTON","CITY OF WEST TORRENS",3,1,0,0,1,2023,"July","Saturday","02:15 pm",60,"Sealed","Dry","Not Raining","Daylight","Rear End",1,,,1326525.29,1671968.75
"2023-44561-19/09/2025","WINDSOR GARDENS","CITY OF PORT ADELAIDE ENFIELD",2,2,0,0,2,2023,"July","Saturday","02:30 pm",60,"Sealed","Dry","Not Raining","Daylight","Rear End",2,,,1333307.84,1677658.48
"2023-44564-19/09/2025","ST CLAIR","CITY OF CHARLES STURT",2,1,0,0,1,2023,"July","Saturday","03:00 pm",60,"Sealed","Dry","Not Raining","Daylight","Right Turn",1,,,1322226.5,1677238.33
"2023-44567-19/09/2025","PARACOMBE","THE ADELAIDE HILLS COUNCIL",2,1,0,1,0,2023,"July","Saturday","02:00 pm",80,"Sealed","Dry","Not Raining","Daylight","Hit Fixed Object",1,,,1344256.31,1676882.25
"2023-44570-19/09/2025","GREENHILL","THE ADELAIDE HILLS COUNCIL",3,1,1,0,0,2023,"July","Saturday","02:04 pm",80,"Sealed","Dry","Not Raining","Daylight","Head On",1,,,1338450.06,1666768.54
"2023-44571-19/09/2025","ANGLE PARK","CITY OF PORT ADELAIDE ENFIELD",2,1,0,0,1,2023,"July","Saturday","04:38 pm",50,"Sealed","Dry","Not Raining","Daylight","Right Turn",2,,"Y",1325570.92,1678181.11
"2023-44573-19/09/2025","CUMBERLAND PARK","CC MITCHAM.",2,1,0,0,1,2023,"July","Saturday","06:05 pm",60,"Sealed","Dry","Not Raining","Night","Rear End",2,,,1327536.09,1665237.74
"2023-44575-19/09/2025","GEPPS CROSS","CITY OF PORT ADELAIDE ENFIELD",2,1,0,1,0,2023,"July","Saturday","07:14 pm",70,"Sealed","Dry","Not Raining","Night","Hit Fixed Object",1,,"Y",1328764.78,1679953.5
"2023-44578-19/09/2025","GILLMAN","CITY OF PORT ADELAIDE ENFIELD",3,1,0,0,1,2023,"July","Sunday","12:45 am",50,"Sealed","Dry","Not Raining","Night","Hit Pedestrian",2,,,1322072.61,1682736.62
"2023-44579-19/09/2025","GOOLWA","ALEXANDRINA COUNCIL",2,1,0,1,0,2023,"July","Sunday","03:00 am",80,"Unsealed","Dry","Not Raining","Night","Hit Fixed Object",1,"Y",,1339125.64,1608069.55
"2023-44581-19/09/2025","UNLEY","CITY OF UNLEY",3,1,0,0,1,2023,"July","Sunday","11:30 am",60,"Sealed","Dry","Not Raining","Daylight","Rear End",1,,,1328962.03,1668961.22
"2023-44585-19/09/2025","PENOLA","WATTLE RANGE COUNCIL",3,3,0,0,3,2023,"July","Sunday","12:45 pm",110,"Sealed","Wet","Unknown","Daylight","Hit Fixed Object",1,,,1516745.01,1380263.39
"2023-44590-19/09/2025","GEPPS CROSS","CITY OF PORT ADELAIDE ENFIELD",2,1,0,0,1,2023,"July","Sunday","04:00 pm",50,"Sealed","Dry","Not Raining","Daylight","Side Swipe",1,,,1329416.77,1680468.25
"2023-44591-19/09/2025","MORPHETT VALE","CITY OF ONKAPARINGA",2,2,0,1,1,2023,"July","Sunday","06:08 pm",60,"Sealed","Wet","Raining","Night","Head On",1,,"Y",1319638.48,1650707.03
"2023-44596-19/09/2025","ELIZABETH EAST","CITY OF PLAYFORD.",2,1,0,0,1,2023,"July","Sunday","08:35 pm",50,"Sealed","Wet","Not Raining","Night","Rear End",2,,,1336024.96,1692807.44
"2023-44597-19/09/2025","WILLUNGA","CITY OF ONKAPARINGA",2,3,0,3,0,2023,"July","Sunday","08:18 pm",80,"Sealed","Wet","Raining","Night","Right Angle",1,,"Y",1322995.39,1634839.77
"2023-44599-19/09/2025","ADELAIDE","CITY OF ADELAIDE",2,1,0,0,1,2023,"July","Monday","03:40 am",50,"Sealed","Wet","Raining","Night","Hit Fixed Object",1,,,1328453.6,1671107.09
"2023-44607-19/09/2025","SHEA-OAK LOG","LIGHT REGIONAL COUNCIL",2,1,0,0,1,2023,"July","Monday","10:30 am",110,"Sealed","Dry","Not Raining","Daylight","Right Turn",2,,,1347458.7,1713695.88
"2023-44608-19/09/2025","SOLOMONTOWN","PT.PIRIE CITY & DIST. COUNCIL",2,1,0,0,1,2023,"July","Monday","09:50 am",60,"Sealed","Dry","Not Raining","Daylight","Right Angle",1,,,1280832.92,1864494.11
"2023-44611-19/09/2025","MEDINDIE","WALKERVILLE TOWN COUNCIL",3,1,0,0,1,2023,"July","Monday","09:08 am",60,"Sealed","Wet","Not Raining","Daylight","Rear End",1,,,1329308.67,1673323.82
"2023-44612-19/09/2025","PARKSIDE","CITY OF UNLEY",2,1,0,0,1,2023,"July","Sunday","07:53 am",60,"Sealed","Dry","Not Raining","Daylight","Rear End",1,,,1329057.07,1668963.89
"2023-44618-19/09/2025","HACKHAM","CITY OF ONKAPARINGA",2,1,0,0,1,2023,"July","Monday","03:02 pm",60,"Sealed","Dry","Not Raining","Daylight","Hit Pedestrian",2,,,1321607.87,1647431.73
"2023-44619-19/09/2025","PORT WAKEFIELD","WAKEFIELD REGIONAL COUNCIL",2,1,0,1,0,2023,"July","Monday","02:24 pm",80,"Sealed","Dry","Not Raining","Daylight","Hit Fixed Object",1,,,1290654.16,1753183.7
"2023-44620-19/09/2025","STURT","CC MARION.",2,2,1,1,0,2023,"July","Monday","02:32 pm",60,"Sealed","Dry","Not Raining","Daylight","Right Turn",1,,,1324428.84,1659884.95
"2023-44623-19/09/2025","MUNNO PARA WEST","CITY OF PLAYFORD.",2,1,0,0,1,2023,"July","Monday","03:37 pm",60,"Sealed","Dry","Not Raining","Daylight","Rear End",1,,,1335733.82,1699068.57
"2023-44642-19/09/2025","GLYNDE","CC OF NORWOOD,PAYNEHAM & ST PETERS",2,1,0,0,1,2023,"August","Tuesday","08:10 am",60,"Sealed","Dry","Not Raining","Daylight","Rear End",2,,,1333785.54,1674516.59
"2023-44643-19/09/2025","LINWOOD","LIGHT REGIONAL COUNCIL",1,1,0,0,1,2023,"August","Tuesday","10:05 am",100,"Sealed","Wet","Raining","Daylight","Roll Over",1,,,1344777.66,1731207.78
"2023-44644-19/09/2025","KILBURN","CITY OF PORT ADELAIDE ENFIELD",2,2,0,1,1,2023,"August","Tuesday","09:05 am",60,"Sealed","Wet","Not Raining","Daylight","Right Angle",2,,,1327189.08,1678616.25
"2023-44661-19/09/2025","WOODVILLE NORTH","CITY OF CHARLES STURT",2,1,0,0,1,2023,"August","Tuesday","04:50 pm",60,"Sealed","Dry","Not Raining","Daylight","Right Angle",1,,,1323810.07,1676548.7
"2023-44663-19/09/2025","VERDUN","THE ADELAIDE HILLS COUNCIL",2,4,0,2,2,2023,"August","Tuesday","04:00 pm",50,"Sealed","Dry","Not Raining","Daylight","Hit Fixed Object",1,,,1345254.85,1660907.95
"2023-44672-19/09/2025","PARKSIDE","CITY OF UNLEY",2,1,0,0,1,2023,"August","Tuesday","08:25 pm",60,"Sealed","Dry","Not Raining","Night","Right Turn",1,,,1329057.06,1668981.6
"2023-44673-19/09/2025","THEBARTON","CITY OF WEST TORRENS",3,1,0,0,1,2023,"August","Tuesday","07:45 pm",60,"Sealed","Dry","Not Raining","Night","Rear End",1,,,1326459.03,1672583.93
"2023-44674-19/09/2025","MARRYATVILLE","CC OF NORWOOD,PAYNEHAM & ST PETERS",2,1,0,0,1,2023,"August","Tuesday","08:52 pm",60,"Sealed","Dry","Not Raining","Night","Right Turn",2,,,1332269.85,1670409.71
"2023-44676-19/09/2025","KURRALTA PARK","CITY OF WEST TORRENS",2,1,0,0,1,2023,"August","Tuesday","09:20 pm",60,"Sealed","Dry","Not Raining","Night","Right Turn",2,,,1325778.61,1667717.09
"2023-44687-19/09/2025","HEWETT","LIGHT REGIONAL COUNCIL",2,1,0,0,1,2023,"August","Wednesday","10:50 am",50,"Sealed","Dry","Not Raining","Daylight","Hit Pedestrian",1,,,1343769.12,1709117.17
"2023-44690-19/09/2025","ELIZABETH PARK","CITY OF PLAYFORD.",3,1,0,0,1,2023,"August","Wednesday","01:04 pm",60,"Sealed","Dry","Not Raining","Daylight","Rear End",2,,,1336500.9,1694621.89
"2023-44691-19/09/2025","CUMBERLAND PARK","CC MITCHAM.",3,2,0,2,0,2023,"August","Wednesday","01:35 pm",60,"Sealed","Dry","Not Raining","Daylight","Hit Fixed Object",1,,,1327237.68,1666191.54
"2023-44692-19/09/2025","WOODVILLE GARDENS","CITY OF PORT ADELAIDE ENFIELD",2,1,0,0,1,2023,"August","Tuesday","03:30 pm",60,"Sealed","Dry","Not Raining","Daylight","Side Swipe",1,,,1323957.2,1677329.2
"2023-44695-19/09/2025","PROSPECT","CITY OF PROSPECT",2,1,0,0,1,2023,"August","Wednesday","01:00 pm",50,"Sealed","Dry","Not Raining","Daylight","Right Angle",1,,,1328086.78,1675471.92
"2023-44699-19/09/2025","GLYNDE","CC OF NORWOOD,PAYNEHAM & ST PETERS",2,1,0,0,1,2023,"August","Wednesday","03:50 pm",60,"Sealed","Dry","Not Raining","Daylight","Rear End",1,,,1333815.17,1673244.73
"2023-44703-19/09/2025","MASLIN BEACH","CITY OF ONKAPARINGA",2,1,0,0,1,2023,"August","Wednesday","12:30 pm",70,"Sealed","Dry","Not Raining","Daylight","Rear End",2,,,1316507.99,1637263.08
"2023-44704-19/09/2025","PARK HOLME","CC MARION.",2,1,0,0,1,2023,"August","Wednesday","05:25 pm",60,"Sealed","Dry","Not Raining","Daylight","Side Swipe",2,"Y",,1324293.84,1664319.91
"2023-44708-19/09/2025","PARRAKIE","SOUTHERN MALLEE DISTRICT COUNCIL",3,1,0,0,1,2023,"August","Wednesday","01:09 pm",110,"Sealed","Dry","Not Raining","Daylight","Head On",1,,,1479022.99,1615778.7
"2023-44710-19/09/2025","CUDLEE CREEK","THE ADELAIDE HILLS COUNCIL",2,1,0,1,0,2023,"August","Wednesday","03:10 pm",80,"Sealed","Dry","Not Raining","Daylight","Hit Fixed Object",1,,,1349354.18,1679521.99
"2023-44711-19/09/2025","MORPHETT VALE","CITY OF ONKAPARINGA",2,1,0,0,1,2023,"August","Wednesday","03:35 pm",60,"Sealed","Dry","Not Raining","Daylight","Right Angle",1,,,1321901.02,1651049.42
"2023-44713-19/09/2025","EDEN HILLS","CC MITCHAM.",2,1,0,0,1,2023,"August","Wednesday","05:20 pm",60,"Sealed","Dry","Not Raining","Daylight","Right Angle",1,,,1328422.92,1659504.22
"2023-44716-19/09/2025","SEAFORD RISE","CITY OF ONKAPARINGA",3,1,0,0,1,2023,"August","Wednesday","08:10 pm",60,"Sealed","Dry","Not Raining","Night","Rear End",1,,,1316921.07,1641571.86
"2023-44721-19/09/2025","HAHNDORF","DC MT.BARKER.",2,1,0,0,1,2023,"August","Wednesday","09:50 pm",50,"Sealed","Dry","Not Raining","Night","Hit Fixed Object",1,,,1346988.11,1658409.1
"2023-44722-19/09/2025","WINGFIELD","CITY OF PORT ADELAIDE ENFIELD",2,1,0,0,1,2023,"August","Thursday","05:32 am",60,"Sealed","Dry","Not Raining","Night","Right Angle",1,,,1324323.58,1679172.9
"2023-44723-19/09/2025","GEPPS CROSS","CITY OF PORT ADELAIDE ENFIELD",4,1,1,0,0,2023,"August","Thursday","04:30 am",60,"Sealed","Dry","Not Raining","Night","Hit Fixed Object",1,,"Y",1330925.8,1680170.55
"2023-44726-19/09/2025","KENSINGTON","CC OF NORWOOD,PAYNEHAM & ST PETERS",2,1,0,0,1,2023,"August","Wednesday","12:00 pm",60,"Sealed","Dry","Not Raining","Daylight","Rear End",1,,,1332259.75,1671076.47
"2023-44730-19/09/2025","CROYDON","CITY OF CHARLES STURT",2,1,0,0,1,2023,"August","Thursday","10:22 am",60,"Sealed","Dry","Not Raining","Daylight","Right Angle",2,,,1325511.09,1673480.99
"2023-44735-19/09/2025","MONTEITH","RC MURRAY BRIDGE.",1,1,0,0,1,2023,"August","Thursday","12:01 pm",110,"Sealed","Dry","Not Raining","Daylight","Roll Over",1,,,1395253.06,1641814.3
"2023-44741-19/09/2025","HAHNDORF","DC MT.BARKER.",2,1,0,0,1,2023,"August","Wednesday","09:53 pm",50,"Sealed","Dry","Not Raining","Night","Hit Fixed Object",1,,,1346991.62,1658411.38
"2023-44742-19/09/2025","MOUNT BARKER","DC MT.BARKER.",3,2,0,0,2,2023,"August","Thursday","03:35 pm",60,"Sealed","Dry","Not Raining","Daylight","Rear End",1,,,1351611.79,1653338.54
"2023-44743-19/09/2025","ADELAIDE","CITY OF ADELAIDE",3,2,0,1,1,2023,"August","Thursday","02:50 pm",50,"Sealed","Dry","Not Raining","Daylight","Hit Pedestrian",1,,,1328999.51,1670201.95
"2023-44744-19/09/2025","ADELAIDE","CITY OF ADELAIDE",2,1,0,1,0,2023,"August","Thursday","04:00 pm",50,"Sealed","Dry","Not Raining","Daylight","Hit Pedestrian",1,,,1329495,1671030.58
"2023-44749-19/09/2025","ELIZABETH VALE","CITY OF PLAYFORD.",2,1,0,0,1,2023,"July","Friday","01:30 pm",50,"Sealed","Dry","Not Raining","Daylight","Rear End",2,,,1334368.03,1689791.76
"2023-44750-19/09/2025","MEDINDIE","WALKERVILLE TOWN COUNCIL",3,1,0,0,1,2023,"August","Thursday","06:16 pm",60,"Sealed","Dry","Not Raining","Night","Rear End",1,,,1328895.18,1674196.54
"2023-44755-19/09/2025","KLEMZIG","CITY OF PORT ADELAIDE ENFIELD",2,1,0,0,1,2023,"August","Thursday","09:33 pm",60,"Sealed","Dry","Not Raining","Night","Hit Parked Vehicle",1,,,1331909.2,1675650.8
"2023-44757-19/09/2025","KEITH","DC TATIARA.",1,1,0,0,1,2023,"August","Friday","06:00 am",100,"Unsealed","Wet","Raining","Night","Roll Over",1,,,1485776.96,1529464.91
"2023-44761-19/09/2025","STURT","CC MARION.",3,2,0,0,2,2023,"August","Friday","07:35 am",70,"Sealed","Wet","Raining","Daylight","Rear End",1,,,1324365.1,1659911.66
"2023-44766-19/09/2025","WALKLEY HEIGHTS","CITY OF SALISBURY",2,2,0,0,2,2023,"August","Thursday","02:08 pm",70,"Sealed","Dry","Not Raining","Daylight","Rear End",2,,,1332959.7,1680497.31
"2023-44769-19/09/2025","GOOLWA","ALEXANDRINA COUNCIL",2,4,0,0,4,2023,"August","Friday","08:41 am",50,"Sealed","Wet","Not Raining","Daylight","Right Angle",2,,,1342935.69,1606438.99
"2023-44772-19/09/2025","WAYVILLE","CITY OF UNLEY",2,1,0,0,1,2023,"August","Thursday","01:00 pm",60,"Sealed","Dry","Not Raining","Daylight","Rear End",2,,,1327426.25,1668913.54
"2023-44782-19/09/2025","ROSEWATER","CITY OF PORT ADELAIDE ENFIELD",2,1,0,1,0,2023,"August","Friday","10:40 am",50,"Sealed","Dry","Not Raining","Daylight","Rear End",2,,,1321720.23,1678517.02
"2023-44791-19/09/2025","FLINDERS PARK","CITY OF CHARLES STURT",2,1,0,0,1,2023,"August","Friday","06:50 am",60,"Sealed","Wet","Raining","Night","Side Swipe",1,,,1324184.95,1673169.36
"2023-44793-19/09/2025","BOLIVAR","CITY OF SALISBURY",2,1,0,1,0,2023,"August","Friday","04:20 pm",90,"Sealed","Dry","Not Raining","Daylight","Right Turn",1,,"Y",1328471.89,1688636.97
"2023-44799-19/09/2025","GLOBE DERBY PARK","CITY OF SALISBURY",4,1,0,1,0,2023,"August","Friday","05:00 pm",110,"Sealed","Dry","Not Raining","Daylight","Hit Pedestrian",2,,,1327272.67,1686171.02
"2023-44800-19/09/2025","ADELAIDE","CITY OF ADELAIDE",2,1,0,1,0,2023,"August","Friday","06:14 pm",60,"Sealed","Dry","Not Raining","Night","Hit Pedestrian",2,"Y",,1327392.69,1670116.19
"2023-44801-19/09/2025","PARK HOLME","CC MARION.",2,1,0,1,0,2023,"August","Friday","06:15 pm",50,"Sealed","Wet","Not Raining","Night","Right Angle",1,,,1323741.38,1663784.6
"2023-44803-19/09/2025","SEAFORD RISE","CITY OF ONKAPARINGA",2,1,0,0,1,2023,"August","Friday","07:33 pm",70,"Sealed","Wet","Not Raining","Night","Hit Object on Road",1,,,1316418.89,1640618.7
"2023-44807-19/09/2025","EXETER","CITY OF PORT ADELAIDE ENFIELD",3,3,0,0,3,2023,"August","Friday","09:36 pm",50,"Sealed","Dry","Not Raining","Night","Right Turn",2,,,1319005.86,1680428.29
"2023-44811-19/09/2025","ADELAIDE","CITY OF ADELAIDE",2,1,0,0,1,2023,"August","Friday","10:56 pm",50,"Sealed","Dry","Not Raining","Night","Rear End",1,,,1328497.65,1670033.56
"2023-44814-19/09/2025","GEPPS CROSS","CITY OF PORT ADELAIDE ENFIELD",2,1,0,0,1,2023,"August","Friday","11:50 pm",60,"Sealed","Dry","Not Raining","Night","Rear End",2,,,1330377.17,1679315.41
"2023-44822-19/09/2025","MOUNT BARKER","DC MT.BARKER.",2,1,0,0,1,2023,"August","Saturday","09:58 am",50,"Sealed","Dry","Not Raining","Daylight","Rear End",2,,,1350917.2,1652755.3
"2023-44823-19/09/2025","ANGASTON","THE BAROSSA COUNCIL.",2,2,0,0,2,2023,"August","Saturday","09:00 am",80,"Sealed","Dry","Unknown","Daylight","Right Angle",1,,,1369232.76,1717106.68
"2023-44830-19/09/2025","MORPHETT VALE","CITY OF ONKAPARINGA",1,1,0,1,0,2023,"August","Saturday","11:45 am",100,"Sealed","Dry","Not Raining","Daylight","Roll Over",1,,,1319348.19,1649021.44
"2023-44837-19/09/2025","FLAXLEY","DC MT.BARKER.",2,2,0,0,2,2023,"August","Saturday","03:15 pm",60,"Sealed","Dry","Not Raining","Daylight","Hit Fixed Object",1,,,1348086.52,1646336.37
"2023-44838-19/09/2025","BOOLEROO CENTRE","DC MT.REMARKABLE.",1,1,0,0,1,2023,"August","Saturday","05:30 pm",110,"Sealed","Dry","Not Raining","Daylight","Roll Over",1,,,1309268.72,1897045.05
"2023-44839-19/09/2025","GAWLER BELT","LIGHT REGIONAL COUNCIL",2,1,0,1,0,2023,"August","Saturday","05:50 pm",100,"Sealed","Dry","Not Raining","Night","Rear End",2,,,1341571.58,1709947.56
"2023-44840-19/09/2025","DAVOREN PARK","CITY OF PLAYFORD.",2,1,0,0,1,2023,"August","Saturday","07:19 pm",60,"Sealed","Dry","Not Raining","Night","Hit Parked Vehicle",1,,,1335684.05,1695774.67
"2023-44841-19/09/2025","ELIZABETH GROVE","CITY OF PLAYFORD.",2,1,0,0,1,2023,"August","Saturday","08:20 pm",50,"Sealed","Dry","Not Raining","Night","Hit Fixed Object",1,,,1335356.21,1691182.95
"2023-44846-19/09/2025","MARDEN","CC OF NORWOOD,PAYNEHAM & ST PETERS",2,1,0,0,1,2023,"August","Sunday","07:49 am",60,"Sealed","Dry","Not Raining","Daylight","Rear End",2,,,1332498.51,1673954.55
"2023-44847-19/09/2025","ADELAIDE","CITY OF ADELAIDE",3,1,0,0,1,2023,"August","Saturday","02:30 pm",50,"Sealed","Dry","Not Raining","Daylight","Hit Parked Vehicle",1,,,1328116.32,1670062.84
"2023-44848-19/09/2025","ROYSTON PARK","CC OF NORWOOD,PAYNEHAM & ST PETERS",2,1,0,0,1,2023,"August","Saturday","05:10 pm",60,"Sealed","Dry","Not Raining","Daylight","Side Swipe",2,,,1332039.28,1673635.81
"2023-44856-19/09/2025","RIDGEHAVEN","CITY OF TEA TREE GULLY",2,1,0,0,1,2023,"August","Sunday","02:42 pm",50,"Sealed","Dry","Not Raining","Daylight","Right Angle",2,,,1338372.13,1681844.72
"2023-44857-19/09/2025","CHANDLERS HILL","CITY OF ONKAPARINGA",2,1,0,1,0,2023,"August","Sunday","03:26 pm",70,"Sealed","Dry","Not Raining","Daylight","Hit Fixed Object",1,,,1329480.04,1652918.79
"2023-44858-19/09/2025","FURNER","WATTLE RANGE COUNCIL",2,1,1,0,0,2023,"August","Sunday","01:00 pm",110,"Sealed","Dry","Not Raining","Daylight","Hit Fixed Object",1,,,1473101.13,1390215.18
"2023-44864-19/09/2025","ELIZABETH PARK","CITY OF PLAYFORD.",2,3,0,0,3,2023,"August","Sunday","08:25 pm",80,"Sealed","Dry","Not Raining","Night","Right Turn",1,,,1335939.12,1693257.92
"2023-44868-19/09/2025","MAGILL","CC CAMPBELLTOWN.",2,1,0,0,1,2023,"August","Monday","06:50 am",60,"Sealed","Dry","Not Raining","Night","Right Angle",1,,,1335470.67,1672264.02
"2023-44871-19/09/2025","NURIOOTPA","LIGHT REGIONAL COUNCIL",2,1,0,0,1,2023,"August","Sunday","07:40 pm",60,"Sealed","Dry","Not Raining","Night","Right Angle",2,,,1364772.29,1720072.41