"REPORT_ID","Suburb","LGA Name","Total Units","Total Cas","Total Fats","Total SI","Total MI","Year","Month","Day","Time","Area Speed","Road Surface","Moisture Cond","Weather Cond","DayNight","Crash Type","Unit Resp","DUI Involved","Drugs Involved","ACCLOC_X","ACCLOC_Y"
"2023-44877-19/09/2025","MODBURY","CITY OF TEA TREE GULLY",2,1,0,0,1,2023,"August","Monday","10:04 am",60,"Sealed","Dry","Not Raining","Daylight","Hit Pedestrian",1,,,1337586.92,1680643.23
"2023-44887-19/09/2025","WOOLTANA",,1,2,0,2,0,2023,"August","Sunday","11:40 am",100,"Unsealed","Dry","Not Raining","Daylight","Roll Over",1,,,1427278.42,2171478.57
"2023-44891-19/09/2025","SALISBURY NORTH","CITY OF SALISBURY",2,1,0,0,1,2023,"August","Monday","03:25 pm",60,"Sealed","Dry","Not Raining","Daylight","Rear End",2,,,1332048.15,1689325.32
"2023-44892-19/09/2025","NORTH BRIGHTON","CITY OF HOLDFAST BAY",3,1,0,0,1,2023,"August","Monday","03:12 pm",60,"Sealed","Dry","Not Raining","Daylight","Right Angle",1,,"Y",1321103.1,1661878.38
"2023-44894-19/09/2025","EVERARD CENTRAL","WAKEFIELD REGIONAL COUNCIL",2,2,0,2,0,2023,"August","Monday","01:58 pm",100,"Sealed","Dry","Not Raining","Daylight","Right Angle",1,,"Y",1302207.85,1784998.24
"2023-44913-19/09/2025","MAWSON LAKES","CITY OF SALISBURY",2,1,0,0,1,2023,"August","Friday","01:40 pm",80,"Sealed","Dry","Not Raining","Daylight","Rear End",2,,,1331190.78,1682739.34
"2023-44915-19/09/2025","CLARENCE GARDENS","CC MITCHAM.",1,1,0,0,1,2023,"August","Tuesday","09:00 am",60,"Sealed","Dry","Not Raining","Daylight","Other",1,,,1325860.87,1666151.31
"2023-44918-19/09/2025","DUCK PONDS","DC LOWER EYRE PENINSULA",2,2,0,0,2,2023,"August","Tuesday","06:50 am",110,"Sealed","Wet","Raining","Night","Right Turn",1,,,1072580.62,1699856.92
"2023-44920-19/09/2025","OAKLANDS PARK","CC MARION.",2,1,0,1,0,2023,"August","Thursday","09:00 am",60,"Sealed","Dry","Not Raining","Daylight","Side Swipe",1,,,1323515.9,1663116.37
"2023-44921-19/09/2025","TAPEROO","CITY OF PORT ADELAIDE ENFIELD",2,1,0,0,1,2023,"August","Tuesday","08:10 am",60,"Sealed","Dry","Not Raining","Daylight","Right Angle",2,,,1319893.71,1683541.99
"2023-44929-19/09/2025","BEVERLEY","CITY OF CHARLES STURT",2,1,0,0,1,2023,"August","Tuesday","03:00 pm",60,"Sealed","Dry","Not Raining","Daylight","Rear End",2,,,1324144.77,1674680.08
"2023-44932-19/09/2025","ADELAIDE","CITY OF ADELAIDE",2,1,0,0,1,2023,"August","Tuesday","02:55 pm",50,"Sealed","Dry","Not Raining","Daylight","Right Angle",2,,,1329495.88,1671008.62
"2023-44938-19/09/2025","BELAIR","CC MITCHAM.",2,1,0,0,1,2023,"August","Tuesday","03:20 pm",60,"Sealed","Dry","Not Raining","Daylight","Right Angle",2,,,1330999.45,1662681.96
"2023-44942-19/09/2025","SENIOR","DC TATIARA.",1,1,1,0,0,2023,"August","Tuesday","06:40 pm",100,"Sealed","Dry","Not Raining","Night","Roll Over",1,,,1520474.43,1522722.39
"2023-44943-19/09/2025","CUMBERLAND PARK","CC MITCHAM.",2,1,0,1,0,2023,"August","Tuesday","09:15 pm",50,"Sealed","Dry","Not Raining","Night","Head On",2,,,1326708.88,1665313.67
"2023-44947-19/09/2025","HAWTHORN","CC MITCHAM.",2,1,0,0,1,2023,"August","Wednesday","08:20 am",40,"Sealed","Dry","Not Raining","Daylight","Right Angle",1,,,1328676.33,1665333.24
"2023-44948-19/09/2025","RIDGEHAVEN","CITY OF TEA TREE GULLY",2,1,0,0,1,2023,"August","Wednesday","08:20 am",60,"Sealed","Dry","Not Raining","Daylight","Right Angle",1,,,1337423.89,1681217.95
"2023-44949-19/09/2025","MAITLAND","YORKE PENINSULA COUNCIL",2,1,0,1,0,2023,"August","Wednesday","06:45 am",100,"Sealed","Dry","Not Raining","Night","Hit Fixed Object",1,,,1252410.65,1737569.04
"2023-44951-19/09/2025","NURIOOTPA","THE BAROSSA COUNCIL.",2,1,0,0,1,2023,"August","Wednesday","10:45 am",50,"Sealed","Dry","Not Raining","Daylight","Hit Fixed Object",1,,,1366552.99,1720845.47
"2023-44952-19/09/2025","MENINGIE","COORONG DISTRICT COUNCIL",3,1,0,1,0,2023,"August","Wednesday","10:50 am",50,"Sealed","Dry","Not Raining","Daylight","Hit Parked Vehicle",1,,,1392507.44,1583940.08
"2023-44953-19/09/2025","FINNISS","ALEXANDRINA COUNCIL",1,1,0,0,1,2023,"August","Wednesday","10:15 am",100,"Sealed","Dry","Not Raining","Daylight","Left Road - Out of Control",1,,,1350721.8,1619393.44
"2023-44954-19/09/2025","TRANMERE","CC CAMPBELLTOWN.",2,1,0,0,1,2023,"August","Wednesday","12:21 pm",60,"Sealed","Dry","Not Raining","Daylight","Right Angle",2,,,1333834.79,1672885.54
"2023-44958-19/09/2025","MUNNO PARA WEST","CITY OF PLAYFORD.",2,1,0,0,1,2023,"July","Monday","04:00 pm",60,"Sealed","Dry","Not Raining","Daylight","Right Angle",2,,,1335158.21,1699396.86
"2023-44960-19/09/2025","BEDFORD PARK","CC MARION.",2,2,0,0,2,2023,"August","Wednesday","03:00 pm",70,"Sealed","Dry","Not Raining","Daylight","Right Angle",1,,,1325127,1660448.01
"2023-44961-19/09/2025","MAWSON LAKES","CITY OF SALISBURY",2,1,0,0,1,2023,"July","Tuesday","06:14 pm",50,"Sealed","Dry","Not Raining","Night","Rear End",2,,,1330474.35,1683503.08
"2023-44964-19/09/2025","PARAFIELD","CITY OF SALISBURY",3,2,0,1,1,2023,"August","Wednesday","02:03 pm",80,"Sealed","Dry","Not Raining","Daylight","Right Angle",1,,,1331812.14,1683486.03
"2023-44976-19/09/2025","CAPE JAFFA","DC KINGSTON.",1,1,0,0,1,2023,"August","Wednesday","06:00 pm",110,"Sealed","Wet","Raining","Night","Roll Over",1,,,1420398.3,1442389.12
"2023-44979-19/09/2025","KESWICK TERMINAL","CITY OF WEST TORRENS",2,1,0,0,1,2023,"August","Wednesday","08:30 pm",60,"Sealed","Wet","Raining","Night","Right Turn",1,,,1326431.79,1668967.8
"2023-44983-19/09/2025","ELIZABETH","CITY OF PLAYFORD.",2,1,0,1,0,2023,"August","Wednesday","07:55 pm",60,"Sealed","Wet","Raining","Night","Hit Pedestrian",2,,"Y",1335277.16,1692527.3
"2023-44986-19/09/2025","CROYDON","CITY OF CHARLES STURT",3,1,0,0,1,2023,"August","Thursday","06:58 am",80,"Sealed","Dry","Not Raining","Night","Rear End",1,,,1325640.22,1673968.2
"2023-44988-19/09/2025","BLAKEVIEW","CITY OF PLAYFORD.",2,2,0,0,2,2023,"August","Thursday","08:17 am",50,"Sealed","Dry","Not Raining","Daylight","Right Angle",2,,,1338370.17,1696744.33
"2023-44991-19/09/2025","TORRENSVILLE","CITY OF WEST TORRENS",2,2,0,0,2,2023,"August","Thursday","09:26 am",60,"Sealed","Dry","Not Raining","Daylight","Right Turn",2,,,1325740.32,1670993.32
"2023-45003-19/09/2025","PLYMPTON PARK","CC MARION.",2,1,0,0,1,2023,"August","Thursday","03:10 pm",50,"Sealed","Dry","Not Raining","Daylight","Right Angle",1,,,1324152.85,1665889.91
"2023-45006-19/09/2025","GLENELG NORTH","CITY OF WEST TORRENS",2,1,0,0,1,2023,"August","Thursday","08:15 am",60,"Sealed","Dry","Not Raining","Daylight","Right Angle",2,,,1320773.5,1666832.01
"2023-45007-19/09/2025","NORWOOD","CC OF NORWOOD,PAYNEHAM & ST PETERS",3,1,0,0,1,2023,"August","Thursday","03:45 pm",60,"Sealed","Dry","Not Raining","Daylight","Right Angle",1,,,1331874.28,1670398.69
"2023-45009-19/09/2025","COLLINSWOOD","CITY OF PROSPECT",3,1,0,0,1,2023,"August","Wednesday","08:00 pm",60,"Sealed","Wet","Raining","Night","Rear End",2,,,1330186.09,1674963.57
"2023-45016-19/09/2025","MILE END SOUTH","CITY OF WEST TORRENS",2,1,0,0,1,2023,"August","Thursday","07:01 pm",60,"Sealed","Dry","Not Raining","Night","Rear End",2,,,1325799.23,1669146.61
"2023-45019-19/09/2025","OAKLANDS PARK","CC MARION.",2,1,0,0,1,2023,"August","Thursday","08:22 pm",60,"Sealed","Dry","Not Raining","Night","Right Angle",2,,,1323277.31,1663110.26
"2023-45025-19/09/2025","OLD NOARLUNGA","CITY OF ONKAPARINGA",3,1,0,0,1,2023,"August","Thursday","04:20 pm",80,"Sealed","Dry","Not Raining","Daylight","Rear End",1,,,1318461.1,1643436.86
"2023-45032-19/09/2025","MOUNT BARKER","DC MT.BARKER.",2,1,0,0,1,2023,"August","Friday","01:10 pm",60,"Sealed","Dry","Not Raining","Daylight","Right Angle",1,,,1352238.42,1652734.71
"2023-45034-19/09/2025","GOODWOOD","CITY OF UNLEY",2,1,0,0,1,2023,"August","Thursday","04:30 pm",40,"Sealed","Dry","Not Raining","Daylight","Right Angle",1,,,1327142.91,1667616.75
"2023-45041-19/09/2025","MORPHETTVILLE","CC MARION.",3,2,0,0,2,2023,"August","Friday","03:25 pm",60,"Sealed","Dry","Not Raining","Daylight","Right Turn",1,,,1322654.75,1664699.5
"2023-45042-19/09/2025","ADELAIDE","CITY OF ADELAIDE",1,1,0,0,1,2023,"August","Thursday","08:01 am",60,"Unsealed","Wet","Not Raining","Daylight","Roll Over",1,,,1326944.72,1670918.31
"2023-45046-19/09/2025","WARRADALE","CC MARION.",2,1,0,0,1,2023,"August","Friday","04:21 pm",60,"Sealed","Dry","Not Raining","Daylight","Right Angle",2,,,1322508.13,1661911.99
"2023-45049-19/09/2025","HUNTFIELD HEIGHTS","CITY OF ONKAPARINGA",3,1,0,0,1,2023,"August","Friday","06:40 pm",60,"Sealed","Dry","Not Raining","Night","Hit Parked Vehicle",1,,,1320739.39,1645945.4
"2023-45052-19/09/2025","ROSEWORTHY","LIGHT REGIONAL COUNCIL",4,2,0,0,2,2023,"August","Friday","06:50 pm",100,"Sealed","Dry","Not Raining","Night","Rear End",1,,,1344447.81,1711830.84
"2023-45053-19/09/2025","EVERARD PARK","CITY OF UNLEY",3,1,0,0,1,2023,"August","Friday","08:40 pm",60,"Sealed","Dry","Not Raining","Night","Hit Fixed Object",1,,,1325856.19,1667134.9
"2023-45056-19/09/2025","MANNUM","MID MURRAY DISTRICT COUNCIL",3,1,0,1,0,2023,"August","Saturday","12:05 am",80,"Sealed","Wet","Raining","Night","Hit Fixed Object",1,"Y",,1394958.68,1671358.69
"2023-45057-19/09/2025","ADELAIDE","CITY OF ADELAIDE",2,1,0,0,1,2023,"August","Saturday","03:15 am",30,"Sealed","Wet","Raining","Night","Hit Pedestrian",2,"Y",,1328099.67,1670969.58
"2023-45072-19/09/2025","WARNERTOWN","PT.PIRIE CITY & DIST. COUNCIL",1,1,0,1,0,2023,"August","Saturday","11:30 am",50,"Unsealed","Dry","Not Raining","Daylight","Roll Over",1,,,1289909.13,1859152.98
"2023-45075-19/09/2025","BROOKLYN PARK","CITY OF WEST TORRENS",3,2,0,0,2,2023,"August","Saturday","12:36 pm",60,"Sealed","Dry","Not Raining","Daylight","Rear End",1,,,1322772,1670083.77
"2023-45076-19/09/2025","HOUGHTON","THE ADELAIDE HILLS COUNCIL",2,2,0,0,2,2023,"August","Saturday","12:30 pm",80,"Sealed","Wet","Not Raining","Daylight","Head On",1,,,1343932.21,1681450.5
"2023-45080-19/09/2025","SHEA-OAK LOG","LIGHT REGIONAL COUNCIL",2,1,0,1,0,2023,"August","Saturday","03:00 pm",110,"Sealed","Wet","Raining","Daylight","Right Angle",1,,,1351746.84,1717256.12
"2023-45085-19/09/2025","NALYAPPA","YORKE PENINSULA COUNCIL",2,1,0,1,0,2023,"August","Saturday","06:55 pm",100,"Unsealed","Dry","Not Raining","Night","Roll Over",1,,,1236384.05,1760689.33
"2023-45094-19/09/2025","NGARKAT","DC TATIARA.",1,1,0,1,0,2023,"August","Sunday","11:30 am",100,"Unsealed","Dry","Not Raining","Daylight","Roll Over",1,,,1538429.19,1562874.21
"2023-45098-19/09/2025","HAPPY VALLEY","CITY OF ONKAPARINGA",2,1,0,0,1,2023,"August","Monday","06:32 am",80,"Sealed","Dry","Not Raining","Night","Hit Animal",2,,,1326430.99,1654575.28
"2023-45107-19/09/2025","ASCOT PARK","CC MARION.",2,1,0,0,1,2023,"August","Monday","12:50 pm",60,"Sealed","Dry","Not Raining","Daylight","Side Swipe",1,,,1324482.06,1663287.28
"2023-45110-19/09/2025","MILLICENT","WATTLE RANGE COUNCIL",2,1,0,0,1,2023,"August","Monday","12:27 pm",60,"Sealed","Dry","Not Raining","Daylight","Hit Parked Vehicle",1,,,1474889.63,1366339.05
"2023-45122-19/09/2025","BOOBOROWIE","REGIONAL COUNCIL OF GOYDER",1,1,0,1,0,2023,"August","Monday","04:30 pm",100,"Unsealed","Dry","Not Raining","Daylight","Roll Over",1,,,1354835.66,1819123.5
"2023-45125-19/09/2025","WINDSOR GARDENS","CITY OF PORT ADELAIDE ENFIELD",2,1,0,0,1,2023,"August","Monday","06:40 pm",60,"Sealed","Dry","Not Raining","Night","Hit Fixed Object",1,,"Y",1332959.36,1677357.48
"2023-45138-19/09/2025","GOODWOOD","CITY OF UNLEY",2,1,0,0,1,2023,"August","Monday","08:55 am",50,"Sealed","Dry","Not Raining","Daylight","Right Turn",2,,,1327462.77,1667712.89
"2023-45142-19/09/2025","YANYARRIE","DC OF ORROROO/CARRIETON",1,1,0,1,0,2023,"August","Monday","10:25 am",110,"Sealed","Dry","Not Raining","Daylight","Roll Over",1,,,1327371.14,1960989.67
"2023-45145-19/09/2025","FINDON","CITY OF CHARLES STURT",2,1,0,0,1,2023,"August","Monday","05:10 pm",60,"Sealed","Dry","Not Raining","Daylight","Side Swipe",2,,,1321840.26,1674712.48
"2023-45147-19/09/2025","DAVOREN PARK","CITY OF PLAYFORD.",2,1,0,0,1,2023,"August","Tuesday","11:50 am",50,"Sealed","Dry","Not Raining","Daylight","Head On",2,,,1335754.06,1697157.51
"2023-45151-19/09/2025","GAWLER WEST","CT GAWLER.",1,1,0,0,1,2023,"August","Tuesday","01:20 pm",50,"Sealed","Dry","Not Raining","Daylight","Roll Over",1,,,1342104.39,1705938.47
"2023-45152-19/09/2025","MONBULLA","WATTLE RANGE COUNCIL",2,1,0,0,1,2023,"August","Thursday","06:00 pm",110,"Sealed","Wet","Not Raining","Night","Hit Animal",2,,,1509712.37,1387921.29
"2023-45165-19/09/2025","TRANMERE","CC CAMPBELLTOWN.",2,2,0,0,2,2023,"August","Tuesday","07:28 pm",60,"Sealed","Dry","Not Raining","Night","Right Angle",1,,,1333834.79,1672885.54
"2023-45172-19/09/2025","TONSLEY","CC MARION.",2,1,0,0,1,2023,"August","Thursday","07:45 am",60,"Sealed","Dry","Not Raining","Daylight","Rear End",2,,,1325980.54,1661814.79
"2023-45173-19/09/2025","GOODWOOD","CITY OF UNLEY",2,1,0,0,1,2023,"August","Wednesday","08:25 am",50,"Sealed","Dry","Not Raining","Daylight","Right Angle",2,,,1327467.09,1667588.91
"2023-45177-19/09/2025","POORAKA","CITY OF SALISBURY",2,1,0,0,1,2023,"August","Wednesday","09:07 am",70,"Sealed","Dry","Not Raining","Daylight","Rear End",9,,,1330916.98,1681819.68
"2023-45178-19/09/2025","NETLEY","CITY OF WEST TORRENS",2,1,0,0,1,2023,"August","Tuesday","03:00 pm",60,"Sealed","Dry","Not Raining","Daylight","Rear End",2,,,1324188.18,1668459.41
"2023-45179-19/09/2025","KURRALTA PARK","CITY OF WEST TORRENS",2,1,0,0,1,2023,"August","Wednesday","09:18 am",60,"Sealed","Dry","Not Raining","Daylight","Hit Pedestrian",2,,,1325697.93,1667656.66
"2023-45186-19/09/2025","NORTH ADELAIDE","CITY OF ADELAIDE",2,1,0,0,1,2023,"August","Wednesday","10:05 am",50,"Sealed","Dry","Not Raining","Daylight","Hit Parked Vehicle",1,,,1328400.85,1672411.98
"2023-45187-19/09/2025","ADELAIDE","CITY OF ADELAIDE",2,1,0,0,1,2023,"August","Wednesday","11:27 am",60,"Sealed","Dry","Not Raining","Daylight","Hit Fixed Object",1,,,1327380.07,1670558.43
"2023-45193-19/09/2025","GLENELG NORTH","CITY OF HOLDFAST BAY",2,1,0,0,1,2023,"August","Wednesday","01:15 pm",60,"Sealed","Dry","Not Raining","Daylight","Side Swipe",1,,,1321003.72,1665305.11
"2023-45196-19/09/2025","KURRALTA PARK","CITY OF WEST TORRENS",2,1,0,0,1,2023,"August","Wednesday","01:15 pm",60,"Sealed","Dry","Not Raining","Daylight","Rear End",2,,,1325302.13,1667347.8
"2023-45201-19/09/2025","MAWSON LAKES","CITY OF SALISBURY",4,1,0,0,1,2023,"August","Wednesday","03:20 pm",80,"Unsealed","Dry","Not Raining","Daylight","Rear End",1,,,1330829.49,1682282.43
"2023-45205-19/09/2025","ALBERT PARK","CITY OF CHARLES STURT",2,1,0,0,1,2023,"January","Monday","04:00 pm",60,"Sealed","Dry","Not Raining","Daylight","Rear End",2,,,1321918.38,1676128.79
"2023-45208-19/09/2025","BEDFORD PARK","CC MITCHAM.",2,1,0,0,1,2023,"August","Wednesday","05:00 pm",70,"Sealed","Dry","Not Raining","Daylight","Side Swipe",1,,,1324810.82,1660033.88
"2023-45211-19/09/2025","ELIZABETH EAST","CITY OF PLAYFORD.",2,1,0,0,1,2023,"August","Wednesday","06:00 pm",60,"Sealed","Dry","Not Raining","Night","Right Angle",1,,,1336896.21,1693032.29
"2023-45215-19/09/2025","HOLDEN HILL","CITY OF TEA TREE GULLY",4,1,0,0,1,2023,"August","Wednesday","07:40 pm",60,"Sealed","Dry","Not Raining","Night","Rear End",1,,,1334985.95,1678802.26
"2023-45218-19/09/2025","WILLIAMSTOWN","THE BAROSSA COUNCIL.",2,2,0,2,0,2023,"August","Wednesday","08:35 pm",100,"Sealed","Dry","Not Raining","Night","Head On",2,,,1359292.87,1697675.98
"2023-45219-19/09/2025","WELBOURN HILL",,1,1,0,1,0,2023,"August","Thursday","05:00 am",110,"Sealed","Dry","Not Raining","Night","Roll Over",1,,,860778.2,2522094.83
"2023-45225-19/09/2025","BLAIR ATHOL","CITY OF PORT ADELAIDE ENFIELD",2,3,0,0,3,2023,"August","Thursday","08:35 am",60,"Sealed","Wet","Not Raining","Daylight","Right Turn",1,,,1328820.2,1678260.17
"2023-45226-19/09/2025","KENT TOWN","CC OF NORWOOD,PAYNEHAM & ST PETERS",2,1,0,0,1,2023,"August","Thursday","06:30 am",60,"Sealed","Wet","Raining","Night","Rear End",2,,,1330555.43,1670400.29
"2023-45227-19/09/2025","ADELAIDE","CITY OF ADELAIDE",2,1,0,0,1,2023,"August","Thursday","07:10 am",50,"Sealed","Dry","Not Raining","Daylight","Hit Pedestrian",2,,,1327860.32,1670813.48
"2023-45230-19/09/2025","CHRISTIES BEACH","CITY OF ONKAPARINGA",3,1,0,0,1,2023,"August","Thursday","12:33 pm",50,"Sealed","Dry","Not Raining","Daylight","Right Angle",2,,"Y",1316930.02,1648331.57
"2023-45232-19/09/2025","CROYDON","CITY OF CHARLES STURT",2,1,0,1,0,2023,"August","Wednesday","08:40 pm",40,"Sealed","Dry","Not Raining","Night","Hit Parked Vehicle",2,,"Y",1325479.47,1674019.4
"2023-45233-19/09/2025","POORAKA","CITY OF SALISBURY",2,1,0,0,1,2023,"August","Thursday","01:24 pm",50,"Sealed","Dry","Not Raining","Daylight","Hit Pedestrian",1,,,1331720.95,1682399.03
"2023-45238-19/09/2025","INGLE FARM","CITY OF SALISBURY",2,2,0,0,2,2023,"August","Thursday","02:00 pm",60,"Sealed","Wet","Raining","Daylight","Right Angle",1,,,1332135.16,1681789.77
"2023-45241-19/09/2025","WALKERVILLE","WALKERVILLE TOWN COUNCIL",3,1,0,0,1,2023,"August","Thursday","03:35 pm",60,"Sealed","Wet","Raining","Daylight","Right Angle",1,,,1329934.16,1673775.13
"2023-45244-19/09/2025","MITCHELL PARK","CC MARION.",3,1,0,0,1,2023,"August","Thursday","04:01 pm",60,"Sealed","Wet","Raining","Daylight","Rear End",1,,,1325018.41,1663289.91
"2023-45249-19/09/2025","TORRENSVILLE","CITY OF WEST TORRENS",3,1,0,0,1,2023,"August","Thursday","06:05 pm",50,"Sealed","Wet","Not Raining","Night","Rear End",2,,,1324757.26,1670966.19
"2023-45250-19/09/2025","PORT ADELAIDE","CITY OF PORT ADELAIDE ENFIELD",3,1,0,0,1,2023,"August","Thursday","07:10 pm",40,"Sealed","Wet","Raining","Night","Rear End",1,,,1319851.55,1680104.08
"2023-45252-19/09/2025","FULLARTON","CITY OF UNLEY",3,1,0,0,1,2023,"August","Thursday","07:36 pm",60,"Sealed","Wet","Raining","Night","Right Turn",2,,,1330731.84,1667482.42
"2023-45264-19/09/2025","WOODVILLE SOUTH","CITY OF CHARLES STURT",2,1,0,0,1,2023,"August","Friday","11:05 am",60,"Sealed","Dry","Not Raining","Daylight","Side Swipe",1,,,1322880.16,1675702.57
"2023-45272-19/09/2025","BLAKEVIEW","CITY OF PLAYFORD.",2,1,0,0,1,2023,"August","Friday","01:48 pm",60,"Sealed","Dry","Not Raining","Daylight","Right Angle",1,,,1337788.06,1696569.79
"2023-45277-19/09/2025","SALISBURY DOWNS","CITY OF SALISBURY",2,1,0,0,1,2023,"August","Friday","03:23 pm",60,"Sealed","Dry","Not Raining","Daylight","Rear End",2,,,1331716.85,1686621.26
"2023-45278-19/09/2025","GILLES PLAINS","CITY OF PORT ADELAIDE ENFIELD",3,1,0,0,1,2023,"August","Friday","03:25 pm",60,"Sealed","Dry","Not Raining","Daylight","Right Turn",1,,,1333652.78,1679347.45
"2023-45280-19/09/2025","SMITHFIELD PLAINS","CITY OF PLAYFORD.",3,2,0,0,2,2023,"August","Friday","03:45 pm",60,"Sealed","Dry","Not Raining","Daylight","Rear End",1,,,1336383.41,1698019.8
"2023-45281-19/09/2025","PARAFIELD GARDENS","CITY OF SALISBURY",2,1,0,0,1,2023,"August","Friday","04:08 pm",50,"Sealed","Dry","Not Raining","Daylight","Hit Parked Vehicle",1,,,1329862.02,1686009.44
"2023-45283-19/09/2025","KLEMZIG","CITY OF PORT ADELAIDE ENFIELD",2,1,0,0,1,2023,"August","Friday","03:20 pm",50,"Unsealed","Dry","Not Raining","Daylight","Hit Pedestrian",2,,,1332041.09,1676064.11
"2023-45287-19/09/2025","PLYMPTON PARK","CC MARION.",2,1,0,0,1,2023,"August","Friday","05:35 pm",50,"Sealed","Dry","Not Raining","Daylight","Hit Pedestrian",2,,,1324176.97,1664751.1
"2023-45289-19/09/2025","GLENSIDE","CITY OF BURNSIDE",2,1,0,0,1,2023,"August","Friday","03:52 pm",50,"Sealed","Dry","Not Raining","Daylight","Right Angle",2,,,1331530.53,1668346.45
"2023-45293-19/09/2025","ALDINGA BEACH","CITY OF ONKAPARINGA",7,2,0,0,2,2023,"August","Friday","07:06 pm",100,"Sealed","Dry","Not Raining","Night","Hit Parked Vehicle",1,"Y",,1314622.35,1632236.01
"2023-45294-19/09/2025","TORRENSVILLE","CITY OF WEST TORRENS",2,1,0,0,1,2023,"August","Friday","08:20 pm",50,"Sealed","Dry","Not Raining","Night","Right Angle",2,,,1324757.26,1670966.19
"2023-45296-19/09/2025","CADELL","MID MURRAY DISTRICT COUNCIL",2,3,0,2,1,2023,"August","Friday","11:05 pm",100,"Sealed","Dry","Not Raining","Night","Hit Fixed Object",1,,"Y",1432391.55,1764160.57
"2023-45306-19/09/2025","CEDUNA","DC CEDUNA",2,1,0,1,0,2023,"August","Saturday","10:00 am",50,"Sealed","Wet","Not Raining","Daylight","Hit Fixed Object",1,,,875927.98,1985112.73
"2023-45307-19/09/2025","PORT PIRIE SOUTH","PT.PIRIE CITY & DIST. COUNCIL",2,1,0,0,1,2023,"August","Saturday","10:46 am",60,"Sealed","Wet","Raining","Daylight","Right Angle",2,,,1280454.06,1863470.35
"2023-45308-19/09/2025","HENLEY BEACH","CITY OF CHARLES STURT",2,1,0,0,1,2023,"August","Saturday","07:15 am",50,"Sealed","Dry","Not Raining","Daylight","Right Angle",2,,,1318931.06,1671999.01
"2023-45309-19/09/2025","PENNINGTON","CITY OF CHARLES STURT",2,1,0,0,1,2023,"August","Saturday","01:10 pm",60,"Sealed","Dry","Not Raining","Daylight","Right Angle",1,,,1322284.15,1678500.58
"2023-45311-19/09/2025","SALISBURY DOWNS","CITY OF SALISBURY",2,1,0,0,1,2023,"August","Friday","02:25 pm",60,"Sealed","Wet","Not Raining","Daylight","Rear End",2,,,1330537.47,1687541.91
"2023-45318-19/09/2025","MEDINDIE","WALKERVILLE TOWN COUNCIL",2,2,0,1,1,2023,"August","Saturday","04:03 pm",60,"Sealed","Dry","Not Raining","Daylight","Right Turn",2,,,1328545.74,1673867.55
"2023-45329-19/09/2025","MYPONGA","DC YANKALILLA.",2,1,0,0,1,2023,"August","Saturday","06:46 pm",100,"Sealed","Wet","Raining","Night","Side Swipe",1,,,1315786.09,1620678.33
"2023-45336-19/09/2025","ELIZABETH DOWNS","CITY OF PLAYFORD.",3,1,0,0,1,2023,"August","Sunday","08:50 am",50,"Sealed","Wet","Raining","Daylight","Hit Parked Vehicle",1,,"Y",1337609.17,1695367.25
"2023-45338-19/09/2025","SEAFORD MEADOWS","CITY OF ONKAPARINGA",2,1,0,0,1,2023,"August","Sunday","09:36 am",60,"Sealed","Wet","Not Raining","Daylight","Rear End",1,"Y",,1316820.42,1642789.32
"2023-45339-19/09/2025","NAILSWORTH","CITY OF PROSPECT",2,1,0,0,1,2023,"August","Sunday","12:35 pm",60,"Sealed","Dry","Not Raining","Daylight","Right Angle",2,,,1328917.57,1674760.92
"2023-45345-19/09/2025","LIGHTSVIEW","CITY OF PORT ADELAIDE ENFIELD",2,1,0,0,1,2023,"August","Thursday","06:20 pm",60,"Sealed","Wet","Raining","Night","Rear End",2,,,1330400.9,1677974.43
"2023-45352-19/09/2025","GLENELG","CITY OF HOLDFAST BAY",2,1,0,1,0,2023,"August","Sunday","08:40 pm",50,"Sealed","Dry","Not Raining","Night","Hit Pedestrian",1,"Y",,1320441.23,1665085.23
"2023-45354-19/09/2025","GREEN FIELDS","CITY OF SALISBURY",2,1,0,0,1,2023,"August","Sunday","08:47 pm",90,"Sealed","Dry","Not Raining","Night","Rear End",2,,,1328656.28,1685901.86
"2023-45356-19/09/2025","MURRAY BRIDGE EAST","RC MURRAY BRIDGE.",2,1,0,1,0,2023,"August","Sunday","07:00 pm",80,"Sealed","Dry","Not Raining","Night","Right Angle",1,,"Y",1393565.02,1645824.1
"2023-45357-19/09/2025","WHYALLA","CC WHYALLA.",4,1,0,0,1,2023,"August","Sunday","07:12 pm",50,"Sealed","Dry","Not Raining","Night","Right Angle",1,,,1240738.08,1882672.57
"2023-45359-19/09/2025","STIRLING","THE ADELAIDE HILLS COUNCIL",2,2,0,0,2,2023,"August","Monday","12:05 am",100,"Sealed","Wet","Not Raining","Night","Hit Fixed Object",1,,,1338168.02,1662274.25
"2023-45360-19/09/2025","PORT BROUGHTON","BARUNGA WEST DISTRICT COUNCIL",1,1,0,0,1,2023,"August","Sunday","03:50 pm",50,"Sealed","Dry","Not Raining","Daylight","Roll Over",1,"Y",,1271295.11,1818975.99
"2023-45365-19/09/2025","TATACHILLA","CITY OF ONKAPARINGA",2,1,0,0,1,2023,"August","Monday","08:00 am",60,"Sealed","Dry","Not Raining","Daylight","Rear End",2,,,1317646.97,1638169.75