"REPORT_ID","Suburb","LGA Name","Total Units","Total Cas","Total Fats","Total SI","Total MI","Year","Month","Day","Time","Area Speed","Road Surface","Moisture Cond","Weather Cond","DayNight","Crash Type","Unit Resp","DUI Involved","Drugs Involved","ACCLOC_X","ACCLOC_Y"
"2023-45369-19/09/2025","LUCINDALE","DC NARACOORTE & LUCINDALE.",2,5,0,0,5,2023,"August","Monday","08:26 am",110,"Sealed","Dry","Not Raining","Daylight","Right Angle",1,,,1470385.89,1419743.7
"2023-45371-19/09/2025","PANORAMA","CC MITCHAM.",3,1,0,0,1,2023,"August","Monday","07:40 am",60,"Sealed","Dry","Not Raining","Daylight","Rear End",2,,,1327580.8,1663430.02
"2023-45373-19/09/2025","SALISBURY DOWNS","CITY OF SALISBURY",3,1,0,0,1,2023,"August","Monday","10:05 am",60,"Sealed","Dry","Not Raining","Daylight","Rear End",2,,,1332167.06,1687734.92
"2023-45383-19/09/2025","WHYALLA NORRIE","CC WHYALLA.",2,2,0,0,2,2023,"August","Monday","01:15 pm",60,"Sealed","Dry","Not Raining","Daylight","Right Turn",1,,,1237771.82,1883442.9
"2023-45387-19/09/2025","CROMER","THE ADELAIDE HILLS COUNCIL",2,1,0,1,0,2023,"August","Monday","02:42 pm",100,"Sealed","Dry","Not Raining","Daylight","Right Angle",2,,,1361394.91,1684498.8
"2023-45392-19/09/2025","ANGASTON","THE BAROSSA COUNCIL.",3,2,0,0,2,2023,"August","Monday","04:57 pm",80,"Sealed","Dry","Not Raining","Daylight","Right Angle",2,,,1369232.76,1717106.68
"2023-45399-19/09/2025","SALISBURY EAST","CITY OF SALISBURY",2,1,0,1,0,2023,"August","Monday","06:46 pm",80,"Sealed","Dry","Not Raining","Night","Hit Pedestrian",2,,,1334259.23,1686617.71
"2023-45404-19/09/2025","UNDERDALE","CITY OF WEST TORRENS",2,1,0,0,1,2023,"August","Tuesday","06:58 am",60,"Sealed","Wet","Not Raining","Daylight","Right Angle",1,,,1324328.3,1670954.65
"2023-45407-19/09/2025","BROADVIEW","CITY OF PROSPECT",2,1,0,0,1,2023,"August","Tuesday","08:20 am",50,"Sealed","Wet","Not Raining","Daylight","Right Angle",2,,,1329988.46,1675782.78
"2023-45419-19/09/2025","NORTHFIELD","CITY OF PORT ADELAIDE ENFIELD",2,1,0,0,1,2023,"August","Tuesday","08:40 am",60,"Sealed","Dry","Not Raining","Daylight","Rear End",2,,,1330369.41,1678954.55
"2023-45420-19/09/2025","PARALOWIE","CITY OF SALISBURY",2,1,0,0,1,2023,"August","Monday","04:00 pm",60,"Sealed","Dry","Not Raining","Daylight","Side Swipe",1,,,1329089.21,1688682.65
"2023-45421-19/09/2025","ECHUNGA","DC MT.BARKER.",2,1,0,0,1,2023,"August","Tuesday","04:00 am",100,"Sealed","Wet","Raining","Night","Hit Animal",2,,,1344836.04,1648177.86
"2023-45425-19/09/2025","TORRENSVILLE","CITY OF WEST TORRENS",2,1,0,0,1,2023,"August","Tuesday","03:05 pm",60,"Sealed","Dry","Not Raining","Daylight","Rear End",1,,,1325547.13,1671701.58
"2023-45428-19/09/2025","ADELAIDE","CITY OF ADELAIDE",2,1,0,0,1,2023,"August","Tuesday","03:45 pm",50,"Sealed","Dry","Not Raining","Daylight","Right Angle",2,,,1329368.7,1670212.38
"2023-45430-19/09/2025","GEPPS CROSS","CITY OF PORT ADELAIDE ENFIELD",2,1,0,0,1,2023,"August","Tuesday","07:20 am",60,"Sealed","Dry","Not Raining","Daylight","Rear End",2,,,1327168.53,1679219.26
"2023-45438-19/09/2025","ADELAIDE","CITY OF ADELAIDE",2,1,0,0,1,2023,"August","Tuesday","07:35 pm",50,"Sealed","Dry","Not Raining","Night","Rear End",2,,,1328453.02,1671132
"2023-45443-19/09/2025","THEBARTON","CITY OF WEST TORRENS",2,1,0,1,0,2023,"August","Wednesday","08:00 am",50,"Sealed","Dry","Not Raining","Daylight","Right Angle",1,,,1326065.46,1671516.41
"2023-45452-19/09/2025","MOUNT BARKER","DC MT.BARKER.",3,1,0,0,1,2023,"August","Tuesday","05:05 pm",60,"Sealed","Dry","Not Raining","Daylight","Rear End",2,,,1351103.91,1654648.03
"2023-45453-19/09/2025","HALLETT COVE","CC MARION.",1,1,0,0,1,2023,"August","Wednesday","11:00 am",50,"Sealed","Dry","Not Raining","Daylight","Roll Over",1,,,1320899.04,1655096.26
"2023-45462-19/09/2025","VALLEY VIEW","CITY OF PORT ADELAIDE ENFIELD",3,1,0,0,1,2023,"August","Wednesday","03:00 pm",60,"Sealed","Dry","Not Raining","Daylight","Right Angle",1,,,1334213.62,1679377.02
"2023-45466-19/09/2025","TORRENS PARK","CC MITCHAM.",2,1,0,0,1,2023,"August","Wednesday","03:44 pm",50,"Sealed","Dry","Not Raining","Daylight","Right Angle",1,,,1329459.23,1664915.92
"2023-45467-19/09/2025","SALISBURY PARK","CITY OF SALISBURY",2,1,0,0,1,2023,"August","Wednesday","07:30 am",80,"Sealed","Dry","Not Raining","Daylight","Rear End",2,,,1335994.19,1688829.08
"2023-45472-19/09/2025","SEATON","CITY OF CHARLES STURT",2,1,0,0,1,2023,"August","Wednesday","05:20 pm",60,"Sealed","Dry","Not Raining","Daylight","Side Swipe",1,,,1319909.22,1674699.44
"2023-45474-19/09/2025","PARAFIELD GARDENS","CITY OF SALISBURY",2,2,0,0,2,2023,"August","Wednesday","05:30 pm",60,"Sealed","Dry","Not Raining","Daylight","Right Angle",2,,,1331077.74,1686360.78
"2023-45476-19/09/2025","GEPPS CROSS","CITY OF PORT ADELAIDE ENFIELD",2,1,0,0,1,2023,"August","Thursday","04:00 pm",60,"Sealed","Dry","Not Raining","Daylight","Right Angle",2,,,1329003.47,1679270.43
"2023-45479-19/09/2025","PORT ADELAIDE","CITY OF PORT ADELAIDE ENFIELD",2,1,0,0,1,2023,"August","Wednesday","06:30 pm",50,"Sealed","Dry","Not Raining","Night","Rear End",2,,,1319913.15,1679917.94
"2023-45482-19/09/2025","RISDON PARK","PT.PIRIE CITY & DIST. COUNCIL",2,1,0,0,1,2023,"August","Wednesday","08:05 pm",50,"Sealed","Dry","Not Raining","Night","Right Angle",1,,,1278769.19,1864548.38
"2023-45494-19/09/2025","FLAGSTAFF HILL","CITY OF ONKAPARINGA",2,1,0,0,1,2023,"August","Thursday","06:35 am",60,"Sealed","Dry","Not Raining","Night","Right Angle",2,,,1327951.96,1656185.29
"2023-45495-19/09/2025","PENNINGTON","CITY OF CHARLES STURT",2,1,0,0,1,2023,"August","Thursday","08:20 am",25,"Sealed","Dry","Not Raining","Daylight","Side Swipe",1,,,1321865.37,1678243.28
"2023-45496-19/09/2025","PENNINGTON","CITY OF CHARLES STURT",4,4,0,0,4,2023,"August","Thursday","08:26 am",60,"Sealed","Dry","Not Raining","Daylight","Rear End",1,,,1322283.51,1678163.72
"2023-45501-19/09/2025","THEBARTON","CITY OF WEST TORRENS",2,1,0,0,1,2023,"August","Thursday","08:00 am",60,"Sealed","Dry","Not Raining","Daylight","Side Swipe",1,,,1326563.52,1671792.84
"2023-45504-19/09/2025","ELIZABETH PARK","CITY OF PLAYFORD.",2,1,0,0,1,2023,"August","Thursday","11:35 am",80,"Sealed","Dry","Not Raining","Daylight","Rear End",2,,,1335960.32,1693276.69
"2023-45508-19/09/2025","URRBRAE","CC MITCHAM.",3,1,0,0,1,2023,"August","Thursday","12:15 pm",60,"Sealed","Dry","Not Raining","Daylight","Rear End",1,,,1332373.16,1666370.92
"2023-45510-19/09/2025","MORPHETT VALE","CITY OF ONKAPARINGA",2,2,0,0,2,2023,"August","Thursday","01:15 pm",60,"Sealed","Dry","Not Raining","Daylight","Head On",1,,,1319646.76,1650717.97
"2023-45512-19/09/2025","WAYVILLE","CITY OF UNLEY",2,3,0,0,3,2023,"August","Thursday","02:17 pm",60,"Sealed","Dry","Not Raining","Daylight","Right Angle",1,,,1327432.21,1668782.52
"2023-45529-19/09/2025","MUNNO PARA","CITY OF PLAYFORD.",1,1,0,0,1,2023,"August","Thursday","04:50 pm",80,"Sealed","Dry","Not Raining","Daylight","Roll Over",1,,,1338271.55,1697820.04
"2023-45530-19/09/2025","SEMAPHORE SOUTH","CITY OF PORT ADELAIDE ENFIELD",2,1,0,0,1,2023,"August","Thursday","04:55 pm",60,"Sealed","Dry","Not Raining","Daylight","Hit Parked Vehicle",1,,,1317937.49,1679845.56
"2023-45536-19/09/2025","GLEN OSMOND","CITY OF BURNSIDE",2,1,0,1,0,2023,"August","Thursday","07:00 pm",60,"Sealed","Dry","Not Raining","Night","Right Angle",1,,,1332625.25,1666201
"2023-45539-19/09/2025","ADELAIDE","CITY OF ADELAIDE",2,1,0,1,0,2023,"August","Thursday","02:08 pm",50,"Sealed","Dry","Not Raining","Daylight","Hit Pedestrian",2,,,1328392.85,1670185.35
"2023-45540-19/09/2025","STIRLING NORTH","CC PT.AUGUSTA.",2,3,0,0,3,2023,"August","Thursday","09:00 pm",80,"Sealed","Dry","Not Raining","Night","Right Angle",2,,,1263309.1,1939914.76
"2023-45541-19/09/2025","MONTACUTE","THE ADELAIDE HILLS COUNCIL",2,2,0,1,1,2023,"August","Thursday","08:50 pm",80,"Sealed","Dry","Not Raining","Night","Hit Fixed Object",1,,,1339591.39,1674386.21
"2023-45542-19/09/2025","WARRADALE","CC MARION.",2,1,0,0,1,2023,"August","Thursday","11:49 pm",60,"Sealed","Dry","Not Raining","Night","Hit Fixed Object",1,"Y",,1322428.34,1662055.8
"2023-45543-19/09/2025","MCLAREN VALE","CITY OF ONKAPARINGA",1,1,0,0,1,2023,"August","Friday","01:25 am",80,"Sealed","Dry","Not Raining","Night","Roll Over",1,"Y",,1322624.92,1635989.21
"2023-45544-19/09/2025","CULTANA","CC WHYALLA.",1,1,0,0,1,2023,"August","Friday","12:15 am",110,"Sealed","Dry","Not Raining","Night","Roll Over",1,,,1239030.71,1898343.3
"2023-45548-19/09/2025","PETERBOROUGH","DC OF PETERBOROUGH",2,3,0,1,2,2023,"August","Thursday","11:15 am",110,"Sealed","Dry","Not Raining","Daylight","Side Swipe",1,,,1355787.7,1885271.17
"2023-45550-19/09/2025","ELIZABETH VALE","CITY OF PLAYFORD.",3,1,0,0,1,2023,"August","Friday","08:55 am",60,"Sealed","Dry","Not Raining","Daylight","Side Swipe",2,,,1334450.22,1689811.49
"2023-45553-19/09/2025","HOSKIN CORNER","WAKEFIELD REGIONAL COUNCIL",2,3,0,0,3,2023,"August","Friday","09:19 am",100,"Sealed","Dry","Not Raining","Daylight","Side Swipe",2,,,1317909.84,1752525.5
"2023-45558-19/09/2025","WATERLOO CORNER","CITY OF PLAYFORD.",2,1,0,0,1,2023,"August","Friday","11:00 am",80,"Sealed","Dry","Not Raining","Daylight","Rear End",2,,,1325555.92,1696482.76
"2023-45559-19/09/2025","ALBERT PARK","CITY OF CHARLES STURT",2,1,0,0,1,2023,"August","Monday","01:30 pm",60,"Sealed","Dry","Not Raining","Daylight","Rear End",2,,,1321707.19,1676718.28
"2023-45560-19/09/2025","KILBURN","CITY OF PORT ADELAIDE ENFIELD",2,1,0,0,1,2023,"July","Wednesday","07:25 pm",50,"Sealed","Dry","Not Raining","Night","Hit Parked Vehicle",2,,,1328045.48,1677318.39
"2023-45574-19/09/2025","LARGS BAY","CITY OF PORT ADELAIDE ENFIELD",2,1,0,0,1,2023,"August","Friday","05:05 pm",50,"Sealed","Dry","Not Raining","Daylight","Right Turn",1,,,1319781.19,1682107.85
"2023-45575-19/09/2025","MILE END","CITY OF WEST TORRENS",2,1,0,0,1,2023,"August","Friday","05:08 pm",60,"Sealed","Dry","Not Raining","Daylight","Right Turn",1,,,1325749.1,1670558.92
"2023-45576-19/09/2025","OAKLANDS PARK","CC MARION.",2,1,0,0,1,2023,"August","Friday","04:00 pm",60,"Sealed","Dry","Not Raining","Daylight","Rear End",2,,,1322761.73,1661110.22
"2023-45577-19/09/2025","ECHUNGA","DC MT.BARKER.",2,1,0,0,1,2023,"August","Friday","05:20 pm",80,"Sealed","Dry","Not Raining","Daylight","Hit Fixed Object",1,,,1348893.39,1649886.63
"2023-45578-19/09/2025","HAWKER","THE FLINDERS RANGES COUNCIL.",2,1,0,0,1,2023,"August","Friday","05:30 pm",110,"Sealed","Dry","Not Raining","Daylight","Hit Fixed Object",1,,,1318805.97,1999014.1
"2023-45579-19/09/2025","MALVERN","CITY OF UNLEY",2,1,0,0,1,2023,"August","Friday","06:16 pm",60,"Sealed","Dry","Not Raining","Night","Right Turn",2,,,1329120.16,1666954.4
"2023-45580-19/09/2025","ATHOL PARK","CITY OF CHARLES STURT",2,1,0,0,1,2023,"August","Friday","05:43 pm",60,"Sealed","Dry","Not Raining","Daylight","Right Turn",1,"Y",,1323915.04,1678751.95
"2023-45584-19/09/2025","GOOLWA","ALEXANDRINA COUNCIL",2,1,0,0,1,2023,"August","Friday","06:47 pm",50,"Sealed","Dry","Not Raining","Night","Right Angle",2,,,1342573.07,1606545.41
"2023-45585-19/09/2025","FORESTVILLE","CITY OF UNLEY",2,1,0,0,1,2023,"August","Friday","05:55 pm",60,"Sealed","Dry","Not Raining","Night","Side Swipe",1,,,1326438.98,1668308.9
"2023-45586-19/09/2025","FLAGSTAFF HILL","CITY OF ONKAPARINGA",2,1,0,0,1,2023,"August","Friday","08:47 pm",60,"Sealed","Dry","Not Raining","Night","Hit Fixed Object",1,"Y",,1327146.75,1655296.61
"2023-45590-19/09/2025","WHYALLA PLAYFORD","CC WHYALLA.",2,1,0,0,1,2023,"August","Saturday","12:00 am",60,"Sealed","Dry","Not Raining","Night","Hit Fixed Object",1,,,1239165.42,1883049.57
"2023-45597-19/09/2025","GLENELG EAST","CITY OF HOLDFAST BAY",2,1,0,0,1,2023,"July","Friday","02:00 pm",60,"Sealed","Dry","Not Raining","Daylight","Rear End",2,,,1322637.42,1665387.9
"2023-45599-19/09/2025","RENMARK SOUTH","DC RENMARK PARINGA",2,1,0,0,1,2023,"August","Saturday","10:50 am",80,"Unsealed","Dry","Not Raining","Daylight","Hit Fixed Object",1,,,1527356.83,1740376.17
"2023-45601-19/09/2025","MAGILL","CC CAMPBELLTOWN.",2,1,0,0,1,2023,"August","Sunday","05:20 pm",40,"Sealed","Dry","Not Raining","Daylight","Right Angle",2,,,1335434.51,1671846.58
"2023-45602-19/09/2025","KLEMZIG","CITY OF PORT ADELAIDE ENFIELD",3,1,0,0,1,2023,"August","Saturday","11:30 am",60,"Sealed","Dry","Not Raining","Daylight","Rear End",1,,,1331881.33,1675724.54
"2023-45603-19/09/2025","BOCONNOC PARK","CLARE AND GILBERT VALLEYS DISTRICT COUNCIL",2,1,0,0,1,2023,"August","Friday","08:30 pm",100,"Sealed","Unknown","Unknown","Night","Hit Fixed Object",1,,,1327749.93,1791109.98
"2023-45610-19/09/2025","MUNNO PARA","CITY OF PLAYFORD.",2,1,0,0,1,2023,"August","Saturday","02:05 pm",60,"Sealed","Dry","Not Raining","Daylight","Rear End",1,,,1336384.91,1698703.4
"2023-45615-19/09/2025","TONSLEY","CC MARION.",2,1,0,0,1,2023,"August","Saturday","02:35 pm",60,"Sealed","Dry","Not Raining","Daylight","Rear End",2,,,1325096.07,1660698.82
"2023-45616-19/09/2025","MILLICENT","WATTLE RANGE COUNCIL",1,2,0,0,2,2023,"August","Saturday","04:15 pm",80,"Unsealed","Dry","Not Raining","Daylight","Roll Over",1,,,1471561.97,1367578.41
"2023-45619-19/09/2025","BLEWITT SPRINGS","CITY OF ONKAPARINGA",2,1,0,1,0,2023,"August","Saturday","06:20 pm",80,"Sealed","Dry","Not Raining","Night","Hit Animal",2,,,1327216,1645186.39
"2023-45620-19/09/2025","PLYMPTON","CITY OF WEST TORRENS",2,1,0,0,1,2023,"August","Saturday","02:50 pm",60,"Sealed","Dry","Not Raining","Daylight","Side Swipe",2,,,1324227.3,1666580.54
"2023-45621-19/09/2025","URRBRAE","CC MITCHAM.",3,1,0,0,1,2023,"August","Saturday","12:00 pm",60,"Sealed","Dry","Not Raining","Daylight","Rear End",2,,,1332373.16,1666370.92
"2023-45625-19/09/2025","NOARLUNGA DOWNS","CITY OF ONKAPARINGA",2,4,0,4,0,2023,"August","Sunday","12:28 am",70,"Sealed","Dry","Not Raining","Night","Hit Fixed Object",1,"Y",,1318075.52,1645637.89
"2023-45628-19/09/2025","ADELAIDE","CITY OF ADELAIDE",2,1,0,0,1,2023,"August","Tuesday","11:16 am",50,"Sealed","Dry","Not Raining","Daylight","Right Angle",2,,,1329439.83,1670260.38
"2023-45629-19/09/2025","POORAKA","CITY OF SALISBURY",2,3,0,0,3,2023,"August","Sunday","10:57 am",60,"Sealed","Dry","Not Raining","Daylight","Right Angle",1,,,1331951.88,1681570.8
"2023-45631-19/09/2025","BEDFORD PARK","CC MARION.",2,1,0,0,1,2023,"August","Monday","03:20 pm",50,"Sealed","Dry","Not Raining","Daylight","Side Swipe",2,,,1325133.63,1660442.18
"2023-45632-19/09/2025","WAYVILLE","CITY OF UNLEY",1,1,0,1,0,2023,"August","Sunday","12:05 pm",60,"Sealed","Dry","Not Raining","Daylight","Roll Over",1,,"Y",1326865.31,1668904.7
"2023-45641-19/09/2025","PORT PIRIE","PT.PIRIE CITY & DIST. COUNCIL",3,1,0,1,0,2023,"August","Sunday","03:25 pm",50,"Sealed","Dry","Not Raining","Daylight","Hit Fixed Object",1,,"Y",1280427.47,1865346.1
"2023-45642-19/09/2025","STURT","CC MARION.",5,1,0,0,1,2023,"August","Sunday","04:51 pm",50,"Sealed","Dry","Not Raining","Daylight","Hit Fixed Object",1,,,1323767.91,1660399.67
"2023-45644-19/09/2025","BELTON","DC OF ORROROO/CARRIETON",2,1,0,0,1,2023,"August","Sunday","03:44 pm",100,"Unsealed","Dry","Not Raining","Daylight","Hit Animal",2,,,1347599.79,1969392.73
"2023-45647-19/09/2025","MANNUM","MID MURRAY DISTRICT COUNCIL",3,1,1,0,0,2023,"August","Sunday","07:08 pm",50,"Sealed","Dry","Not Raining","Night","Hit Pedestrian",1,,,1392649.75,1669119.42
"2023-45648-19/09/2025","HILLCREST","CITY OF PORT ADELAIDE ENFIELD",2,1,0,1,0,2023,"August","Sunday","06:55 pm",60,"Sealed","Dry","Not Raining","Night","Right Angle",2,,,1333153.94,1677525.54
"2023-45652-19/09/2025","ECHUNGA","DC MT.BARKER.",2,1,0,0,1,2023,"August","Monday","06:40 am",80,"Sealed","Dry","Not Raining","Night","Hit Fixed Object",1,,,1347941.31,1652941.15
"2023-45654-19/09/2025","SMITHFIELD PLAINS","CITY OF PLAYFORD.",1,1,0,0,1,2023,"August","Monday","08:16 am",60,"Sealed","Dry","Not Raining","Daylight","Roll Over",1,,,1336418.44,1698062.73
"2023-45658-19/09/2025","SOMERTON PARK","CITY OF HOLDFAST BAY",2,1,0,0,1,2023,"August","Monday","11:33 am",60,"Sealed","Dry","Not Raining","Daylight","Hit Pedestrian",1,,,1321082.21,1662919.45
"2023-45661-19/09/2025","SEACLIFF PARK","CC MARION.",2,1,0,0,1,2023,"August","Monday","02:40 pm",60,"Sealed","Dry","Not Raining","Daylight","Side Swipe",2,,,1321250.39,1658434.48
"2023-45666-19/09/2025","ROYAL PARK","CITY OF CHARLES STURT",3,1,0,0,1,2023,"August","Monday","05:42 pm",60,"Sealed","Wet","Raining","Daylight","Rear End",1,,,1320681.7,1677608.59
"2023-45677-19/09/2025","HINDMARSH","CITY OF CHARLES STURT",1,1,0,0,1,2023,"August","Tuesday","08:30 am",60,"Sealed","Dry","Not Raining","Daylight","Roll Over",1,,,1325495.42,1673282.91
"2023-45680-19/09/2025","MORPHETTVILLE","CC MARION.",3,1,0,0,1,2023,"August","Tuesday","08:05 am",60,"Sealed","Dry","Not Raining","Daylight","Rear End",1,,,1322654.75,1664699.5
"2023-45681-19/09/2025","RICHMOND","CITY OF WEST TORRENS",2,1,0,0,1,2023,"August","Friday","01:50 pm",60,"Sealed","Dry","Not Raining","Daylight","Rear End",2,,,1325789.86,1669480.18
"2023-45684-19/09/2025","SALISBURY PLAIN","CITY OF SALISBURY",2,1,0,0,1,2023,"August","Monday","11:15 pm",60,"Sealed","Dry","Not Raining","Night","Right Angle",2,,,1333807.7,1687916.19
"2023-45689-19/09/2025","HINDMARSH","CITY OF CHARLES STURT",2,1,0,0,1,2023,"August","Tuesday","08:30 am",60,"Sealed","Dry","Not Raining","Daylight","Side Swipe",2,,,1326004.99,1673072.72
"2023-45695-19/09/2025","MOUNT BARKER SUMMIT","DC MT.BARKER.",2,1,0,0,1,2023,"August","Tuesday","01:45 pm",110,"Sealed","Dry","Not Raining","Daylight","Rear End",1,,,1357278.89,1655109.73
"2023-45701-19/09/2025","FLAGSTAFF HILL","CITY OF ONKAPARINGA",2,1,0,0,1,2023,"August","Tuesday","08:40 am",70,"Sealed","Dry","Not Raining","Daylight","Rear End",2,,,1325535.07,1656815.37
"2023-45706-19/09/2025","NORWOOD","CC OF NORWOOD,PAYNEHAM & ST PETERS",2,1,0,0,1,2023,"August","Tuesday","04:43 pm",50,"Sealed","Dry","Not Raining","Daylight","Hit Parked Vehicle",1,,,1331840.39,1671559.68
"2023-45707-19/09/2025","BORDERTOWN","DC TATIARA.",2,1,0,0,1,2023,"August","Tuesday","04:45 pm",50,"Sealed","Dry","Not Raining","Daylight","Right Turn",1,,,1517227.86,1508349.1
"2023-45710-19/09/2025","ELIZABETH VALE","CITY OF PLAYFORD.",2,1,0,0,1,2023,"August","Tuesday","06:55 pm",60,"Sealed","Dry","Not Raining","Night","Side Swipe",1,,,1334779.48,1689910.23
"2023-45711-19/09/2025","RIDLEYTON","CITY OF CHARLES STURT",2,1,0,0,1,2023,"August","Tuesday","03:20 pm",60,"Sealed","Dry","Not Raining","Daylight","Rear End",2,,,1326317.87,1674576.99
"2023-45716-19/09/2025","YATALA VALE","CITY OF TEA TREE GULLY",2,1,0,0,1,2023,"August","Wednesday","12:45 am",80,"Sealed","Dry","Not Raining","Night","Hit Fixed Object",1,"Y",,1341568.43,1685133.59
"2023-45717-19/09/2025","ELIZABETH DOWNS","CITY OF PLAYFORD.",2,1,1,0,0,2023,"August","Wednesday","01:00 am",50,"Sealed","Dry","Not Raining","Night","Hit Pedestrian",2,,,1337264.89,1695564.89
"2023-45721-19/09/2025","FLINDERS PARK","CITY OF CHARLES STURT",2,1,0,0,1,2023,"August","Wednesday","08:40 am",60,"Sealed","Dry","Not Raining","Daylight","Rear End",2,,,1324133.16,1673168.12
"2023-45723-19/09/2025","ELIZABETH GROVE","CITY OF PLAYFORD.",2,1,0,1,0,2023,"August","Wednesday","09:05 am",80,"Sealed","Dry","Not Raining","Daylight","Right Turn",2,,,1336118.68,1691385.65
"2023-45727-19/09/2025","KILKENNY","CITY OF CHARLES STURT",3,1,0,0,1,2023,"August","Wednesday","12:15 pm",50,"Sealed","Dry","Not Raining","Daylight","Hit Fixed Object",1,,,1324473.84,1676098.33
"2023-45728-19/09/2025","LYNDOCH","THE BAROSSA COUNCIL.",1,1,0,0,1,2023,"August","Wednesday","10:15 am",50,"Sealed","Dry","Not Raining","Daylight","Roll Over",1,,,1355227.23,1705696.09
"2023-45730-19/09/2025","MACDONALD PARK","CITY OF PLAYFORD.",2,1,0,0,1,2023,"August","Wednesday","11:30 am",110,"Sealed","Dry","Not Raining","Daylight","Side Swipe",1,,,1334325.88,1699255.4
"2023-45732-19/09/2025","MCLAREN VALE","CITY OF ONKAPARINGA",5,2,0,0,2,2023,"August","Wednesday","12:23 pm",60,"Sealed","Dry","Not Raining","Daylight","Head On",1,,,1318360.08,1641663.21
"2023-45733-19/09/2025","GLENELG","CITY OF HOLDFAST BAY",1,1,0,1,0,2023,"August","Wednesday","12:39 pm",40,"Sealed","Dry","Not Raining","Daylight","Roll Over",1,,,1320760.47,1664892.95
"2023-45735-19/09/2025","CUDLEE CREEK","THE ADELAIDE HILLS COUNCIL",2,2,0,0,2,2023,"August","Wednesday","06:30 am",80,"Sealed","Wet","Raining","Night","Rear End",2,,,1350555.1,1674733.45
"2023-45737-19/09/2025","INGLE FARM","CITY OF SALISBURY",2,1,0,0,1,2023,"August","Friday","01:40 pm",60,"Sealed","Dry","Not Raining","Daylight","Side Swipe",2,,,1334499.5,1681135.42
"2023-45743-19/09/2025","PUTTAPA",,1,1,0,1,0,2023,"August","Wednesday","09:38 am",100,"Unsealed","Dry","Not Raining","Daylight","Roll Over",1,,,1325034.56,2137822.82
"2023-45745-19/09/2025","ANGLE PARK","CITY OF PORT ADELAIDE ENFIELD",2,1,0,0,1,2023,"August","Wednesday","04:25 pm",60,"Sealed","Dry","Not Raining","Daylight","Rear End",2,,"Y",1325541.47,1678588.3
"2023-45750-19/09/2025","BRIDGEWATER","THE ADELAIDE HILLS COUNCIL",3,1,0,0,1,2023,"August","Wednesday","05:15 pm",110,"Sealed","Dry","Not Raining","Daylight","Rear End",1,,,1343474.39,1661414.09
"2023-45755-19/09/2025","MAGDALA","LIGHT REGIONAL COUNCIL",1,1,0,0,1,2023,"August","Wednesday","07:00 pm",100,"Sealed","Dry","Not Raining","Night","Roll Over",1,,,1343491.9,1723459.4
"2023-45759-19/09/2025","UNDERDALE","CITY OF WEST TORRENS",2,1,0,1,0,2023,"August","Thursday","06:57 am",60,"Sealed","Dry","Not Raining","Daylight","Rear End",2,,,1324278.82,1670952.9
"2023-45767-19/09/2025","ADELAIDE","CITY OF ADELAIDE",2,1,0,0,1,2023,"August","Wednesday","03:15 pm",50,"Sealed","Dry","Not Raining","Daylight","Hit Pedestrian",2,,,1329129.68,1671465.81
"2023-45773-19/09/2025","GLENCOE","WATTLE RANGE COUNCIL",2,1,0,1,0,2023,"August","Thursday","11:50 am",100,"Sealed","Wet","Raining","Daylight","Hit Fixed Object",1,,,1490620.86,1361852.33
"2023-45779-19/09/2025","LANGHORNE CREEK","ALEXANDRINA COUNCIL",2,1,0,0,1,2023,"August","Thursday","03:30 pm",100,"Sealed","Dry","Not Raining","Daylight","Head On",2,,,1372758.97,1625962.17
"2023-45781-19/09/2025","PLYMPTON","CITY OF WEST TORRENS",2,1,0,0,1,2023,"August","Thursday","01:37 pm",50,"Sealed","Dry","Not Raining","Daylight","Side Swipe",1,,,1325024.91,1667100.41
"2023-45787-19/09/2025","ANGLE VALE","CITY OF PLAYFORD.",2,1,0,0,1,2023,"August","Thursday","05:00 pm",60,"Sealed","Dry","Not Raining","Daylight","Right Angle",2,,,1333811.97,1702083.52
"2023-45790-19/09/2025","WOODVILLE SOUTH","CITY OF CHARLES STURT",3,1,0,0,1,2023,"August","Thursday","04:45 pm",50,"Sealed","Dry","Not Raining","Daylight","Rear End",1,,,1322385.51,1675355.89
"2023-45792-19/09/2025","COLLINSWOOD","CITY OF PROSPECT",2,1,0,0,1,2023,"August","Thursday","07:50 pm",60,"Sealed","Dry","Not Raining","Night","Hit Fixed Object",1,,,1330316.1,1675075.8
"2023-45795-19/09/2025","CUDLEE CREEK","THE ADELAIDE HILLS COUNCIL",2,4,0,2,2,2023,"August","Thursday","10:20 pm",80,"Sealed","Dry","Unknown","Night","Head On",2,,,1346959.3,1678655.82
"2023-45798-19/09/2025","COWANDILLA","CITY OF WEST TORRENS",2,2,0,0,2,2023,"September","Friday","06:31 am",60,"Sealed","Dry","Not Raining","Night","Right Turn",1,,,1324135.56,1670033.53
"2023-45801-19/09/2025","ST CLAIR","CITY OF CHARLES STURT",2,1,0,0,1,2023,"September","Friday","10:46 am",60,"Sealed","Dry","Not Raining","Daylight","Right Turn",1,,,1322226.5,1677238.33
"2023-45808-19/09/2025","CLIFTON HILLS STATION",,1,1,0,1,0,2023,"August","Monday","10:30 am",100,"Unsealed","Dry","Not Raining","Daylight","Roll Over",1,,,1431447.85,2546524.22