"REPORT_ID","Suburb","LGA Name","Total Units","Total Cas","Total Fats","Total SI","Total MI","Year","Month","Day","Time","Area Speed","Road Surface","Moisture Cond","Weather Cond","DayNight","Crash Type","Unit Resp","DUI Involved","Drugs Involved","ACCLOC_X","ACCLOC_Y"
"2023-45809-19/09/2025","SALISBURY PLAIN","CITY OF SALISBURY",2,3,0,0,3,2023,"September","Friday","01:00 pm",50,"Sealed","Dry","Not Raining","Daylight","Rear End",1,,,1334178.31,1688399.1
"2023-45811-19/09/2025","MELROSE PARK","CC MITCHAM.",2,1,0,0,1,2023,"September","Friday","01:10 pm",50,"Sealed","Dry","Not Raining","Daylight","Hit Parked Vehicle",1,,,1326417.49,1664774.67
"2023-45821-19/09/2025","PORT ADELAIDE","CITY OF PORT ADELAIDE ENFIELD",2,1,0,0,1,2023,"March","Saturday","11:00 am",60,"Sealed","Dry","Not Raining","Daylight","Rear End",2,,,1320509.08,1679073.54
"2023-45828-19/09/2025","BROOKLYN PARK","CITY OF WEST TORRENS",2,1,0,0,1,2023,"September","Friday","10:55 pm",60,"Sealed","Dry","Not Raining","Night","Right Turn",2,,,1323129.01,1670083.9
"2023-45831-19/09/2025","SALISBURY EAST","CITY OF SALISBURY",2,1,0,0,1,2023,"September","Saturday","03:30 am",60,"Sealed","Dry","Not Raining","Night","Hit Pedestrian",2,,,1333528.21,1685187.57
"2023-45834-19/09/2025","GERMEIN BAY","PT.PIRIE CITY & DIST. COUNCIL",1,1,0,0,1,2023,"September","Saturday","06:30 am",100,"Sealed","Dry","Not Raining","Night","Roll Over",1,,"Y",1285538.68,1867925.7
"2023-45837-19/09/2025","YANINEE","DC WUDINNA. (DC LE HUNTE.)",2,1,0,0,1,2023,"September","Saturday","12:05 am",110,"Sealed","Dry","Not Raining","Night","Hit Fixed Object",1,,,1027632.22,1893421.42
"2023-45841-19/09/2025","SMITHFIELD","CITY OF PLAYFORD.",2,1,0,1,0,2023,"September","Friday","03:40 pm",80,"Sealed","Dry","Not Raining","Daylight","Right Angle",2,,,1337446.36,1696361.03
"2023-45843-19/09/2025","NORTON SUMMIT","THE ADELAIDE HILLS COUNCIL",2,1,0,0,1,2023,"September","Saturday","09:40 am",60,"Sealed","Dry","Not Raining","Daylight","Hit Animal",2,,,1339935.76,1670535
"2023-45846-19/09/2025","PORT ADELAIDE","CITY OF PORT ADELAIDE ENFIELD",2,1,0,0,1,2023,"September","Saturday","11:35 am",60,"Sealed","Dry","Not Raining","Daylight","Right Angle",1,,,1321761.69,1680560.86
"2023-45847-19/09/2025","BUGLE RANGES","DC MT.BARKER.",2,1,0,0,1,2023,"September","Saturday","10:55 am",100,"Unsealed","Dry","Not Raining","Daylight","Hit Fixed Object",1,,,1354181.92,1645634.36
"2023-45849-19/09/2025","EDINBURGH NORTH","CITY OF PLAYFORD.",3,1,0,0,1,2023,"September","Saturday","11:25 am",60,"Sealed","Dry","Not Raining","Daylight","Right Angle",1,,,1334921.32,1694319.84
"2023-45851-19/09/2025","WEST BEACH","CITY OF WEST TORRENS",2,1,0,0,1,2023,"September","Saturday","12:00 pm",80,"Sealed","Dry","Not Raining","Daylight","Rear End",1,,,1320929.56,1668827.66
"2023-45854-19/09/2025","STURT","CC MARION.",2,1,0,0,1,2023,"September","Saturday","01:40 pm",60,"Sealed","Dry","Not Raining","Daylight","Right Turn",1,,,1323836.78,1660653.43
"2023-45858-19/09/2025","PORT WAKEFIELD","WAKEFIELD REGIONAL COUNCIL",2,1,0,0,1,2023,"September","Saturday","01:30 pm",100,"Sealed","Dry","Not Raining","Daylight","Right Angle",1,,,1289305.11,1759882.11
"2023-45860-19/09/2025","HAPPY VALLEY","CITY OF ONKAPARINGA",2,1,0,0,1,2023,"September","Saturday","01:15 pm",60,"Sealed","Dry","Not Raining","Daylight","Right Angle",2,,,1324569.46,1653439.77
"2023-45861-19/09/2025","KENSINGTON","CC OF NORWOOD,PAYNEHAM & ST PETERS",2,1,0,0,1,2023,"September","Saturday","03:11 pm",60,"Sealed","Dry","Not Raining","Daylight","Right Turn",1,,,1332454.77,1671076.94
"2023-45863-19/09/2025","ADELAIDE","CITY OF ADELAIDE",2,1,0,0,1,2023,"September","Saturday","07:27 pm",60,"Sealed","Dry","Not Raining","Night","Hit Pedestrian",2,"Y",,1327381.02,1669766.36
"2023-45864-19/09/2025","POORAKA","CITY OF SALISBURY",3,2,0,0,2,2023,"September","Saturday","03:45 pm",70,"Sealed","Dry","Not Raining","Daylight","Rear End",1,,,1330613.62,1681973.72
"2023-45865-19/09/2025","CRAIGMORE","CITY OF PLAYFORD.",2,1,0,0,1,2023,"September","Saturday","03:30 pm",50,"Sealed","Dry","Not Raining","Daylight","Rear End",2,,,1339208.54,1695913.59
"2023-45869-19/09/2025","CAPE JERVIS","DC YANKALILLA.",1,1,0,0,1,2023,"September","Saturday","05:00 pm",50,"Unsealed","Unknown","Not Raining","Daylight","Roll Over",1,,,1281194.46,1597838.69
"2023-45871-19/09/2025","GRANGE","CITY OF CHARLES STURT",3,1,0,0,1,2023,"September","Saturday","07:00 pm",50,"Sealed","Dry","Not Raining","Night","Right Angle",1,,,1318670.04,1673285.31
"2023-45872-19/09/2025","WILLIAMSTOWN","THE BAROSSA COUNCIL.",2,1,0,1,0,2023,"September","Saturday","05:10 pm",100,"Sealed","Dry","Not Raining","Daylight","Hit Fixed Object",1,,,1360386.92,1697536.8
"2023-45875-19/09/2025","MURRAY BRIDGE NORTH","RC MURRAY BRIDGE.",2,1,0,0,1,2023,"September","Saturday","10:40 pm",100,"Sealed","Dry","Not Raining","Night","Hit Fixed Object",1,,"Y",1387386.4,1649765.14
"2023-45877-19/09/2025","GLYNDE","CC OF NORWOOD,PAYNEHAM & ST PETERS",4,1,0,0,1,2023,"September","Saturday","12:15 pm",60,"Sealed","Dry","Not Raining","Daylight","Rear End",1,"Y",,1333679.81,1674479.71
"2023-45878-19/09/2025","DRY CREEK","CITY OF PORT ADELAIDE ENFIELD",1,1,0,1,0,2023,"September","Sunday","10:20 am",90,"Sealed","Dry","Not Raining","Daylight","Other",1,,,1325450.56,1681793.67
"2023-45880-19/09/2025","TENNYSON","CITY OF CHARLES STURT",2,1,0,0,1,2023,"September","Saturday","12:00 pm",60,"Sealed","Dry","Not Raining","Daylight","Rear End",2,,,1318466.21,1674457.11
"2023-45882-19/09/2025","PASADENA","CC MITCHAM.",3,1,0,0,1,2023,"September","Sunday","12:25 pm",60,"Sealed","Dry","Not Raining","Daylight","Rear End",1,,,1327601.57,1663068.67
"2023-45888-19/09/2025","FULHAM GARDENS","CITY OF CHARLES STURT",2,1,0,0,1,2023,"September","Sunday","05:00 pm",60,"Sealed","Dry","Not Raining","Daylight","Rear End",2,,,1320694.09,1672608.02
"2023-45889-19/09/2025","TATACHILLA","CITY OF ONKAPARINGA",2,1,0,1,0,2023,"September","Sunday","05:05 pm",100,"Sealed","Dry","Not Raining","Daylight","Rear End",2,,,1320547.1,1637735.54
"2023-45893-19/09/2025","PARA HILLS","CITY OF SALISBURY",2,1,0,0,1,2023,"September","Sunday","10:45 pm",60,"Sealed","Dry","Not Raining","Night","Right Turn",2,,,1334890.97,1682311.87
"2023-45896-19/09/2025","PASADENA","CC MITCHAM.",2,1,0,1,0,2023,"September","Monday","07:23 am",60,"Sealed","Wet","Not Raining","Daylight","Right Turn",2,,,1327604.88,1662651.96
"2023-45908-19/09/2025","BEULAH PARK","CITY OF BURNSIDE",2,1,0,0,1,2023,"September","Monday","03:10 pm",60,"Sealed","Dry","Not Raining","Daylight","Side Swipe",2,,,1332243.28,1671574.64
"2023-45909-19/09/2025","FULLARTON","CITY OF UNLEY",3,1,0,1,0,2023,"September","Monday","03:30 pm",60,"Sealed","Dry","Not Raining","Daylight","Rear End",1,,,1331543.59,1667679.12
"2023-45911-19/09/2025","ELIZABETH","CITY OF PLAYFORD.",2,1,0,0,1,2023,"September","Monday","03:35 pm",60,"Sealed","Dry","Not Raining","Daylight","Hit Pedestrian",2,,,1335640.18,1693132.8
"2023-45912-19/09/2025","EVANSTON GARDENS","CT GAWLER.",2,4,0,0,4,2023,"September","Monday","04:00 pm",50,"Sealed","Dry","Not Raining","Daylight","Head On",1,,,1340712.84,1703112.64
"2023-45918-19/09/2025","CHAIN OF PONDS","THE ADELAIDE HILLS COUNCIL",2,1,0,0,1,2023,"September","Monday","04:35 pm",100,"Sealed","Dry","Not Raining","Daylight","Hit Fixed Object",1,,,1350628.35,1682799.54
"2023-45921-19/09/2025","WHYALLA PLAYFORD","CC WHYALLA.",2,1,0,0,1,2023,"September","Tuesday","12:42 am",50,"Sealed","Dry","Not Raining","Night","Hit Fixed Object",1,,"Y",1238785.36,1883986.57
"2023-45928-19/09/2025","ROSTREVOR","CC CAMPBELLTOWN.",2,1,0,0,1,2023,"July","Sunday","01:28 pm",60,"Sealed","Dry","Not Raining","Daylight","Rear End",2,,,1335421.01,1674112.34
"2023-45929-19/09/2025","WOODCROFT","CITY OF ONKAPARINGA",2,1,0,1,0,2023,"September","Tuesday","12:28 pm",60,"Sealed","Dry","Not Raining","Daylight","Hit Pedestrian",2,,,1323082.55,1649921.3
"2023-45932-19/09/2025","PORT LINCOLN","CC PT.LINCOLN.",2,1,0,1,0,2023,"September","Tuesday","01:20 pm",40,"Sealed","Dry","Not Raining","Daylight","Hit Parked Vehicle",1,,,1078553.81,1698592.02
"2023-45937-19/09/2025","WILLASTON","CT GAWLER.",2,1,0,0,1,2023,"September","Tuesday","03:38 pm",50,"Sealed","Dry","Not Raining","Daylight","Hit Fixed Object",1,,,1343083.76,1708956.73
"2023-45941-19/09/2025","MAGDALA","LIGHT REGIONAL COUNCIL",2,1,0,0,1,2023,"September","Monday","09:00 pm",40,"Unsealed","Dry","Not Raining","Night","Hit Fixed Object",1,,,1339105.1,1726361.84
"2023-45943-19/09/2025","PORT ADELAIDE","CITY OF PORT ADELAIDE ENFIELD",3,1,0,0,1,2023,"September","Tuesday","04:15 pm",60,"Sealed","Dry","Not Raining","Daylight","Rear End",1,,,1320372.04,1680617.04
"2023-45947-19/09/2025","PARK HOLME","CC MARION.",2,1,0,0,1,2023,"September","Tuesday","04:50 pm",50,"Sealed","Dry","Not Raining","Daylight","Hit Pedestrian",1,,,1324158.04,1663689.47
"2023-45952-19/09/2025","KUITPO","ALEXANDRINA COUNCIL",2,4,0,0,4,2023,"September","Tuesday","11:06 pm",100,"Sealed","Dry","Not Raining","Night","Hit Fixed Object",1,,,1333336.16,1634658.61
"2023-45954-19/09/2025","BLACK SPRINGS","CLARE AND GILBERT VALLEYS DISTRICT COUNCIL",2,1,0,1,0,2023,"September","Wednesday","06:15 am",110,"Sealed","Dry","Not Raining","Night","Hit Fixed Object",1,,,1357377.94,1784327.68
"2023-45956-19/09/2025","NOARLUNGA DOWNS","CITY OF ONKAPARINGA",2,1,0,0,1,2023,"September","Wednesday","07:10 am",80,"Sealed","Dry","Not Raining","Daylight","Rear End",1,,,1318766.88,1643865.83
"2023-45959-19/09/2025","HACKHAM","CITY OF ONKAPARINGA",2,2,0,0,2,2023,"September","Wednesday","09:30 am",60,"Sealed","Dry","Not Raining","Daylight","Right Angle",1,,,1318663.13,1643636.35
"2023-45961-19/09/2025","NOARLUNGA DOWNS","CITY OF ONKAPARINGA",2,2,0,0,2,2023,"September","Wednesday","09:55 am",60,"Sealed","Dry","Not Raining","Daylight","Right Angle",1,,,1318141.08,1646799.61
"2023-45962-19/09/2025","POORAKA","CITY OF SALISBURY",2,1,0,0,1,2023,"September","Wednesday","10:13 am",80,"Sealed","Dry","Not Raining","Daylight","Rear End",2,,,1331357.83,1682917.48
"2023-45964-19/09/2025","SALISBURY EAST","CITY OF SALISBURY",2,2,0,0,2,2023,"September","Wednesday","08:45 am",60,"Sealed","Dry","Not Raining","Daylight","Right Turn",1,,,1336487.28,1687416.1
"2023-45985-19/09/2025","SALISBURY DOWNS","CITY OF SALISBURY",2,1,0,0,1,2023,"September","Tuesday","04:15 pm",60,"Sealed","Dry","Not Raining","Daylight","Rear End",2,,,1331457.7,1686824.67
"2023-45992-19/09/2025","BOOKABIE",,2,2,1,0,1,2023,"September","Thursday","12:27 am",110,"Sealed","Unknown","Unknown","Night","Head On",1,,,765094.64,2016609.02
"2023-45993-19/09/2025","SALISBURY PARK","CITY OF SALISBURY",3,1,0,0,1,2023,"September","Thursday","06:56 am",80,"Sealed","Wet","Raining","Daylight","Rear End",2,,,1336157.59,1689073.04
"2023-45994-19/09/2025","UNDERDALE","CITY OF WEST TORRENS",2,1,0,0,1,2023,"September","Thursday","06:54 am",60,"Sealed","Wet","Raining","Daylight","Right Turn",2,,,1323851.85,1670942.12
"2023-45998-19/09/2025","GILLES PLAINS","CITY OF PORT ADELAIDE ENFIELD",2,1,0,0,1,2023,"September","Thursday","08:47 am",50,"Sealed","Wet","Raining","Daylight","Hit Pedestrian",2,,,1333680.96,1678455.27
"2023-46000-19/09/2025","RIDLEYTON","CITY OF CHARLES STURT",2,1,0,0,1,2023,"September","Wednesday","02:30 pm",60,"Sealed","Dry","Not Raining","Daylight","Rear End",2,,,1325915.28,1674895.89
"2023-46011-19/09/2025","SALISBURY","CITY OF SALISBURY",2,1,1,0,0,2023,"September","Thursday","12:30 pm",10,"Sealed","Dry","Not Raining","Daylight","Hit Pedestrian",2,,,1333260.83,1688843.95
"2023-46019-19/09/2025","HENLEY BEACH","CITY OF CHARLES STURT",2,1,0,0,1,2023,"September","Thursday","02:10 pm",50,"Sealed","Dry","Not Raining","Daylight","Hit Parked Vehicle",1,,,1318731.81,1672936.63
"2023-46021-19/09/2025","ENFIELD","CITY OF PORT ADELAIDE ENFIELD",2,1,0,0,1,2023,"September","Thursday","02:44 pm",60,"Sealed","Dry","Not Raining","Daylight","Right Angle",2,,,1328799.03,1679125.27
"2023-46032-19/09/2025","DARLINGTON","CC MARION.",1,1,0,0,1,2023,"September","Thursday","03:30 pm",50,"Sealed","Dry","Not Raining","Daylight","Roll Over",1,,,1324109.79,1659320.77
"2023-46036-19/09/2025","MODBURY NORTH","CITY OF TEA TREE GULLY",2,1,0,0,1,2023,"September","Thursday","07:05 pm",60,"Sealed","Dry","Not Raining","Night","Right Angle",2,,,1335688.29,1681182.79
"2023-46039-19/09/2025","FLINDERS PARK","CITY OF CHARLES STURT",2,1,0,0,1,2023,"September","Thursday","08:30 pm",50,"Sealed","Wet","Raining","Night","Hit Parked Vehicle",1,,,1322988.57,1672370.83
"2023-46040-19/09/2025","KLEMZIG","CITY OF PORT ADELAIDE ENFIELD",2,1,0,0,1,2023,"September","Friday","02:55 am",50,"Sealed","Dry","Not Raining","Night","Hit Fixed Object",1,,,1332366.25,1675904.14
"2023-46042-19/09/2025","PORT PIRIE SOUTH","PT.PIRIE CITY & DIST. COUNCIL",2,1,0,0,1,2023,"September","Friday","07:50 am",50,"Sealed","Wet","Raining","Daylight","Right Angle",1,,,1280040.95,1864069.59
"2023-46043-19/09/2025","KENT TOWN","CC OF NORWOOD,PAYNEHAM & ST PETERS",2,1,0,0,1,2023,"August","Monday","08:00 am",60,"Sealed","Dry","Not Raining","Daylight","Right Angle",2,,"Y",1330022.65,1670910
"2023-46052-19/09/2025","MALVERN","CITY OF UNLEY",2,1,0,0,1,2023,"September","Friday","11:30 am",60,"Sealed","Wet","Raining","Daylight","Right Angle",1,,,1329114.52,1667105.35
"2023-46054-19/09/2025","PARAFIELD","CITY OF SALISBURY",3,1,0,0,1,2023,"September","Friday","11:23 am",80,"Sealed","Dry","Not Raining","Daylight","Right Angle",1,,,1332521.09,1684419.56
"2023-46055-19/09/2025","SALISBURY","CITY OF SALISBURY",2,1,0,0,1,2023,"September","Friday","01:26 pm",60,"Sealed","Dry","Not Raining","Daylight","Right Angle",1,,,1333284.82,1688336.83
"2023-46062-19/09/2025","KESWICK","CITY OF WEST TORRENS",3,1,0,1,0,2023,"September","Friday","02:40 pm",60,"Sealed","Dry","Not Raining","Daylight","Right Turn",1,,,1326549.19,1668970.9
"2023-46068-19/09/2025","EDINBURGH","CITY OF SALISBURY",2,1,0,0,1,2023,"September","Friday","04:09 pm",50,"Sealed","Dry","Not Raining","Daylight","Rear End",2,,,1332998.59,1690066.29
"2023-46072-19/09/2025","BOORS PLAIN","COPPER COAST DISTRICT COUNCIL",2,1,0,0,1,2023,"September","Friday","05:07 pm",100,"Sealed","Dry","Not Raining","Daylight","Hit Fixed Object",1,,,1256549.99,1772269
"2023-46076-19/09/2025","FORESTVILLE","CITY OF UNLEY",2,1,0,0,1,2023,"September","Friday","05:35 pm",40,"Sealed","Dry","Not Raining","Daylight","Side Swipe",2,,,1326348.77,1668145.53
"2023-46080-19/09/2025","LEWISTON","DC MALLALA.",2,1,0,0,1,2023,"September","Friday","07:00 pm",100,"Sealed","Dry","Not Raining","Night","Hit Fixed Object",1,,,1327252.27,1707745.8
"2023-46088-19/09/2025","HACKHAM","CITY OF ONKAPARINGA",2,1,0,1,0,2023,"September","Saturday","06:40 am",60,"Sealed","Dry","Not Raining","Daylight","Right Angle",2,,,1320853.39,1646150.83
"2023-46092-19/09/2025","ELIZABETH PARK","CITY OF PLAYFORD.",2,1,0,0,1,2023,"September","Thursday","06:20 pm",60,"Sealed","Dry","Not Raining","Night","Hit Pedestrian",1,,,1336826.79,1694437.62
"2023-46095-19/09/2025","CROMER","THE ADELAIDE HILLS COUNCIL",2,1,0,0,1,2023,"September","Saturday","12:20 pm",100,"Sealed","Dry","Not Raining","Daylight","Right Angle",1,,,1361394.91,1684498.8
"2023-46099-19/09/2025","MILLBROOK","THE ADELAIDE HILLS COUNCIL",2,1,1,0,0,2023,"September","Saturday","02:24 pm",80,"Sealed","Dry","Not Raining","Daylight","Head On",1,,,1349296.23,1680663.95
"2023-46100-19/09/2025","MCLAREN VALE","CITY OF ONKAPARINGA",2,1,0,1,0,2023,"September","Saturday","05:00 pm",60,"Sealed","Dry","Not Raining","Daylight","Rear End",1,,,1318367.75,1641657.17
"2023-46102-19/09/2025","ADELAIDE","CITY OF ADELAIDE",2,1,0,0,1,2023,"September","Saturday","05:10 pm",60,"Sealed","Dry","Not Raining","Daylight","Rear End",2,,,1327137.37,1671204.31
"2023-46104-19/09/2025","GUMERACHA","THE ADELAIDE HILLS COUNCIL",2,1,0,1,0,2023,"September","Saturday","03:15 pm",80,"Sealed","Dry","Not Raining","Daylight","Hit Fixed Object",1,,,1351833.57,1680559.63
"2023-46105-19/09/2025","SEATON","CITY OF CHARLES STURT",2,1,0,1,0,2023,"September","Saturday","05:38 pm",60,"Sealed","Dry","Not Raining","Daylight","Right Turn",1,,,1321332.29,1673094.51
"2023-46106-19/09/2025","NORWOOD","CC OF NORWOOD,PAYNEHAM & ST PETERS",3,1,0,0,1,2023,"September","Saturday","05:45 pm",60,"Sealed","Dry","Not Raining","Daylight","Right Turn",1,,,1330627.99,1671044.2
"2023-46109-19/09/2025","MELROSE PARK","CC MITCHAM.",2,1,0,0,1,2023,"September","Saturday","07:43 pm",60,"Sealed","Dry","Not Raining","Night","Right Turn",1,,,1325907.02,1664948.22
"2023-46112-19/09/2025","WOODVILLE SOUTH","CITY OF CHARLES STURT",2,2,0,2,0,2023,"September","Sunday","02:19 am",60,"Sealed","Dry","Not Raining","Night","Right Angle",1,,,1322757.46,1675873.19
"2023-46114-19/09/2025","NORTHFIELD","CITY OF PORT ADELAIDE ENFIELD",3,1,0,0,1,2023,"September","Sunday","06:55 am",60,"Sealed","Dry","Not Raining","Daylight","Rear End",1,,,1330407.78,1678042.15
"2023-46115-19/09/2025","PORT LINCOLN","CC PT.LINCOLN.",2,1,0,1,0,2023,"September","Sunday","07:15 am",50,"Sealed","Dry","Not Raining","Daylight","Hit Fixed Object",1,"Y",,1079949.98,1698368.25
"2023-46120-19/09/2025","OUTER HARBOR","CITY OF PORT ADELAIDE ENFIELD",3,3,0,0,3,2023,"September","Sunday","10:55 am",60,"Sealed","Dry","Not Raining","Daylight","Rear End",1,,,1319332.78,1687222.94
"2023-46121-19/09/2025","NORTH ADELAIDE","CITY OF ADELAIDE",2,1,0,0,1,2023,"September","Sunday","12:09 pm",50,"Sealed","Dry","Not Raining","Daylight","Right Turn",1,,,1328165.74,1673005.29
"2023-46127-19/09/2025","HILLBANK","CITY OF PLAYFORD.",2,1,0,1,0,2023,"September","Friday","05:55 pm",80,"Sealed","Dry","Not Raining","Daylight","Rear End",2,,,1336127.25,1690847.05
"2023-46138-19/09/2025","BRAHMA LODGE","CITY OF SALISBURY",2,2,0,0,2,2023,"September","Monday","11:38 am",80,"Sealed","Dry","Not Raining","Daylight","Rear End",1,,,1334613.88,1687098.53
"2023-46141-19/09/2025","SEAFORD RISE","CITY OF ONKAPARINGA",2,1,0,0,1,2023,"September","Monday","07:20 am",60,"Sealed","Dry","Not Raining","Daylight","Right Angle",2,,,1316759.69,1641519.43
"2023-46144-19/09/2025","MOUNT BARKER SUMMIT","DC MT.BARKER.",2,1,0,0,1,2023,"September","Monday","02:20 pm",100,"Unsealed","Dry","Not Raining","Daylight","Hit Fixed Object",1,,,1358370.81,1652233.82
"2023-46147-19/09/2025","CUNGENA","DC STREAKY BAY.",2,2,0,0,2,2023,"September","Monday","08:15 am",110,"Sealed","Dry","Not Raining","Daylight","Roll Over",1,,,972338.69,1935927.84
"2023-46149-19/09/2025","MOUNT GAMBIER","CC MT.GAMBIER.",2,1,0,0,1,2023,"September","Monday","02:30 pm",60,"Sealed","Dry","Not Raining","Daylight","Right Angle",2,,,1510252.14,1340783.45
"2023-46151-19/09/2025","SOUTH PLYMPTON","CC MARION.",2,2,0,0,2,2023,"September","Monday","04:50 pm",60,"Sealed","Dry","Not Raining","Daylight","Right Turn",1,,,1324247.23,1666113.9
"2023-46164-19/09/2025","HILTON","CITY OF WEST TORRENS",2,1,0,0,1,2023,"September","Tuesday","09:45 am",60,"Sealed","Dry","Not Raining","Daylight","Rear End",2,,,1325773.56,1670167.8
"2023-46167-19/09/2025","ADELAIDE","CITY OF ADELAIDE",2,1,0,0,1,2023,"September","Saturday","08:00 am",50,"Sealed","Dry","Not Raining","Daylight","Right Angle",2,,,1327883.96,1670339.59
"2023-46171-19/09/2025","CROYDON PARK","CITY OF PORT ADELAIDE ENFIELD",2,1,0,0,1,2023,"September","Monday","03:00 pm",60,"Sealed","Dry","Not Raining","Daylight","Rear End",2,,,1325634.17,1675124.25
"2023-46173-19/09/2025","BIBARINGA","CITY OF PLAYFORD.",2,1,0,1,0,2023,"September","Tuesday","12:55 pm",80,"Sealed","Dry","Not Raining","Daylight","Hit Fixed Object",1,,,1345419.1,1700389.71
"2023-46177-19/09/2025","GLENELG","CITY OF HOLDFAST BAY",2,1,0,0,1,2023,"September","Tuesday","02:20 pm",50,"Sealed","Dry","Not Raining","Daylight","Right Angle",1,,,1320387.74,1664384.11
"2023-46184-19/09/2025","MODBURY NORTH","CITY OF TEA TREE GULLY",2,1,0,0,1,2023,"September","Tuesday","04:40 pm",60,"Sealed","Dry","Not Raining","Daylight","Rear End",2,,,1336848.16,1681212.44
"2023-46185-19/09/2025","NORWOOD","CC OF NORWOOD,PAYNEHAM & ST PETERS",2,1,0,0,1,2023,"September","Tuesday","06:28 pm",50,"Sealed","Dry","Not Raining","Night","Side Swipe",1,,,1331025.63,1671156.64
"2023-46190-19/09/2025","HOPE VALLEY","CITY OF TEA TREE GULLY",2,1,0,1,0,2023,"September","Tuesday","10:25 pm",60,"Sealed","Dry","Not Raining","Night","Hit Fixed Object",1,"Y",,1338490.16,1679538.76
"2023-46192-19/09/2025","MURRAY BRIDGE","RC MURRAY BRIDGE.",2,1,0,1,0,2023,"September","Wednesday","05:10 am",50,"Sealed","Dry","Not Raining","Night","Roll Over",1,"Y","Y",1389576.32,1645940.72
"2023-46197-19/09/2025","MODBURY NORTH","CITY OF TEA TREE GULLY",5,2,0,0,2,2023,"September","Wednesday","08:06 am",80,"Sealed","Dry","Not Raining","Daylight","Rear End",1,,,1336015.48,1682159.12
"2023-46198-19/09/2025","MILLSWOOD","CITY OF UNLEY",2,1,0,0,1,2023,"September","Wednesday","08:05 am",40,"Sealed","Dry","Not Raining","Daylight","Rear End",2,,,1328157.77,1667085.98
"2023-46200-19/09/2025","WAYVILLE","CITY OF UNLEY",2,1,0,0,1,2023,"September","Wednesday","09:20 am",60,"Sealed","Dry","Not Raining","Daylight","Rear End",2,,,1327624.73,1668920.26
"2023-46204-19/09/2025","TORRENSVILLE","CITY OF WEST TORRENS",3,1,0,0,1,2023,"September","Wednesday","09:20 am",60,"Sealed","Dry","Not Raining","Daylight","Side Swipe",2,,,1325359.89,1672190.7
"2023-46207-19/09/2025","LONSDALE","CITY OF ONKAPARINGA",2,1,0,0,1,2023,"September","Wednesday","11:40 am",70,"Sealed","Dry","Not Raining","Daylight","Right Turn",1,,,1318766.05,1649800.63
"2023-46208-19/09/2025","DAWESLEY","DC MT.BARKER.",2,1,0,0,1,2023,"September","Wednesday","12:40 pm",100,"Sealed","Dry","Not Raining","Daylight","Hit Fixed Object",1,,,1360290.37,1657455.69
"2023-46210-19/09/2025","REDHILL","PT.PIRIE CITY & DIST. COUNCIL",3,1,0,0,1,2023,"September","Wednesday","02:16 pm",40,"Sealed","Dry","Not Raining","Daylight","Rear End",1,,,1298754.63,1822153.38
"2023-46214-19/09/2025","URRBRAE","CC MITCHAM.",3,1,0,0,1,2023,"September","Wednesday","03:40 pm",60,"Sealed","Dry","Not Raining","Daylight","Right Turn",1,,,1330785.59,1665600.33
"2023-46217-19/09/2025","TEA TREE GULLY","CITY OF TEA TREE GULLY",2,2,0,1,1,2023,"September","Wednesday","04:08 pm",60,"Sealed","Dry","Not Raining","Daylight","Right Angle",2,,,1340856.31,1682346.61
"2023-46218-19/09/2025","MUNNO PARA","CITY OF PLAYFORD.",2,1,0,0,1,2023,"September","Wednesday","03:40 pm",60,"Sealed","Dry","Not Raining","Daylight","Rear End",2,,,1337173.84,1698251.31
"2023-46222-19/09/2025","BLYTH","WAKEFIELD REGIONAL COUNCIL",1,1,0,0,1,2023,"September","Wednesday","06:44 pm",100,"Unsealed","Dry","Not Raining","Night","Roll Over",1,,,1323673.33,1793216.57
"2023-46225-19/09/2025","FLINDERS RANGES",,1,1,0,1,0,2023,"September","Wednesday","08:29 pm",100,"Unsealed","Dry","Not Raining","Night","Roll Over",1,,,1345201.98,2055398.33
"2023-46226-19/09/2025","FULLARTON","CITY OF UNLEY",3,1,0,0,1,2023,"September","Wednesday","08:30 pm",50,"Sealed","Dry","Not Raining","Night","Hit Parked Vehicle",1,,,1331237.83,1667413.35
"2023-46233-19/09/2025","MURRAY BRIDGE","RC MURRAY BRIDGE.",2,3,0,0,3,2023,"September","Thursday","08:45 am",50,"Sealed","Dry","Not Raining","Daylight","Right Turn",1,,"Y",1388728.62,1647259.29
"2023-46235-19/09/2025","UNDERDALE","CITY OF WEST TORRENS",2,1,0,1,0,2023,"September","Thursday","07:45 am",60,"Sealed","Dry","Not Raining","Daylight","Hit Pedestrian",2,,,1323847.68,1671076.95
"2023-46237-19/09/2025","SALISBURY","CITY OF SALISBURY",2,1,0,0,1,2023,"September","Tuesday","03:30 pm",60,"Sealed","Dry","Not Raining","Daylight","Side Swipe",2,,,1333691.88,1688010.14