"REPORT_ID","Suburb","LGA Name","Total Units","Total Cas","Total Fats","Total SI","Total MI","Year","Month","Day","Time","Area Speed","Road Surface","Moisture Cond","Weather Cond","DayNight","Crash Type","Unit Resp","DUI Involved","Drugs Involved","ACCLOC_X","ACCLOC_Y"
"2023-46239-19/09/2025","MILLICENT","WATTLE RANGE COUNCIL",2,1,0,1,0,2023,"September","Thursday","10:50 am",50,"Sealed","Dry","Not Raining","Daylight","Hit Pedestrian",1,,,1473765.5,1368069.52
"2023-46245-19/09/2025","SALISBURY SOUTH","CITY OF SALISBURY",4,1,0,0,1,2023,"September","Thursday","02:47 pm",70,"Sealed","Dry","Not Raining","Daylight","Rear End",2,,,1331950.68,1686436.79
"2023-46251-19/09/2025","URRBRAE","CC MITCHAM.",2,1,0,0,1,2023,"September","Thursday","04:38 pm",60,"Sealed","Dry","Not Raining","Daylight","Right Turn",1,,,1332701.73,1666101.35
"2023-46252-19/09/2025","CHRISTIES BEACH","CITY OF ONKAPARINGA",2,1,0,0,1,2023,"August","Saturday","05:30 am",40,"Sealed","Dry","Not Raining","Night","Rear End",2,,,1316055.99,1647385.04
"2023-46254-19/09/2025","PENNINGTON","CITY OF CHARLES STURT",2,1,0,0,1,2023,"September","Thursday","06:15 pm",50,"Sealed","Dry","Not Raining","Night","Right Angle",2,,,1322668.97,1677508.68
"2023-46255-19/09/2025","HIGHLAND VALLEY","ALEXANDRINA COUNCIL",1,1,0,0,1,2023,"September","Thursday","04:09 pm",100,"Sealed","Dry","Not Raining","Daylight","Roll Over",1,,"Y",1357129.52,1645463.54
"2023-46259-19/09/2025","MOUNT GEORGE","THE ADELAIDE HILLS COUNCIL",3,1,0,0,1,2023,"September","Friday","07:30 am",110,"Sealed","Dry","Not Raining","Daylight","Rear End",1,,,1343642.95,1661338.17
"2023-46270-19/09/2025","FLAGSTAFF HILL","CITY OF ONKAPARINGA",2,1,0,0,1,2023,"September","Friday","09:00 am",60,"Sealed","Dry","Not Raining","Daylight","Right Angle",2,,,1328176.66,1656016.1
"2023-46274-19/09/2025","EDINBURGH NORTH","CITY OF PLAYFORD.",2,2,0,0,2,2023,"September","Friday","01:45 pm",60,"Sealed","Dry","Not Raining","Daylight","Right Angle",2,,,1335128.34,1695021.94
"2023-46281-19/09/2025","MANTUNG","DC KAROONDA EAST MURRAY.",2,3,0,0,3,2023,"September","Friday","02:50 pm",100,"Unsealed","Dry","Not Raining","Daylight","Hit Fixed Object",1,,,1464635.56,1702145.18
"2023-46289-19/09/2025","WINDSOR GARDENS","CITY OF PORT ADELAIDE ENFIELD",3,1,0,0,1,2023,"September","Friday","04:40 pm",60,"Sealed","Dry","Not Raining","Daylight","Rear End",1,,,1333673.18,1677974.66
"2023-46290-19/09/2025","MONTEITH","RC MURRAY BRIDGE.",2,1,0,1,0,2023,"September","Friday","07:23 pm",110,"Sealed","Dry","Not Raining","Night","Hit Fixed Object",1,,,1394100.59,1644044.26
"2023-46299-19/09/2025","ALLENBY GARDENS","CITY OF CHARLES STURT",2,1,0,0,1,2023,"September","Saturday","10:30 am",60,"Sealed","Dry","Not Raining","Daylight","Hit Parked Vehicle",1,,,1324574.15,1674243.57
"2023-46301-19/09/2025","TORRENSVILLE","CITY OF WEST TORRENS",2,1,0,0,1,2023,"September","Saturday","11:05 am",50,"Sealed","Dry","Not Raining","Daylight","Side Swipe",1,,,1325625.76,1670988.92
"2023-46308-19/09/2025","MOUNT TORRENS","THE ADELAIDE HILLS COUNCIL",2,1,0,0,1,2023,"September","Saturday","09:30 am",100,"Sealed","Dry","Not Raining","Daylight","Hit Animal",2,,,1365018.77,1675775.1
"2023-46311-19/09/2025","WEST BEACH","CITY OF WEST TORRENS",3,2,0,0,2,2023,"September","Saturday","03:30 pm",80,"Sealed","Dry","Not Raining","Daylight","Rear End",1,,,1320917.14,1668827.15
"2023-46313-19/09/2025","ELIZABETH NORTH","CITY OF PLAYFORD.",2,1,0,0,1,2023,"September","Saturday","03:20 pm",60,"Sealed","Dry","Not Raining","Daylight","Hit Fixed Object",1,,,1336034.64,1694886.44
"2023-46314-19/09/2025","ADELAIDE","CITY OF ADELAIDE",2,1,0,0,1,2023,"September","Friday","04:45 pm",50,"Sealed","Dry","Not Raining","Daylight","Right Angle",2,,,1327378.83,1669847.56
"2023-46316-19/09/2025","MUNNO PARA","CITY OF PLAYFORD.",3,1,0,0,1,2023,"September","Saturday","05:55 pm",60,"Sealed","Dry","Not Raining","Daylight","Rear End",1,,"Y",1336890.75,1698434.59
"2023-46321-19/09/2025","MOORAK","DISTRICT COUNCIL OF GRANT",2,1,0,0,1,2023,"September","Saturday","10:48 pm",60,"Sealed","Dry","Not Raining","Night","Hit Fixed Object",1,"Y",,1508319.29,1337494.68
"2023-46324-19/09/2025","MILENDELLA","MID MURRAY DISTRICT COUNCIL",2,1,0,1,0,2023,"September","Sunday","01:26 am",100,"Sealed","Dry","Not Raining","Night","Hit Animal",2,,,1383878.6,1680730.15
"2023-46327-19/09/2025","SALISBURY","CITY OF SALISBURY",2,1,0,0,1,2023,"September","Sunday","09:41 am",60,"Sealed","Dry","Not Raining","Daylight","Right Angle",2,,,1332728.57,1688571.7
"2023-46329-19/09/2025","PLYMPTON","CITY OF WEST TORRENS",2,1,0,0,1,2023,"April","Thursday","05:25 pm",60,"Sealed","Dry","Not Raining","Daylight","Rear End",2,,,1324227.64,1666995.48
"2023-46332-19/09/2025","WEST HINDMARSH","CITY OF CHARLES STURT",3,1,0,0,1,2023,"September","Sunday","10:32 am",60,"Sealed","Dry","Not Raining","Daylight","Right Turn",2,,,1325178.14,1673178.98
"2023-46338-19/09/2025","LINCOLN GAP",,2,1,0,0,1,2023,"September","Sunday","01:00 pm",110,"Sealed","Dry","Not Raining","Daylight","Roll Over",1,,,1238592.67,1928938.27
"2023-46340-19/09/2025","EDWARDSTOWN","CC MARION.",2,1,0,0,1,2023,"September","Sunday","01:47 pm",60,"Sealed","Dry","Not Raining","Daylight","Right Turn",1,,,1325910.32,1664786.52
"2023-46341-19/09/2025","HOUGHTON","THE ADELAIDE HILLS COUNCIL",2,1,0,1,0,2023,"September","Sunday","01:30 pm",50,"Sealed","Dry","Not Raining","Daylight","Hit Fixed Object",1,"Y",,1343216.74,1680482.98
"2023-46343-19/09/2025","WISTOW","DC MT.BARKER.",2,1,0,0,1,2023,"September","Sunday","01:35 pm",100,"Sealed","Dry","Not Raining","Daylight","Hit Animal",2,,,1356230.67,1646831.95
"2023-46346-19/09/2025","CYGNET RIVER","KANGAROO ISLAND COUNCIL",2,1,0,1,0,2023,"September","Sunday","10:10 pm",110,"Sealed","Dry","Not Raining","Night","Hit Fixed Object",1,,"Y",1232593.45,1588029.13
"2023-46349-19/09/2025","SALISBURY SOUTH","CITY OF SALISBURY",2,1,0,0,1,2023,"September","Monday","08:14 am",80,"Sealed","Dry","Not Raining","Daylight","Rear End",2,,,1333754.38,1686012.07
"2023-46352-19/09/2025","ST MARYS","CC MITCHAM.",2,1,0,0,1,2023,"September","Monday","11:55 am",60,"Sealed","Dry","Not Raining","Daylight","Right Angle",1,,,1326615.52,1663325.11
"2023-46355-19/09/2025","KI KI","COORONG DISTRICT COUNCIL",1,1,0,0,1,2023,"September","Monday","01:45 pm",100,"Unsealed","Dry","Not Raining","Daylight","Roll Over",1,,,1430022.25,1590757.5
"2023-46361-19/09/2025","WINGFIELD","CITY OF PORT ADELAIDE ENFIELD",2,1,0,0,1,2023,"September","Monday","07:50 am",60,"Sealed","Dry","Not Raining","Daylight","Right Angle",2,,,1325531.54,1679926.77
"2023-46366-19/09/2025","ANDREWS FARM","CITY OF PLAYFORD.",1,1,0,0,1,2023,"September","Monday","05:00 pm",50,"Sealed","Dry","Not Raining","Daylight","Roll Over",1,"Y",,1335292.46,1697983.3
"2023-46371-19/09/2025","OAKDEN","CITY OF PORT ADELAIDE ENFIELD",3,1,0,0,1,2023,"September","Monday","07:34 pm",60,"Sealed","Dry","Not Raining","Night","Right Turn",1,,,1333378.55,1678561.06
"2023-46373-19/09/2025","PETERHEAD","CITY OF PORT ADELAIDE ENFIELD",2,1,0,0,1,2023,"September","Monday","09:00 pm",50,"Sealed","Dry","Not Raining","Night","Roll Over",1,"Y",,1318975.85,1681568.03
"2023-46374-19/09/2025","PARADISE","CC CAMPBELLTOWN.",2,1,0,0,1,2023,"September","Monday","10:51 pm",60,"Sealed","Dry","Not Raining","Night","Rear End",2,,,1335617.39,1676683.87
"2023-46382-19/09/2025","ADELAIDE","CITY OF ADELAIDE",2,1,0,0,1,2023,"September","Tuesday","11:03 am",50,"Sealed","Dry","Not Raining","Daylight","Hit Pedestrian",1,,,1328413.26,1670354.85
"2023-46383-19/09/2025","WINGFIELD","CITY OF PORT ADELAIDE ENFIELD",2,1,0,0,1,2023,"September","Tuesday","07:40 am",60,"Sealed","Dry","Not Raining","Daylight","Rear End",2,,,1325562.16,1679187.23
"2023-46384-19/09/2025","MONTACUTE","THE ADELAIDE HILLS COUNCIL",2,1,0,1,0,2023,"September","Tuesday","07:42 am",80,"Sealed","Dry","Not Raining","Daylight","Hit Animal",2,,,1343677.8,1672292.49
"2023-46387-19/09/2025","LIGHTSVIEW","CITY OF PORT ADELAIDE ENFIELD",2,1,0,1,0,2023,"September","Tuesday","12:45 pm",60,"Sealed","Dry","Not Raining","Daylight","Right Angle",1,,,1330424.04,1677429.44
"2023-46391-19/09/2025","DRY CREEK","CITY OF SALISBURY",2,1,0,0,1,2023,"September","Tuesday","02:18 pm",90,"Sealed","Dry","Not Raining","Daylight","Rear End",2,,,1328245.58,1682761.19
"2023-46392-19/09/2025","WILLASTON","CT GAWLER.",2,1,0,0,1,2023,"June","Wednesday","02:10 pm",50,"Sealed","Dry","Not Raining","Daylight","Right Angle",2,,,1342647.75,1707920.03
"2023-46399-19/09/2025","TANUNDA","THE BAROSSA COUNCIL.",2,1,0,0,1,2023,"September","Tuesday","04:05 pm",50,"Sealed","Dry","Not Raining","Daylight","Hit Fixed Object",1,,,1363004.55,1714014.66
"2023-46400-19/09/2025","INGLEWOOD","THE ADELAIDE HILLS COUNCIL",2,1,1,0,0,2023,"September","Tuesday","03:25 pm",50,"Sealed","Dry","Not Raining","Daylight","Head On",1,,"Y",1344567.86,1681496.2
"2023-46404-19/09/2025","CLEARVIEW","CITY OF PORT ADELAIDE ENFIELD",2,1,0,0,1,2023,"September","Tuesday","05:49 pm",60,"Sealed","Dry","Not Raining","Daylight","Right Turn",1,,,1330423.33,1677117.01
"2023-46408-19/09/2025","ALBERT PARK","CITY OF CHARLES STURT",2,1,0,0,1,2023,"September","Tuesday","07:30 pm",60,"Sealed","Dry","Not Raining","Night","Hit Pedestrian",2,,,1321444.17,1675569.1
"2023-46412-19/09/2025","FINDON","CITY OF CHARLES STURT",2,1,0,0,1,2023,"September","Wednesday","08:25 am",60,"Sealed","Dry","Not Raining","Daylight","Right Angle",1,,,1323055.76,1673698.71
"2023-46421-19/09/2025","YAHL","DISTRICT COUNCIL OF GRANT",2,1,0,1,0,2023,"September","Wednesday","11:22 am",100,"Sealed","Dry","Not Raining","Daylight","Side Swipe",1,,,1513891.17,1336048.25
"2023-46422-19/09/2025","EDINBURGH NORTH","CITY OF PLAYFORD.",2,1,0,0,1,2023,"September","Wednesday","11:40 am",60,"Sealed","Dry","Not Raining","Daylight","Right Angle",2,,,1334921.32,1694319.84
"2023-46423-19/09/2025","COONALPYN","COORONG DISTRICT COUNCIL",1,1,0,0,1,2023,"September","Wednesday","06:30 am",100,"Sealed","Dry","Not Raining","Daylight","Roll Over",1,,,1462999.82,1582189.3
"2023-46428-19/09/2025","FLAXLEY","DC MT.BARKER.",1,1,0,0,1,2023,"September","Wednesday","01:00 pm",80,"Sealed","Wet","Raining","Daylight","Roll Over",1,,,1346844.27,1648011.56
"2023-46435-19/09/2025","SEACLIFF PARK","CITY OF HOLDFAST BAY",2,1,0,0,1,2023,"September","Wednesday","03:33 pm",60,"Sealed","Dry","Not Raining","Daylight","Hit Fixed Object",1,,,1321193.78,1658858.54
"2023-46436-19/09/2025","KIDMAN PARK","CITY OF CHARLES STURT",3,1,0,1,0,2023,"September","Wednesday","04:00 pm",50,"Sealed","Dry","Not Raining","Daylight","Hit Pedestrian",1,,,1321659.92,1672948.07
"2023-46437-19/09/2025","HAPPY VALLEY","CITY OF ONKAPARINGA",2,1,0,0,1,2023,"September","Wednesday","12:30 pm",60,"Sealed","Dry","Not Raining","Daylight","Rear End",2,,,1326579.74,1654853.94
"2023-46440-19/09/2025","BLACKWOOD","CC MITCHAM.",2,1,0,0,1,2023,"September","Wednesday","04:45 pm",50,"Sealed","Dry","Not Raining","Daylight","Right Angle",1,,,1329792.12,1660733.63
"2023-46457-19/09/2025","KUDLA","CT GAWLER.",2,1,0,0,1,2023,"September","Thursday","08:57 am",80,"Sealed","Dry","Not Raining","Daylight","Rear End",2,,,1337834.7,1701646.72
"2023-46459-19/09/2025","MARION","CC MARION.",2,1,0,0,1,2023,"September","Thursday","08:50 am",40,"Sealed","Dry","Not Raining","Daylight","Right Angle",2,,,1324203.43,1661696.28
"2023-46460-19/09/2025","DAVOREN PARK","CITY OF PLAYFORD.",1,1,0,0,1,2023,"September","Thursday","10:30 am",60,"Sealed","Dry","Not Raining","Daylight","Left Road - Out of Control",1,,,1336417.01,1696901.07
"2023-46462-19/09/2025","VICTOR HARBOR","DC VICTOR HARBOR.",2,1,0,0,1,2023,"September","Thursday","10:30 am",80,"Sealed","Dry","Not Raining","Daylight","Head On",1,,,1325604.86,1601957.65
"2023-46469-19/09/2025","MARION","CC MARION.",2,1,0,1,0,2023,"September","Thursday","01:05 pm",60,"Sealed","Dry","Not Raining","Daylight","Hit Pedestrian",1,,,1324360.63,1662037.64
"2023-46470-19/09/2025","WILLUNGA","CITY OF ONKAPARINGA",1,1,1,0,0,2023,"September","Monday","02:25 pm",10,"Unsealed","Dry","Not Raining","Daylight","Roll Over",1,,,1322749.67,1632660.79
"2023-46477-19/09/2025","TATACHILLA","CITY OF ONKAPARINGA",1,1,0,0,1,2023,"September","Thursday","04:05 pm",100,"Sealed","Dry","Not Raining","Daylight","Left Road - Out of Control",1,,,1320565.19,1637093.66
"2023-46480-19/09/2025","REEVES PLAINS","DC MALLALA.",2,2,1,1,0,2023,"September","Thursday","02:10 pm",100,"Sealed","Dry","Not Raining","Daylight","Head On",1,,"Y",1330506.91,1707741.62
"2023-46482-19/09/2025","ADELAIDE","CITY OF ADELAIDE",2,2,0,0,2,2023,"September","Thursday","05:33 pm",60,"Sealed","Dry","Not Raining","Daylight","Right Angle",1,,,1327400.68,1669848.2
"2023-46483-19/09/2025","CAMPBELLTOWN","CC CAMPBELLTOWN.",2,1,0,0,1,2023,"September","Thursday","06:25 pm",60,"Sealed","Dry","Not Raining","Night","Right Turn",1,,,1334120.78,1675101.79
"2023-46485-19/09/2025","COFFIN BAY","DC LOWER EYRE PENINSULA",3,1,0,0,1,2023,"September","Thursday","11:55 pm",50,"Sealed","Dry","Not Raining","Night","Hit Fixed Object",1,"Y",,1041651.81,1710207.99
"2023-46492-19/09/2025","SALISBURY PLAIN","CITY OF SALISBURY",2,1,0,0,1,2023,"September","Friday","10:30 am",80,"Sealed","Dry","Not Raining","Daylight","Hit Fixed Object",1,,,1335434.47,1688134.74
"2023-46493-19/09/2025","WAYVILLE","CITY OF UNLEY",2,1,0,0,1,2023,"September","Thursday","07:10 am",60,"Sealed","Dry","Not Raining","Daylight","Side Swipe",2,,,1327515.51,1668916.56
"2023-46494-19/09/2025","BLACK FOREST","CITY OF UNLEY",2,1,0,0,1,2023,"September","Friday","11:29 am",60,"Sealed","Dry","Not Raining","Daylight","Hit Fixed Object",1,,,1325870.62,1666637.01
"2023-46496-19/09/2025","MAYLANDS","CC OF NORWOOD,PAYNEHAM & ST PETERS",2,1,0,0,1,2023,"September","Friday","08:15 am",60,"Sealed","Dry","Not Raining","Daylight","Rear End",2,,,1332216.6,1672237.69
"2023-46498-19/09/2025","WARRAMBOO","DC WUDINNA. (DC LE HUNTE.)",2,1,0,0,1,2023,"September","Tuesday","02:00 pm",100,"Unsealed","Dry","Not Raining","Daylight","Right Angle",2,,"Y",1068161.56,1857144.38
"2023-46500-19/09/2025","ALBERTON","CITY OF PORT ADELAIDE ENFIELD",2,1,0,0,1,2023,"September","Friday","03:23 pm",60,"Sealed","Dry","Not Raining","Daylight","Right Angle",2,,,1320866.47,1678132.35
"2023-46504-19/09/2025","RENOWN PARK","CITY OF CHARLES STURT",2,1,0,0,1,2023,"September","Friday","04:00 pm",60,"Sealed","Dry","Not Raining","Daylight","Right Angle",1,,,1326449.96,1674472.85
"2023-46509-19/09/2025","PORT ADELAIDE","CITY OF PORT ADELAIDE ENFIELD",3,1,0,0,1,2023,"September","Friday","05:20 pm",60,"Sealed","Dry","Not Raining","Daylight","Rear End",1,,"Y",1320524.58,1680559.7
"2023-46512-19/09/2025","GEPPS CROSS","CITY OF PORT ADELAIDE ENFIELD",2,1,0,0,1,2023,"September","Friday","03:30 pm",60,"Sealed","Dry","Not Raining","Daylight","Right Turn",2,,,1327996.81,1679245.21
"2023-46514-19/09/2025","LOBETHAL","THE ADELAIDE HILLS COUNCIL",2,1,0,1,0,2023,"September","Friday","04:50 pm",60,"Sealed","Dry","Not Raining","Daylight","Right Turn",1,,,1353946.36,1672831.44
"2023-46515-19/09/2025","MODBURY","CITY OF TEA TREE GULLY",2,1,0,0,1,2023,"September","Friday","02:30 pm",60,"Sealed","Dry","Not Raining","Daylight","Rear End",2,,,1336133.85,1680351.15
"2023-46517-19/09/2025","HAWKER","THE FLINDERS RANGES COUNCIL.",1,1,0,0,1,2023,"September","Friday","03:47 pm",110,"Sealed","Dry","Not Raining","Daylight","Roll Over",1,,,1327292.95,2010817.88
"2023-46518-19/09/2025","KIDMAN PARK","CITY OF CHARLES STURT",2,1,0,0,1,2023,"September","Friday","06:55 pm",60,"Sealed","Dry","Not Raining","Night","Rear End",2,,,1321548.63,1673100.53
"2023-46542-19/09/2025","PORT ADELAIDE","CITY OF PORT ADELAIDE ENFIELD",2,1,0,0,1,2023,"September","Saturday","02:42 pm",60,"Sealed","Dry","Not Raining","Daylight","Hit Fixed Object",1,,,1321700.52,1680592.01
"2023-46551-19/09/2025","ENFIELD","CITY OF PORT ADELAIDE ENFIELD",1,1,1,0,0,2023,"September","Saturday","05:00 pm",60,"Sealed","Dry","Not Raining","Daylight","Roll Over",1,,,1328843.8,1677309.31
"2023-46552-19/09/2025","VALE PARK","WALKERVILLE TOWN COUNCIL",2,1,0,0,1,2023,"September","Friday","01:45 pm",60,"Sealed","Dry","Not Raining","Daylight","Rear End",2,,,1331192.88,1674745.74
"2023-46554-19/09/2025","ROSSLYN PARK","CITY OF BURNSIDE",3,1,0,0,1,2023,"September","Saturday","05:05 pm",60,"Sealed","Dry","Not Raining","Daylight","Hit Fixed Object",1,,,1335509.61,1670790.05
"2023-46559-19/09/2025","PROSPECT","CITY OF PROSPECT",2,1,0,0,1,2023,"September","Saturday","09:30 pm",50,"Sealed","Dry","Not Raining","Night","Hit Parked Vehicle",2,,,1328109.68,1674467.21
"2023-46563-19/09/2025","CURRAMULKA","YORKE PENINSULA COUNCIL",2,1,0,1,0,2023,"September","Saturday","09:12 pm",100,"Sealed","Dry","Not Raining","Night","Hit Fixed Object",1,"Y",,1251710.11,1703478.28
"2023-46564-19/09/2025","ADELAIDE","CITY OF ADELAIDE",2,1,0,1,0,2023,"September","Sunday","12:01 am",50,"Sealed","Dry","Not Raining","Night","Hit Fixed Object",1,"Y",,1329017.91,1670995.12
"2023-46568-19/09/2025","ADELAIDE","CITY OF ADELAIDE",2,1,0,0,1,2023,"September","Saturday","12:02 pm",50,"Sealed","Dry","Not Raining","Daylight","Right Angle",1,,,1329031.75,1670451.25
"2023-46570-19/09/2025","REGENCY PARK","CITY OF PORT ADELAIDE ENFIELD",2,1,0,0,1,2023,"September","Sunday","11:30 am",50,"Sealed","Dry","Not Raining","Daylight","Side Swipe",1,,,1325604.78,1676460.45
"2023-46571-19/09/2025","MODBURY NORTH","CITY OF TEA TREE GULLY",2,4,0,0,4,2023,"September","Sunday","11:42 am",60,"Sealed","Dry","Not Raining","Daylight","Right Turn",1,,,1336150.87,1681195.09
"2023-46576-19/09/2025","HENLEY BEACH SOUTH","CITY OF CHARLES STURT",3,1,0,0,1,2023,"September","Sunday","12:35 pm",50,"Sealed","Dry","Not Raining","Daylight","Rear End",1,,,1319088.71,1670656.79
"2023-46577-19/09/2025","MURRAY BRIDGE","RC MURRAY BRIDGE.",1,1,0,0,1,2023,"September","Sunday","12:00 pm",50,"Sealed","Dry","Not Raining","Daylight","Left Road - Out of Control",1,,"Y",1389471.79,1646151.96
"2023-46580-19/09/2025","PARKSIDE","CITY OF UNLEY",4,11,0,0,11,2023,"September","Sunday","03:25 pm",60,"Sealed","Dry","Not Raining","Daylight","Rear End",1,,,1329934,1668934.81
"2023-46581-19/09/2025","CRADOCK","DC OF ORROROO/CARRIETON",1,2,0,2,0,2023,"September","Sunday","03:14 pm",110,"Sealed","Dry","Not Raining","Daylight","Roll Over",1,,,1332438.97,1973415.04
"2023-46587-19/09/2025","KLEMZIG","CITY OF PORT ADELAIDE ENFIELD",2,1,0,0,1,2023,"September","Sunday","06:50 pm",50,"Sealed","Dry","Not Raining","Night","Right Angle",1,,,1332495.2,1676452.15
"2023-46588-19/09/2025","MAWSON LAKES","CITY OF SALISBURY",2,1,0,0,1,2023,"September","Sunday","08:45 pm",80,"Sealed","Dry","Not Raining","Night","Right Turn",1,,,1331190.78,1682739.34
"2023-46590-19/09/2025","GEPPS CROSS","CITY OF PORT ADELAIDE ENFIELD",2,3,0,0,3,2023,"September","Sunday","09:48 pm",70,"Sealed","Dry","Not Raining","Night","Rear End",2,,,1329257.4,1679981.79
"2023-46591-19/09/2025","MAWSON LAKES","CITY OF SALISBURY",4,1,0,0,1,2023,"September","Monday","12:15 am",40,"Sealed","Dry","Not Raining","Night","Hit Parked Vehicle",1,,,1329527.8,1684223.18
"2023-46595-19/09/2025","VIRGINIA","CITY OF PLAYFORD.",2,1,0,0,1,2023,"September","Friday","05:15 am",80,"Sealed","Dry","Not Raining","Night","Hit Fixed Object",9,,,1327017.61,1701682.85
"2023-46596-19/09/2025","WOODVILLE SOUTH","CITY OF CHARLES STURT",2,1,0,0,1,2023,"September","Saturday","09:20 am",60,"Sealed","Dry","Not Raining","Daylight","Side Swipe",2,,,1322688.53,1675868.29
"2023-46597-19/09/2025","MUNNO PARA","CITY OF PLAYFORD.",3,1,0,0,1,2023,"September","Monday","08:35 am",60,"Sealed","Dry","Not Raining","Daylight","Rear End",1,,,1337994.51,1697852.78
"2023-46598-19/09/2025","GLENELG SOUTH","CITY OF HOLDFAST BAY",2,1,0,0,1,2023,"September","Monday","08:44 am",60,"Sealed","Dry","Not Raining","Daylight","Right Angle",2,,,1321040.2,1664020.39
"2023-46600-19/09/2025","COROMANDEL VALLEY","CITY OF ONKAPARINGA",2,1,0,0,1,2023,"September","Sunday","08:15 am",50,"Sealed","Dry","Not Raining","Daylight","Right Angle",2,,,1329713.26,1657161.76
"2023-46602-19/09/2025","ELIZABETH","CITY OF PLAYFORD.",2,2,0,0,2,2023,"September","Monday","10:00 am",50,"Sealed","Dry","Not Raining","Daylight","Right Angle",1,,,1335217.78,1693367.04
"2023-46606-19/09/2025","GAWLER WEST","CT GAWLER.",2,1,0,0,1,2023,"September","Sunday","12:00 pm",50,"Sealed","Dry","Not Raining","Daylight","Right Angle",2,,,1342244.82,1705475.87
"2023-46608-19/09/2025","BERRI","THE BERRI BARMERA COUNCIL",2,1,1,0,0,2023,"September","Monday","12:19 pm",60,"Sealed","Dry","Not Raining","Daylight","Hit Fixed Object",1,,,1515146.9,1735054.23
"2023-46610-19/09/2025","ELIZABETH","CITY OF PLAYFORD.",2,1,0,0,1,2023,"September","Monday","02:50 pm",50,"Sealed","Dry","Not Raining","Daylight","Head On",2,,,1335821.06,1694152.17
"2023-46618-19/09/2025","PORT BROUGHTON","BARUNGA WEST DISTRICT COUNCIL",1,1,0,0,1,2023,"September","Monday","03:40 pm",100,"Sealed","Dry","Not Raining","Daylight","Roll Over",1,,"Y",1269704.42,1813244.76
"2023-46619-19/09/2025","CLELAND","THE ADELAIDE HILLS COUNCIL",2,1,1,0,0,2023,"September","Monday","03:20 pm",60,"Sealed","Dry","Not Raining","Daylight","Hit Fixed Object",1,"Y","Y",1338441.91,1665825.2
"2023-46621-19/09/2025","MORPHETT VALE","CITY OF ONKAPARINGA",2,1,0,0,1,2023,"September","Monday","03:10 pm",50,"Sealed","Dry","Not Raining","Daylight","Side Swipe",2,,,1320900.88,1649501.74
"2023-46625-19/09/2025","ADELAIDE","CITY OF ADELAIDE",2,1,0,1,0,2023,"September","Monday","06:30 pm",50,"Sealed","Dry","Not Raining","Night","Right Turn",1,,,1327819.93,1670328.51
"2023-46626-19/09/2025","KILBURN","CITY OF PORT ADELAIDE ENFIELD",2,1,0,1,0,2023,"September","Monday","06:52 pm",60,"Sealed","Dry","Not Raining","Night","Hit Pedestrian",2,,,1327219.79,1677271.98
"2023-46630-19/09/2025","JERVOIS","RC MURRAY BRIDGE.",1,1,0,0,1,2023,"September","Monday","05:55 pm",100,"Sealed","Dry","Not Raining","Daylight","Roll Over",1,,,1399771.75,1633701.42
"2023-46633-19/09/2025","ADELAIDE AIRPORT","CITY OF WEST TORRENS",1,1,0,1,0,2023,"September","Monday","09:18 pm",50,"Sealed","Wet","Not Raining","Night","Roll Over",1,,,1322459.27,1669429.35
"2023-46636-19/09/2025","MOUNT BARKER","DC MT.BARKER.",2,1,0,0,1,2023,"September","Monday","07:50 pm",60,"Sealed","Dry","Not Raining","Night","Right Angle",1,,,1351901.57,1653063.6
"2023-46639-19/09/2025","TRURO","THE BAROSSA COUNCIL.",2,1,0,0,1,2023,"September","Thursday","06:50 am",110,"Sealed","Dry","Not Raining","Daylight","Hit Animal",2,,,1375259.37,1725499.37
"2023-46643-19/09/2025","KURRALTA PARK","CITY OF WEST TORRENS",2,2,0,0,2,2023,"September","Monday","03:50 pm",60,"Sealed","Dry","Not Raining","Daylight","Right Angle",1,,,1325823.34,1668336.54
"2023-46644-19/09/2025","HAMPSTEAD GARDENS","CITY OF PORT ADELAIDE ENFIELD",2,1,0,0,1,2023,"September","Monday","06:40 pm",60,"Sealed","Dry","Not Raining","Night","Right Angle",2,,,1331880.31,1676426.7
"2023-46645-19/09/2025","MAWSON LAKES","CITY OF SALISBURY",2,2,0,0,2,2023,"September","Tuesday","08:48 am",70,"Sealed","Dry","Not Raining","Daylight","Right Angle",2,,,1329866.68,1684830.9
"2023-46652-19/09/2025","PAYNEHAM SOUTH","CC OF NORWOOD,PAYNEHAM & ST PETERS",2,1,0,0,1,2023,"September","Monday","04:30 pm",60,"Sealed","Dry","Not Raining","Daylight","Hit Fixed Object",1,,,1332198.06,1672939.5
"2023-46657-19/09/2025","KURRALTA PARK","CITY OF WEST TORRENS",3,1,0,1,0,2023,"September","Tuesday","02:25 pm",60,"Unsealed","Dry","Not Raining","Daylight","Rear End",1,,,1325819.1,1668480.34