"REPORT_ID","Suburb","LGA Name","Total Units","Total Cas","Total Fats","Total SI","Total MI","Year","Month","Day","Time","Area Speed","Road Surface","Moisture Cond","Weather Cond","DayNight","Crash Type","Unit Resp","DUI Involved","Drugs Involved","ACCLOC_X","ACCLOC_Y"
"2023-46667-19/09/2025","BEDFORD PARK","CC MARION.",2,1,0,0,1,2023,"September","Tuesday","05:15 pm",70,"Sealed","Dry","Not Raining","Daylight","Side Swipe",1,,,1325120.33,1660438.29
"2023-46668-19/09/2025","MUNNO PARA","CITY OF PLAYFORD.",2,1,0,0,1,2023,"September","Tuesday","05:33 pm",60,"Sealed","Dry","Not Raining","Daylight","Right Angle",2,,,1336823.39,1698472.8
"2023-46671-19/09/2025","PASADENA","CC MITCHAM.",2,1,0,0,1,2023,"September","Tuesday","05:30 pm",60,"Sealed","Dry","Not Raining","Daylight","Rear End",1,,,1327181,1661954.85
"2023-46674-19/09/2025","WOODCROFT","CITY OF ONKAPARINGA",1,1,0,1,0,2023,"September","Tuesday","04:30 pm",60,"Sealed","Dry","Not Raining","Daylight","Roll Over",1,,,1326541.98,1651452.36
"2023-46676-19/09/2025","HENLEY BEACH","CITY OF CHARLES STURT",4,1,1,0,0,2023,"September","Tuesday","06:01 pm",40,"Sealed","Dry","Not Raining","Daylight","Side Swipe",1,,,1318849.65,1671831.17
"2023-46681-19/09/2025","KILBURN","CITY OF PORT ADELAIDE ENFIELD",2,1,0,0,1,2023,"September","Wednesday","02:11 am",50,"Sealed","Dry","Not Raining","Night","Hit Fixed Object",1,,"Y",1328037.47,1677627.71
"2023-46682-19/09/2025","WAYVILLE","CITY OF UNLEY",2,1,0,0,1,2023,"September","Wednesday","02:44 am",60,"Sealed","Dry","Not Raining","Night","Hit Fixed Object",1,,,1327272.02,1668909.05
"2023-46683-19/09/2025","LINDEN PARK","CITY OF BURNSIDE",2,1,0,0,1,2023,"September","Tuesday","02:15 pm",60,"Sealed","Dry","Not Raining","Daylight","Rear End",2,,,1332348.08,1668146.59
"2023-46694-19/09/2025","REYNELLA","CITY OF ONKAPARINGA",1,1,0,0,1,2023,"September","Wednesday","12:30 pm",50,"Sealed","Dry","Not Raining","Daylight","Roll Over",1,,,1320754.63,1651979.74
"2023-46695-19/09/2025","ROSE PARK","CITY OF BURNSIDE",2,1,0,0,1,2023,"September","Wednesday","11:15 am",50,"Sealed","Dry","Not Raining","Daylight","Side Swipe",1,,,1331468.33,1670148.92
"2023-46701-19/09/2025","SANDY CREEK","THE BAROSSA COUNCIL.",2,1,0,0,1,2023,"September","Wednesday","01:30 pm",90,"Sealed","Dry","Not Raining","Daylight","Right Angle",2,,,1351389.97,1706085.74
"2023-46708-19/09/2025","PORT LINCOLN","CC PT.LINCOLN.",2,1,0,0,1,2023,"September","Wednesday","04:45 pm",50,"Sealed","Dry","Not Raining","Daylight","Right Angle",2,,,1076745.53,1698240.85
"2023-46711-19/09/2025","HINDMARSH VALLEY","DC VICTOR HARBOR.",3,1,0,0,1,2023,"September","Wednesday","03:20 pm",80,"Sealed","Dry","Not Raining","Daylight","Rear End",1,,,1328638.83,1604801.59
"2023-46716-19/09/2025","LOXTON NORTH","LOXTON WAIKERIE DISTRICT COUNCIL",2,1,0,0,1,2023,"September","Wednesday","05:30 pm",110,"Sealed","Dry","Not Raining","Daylight","Rear End",2,,"Y",1513127.27,1718087.7
"2023-46722-19/09/2025","SUMMERTOWN","THE ADELAIDE HILLS COUNCIL",2,1,0,1,0,2023,"September","Wednesday","07:20 pm",60,"Sealed","Dry","Not Raining","Night","Roll Over",1,,"Y",1339541.49,1666664.68
"2023-46724-19/09/2025","PARKSIDE","CITY OF UNLEY",2,1,0,1,0,2023,"September","Thursday","12:28 am",50,"Sealed","Dry","Not Raining","Night","Roll Over",1,,"Y",1330127.66,1668265.63
"2023-46732-19/09/2025","LIGHTSVIEW","CITY OF PORT ADELAIDE ENFIELD",2,1,0,0,1,2023,"September","Thursday","09:31 am",60,"Sealed","Dry","Not Raining","Daylight","Roll Over",1,,"Y",1330422.99,1677487.18
"2023-46735-19/09/2025","LEABROOK","CITY OF BURNSIDE",2,1,0,0,1,2023,"September","Thursday","09:05 am",60,"Sealed","Dry","Not Raining","Daylight","Right Angle",2,,,1333827.63,1670459.08
"2023-46743-19/09/2025","TORRENSVILLE","CITY OF WEST TORRENS",2,1,0,0,1,2023,"September","Thursday","03:15 pm",60,"Sealed","Dry","Not Raining","Daylight","Hit Pedestrian",2,,,1325740.32,1670993.32
"2023-46747-19/09/2025","PANORAMA","CC MITCHAM.",2,1,0,0,1,2023,"September","Thursday","04:57 pm",60,"Sealed","Dry","Not Raining","Daylight","Rear End",2,,,1328254.76,1663507.04
"2023-46752-19/09/2025","MITCHELL PARK","CC MARION.",2,1,0,1,0,2023,"September","Thursday","06:59 pm",60,"Sealed","Dry","Not Raining","Night","Right Angle",2,,,1324359.92,1662412.83
"2023-46753-19/09/2025","SALISBURY","CITY OF SALISBURY",2,1,0,0,1,2023,"September","Thursday","07:33 pm",60,"Sealed","Dry","Not Raining","Night","Side Swipe",2,,,1332760.85,1688484.87
"2023-46756-19/09/2025","WALKERVILLE","WALKERVILLE TOWN COUNCIL",2,1,0,0,1,2023,"September","Thursday","10:00 am",60,"Sealed","Dry","Not Raining","Daylight","Rear End",2,,,1329737.66,1674569.93
"2023-46757-19/09/2025","MORPHETT VALE","CITY OF ONKAPARINGA",1,1,0,0,1,2023,"September","Thursday","08:00 pm",50,"Sealed","Dry","Not Raining","Night","Other",1,,,1319302.49,1647566.22
"2023-46758-19/09/2025","ECHUNGA","DC MT.BARKER.",4,2,0,2,0,2023,"September","Thursday","03:40 pm",80,"Sealed","Dry","Not Raining","Daylight","Rear End",2,,,1345392.92,1649855.14
"2023-46763-19/09/2025","BLAKEVIEW","CITY OF PLAYFORD.",2,4,0,0,4,2023,"September","Friday","07:25 am",90,"Sealed","Dry","Not Raining","Daylight","Right Angle",1,,"Y",1338952.48,1699124.92
"2023-46764-19/09/2025","REGENCY PARK","CITY OF PORT ADELAIDE ENFIELD",2,1,1,0,0,2023,"September","Friday","07:29 am",50,"Sealed","Dry","Not Raining","Daylight","Hit Parked Vehicle",1,,,1326004.31,1679073.35
"2023-46769-19/09/2025","URRBRAE","CC MITCHAM.",2,1,0,0,1,2023,"September","Thursday","09:30 pm",60,"Sealed","Dry","Not Raining","Night","Rear End",2,,,1332373.16,1666370.92
"2023-46771-19/09/2025","GLENELG NORTH","CITY OF WEST TORRENS",3,3,0,0,3,2023,"September","Friday","09:54 am",60,"Sealed","Dry","Not Raining","Daylight","Right Turn",2,,,1320773.5,1666832.01
"2023-46784-19/09/2025","KILBURN","CITY OF PORT ADELAIDE ENFIELD",2,2,0,0,2,2023,"September","Friday","01:50 pm",50,"Sealed","Dry","Not Raining","Daylight","Right Turn",1,,,1328033.67,1677520.99
"2023-46785-19/09/2025","MORPHETT VALE","CITY OF ONKAPARINGA",2,1,0,0,1,2023,"September","Friday","02:14 pm",70,"Sealed","Dry","Not Raining","Daylight","Rear End",2,,,1319744.55,1650980.02
"2023-46786-19/09/2025","WATTLE PARK","CITY OF BURNSIDE",2,2,0,0,2,2023,"September","Friday","02:10 pm",50,"Sealed","Dry","Not Raining","Daylight","Hit Parked Vehicle",1,,,1335228.54,1670321.23
"2023-46788-19/09/2025","CLIFTON HILLS STATION",,1,1,0,1,0,2023,"September","Friday","09:30 am",100,"Unsealed","Dry","Not Raining","Daylight","Roll Over",1,,,1414271.12,2593280.18
"2023-46789-19/09/2025","ADELAIDE","CITY OF ADELAIDE",3,1,0,0,1,2023,"September","Friday","02:42 pm",50,"Sealed","Dry","Not Raining","Daylight","Hit Parked Vehicle",1,,,1329193.19,1670982.86
"2023-46793-19/09/2025","EXETER","CITY OF PORT ADELAIDE ENFIELD",2,4,0,0,4,2023,"September","Friday","03:20 pm",50,"Sealed","Dry","Not Raining","Daylight","Right Turn",1,,,1319005.86,1680428.29
"2023-46797-19/09/2025","BRIGHTON","CITY OF HOLDFAST BAY",3,1,0,0,1,2023,"September","Friday","04:41 pm",60,"Sealed","Dry","Not Raining","Daylight","Right Turn",2,,,1321130.11,1660948
"2023-46803-19/09/2025","PORT ELLIOT","ALEXANDRINA COUNCIL",2,1,0,0,1,2023,"September","Friday","03:50 pm",50,"Sealed","Dry","Not Raining","Daylight","Head On",1,,,1333605.61,1603450.32
"2023-46804-19/09/2025","CRAFERS WEST","THE ADELAIDE HILLS COUNCIL",3,1,0,0,1,2023,"September","Friday","07:55 pm",100,"Sealed","Dry","Not Raining","Night","Rear End",1,,,1336939.07,1663076.33
"2023-46805-19/09/2025","CAMDEN PARK","CITY OF WEST TORRENS",2,1,0,1,0,2023,"September","Friday","05:58 pm",50,"Sealed","Dry","Not Raining","Daylight","Hit Pedestrian",2,,,1322843.09,1666152.41
"2023-46807-19/09/2025","BELAIR","CC MITCHAM.",3,1,0,0,1,2023,"September","Friday","11:00 pm",60,"Sealed","Dry","Not Raining","Night","Hit Object on Road",1,,,1328734.64,1662376.21
"2023-46814-19/09/2025","WEST LAKES","CITY OF CHARLES STURT",2,1,0,0,1,2023,"September","Saturday","09:00 am",60,"Sealed","Dry","Not Raining","Daylight","Rear End",2,,,1319810.86,1678043.5
"2023-46818-19/09/2025","GLENELG NORTH","CITY OF HOLDFAST BAY",2,1,0,0,1,2023,"September","Saturday","10:40 am",50,"Sealed","Dry","Not Raining","Daylight","Hit Pedestrian",2,,,1320786.48,1665315.19
"2023-46822-19/09/2025","VICTOR HARBOR","DC VICTOR HARBOR.",3,1,0,0,1,2023,"September","Saturday","11:48 am",50,"Sealed","Dry","Not Raining","Daylight","Right Angle",1,,,1328175.82,1600868.13
"2023-46823-19/09/2025","BLACKWOOD","CC MITCHAM.",3,1,0,0,1,2023,"September","Saturday","10:45 am",50,"Sealed","Dry","Not Raining","Daylight","Right Angle",2,,,1329577.72,1660043.19
"2023-46824-19/09/2025","MCLAREN VALE","CITY OF ONKAPARINGA",2,1,0,0,1,2023,"September","Saturday","12:05 pm",50,"Sealed","Dry","Not Raining","Daylight","Side Swipe",1,,,1322729.98,1638005.2
"2023-46826-19/09/2025","FLINDERS PARK","CITY OF CHARLES STURT",3,1,0,0,1,2023,"September","Saturday","01:31 pm",60,"Sealed","Dry","Not Raining","Daylight","Rear End",1,,,1324161.6,1673177.98
"2023-46832-19/09/2025","BEVERLEY","CITY OF CHARLES STURT",2,1,0,0,1,2023,"September","Saturday","03:40 pm",40,"Sealed","Dry","Not Raining","Daylight","Hit Fixed Object",1,,,1323797.33,1673545.67
"2023-46838-19/09/2025","O'SULLIVAN BEACH","CITY OF ONKAPARINGA",2,1,0,0,1,2023,"September","Saturday","06:49 pm",50,"Sealed","Dry","Not Raining","Night","Hit Fixed Object",1,"Y",,1317278.09,1650050.85
"2023-46839-19/09/2025","COOBER PEDY","DC COOBER PEDY",2,1,0,0,1,2023,"October","Sunday","01:07 am",50,"Sealed","Dry","Not Raining","Night","Hit Fixed Object",1,"Y","Y",977221.15,2329697.56
"2023-46841-19/09/2025","HILLCREST","CITY OF PORT ADELAIDE ENFIELD",2,1,0,0,1,2023,"October","Sunday","10:57 am",60,"Sealed","Dry","Not Raining","Daylight","Right Angle",2,,,1332182.1,1676688.39
"2023-46846-19/09/2025","MILLBROOK","THE ADELAIDE HILLS COUNCIL",1,1,0,0,1,2023,"September","Saturday","09:40 am",80,"Sealed","Dry","Not Raining","Daylight","Roll Over",1,,,1347547.93,1682055.73
"2023-46849-19/09/2025","HINDMARSH VALLEY","DC VICTOR HARBOR.",2,4,0,4,0,2023,"October","Sunday","03:50 pm",100,"Sealed","Dry","Not Raining","Daylight","Head On",1,,,1328885.79,1606424.02
"2023-46852-19/09/2025","PARACOMBE","THE ADELAIDE HILLS COUNCIL",2,1,0,1,0,2023,"October","Sunday","05:55 pm",80,"Sealed","Dry","Not Raining","Daylight","Roll Over",1,,,1346877.82,1678504.69
"2023-46854-19/09/2025","HALBURY","WAKEFIELD REGIONAL COUNCIL",2,3,0,2,1,2023,"October","Sunday","04:17 pm",100,"Sealed","Dry","Not Raining","Daylight","Head On",1,,,1322781.05,1767444.8
"2023-46864-19/09/2025","MCLAREN VALE","CITY OF ONKAPARINGA",2,1,0,0,1,2023,"October","Sunday","09:20 pm",60,"Sealed","Dry","Not Raining","Night","Hit Fixed Object",1,,,1322921.05,1637309.52
"2023-46865-19/09/2025","PLYMPTON PARK","CC MARION.",2,1,0,0,1,2023,"October","Monday","11:00 am",50,"Sealed","Dry","Not Raining","Daylight","Right Turn",2,,,1323741.22,1664739.04
"2023-46879-19/09/2025","NORWOOD","CC OF NORWOOD,PAYNEHAM & ST PETERS",2,2,0,0,2,2023,"October","Monday","06:35 pm",60,"Sealed","Dry","Not Raining","Daylight","Right Angle",2,,,1330623.32,1670361.88
"2023-46881-19/09/2025","SALISBURY","CITY OF SALISBURY",2,1,0,1,0,2023,"October","Monday","08:15 pm",50,"Sealed","Dry","Not Raining","Night","Hit Pedestrian",2,,,1333777.07,1688562.06
"2023-46882-19/09/2025","PORT ADELAIDE","CITY OF PORT ADELAIDE ENFIELD",2,1,0,0,1,2023,"October","Monday","11:12 pm",60,"Sealed","Wet","Not Raining","Night","Right Angle",1,,,1320480.87,1679082.5
"2023-46889-19/09/2025","GLENELG","CITY OF HOLDFAST BAY",2,1,0,0,1,2023,"October","Monday","02:00 pm",40,"Sealed","Dry","Not Raining","Daylight","Hit Parked Vehicle",2,,,1320837.09,1664895.2
"2023-46892-19/09/2025","KI KI","COORONG DISTRICT COUNCIL",1,1,0,0,1,2023,"October","Tuesday","11:01 am",110,"Sealed","Dry","Not Raining","Daylight","Left Road - Out of Control",1,,,1432587.38,1598396.11
"2023-46894-19/09/2025","NETLEY","CITY OF WEST TORRENS",2,1,0,0,1,2023,"September","Thursday","07:30 pm",50,"Sealed","Dry","Not Raining","Night","Rear End",2,,,1323698.44,1667975.05
"2023-46897-19/09/2025","MARREE",,1,1,0,0,1,2023,"August","Monday","07:00 pm",50,"Sealed","Wet","Not Raining","Night","Roll Over",1,,,1296596.65,2255887.63
"2023-46904-19/09/2025","GREEN FIELDS","CITY OF SALISBURY",2,2,0,0,2,2023,"October","Tuesday","03:15 pm",70,"Sealed","Dry","Not Raining","Daylight","Rear End",1,,,1329846.54,1684805.55
"2023-46909-19/09/2025","CAVAN","CITY OF SALISBURY",5,1,0,0,1,2023,"October","Tuesday","04:45 pm",70,"Sealed","Dry","Not Raining","Daylight","Rear End",1,,,1328720.71,1681534.83
"2023-46917-19/09/2025","SEAFORD MEADOWS","CITY OF ONKAPARINGA",2,1,0,0,1,2023,"October","Wednesday","05:30 am",70,"Sealed","Dry","Not Raining","Night","Right Turn",1,,,1316352.56,1642778.71
"2023-46920-19/09/2025","HACKHAM","CITY OF ONKAPARINGA",2,1,0,1,0,2023,"October","Wednesday","06:47 am",60,"Sealed","Dry","Not Raining","Night","Rear End",1,,,1320863.41,1647041.93
"2023-46922-19/09/2025","LONSDALE","CITY OF ONKAPARINGA",2,1,0,0,1,2023,"October","Wednesday","08:50 am",80,"Sealed","Dry","Not Raining","Daylight","Rear End",2,,,1318651.25,1650962.37
"2023-46927-19/09/2025","BOOKABIE",,2,1,0,1,0,2023,"October","Wednesday","08:15 am",110,"Sealed","Wet","Raining","Daylight","Hit Fixed Object",1,,,768104.72,2016452.87
"2023-46928-19/09/2025","SURREY DOWNS","CITY OF TEA TREE GULLY",2,2,0,2,0,2023,"October","Wednesday","09:48 am",60,"Sealed","Dry","Not Raining","Daylight","Right Angle",1,,,1338383.45,1683578.82
"2023-46932-19/09/2025","PARA HILLS WEST","CITY OF SALISBURY",2,1,0,0,1,2023,"October","Tuesday","05:20 pm",50,"Sealed","Dry","Not Raining","Daylight","Right Angle",2,,,1333114.7,1685104.57
"2023-46935-19/09/2025","PARA HILLS WEST","CITY OF SALISBURY",2,1,0,0,1,2023,"October","Wednesday","04:00 pm",60,"Sealed","Dry","Not Raining","Daylight","Rear End",2,,,1332718.48,1682786.02
"2023-46936-19/09/2025","DULWICH","CITY OF BURNSIDE",2,1,0,0,1,2023,"September","Wednesday","08:00 am",60,"Sealed","Dry","Not Raining","Daylight","Hit Parked Vehicle",2,,,1331360.09,1669073.92
"2023-46946-19/09/2025","ELIZABETH SOUTH","CITY OF PLAYFORD.",2,1,0,0,1,2023,"October","Thursday","06:00 am",60,"Sealed","Dry","Not Raining","Night","Side Swipe",2,,,1334568.88,1691271.22
"2023-46947-19/09/2025","WAYVILLE","CITY OF UNLEY",1,1,0,1,0,2023,"August","Monday","04:30 pm",60,"Sealed","Wet","Raining","Daylight","Roll Over",9,,"Y",1327590.95,1668919.11
"2023-46948-19/09/2025","BIRKENHEAD","CITY OF PORT ADELAIDE ENFIELD",2,1,0,0,1,2023,"August","Thursday","03:00 pm",40,"Sealed","Dry","Not Raining","Daylight","Side Swipe",2,,,1319817.12,1680252.78
"2023-46951-19/09/2025","ANDREWS FARM","CITY OF PLAYFORD.",1,1,0,1,0,2023,"October","Thursday","12:45 pm",60,"Sealed","Dry","Not Raining","Daylight","Roll Over",1,,,1334957.83,1699366.74
"2023-46956-19/09/2025","MENINGIE","COORONG DISTRICT COUNCIL",2,1,0,0,1,2023,"October","Thursday","02:55 pm",100,"Sealed","Dry","Not Raining","Daylight","Hit Fixed Object",1,,,1392802.19,1580775.32
"2023-46957-19/09/2025","ELIZABETH","CITY OF PLAYFORD.",2,1,0,0,1,2023,"October","Thursday","04:00 pm",80,"Sealed","Wet","Not Raining","Daylight","Rear End",1,,,1336021.87,1692659.26
"2023-46959-19/09/2025","ELIZABETH GROVE","CITY OF PLAYFORD.",2,1,0,0,1,2023,"October","Thursday","04:30 pm",80,"Sealed","Dry","Not Raining","Daylight","Rear End",1,,,1336121.97,1691178.82
"2023-46966-19/09/2025","EVANSTON PARK","CT GAWLER.",2,2,0,0,2,2023,"October","Thursday","08:30 pm",60,"Sealed","Wet","Raining","Night","Right Turn",2,,,1342462.56,1704024.12
"2023-46968-19/09/2025","GREENHILL","THE ADELAIDE HILLS COUNCIL",1,1,0,0,1,2023,"September","Friday","04:00 pm",80,"Sealed","Dry","Not Raining","Daylight","Roll Over",9,,,1337847.23,1667046.31
"2023-46973-19/09/2025","REGENCY PARK","CITY OF PORT ADELAIDE ENFIELD",2,1,0,0,1,2023,"October","Friday","06:55 am",60,"Sealed","Dry","Not Raining","Daylight","Rear End",2,,,1326475.25,1679154.5
"2023-46974-19/09/2025","KULPARA","BARUNGA WEST DISTRICT COUNCIL",1,3,0,0,3,2023,"October","Friday","06:41 am",80,"Sealed","Wet","Raining","Night","Roll Over",1,,,1280268.15,1768050.38
"2023-46979-19/09/2025","MURRAY BRIDGE","RC MURRAY BRIDGE.",2,1,0,0,1,2023,"October","Friday","08:55 am",50,"Sealed","Dry","Not Raining","Daylight","Right Turn",1,,,1389453.71,1646188.14
"2023-46988-19/09/2025","KIDMAN PARK","CITY OF CHARLES STURT",2,1,0,0,1,2023,"October","Friday","10:40 am",60,"Sealed","Dry","Not Raining","Daylight","Rear End",1,,,1322419.52,1673125.07
"2023-46991-19/09/2025","KENT TOWN","CC OF NORWOOD,PAYNEHAM & ST PETERS",2,1,0,0,1,2023,"October","Friday","12:00 pm",50,"Sealed","Dry","Not Raining","Daylight","Hit Parked Vehicle",1,,,1330205.17,1671204.15
"2023-46992-19/09/2025","HINDMARSH","CITY OF CHARLES STURT",2,1,0,0,1,2023,"October","Friday","01:56 pm",60,"Unsealed","Dry","Not Raining","Daylight","Right Angle",1,,,1325953.54,1673117.02
"2023-47003-19/09/2025","FITZROY","CITY OF PROSPECT",3,2,0,0,2,2023,"October","Tuesday","03:30 pm",60,"Sealed","Wet","Not Raining","Daylight","Rear End",1,,"Y",1327525.74,1673625.28
"2023-47007-19/09/2025","WILLOW SPRINGS",,2,1,0,1,0,2023,"October","Friday","04:15 pm",90,"Sealed","Dry","Not Raining","Daylight","Hit Animal",2,,,1353401.41,2054841.18
"2023-47010-19/09/2025","PELICAN LAGOON","KANGAROO ISLAND COUNCIL",1,1,0,0,1,2023,"October","Friday","06:10 pm",100,"Sealed","Dry","Not Raining","Daylight","Roll Over",1,,,1252550.12,1571987.55
"2023-47013-19/09/2025","MODBURY NORTH","CITY OF TEA TREE GULLY",2,2,0,0,2,2023,"October","Saturday","06:48 am",60,"Sealed","Dry","Not Raining","Daylight","Right Turn",2,,,1336848.16,1681212.44
"2023-47019-19/09/2025","KINGSTON PARK","CITY OF HOLDFAST BAY",2,1,0,1,0,2023,"October","Saturday","10:10 am",50,"Sealed","Dry","Not Raining","Daylight","Right Angle",2,,,1320103.6,1658189.59
"2023-47025-19/09/2025","KILBURN","CITY OF PORT ADELAIDE ENFIELD",2,3,0,0,3,2023,"October","Saturday","12:55 pm",60,"Sealed","Dry","Not Raining","Daylight","Right Turn",2,,,1327206.14,1677437.48
"2023-47026-19/09/2025","PORT WAKEFIELD","WAKEFIELD REGIONAL COUNCIL",2,1,0,0,1,2023,"October","Saturday","02:48 pm",80,"Sealed","Dry","Not Raining","Daylight","Hit Fixed Object",1,,,1287887.39,1761653.42
"2023-47029-19/09/2025","KILBURN","CITY OF PORT ADELAIDE ENFIELD",2,1,0,0,1,2023,"October","Saturday","02:50 pm",60,"Sealed","Dry","Not Raining","Daylight","Rear End",1,,,1327206.14,1677437.48
"2023-47033-19/09/2025","LAURA","NORTHERN AREAS DISTRICT COUNCIL",2,1,0,1,0,2023,"October","Saturday","02:00 pm",50,"Sealed","Dry","Not Raining","Daylight","Hit Pedestrian",1,,,1306874.87,1864725.47
"2023-47035-19/09/2025","ADELAIDE","CITY OF ADELAIDE",2,1,0,0,1,2023,"October","Wednesday","06:30 pm",50,"Sealed","Dry","Not Raining","Daylight","Right Angle",1,,,1329131.1,1670689.63
"2023-47039-19/09/2025","MODBURY","CITY OF TEA TREE GULLY",3,1,0,0,1,2023,"October","Saturday","03:14 pm",60,"Sealed","Dry","Not Raining","Daylight","Rear End",1,,,1336424.78,1680609.96
"2023-47040-19/09/2025","MILE END","CITY OF WEST TORRENS",2,1,0,0,1,2023,"October","Saturday","06:55 pm",50,"Sealed","Dry","Not Raining","Daylight","Hit Pedestrian",2,,,1325852.14,1670704.32
"2023-47050-19/09/2025","ELIZABETH VALE","CITY OF PLAYFORD.",2,1,0,0,1,2023,"October","Sunday","08:58 am",60,"Sealed","Dry","Not Raining","Daylight","Hit Fixed Object",1,,,1335173.44,1690031.74
"2023-47051-19/09/2025","ST KILDA","CITY OF SALISBURY",1,1,0,0,1,2023,"October","Sunday","10:00 am",60,"Sealed","Dry","Not Raining","Daylight","Roll Over",1,,,1323229.26,1691595.98
"2023-47054-19/09/2025","EVANSTON GARDENS","CT GAWLER.",2,1,0,0,1,2023,"October","Wednesday","05:20 pm",50,"Sealed","Dry","Not Raining","Daylight","Right Angle",2,,,1340711.57,1703333.88
"2023-47056-19/09/2025","UNDERDALE","CITY OF WEST TORRENS",2,2,0,0,2,2023,"October","Sunday","03:01 pm",60,"Sealed","Dry","Not Raining","Daylight","Right Turn",2,,,1323829.19,1671602.14
"2023-47058-19/09/2025","ANNADALE","MID MURRAY DISTRICT COUNCIL",2,2,0,2,0,2023,"October","Sunday","01:55 pm",100,"Sealed","Dry","Not Raining","Daylight","Rear End",1,,,1399095.29,1722589.94
"2023-47059-19/09/2025","CRYSTAL BROOK","PT.PIRIE CITY & DIST. COUNCIL",2,2,0,0,2,2023,"October","Sunday","07:00 pm",110,"Sealed","Dry","Not Raining","Daylight","Head On",1,,,1294881.74,1851570.29
"2023-47065-19/09/2025","PLYMPTON PARK","CC MARION.",3,1,0,1,0,2023,"October","Monday","06:10 am",60,"Sealed","Dry","Not Raining","Night","Rear End",1,,,1324245.27,1665892.26
"2023-47070-19/09/2025","HINDMARSH","CITY OF CHARLES STURT",2,2,0,0,2,2023,"October","Monday","09:31 am",60,"Sealed","Dry","Not Raining","Daylight","Right Angle",2,,,1325751.39,1673287.71
"2023-47076-19/09/2025","POORAKA","CITY OF SALISBURY",2,1,0,1,0,2023,"October","Monday","01:05 pm",50,"Sealed","Dry","Not Raining","Daylight","Hit Fixed Object",1,,,1331284.91,1681353.12
"2023-47078-19/09/2025","BROADVIEW","CITY OF PROSPECT",2,2,0,0,2,2023,"October","Monday","01:55 pm",60,"Sealed","Dry","Not Raining","Daylight","Head On",2,,"Y",1330470.24,1675376.27
"2023-47079-19/09/2025","ALBERTON","CITY OF PORT ADELAIDE ENFIELD",3,1,0,0,1,2023,"October","Monday","02:30 pm",50,"Sealed","Dry","Not Raining","Daylight","Hit Parked Vehicle",1,,,1320911.72,1678842.6
"2023-47082-19/09/2025","DERNANCOURT","CITY OF TEA TREE GULLY",2,2,0,0,2,2023,"October","Monday","04:05 pm",60,"Sealed","Dry","Not Raining","Daylight","Right Turn",1,,"Y",1335112.72,1678044.12
"2023-47084-19/09/2025","GEPPS CROSS","CITY OF PORT ADELAIDE ENFIELD",2,1,0,0,1,2023,"October","Monday","03:50 pm",60,"Sealed","Dry","Not Raining","Daylight","Hit Pedestrian",2,,,1330683.6,1679800.6
"2023-47087-19/09/2025","MAGILL","CC CAMPBELLTOWN.",2,2,0,0,2,2023,"October","Monday","04:50 pm",60,"Sealed","Dry","Not Raining","Daylight","Right Angle",2,,,1335463.21,1672528.92
"2023-47089-19/09/2025","BRIGHTON","CITY OF HOLDFAST BAY",2,1,0,0,1,2023,"October","Monday","05:04 pm",50,"Sealed","Dry","Not Raining","Daylight","Right Angle",1,,,1320805.5,1660798.51
"2023-47093-19/09/2025","SALISBURY","CITY OF SALISBURY",2,1,0,0,1,2023,"October","Monday","07:47 pm",60,"Sealed","Dry","Not Raining","Night","Right Turn",2,,,1333564.12,1688824.45
"2023-47096-19/09/2025","STRATHALBYN","ALEXANDRINA COUNCIL",1,1,0,1,0,2023,"October","Monday","05:35 pm",50,"Sealed","Dry","Not Raining","Daylight","Roll Over",1,,,1353860.44,1633969.43
"2023-47097-19/09/2025","BURRA","REGIONAL COUNCIL OF GOYDER",1,1,0,1,0,2023,"October","Monday","07:00 pm",100,"Unsealed","Dry","Not Raining","Daylight","Roll Over",1,,,1363496.43,1797157.04
"2023-47107-19/09/2025","HOPE VALLEY","CITY OF TEA TREE GULLY",2,1,0,0,1,2023,"October","Tuesday","10:25 am",60,"Sealed","Dry","Not Raining","Daylight","Hit Parked Vehicle",1,,,1337582.75,1679478.52
"2023-47108-19/09/2025","ST MORRIS","CC OF NORWOOD,PAYNEHAM & ST PETERS",2,1,0,0,1,2023,"October","Monday","07:12 pm",60,"Sealed","Dry","Not Raining","Daylight","Rear End",1,,,1333859.79,1671893.17
"2023-47111-19/09/2025","POORAKA","CITY OF SALISBURY",2,2,0,0,2,2023,"October","Tuesday","10:40 am",70,"Sealed","Dry","Not Raining","Daylight","Side Swipe",1,,"Y",1332012.87,1683340.42
"2023-47115-19/09/2025","STEPNEY","CC OF NORWOOD,PAYNEHAM & ST PETERS",2,1,0,1,0,2023,"October","Tuesday","12:20 pm",50,"Sealed","Dry","Not Raining","Daylight","Right Angle",2,,,1331354.58,1672106.56
"2023-47117-19/09/2025","CLARENCE GARDENS","CC MITCHAM.",2,1,0,1,0,2023,"October","Tuesday","12:00 pm",60,"Sealed","Dry","Not Raining","Daylight","Rear End",1,,,1325909.25,1665245.94