"REPORT_ID","Suburb","LGA Name","Total Units","Total Cas","Total Fats","Total SI","Total MI","Year","Month","Day","Time","Area Speed","Road Surface","Moisture Cond","Weather Cond","DayNight","Crash Type","Unit Resp","DUI Involved","Drugs Involved","ACCLOC_X","ACCLOC_Y"
"2023-47118-19/09/2025","LINDEN PARK","CITY OF BURNSIDE",2,1,0,0,1,2023,"October","Tuesday","12:30 pm",60,"Sealed","Dry","Not Raining","Daylight","Side Swipe",2,,,1332313.41,1669007.75
"2023-47121-19/09/2025","PORT LINCOLN","CC PT.LINCOLN.",2,1,0,0,1,2023,"October","Tuesday","02:10 pm",50,"Sealed","Dry","Not Raining","Daylight","Right Angle",1,,,1078689.14,1697555.13
"2023-47122-19/09/2025","RICHMOND","CITY OF WEST TORRENS",3,2,0,0,2,2023,"October","Tuesday","02:50 pm",60,"Sealed","Dry","Not Raining","Daylight","Rear End",1,,,1325771.41,1669812.16
"2023-47133-19/09/2025","GLYNDE","CC OF NORWOOD,PAYNEHAM & ST PETERS",2,1,0,0,1,2023,"October","Tuesday","03:57 pm",60,"Sealed","Dry","Not Raining","Daylight","Rear End",2,,,1333785.54,1674516.59
"2023-47135-19/09/2025","KLEMZIG","CITY OF PORT ADELAIDE ENFIELD",2,1,0,0,1,2023,"October","Tuesday","05:55 pm",60,"Sealed","Dry","Not Raining","Daylight","Right Angle",2,,,1331851.87,1675803.48
"2023-47139-19/09/2025","MONTACUTE","THE ADELAIDE HILLS COUNCIL",2,1,0,0,1,2023,"October","Tuesday","04:10 pm",70,"Sealed","Dry","Not Raining","Daylight","Hit Fixed Object",1,,,1340594.2,1677652.02
"2023-47144-19/09/2025","MULGUNDAWA","RC MURRAY BRIDGE.",2,2,0,0,2,2023,"October","Tuesday","04:00 pm",100,"Sealed","Dry","Not Raining","Daylight","Rear End",1,,,1377703.74,1626894.14
"2023-47145-19/09/2025","NORTH ADELAIDE","CITY OF ADELAIDE",2,2,0,0,2,2023,"October","Tuesday","09:20 pm",50,"Sealed","Dry","Not Raining","Night","Hit Pedestrian",2,,,1328470.47,1672343.26
"2023-47150-19/09/2025","MODBURY NORTH","CITY OF TEA TREE GULLY",2,3,0,0,3,2023,"October","Wednesday","09:00 am",80,"Sealed","Dry","Not Raining","Daylight","Rear End",2,,,1336165.68,1681195.41
"2023-47151-19/09/2025","TUSMORE","CITY OF BURNSIDE",2,1,0,0,1,2023,"October","Wednesday","06:50 am",60,"Sealed","Dry","Not Raining","Daylight","Rear End",1,,,1332323.44,1669056.96
"2023-47162-19/09/2025","WARRADALE","CC MARION.",2,1,0,0,1,2023,"October","Wednesday","01:40 pm",60,"Sealed","Dry","Not Raining","Daylight","Rear End",2,,,1321904.44,1663021.53
"2023-47166-19/09/2025","SALISBURY","CITY OF SALISBURY",2,1,0,0,1,2023,"October","Monday","06:15 pm",50,"Sealed","Dry","Not Raining","Daylight","Rear End",1,,,1333632.48,1688660.75
"2023-47171-19/09/2025","WILLUNGA HILL","ALEXANDRINA COUNCIL",2,1,1,0,0,2023,"October","Wednesday","10:02 pm",100,"Sealed","Dry","Not Raining","Night","Head On",1,,"Y",1325207.65,1627569.7
"2023-47172-19/09/2025","PORT ADELAIDE","CITY OF PORT ADELAIDE ENFIELD",2,1,0,0,1,2023,"October","Wednesday","10:25 pm",60,"Sealed","Dry","Not Raining","Night","Right Angle",1,,,1320480.87,1679082.5
"2023-47174-19/09/2025","MOUNT COMPASS","ALEXANDRINA COUNCIL",2,1,0,0,1,2023,"October","Thursday","01:20 am",80,"Sealed","Dry","Not Raining","Night","Hit Fixed Object",1,,,1328977.93,1623980.82
"2023-47175-19/09/2025","CLARENDON","CITY OF ONKAPARINGA",2,1,0,0,1,2023,"October","Wednesday","10:18 pm",50,"Sealed","Dry","Not Raining","Night","Hit Fixed Object",1,"Y",,1330704.38,1649597.42
"2023-47189-19/09/2025","SAMPSON FLAT","CITY OF PLAYFORD.",2,1,0,0,1,2023,"October","Thursday","11:30 am",80,"Sealed","Dry","Not Raining","Daylight","Hit Fixed Object",1,,,1345292.51,1691399.15
"2023-47190-19/09/2025","MODBURY","CITY OF TEA TREE GULLY",2,1,0,0,1,2023,"October","Thursday","09:45 am",50,"Sealed","Dry","Not Raining","Daylight","Right Angle",2,,,1336871.78,1680739.18
"2023-47199-19/09/2025","PARAFIELD GARDENS","CITY OF SALISBURY",2,1,0,0,1,2023,"October","Thursday","03:38 pm",60,"Sealed","Dry","Not Raining","Daylight","Hit Parked Vehicle",1,,,1330594.77,1685733.7
"2023-47201-19/09/2025","ALDINGA","CITY OF ONKAPARINGA",2,1,0,0,1,2023,"October","Thursday","06:30 am",70,"Sealed","Dry","Not Raining","Night","Rear End",1,,,1316361.34,1632459.37
"2023-47202-19/09/2025","HILLCREST","CITY OF PORT ADELAIDE ENFIELD",2,1,0,0,1,2023,"October","Thursday","03:00 pm",50,"Sealed","Dry","Not Raining","Daylight","Right Angle",2,,,1332940.44,1677472.23
"2023-47207-19/09/2025","EVANSTON GARDENS","CT GAWLER.",2,2,0,0,2,2023,"October","Thursday","05:38 pm",110,"Sealed","Dry","Not Raining","Daylight","Rear End",2,,,1341367,1704193.96
"2023-47210-19/09/2025","SPALDING","NORTHERN AREAS DISTRICT COUNCIL",1,1,0,0,1,2023,"October","Thursday","12:20 pm",50,"Sealed","Dry","Not Raining","Daylight","Roll Over",1,,,1334357.62,1828323.66
"2023-47214-19/09/2025","WALKERVILLE","WALKERVILLE TOWN COUNCIL",2,2,0,0,2,2023,"October","Thursday","07:15 pm",60,"Sealed","Dry","Not Raining","Daylight","Right Turn",2,,,1329483.39,1674233.16
"2023-47220-19/09/2025","OTTOWAY","CITY OF PORT ADELAIDE ENFIELD",3,1,0,0,1,2023,"October","Friday","02:42 am",60,"Sealed","Dry","Not Raining","Night","Rear End",1,,,1322930.09,1679129.98
"2023-47222-19/09/2025","RICHMOND","CITY OF WEST TORRENS",2,1,0,0,1,2023,"October","Friday","04:55 am",60,"Sealed","Dry","Not Raining","Night","Hit Fixed Object",1,,"Y",1325203.91,1668929.69
"2023-47224-19/09/2025","STANSBURY","YORKE PENINSULA COUNCIL",3,1,0,1,0,2023,"October","Friday","07:00 am",100,"Sealed","Dry","Not Raining","Daylight","Right Angle",2,,,1254948.35,1676248.98
"2023-47225-19/09/2025","LONSDALE","CITY OF ONKAPARINGA",2,2,0,1,1,2023,"October","Friday","08:23 am",80,"Sealed","Dry","Not Raining","Daylight","Right Turn",2,,,1318651.25,1650962.37
"2023-47226-19/09/2025","RIDGEHAVEN","CITY OF TEA TREE GULLY",3,1,0,0,1,2023,"October","Friday","08:19 am",60,"Sealed","Dry","Not Raining","Daylight","Right Angle",1,,,1337427.89,1681297.53
"2023-47229-19/09/2025","MARION","CC MARION.",2,1,0,0,1,2023,"October","Thursday","05:30 pm",50,"Sealed","Dry","Not Raining","Daylight","Right Angle",1,,,1324203.19,1661696.01
"2023-47231-19/09/2025","ETTRICK","RC MURRAY BRIDGE.",2,3,0,0,3,2023,"October","Friday","10:56 am",100,"Unsealed","Dry","Not Raining","Daylight","Hit Fixed Object",1,,,1417289.04,1661602.68
"2023-47234-19/09/2025","KYBUNGA","WAKEFIELD REGIONAL COUNCIL",2,1,0,0,1,2023,"October","Friday","10:00 am",100,"Unsealed","Dry","Not Raining","Daylight","Hit Fixed Object",1,,,1327143.84,1785075.67
"2023-47249-19/09/2025","TUNGKILLO","MID MURRAY DISTRICT COUNCIL",2,1,0,0,1,2023,"October","Friday","04:30 pm",80,"Unsealed","Dry","Not Raining","Daylight","Hit Fixed Object",1,,,1372669.94,1674190.58
"2023-47254-19/09/2025","ATHELSTONE","CC CAMPBELLTOWN.",2,1,0,0,1,2023,"October","Saturday","05:00 am",60,"Sealed","Dry","Not Raining","Night","Hit Fixed Object",1,"Y",,1338327.65,1677202.12
"2023-47257-19/09/2025","MAITLAND","YORKE PENINSULA COUNCIL",2,1,1,0,0,2023,"October","Saturday","03:00 am",100,"Unsealed","Dry","Not Raining","Night","Hit Fixed Object",1,"Y",,1243818.17,1734688.93
"2023-47270-19/09/2025","GILLES PLAINS","CITY OF TEA TREE GULLY",2,1,0,0,1,2023,"October","Saturday","02:45 pm",50,"Sealed","Dry","Not Raining","Daylight","Rear End",1,,,1334246.38,1679295.73
"2023-47272-19/09/2025","EDINBURGH","CITY OF SALISBURY",2,1,0,0,1,2023,"October","Saturday","03:10 pm",60,"Sealed","Dry","Not Raining","Daylight","Hit Parked Vehicle",2,,"Y",1333617.15,1690846.42
"2023-47274-19/09/2025","CEDUNA","DC CEDUNA",1,3,0,0,3,2023,"October","Saturday","03:51 pm",100,"Unsealed","Dry","Not Raining","Daylight","Roll Over",1,,,869099.02,1992038.66
"2023-47275-19/09/2025","SALISBURY","CITY OF SALISBURY",2,1,0,0,1,2023,"October","Saturday","04:06 pm",50,"Sealed","Dry","Not Raining","Daylight","Right Angle",2,,,1333357.05,1687524.71
"2023-47276-19/09/2025","NURIOOTPA","THE BAROSSA COUNCIL.",2,1,0,0,1,2023,"October","Friday","07:45 pm",80,"Sealed","Dry","Not Raining","Night","Right Angle",2,,,1368154.52,1717539.9
"2023-47277-19/09/2025","PETERBOROUGH","DC OF PETERBOROUGH",1,1,0,0,1,2023,"October","Sunday","04:00 pm",80,"Sealed","Dry","Not Raining","Daylight","Roll Over",1,,,1357732.46,1886075.08
"2023-47280-19/09/2025","FREELING","LIGHT REGIONAL COUNCIL",1,1,0,0,1,2023,"October","Saturday","05:30 pm",50,"Unsealed","Dry","Not Raining","Daylight","Roll Over",1,,,1349786.65,1723848.78
"2023-47281-19/09/2025","PROSPECT","CITY OF PROSPECT",2,1,0,0,1,2023,"October","Saturday","07:00 pm",40,"Sealed","Dry","Not Raining","Daylight","Hit Pedestrian",2,,,1327398.9,1675249.41
"2023-47283-19/09/2025","COROMANDEL VALLEY","CITY OF ONKAPARINGA",4,1,0,1,0,2023,"October","Saturday","08:45 pm",60,"Sealed","Dry","Not Raining","Night","Hit Fixed Object",1,,,1330491.29,1657929.29
"2023-47285-19/09/2025","NARRUNG","COORONG DISTRICT COUNCIL",1,1,0,1,0,2023,"October","Saturday","07:30 pm",50,"Sealed","Dry","Not Raining","Night","Roll Over",1,,,1374565.52,1604554.59
"2023-47287-19/09/2025","MAYLANDS","CC OF NORWOOD,PAYNEHAM & ST PETERS",5,2,0,0,2,2023,"October","Saturday","11:40 pm",60,"Sealed","Dry","Not Raining","Night","Right Angle",1,,,1332227.63,1671761.35
"2023-47298-19/09/2025","CAMBRAI","MID MURRAY DISTRICT COUNCIL",2,1,0,0,1,2023,"October","Sunday","11:25 am",50,"Sealed","Dry","Not Raining","Daylight","Right Angle",2,,,1391890.27,1698697.35
"2023-47300-19/09/2025","MORPHETT VALE","CITY OF ONKAPARINGA",2,1,0,0,1,2023,"October","Sunday","12:25 pm",60,"Sealed","Dry","Not Raining","Daylight","Right Angle",1,,,1320315.29,1651001.19
"2023-47308-19/09/2025","GEPPS CROSS","CITY OF PORT ADELAIDE ENFIELD",3,1,0,0,1,2023,"October","Sunday","02:50 pm",60,"Sealed","Dry","Not Raining","Daylight","Hit Fixed Object",1,,,1327790.59,1679241.98
"2023-47313-19/09/2025","BOLIVAR","CITY OF SALISBURY",2,1,0,0,1,2023,"October","Sunday","11:00 am",90,"Sealed","Dry","Not Raining","Daylight","Rear End",2,,,1328471.89,1688636.97
"2023-47318-19/09/2025","YATTALUNGA","CITY OF PLAYFORD.",2,1,0,0,1,2023,"October","Monday","12:01 am",80,"Sealed","Wet","Raining","Night","Hit Fixed Object",1,"Y",,1344805.95,1695573.08
"2023-47327-19/09/2025","ST AGNES","CITY OF TEA TREE GULLY",2,1,0,1,0,2023,"October","Monday","10:30 am",60,"Sealed","Dry","Not Raining","Daylight","Right Angle",1,,,1338604.59,1680989.14
"2023-47334-19/09/2025","ARDROSSAN","YORKE PENINSULA COUNCIL",2,1,0,0,1,2023,"October","Monday","12:23 pm",100,"Sealed","Dry","Not Raining","Daylight","Right Angle",2,,,1266927.02,1727940.74
"2023-47336-19/09/2025","ADELAIDE","CITY OF ADELAIDE",2,1,0,0,1,2023,"August","Thursday","05:00 pm",60,"Sealed","Dry","Not Raining","Daylight","Rear End",2,,,1329631.34,1671182.4
"2023-47337-19/09/2025","ADELAIDE","CITY OF ADELAIDE",2,1,0,0,1,2023,"October","Saturday","07:00 pm",60,"Sealed","Dry","Not Raining","Daylight","Side Swipe",2,,,1327373.09,1670811.81
"2023-47339-19/09/2025","KENT TOWN","CC OF NORWOOD,PAYNEHAM & ST PETERS",2,1,0,0,1,2023,"October","Monday","03:55 pm",60,"Sealed","Dry","Not Raining","Daylight","Right Turn",1,,,1330409.29,1670552.74
"2023-47341-19/09/2025","BOWDEN","CITY OF CHARLES STURT",3,1,0,0,1,2023,"October","Monday","04:00 pm",60,"Sealed","Dry","Not Raining","Daylight","Rear End",1,,,1326926,1673082.49
"2023-47348-19/09/2025","WILLOW SPRINGS",,2,1,0,1,0,2023,"October","Monday","01:20 pm",90,"Sealed","Dry","Not Raining","Daylight","Hit Animal",2,,,1353362.94,2054774.23
"2023-47352-19/09/2025","BOLIVAR","CITY OF SALISBURY",2,1,0,0,1,2023,"December","Saturday","02:49 pm",60,"Sealed","Dry","Not Raining","Daylight","Right Angle",2,,,1328351.94,1688182.27
"2023-47353-19/09/2025","PARALOWIE","CITY OF SALISBURY",2,1,0,0,1,2023,"October","Monday","04:45 pm",60,"Sealed","Dry","Not Raining","Daylight","Right Angle",2,,,1330344.02,1689177.5
"2023-47358-19/09/2025","CLAPHAM","CC MITCHAM.",2,1,0,0,1,2023,"October","Tuesday","08:28 am",60,"Sealed","Dry","Not Raining","Daylight","Rear End",2,,,1328683.78,1663518.75
"2023-47360-19/09/2025","WOODVILLE SOUTH","CITY OF CHARLES STURT",3,1,0,0,1,2023,"October","Tuesday","08:48 am",60,"Sealed","Dry","Not Raining","Daylight","Side Swipe",1,,,1322799.36,1675772.55
"2023-47363-19/09/2025","PORT PIRIE SOUTH","PT.PIRIE CITY & DIST. COUNCIL",2,1,1,0,0,2023,"October","Tuesday","09:24 am",110,"Sealed","Dry","Not Raining","Daylight","Rear End",1,,,1282990.62,1859922.62
"2023-47368-19/09/2025","MORPHETT VALE","CITY OF ONKAPARINGA",3,1,0,0,1,2023,"October","Tuesday","08:30 am",60,"Sealed","Dry","Not Raining","Daylight","Rear End",1,,,1321966.83,1648726.94
"2023-47369-19/09/2025","MORPHETT VALE","CITY OF ONKAPARINGA",2,1,0,0,1,2023,"October","Tuesday","10:00 am",70,"Sealed","Dry","Not Raining","Daylight","Rear End",2,,,1319574.9,1650969.89
"2023-47370-19/09/2025","WEST BEACH","CITY OF CHARLES STURT",1,1,0,1,0,2023,"October","Tuesday","11:15 am",50,"Sealed","Dry","Not Raining","Daylight","Roll Over",1,,,1319716.91,1668783.01
"2023-47378-19/09/2025","HENLEY BEACH","CITY OF CHARLES STURT",2,1,0,0,1,2023,"October","Monday","12:00 pm",50,"Sealed","Wet","Raining","Daylight","Right Angle",1,,,1319127,1672310.49
"2023-47381-19/09/2025","PARADISE","CC CAMPBELLTOWN.",2,1,0,0,1,2023,"June","Wednesday","03:30 pm",60,"Sealed","Dry","Not Raining","Daylight","Rear End",2,,,1334477.31,1676956.79
"2023-47385-19/09/2025","MINLATON","YORKE PENINSULA COUNCIL",2,1,0,0,1,2023,"October","Tuesday","01:00 pm",50,"Sealed","Dry","Not Raining","Daylight","Hit Pedestrian",1,,,1237234.89,1690229.17
"2023-47387-19/09/2025","ANGLE VALE","CITY OF PLAYFORD.",2,1,0,0,1,2023,"October","Tuesday","03:15 pm",60,"Sealed","Dry","Not Raining","Daylight","Right Angle",1,,,1334236.77,1702146.35
"2023-47388-19/09/2025","CLEARVIEW","CITY OF PORT ADELAIDE ENFIELD",2,1,0,0,1,2023,"October","Tuesday","04:10 pm",50,"Sealed","Dry","Not Raining","Daylight","Hit Parked Vehicle",1,"Y",,1329880.3,1678634.47
"2023-47389-19/09/2025","ROYAL PARK","CITY OF CHARLES STURT",2,1,0,0,1,2023,"October","Tuesday","04:10 pm",60,"Sealed","Dry","Not Raining","Daylight","Right Angle",1,,,1320609.56,1676878.15
"2023-47392-19/09/2025","WARBURTO","COPPER COAST DISTRICT COUNCIL",2,1,0,0,1,2023,"October","Tuesday","06:30 pm",100,"Sealed","Dry","Not Raining","Daylight","Hit Fixed Object",1,,,1241413.91,1777673.43
"2023-47395-19/09/2025","NORTH PLYMPTON","CITY OF WEST TORRENS",2,1,0,0,1,2023,"October","Tuesday","09:11 pm",60,"Sealed","Dry","Not Raining","Night","Rear End",1,,,1324189.48,1668014.26
"2023-47397-19/09/2025","NOARLUNGA DOWNS","CITY OF ONKAPARINGA",2,1,1,0,0,2023,"October","Tuesday","09:35 pm",50,"Sealed","Dry","Not Raining","Night","Head On",1,,"Y",1318954.57,1645764.76
"2023-47399-19/09/2025","BLAKEVIEW","CITY OF PLAYFORD.",2,1,0,0,1,2023,"October","Wednesday","01:37 am",90,"Sealed","Dry","Not Raining","Night","Hit Fixed Object",1,"Y",,1338936.55,1699133.29
"2023-47402-19/09/2025","PARADISE","CC CAMPBELLTOWN.",2,2,0,0,2,2023,"October","Wednesday","08:35 am",60,"Sealed","Dry","Not Raining","Daylight","Rear End",2,,,1334904.42,1675903.86
"2023-47403-19/09/2025","STURT","CC MARION.",2,4,0,0,4,2023,"October","Wednesday","08:36 am",60,"Sealed","Dry","Not Raining","Daylight","Right Turn",2,,,1324100,1659437.16
"2023-47407-19/09/2025","CHAIN OF PONDS","THE ADELAIDE HILLS COUNCIL",2,4,1,3,0,2023,"October","Wednesday","09:25 am",100,"Sealed","Dry","Not Raining","Daylight","Hit Fixed Object",1,,,1350411.99,1682525.25
"2023-47409-19/09/2025","HACKNEY","CC OF NORWOOD,PAYNEHAM & ST PETERS",2,1,0,0,1,2023,"October","Tuesday","05:15 pm",60,"Sealed","Dry","Not Raining","Daylight","Rear End",2,,,1329888.83,1671303.98
"2023-47412-19/09/2025","GLENELG","CITY OF HOLDFAST BAY",2,1,0,0,1,2023,"October","Wednesday","11:25 am",50,"Sealed","Dry","Not Raining","Daylight","Hit Pedestrian",1,,,1320853.64,1665097.09
"2023-47420-19/09/2025","ARDROSSAN","YORKE PENINSULA COUNCIL",1,1,0,1,0,2023,"October","Wednesday","12:15 pm",100,"Sealed","Dry","Not Raining","Daylight","Roll Over",1,,"Y",1266625.38,1726778.23
"2023-47424-19/09/2025","WEST HINDMARSH","CITY OF CHARLES STURT",2,1,0,0,1,2023,"October","Wednesday","04:00 pm",60,"Sealed","Dry","Not Raining","Daylight","Right Turn",1,,,1325273.35,1673168.32
"2023-47427-19/09/2025","TATACHILLA","CITY OF ONKAPARINGA",2,2,0,2,0,2023,"October","Wednesday","04:33 pm",100,"Sealed","Dry","Not Raining","Daylight","Head On",1,,"Y",1320559.93,1637285.53
"2023-47432-19/09/2025","SOUTH PLYMPTON","CC MARION.",2,1,0,0,1,2023,"October","Wednesday","05:25 pm",50,"Sealed","Dry","Not Raining","Daylight","Right Turn",1,,,1324708.29,1664736.7
"2023-47435-19/09/2025","ASCOT PARK","CC MARION.",2,1,0,1,0,2023,"October","Wednesday","06:00 pm",50,"Sealed","Dry","Not Raining","Daylight","Right Angle",1,,,1325094.28,1664007.99
"2023-47437-19/09/2025","MAWSON LAKES","CITY OF SALISBURY",2,1,0,0,1,2023,"October","Wednesday","09:00 am",50,"Sealed","Dry","Not Raining","Daylight","Right Angle",1,,,1330295.82,1683652.43
"2023-47438-19/09/2025","HALLETT COVE","CC MARION.",2,1,0,1,0,2023,"October","Wednesday","06:43 pm",80,"Sealed","Dry","Not Raining","Daylight","Right Angle",2,,,1321385.64,1654936.41
"2023-47441-19/09/2025","MODBURY NORTH","CITY OF TEA TREE GULLY",3,1,0,0,1,2023,"October","Wednesday","10:30 pm",80,"Sealed","Dry","Not Raining","Night","Rear End",1,,,1335950.3,1682345.28
"2023-47442-19/09/2025","KYBUNGA","WAKEFIELD REGIONAL COUNCIL",2,5,0,4,1,2023,"October","Wednesday","11:00 pm",100,"Sealed","Dry","Not Raining","Night","Right Angle",2,,,1321613.63,1784396.68
"2023-47444-19/09/2025","MOUNT GAMBIER","CC MT.GAMBIER.",2,1,0,1,0,2023,"October","Thursday","05:40 am",60,"Sealed","Dry","Not Raining","Night","Rear End",2,,,1512061.43,1339296.83
"2023-47445-19/09/2025","PARADISE","CC CAMPBELLTOWN.",2,1,0,1,0,2023,"October","Thursday","07:50 am",60,"Sealed","Dry","Not Raining","Daylight","Rear End",2,,,1334977.76,1676227.32
"2023-47446-19/09/2025","REGENCY PARK","CITY OF PORT ADELAIDE ENFIELD",5,1,0,0,1,2023,"October","Thursday","07:55 am",90,"Sealed","Dry","Not Raining","Daylight","Rear End",2,,,1326039.64,1677076.08
"2023-47450-19/09/2025","PROSPECT","CITY OF PROSPECT",3,1,0,0,1,2023,"October","Wednesday","05:53 pm",60,"Sealed","Dry","Not Raining","Daylight","Rear End",1,,,1327240.58,1676458.72
"2023-47451-19/09/2025","SALISBURY HEIGHTS","CITY OF SALISBURY",6,1,0,0,1,2023,"October","Thursday","08:25 am",80,"Sealed","Dry","Not Raining","Daylight","Rear End",1,,,1335576.77,1688285.13
"2023-47454-19/09/2025","GOLDEN GROVE","CITY OF TEA TREE GULLY",2,3,0,0,3,2023,"October","Wednesday","05:25 pm",60,"Sealed","Dry","Not Raining","Daylight","Rear End",2,,,1337574.11,1685175.27
"2023-47456-19/09/2025","ROSSLYN PARK","CITY OF BURNSIDE",2,1,0,0,1,2023,"October","Thursday","10:20 am",60,"Sealed","Dry","Not Raining","Daylight","Side Swipe",1,,,1335190.27,1670575.56
"2023-47458-19/09/2025","PROSPECT","CITY OF PROSPECT",2,2,0,0,2,2023,"October","Thursday","11:35 am",60,"Sealed","Dry","Not Raining","Daylight","Rear End",2,,,1328862.28,1676441.72
"2023-47462-19/09/2025","MAGILL","CC CAMPBELLTOWN.",2,1,0,0,1,2023,"October","Thursday","07:55 am",60,"Sealed","Dry","Not Raining","Daylight","Right Angle",2,,,1335470.67,1672264.02
"2023-47466-19/09/2025","PORT GERMEIN","DC MT.REMARKABLE.",1,1,0,0,1,2023,"October","Thursday","01:50 pm",100,"Sealed","Dry","Not Raining","Daylight","Roll Over",1,,,1282852.67,1885807.49
"2023-47469-19/09/2025","FLINDERS PARK","CITY OF CHARLES STURT",3,1,0,0,1,2023,"October","Thursday","02:50 pm",50,"Sealed","Dry","Not Raining","Daylight","Right Angle",2,,,1323680.39,1672734.96
"2023-47483-19/09/2025","PARAFIELD GARDENS","CITY OF SALISBURY",2,1,0,0,1,2023,"October","Thursday","05:00 pm",60,"Sealed","Dry","Not Raining","Daylight","Rear End",2,,,1330811,1686006.15
"2023-47490-19/09/2025","DERNANCOURT","CITY OF TEA TREE GULLY",2,1,0,0,1,2023,"October","Tuesday","07:15 pm",60,"Sealed","Dry","Not Raining","Daylight","Rear End",2,,,1336042.72,1677268.06
"2023-47493-19/09/2025","WILLASTON","CT GAWLER.",2,1,0,0,1,2023,"October","Thursday","09:35 pm",50,"Sealed","Dry","Not Raining","Night","Right Angle",2,,,1342991.72,1707820.5
"2023-47498-19/09/2025","WOODCROFT","CITY OF ONKAPARINGA",2,1,0,0,1,2023,"October","Thursday","05:00 pm",60,"Sealed","Dry","Not Raining","Daylight","Rear End",1,,,1323716.1,1651101.02
"2023-47501-19/09/2025","ADELAIDE","CITY OF ADELAIDE",2,1,0,0,1,2023,"October","Thursday","12:25 pm",50,"Sealed","Dry","Not Raining","Daylight","Head On",2,,,1328491.97,1669724.42
"2023-47510-19/09/2025","HACKHAM WEST","CITY OF ONKAPARINGA",2,1,0,0,1,2023,"October","Tuesday","04:05 pm",100,"Sealed","Dry","Not Raining","Daylight","Rear End",2,,,1319153.88,1647372.19
"2023-47512-19/09/2025","CEDUNA","DC CEDUNA",2,1,0,0,1,2023,"October","Friday","02:30 pm",60,"Sealed","Dry","Not Raining","Daylight","Right Angle",1,,,875418.72,1985305.59
"2023-47516-19/09/2025","EYRE","CITY OF PLAYFORD.",2,1,0,0,1,2023,"October","Friday","03:00 pm",60,"Sealed","Dry","Not Raining","Daylight","Rear End",1,,,1334663.45,1696163.47
"2023-47518-19/09/2025","PARADISE","CC CAMPBELLTOWN.",2,1,0,0,1,2023,"October","Friday","02:30 pm",60,"Sealed","Dry","Not Raining","Daylight","Rear End",2,,,1334848.28,1675902.45
"2023-47520-19/09/2025","GLENALTA","CC MITCHAM.",2,1,0,0,1,2023,"October","Friday","05:25 pm",50,"Sealed","Dry","Not Raining","Daylight","Right Angle",1,,,1330548.31,1661085.26
"2023-47521-19/09/2025","GLENELG","CITY OF HOLDFAST BAY",2,1,0,0,1,2023,"October","Friday","02:45 pm",50,"Sealed","Dry","Not Raining","Daylight","Right Angle",2,,,1320951.31,1665303.58
"2023-47522-19/09/2025","CAMPBELLTOWN","CC CAMPBELLTOWN.",2,1,0,1,0,2023,"October","Friday","07:15 pm",60,"Sealed","Dry","Not Raining","Daylight","Hit Fixed Object",1,,,1335073.31,1674545.07
"2023-47524-19/09/2025","SEAFORD MEADOWS","CITY OF ONKAPARINGA",2,1,0,0,1,2023,"October","Friday","05:50 pm",60,"Sealed","Dry","Not Raining","Daylight","Right Angle",1,,,1316992.4,1643581.01
"2023-47527-19/09/2025","WALKERVILLE","WALKERVILLE TOWN COUNCIL",2,1,0,1,0,2023,"October","Friday","08:42 pm",60,"Sealed","Dry","Not Raining","Night","Right Turn",2,,,1329483.39,1674233.16
"2023-47528-19/09/2025","KAPUNDA","LIGHT REGIONAL COUNCIL",1,2,0,0,2,2023,"October","Friday","07:30 pm",100,"Sealed","Dry","Not Raining","Daylight","Roll Over",1,,,1359108.01,1731856.03
"2023-47538-19/09/2025","WOODVILLE GARDENS","CITY OF PORT ADELAIDE ENFIELD",2,2,0,0,2,2023,"October","Saturday","09:45 am",60,"Sealed","Dry","Not Raining","Daylight","Right Turn",1,,,1323949.7,1677639.8
"2023-47539-19/09/2025","WATERLOO CORNER","CITY OF PLAYFORD.",2,1,0,0,1,2023,"October","Friday","09:35 pm",90,"Sealed","Dry","Not Raining","Night","Hit Animal",2,,,1329140.14,1693485.5
"2023-47543-19/09/2025","ATHELSTONE","CC CAMPBELLTOWN.",4,2,0,0,2,2023,"October","Saturday","12:05 pm",60,"Sealed","Dry","Not Raining","Daylight","Rear End",1,,,1337029.62,1674889.71
"2023-47552-19/09/2025","TEA TREE GULLY","CITY OF TEA TREE GULLY",2,1,0,0,1,2023,"October","Saturday","02:14 pm",60,"Sealed","Dry","Not Raining","Daylight","Right Angle",2,,,1340865.08,1681787.01
"2023-47553-19/09/2025","NECTAR BROOK","DC MT.REMARKABLE.",2,1,0,0,1,2023,"October","Saturday","02:45 pm",100,"Sealed","Dry","Not Raining","Daylight","Hit Fixed Object",1,,,1283911.56,1925875.08
"2023-47555-19/09/2025","MOUNT BARKER","DC MT.BARKER.",2,1,0,0,1,2023,"October","Saturday","03:00 pm",60,"Sealed","Dry","Not Raining","Daylight","Rear End",2,,,1351901.57,1653063.6
"2023-47560-19/09/2025","SALISBURY NORTH","CITY OF SALISBURY",2,2,0,1,1,2023,"October","Saturday","03:21 pm",60,"Sealed","Dry","Not Raining","Daylight","Right Turn",2,,,1330547.18,1690509.69