"REPORT_ID","Suburb","LGA Name","Total Units","Total Cas","Total Fats","Total SI","Total MI","Year","Month","Day","Time","Area Speed","Road Surface","Moisture Cond","Weather Cond","DayNight","Crash Type","Unit Resp","DUI Involved","Drugs Involved","ACCLOC_X","ACCLOC_Y"
"2023-47561-19/09/2025","ADELAIDE","CITY OF ADELAIDE",2,1,0,0,1,2023,"October","Saturday","05:22 pm",50,"Sealed","Dry","Not Raining","Daylight","Hit Pedestrian",1,,,1328680.32,1671138.4
"2023-47562-19/09/2025","ADELAIDE","CITY OF ADELAIDE",2,1,0,1,0,2023,"October","Saturday","04:55 pm",50,"Sealed","Dry","Not Raining","Daylight","Hit Fixed Object",1,,,1328123.47,1670819.92
"2023-47565-19/09/2025","MANNANARIE","NORTHERN AREAS DISTRICT COUNCIL",1,1,0,0,1,2023,"October","Saturday","05:35 pm",110,"Sealed","Dry","Not Raining","Daylight","Left Road - Out of Control",1,,,1337342.21,1879949.5
"2023-47570-19/09/2025","MORPHETT VALE","CITY OF ONKAPARINGA",2,1,0,0,1,2023,"October","Sunday","07:20 am",60,"Sealed","Dry","Not Raining","Daylight","Right Angle",2,,,1319610.56,1650647.03
"2023-47571-19/09/2025","EVANSTON PARK","CT GAWLER.",2,1,0,0,1,2023,"October","Sunday","08:15 am",60,"Sealed","Dry","Not Raining","Daylight","Right Turn",2,,"Y",1342462.56,1704024.12
"2023-47574-19/09/2025","TILLEY SWAMP","DC KINGSTON.",2,1,0,0,1,2023,"October","Saturday","02:00 pm",110,"Sealed","Dry","Not Raining","Daylight","Hit Fixed Object",1,,,1429836.46,1502376.77
"2023-47576-19/09/2025","LOXTON","LOXTON WAIKERIE DISTRICT COUNCIL",2,1,0,0,1,2023,"October","Sunday","01:35 pm",60,"Sealed","Dry","Not Raining","Daylight","Side Swipe",2,,,1512524.07,1716584.55
"2023-47579-19/09/2025","IRON KNOB",,1,2,0,0,2,2023,"October","Sunday","04:05 pm",110,"Sealed","Dry","Not Raining","Daylight","Roll Over",1,,,1202240.3,1915145.17
"2023-47581-19/09/2025","BELAIR","CC MITCHAM.",2,1,0,1,0,2023,"October","Sunday","04:35 pm",60,"Sealed","Dry","Not Raining","Daylight","Head On",1,,"Y",1330570.08,1663130.67
"2023-47582-19/09/2025","ONKAPARINGA HILLS","CITY OF ONKAPARINGA",2,1,0,1,0,2023,"October","Sunday","04:54 pm",80,"Sealed","Dry","Not Raining","Daylight","Head On",1,,,1324809.37,1647422.27
"2023-47583-19/09/2025","YONGALA","DC OF PETERBOROUGH",1,1,0,1,0,2023,"October","Sunday","03:10 pm",50,"Sealed","Dry","Not Raining","Daylight","Roll Over",1,"Y","Y",1349467.11,1880136.7
"2023-47588-19/09/2025","FOREST RANGE","THE ADELAIDE HILLS COUNCIL",2,1,0,1,0,2023,"October","Saturday","01:45 pm",80,"Sealed","Dry","Not Raining","Daylight","Hit Fixed Object",1,,,1347617.46,1669851.73
"2023-47591-19/09/2025","WILLIAM CREEK",,1,1,0,0,1,2023,"October","Sunday","05:30 pm",100,"Unsealed","Dry","Not Raining","Daylight","Roll Over",1,,,1131250.94,2341187.61
"2023-47593-19/09/2025","ETHELTON","CITY OF PORT ADELAIDE ENFIELD",3,1,0,0,1,2023,"October","Monday","08:01 am",50,"Sealed","Dry","Not Raining","Daylight","Hit Parked Vehicle",1,,,1318407.59,1679557.21
"2023-47594-19/09/2025","SALISBURY DOWNS","CITY OF SALISBURY",3,3,0,0,3,2023,"October","Monday","08:25 am",60,"Sealed","Dry","Not Raining","Daylight","Rear End",2,"Y",,1330869.29,1687277.28
"2023-47596-19/09/2025","ENFIELD","CITY OF PORT ADELAIDE ENFIELD",3,1,0,0,1,2023,"October","Monday","08:51 am",60,"Sealed","Dry","Not Raining","Daylight","Rear End",1,,,1328843.6,1677722.67
"2023-47598-19/09/2025","PORT GERMEIN","DC MT.REMARKABLE.",2,2,0,0,2,2023,"October","Monday","09:40 am",50,"Sealed","Dry","Not Raining","Daylight","Right Angle",1,,,1279418.99,1883395.89
"2023-47604-19/09/2025","THE RANGE","CITY OF ONKAPARINGA",3,1,0,1,0,2023,"October","Monday","11:15 am",80,"Sealed","Dry","Not Raining","Daylight","Hit Fixed Object",1,,,1328535.36,1633885.14
"2023-47610-19/09/2025","HAWTHORNDENE","CC MITCHAM.",2,1,0,0,1,2023,"October","Monday","02:25 pm",50,"Sealed","Dry","Not Raining","Daylight","Right Turn",2,,,1330282.44,1659621.87
"2023-47611-19/09/2025","CURRAMULKA","YORKE PENINSULA COUNCIL",1,2,0,0,2,2023,"October","Monday","02:20 pm",100,"Sealed","Dry","Not Raining","Daylight","Roll Over",1,,,1252030,1703655.93
"2023-47615-19/09/2025","PASADENA","CC MITCHAM.",3,1,0,0,1,2023,"October","Monday","04:45 pm",60,"Sealed","Dry","Not Raining","Daylight","Rear End",1,,,1327404.91,1662321.56
"2023-47623-19/09/2025","ADELAIDE","CITY OF ADELAIDE",2,1,0,0,1,2023,"October","Tuesday","06:05 am",50,"Sealed","Dry","Not Raining","Night","Hit Parked Vehicle",2,,,1328380.55,1670513.85
"2023-47626-19/09/2025","FULHAM","CITY OF WEST TORRENS",2,1,0,0,1,2023,"October","Tuesday","07:20 am",60,"Sealed","Dry","Not Raining","Daylight","Head On",2,,,1320967.72,1670907.46
"2023-47627-19/09/2025","VICTOR HARBOR","DC VICTOR HARBOR.",3,4,0,2,2,2023,"October","Tuesday","01:35 am",60,"Sealed","Dry","Not Raining","Night","Right Angle",1,"Y","Y",1328086.29,1601415.55
"2023-47630-19/09/2025","KINGSCOTE","KANGAROO ISLAND COUNCIL",1,1,0,0,1,2023,"October","Sunday","05:05 pm",100,"Unsealed","Dry","Not Raining","Daylight","Roll Over",1,,,1236032.63,1592916.64
"2023-47633-19/09/2025","MCCRACKEN","DC VICTOR HARBOR.",2,3,0,0,3,2023,"October","Tuesday","08:47 am",60,"Sealed","Dry","Not Raining","Daylight","Right Angle",2,,,1329166.97,1602348.58
"2023-47634-19/09/2025","PAYNEHAM","CC OF NORWOOD,PAYNEHAM & ST PETERS",2,1,0,0,1,2023,"October","Tuesday","09:25 am",60,"Sealed","Dry","Not Raining","Daylight","Right Angle",1,,,1332187.17,1673376.47
"2023-47636-19/09/2025","REID","LIGHT REGIONAL COUNCIL",2,1,0,0,1,2023,"October","Tuesday","10:03 am",110,"Sealed","Dry","Not Raining","Daylight","Right Angle",2,,,1341169.99,1705769.65
"2023-47640-19/09/2025","FULLARTON","CITY OF UNLEY",3,1,0,0,1,2023,"October","Monday","05:50 pm",60,"Sealed","Dry","Not Raining","Daylight","Rear End",1,,,1330926.51,1668150.67
"2023-47643-19/09/2025","SEATON","CITY OF CHARLES STURT",2,1,0,0,1,2023,"October","Tuesday","01:00 pm",60,"Sealed","Dry","Not Raining","Daylight","Hit Fixed Object",1,,,1320753.68,1674656.8
"2023-47646-19/09/2025","MEDINDIE","WALKERVILLE TOWN COUNCIL",2,1,0,1,0,2023,"October","Tuesday","01:15 pm",60,"Sealed","Dry","Not Raining","Daylight","Right Angle",1,,,1329459.65,1673964.96
"2023-47648-19/09/2025","TRANMERE","CC CAMPBELLTOWN.",2,1,0,0,1,2023,"October","Thursday","04:00 pm",50,"Sealed","Dry","Not Raining","Daylight","Side Swipe",2,,,1334626.83,1673446.77
"2023-47650-19/09/2025","ADELAIDE","CITY OF ADELAIDE",1,1,0,0,1,2023,"July","Tuesday","08:15 am",50,"Sealed","Wet","Raining","Daylight","Roll Over",9,,,1327899.2,1670340.01
"2023-47654-19/09/2025","ADELAIDE","CITY OF ADELAIDE",2,1,0,1,0,2023,"October","Tuesday","05:05 pm",50,"Sealed","Dry","Not Raining","Daylight","Right Turn",2,,,1327930.12,1670340.86
"2023-47656-19/09/2025","WILD HORSE PLAINS","DC MALLALA.",2,1,0,0,1,2023,"October","Tuesday","06:00 pm",110,"Sealed","Dry","Not Raining","Daylight","Hit Fixed Object",1,,,1302381.92,1733808.89
"2023-47657-19/09/2025","ADELAIDE","CITY OF ADELAIDE",3,1,0,1,0,2023,"October","Tuesday","08:25 pm",60,"Sealed","Dry","Not Raining","Night","Rear End",1,,,1327420.34,1669139.89
"2023-47658-19/09/2025","HOUGHTON","CITY OF TEA TREE GULLY",1,1,0,0,1,2023,"October","Tuesday","02:40 pm",80,"Sealed","Dry","Not Raining","Daylight","Roll Over",1,,,1342925.49,1681728.04
"2023-47659-19/09/2025","WAYVILLE","CITY OF UNLEY",2,1,0,1,0,2023,"October","Tuesday","08:50 pm",60,"Sealed","Dry","Not Raining","Night","Hit Fixed Object",1,,,1326865.31,1668904.7
"2023-47667-19/09/2025","WARRADALE","CC MARION.",2,1,0,0,1,2023,"October","Wednesday","06:40 am",60,"Sealed","Dry","Not Raining","Daylight","Hit Fixed Object",1,,"Y",1322742.53,1661754.18
"2023-47673-19/09/2025","ADELAIDE","CITY OF ADELAIDE",2,1,0,0,1,2023,"October","Wednesday","09:34 am",50,"Sealed","Dry","Not Raining","Daylight","Side Swipe",1,,,1328967.1,1670685.04
"2023-47675-19/09/2025","WILLASTON","CT GAWLER.",3,1,0,0,1,2023,"October","Wednesday","10:10 am",50,"Sealed","Dry","Not Raining","Daylight","Rear End",2,,,1342559.54,1708028.22
"2023-47678-19/09/2025","HUNTFIELD HEIGHTS","CITY OF ONKAPARINGA",2,1,0,0,1,2023,"October","Wednesday","12:10 pm",60,"Sealed","Dry","Not Raining","Daylight","Hit Pedestrian",1,,,1320882.43,1646368.02
"2023-47679-19/09/2025","MODBURY","CITY OF TEA TREE GULLY",2,1,0,0,1,2023,"October","Wednesday","11:50 am",60,"Sealed","Dry","Not Raining","Daylight","Side Swipe",2,,,1336395.9,1680602.76
"2023-47683-19/09/2025","CHELTENHAM","CITY OF CHARLES STURT",2,1,0,0,1,2023,"October","Wednesday","02:15 pm",60,"Sealed","Dry","Not Raining","Daylight","Hit Fixed Object",1,,,1322202.19,1677065.27
"2023-47684-19/09/2025","CLARE","CLARE AND GILBERT VALLEYS DISTRICT COUNCIL",2,2,0,0,2,2023,"October","Wednesday","01:55 pm",80,"Sealed","Dry","Not Raining","Daylight","Hit Fixed Object",1,,,1333972.72,1792744.34
"2023-47688-19/09/2025","TOTNESS","DC MT.BARKER.",2,1,0,0,1,2023,"October","Wednesday","03:00 pm",60,"Sealed","Dry","Not Raining","Daylight","Rear End",2,,,1350988.05,1655305.02
"2023-47691-19/09/2025","CAREY GULLY","THE ADELAIDE HILLS COUNCIL",2,1,0,0,1,2023,"October","Wednesday","04:41 pm",80,"Sealed","Dry","Not Raining","Daylight","Head On",2,,,1342501.69,1666080.77
"2023-47693-19/09/2025","TWO WELLS","DC MALLALA.",3,1,0,0,1,2023,"October","Wednesday","05:00 pm",110,"Sealed","Dry","Not Raining","Daylight","Head On",2,,,1322639.71,1704203.71
"2023-47695-19/09/2025","SALISBURY EAST","CITY OF SALISBURY",2,2,0,0,2,2023,"October","Wednesday","04:00 pm",60,"Sealed","Dry","Not Raining","Daylight","Right Turn",1,,,1334189.82,1684652.72
"2023-47697-19/09/2025","PROSPECT","CITY OF PROSPECT",2,1,0,0,1,2023,"October","Wednesday","06:23 pm",60,"Sealed","Dry","Not Raining","Daylight","Right Angle",1,,,1327267.92,1675131.04
"2023-47699-19/09/2025","HAPPY VALLEY","CITY OF ONKAPARINGA",2,1,0,0,1,2023,"October","Wednesday","07:55 pm",80,"Sealed","Dry","Not Raining","Night","Right Angle",1,,,1323035.19,1653569.3
"2023-47702-19/09/2025","STEPNEY","CC OF NORWOOD,PAYNEHAM & ST PETERS",2,1,0,0,1,2023,"October","Wednesday","09:00 pm",60,"Sealed","Dry","Not Raining","Night","Right Turn",1,,,1331410.34,1671738.59
"2023-47708-19/09/2025","ENFIELD","CITY OF PORT ADELAIDE ENFIELD",2,1,0,0,1,2023,"October","Thursday","09:03 am",60,"Sealed","Dry","Not Raining","Daylight","Hit Fixed Object",1,,,1328813.25,1678930.17
"2023-47710-19/09/2025","HAZELWOOD PARK","CITY OF BURNSIDE",4,1,0,0,1,2023,"October","Thursday","09:25 am",50,"Sealed","Dry","Not Raining","Daylight","Right Angle",2,,,1333158.61,1668388.11
"2023-47714-19/09/2025","WARRADALE","CC MARION.",2,1,0,0,1,2023,"October","Thursday","11:15 am",60,"Sealed","Dry","Not Raining","Daylight","Right Angle",2,,,1322316.33,1660595.77
"2023-47715-19/09/2025","CUMBERLAND PARK","CC MITCHAM.",2,1,0,0,1,2023,"October","Thursday","11:24 am",50,"Sealed","Dry","Not Raining","Daylight","Side Swipe",1,"Y",,1326714.22,1665126.05
"2023-47716-19/09/2025","CLEARVIEW","CITY OF PORT ADELAIDE ENFIELD",2,1,0,0,1,2023,"October","Wednesday","08:30 am",60,"Sealed","Dry","Not Raining","Daylight","Right Turn",2,,,1330423.33,1677117.01
"2023-47721-19/09/2025","MOUNT BARKER","DC MT.BARKER.",2,1,0,0,1,2023,"October","Wednesday","12:00 pm",60,"Sealed","Dry","Not Raining","Daylight","Side Swipe",2,,,1351004.99,1653099.53
"2023-47722-19/09/2025","NORWOOD","CC OF NORWOOD,PAYNEHAM & ST PETERS",2,1,0,0,1,2023,"October","Thursday","03:00 pm",40,"Sealed","Dry","Not Raining","Daylight","Hit Pedestrian",1,,,1331851.33,1671176.12
"2023-47725-19/09/2025","SNOWTOWN","WAKEFIELD REGIONAL COUNCIL",2,1,0,0,1,2023,"October","Thursday","10:15 am",110,"Sealed","Dry","Not Raining","Daylight","Hit Object on Road",1,,"Y",1296493.21,1797408.58
"2023-47729-19/09/2025","HUNTFIELD HEIGHTS","CITY OF ONKAPARINGA",1,1,0,1,0,2023,"October","Thursday","02:35 pm",60,"Sealed","Dry","Not Raining","Daylight","Roll Over",9,,,1319717.33,1646335.35
"2023-47734-19/09/2025","PORT LINCOLN","CC PT.LINCOLN.",2,1,0,1,0,2023,"October","Thursday","03:42 pm",50,"Sealed","Dry","Not Raining","Daylight","Hit Pedestrian",1,,,1078786.28,1698272.82
"2023-47740-19/09/2025","PARA HILLS WEST","CITY OF SALISBURY",2,1,0,0,1,2023,"October","Thursday","05:40 pm",60,"Sealed","Dry","Not Raining","Daylight","Rear End",2,"Y",,1333926.53,1684306.23
"2023-47741-19/09/2025","HALLETT","REGIONAL COUNCIL OF GOYDER",1,2,0,0,2,2023,"October","Thursday","04:50 pm",110,"Sealed","Dry","Not Raining","Daylight","Roll Over",1,,"Y",1354636.23,1844206.36
"2023-47755-19/09/2025","GLENELG EAST","CITY OF HOLDFAST BAY",2,1,0,0,1,2023,"October","Friday","08:29 am",60,"Sealed","Dry","Not Raining","Daylight","Side Swipe",1,,,1321233.93,1664224.02
"2023-47759-19/09/2025","CLOVELLY PARK","CC MARION.",3,2,0,0,2,2023,"October","Wednesday","04:00 pm",50,"Sealed","Dry","Not Raining","Daylight","Rear End",2,,,1325259.2,1662938.59
"2023-47760-19/09/2025","ADELAIDE","CITY OF ADELAIDE",2,1,0,0,1,2023,"October","Friday","08:45 am",50,"Sealed","Dry","Not Raining","Daylight","Side Swipe",1,,,1328364.85,1670354.03
"2023-47767-19/09/2025","TINTINARA","COORONG DISTRICT COUNCIL",1,1,0,1,0,2023,"October","Monday","05:30 pm",80,"Unsealed","Dry","Not Raining","Daylight","Roll Over",1,,,1459307.68,1571491.62
"2023-47771-19/09/2025","SALISBURY PLAIN","CITY OF SALISBURY",2,1,0,0,1,2023,"October","Friday","12:48 pm",80,"Sealed","Dry","Not Raining","Daylight","Right Angle",2,,,1334718.19,1687196.62
"2023-47779-19/09/2025","MOUNT BARKER","DC MT.BARKER.",2,1,0,0,1,2023,"October","Friday","04:00 pm",60,"Sealed","Dry","Not Raining","Daylight","Right Turn",1,,,1351314.75,1654262.86
"2023-47785-19/09/2025","MILE END","CITY OF WEST TORRENS",2,1,0,0,1,2023,"October","Friday","04:38 pm",60,"Sealed","Dry","Not Raining","Daylight","Right Turn",2,,,1326625.83,1670971.97
"2023-47787-19/09/2025","OSBORNE","CITY OF PORT ADELAIDE ENFIELD",3,1,0,0,1,2023,"October","Friday","04:50 pm",50,"Sealed","Dry","Not Raining","Daylight","Hit Fixed Object",1,,,1320697.72,1687260.48
"2023-47792-19/09/2025","ADELAIDE","CITY OF ADELAIDE",1,1,0,1,0,2023,"October","Friday","06:55 pm",20,"Unsealed","Dry","Not Raining","Daylight","Roll Over",1,,,1328755.63,1671600.41
"2023-47794-19/09/2025","PARAFIELD GARDENS","CITY OF SALISBURY",3,2,0,0,2,2023,"October","Friday","07:35 pm",60,"Sealed","Dry","Not Raining","Daylight","Hit Fixed Object",1,,,1331025.51,1686277.4
"2023-47800-19/09/2025","MYRTLE BANK","CITY OF UNLEY",3,1,0,1,0,2023,"October","Saturday","07:03 am",60,"Sealed","Dry","Not Raining","Daylight","Rear End",1,,,1331994.69,1666967.72
"2023-47804-19/09/2025","ECHUNGA","DC MT.BARKER.",2,1,0,0,1,2023,"October","Saturday","09:45 am",80,"Unsealed","Dry","Not Raining","Daylight","Head On",1,,,1348232.38,1650609.32
"2023-47807-19/09/2025","HOVE","CITY OF HOLDFAST BAY",2,2,0,0,2,2023,"October","Friday","10:59 am",60,"Sealed","Dry","Not Raining","Daylight","Rear End",2,,,1321134.27,1661110.9
"2023-47813-19/09/2025","LARGS BAY","CITY OF PORT ADELAIDE ENFIELD",2,1,0,1,0,2023,"October","Saturday","09:00 am",60,"Sealed","Unknown","Unknown","Daylight","Hit Fixed Object",1,,,1318654.11,1682427.04
"2023-47817-19/09/2025","STURT","CC MARION.",2,1,0,0,1,2023,"October","Saturday","12:40 pm",60,"Sealed","Dry","Not Raining","Daylight","Rear End",1,,,1324098.26,1660660.72
"2023-47818-19/09/2025","WOKURNA","BARUNGA WEST DISTRICT COUNCIL",1,2,0,0,2,2023,"October","Saturday","12:35 pm",100,"Sealed","Dry","Not Raining","Daylight","Roll Over",1,,,1274196.26,1810628.1
"2023-47820-19/09/2025","ENFIELD","CITY OF PORT ADELAIDE ENFIELD",2,1,0,0,1,2023,"October","Saturday","08:40 am",60,"Sealed","Dry","Not Raining","Daylight","Right Angle",2,,,1328840.03,1677862.04
"2023-47825-19/09/2025","GILLES PLAINS","CITY OF PORT ADELAIDE ENFIELD",3,1,0,0,1,2023,"October","Saturday","03:10 pm",60,"Sealed","Dry","Not Raining","Daylight","Rear End",1,,,1334008.15,1678227.82
"2023-47833-19/09/2025","CRAIGMORE","CITY OF PLAYFORD.",2,1,0,1,0,2023,"October","Saturday","06:45 pm",60,"Sealed","Dry","Not Raining","Daylight","Right Angle",2,"Y",,1338757.97,1695139.46
"2023-47843-19/09/2025","DELAMERE","DC YANKALILLA.",2,2,0,0,2,2023,"October","Sunday","05:45 am",100,"Sealed","Dry","Not Raining","Night","Hit Fixed Object",1,"Y",,1290513.35,1601146.57
"2023-47844-19/09/2025","KLEMZIG","CITY OF PORT ADELAIDE ENFIELD",2,1,0,0,1,2023,"October","Saturday","12:20 pm",60,"Sealed","Dry","Not Raining","Daylight","Rear End",2,,,1331708.68,1676196.76
"2023-47847-19/09/2025","INGLE FARM","CITY OF SALISBURY",2,1,0,0,1,2023,"October","Saturday","06:40 pm",50,"Sealed","Dry","Not Raining","Daylight","Hit Object on Road",1,,,1333821.18,1682274.25
"2023-47848-19/09/2025","MONARTO SOUTH","RC MURRAY BRIDGE.",2,2,0,0,2,2023,"October","Sunday","12:12 pm",100,"Sealed","Dry","Not Raining","Daylight","Right Angle",2,,,1375952.72,1647660.43
"2023-47850-19/09/2025","BROOKLYN PARK","CITY OF WEST TORRENS",3,1,0,0,1,2023,"October","Sunday","01:43 pm",60,"Sealed","Dry","Not Raining","Daylight","Rear End",1,,,1323547.55,1670109.19
"2023-47852-19/09/2025","SELLICKS HILL","CITY OF ONKAPARINGA",2,1,0,0,1,2023,"October","Sunday","02:19 pm",90,"Sealed","Dry","Not Raining","Daylight","Right Turn",2,,,1315545.68,1629931.13
"2023-47853-19/09/2025","MOUNT CRAWFORD","THE BAROSSA COUNCIL.",2,1,0,1,0,2023,"October","Sunday","01:30 pm",100,"Sealed","Dry","Not Raining","Daylight","Hit Fixed Object",1,,,1365801.59,1695157.53
"2023-47854-19/09/2025","PARADISE","CC CAMPBELLTOWN.",2,1,0,0,1,2023,"October","Sunday","04:25 pm",60,"Sealed","Dry","Not Raining","Daylight","Right Angle",1,,,1335762.23,1675929.81
"2023-47860-19/09/2025","MURRAY BRIDGE NORTH","RC MURRAY BRIDGE.",2,3,0,1,2,2023,"October","Monday","07:25 am",100,"Sealed","Dry","Not Raining","Daylight","Hit Fixed Object",1,,,1387386.4,1649765.14
"2023-47872-19/09/2025","CHRISTIES BEACH","CITY OF ONKAPARINGA",1,1,0,0,1,2023,"October","Monday","11:45 am",50,"Sealed","Dry","Not Raining","Daylight","Roll Over",1,,,1315924.86,1647335.53
"2023-47883-19/09/2025","SUTTONTOWN","DISTRICT COUNCIL OF GRANT",2,1,0,1,0,2023,"October","Monday","04:45 pm",110,"Sealed","Wet","Raining","Daylight","Hit Fixed Object",1,,,1511399.19,1345242.42
"2023-47886-19/09/2025","CHANDLERS HILL","CITY OF ONKAPARINGA",2,1,0,0,1,2023,"October","Monday","04:15 pm",60,"Sealed","Dry","Not Raining","Daylight","Rear End",2,,,1328795.87,1652854.18
"2023-47887-19/09/2025","IRONBANK","THE ADELAIDE HILLS COUNCIL",2,1,0,0,1,2023,"October","Monday","04:48 pm",60,"Sealed","Dry","Not Raining","Daylight","Head On",1,,,1336628.67,1656780.09
"2023-47890-19/09/2025","PROSPECT","CITY OF PROSPECT",2,1,0,0,1,2023,"October","Monday","03:20 pm",60,"Sealed","Dry","Not Raining","Daylight","Rear End",2,,,1328882.05,1676133.05
"2023-47891-19/09/2025","GAWLER EAST","CT GAWLER.",2,1,0,1,0,2023,"October","Monday","05:28 pm",80,"Sealed","Dry","Not Raining","Daylight","Rear End",1,,,1345110.78,1706705.48
"2023-47896-19/09/2025","WEST HINDMARSH","CITY OF CHARLES STURT",2,1,0,0,1,2023,"October","Monday","04:20 pm",60,"Sealed","Dry","Not Raining","Daylight","Rear End",2,,,1325423.2,1673149.42
"2023-47905-19/09/2025","ADELAIDE","CITY OF ADELAIDE",3,1,0,0,1,2023,"October","Tuesday","03:27 pm",60,"Sealed","Dry","Not Raining","Daylight","Rear End",1,,,1327377.74,1670639.77
"2023-47911-19/09/2025","RENOWN PARK","CITY OF CHARLES STURT",3,1,0,0,1,2023,"October","Tuesday","08:35 am",60,"Sealed","Dry","Not Raining","Daylight","Hit Pedestrian",1,,,1326571.91,1674375
"2023-47921-19/09/2025","CEDUNA","DC CEDUNA",1,1,0,1,0,2023,"November","Wednesday","06:36 am",60,"Sealed","Dry","Not Raining","Daylight","Roll Over",1,,,875389.55,1985291.66
"2023-47924-19/09/2025","EVERARD CENTRAL","WAKEFIELD REGIONAL COUNCIL",3,5,3,2,0,2023,"October","Tuesday","05:20 pm",100,"Sealed","Dry","Not Raining","Daylight","Right Angle",1,,,1302207.85,1784998.24
"2023-47927-19/09/2025","DERNANCOURT","CITY OF TEA TREE GULLY",2,1,0,0,1,2023,"November","Wednesday","07:05 am",60,"Sealed","Dry","Not Raining","Daylight","Side Swipe",1,,,1336298.04,1677523.09
"2023-47928-19/09/2025","RIDLEYTON","CITY OF CHARLES STURT",5,1,0,0,1,2023,"October","Tuesday","06:45 am",80,"Sealed","Dry","Not Raining","Daylight","Rear End",2,,,1325705.65,1674214.65
"2023-47936-19/09/2025","WALKERVILLE","WALKERVILLE TOWN COUNCIL",2,1,0,0,1,2023,"November","Wednesday","08:45 am",60,"Sealed","Dry","Not Raining","Daylight","Rear End",2,,,1330237.19,1674995.03
"2023-47937-19/09/2025","VICTOR HARBOR","DC VICTOR HARBOR.",2,1,0,0,1,2023,"November","Wednesday","09:08 am",60,"Sealed","Dry","Not Raining","Daylight","Hit Pedestrian",2,,,1326273.87,1600749.23
"2023-47943-19/09/2025","GLENELG","CITY OF HOLDFAST BAY",1,1,0,1,0,2023,"November","Wednesday","09:53 am",50,"Sealed","Dry","Not Raining","Daylight","Roll Over",1,,,1320487.03,1665086.41
"2023-47948-19/09/2025","WESTBOURNE PARK","CC MITCHAM.",2,2,0,0,2,2023,"October","Tuesday","06:00 pm",60,"Sealed","Dry","Not Raining","Daylight","Rear End",1,,,1327532.14,1665373.35
"2023-47949-19/09/2025","CAMPBELLTOWN","CC CAMPBELLTOWN.",2,1,0,0,1,2023,"October","Tuesday","04:00 pm",50,"Sealed","Dry","Not Raining","Daylight","Right Angle",2,,,1333951.57,1675253.3
"2023-47954-19/09/2025","ADELAIDE","CITY OF ADELAIDE",2,1,0,0,1,2023,"November","Wednesday","01:03 pm",50,"Sealed","Dry","Not Raining","Daylight","Hit Pedestrian",1,,,1328300.47,1671127.2
"2023-47959-19/09/2025","KILBURN","CITY OF PORT ADELAIDE ENFIELD",2,1,0,0,1,2023,"October","Tuesday","04:50 pm",50,"Sealed","Dry","Not Raining","Daylight","Hit Pedestrian",2,,,1328015.79,1678315.09
"2023-47964-19/09/2025","SALISBURY PARK","CITY OF SALISBURY",2,1,0,0,1,2023,"November","Wednesday","02:10 pm",50,"Sealed","Dry","Not Raining","Daylight","Hit Fixed Object",1,,,1335194.68,1689033.07
"2023-47965-19/09/2025","WINDSOR GARDENS","CITY OF PORT ADELAIDE ENFIELD",3,1,0,0,1,2023,"November","Wednesday","03:10 pm",60,"Sealed","Dry","Not Raining","Daylight","Rear End",1,,,1333499.08,1677811.55
"2023-47967-19/09/2025","HALBURY","WAKEFIELD REGIONAL COUNCIL",2,3,0,0,3,2023,"November","Wednesday","02:25 pm",80,"Unsealed","Dry","Not Raining","Daylight","Rear End",2,,,1323737.69,1763375.55
"2023-47968-19/09/2025","MITCHELLVILLE","DC FRANKLIN HARBOR.",1,1,0,0,1,2023,"October","Tuesday","05:13 pm",100,"Unsealed","Dry","Not Raining","Daylight","Roll Over",1,"Y",,1192864.2,1820219.1
"2023-47978-19/09/2025","LOXTON","LOXTON WAIKERIE DISTRICT COUNCIL",2,2,0,0,2,2023,"October","Tuesday","05:15 pm",100,"Sealed","Dry","Not Raining","Daylight","Hit Fixed Object",1,,,1515552.48,1712018.21
"2023-47982-19/09/2025","GILLES PLAINS","CITY OF PORT ADELAIDE ENFIELD",2,1,0,0,1,2023,"November","Wednesday","05:45 pm",60,"Sealed","Dry","Not Raining","Daylight","Rear End",2,,,1333635.76,1678283.55
"2023-47983-19/09/2025","ADELAIDE","CITY OF ADELAIDE",2,1,0,1,0,2023,"November","Wednesday","05:55 pm",40,"Sealed","Dry","Not Raining","Daylight","Side Swipe",1,,,1330062.53,1670396.3
"2023-47986-19/09/2025","WAROOKA","YORKE PENINSULA COUNCIL",1,1,0,0,1,2023,"October","Sunday","03:00 pm",100,"Unsealed","Dry","Not Raining","Daylight","Roll Over",1,,,1215870.03,1652559.55
"2023-47991-19/09/2025","MANNUM","MID MURRAY DISTRICT COUNCIL",2,1,0,0,1,2023,"October","Tuesday","03:45 pm",50,"Sealed","Dry","Not Raining","Daylight","Right Angle",2,,,1392654.23,1669524.59
"2023-47993-19/09/2025","CHAIN OF PONDS","THE ADELAIDE HILLS COUNCIL",2,1,0,1,0,2023,"November","Wednesday","11:10 pm",100,"Sealed","Dry","Not Raining","Night","Hit Fixed Object",1,,,1350417.07,1682531.82
"2023-47998-19/09/2025","KAPUNDA","LIGHT REGIONAL COUNCIL",2,1,0,0,1,2023,"November","Wednesday","10:00 pm",100,"Sealed","Dry","Not Raining","Night","Hit Animal",2,,,1358195.16,1735670.5