"REPORT_ID","Suburb","LGA Name","Total Units","Total Cas","Total Fats","Total SI","Total MI","Year","Month","Day","Time","Area Speed","Road Surface","Moisture Cond","Weather Cond","DayNight","Crash Type","Unit Resp","DUI Involved","Drugs Involved","ACCLOC_X","ACCLOC_Y"
"2023-48001-19/09/2025","GEPPS CROSS","CITY OF PORT ADELAIDE ENFIELD",2,1,0,0,1,2023,"November","Thursday","07:50 am",60,"Sealed","Dry","Not Raining","Daylight","Side Swipe",2,,,1329124.07,1679273
"2023-48008-19/09/2025","CUMMINS","DC LOWER EYRE PENINSULA",2,1,0,0,1,2023,"November","Thursday","12:25 pm",110,"Sealed","Dry","Not Raining","Daylight","Rear End",2,,,1065409.49,1738798.03
"2023-48009-19/09/2025","ST MARYS","CC MITCHAM.",3,1,0,0,1,2023,"November","Thursday","01:15 pm",60,"Sealed","Dry","Not Raining","Daylight","Hit Fixed Object",1,,,1326615.52,1663325.11
"2023-48010-19/09/2025","PARA HILLS","CITY OF SALISBURY",2,1,0,0,1,2023,"November","Thursday","12:30 pm",60,"Sealed","Dry","Not Raining","Daylight","Right Angle",1,,,1332858.9,1682957.26
"2023-48016-19/09/2025","BEAUFORT","WAKEFIELD REGIONAL COUNCIL",2,1,0,1,0,2023,"November","Thursday","03:00 pm",40,"Sealed","Dry","Not Raining","Daylight","Rear End",2,,,1294235.39,1763834.72
"2023-48028-19/09/2025","SEDAN","MID MURRAY DISTRICT COUNCIL",1,1,0,0,1,2023,"October","Tuesday","05:10 am",100,"Unsealed","Dry","Not Raining","Night","Roll Over",1,,,1390704.59,1703440.29
"2023-48031-19/09/2025","FLINDERS PARK","CITY OF CHARLES STURT",2,1,0,0,1,2023,"November","Thursday","11:44 pm",50,"Sealed","Dry","Not Raining","Night","Hit Fixed Object",1,"Y",,1324063.14,1672527.01
"2023-48033-19/09/2025","DARLINGTON","CC MARION.",3,1,0,0,1,2023,"November","Friday","08:26 am",100,"Sealed","Dry","Not Raining","Daylight","Rear End",2,,,1324227.68,1658468.03
"2023-48036-19/09/2025","MAWSON LAKES","CITY OF SALISBURY",3,1,0,0,1,2023,"November","Friday","09:40 am",70,"Sealed","Dry","Not Raining","Daylight","Rear End",1,,,1329549.75,1684430.78
"2023-48039-19/09/2025","GLENELG","CITY OF HOLDFAST BAY",2,1,0,0,1,2023,"November","Friday","10:30 am",50,"Sealed","Dry","Not Raining","Daylight","Right Angle",1,,"Y",1320791.35,1665095.28
"2023-48045-19/09/2025","TORRENSVILLE","CITY OF WEST TORRENS",2,2,0,0,2,2023,"November","Friday","12:37 pm",50,"Sealed","Dry","Not Raining","Daylight","Right Angle",1,,,1325393.83,1671409.37
"2023-48059-19/09/2025","WANDILO","DISTRICT COUNCIL OF GRANT",2,2,0,0,2,2023,"November","Friday","04:50 pm",110,"Sealed","Dry","Not Raining","Daylight","Right Angle",2,,,1511582.95,1350193.74
"2023-48061-19/09/2025","ELIZABETH PARK","CITY OF PLAYFORD.",2,1,0,0,1,2023,"November","Friday","05:09 pm",60,"Sealed","Dry","Not Raining","Daylight","Hit Pedestrian",1,,,1337644.64,1694613.7
"2023-48066-19/09/2025","GILLES PLAINS","CITY OF TEA TREE GULLY",2,1,0,0,1,2023,"November","Friday","06:15 pm",60,"Sealed","Dry","Not Raining","Daylight","Roll Over",1,,,1334243.77,1679365.77
"2023-48067-19/09/2025","VALLEY VIEW","CITY OF PORT ADELAIDE ENFIELD",2,1,0,0,1,2023,"November","Friday","06:40 pm",60,"Sealed","Dry","Not Raining","Daylight","Hit Pedestrian",1,,,1334007.61,1679358.43
"2023-48074-19/09/2025","HOUGHTON","THE ADELAIDE HILLS COUNCIL",2,4,0,1,3,2023,"November","Saturday","12:29 am",80,"Sealed","Dry","Not Raining","Night","Head On",1,,,1344130.97,1681292.65
"2023-48076-19/09/2025","MYLOR","THE ADELAIDE HILLS COUNCIL",2,2,0,0,2,2023,"November","Saturday","07:50 am",80,"Sealed","Wet","Raining","Daylight","Hit Fixed Object",1,,,1343100.1,1658318.51
"2023-48079-19/09/2025","PORT ADELAIDE","CITY OF PORT ADELAIDE ENFIELD",2,1,0,0,1,2023,"November","Friday","11:00 am",60,"Sealed","Dry","Not Raining","Daylight","Rear End",2,,,1320559.49,1679085.62
"2023-48081-19/09/2025","BLAIR ATHOL","CITY OF PORT ADELAIDE ENFIELD",2,1,0,0,1,2023,"November","Saturday","10:48 am",50,"Sealed","Dry","Not Raining","Daylight","Hit Pedestrian",2,,,1328230.14,1677882.66
"2023-48089-19/09/2025","WEST BEACH","CITY OF WEST TORRENS",2,1,0,1,0,2023,"November","Saturday","12:45 pm",80,"Sealed","Dry","Not Raining","Daylight","Rear End",2,,,1320929.56,1668827.66
"2023-48093-19/09/2025","WOODVILLE PARK","CITY OF CHARLES STURT",2,1,0,0,1,2023,"November","Saturday","01:10 pm",60,"Sealed","Dry","Not Raining","Daylight","Rear End",1,,,1324091.08,1676324.41
"2023-48100-19/09/2025","WOODS POINT","RC MURRAY BRIDGE.",2,3,0,0,3,2023,"November","Saturday","10:15 am",100,"Sealed","Dry","Not Raining","Daylight","Hit Fixed Object",1,,,1395308.48,1637792.69
"2023-48103-19/09/2025","VALLEY VIEW","CITY OF PORT ADELAIDE ENFIELD",3,1,0,0,1,2023,"November","Saturday","08:00 pm",60,"Sealed","Dry","Not Raining","Night","Right Turn",1,,,1334550.17,1679386.94
"2023-48105-19/09/2025","WINGFIELD","CITY OF PORT ADELAIDE ENFIELD",2,1,0,0,1,2023,"October","Thursday","06:55 am",50,"Sealed","Dry","Not Raining","Daylight","Right Angle",2,,,1324297.73,1680382.31
"2023-48106-19/09/2025","CUMBERLAND PARK","CC MITCHAM.",2,1,0,1,0,2023,"November","Saturday","08:12 pm",60,"Sealed","Dry","Not Raining","Night","Right Turn",1,,,1326684.05,1666174.93
"2023-48117-19/09/2025","SALISBURY","CITY OF SALISBURY",3,1,0,1,0,2023,"November","Sunday","08:15 am",60,"Sealed","Dry","Not Raining","Daylight","Right Angle",1,"Y",,1332782.42,1688511.32
"2023-48120-19/09/2025","KESWICK","CITY OF WEST TORRENS",4,1,0,0,1,2023,"November","Saturday","05:30 pm",60,"Sealed","Dry","Not Raining","Daylight","Rear End",1,,,1325802.1,1668718.88
"2023-48125-19/09/2025","GURRA GURRA","DC RENMARK PARINGA",2,1,0,0,1,2023,"November","Sunday","12:11 pm",110,"Sealed","Dry","Not Raining","Daylight","Hit Fixed Object",1,,,1521228.26,1729586.23
"2023-48126-19/09/2025","NOARLUNGA DOWNS","CITY OF ONKAPARINGA",2,6,0,0,6,2023,"November","Sunday","12:45 pm",60,"Sealed","Dry","Not Raining","Daylight","Right Angle",1,,,1318141.08,1646799.61
"2023-48128-19/09/2025","EDWARDSTOWN","CC MARION.",2,2,0,0,2,2023,"November","Sunday","01:30 pm",60,"Sealed","Dry","Not Raining","Daylight","Right Angle",2,,,1325934.46,1664032.4
"2023-48131-19/09/2025","FLAXLEY","DC MT.BARKER.",4,1,0,1,0,2023,"November","Sunday","01:45 pm",80,"Sealed","Dry","Not Raining","Daylight","Head On",2,,,1347111.78,1647409.8
"2023-48132-19/09/2025","PROSPECT","CITY OF PROSPECT",2,1,0,0,1,2023,"November","Sunday","02:13 pm",60,"Sealed","Dry","Not Raining","Daylight","Rear End",2,,,1327241.53,1676403.39
"2023-48135-19/09/2025","CUDLEE CREEK","THE ADELAIDE HILLS COUNCIL",2,3,1,0,2,2023,"November","Sunday","02:35 pm",80,"Sealed","Dry","Not Raining","Daylight","Head On",1,,,1350367.58,1678687.99
"2023-48136-19/09/2025","O'HALLORAN HILL","CC MARION.",2,1,0,0,1,2023,"November","Sunday","04:58 pm",80,"Sealed","Dry","Not Raining","Daylight","Rear End",1,,,1323385.33,1657325.5
"2023-48143-19/09/2025","CUDLEE CREEK","THE ADELAIDE HILLS COUNCIL",2,1,0,0,1,2023,"November","Sunday","02:20 pm",80,"Sealed","Dry","Not Raining","Daylight","Hit Fixed Object",1,,,1348017.72,1679383.23
"2023-48145-19/09/2025","ELIZABETH EAST","CITY OF PLAYFORD.",2,1,0,1,0,2023,"November","Sunday","10:20 pm",80,"Sealed","Dry","Not Raining","Night","Right Angle",2,,,1336116.87,1691543.64
"2023-48148-19/09/2025","HOPE VALLEY","CITY OF TEA TREE GULLY",2,1,0,0,1,2023,"November","Monday","06:51 am",60,"Sealed","Dry","Not Raining","Daylight","Right Turn",1,,,1337377.5,1679470.92
"2023-48159-19/09/2025","WOODVILLE WEST","CITY OF CHARLES STURT",2,1,0,0,1,2023,"November","Monday","10:26 am",60,"Sealed","Dry","Not Raining","Daylight","Right Angle",2,,,1322384.15,1676196.65
"2023-48170-19/09/2025","ST PETERS","CC OF NORWOOD,PAYNEHAM & ST PETERS",2,1,0,1,0,2023,"November","Monday","02:25 pm",60,"Sealed","Dry","Not Raining","Daylight","Right Angle",1,,,1330804.41,1671987.18
"2023-48171-19/09/2025","COROMANDEL VALLEY","CC MITCHAM.",2,2,0,0,2,2023,"November","Monday","02:55 pm",60,"Sealed","Dry","Not Raining","Daylight","Head On",2,,,1330340.21,1658670.11
"2023-48181-19/09/2025","SALISBURY EAST","CITY OF SALISBURY",2,2,0,0,2,2023,"November","Monday","07:15 pm",60,"Sealed","Dry","Not Raining","Daylight","Right Turn",2,,,1333277.7,1685371.45
"2023-48185-19/09/2025","MOUNT BARKER","DC MT.BARKER.",2,1,0,1,0,2023,"November","Tuesday","01:34 am",80,"Sealed","Dry","Not Raining","Night","Hit Fixed Object",1,,,1354538.74,1654511.26
"2023-48189-19/09/2025","STURT","CC MARION.",5,1,0,0,1,2023,"November","Tuesday","08:30 am",60,"Sealed","Dry","Not Raining","Daylight","Right Turn",1,,,1324418.54,1660680
"2023-48190-19/09/2025","BELAIR","CC MITCHAM.",2,1,0,0,1,2023,"November","Tuesday","08:10 am",60,"Sealed","Dry","Not Raining","Daylight","Roll Over",1,,,1332292.98,1660647.16
"2023-48191-19/09/2025","GILLMAN","CITY OF PORT ADELAIDE ENFIELD",4,1,0,0,1,2023,"November","Tuesday","07:59 am",90,"Sealed","Dry","Not Raining","Daylight","Rear End",2,,,1322459.04,1680930.18
"2023-48195-19/09/2025","MAWSON LAKES","CITY OF SALISBURY",3,1,0,0,1,2023,"November","Tuesday","07:50 am",60,"Sealed","Dry","Not Raining","Daylight","Rear End",1,,,1330287.07,1684028.41
"2023-48206-19/09/2025","MUNNO PARA","CITY OF PLAYFORD.",2,1,0,0,1,2023,"November","Monday","05:00 pm",60,"Sealed","Dry","Not Raining","Daylight","Rear End",2,,,1336515.35,1698629.88
"2023-48208-19/09/2025","WEST HINDMARSH","CITY OF CHARLES STURT",2,1,0,0,1,2023,"November","Tuesday","01:04 pm",60,"Sealed","Dry","Not Raining","Daylight","Right Turn",1,,,1325421.27,1673141.18
"2023-48212-19/09/2025","GLENELG NORTH","CITY OF HOLDFAST BAY",2,1,0,0,1,2023,"November","Monday","05:15 pm",60,"Sealed","Dry","Not Raining","Daylight","Right Turn",2,,,1321568.72,1665321.67
"2023-48214-19/09/2025","SALISBURY PLAIN","CITY OF SALISBURY",2,1,0,0,1,2023,"November","Tuesday","02:10 pm",80,"Sealed","Dry","Not Raining","Daylight","Right Angle",2,,,1334910.64,1687473.34
"2023-48215-19/09/2025","PARAFIELD GARDENS","CITY OF SALISBURY",2,1,0,0,1,2023,"November","Tuesday","02:45 pm",60,"Sealed","Dry","Not Raining","Daylight","Hit Fixed Object",1,,,1330655.52,1685810.13
"2023-48216-19/09/2025","PARA HILLS WEST","CITY OF SALISBURY",2,1,0,0,1,2023,"November","Tuesday","03:15 pm",50,"Sealed","Dry","Not Raining","Daylight","Rear End",2,,,1333137.94,1683936.36
"2023-48218-19/09/2025","MOUNT BARKER","DC MT.BARKER.",3,1,0,0,1,2023,"November","Tuesday","03:35 pm",60,"Sealed","Dry","Not Raining","Daylight","Rear End",1,,,1351601.22,1653348.35
"2023-48222-19/09/2025","URAIDLA","THE ADELAIDE HILLS COUNCIL",2,1,0,0,1,2023,"November","Tuesday","04:00 pm",50,"Sealed","Dry","Not Raining","Daylight","Right Angle",1,,,1341637.2,1666799.72
"2023-48225-19/09/2025","BROOKLYN PARK","CITY OF WEST TORRENS",2,1,0,0,1,2023,"November","Tuesday","04:45 pm",60,"Sealed","Dry","Not Raining","Daylight","Hit Pedestrian",1,,,1323325.22,1670575.17
"2023-48226-19/09/2025","GREENACRES","CITY OF PORT ADELAIDE ENFIELD",2,1,0,0,1,2023,"November","Tuesday","05:30 pm",60,"Sealed","Dry","Not Raining","Daylight","Right Angle",2,,,1330430.11,1677200.82
"2023-48228-19/09/2025","PARA VISTA","CITY OF SALISBURY",2,1,0,0,1,2023,"November","Tuesday","08:20 am",60,"Sealed","Dry","Not Raining","Daylight","Rear End",2,,,1334831.86,1681132.12
"2023-48233-19/09/2025","WATERLOO CORNER","CITY OF SALISBURY",2,2,0,0,2,2023,"November","Tuesday","07:50 pm",60,"Sealed","Dry","Not Raining","Daylight","Hit Fixed Object",1,,,1326282.01,1692715.74
"2023-48239-19/09/2025","HINDMARSH","CITY OF CHARLES STURT",2,1,0,0,1,2023,"November","Wednesday","07:50 am",60,"Sealed","Dry","Not Raining","Daylight","Right Angle",2,,,1325751.39,1673287.71
"2023-48242-19/09/2025","STONYFELL","CITY OF BURNSIDE",2,1,0,1,0,2023,"November","Wednesday","07:50 am",50,"Sealed","Dry","Not Raining","Daylight","Hit Fixed Object",1,,,1334723.41,1669822.29
"2023-48243-19/09/2025","VALLEY VIEW","CITY OF TEA TREE GULLY",2,1,0,0,1,2023,"November","Wednesday","07:18 am",60,"Sealed","Dry","Not Raining","Daylight","Right Angle",2,,,1335747.46,1679979.88
"2023-48246-19/09/2025","GLENELG EAST","CITY OF HOLDFAST BAY",2,2,0,0,2,2023,"November","Tuesday","09:15 pm",60,"Sealed","Dry","Not Raining","Night","Rear End",2,,,1322637.42,1665387.9
"2023-48247-19/09/2025","HAZELWOOD PARK","CITY OF BURNSIDE",2,1,0,0,1,2023,"November","Tuesday","03:30 pm",60,"Sealed","Dry","Not Raining","Daylight","Rear End",1,,,1333935.99,1669099.19
"2023-48251-19/09/2025","FLINDERS PARK","CITY OF CHARLES STURT",2,2,0,0,2,2023,"November","Wednesday","12:20 pm",60,"Sealed","Dry","Not Raining","Daylight","Rear End",2,,,1323667.72,1673152.85
"2023-48253-19/09/2025","GOOLWA","ALEXANDRINA COUNCIL",4,1,0,1,0,2023,"November","Wednesday","09:50 am",50,"Sealed","Dry","Not Raining","Daylight","Hit Pedestrian",1,,,1342811.89,1606356.24
"2023-48262-19/09/2025","CLARENDON","CITY OF ONKAPARINGA",2,1,0,0,1,2023,"November","Wednesday","03:31 pm",60,"Sealed","Dry","Not Raining","Daylight","Right Angle",2,,,1329749.43,1650279.52
"2023-48265-19/09/2025","HARTLEY","ALEXANDRINA COUNCIL",2,1,0,0,1,2023,"November","Wednesday","03:55 pm",100,"Sealed","Dry","Not Raining","Daylight","Rear End",1,,,1364199.11,1640854.58
"2023-48268-19/09/2025","GAWLER","CT GAWLER.",2,1,0,0,1,2023,"November","Wednesday","05:25 pm",50,"Sealed","Dry","Not Raining","Daylight","Side Swipe",2,,,1343362.18,1706260.76
"2023-48270-19/09/2025","ADELAIDE","CITY OF ADELAIDE",2,1,0,0,1,2023,"November","Wednesday","06:40 pm",50,"Sealed","Dry","Not Raining","Daylight","Side Swipe",2,,,1328278.67,1670182.11
"2023-48271-19/09/2025","MURRAY BRIDGE NORTH","RC MURRAY BRIDGE.",3,2,0,2,0,2023,"November","Wednesday","04:42 pm",100,"Sealed","Dry","Not Raining","Daylight","Right Angle",1,,,1387386.4,1649765.14
"2023-48273-19/09/2025","SALISBURY PLAIN","CITY OF SALISBURY",2,1,0,0,1,2023,"November","Wednesday","05:14 pm",50,"Sealed","Dry","Not Raining","Daylight","Hit Fixed Object",1,,,1334531.3,1688821.33
"2023-48274-19/09/2025","CROYDON PARK","CITY OF PORT ADELAIDE ENFIELD",2,1,0,0,1,2023,"November","Wednesday","06:45 pm",60,"Sealed","Dry","Not Raining","Daylight","Right Angle",2,,,1326049.77,1675555.55
"2023-48276-19/09/2025","CHARRA","DC CEDUNA",1,1,0,1,0,2023,"November","Wednesday","04:20 pm",100,"Unsealed","Dry","Not Raining","Daylight","Roll Over",1,,,849112.07,1993968.92
"2023-48286-19/09/2025","DERNANCOURT","CITY OF TEA TREE GULLY",2,1,0,0,1,2023,"November","Thursday","09:53 am",60,"Sealed","Dry","Not Raining","Daylight","Hit Fixed Object",1,,,1335211.79,1678045.28
"2023-48290-19/09/2025","MYPONGA BEACH","DC YANKALILLA.",1,1,0,0,1,2023,"November","Thursday","08:00 am",100,"Unsealed","Dry","Not Raining","Daylight","Left Road - Out of Control",1,,"Y",1308019.63,1621769
"2023-48294-19/09/2025","RIDGEHAVEN","CITY OF TEA TREE GULLY",2,1,0,0,1,2023,"November","Thursday","02:00 pm",60,"Sealed","Dry","Not Raining","Daylight","Hit Pedestrian",2,,,1337417.68,1681230.66
"2023-48295-19/09/2025","MODBURY HEIGHTS","CITY OF TEA TREE GULLY",2,1,0,0,1,2023,"November","Thursday","12:50 pm",80,"Sealed","Dry","Not Raining","Daylight","Rear End",2,,,1335924.91,1682499.49
"2023-48300-19/09/2025","ROSEWATER","CITY OF PORT ADELAIDE ENFIELD",2,1,0,0,1,2023,"November","Thursday","04:42 pm",60,"Sealed","Dry","Not Raining","Daylight","Right Angle",2,,,1321186.97,1679093.91
"2023-48305-19/09/2025","VIRGINIA","CITY OF PLAYFORD.",2,1,0,0,1,2023,"November","Tuesday","02:40 pm",80,"Sealed","Dry","Not Raining","Daylight","Rear End",1,,,1326421.71,1696569.21
"2023-48306-19/09/2025","SALISBURY","CITY OF SALISBURY",3,1,0,0,1,2023,"November","Thursday","05:05 pm",60,"Sealed","Dry","Not Raining","Daylight","Rear End",1,,,1332797.9,1688508.36
"2023-48318-19/09/2025","DAVEYSTON","LIGHT REGIONAL COUNCIL",3,2,0,1,1,2023,"November","Friday","06:50 am",110,"Sealed","Dry","Not Raining","Daylight","Rear End",2,,,1356405.32,1720275.42
"2023-48323-19/09/2025","SALISBURY EAST","CITY OF SALISBURY",2,1,0,0,1,2023,"November","Thursday","12:30 pm",60,"Sealed","Dry","Not Raining","Daylight","Rear End",2,,,1334187.12,1684637.49
"2023-48326-19/09/2025","HAWTHORNDENE","CC MITCHAM.",2,1,0,0,1,2023,"November","Friday","01:34 pm",50,"Sealed","Dry","Not Raining","Daylight","Hit Fixed Object",1,,,1330301.63,1659680.25
"2023-48327-19/09/2025","KENSINGTON PARK","CITY OF BURNSIDE",2,1,0,0,1,2023,"November","Thursday","04:00 pm",60,"Sealed","Dry","Not Raining","Daylight","Right Angle",2,,,1333879.5,1671121.63
"2023-48333-19/09/2025","PAYNEHAM","CC OF NORWOOD,PAYNEHAM & ST PETERS",2,1,0,0,1,2023,"November","Thursday","04:44 pm",60,"Sealed","Dry","Not Raining","Daylight","Rear End",2,,,1332726.2,1674043.43
"2023-48334-19/09/2025","MORPHETT VALE","CITY OF ONKAPARINGA",2,1,0,1,0,2023,"November","Friday","12:49 pm",60,"Sealed","Dry","Not Raining","Daylight","Hit Fixed Object",1,,"Y",1320801.79,1649045.01
"2023-48338-19/09/2025","FLAGSTAFF HILL","CITY OF ONKAPARINGA",2,1,0,0,1,2023,"November","Friday","01:34 pm",60,"Sealed","Dry","Not Raining","Daylight","Head On",2,,,1329454.81,1655922.09
"2023-48342-19/09/2025","PORT PIRIE SOUTH","PT.PIRIE CITY & DIST. COUNCIL",3,1,0,0,1,2023,"November","Friday","11:44 am",50,"Sealed","Dry","Not Raining","Daylight","Right Angle",1,,,1280024.85,1863481.62
"2023-48356-19/09/2025","SEMAPHORE PARK","CITY OF CHARLES STURT",1,1,0,1,0,2023,"November","Friday","08:30 pm",60,"Sealed","Dry","Not Raining","Night","Roll Over",1,,,1317676.48,1678363.54
"2023-48358-19/09/2025","HENLEY BEACH","CITY OF CHARLES STURT",2,1,0,0,1,2023,"November","Friday","08:30 pm",50,"Sealed","Dry","Not Raining","Night","Hit Parked Vehicle",1,,,1318794.88,1672112.13
"2023-48359-19/09/2025","MODBURY NORTH","CITY OF TEA TREE GULLY",3,1,0,0,1,2023,"November","Friday","09:30 pm",60,"Sealed","Dry","Not Raining","Night","Hit Pedestrian",1,,"Y",1335415.55,1682329.55
"2023-48367-19/09/2025","MUNNO PARA","CITY OF PLAYFORD.",2,1,0,1,0,2023,"November","Saturday","11:22 am",50,"Sealed","Dry","Not Raining","Daylight","Hit Parked Vehicle",1,,,1336600.73,1698753.91
"2023-48369-19/09/2025","TEPKO","RC MURRAY BRIDGE.",2,1,0,1,0,2023,"November","Saturday","10:00 am",100,"Sealed","Dry","Not Raining","Daylight","Hit Fixed Object",1,,,1386248.55,1660888.02
"2023-48376-19/09/2025","NETLEY","CITY OF WEST TORRENS",4,1,0,0,1,2023,"November","Saturday","04:44 pm",60,"Sealed","Dry","Not Raining","Daylight","Right Angle",2,,,1324190.24,1667987.7
"2023-48382-19/09/2025","MODBURY NORTH","CITY OF TEA TREE GULLY",2,4,0,0,4,2023,"November","Saturday","10:55 pm",60,"Sealed","Dry","Not Raining","Night","Right Turn",2,,,1336848.16,1681212.44
"2023-48386-19/09/2025","SEMAPHORE PARK","CITY OF CHARLES STURT",2,1,0,0,1,2023,"November","Sunday","05:35 am",50,"Sealed","Dry","Not Raining","Night","Hit Fixed Object",1,,,1318558.84,1678744.07
"2023-48387-19/09/2025","ADELAIDE","CITY OF ADELAIDE",2,3,0,2,1,2023,"November","Sunday","05:50 am",50,"Sealed","Dry","Not Raining","Night","Hit Fixed Object",1,"Y","Y",1328578.93,1669576.23
"2023-48391-19/09/2025","PORT ADELAIDE","CITY OF PORT ADELAIDE ENFIELD",3,1,0,0,1,2023,"November","Sunday","10:55 am",50,"Sealed","Dry","Not Raining","Daylight","Hit Pedestrian",1,,,1320314.22,1679395.95
"2023-48394-19/09/2025","MITCHELL PARK","CC MARION.",3,3,0,0,3,2023,"November","Sunday","01:40 pm",60,"Sealed","Dry","Not Raining","Daylight","Rear End",2,,,1324356.48,1662543.48
"2023-48400-19/09/2025","BUNDEY","REGIONAL COUNCIL OF GOYDER",1,1,0,1,0,2023,"November","Sunday","11:15 am",110,"Sealed","Dry","Not Raining","Daylight","Roll Over",1,,"Y",1397082.6,1789698.2
"2023-48407-19/09/2025","WINDSOR GARDENS","CITY OF PORT ADELAIDE ENFIELD",2,1,0,0,1,2023,"November","Sunday","06:50 pm",60,"Sealed","Dry","Not Raining","Daylight","Right Angle",2,"Y",,1332539.47,1676983.64
"2023-48408-19/09/2025","PARA HILLS","CITY OF SALISBURY",2,1,0,1,0,2023,"November","Sunday","08:25 pm",50,"Sealed","Dry","Not Raining","Night","Right Turn",1,,,1334169.41,1684264.99
"2023-48409-19/09/2025","ELIZABETH","CITY OF PLAYFORD.",2,1,1,0,0,2023,"November","Sunday","08:16 pm",60,"Sealed","Dry","Not Raining","Night","Right Angle",1,,"Y",1335527.65,1692968.78
"2023-48410-19/09/2025","GREENACRES","CITY OF PORT ADELAIDE ENFIELD",2,1,0,0,1,2023,"November","Sunday","08:31 pm",50,"Sealed","Dry","Not Raining","Night","Hit Fixed Object",1,,,1330947.34,1676673.85
"2023-48412-19/09/2025","REDWOOD PARK","CITY OF TEA TREE GULLY",2,1,0,0,1,2023,"November","Monday","06:26 am",70,"Sealed","Dry","Not Raining","Daylight","Right Angle",1,,,1337585,1682912.72
"2023-48415-19/09/2025","WINDSOR GARDENS","CITY OF PORT ADELAIDE ENFIELD",2,1,0,0,1,2023,"November","Monday","08:30 am",50,"Sealed","Dry","Not Raining","Daylight","Right Angle",2,,,1333392.75,1676604.59
"2023-48417-19/09/2025","PLYMPTON","CITY OF WEST TORRENS",3,1,0,0,1,2023,"November","Monday","07:15 am",60,"Sealed","Dry","Not Raining","Daylight","Rear End",1,,,1324240.69,1666434.69
"2023-48425-19/09/2025","SMITHFIELD","CITY OF PLAYFORD.",2,1,0,0,1,2023,"November","Thursday","01:30 pm",80,"Sealed","Dry","Not Raining","Daylight","Right Angle",2,,,1337612.7,1696654.75
"2023-48426-19/09/2025","ADELAIDE","CITY OF ADELAIDE",2,1,0,1,0,2023,"November","Monday","11:12 am",60,"Sealed","Dry","Not Raining","Daylight","Rear End",2,,,1327349.63,1671109.58
"2023-48427-19/09/2025","RIDLEYTON","CITY OF CHARLES STURT",3,3,0,0,3,2023,"November","Monday","12:15 pm",60,"Sealed","Dry","Not Raining","Daylight","Right Turn",1,,,1326317.87,1674576.99
"2023-48428-19/09/2025","PARA HILLS WEST","CITY OF SALISBURY",2,1,0,0,1,2023,"November","Friday","04:20 pm",80,"Sealed","Dry","Not Raining","Daylight","Rear End",2,,,1332873.49,1684830.54
"2023-48430-19/09/2025","RICHMOND","CITY OF WEST TORRENS",2,1,0,0,1,2023,"September","Wednesday","02:28 pm",60,"Sealed","Dry","Not Raining","Daylight","Rear End",2,,,1325788.51,1669529.47
"2023-48432-19/09/2025","FLINDERS PARK","CITY OF CHARLES STURT",3,1,0,0,1,2023,"November","Monday","04:00 pm",60,"Sealed","Dry","Not Raining","Daylight","Rear End",2,,,1324054.86,1673174.35
"2023-48435-19/09/2025","BOORS PLAIN","COPPER COAST DISTRICT COUNCIL",2,1,0,1,0,2023,"November","Monday","04:00 pm",100,"Unsealed","Wet","Raining","Daylight","Hit Animal",2,,"Y",1245747.13,1770853.17
"2023-48439-19/09/2025","KESWICK TERMINAL","CITY OF WEST TORRENS",2,1,0,0,1,2023,"November","Monday","04:30 pm",60,"Sealed","Dry","Not Raining","Daylight","Rear End",2,,,1326201.4,1670110.18
"2023-48451-19/09/2025","BERRI","THE BERRI BARMERA COUNCIL",2,1,0,0,1,2023,"November","Tuesday","08:40 am",50,"Sealed","Dry","Not Raining","Daylight","Right Angle",2,,,1515526.4,1734658.83
"2023-48456-19/09/2025","STIRLING NORTH","CC PT.AUGUSTA.",3,1,0,1,0,2023,"November","Tuesday","09:47 am",25,"Sealed","Dry","Not Raining","Daylight","Hit Fixed Object",1,,,1265787.03,1939652.96
"2023-48459-19/09/2025","PORT WAKEFIELD","WAKEFIELD REGIONAL COUNCIL",2,1,0,0,1,2023,"November","Tuesday","10:50 am",50,"Sealed","Dry","Not Raining","Daylight","Side Swipe",1,,,1290202.65,1754370.41
"2023-48460-19/09/2025","TANUNDA","THE BAROSSA COUNCIL.",2,1,0,0,1,2023,"November","Monday","09:00 pm",90,"Sealed","Dry","Not Raining","Night","Hit Animal",2,,,1362124.77,1711863.21
"2023-48462-19/09/2025","HOPE VALLEY","CITY OF TEA TREE GULLY",3,2,0,1,1,2023,"November","Tuesday","12:42 pm",60,"Sealed","Dry","Not Raining","Daylight","Right Angle",2,,,1337566.52,1679488.01
"2023-48467-19/09/2025","KINGSCOTE","KANGAROO ISLAND COUNCIL",2,1,0,1,0,2023,"November","Tuesday","01:00 pm",60,"Sealed","Dry","Not Raining","Daylight","Right Angle",2,,,1238768.82,1592575.44
"2023-48473-19/09/2025","KIDMAN PARK","CITY OF CHARLES STURT",2,1,0,0,1,2023,"November","Tuesday","02:52 pm",60,"Sealed","Dry","Not Raining","Daylight","Right Angle",1,,,1321925.33,1673102.36