"REPORT_ID","Suburb","LGA Name","Total Units","Total Cas","Total Fats","Total SI","Total MI","Year","Month","Day","Time","Area Speed","Road Surface","Moisture Cond","Weather Cond","DayNight","Crash Type","Unit Resp","DUI Involved","Drugs Involved","ACCLOC_X","ACCLOC_Y"
"2023-48478-19/09/2025","PARADISE","CC CAMPBELLTOWN.",2,1,0,0,1,2023,"November","Tuesday","06:00 pm",60,"Sealed","Dry","Not Raining","Daylight","Right Turn",1,,,1334853.62,1676138.92
"2023-48480-19/09/2025","COLONEL LIGHT GARDENS","CC MITCHAM.",2,1,0,0,1,2023,"November","Tuesday","07:10 pm",50,"Sealed","Dry","Not Raining","Daylight","Right Angle",2,,,1328185.43,1664451.64
"2023-48481-19/09/2025","BRIGHTON","CITY OF HOLDFAST BAY",3,2,0,0,2,2023,"November","Tuesday","07:19 pm",60,"Sealed","Dry","Not Raining","Daylight","Right Turn",2,,,1321149.37,1660558.32
"2023-48486-19/09/2025","BLACK SPRINGS","CLARE AND GILBERT VALLEYS DISTRICT COUNCIL",2,1,0,0,1,2023,"November","Tuesday","08:37 pm",110,"Sealed","Dry","Not Raining","Night","Hit Object on Road",1,,,1357366.39,1784235.75
"2023-48488-19/09/2025","PORT ELLIOT","ALEXANDRINA COUNCIL",1,1,0,0,1,2023,"November","Wednesday","07:22 am",80,"Sealed","Dry","Not Raining","Daylight","Roll Over",1,,,1331993.27,1603832.42
"2023-48492-19/09/2025","VALE PARK","WALKERVILLE TOWN COUNCIL",2,1,0,0,1,2023,"November","Wednesday","08:03 am",60,"Sealed","Dry","Not Raining","Daylight","Right Turn",1,,,1330645.93,1675348.15
"2023-48495-19/09/2025","WINDSOR GARDENS","CITY OF PORT ADELAIDE ENFIELD",3,1,0,0,1,2023,"November","Tuesday","03:30 pm",60,"Sealed","Dry","Not Raining","Daylight","Rear End",2,,,1333471.72,1677788.03
"2023-48498-19/09/2025","KENSINGTON","CC OF NORWOOD,PAYNEHAM & ST PETERS",2,3,0,0,3,2023,"November","Wednesday","11:45 am",60,"Sealed","Dry","Not Raining","Daylight","Right Angle",2,,,1332665.62,1671083.42
"2023-48504-19/09/2025","GOLDEN GROVE","CITY OF TEA TREE GULLY",2,1,0,0,1,2023,"November","Wednesday","02:25 pm",60,"Sealed","Dry","Not Raining","Daylight","Head On",1,,,1337889.71,1685361.47
"2023-48506-19/09/2025","GLENELG SOUTH","CITY OF HOLDFAST BAY",3,1,0,1,0,2023,"November","Wednesday","03:10 pm",50,"Sealed","Dry","Not Raining","Daylight","Side Swipe",2,,,1320470,1664331.41
"2023-48509-19/09/2025","ADELAIDE","CITY OF ADELAIDE",2,1,0,1,0,2023,"November","Tuesday","06:00 pm",50,"Sealed","Dry","Not Raining","Daylight","Rear End",2,,,1327958.27,1669793.19
"2023-48510-19/09/2025","WARRADALE","CC MARION.",2,1,0,0,1,2023,"November","Wednesday","04:12 pm",60,"Sealed","Dry","Not Raining","Daylight","Rear End",2,,,1322723.05,1662384.44
"2023-48515-19/09/2025","HACKHAM WEST","CITY OF ONKAPARINGA",2,1,0,0,1,2023,"November","Wednesday","08:50 am",60,"Sealed","Dry","Not Raining","Daylight","Rear End",2,,,1320847.03,1647531.84
"2023-48516-19/09/2025","INGLE FARM","CITY OF SALISBURY",2,1,0,0,1,2023,"November","Wednesday","06:10 pm",50,"Sealed","Dry","Not Raining","Daylight","Right Angle",1,,,1331695.12,1681158.25
"2023-48518-19/09/2025","SALISBURY NORTH","CITY OF SALISBURY",1,1,0,0,1,2023,"November","Wednesday","09:10 pm",50,"Sealed","Dry","Not Raining","Night","Roll Over",1,"Y",,1331394.56,1690512.69
"2023-48519-19/09/2025","NORTH ADELAIDE","CITY OF ADELAIDE",4,1,0,1,0,2023,"November","Thursday","12:00 am",50,"Sealed","Dry","Not Raining","Night","Hit Fixed Object",1,,,1329313.07,1672770.33
"2023-48520-19/09/2025","TILLEY SWAMP","DC KINGSTON.",1,1,0,1,0,2023,"November","Wednesday","10:50 pm",110,"Sealed","Dry","Not Raining","Night","Roll Over",1,,,1429043.69,1505432.97
"2023-48525-19/09/2025","TORRENSVILLE","CITY OF WEST TORRENS",2,1,0,0,1,2023,"November","Thursday","09:45 am",50,"Sealed","Dry","Not Raining","Daylight","Side Swipe",1,,,1325024.33,1672037.66
"2023-48528-19/09/2025","KLEMZIG","CITY OF PORT ADELAIDE ENFIELD",2,1,0,0,1,2023,"November","Wednesday","10:40 am",60,"Sealed","Dry","Not Raining","Daylight","Rear End",2,,,1331707.23,1676265.47
"2023-48529-19/09/2025","ELIZABETH PARK","CITY OF PLAYFORD.",2,1,0,0,1,2023,"November","Thursday","11:00 am",60,"Sealed","Dry","Not Raining","Daylight","Rear End",1,,,1335962.49,1693261.2
"2023-48535-19/09/2025","WOODVILLE WEST","CITY OF CHARLES STURT",2,1,0,0,1,2023,"November","Wednesday","07:10 pm",50,"Sealed","Dry","Not Raining","Daylight","Right Angle",2,,,1322271.36,1675268.81
"2023-48536-19/09/2025","EVANSTON PARK","CT GAWLER.",2,1,0,0,1,2023,"November","Thursday","07:40 am",60,"Sealed","Dry","Not Raining","Daylight","Rear End",2,,,1342354.18,1703853.46
"2023-48539-19/09/2025","FOWLERS BAY",,2,1,0,0,1,2023,"November","Tuesday","12:00 pm",100,"Unsealed","Dry","Not Raining","Daylight","Rear End",1,,,754109.5,2000879.37
"2023-48542-19/09/2025","MOUNT GAMBIER","CC MT.GAMBIER.",3,1,0,0,1,2023,"November","Thursday","02:30 pm",60,"Sealed","Dry","Not Raining","Daylight","Right Angle",1,,,1511102.55,1342398.19
"2023-48545-19/09/2025","RISDON PARK SOUTH","PT.PIRIE CITY & DIST. COUNCIL",2,1,0,0,1,2023,"November","Thursday","03:35 pm",50,"Sealed","Dry","Not Raining","Daylight","Hit Parked Vehicle",1,,,1278972.84,1862922.8
"2023-48553-19/09/2025","DAW PARK","CC MITCHAM.",2,1,0,0,1,2023,"November","Thursday","06:30 pm",50,"Sealed","Dry","Not Raining","Daylight","Right Angle",2,,,1326746.43,1664007.47
"2023-48560-19/09/2025","OTTOWAY","CITY OF PORT ADELAIDE ENFIELD",2,1,0,0,1,2023,"November","Friday","07:10 am",60,"Sealed","Dry","Not Raining","Daylight","Right Turn",2,,,1323171.65,1679144.69
"2023-48563-19/09/2025","ADELAIDE","CITY OF ADELAIDE",2,1,0,0,1,2023,"November","Friday","09:50 am",50,"Sealed","Dry","Not Raining","Daylight","Rear End",2,,,1328557.25,1671148.2
"2023-48567-19/09/2025","POORAKA","CITY OF SALISBURY",2,3,1,0,2,2023,"November","Friday","09:24 am",70,"Sealed","Dry","Not Raining","Daylight","Right Turn",1,,,1330499.62,1681832.25
"2023-48569-19/09/2025","GAWLER BELT","LIGHT REGIONAL COUNCIL",2,1,0,0,1,2023,"November","Friday","01:24 pm",80,"Sealed","Dry","Not Raining","Daylight","Right Turn",1,,,1343202.74,1709536.24
"2023-48574-19/09/2025","MORPHETT VALE","CITY OF ONKAPARINGA",2,1,0,0,1,2023,"November","Friday","03:05 pm",60,"Sealed","Dry","Not Raining","Daylight","Right Angle",2,,,1320791.4,1648693.6
"2023-48578-19/09/2025","CHELTENHAM","CITY OF CHARLES STURT",2,1,0,0,1,2023,"November","Friday","09:30 am",60,"Sealed","Dry","Not Raining","Daylight","Rear End",2,,,1322118.29,1676363.89
"2023-48582-19/09/2025","KINGSTON ON MURRAY","LOXTON WAIKERIE DISTRICT COUNCIL",2,1,0,0,1,2023,"November","Friday","02:00 pm",110,"Sealed","Dry","Not Raining","Daylight","Hit Fixed Object",1,,,1491306.1,1740778.66
"2023-48587-19/09/2025","OLD NOARLUNGA","CITY OF ONKAPARINGA",3,1,0,1,0,2023,"November","Friday","04:55 pm",80,"Sealed","Dry","Not Raining","Daylight","Rear End",2,,,1318546.35,1643579.54
"2023-48591-19/09/2025","PARKSIDE","CITY OF UNLEY",1,1,0,0,1,2023,"November","Friday","06:59 pm",60,"Sealed","Dry","Not Raining","Daylight","Roll Over",1,,,1329849.54,1669002.3
"2023-48592-19/09/2025","SALISBURY DOWNS","CITY OF SALISBURY",3,1,0,0,1,2023,"November","Friday","03:25 pm",60,"Sealed","Dry","Not Raining","Daylight","Rear End",1,,,1331205.25,1687012.86
"2023-48597-19/09/2025","KANGARILLA","CITY OF ONKAPARINGA",2,1,0,0,1,2023,"November","Friday","11:10 pm",80,"Sealed","Dry","Not Raining","Night","Hit Fixed Object",1,,,1334131.58,1645140.66
"2023-48609-19/09/2025","WILLALOOKA","DC TATIARA.",2,3,2,1,0,2023,"November","Saturday","09:40 am",110,"Sealed","Dry","Not Raining","Daylight","Right Angle",1,"Y",,1480462.9,1505293.51
"2023-48613-19/09/2025","PORT AUGUSTA","CC PT.AUGUSTA.",2,2,0,0,2,2023,"November","Saturday","01:00 pm",50,"Sealed","Wet","Raining","Daylight","Right Angle",1,,,1259219.01,1942479.84
"2023-48617-19/09/2025","SMITHFIELD","CITY OF PLAYFORD.",4,1,0,0,1,2023,"November","Saturday","03:17 pm",80,"Sealed","Dry","Not Raining","Daylight","Rear End",1,,,1337691.47,1696794.71
"2023-48618-19/09/2025","EVANSTON GARDENS","CT GAWLER.",2,1,0,0,1,2023,"November","Saturday","03:53 pm",50,"Sealed","Dry","Not Raining","Daylight","Side Swipe",2,,,1340881.97,1703489.87
"2023-48623-19/09/2025","ROYSTON PARK","CC OF NORWOOD,PAYNEHAM & ST PETERS",2,1,0,0,1,2023,"November","Saturday","06:10 pm",60,"Sealed","Dry","Not Raining","Daylight","Right Turn",2,,,1332039.28,1673635.81
"2023-48625-19/09/2025","GLENGOWRIE","CC MARION.",3,1,0,0,1,2023,"November","Saturday","08:55 pm",50,"Sealed","Dry","Not Raining","Night","Hit Parked Vehicle",1,,,1321886.14,1664174.71
"2023-48626-19/09/2025","ADELAIDE","CITY OF ADELAIDE",2,1,0,0,1,2023,"November","Saturday","10:15 pm",50,"Sealed","Dry","Not Raining","Night","Hit Pedestrian",2,,,1329022.88,1670760.7
"2023-48627-19/09/2025","MEDINDIE","WALKERVILLE TOWN COUNCIL",2,1,0,1,0,2023,"November","Sunday","02:11 am",60,"Sealed","Dry","Not Raining","Night","Hit Fixed Object",1,,"Y",1328922,1674227.45
"2023-48630-19/09/2025","SEAVIEW DOWNS","CC MARION.",2,1,0,0,1,2023,"November","Sunday","02:00 am",50,"Sealed","Dry","Not Raining","Night","Hit Parked Vehicle",1,,,1322480.48,1658831.2
"2023-48633-19/09/2025","STURT","CC MARION.",2,1,0,0,1,2023,"November","Saturday","04:15 pm",60,"Sealed","Dry","Not Raining","Daylight","Rear End",1,,,1324100,1659437.16
"2023-48636-19/09/2025","KILKENNY","CITY OF CHARLES STURT",2,1,1,0,0,2023,"November","Sunday","09:40 am",50,"Sealed","Dry","Not Raining","Daylight","Hit Pedestrian",1,,,1324013.59,1676740.24
"2023-48637-19/09/2025","MODBURY","CITY OF TEA TREE GULLY",2,2,0,0,2,2023,"November","Sunday","11:34 am",50,"Sealed","Dry","Not Raining","Daylight","Rear End",2,,,1336871.36,1680791.51
"2023-48640-19/09/2025","MENINGIE","COORONG DISTRICT COUNCIL",2,1,0,0,1,2023,"November","Sunday","09:10 am",50,"Sealed","Dry","Not Raining","Daylight","Hit Pedestrian",1,,,1392360.45,1583620.07
"2023-48644-19/09/2025","SMITHFIELD","CITY OF PLAYFORD.",3,1,0,0,1,2023,"November","Sunday","03:00 pm",80,"Sealed","Dry","Not Raining","Daylight","Rear End",1,,,1337612.7,1696654.75
"2023-48653-19/09/2025","SHEIDOW PARK","CC MARION.",2,1,0,0,1,2023,"November","Sunday","08:28 pm",80,"Sealed","Dry","Not Raining","Night","Hit Fixed Object",1,,,1321953.35,1655562.89
"2023-48654-19/09/2025","MUNNO PARA","CITY OF PLAYFORD.",2,2,0,1,1,2023,"November","Sunday","09:05 pm",50,"Sealed","Dry","Not Raining","Night","Right Angle",2,,"Y",1337779.27,1699381.26
"2023-48655-19/09/2025","PROSPECT HILL","ALEXANDRINA COUNCIL",2,1,0,0,1,2023,"November","Sunday","08:00 pm",80,"Unsealed","Dry","Not Raining","Daylight","Hit Fixed Object",1,"Y",,1338785,1634641.19
"2023-48656-19/09/2025","SADDLEWORTH","CLARE AND GILBERT VALLEYS DISTRICT COUNCIL",2,2,0,0,2,2023,"November","Sunday","09:30 pm",100,"Sealed","Dry","Not Raining","Night","Hit Animal",2,,,1347597.38,1761791.05
"2023-48657-19/09/2025","SMITHFIELD PLAINS","CITY OF PLAYFORD.",2,1,0,0,1,2023,"November","Sunday","08:35 pm",60,"Sealed","Dry","Not Raining","Night","Right Turn",1,,,1336728.6,1697448.04
"2023-48658-19/09/2025","ANDREWS FARM","CITY OF PLAYFORD.",2,2,0,0,2,2023,"November","Sunday","11:05 pm",80,"Sealed","Dry","Not Raining","Night","Hit Fixed Object",1,,,1334008.35,1697371.2
"2023-48659-19/09/2025","GEPPS CROSS","CITY OF PORT ADELAIDE ENFIELD",3,2,0,1,1,2023,"November","Monday","04:48 am",60,"Sealed","Dry","Not Raining","Night","Head On",2,,,1328212.09,1679251.37
"2023-48660-19/09/2025","BUCHFELDE","LIGHT REGIONAL COUNCIL",2,1,0,0,1,2023,"November","Monday","07:15 am",80,"Sealed","Dry","Not Raining","Daylight","Right Angle",2,,,1337329.4,1705063.56
"2023-48661-19/09/2025","MORPHETT VALE","CITY OF ONKAPARINGA",2,3,0,0,3,2023,"November","Sunday","02:30 pm",60,"Sealed","Dry","Not Raining","Daylight","Rear End",1,,,1321270.39,1651033.74
"2023-48663-19/09/2025","MODBURY","CITY OF TEA TREE GULLY",2,1,0,0,1,2023,"November","Saturday","04:30 pm",50,"Sealed","Dry","Not Raining","Daylight","Right Angle",2,,,1336865.11,1680632.32
"2023-48669-19/09/2025","GLENELG","CITY OF HOLDFAST BAY",1,1,0,0,1,2023,"November","Monday","10:40 am",40,"Sealed","Dry","Not Raining","Daylight","Roll Over",1,,,1320869,1664896.13
"2023-48670-19/09/2025","PENNINGTON","CITY OF CHARLES STURT",2,1,0,0,1,2023,"November","Monday","11:11 am",60,"Sealed","Dry","Not Raining","Daylight","Right Angle",1,,,1322487.81,1679119.89
"2023-48673-19/09/2025","WOODSIDE","THE ADELAIDE HILLS COUNCIL",1,1,0,1,0,2023,"November","Sunday","09:20 am",50,"Sealed","Dry","Not Raining","Daylight","Roll Over",1,,,1353543.32,1667228.7
"2023-48678-19/09/2025","COROMANDEL VALLEY","CITY OF ONKAPARINGA",2,1,0,0,1,2023,"November","Monday","01:32 pm",50,"Sealed","Dry","Not Raining","Daylight","Hit Fixed Object",1,,,1329662.95,1656540.22
"2023-48679-19/09/2025","PENFIELD","CITY OF PLAYFORD.",2,1,0,0,1,2023,"November","Monday","01:50 pm",90,"Sealed","Dry","Not Raining","Daylight","Rear End",2,,,1329690.29,1694463.7
"2023-48683-19/09/2025","BELLEVUE HEIGHTS","CC MITCHAM.",2,6,0,0,6,2023,"November","Monday","04:40 pm",60,"Sealed","Dry","Not Raining","Daylight","Right Angle",2,,,1327307.94,1659336.79
"2023-48689-19/09/2025","URAIDLA","THE ADELAIDE HILLS COUNCIL",2,1,0,0,1,2023,"November","Monday","05:14 pm",50,"Sealed","Dry","Not Raining","Daylight","Head On",1,,,1341087.64,1666625.61
"2023-48695-19/09/2025","PROSPECT","CITY OF PROSPECT",2,1,0,0,1,2023,"November","Monday","07:08 pm",50,"Sealed","Dry","Not Raining","Daylight","Head On",2,,,1328463.98,1675762.87
"2023-48697-19/09/2025","ELIZABETH EAST","CITY OF PLAYFORD.",2,1,0,0,1,2023,"November","Monday","07:30 pm",60,"Sealed","Dry","Not Raining","Daylight","Rear End",1,"Y",,1336277.4,1692287.02
"2023-48699-19/09/2025","WILLUNGA","CITY OF ONKAPARINGA",2,1,0,1,0,2023,"November","Monday","06:45 pm",50,"Sealed","Dry","Not Raining","Daylight","Hit Fixed Object",1,"Y",,1323687.91,1632017.71
"2023-48701-19/09/2025","BLAIR ATHOL","CITY OF PORT ADELAIDE ENFIELD",2,1,0,0,1,2023,"November","Monday","09:00 pm",50,"Sealed","Dry","Not Raining","Night","Hit Fixed Object",1,,,1328334.91,1677922.58
"2023-48704-19/09/2025","CUMBERLAND PARK","CC MITCHAM.",4,1,0,1,0,2023,"November","Tuesday","08:07 am",60,"Sealed","Dry","Not Raining","Daylight","Hit Pedestrian",1,,,1327436.39,1666206
"2023-48706-19/09/2025","CEDUNA","DC CEDUNA",1,1,0,1,0,2023,"November","Sunday","03:00 pm",50,"Sealed","Dry","Not Raining","Daylight","Roll Over",1,"Y","Y",876248.84,1984344.81
"2023-48708-19/09/2025","GLENELG SOUTH","CITY OF HOLDFAST BAY",2,2,0,0,2,2023,"November","Monday","05:10 pm",50,"Sealed","Dry","Not Raining","Daylight","Right Angle",2,,,1320869.34,1664342.46
"2023-48717-19/09/2025","KILKENNY","CITY OF CHARLES STURT",2,1,0,0,1,2023,"November","Tuesday","11:05 am",50,"Sealed","Dry","Not Raining","Daylight","Hit Pedestrian",1,,,1324238.9,1676551.95
"2023-48721-19/09/2025","SWANPORT","RC MURRAY BRIDGE.",2,1,0,0,1,2023,"November","Tuesday","11:30 am",110,"Sealed","Dry","Not Raining","Daylight","Hit Fixed Object",1,,"Y",1391283.73,1643599.42
"2023-48725-19/09/2025","SEAFORD MEADOWS","CITY OF ONKAPARINGA",2,1,0,0,1,2023,"November","Sunday","11:00 am",60,"Sealed","Dry","Not Raining","Daylight","Right Angle",2,,,1317908.33,1642798.91
"2023-48728-19/09/2025","SEMAPHORE","CITY OF PORT ADELAIDE ENFIELD",2,1,0,0,1,2023,"November","Tuesday","01:05 pm",60,"Sealed","Dry","Not Raining","Daylight","Hit Pedestrian",1,,,1318239.68,1680673.96
"2023-48731-19/09/2025","ASHTON","THE ADELAIDE HILLS COUNCIL",1,1,0,0,1,2023,"November","Monday","06:40 pm",50,"Sealed","Dry","Not Raining","Daylight","Roll Over",1,,,1341227.46,1668004.23
"2023-48733-19/09/2025","NOARLUNGA DOWNS","CITY OF ONKAPARINGA",1,1,0,1,0,2023,"November","Tuesday","01:20 pm",50,"Sealed","Dry","Not Raining","Daylight","Roll Over",1,,,1318891.92,1646123.43
"2023-48735-19/09/2025","KENT TOWN","CC OF NORWOOD,PAYNEHAM & ST PETERS",2,1,0,0,1,2023,"November","Tuesday","03:15 pm",50,"Sealed","Dry","Not Raining","Daylight","Right Angle",1,,,1330118.89,1671154.3
"2023-48736-19/09/2025","ROSTREVOR","CC CAMPBELLTOWN.",2,1,0,0,1,2023,"November","Tuesday","03:36 pm",50,"Sealed","Dry","Not Raining","Daylight","Roll Over",2,,,1335511.74,1672992.99
"2023-48739-19/09/2025","SALISBURY","CITY OF SALISBURY",2,1,0,0,1,2023,"November","Tuesday","04:00 pm",60,"Sealed","Dry","Not Raining","Daylight","Hit Pedestrian",1,,,1332699.36,1688614.93
"2023-48740-19/09/2025","HUNTFIELD HEIGHTS","CITY OF ONKAPARINGA",2,2,0,0,2,2023,"November","Tuesday","03:55 pm",60,"Sealed","Dry","Not Raining","Daylight","Right Turn",2,,,1320882.43,1646368.02
"2023-48745-19/09/2025","UNDERDALE","CITY OF WEST TORRENS",2,1,0,0,1,2023,"November","Tuesday","06:30 am",50,"Sealed","Dry","Not Raining","Daylight","Right Angle",2,,,1324310.87,1671614.07
"2023-48749-19/09/2025","GLOBE DERBY PARK","CITY OF SALISBURY",2,1,0,1,0,2023,"November","Tuesday","06:10 pm",90,"Sealed","Dry","Not Raining","Daylight","Rear End",1,,"Y",1328664.73,1685703.56
"2023-48750-19/09/2025","MODBURY","CITY OF TEA TREE GULLY",2,1,0,0,1,2023,"November","Tuesday","07:05 pm",60,"Sealed","Dry","Not Raining","Daylight","Right Angle",1,,,1336189.32,1680597.27
"2023-48755-19/09/2025","LOWER LIGHT","DC MALLALA.",2,1,0,1,0,2023,"November","Tuesday","09:45 pm",110,"Sealed","Dry","Not Raining","Night","Hit Fixed Object",1,"Y",,1312366.84,1717794.25
"2023-48756-19/09/2025","DAVEYSTON","LIGHT REGIONAL COUNCIL",2,1,0,1,0,2023,"November","Tuesday","10:45 pm",110,"Sealed","Dry","Not Raining","Night","Right Angle",2,,,1355319.4,1719949.9
"2023-48758-19/09/2025","ELIZABETH SOUTH","CITY OF PLAYFORD.",2,2,0,1,1,2023,"November","Wednesday","07:01 am",60,"Sealed","Dry","Not Raining","Daylight","Right Turn",2,,,1334424.18,1690426.98
"2023-48759-19/09/2025","DARLINGTON","CC MARION.",2,1,0,0,1,2023,"November","Wednesday","08:25 am",80,"Sealed","Dry","Not Raining","Daylight","Rear End",2,,,1324084.02,1659369.32
"2023-48760-19/09/2025","SPALDING","NORTHERN AREAS DISTRICT COUNCIL",2,2,0,2,0,2023,"November","Wednesday","06:45 am",100,"Unsealed","Dry","Not Raining","Daylight","Hit Fixed Object",1,,,1341427.61,1825107.41
"2023-48762-19/09/2025","TRANMERE","CC CAMPBELLTOWN.",1,1,0,0,1,2023,"November","Tuesday","06:30 am",60,"Sealed","Dry","Not Raining","Daylight","Roll Over",9,,,1333820.37,1673427.45
"2023-48765-19/09/2025","WINGFIELD","CITY OF PORT ADELAIDE ENFIELD",2,1,1,0,0,2023,"November","Wednesday","09:55 am",60,"Sealed","Dry","Not Raining","Daylight","Hit Pedestrian",2,,,1323875.46,1680942.48
"2023-48766-19/09/2025","SMITHFIELD","CITY OF PLAYFORD.",2,1,0,0,1,2023,"November","Tuesday","03:30 pm",60,"Sealed","Dry","Not Raining","Daylight","Right Turn",2,,,1337309.11,1698182.84
"2023-48771-19/09/2025","EVANSTON PARK","CT GAWLER.",2,1,0,0,1,2023,"November","Tuesday","06:00 pm",60,"Sealed","Dry","Not Raining","Daylight","Right Angle",2,,,1342029.82,1703417.82
"2023-48773-19/09/2025","GLENUNGA","CITY OF BURNSIDE",1,1,0,1,0,2023,"November","Wednesday","12:48 pm",50,"Sealed","Dry","Not Raining","Daylight","Roll Over",1,,,1331531.83,1668293.86
"2023-48775-19/09/2025","SALISBURY","CITY OF SALISBURY",2,1,0,0,1,2023,"November","Wednesday","01:51 pm",50,"Sealed","Dry","Not Raining","Daylight","Right Angle",1,,,1334109.3,1688308.43
"2023-48781-19/09/2025","DAVOREN PARK","CITY OF PLAYFORD.",2,1,0,0,1,2023,"November","Wednesday","04:12 pm",60,"Sealed","Dry","Not Raining","Daylight","Right Angle",2,,,1335599.18,1696373.36
"2023-48785-19/09/2025","ECHUNGA","DC MT.BARKER.",2,1,0,1,0,2023,"November","Wednesday","03:46 pm",100,"Sealed","Dry","Not Raining","Daylight","Hit Fixed Object",1,,,1345354.53,1648678.25
"2023-48790-19/09/2025","MOUNT CRAWFORD","THE BAROSSA COUNCIL.",2,4,0,0,4,2023,"November","Wednesday","02:15 pm",100,"Sealed","Dry","Not Raining","Daylight","Hit Fixed Object",1,,,1365712.37,1695193.02
"2023-48797-19/09/2025","MASLIN BEACH","CITY OF ONKAPARINGA",2,1,0,0,1,2023,"November","Wednesday","10:00 pm",80,"Sealed","Dry","Not Raining","Night","Hit Fixed Object",1,,,1316550.13,1636097.7
"2023-48799-19/09/2025","FINNISS","ALEXANDRINA COUNCIL",2,1,0,0,1,2023,"November","Thursday","06:30 am",100,"Sealed","Dry","Not Raining","Daylight","Hit Animal",2,,,1347184.32,1623810.74
"2023-48800-19/09/2025","LOCK","DC ELLISTON.",2,1,0,0,1,2023,"November","Thursday","01:16 am",100,"Sealed","Dry","Not Raining","Night","Hit Fixed Object",1,"Y",,1060746.75,1824706.67
"2023-48802-19/09/2025","HAPPY VALLEY","CITY OF ONKAPARINGA",3,3,0,0,3,2023,"November","Thursday","07:51 am",60,"Sealed","Dry","Not Raining","Daylight","Right Turn",2,,,1326281.49,1653501.44
"2023-48804-19/09/2025","ROSEWORTHY","LIGHT REGIONAL COUNCIL",2,1,0,0,1,2023,"November","Thursday","07:55 am",60,"Sealed","Dry","Not Raining","Daylight","Rear End",2,,,1343703.42,1713534.1
"2023-48805-19/09/2025","BEULAH PARK","CITY OF BURNSIDE",2,1,0,0,1,2023,"November","Thursday","08:45 am",50,"Sealed","Dry","Not Raining","Daylight","Right Angle",2,,,1332502.19,1671428.6
"2023-48809-19/09/2025","BURTON","CITY OF SALISBURY",3,1,0,0,1,2023,"November","Wednesday","03:55 pm",60,"Sealed","Dry","Not Raining","Daylight","Rear End",2,,,1330057.05,1690897.54
"2023-48810-19/09/2025","CLARENCE PARK","CITY OF UNLEY",2,1,0,1,0,2023,"November","Thursday","09:00 am",40,"Sealed","Wet","Raining","Daylight","Right Turn",1,"Y",,1326677.73,1666401.39
"2023-48811-19/09/2025","CAMPBELLTOWN","CC CAMPBELLTOWN.",2,1,0,0,1,2023,"November","Thursday","10:00 am",60,"Sealed","Wet","Raining","Daylight","Right Angle",2,,,1334476.65,1675729.32
"2023-48812-19/09/2025","ST MARYS","CC MITCHAM.",2,1,0,0,1,2023,"November","Thursday","09:30 am",50,"Sealed","Wet","Raining","Daylight","Right Angle",1,,,1326418.06,1662925.19
"2023-48814-19/09/2025","RISDON PARK","PT.PIRIE CITY & DIST. COUNCIL",3,1,0,1,0,2023,"November","Thursday","11:35 am",50,"Sealed","Dry","Not Raining","Daylight","Right Angle",1,,,1278849.47,1863513.39
"2023-48820-19/09/2025","KURRALTA PARK","CITY OF WEST TORRENS",2,1,1,0,0,2023,"November","Thursday","12:15 pm",60,"Sealed","Wet","Raining","Daylight","Hit Fixed Object",1,,"Y",1325526.06,1667510.12
"2023-48822-19/09/2025","WOODVILLE GARDENS","CITY OF PORT ADELAIDE ENFIELD",1,1,0,0,1,2023,"November","Thursday","01:44 pm",60,"Sealed","Wet","Raining","Daylight","Roll Over",1,,,1323957.98,1677296.84
"2023-48824-19/09/2025","ALBERT PARK","CITY OF CHARLES STURT",2,1,0,0,1,2023,"November","Thursday","02:10 pm",60,"Sealed","Wet","Raining","Daylight","Hit Fixed Object",1,,,1321444.17,1675569.1
"2023-48825-19/09/2025","KANGARILLA","DC MT.BARKER.",2,2,0,0,2,2023,"November","Wednesday","09:15 pm",80,"Sealed","Dry","Not Raining","Night","Head On",1,,"Y",1337609.03,1643439.05
"2023-48830-19/09/2025","SALISBURY DOWNS","CITY OF SALISBURY",2,1,0,0,1,2023,"November","Wednesday","09:06 am",60,"Sealed","Dry","Not Raining","Daylight","Right Angle",2,,,1331442.92,1686831.6
"2023-48833-19/09/2025","HOLDEN HILL","CITY OF PORT ADELAIDE ENFIELD",2,1,0,0,1,2023,"November","Thursday","02:50 pm",60,"Sealed","Wet","Raining","Daylight","Rear End",2,,,1334119.64,1678258.3
"2023-48834-19/09/2025","BIRDWOOD","THE ADELAIDE HILLS COUNCIL",2,1,0,0,1,2023,"November","Thursday","02:06 pm",100,"Sealed","Wet","Raining","Daylight","Roll Over",1,,,1360645.09,1682060.15
"2023-48849-19/09/2025","MIDDLEBACK RANGE","CC WHYALLA.",1,1,0,1,0,2023,"November","Thursday","04:20 pm",100,"Unsealed","Wet","Not Raining","Daylight","Roll Over",1,,,1235080.07,1877284.86
"2023-48850-19/09/2025","CROYDON PARK","CITY OF PORT ADELAIDE ENFIELD",2,1,0,0,1,2023,"November","Tuesday","05:45 am",50,"Sealed","Dry","Not Raining","Night","Hit Fixed Object",1,,,1325626.23,1675523.79
"2023-48852-19/09/2025","WOODCROFT","CITY OF ONKAPARINGA",1,1,0,0,1,2023,"November","Thursday","06:50 pm",80,"Sealed","Wet","Raining","Daylight","Roll Over",1,,,1323052.91,1651380.33