"REPORT_ID","Suburb","LGA Name","Total Units","Total Cas","Total Fats","Total SI","Total MI","Year","Month","Day","Time","Area Speed","Road Surface","Moisture Cond","Weather Cond","DayNight","Crash Type","Unit Resp","DUI Involved","Drugs Involved","ACCLOC_X","ACCLOC_Y"
"2023-48855-19/09/2025","FLINDERS PARK","CITY OF CHARLES STURT",2,1,0,0,1,2023,"November","Thursday","08:30 pm",60,"Sealed","Wet","Not Raining","Night","Side Swipe",2,,,1322768.86,1673136.18
"2023-48860-19/09/2025","MOUNT GAMBIER","CC MT.GAMBIER.",2,1,0,1,0,2023,"November","Friday","05:35 am",40,"Sealed","Wet","Raining","Night","Hit Fixed Object",1,,"Y",1508779.68,1341470.69
"2023-48861-19/09/2025","BROOKLYN PARK","CITY OF WEST TORRENS",2,1,0,0,1,2023,"November","Friday","07:25 am",60,"Sealed","Dry","Not Raining","Daylight","Side Swipe",1,,,1324141.55,1669861.03
"2023-48862-19/09/2025","STURT","CC MARION.",2,1,0,0,1,2023,"November","Friday","07:38 am",50,"Sealed","Wet","Unknown","Daylight","Hit Parked Vehicle",1,,,1324189.57,1660201.07
"2023-48865-19/09/2025","PARADISE","CC CAMPBELLTOWN.",2,1,0,0,1,2023,"November","Friday","09:45 am",60,"Sealed","Dry","Not Raining","Daylight","Right Turn",2,,,1335624.13,1676678.29
"2023-48877-19/09/2025","CHANDLERS HILL","CITY OF ONKAPARINGA",2,1,0,0,1,2023,"November","Friday","02:55 pm",80,"Sealed","Dry","Not Raining","Daylight","Hit Fixed Object",9,,,1327909.8,1651221.09
"2023-48882-19/09/2025","FERRYDEN PARK","CITY OF PORT ADELAIDE ENFIELD",2,1,0,0,1,2023,"November","Friday","08:15 pm",40,"Sealed","Dry","Not Raining","Night","Hit Parked Vehicle",2,"Y","Y",1325048.55,1676994.32
"2023-48884-19/09/2025","PENOLA","WATTLE RANGE COUNCIL",3,4,0,4,0,2023,"November","Friday","04:10 pm",110,"Sealed","Dry","Not Raining","Daylight","Hit Fixed Object",1,,,1517674.99,1387157.81
"2023-48890-19/09/2025","MOUNT GAMBIER","CC MT.GAMBIER.",2,1,0,0,1,2023,"November","Saturday","09:20 am",50,"Sealed","Dry","Not Raining","Daylight","Right Angle",2,,,1510531.12,1339730.78
"2023-48895-19/09/2025","STURT","CC MARION.",2,2,0,0,2,2023,"November","Saturday","12:20 pm",60,"Sealed","Dry","Not Raining","Daylight","Rear End",1,,,1324357.14,1660667.69
"2023-48899-19/09/2025","MOUNT GAMBIER","CC MT.GAMBIER.",2,1,0,1,0,2023,"November","Saturday","12:40 pm",50,"Sealed","Dry","Not Raining","Daylight","Right Angle",2,,,1510251.63,1341954.76
"2023-48901-19/09/2025","BRIGHTON","CITY OF HOLDFAST BAY",2,1,0,1,0,2023,"November","Saturday","01:20 pm",60,"Sealed","Dry","Not Raining","Daylight","Hit Pedestrian",2,,,1321128.02,1661011.9
"2023-48905-19/09/2025","ELIZABETH NORTH","CITY OF PLAYFORD.",1,1,0,0,1,2023,"November","Saturday","04:23 pm",50,"Sealed","Dry","Not Raining","Daylight","Roll Over",1,,,1336824.39,1696136.48
"2023-48907-19/09/2025","VIRGINIA","CITY OF PLAYFORD.",2,2,0,0,2,2023,"November","Saturday","04:47 pm",90,"Sealed","Dry","Not Raining","Daylight","Right Turn",2,"Y",,1326421.71,1696569.21
"2023-48909-19/09/2025","YANKALILLA","DC YANKALILLA.",2,1,0,0,1,2023,"November","Saturday","08:20 pm",100,"Sealed","Wet","Raining","Night","Head On",2,,,1304930.76,1613087.81
"2023-48912-19/09/2025","VICTOR HARBOR","DC VICTOR HARBOR.",2,2,0,0,2,2023,"November","Sunday","12:00 am",50,"Sealed","Wet","Raining","Night","Hit Fixed Object",1,,,1325976.18,1601113
"2023-48918-19/09/2025","CRAFERS WEST","THE ADELAIDE HILLS COUNCIL",2,1,0,1,0,2023,"November","Sunday","10:20 am",90,"Sealed","Wet","Raining","Daylight","Hit Fixed Object",1,,,1337546.29,1662363.32
"2023-48925-19/09/2025","CYGNET RIVER","KANGAROO ISLAND COUNCIL",2,2,0,0,2,2023,"November","Sunday","03:54 pm",100,"Unsealed","Dry","Not Raining","Daylight","Roll Over",1,,,1232105.95,1587969.79
"2023-48927-19/09/2025","ONKAPARINGA HILLS","CITY OF ONKAPARINGA",2,1,0,0,1,2023,"November","Sunday","06:05 pm",80,"Sealed","Dry","Not Raining","Daylight","Hit Fixed Object",1,,"Y",1326551.29,1651433.44
"2023-48930-19/09/2025","REYNELLA","CITY OF ONKAPARINGA",2,1,0,0,1,2023,"November","Sunday","10:50 pm",50,"Sealed","Dry","Not Raining","Night","Hit Fixed Object",1,,,1320724.15,1651607.71
"2023-48937-19/09/2025","REGENCY PARK","CITY OF PORT ADELAIDE ENFIELD",2,1,0,0,1,2023,"October","Saturday","05:55 pm",60,"Sealed","Dry","Not Raining","Daylight","Rear End",2,,,1326094.37,1676380.46
"2023-48944-19/09/2025","WILMINGTON","DC MT.REMARKABLE.",2,1,0,0,1,2023,"November","Monday","10:14 am",50,"Sealed","Dry","Not Raining","Daylight","Right Angle",2,,,1290100.14,1923644.67
"2023-48946-19/09/2025","ECHUNGA","DC MT.BARKER.",2,1,0,0,1,2023,"November","Sunday","03:00 pm",80,"Unsealed","Dry","Not Raining","Daylight","Hit Fixed Object",1,,,1345509.08,1653695.7
"2023-48947-19/09/2025","WOKURNA","BARUNGA WEST DISTRICT COUNCIL",2,1,1,0,0,2023,"November","Monday","01:20 pm",100,"Sealed","Dry","Not Raining","Daylight","Roll Over",1,"Y",,1274458.37,1809867.81
"2023-48950-19/09/2025","MALVERN","CITY OF UNLEY",2,1,0,1,0,2023,"November","Monday","04:00 pm",60,"Sealed","Dry","Not Raining","Daylight","Right Angle",1,,,1329126.9,1666664.07
"2023-48957-19/09/2025","CAMPBELLTOWN","CC CAMPBELLTOWN.",2,1,0,0,1,2023,"November","Monday","05:41 pm",60,"Sealed","Dry","Not Raining","Daylight","Hit Pedestrian",2,,,1334468.27,1675734.19
"2023-48958-19/09/2025","MOUNT GAMBIER","CC MT.GAMBIER.",3,2,0,0,2,2023,"November","Monday","07:13 pm",60,"Sealed","Dry","Not Raining","Daylight","Right Turn",1,,,1510818.9,1341794.96
"2023-48959-19/09/2025","PARACOMBE","THE ADELAIDE HILLS COUNCIL",1,1,0,1,0,2023,"November","Monday","05:10 pm",80,"Sealed","Dry","Not Raining","Daylight","Roll Over",1,,,1343787.98,1679222.34
"2023-48961-19/09/2025","OTTOWAY","CITY OF PORT ADELAIDE ENFIELD",2,1,0,0,1,2023,"November","Monday","08:50 pm",50,"Sealed","Dry","Not Raining","Night","Hit Parked Vehicle",1,,,1323049.1,1679651.36
"2023-48963-19/09/2025","SEATON","CITY OF CHARLES STURT",3,1,0,1,0,2023,"November","Tuesday","02:15 am",60,"Sealed","Wet","Not Raining","Night","Hit Parked Vehicle",1,"Y",,1321550.29,1674705.07
"2023-48969-19/09/2025","HAPPY VALLEY","CITY OF ONKAPARINGA",2,3,0,0,3,2023,"November","Tuesday","08:24 am",80,"Sealed","Wet","Raining","Daylight","Hit Fixed Object",1,,,1326442.97,1654942.11
"2023-48971-19/09/2025","ADELAIDE","CITY OF ADELAIDE",2,1,0,0,1,2023,"November","Tuesday","08:58 am",50,"Sealed","Wet","Raining","Daylight","Hit Pedestrian",2,,,1329235.96,1670842.02
"2023-48987-19/09/2025","ST CLAIR","CITY OF CHARLES STURT",2,1,0,0,1,2023,"November","Tuesday","12:45 pm",40,"Sealed","Wet","Not Raining","Daylight","Head On",2,,,1323077.94,1676973.97
"2023-48990-19/09/2025","NORWOOD","CC OF NORWOOD,PAYNEHAM & ST PETERS",2,1,0,0,1,2023,"November","Tuesday","01:15 pm",50,"Sealed","Wet","Not Raining","Daylight","Right Angle",1,,,1331864.56,1670732.76
"2023-48996-19/09/2025","ADELAIDE","CITY OF ADELAIDE",2,1,0,0,1,2023,"November","Monday","06:20 pm",50,"Sealed","Dry","Not Raining","Daylight","Rear End",2,,,1327386.54,1670314.83
"2023-48999-19/09/2025","EDINBURGH","CITY OF SALISBURY",3,1,0,0,1,2023,"November","Tuesday","04:19 pm",50,"Sealed","Dry","Not Raining","Daylight","Rear End",2,,,1332749.74,1690239.25
"2023-49008-19/09/2025","PARAFIELD","CITY OF SALISBURY",2,1,0,0,1,2023,"November","Tuesday","05:55 pm",80,"Sealed","Wet","Raining","Daylight","Rear End",2,,,1332537.93,1684407.94
"2023-49012-19/09/2025","ONKAPARINGA HILLS","CITY OF ONKAPARINGA",2,1,0,1,0,2023,"November","Tuesday","06:50 pm",80,"Sealed","Dry","Not Raining","Daylight","Hit Fixed Object",1,"Y",,1323368.15,1645550.05
"2023-49019-19/09/2025","TORRENSVILLE","CITY OF WEST TORRENS",2,1,0,0,1,2023,"November","Wednesday","09:39 am",50,"Sealed","Dry","Not Raining","Daylight","Right Angle",2,,,1325393.83,1671409.37
"2023-49020-19/09/2025","SEATON","CITY OF CHARLES STURT",3,2,0,0,2,2023,"November","Wednesday","09:58 am",60,"Sealed","Dry","Not Raining","Daylight","Rear End",1,,,1321556.74,1674705.24
"2023-49026-19/09/2025","MORPHETT VALE","CITY OF ONKAPARINGA",6,1,0,0,1,2023,"November","Wednesday","12:20 pm",60,"Sealed","Dry","Not Raining","Daylight","Hit Fixed Object",1,,,1321935.14,1649890.39
"2023-49029-19/09/2025","ADELAIDE","CITY OF ADELAIDE",2,2,0,1,1,2023,"November","Wednesday","01:11 pm",50,"Sealed","Dry","Not Raining","Daylight","Right Turn",2,,,1327930.25,1670331.8
"2023-49031-19/09/2025","SHEIDOW PARK","CC MARION.",2,1,0,0,1,2023,"November","Wednesday","01:28 pm",80,"Sealed","Dry","Not Raining","Daylight","Right Turn",2,,"Y",1320343.3,1653904.34
"2023-49033-19/09/2025","SALISBURY","CITY OF SALISBURY",2,1,0,0,1,2023,"November","Tuesday","02:50 pm",60,"Sealed","Dry","Not Raining","Daylight","Rear End",2,,,1332728.57,1688571.7
"2023-49037-19/09/2025","WILLUNGA HILL","ALEXANDRINA COUNCIL",2,1,0,0,1,2023,"November","Wednesday","05:03 pm",80,"Sealed","Dry","Not Raining","Daylight","Right Angle",2,,,1325443.37,1629605.5
"2023-49038-19/09/2025","TRURO","MID MURRAY DISTRICT COUNCIL",2,3,0,1,2,2023,"November","Wednesday","03:25 pm",110,"Sealed","Dry","Not Raining","Daylight","Hit Fixed Object",1,,,1385857.85,1727080.47
"2023-49041-19/09/2025","NORTH ADELAIDE","CITY OF ADELAIDE",2,1,0,0,1,2023,"November","Wednesday","08:56 pm",60,"Sealed","Dry","Not Raining","Night","Right Angle",1,,,1327899.7,1671597.52
"2023-49050-19/09/2025","HOLDEN HILL","CITY OF TEA TREE GULLY",2,1,0,0,1,2023,"November","Thursday","08:30 am",60,"Sealed","Dry","Not Raining","Daylight","Hit Pedestrian",2,"Y",,1334743.77,1678561.78
"2023-49053-19/09/2025","WILLUNGA","CITY OF ONKAPARINGA",2,1,0,0,1,2023,"November","Thursday","10:58 am",50,"Sealed","Dry","Not Raining","Daylight","Hit Parked Vehicle",1,,,1323070.86,1632219.73
"2023-49058-19/09/2025","PARALOWIE","CITY OF SALISBURY",2,1,0,0,1,2023,"November","Thursday","11:52 am",50,"Sealed","Dry","Not Raining","Daylight","Hit Fixed Object",1,,,1328410.39,1690296.37
"2023-49060-19/09/2025","MILLICENT","WATTLE RANGE COUNCIL",2,1,0,1,0,2023,"November","Thursday","03:10 am",60,"Sealed","Dry","Not Raining","Night","Hit Fixed Object",1,,,1469493.07,1363548.16
"2023-49061-19/09/2025","NARRIDY","NORTHERN AREAS DISTRICT COUNCIL",2,1,0,1,0,2023,"November","Thursday","12:35 pm",110,"Sealed","Dry","Not Raining","Daylight","Hit Fixed Object",1,,,1305586.46,1837930.31
"2023-49064-19/09/2025","SALISBURY","CITY OF SALISBURY",3,1,0,0,1,2023,"November","Thursday","03:32 pm",60,"Sealed","Dry","Not Raining","Daylight","Rear End",1,,,1332782.42,1688511.32
"2023-49072-19/09/2025","GLEN OSMOND","CITY OF BURNSIDE",2,1,0,0,1,2023,"November","Thursday","05:45 pm",60,"Sealed","Dry","Not Raining","Daylight","Rear End",2,,,1332387.68,1666421.66
"2023-49073-19/09/2025","ST PETERS","CC OF NORWOOD,PAYNEHAM & ST PETERS",3,1,0,0,1,2023,"November","Thursday","04:55 pm",60,"Sealed","Dry","Not Raining","Daylight","Rear End",1,,,1330754.37,1672876.13
"2023-49075-19/09/2025","KORUNYE","DC MALLALA.",2,1,0,0,1,2023,"November","Thursday","06:37 pm",100,"Sealed","Dry","Not Raining","Daylight","Rear End",1,,,1321781.95,1715424.79
"2023-49077-19/09/2025","ROYSTON PARK","CC OF NORWOOD,PAYNEHAM & ST PETERS",2,1,0,1,0,2023,"November","Thursday","06:10 pm",60,"Sealed","Dry","Not Raining","Daylight","Hit Pedestrian",1,"Y",,1332039.28,1673635.81
"2023-49080-19/09/2025","YATTALUNGA","CITY OF PLAYFORD.",2,1,0,0,1,2023,"November","Thursday","09:28 pm",80,"Sealed","Dry","Not Raining","Night","Hit Fixed Object",1,,,1344788.38,1697034.51
"2023-49083-19/09/2025","WILMINGTON","DC MT.REMARKABLE.",2,1,0,1,0,2023,"December","Friday","07:16 am",110,"Sealed","Dry","Not Raining","Daylight","Hit Animal",2,,,1294224.97,1930965.18
"2023-49087-19/09/2025","UNDERDALE","CITY OF WEST TORRENS",2,1,0,0,1,2023,"November","Thursday","03:15 pm",50,"Sealed","Dry","Not Raining","Daylight","Right Angle",2,,,1323885.06,1671493.33
"2023-49090-19/09/2025","SALISBURY DOWNS","CITY OF SALISBURY",2,1,0,0,1,2023,"October","Thursday","08:30 am",60,"Sealed","Dry","Not Raining","Daylight","Rear End",2,,,1331449.68,1686814.24
"2023-49093-19/09/2025","OAKLANDS PARK","CC MARION.",2,1,0,0,1,2023,"December","Friday","11:40 am",60,"Sealed","Dry","Not Raining","Daylight","Right Angle",2,,,1323413.39,1660811.34
"2023-49097-19/09/2025","INGLE FARM","CITY OF SALISBURY",2,1,0,0,1,2023,"December","Friday","01:20 pm",60,"Sealed","Dry","Not Raining","Daylight","Rear End",1,,,1334499.5,1681135.42
"2023-49098-19/09/2025","MOUNT GAMBIER","CC MT.GAMBIER.",2,1,0,0,1,2023,"December","Friday","01:20 pm",60,"Sealed","Dry","Not Raining","Daylight","Right Turn",2,,,1511787.45,1339461.41
"2023-49100-19/09/2025","TENNYSON","CITY OF CHARLES STURT",4,1,0,0,1,2023,"December","Friday","02:14 pm",60,"Sealed","Dry","Not Raining","Daylight","Hit Fixed Object",1,,,1318172.99,1676344.41
"2023-49105-19/09/2025","TORRENSVILLE","CITY OF WEST TORRENS",2,1,0,0,1,2023,"December","Friday","05:15 pm",60,"Sealed","Dry","Not Raining","Daylight","Rear End",1,,,1325445.43,1671942.01
"2023-49108-19/09/2025","UNDERDALE","CITY OF WEST TORRENS",2,1,0,0,1,2023,"December","Friday","06:43 pm",60,"Sealed","Dry","Not Raining","Daylight","Right Turn",1,,,1323851.85,1670942.12
"2023-49112-19/09/2025","TANUNDA","LIGHT REGIONAL COUNCIL",2,1,0,1,0,2023,"December","Friday","10:46 pm",90,"Sealed","Dry","Not Raining","Night","Roll Over",1,"Y","Y",1360040.49,1712488.45
"2023-49113-19/09/2025","OAKLANDS PARK","CC MARION.",2,1,0,0,1,2023,"December","Saturday","09:15 am",50,"Sealed","Dry","Not Raining","Daylight","Right Angle",2,,,1323236.22,1661940.17
"2023-49122-19/09/2025","MARINO","CC MARION.",2,1,0,1,0,2023,"December","Saturday","12:30 pm",50,"Sealed","Dry","Not Raining","Daylight","Hit Fixed Object",1,,,1320398.34,1657837.15
"2023-49131-19/09/2025","NORWOOD","CC OF NORWOOD,PAYNEHAM & ST PETERS",2,1,0,0,1,2023,"December","Saturday","06:18 pm",60,"Sealed","Dry","Not Raining","Daylight","Right Angle",2,,,1330623.32,1670361.88
"2023-49141-19/09/2025","TENNYSON","CITY OF CHARLES STURT",3,2,0,0,2,2023,"December","Sunday","07:58 am",60,"Sealed","Dry","Not Raining","Daylight","Right Angle",1,,,1318466.21,1674457.11
"2023-49143-19/09/2025","NORTON SUMMIT","THE ADELAIDE HILLS COUNCIL",1,1,0,0,1,2023,"December","Sunday","09:14 am",60,"Sealed","Dry","Not Raining","Daylight","Roll Over",1,,,1340678.85,1671143.56
"2023-49144-19/09/2025","MYLOR","THE ADELAIDE HILLS COUNCIL",1,1,0,0,1,2023,"December","Sunday","08:15 am",80,"Sealed","Dry","Not Raining","Daylight","Left Road - Out of Control",1,,,1343235.3,1658648.71
"2023-49147-19/09/2025","OVINGHAM","CITY OF CHARLES STURT",2,1,0,1,0,2023,"December","Sunday","12:36 pm",50,"Sealed","Dry","Not Raining","Daylight","Hit Fixed Object",1,,,1327295.32,1673798.07
"2023-49153-19/09/2025","ELIZABETH VALE","CITY OF PLAYFORD.",2,2,0,0,2,2023,"December","Sunday","06:31 pm",80,"Sealed","Dry","Not Raining","Daylight","Hit Fixed Object",1,,,1336204.38,1690067.57
"2023-49161-19/09/2025","LOCKLEYS","CITY OF WEST TORRENS",2,1,0,0,1,2023,"December","Monday","01:55 am",60,"Sealed","Dry","Not Raining","Night","Hit Fixed Object",1,"Y",,1322350.36,1670012.81
"2023-49163-19/09/2025","MAWSON LAKES","CITY OF SALISBURY",3,1,0,1,0,2023,"December","Monday","05:50 am",80,"Sealed","Dry","Not Raining","Night","Hit Parked Vehicle",1,,,1328666.32,1684307.04
"2023-49164-19/09/2025","MODBURY HEIGHTS","CITY OF TEA TREE GULLY",2,1,0,0,1,2023,"December","Monday","07:15 am",80,"Sealed","Dry","Not Raining","Daylight","Rear End",2,,,1335824.13,1682873.66
"2023-49166-19/09/2025","MUNNO PARA","CITY OF PLAYFORD.",2,1,0,0,1,2023,"December","Monday","08:08 am",60,"Sealed","Dry","Not Raining","Daylight","Right Angle",2,,,1336692.66,1698550.18
"2023-49169-19/09/2025","BLACK FOREST","CITY OF UNLEY",2,1,0,0,1,2023,"December","Monday","06:58 am",40,"Sealed","Dry","Not Raining","Daylight","Rear End",1,,,1326665.84,1666860.48
"2023-49171-19/09/2025","SEMAPHORE","CITY OF PORT ADELAIDE ENFIELD",2,1,0,0,1,2023,"December","Monday","09:41 am",50,"Sealed","Dry","Not Raining","Daylight","Hit Parked Vehicle",2,,,1318382.05,1680601.51
"2023-49172-19/09/2025","NEWTON","CC CAMPBELLTOWN.",3,1,0,0,1,2023,"December","Monday","09:30 am",60,"Sealed","Dry","Not Raining","Daylight","Hit Parked Vehicle",1,,,1335603.34,1674568.31
"2023-49180-19/09/2025","GLENELG","CITY OF HOLDFAST BAY",3,1,0,0,1,2023,"December","Monday","11:00 am",40,"Sealed","Dry","Not Raining","Daylight","Hit Parked Vehicle",2,,,1320398.33,1664882.58
"2023-49189-19/09/2025","GEPPS CROSS","CITY OF PORT ADELAIDE ENFIELD",1,1,0,1,0,2023,"December","Monday","04:00 pm",70,"Sealed","Dry","Not Raining","Daylight","Roll Over",1,,,1327832.26,1679855.88
"2023-49190-19/09/2025","ALDINGA BEACH","CITY OF ONKAPARINGA",2,1,0,0,1,2023,"December","Monday","05:00 pm",50,"Sealed","Dry","Not Raining","Daylight","Roll Over",1,,,1313881.43,1633027.95
"2023-49193-19/09/2025","QUORN","THE FLINDERS RANGES COUNCIL.",1,1,0,1,0,2023,"December","Monday","05:35 pm",110,"Sealed","Dry","Not Raining","Daylight","Roll Over",1,,,1288765.4,1960244.44
"2023-49201-19/09/2025","ROCKLEIGH","MID MURRAY DISTRICT COUNCIL",2,1,0,1,0,2023,"December","Monday","05:25 pm",100,"Unsealed","Dry","Not Raining","Daylight","Hit Fixed Object",1,,,1376568.53,1665858.54
"2023-49204-19/09/2025","EDWARDSTOWN","CC MARION.",2,2,0,0,2,2023,"December","Tuesday","09:02 am",50,"Sealed","Dry","Not Raining","Daylight","Hit Fixed Object",1,,,1325754.33,1664782.34
"2023-49209-19/09/2025","STIRLING","THE ADELAIDE HILLS COUNCIL",1,1,0,0,1,2023,"December","Tuesday","10:35 am",100,"Sealed","Dry","Not Raining","Daylight","Roll Over",1,,,1338174.21,1662272.07
"2023-49212-19/09/2025","HIGHBURY","CITY OF TEA TREE GULLY",2,1,0,0,1,2023,"December","Tuesday","01:09 pm",60,"Sealed","Dry","Not Raining","Daylight","Right Angle",2,,,1337430.08,1678137.23
"2023-49214-19/09/2025","FULHAM GARDENS","CITY OF CHARLES STURT",2,1,0,0,1,2023,"December","Tuesday","01:38 pm",60,"Sealed","Dry","Not Raining","Daylight","Side Swipe",2,,,1320779.19,1673069.99
"2023-49215-19/09/2025","STEPNEY","CC OF NORWOOD,PAYNEHAM & ST PETERS",2,1,0,0,1,2023,"December","Tuesday","02:07 pm",60,"Sealed","Dry","Not Raining","Daylight","Right Turn",1,,,1331106.72,1672391.46
"2023-49216-19/09/2025","NORWOOD","CC OF NORWOOD,PAYNEHAM & ST PETERS",3,3,0,0,3,2023,"December","Tuesday","02:45 pm",60,"Sealed","Dry","Not Raining","Daylight","Rear End",1,,,1331230.13,1671062.97
"2023-49226-19/09/2025","GREENACRES","CITY OF PORT ADELAIDE ENFIELD",2,3,0,0,3,2023,"December","Tuesday","06:32 pm",60,"Sealed","Dry","Not Raining","Daylight","Right Angle",1,,,1331372.92,1676592.98
"2023-49232-19/09/2025","WOODSIDE","THE ADELAIDE HILLS COUNCIL",2,1,0,1,0,2023,"December","Tuesday","10:27 pm",80,"Sealed","Dry","Not Raining","Night","Hit Fixed Object",1,,,1355552.38,1666562.71
"2023-49240-19/09/2025","HENLEY BEACH","CITY OF CHARLES STURT",2,1,0,0,1,2023,"December","Monday","03:50 pm",50,"Sealed","Dry","Not Raining","Daylight","Rear End",2,,,1319560.54,1672323.97
"2023-49241-19/09/2025","EDWARDSTOWN","CC MARION.",1,1,0,1,0,2023,"November","Saturday","04:00 pm",60,"Sealed","Dry","Not Raining","Daylight","Roll Over",1,,,1325417.7,1663421.23
"2023-49242-19/09/2025","BUGLE RANGES","DC MT.BARKER.",1,1,0,1,0,2023,"December","Wednesday","10:15 am",60,"Unsealed","Dry","Not Raining","Daylight","Roll Over",1,,,1351861.84,1646877.57
"2023-49243-19/09/2025","CROMER","THE ADELAIDE HILLS COUNCIL",2,1,0,0,1,2023,"December","Wednesday","09:40 am",80,"Unsealed","Dry","Not Raining","Daylight","Hit Fixed Object",1,,"Y",1362959.91,1685188.56
"2023-49245-19/09/2025","ST MARYS","CC MITCHAM.",1,1,0,0,1,2023,"September","Monday","08:00 am",60,"Sealed","Dry","Not Raining","Daylight","Roll Over",1,,"Y",1325965.45,1663318.74
"2023-49247-19/09/2025","MAYLANDS","CC OF NORWOOD,PAYNEHAM & ST PETERS",3,2,0,0,2,2023,"December","Wednesday","12:19 pm",60,"Sealed","Dry","Not Raining","Daylight","Rear End",2,,,1332238.21,1671761.6
"2023-49249-19/09/2025","RIVERGLADES","RC MURRAY BRIDGE.",2,2,0,0,2,2023,"December","Wednesday","12:47 pm",50,"Sealed","Dry","Not Raining","Daylight","Right Angle",2,,,1392080.7,1648666.18
"2023-49261-19/09/2025","WAYVILLE","CITY OF UNLEY",2,2,0,0,2,2023,"December","Wednesday","04:50 pm",60,"Sealed","Dry","Not Raining","Daylight","Right Angle",1,,,1328088,1668934.15
"2023-49267-19/09/2025","LEIGHTON","REGIONAL COUNCIL OF GOYDER",1,1,0,0,1,2023,"December","Wednesday","04:00 pm",100,"Sealed","Dry","Not Raining","Daylight","Roll Over",1,,,1347562.97,1815804.09
"2023-49276-19/09/2025","STURT","CC MARION.",3,1,0,0,1,2023,"December","Thursday","10:00 am",60,"Sealed","Dry","Not Raining","Daylight","Right Turn",2,,,1324079.92,1660660.22
"2023-49279-19/09/2025","EBA","MID MURRAY DISTRICT COUNCIL",2,1,1,0,0,2023,"December","Thursday","08:48 am",100,"Unsealed","Dry","Not Raining","Daylight","Hit Animal",2,,,1420329.17,1755612.98
"2023-49280-19/09/2025","PORT PIRIE","PT.PIRIE CITY & DIST. COUNCIL",2,3,0,0,3,2023,"December","Thursday","12:00 pm",50,"Sealed","Dry","Not Raining","Daylight","Right Angle",1,,,1279922.32,1866065.47
"2023-49288-19/09/2025","ALDGATE","THE ADELAIDE HILLS COUNCIL",3,1,0,0,1,2023,"December","Thursday","02:41 pm",110,"Sealed","Dry","Not Raining","Daylight","Rear End",1,,,1342149.56,1661742.87
"2023-49294-19/09/2025","MODBURY NORTH","CITY OF TEA TREE GULLY",2,1,0,0,1,2023,"December","Thursday","04:10 pm",80,"Sealed","Dry","Not Raining","Daylight","Rear End",2,,,1335966.45,1682345.59
"2023-49303-19/09/2025","ST PETERS","CC OF NORWOOD,PAYNEHAM & ST PETERS",2,1,0,0,1,2023,"December","Thursday","11:29 am",60,"Sealed","Dry","Not Raining","Daylight","Rear End",2,,,1331123.97,1672414.6
"2023-49304-19/09/2025","CLARENDON","CITY OF ONKAPARINGA",2,1,0,0,1,2023,"December","Thursday","07:01 pm",80,"Sealed","Dry","Not Raining","Daylight","Roll Over",2,,,1331615.98,1648618.86
"2023-49309-19/09/2025","ECHUNGA","DC MT.BARKER.",2,1,0,0,1,2023,"December","Friday","08:10 am",80,"Sealed","Dry","Not Raining","Daylight","Head On",1,,,1347159.12,1650727.27
"2023-49313-19/09/2025","LONSDALE","CITY OF ONKAPARINGA",3,1,0,0,1,2023,"December","Friday","09:20 am",80,"Sealed","Wet","Not Raining","Daylight","Right Turn",2,,,1317834.84,1649782.11
"2023-49316-19/09/2025","BOLIVAR","CITY OF SALISBURY",3,2,0,0,2,2023,"December","Friday","10:00 am",90,"Sealed","Wet","Raining","Daylight","Right Angle",1,,,1328471.89,1688636.97
"2023-49320-19/09/2025","POORAKA","CITY OF SALISBURY",2,1,0,0,1,2023,"December","Thursday","05:00 pm",70,"Sealed","Dry","Not Raining","Daylight","Rear End",2,,,1330465.1,1681818.42
"2023-49321-19/09/2025","HECTORVILLE","CC CAMPBELLTOWN.",2,1,0,0,1,2023,"December","Friday","09:13 am",60,"Sealed","Dry","Not Raining","Daylight","Rear End",2,,,1333808.63,1673873.58
"2023-49323-19/09/2025","RIVERTON","CLARE AND GILBERT VALLEYS DISTRICT COUNCIL",2,1,0,0,1,2023,"December","Friday","01:00 pm",100,"Sealed","Dry","Not Raining","Daylight","Head On",1,,,1344929.42,1756833.5
"2023-49327-19/09/2025","GREEN FIELDS","CITY OF SALISBURY",2,2,0,0,2,2023,"December","Friday","02:15 pm",70,"Sealed","Dry","Not Raining","Daylight","Right Angle",1,,"Y",1329681.88,1684597.96
"2023-49328-19/09/2025","NORWOOD","CC OF NORWOOD,PAYNEHAM & ST PETERS",2,1,0,0,1,2023,"December","Friday","01:05 pm",60,"Sealed","Dry","Not Raining","Daylight","Right Turn",2,,,1331050.68,1670376
"2023-49330-19/09/2025","NORTHFIELD","CITY OF PORT ADELAIDE ENFIELD",2,3,0,0,3,2023,"December","Friday","03:09 pm",60,"Sealed","Dry","Not Raining","Daylight","Side Swipe",1,,,1330506.38,1678042.64
"2023-49339-19/09/2025","DRY CREEK","CITY OF PORT ADELAIDE ENFIELD",2,1,0,0,1,2023,"December","Friday","04:15 pm",60,"Sealed","Dry","Not Raining","Daylight","Right Angle",1,,,1327256.25,1680136.53