"REPORT_ID","Suburb","LGA Name","Total Units","Total Cas","Total Fats","Total SI","Total MI","Year","Month","Day","Time","Area Speed","Road Surface","Moisture Cond","Weather Cond","DayNight","Crash Type","Unit Resp","DUI Involved","Drugs Involved","ACCLOC_X","ACCLOC_Y"
"2023-49342-19/09/2025","BARMERA","THE BERRI BARMERA COUNCIL",2,1,0,0,1,2023,"December","Friday","06:00 pm",60,"Sealed","Dry","Not Raining","Daylight","Right Angle",2,,,1501134.29,1736921.25
"2023-49343-19/09/2025","MIDDLE RIVER","KANGAROO ISLAND COUNCIL",2,1,0,0,1,2023,"December","Friday","08:00 pm",100,"Unsealed","Dry","Not Raining","Daylight","Roll Over",1,"Y",,1186839.12,1591800.04
"2023-49347-19/09/2025","HINDMARSH","CITY OF CHARLES STURT",2,1,0,1,0,2023,"December","Friday","10:45 pm",60,"Sealed","Wet","Raining","Night","Hit Pedestrian",2,,,1326125.23,1672575.24
"2023-49349-19/09/2025","LAMEROO","SOUTHERN MALLEE DISTRICT COUNCIL",2,1,0,1,0,2023,"December","Saturday","04:55 am",110,"Sealed","Dry","Not Raining","Night","Hit Fixed Object",1,,,1505381.97,1619525.48
"2023-49354-19/09/2025","THEBARTON","CITY OF WEST TORRENS",2,1,0,0,1,2023,"December","Saturday","11:00 am",60,"Sealed","Wet","Raining","Daylight","Rear End",2,,,1326511.33,1672105.66
"2023-49355-19/09/2025","WEST LAKES","CITY OF CHARLES STURT",2,1,0,0,1,2023,"December","Saturday","09:30 am",60,"Sealed","Wet","Raining","Daylight","Right Turn",1,,,1319878.85,1675858.09
"2023-49358-19/09/2025","FELIXSTOW","CC OF NORWOOD,PAYNEHAM & ST PETERS",2,1,0,1,0,2023,"December","Saturday","11:55 am",50,"Sealed","Wet","Raining","Daylight","Right Angle",1,,,1332489.63,1674739.1
"2023-49361-19/09/2025","ROWLAND FLAT","THE BAROSSA COUNCIL.",1,1,0,0,1,2023,"December","Saturday","01:30 pm",90,"Sealed","Wet","Raining","Daylight","Left Road - Out of Control",1,,,1359613.56,1706626.79
"2023-49363-19/09/2025","RENMARK SOUTH","DC RENMARK PARINGA",2,1,0,0,1,2023,"December","Saturday","02:20 pm",90,"Sealed","Dry","Not Raining","Daylight","Side Swipe",1,,,1524875.93,1742300.21
"2023-49371-19/09/2025","MARLESTON","CITY OF WEST TORRENS",2,1,0,0,1,2023,"December","Saturday","05:10 pm",60,"Sealed","Wet","Raining","Daylight","Right Turn",1,,,1325804.54,1668662.79
"2023-49373-19/09/2025","BEDFORD PARK","CC MARION.",2,1,0,0,1,2023,"December","Saturday","06:45 pm",50,"Sealed","Wet","Raining","Daylight","Hit Fixed Object",1,,"Y",1325127,1660448.01
"2023-49374-19/09/2025","PINERY","WAKEFIELD REGIONAL COUNCIL",2,2,0,0,2,2023,"December","Saturday","07:00 pm",100,"Sealed","Wet","Raining","Daylight","Rear End",2,,,1320103.46,1741090.48
"2023-49376-19/09/2025","JAMESTOWN","NORTHERN AREAS DISTRICT COUNCIL",2,2,0,0,2,2023,"December","Sunday","12:02 am",50,"Sealed","Wet","Raining","Night","Hit Fixed Object",1,"Y",,1336076.36,1862111.4
"2023-49383-19/09/2025","WHITE HILL","RC MURRAY BRIDGE.",1,1,0,1,0,2023,"December","Sunday","09:00 am",110,"Sealed","Wet","Raining","Daylight","Roll Over",1,,,1381618.89,1643654.04
"2023-49385-19/09/2025","PARADISE","CC CAMPBELLTOWN.",2,1,0,0,1,2023,"December","Sunday","11:50 am",60,"Sealed","Wet","Not Raining","Daylight","Rear End",2,,,1335650.15,1676736.22
"2023-49393-19/09/2025","PORT ADELAIDE","CITY OF PORT ADELAIDE ENFIELD",2,1,0,0,1,2023,"December","Sunday","02:13 pm",50,"Sealed","Dry","Not Raining","Daylight","Right Angle",1,,,1319866.72,1679909.05
"2023-49394-19/09/2025","SEATON","CITY OF CHARLES STURT",3,1,0,0,1,2023,"December","Sunday","02:24 pm",60,"Sealed","Wet","Raining","Daylight","Rear End",1,,,1320739.61,1675108.26
"2023-49398-19/09/2025","GOLDEN GROVE","CITY OF TEA TREE GULLY",3,1,0,0,1,2023,"December","Sunday","02:27 pm",60,"Sealed","Dry","Not Raining","Daylight","Rear End",1,,,1337533.29,1685117.24
"2023-49401-19/09/2025","BALAKLAVA","WAKEFIELD REGIONAL COUNCIL",2,1,0,0,1,2023,"December","Sunday","02:45 pm",100,"Sealed","Wet","Raining","Daylight","Hit Fixed Object",1,"Y",,1315879.61,1754813.79
"2023-49402-19/09/2025","PENFIELD","CITY OF PLAYFORD.",2,4,0,0,4,2023,"December","Sunday","04:05 pm",80,"Sealed","Wet","Raining","Daylight","Right Angle",1,,"Y",1333441.32,1696359.08
"2023-49403-19/09/2025","SECOND VALLEY","DC YANKALILLA.",1,5,1,4,0,2023,"December","Sunday","05:15 pm",100,"Sealed","Wet","Unknown","Daylight","Roll Over",1,,,1292241.65,1604546.45
"2023-49416-19/09/2025","BUGLE RANGES","DC MT.BARKER.",2,1,0,0,1,2023,"December","Monday","08:50 am",80,"Sealed","Dry","Not Raining","Daylight","Hit Fixed Object",1,,,1348683.09,1649078.94
"2023-49419-19/09/2025","PROSPECT","CITY OF PROSPECT",2,1,0,0,1,2023,"December","Monday","11:25 am",60,"Sealed","Wet","Raining","Daylight","Hit Pedestrian",2,,,1328870.58,1676200.87
"2023-49422-19/09/2025","TWO WELLS","DC MALLALA.",2,2,0,0,2,2023,"December","Monday","01:16 pm",110,"Sealed","Wet","Raining","Daylight","Right Angle",2,,,1321989.46,1706605.39
"2023-49424-19/09/2025","WOODCROFT","CITY OF ONKAPARINGA",3,1,0,0,1,2023,"December","Thursday","09:30 pm",50,"Sealed","Wet","Not Raining","Night","Hit Animal",2,,,1325358.83,1652011.84
"2023-49428-19/09/2025","ADELAIDE","CITY OF ADELAIDE",2,1,0,0,1,2023,"December","Monday","02:10 pm",50,"Sealed","Wet","Not Raining","Daylight","Hit Pedestrian",2,,,1328103.83,1670819.49
"2023-49430-19/09/2025","HINDMARSH","CITY OF CHARLES STURT",2,1,0,0,1,2023,"December","Monday","04:15 pm",60,"Sealed","Wet","Raining","Daylight","Right Angle",2,,,1325953.54,1673117.02
"2023-49435-19/09/2025","HILLIER","CT GAWLER.",2,2,0,0,2,2023,"December","Monday","05:08 pm",80,"Sealed","Wet","Raining","Daylight","Hit Fixed Object",1,,,1337024.86,1703511.11
"2023-49441-19/09/2025","ALLENDALE NORTH","LIGHT REGIONAL COUNCIL",2,1,1,0,0,2023,"December","Monday","06:25 pm",100,"Sealed","Unknown","Unknown","Daylight","Hit Fixed Object",1,,"Y",1357777.79,1741351.09
"2023-49444-19/09/2025","MURRAY BRIDGE","RC MURRAY BRIDGE.",2,2,0,0,2,2023,"December","Monday","07:10 pm",50,"Sealed","Wet","Raining","Daylight","Right Angle",1,,,1388961.56,1646041.94
"2023-49450-19/09/2025","TORRENSVILLE","CITY OF WEST TORRENS",3,1,0,1,0,2023,"December","Tuesday","07:15 am",60,"Sealed","Wet","Raining","Daylight","Hit Fixed Object",9,,,1325416.27,1672003.04
"2023-49466-19/09/2025","GOLDEN GROVE","CITY OF TEA TREE GULLY",2,1,0,0,1,2023,"December","Tuesday","12:43 pm",60,"Sealed","Dry","Not Raining","Daylight","Right Angle",2,,,1337954.42,1685111.65
"2023-49471-19/09/2025","NORTH ADELAIDE","CITY OF ADELAIDE",2,1,0,1,0,2023,"December","Tuesday","01:25 pm",50,"Sealed","Dry","Not Raining","Daylight","Hit Pedestrian",2,,,1328785.56,1672124.97
"2023-49476-19/09/2025","FORESTVILLE","CITY OF UNLEY",2,1,0,0,1,2023,"December","Tuesday","03:00 pm",40,"Sealed","Dry","Not Raining","Daylight","Right Turn",1,,,1326900.83,1668160.49
"2023-49477-19/09/2025","MORPHETT VALE","CITY OF ONKAPARINGA",2,1,0,0,1,2023,"December","Tuesday","03:14 pm",50,"Sealed","Dry","Not Raining","Daylight","Hit Pedestrian",2,,,1320290.66,1650458.68
"2023-49478-19/09/2025","URRBRAE","CC MITCHAM.",3,1,0,0,1,2023,"December","Tuesday","03:42 pm",60,"Sealed","Dry","Not Raining","Daylight","Right Angle",2,,,1330776.34,1665958.91
"2023-49481-19/09/2025","GAWLER","CT GAWLER.",2,1,0,0,1,2023,"December","Tuesday","11:00 am",50,"Sealed","Dry","Not Raining","Daylight","Rear End",2,,,1343359.66,1706705.69
"2023-49482-19/09/2025","BIBARINGA","CITY OF PLAYFORD.",1,1,0,0,1,2023,"December","Tuesday","04:47 pm",80,"Sealed","Dry","Not Raining","Daylight","Roll Over",1,,,1344368.01,1700833.36
"2023-49484-19/09/2025","EVANSTON SOUTH","CT GAWLER.",2,2,0,0,2,2023,"December","Tuesday","05:05 pm",90,"Sealed","Dry","Not Raining","Daylight","Side Swipe",2,,,1340943.52,1701990.7
"2023-49486-19/09/2025","ONKAPARINGA HILLS","CITY OF ONKAPARINGA",2,1,0,0,1,2023,"December","Tuesday","05:43 pm",80,"Sealed","Wet","Not Raining","Daylight","Hit Fixed Object",1,,,1327246.9,1649897.17
"2023-49488-19/09/2025","SEAFORD MEADOWS","CITY OF ONKAPARINGA",3,2,0,0,2,2023,"December","Tuesday","05:30 pm",60,"Sealed","Dry","Not Raining","Daylight","Rear End",1,,,1318159.89,1642899.19
"2023-49495-19/09/2025","MITCHAM","CC MITCHAM.",2,1,0,0,1,2023,"December","Wednesday","08:10 am",50,"Sealed","Dry","Not Raining","Daylight","Hit Fixed Object",1,,,1329861.89,1663804.1
"2023-49496-19/09/2025","ST AGNES","CITY OF TEA TREE GULLY",2,1,0,0,1,2023,"December","Wednesday","08:17 am",60,"Sealed","Dry","Not Raining","Daylight","Hit Pedestrian",2,,,1338661.11,1681342.72
"2023-49497-19/09/2025","FULLARTON","CITY OF UNLEY",3,2,1,0,1,2023,"December","Wednesday","08:00 am",25,"Sealed","Dry","Not Raining","Daylight","Hit Parked Vehicle",1,,,1330425.77,1667474.48
"2023-49500-19/09/2025","PARADISE","CC CAMPBELLTOWN.",2,1,0,0,1,2023,"December","Wednesday","10:00 am",60,"Sealed","Dry","Not Raining","Daylight","Right Angle",1,,,1336323.37,1676657.04
"2023-49501-19/09/2025","MORPHETT VALE","CITY OF ONKAPARINGA",2,1,0,1,0,2023,"December","Wednesday","10:30 am",60,"Sealed","Dry","Not Raining","Daylight","Right Angle",1,,,1319616.97,1649541.88
"2023-49502-19/09/2025","MARION","CC MARION.",2,1,0,0,1,2023,"December","Tuesday","01:30 pm",50,"Sealed","Wet","Not Raining","Daylight","Right Angle",2,,,1324103.26,1661327.91
"2023-49505-19/09/2025","SEACOMBE GARDENS","CC MARION.",2,1,0,0,1,2023,"December","Wednesday","11:30 am",60,"Sealed","Wet","Raining","Daylight","Rear End",2,,,1323113.6,1660634.62
"2023-49510-19/09/2025","MOUNT GEORGE","THE ADELAIDE HILLS COUNCIL",2,1,0,0,1,2023,"December","Wednesday","01:12 pm",60,"Sealed","Wet","Raining","Daylight","Right Angle",2,,"Y",1342836.22,1661698.25
"2023-49512-19/09/2025","LOCKLEYS","CITY OF WEST TORRENS",2,1,0,0,1,2023,"December","Tuesday","05:30 pm",60,"Sealed","Dry","Not Raining","Daylight","Rear End",2,,,1320911.17,1669960.22
"2023-49517-19/09/2025","MAGILL","CC CAMPBELLTOWN.",2,2,0,0,2,2023,"December","Wednesday","01:45 pm",60,"Sealed","Dry","Not Raining","Daylight","Rear End",2,,,1335481.11,1671908.73
"2023-49519-19/09/2025","PORT ADELAIDE","CITY OF PORT ADELAIDE ENFIELD",2,1,0,0,1,2023,"December","Wednesday","04:54 pm",50,"Sealed","Dry","Not Raining","Daylight","Right Angle",1,,,1320284.98,1679992.97
"2023-49524-19/09/2025","PARACOMBE","THE ADELAIDE HILLS COUNCIL",1,1,0,0,1,2023,"December","Thursday","01:52 am",80,"Sealed","Wet","Raining","Night","Roll Over",1,,,1344295.62,1676893.07
"2023-49526-19/09/2025","SUTTONTOWN","DISTRICT COUNCIL OF GRANT",2,3,0,0,3,2023,"December","Thursday","08:05 am",60,"Sealed","Dry","Not Raining","Daylight","Right Angle",2,,,1510261.7,1343360
"2023-49527-19/09/2025","TUNGKILLO","MID MURRAY DISTRICT COUNCIL",2,1,0,0,1,2023,"December","Thursday","06:05 am",100,"Sealed","Wet","Unknown","Daylight","Hit Fixed Object",1,,,1370609.89,1681376.05
"2023-49528-19/09/2025","NETHERBY","CC MITCHAM.",2,1,0,0,1,2023,"December","Thursday","08:29 am",60,"Sealed","Dry","Not Raining","Daylight","Rear End",2,,,1330776.34,1665958.91
"2023-49530-19/09/2025","WHYALLA NORRIE","CC WHYALLA.",2,1,0,0,1,2023,"December","Thursday","08:55 am",60,"Sealed","Dry","Not Raining","Daylight","Right Angle",2,,,1237801.32,1883834.65
"2023-49535-19/09/2025","TAILEM BEND","COORONG DISTRICT COUNCIL",2,1,0,0,1,2023,"December","Thursday","08:30 am",110,"Sealed","Dry","Not Raining","Daylight","Hit Fixed Object",1,,,1410876.71,1631226.34
"2023-49542-19/09/2025","WARRADALE","CC MARION.",3,1,0,0,1,2023,"December","Thursday","12:01 pm",60,"Sealed","Dry","Not Raining","Daylight","Rear End",1,,,1322663.87,1661624.31
"2023-49548-19/09/2025","WILMINGTON","DC MT.REMARKABLE.",1,1,0,0,1,2023,"December","Thursday","10:40 am",50,"Sealed","Dry","Not Raining","Daylight","Roll Over",1,,,1290203.68,1923473.18
"2023-49552-19/09/2025","WATERLOO CORNER","CITY OF SALISBURY",2,2,0,0,2,2023,"December","Thursday","04:50 pm",90,"Sealed","Dry","Not Raining","Daylight","Rear End",2,,,1327645.93,1692118.06
"2023-49561-19/09/2025","KELLY","DC KIMBA.",1,1,0,1,0,2023,"December","Thursday","05:00 pm",80,"Unsealed","Dry","Not Raining","Daylight","Roll Over",9,,,1145920,1862968.91
"2023-49564-19/09/2025","CHANDLERS HILL","CITY OF ONKAPARINGA",1,1,0,0,1,2023,"December","Thursday","10:12 pm",80,"Sealed","Dry","Not Raining","Night","Roll Over",1,,"Y",1326871.1,1651124.93
"2023-49571-19/09/2025","ROYAL PARK","CITY OF CHARLES STURT",2,1,0,0,1,2023,"December","Thursday","08:45 pm",60,"Sealed","Dry","Not Raining","Night","Rear End",2,,,1320670.5,1677618.27
"2023-49575-19/09/2025","CAMDEN PARK","CITY OF WEST TORRENS",2,1,0,0,1,2023,"December","Thursday","02:30 pm",60,"Sealed","Dry","Not Raining","Daylight","Rear End",2,,,1322588.76,1667003.62
"2023-49581-19/09/2025","HILLCREST","CITY OF PORT ADELAIDE ENFIELD",2,1,0,0,1,2023,"December","Thursday","04:40 pm",60,"Sealed","Dry","Not Raining","Daylight","Right Turn",1,,,1333153.94,1677525.54
"2023-49582-19/09/2025","GUMERACHA","THE ADELAIDE HILLS COUNCIL",2,1,0,0,1,2023,"December","Thursday","05:55 am",80,"Sealed","Dry","Not Raining","Night","Head On",1,,,1356062.5,1681376.87
"2023-49583-19/09/2025","ALDINGA","CITY OF ONKAPARINGA",2,1,0,0,1,2023,"December","Friday","09:00 am",70,"Sealed","Dry","Not Raining","Daylight","Right Angle",1,,,1316061.41,1631986.32
"2023-49585-19/09/2025","BIGGS FLAT","DC MT.BARKER.",4,1,0,0,1,2023,"December","Friday","09:47 am",40,"Sealed","Dry","Not Raining","Daylight","Rear End",1,,,1344127.74,1653816.98
"2023-49589-19/09/2025","SOUTHEND","WATTLE RANGE COUNCIL",1,1,0,1,0,2023,"December","Friday","11:30 am",40,"Unsealed","Dry","Not Raining","Daylight","Roll Over",1,,,1453238.93,1370844.09
"2023-49590-19/09/2025","EUDUNDA","REGIONAL COUNCIL OF GOYDER",2,1,0,0,1,2023,"December","Thursday","10:20 pm",50,"Sealed","Wet","Raining","Night","Rear End",1,"Y",,1375889.78,1752343
"2023-49594-19/09/2025","GOMERSAL","LIGHT REGIONAL COUNCIL",1,1,0,0,1,2023,"December","Friday","02:44 pm",90,"Sealed","Dry","Not Raining","Daylight","Roll Over",1,,,1357648.42,1713371.53
"2023-49596-19/09/2025","ENFIELD","CITY OF PORT ADELAIDE ENFIELD",2,1,0,0,1,2023,"December","Friday","03:55 pm",60,"Sealed","Dry","Not Raining","Daylight","Rear End",2,,,1328833.13,1677737.98
"2023-49607-19/09/2025","QUORN","THE FLINDERS RANGES COUNCIL.",2,1,0,0,1,2023,"December","Wednesday","05:00 pm",110,"Sealed","Dry","Not Raining","Daylight","Hit Animal",2,,,1287963.94,1959202.06
"2023-49608-19/09/2025","FELIXSTOW","CC OF NORWOOD,PAYNEHAM & ST PETERS",3,1,0,0,1,2023,"December","Friday","06:40 pm",50,"Sealed","Dry","Not Raining","Daylight","Hit Parked Vehicle",1,,,1333457.25,1674736.88
"2023-49609-19/09/2025","FULHAM GARDENS","CITY OF CHARLES STURT",3,1,0,0,1,2023,"November","Tuesday","05:20 pm",60,"Sealed","Dry","Not Raining","Daylight","Rear End",2,,,1320809.12,1671386.12
"2023-49614-19/09/2025","LONSDALE","CC MARION.",3,1,0,1,0,2023,"December","Saturday","05:31 am",100,"Sealed","Dry","Not Raining","Night","Hit Animal",2,,,1318500.55,1652771.04
"2023-49620-19/09/2025","PARAFIELD","CITY OF SALISBURY",2,1,0,0,1,2023,"December","Saturday","10:55 am",70,"Sealed","Dry","Not Raining","Daylight","Right Turn",2,,,1331812.14,1683486.03
"2023-49624-19/09/2025","LOCKLEYS","CITY OF WEST TORRENS",2,1,0,0,1,2023,"December","Monday","04:30 pm",60,"Sealed","Unknown","Unknown","Daylight","Rear End",2,,,1320913.95,1669976.03
"2023-49626-19/09/2025","SOMERTON PARK","CITY OF HOLDFAST BAY",2,1,0,1,0,2023,"December","Saturday","01:10 pm",60,"Sealed","Dry","Not Raining","Daylight","Side Swipe",1,,,1321084.99,1662833.65
"2023-49629-19/09/2025","PARACOMBE","THE ADELAIDE HILLS COUNCIL",2,1,0,0,1,2023,"December","Saturday","12:45 pm",80,"Sealed","Dry","Not Raining","Daylight","Hit Fixed Object",1,,,1343890.31,1676960.79
"2023-49634-19/09/2025","BROOKLYN PARK","CITY OF WEST TORRENS",4,3,0,0,3,2023,"December","Saturday","04:25 pm",60,"Sealed","Dry","Not Raining","Daylight","Right Turn",1,,,1324123.03,1670938.82
"2023-49640-19/09/2025","HALLETT","REGIONAL COUNCIL OF GOYDER",1,1,0,1,0,2023,"December","Saturday","07:20 pm",110,"Sealed","Dry","Not Raining","Daylight","Roll Over",1,,,1361236.8,1832888.07
"2023-49643-19/09/2025","PARALOWIE","CITY OF SALISBURY",2,1,0,0,1,2023,"December","Saturday","10:12 pm",60,"Sealed","Dry","Not Raining","Night","Right Turn",2,,,1331003.78,1690149.8
"2023-49644-19/09/2025","ADELAIDE","CITY OF ADELAIDE",2,1,0,1,0,2023,"December","Sunday","06:00 am",50,"Sealed","Dry","Not Raining","Daylight","Hit Pedestrian",2,,,1328332.1,1671144.81
"2023-49652-19/09/2025","LITTLEHAMPTON","DC MT.BARKER.",2,3,0,0,3,2023,"December","Saturday","09:27 pm",110,"Sealed","Dry","Not Raining","Night","Side Swipe",2,,"Y",1351046.09,1655195.24
"2023-49653-19/09/2025","BOCONNOC PARK","CLARE AND GILBERT VALLEYS DISTRICT COUNCIL",2,4,0,0,4,2023,"December","Sunday","01:20 pm",100,"Sealed","Dry","Not Raining","Daylight","Head On",1,,,1328336.29,1791114.36
"2023-49655-19/09/2025","KORUNYE","DC MALLALA.",2,2,0,0,2,2023,"December","Sunday","11:32 am",100,"Sealed","Dry","Not Raining","Daylight","Rear End",2,,,1321867.08,1710090.13
"2023-49659-19/09/2025","MILLBROOK","THE ADELAIDE HILLS COUNCIL",2,1,0,1,0,2023,"December","Sunday","02:35 pm",80,"Sealed","Dry","Not Raining","Daylight","Hit Fixed Object",9,,,1349408.35,1680971.07
"2023-49660-19/09/2025","CURRENCY CREEK","ALEXANDRINA COUNCIL",2,1,0,0,1,2023,"December","Sunday","03:30 pm",100,"Sealed","Dry","Not Raining","Daylight","Hit Animal",2,,,1338230.19,1611725.44
"2023-49662-19/09/2025","OLD CALPERUM","DC RENMARK PARINGA",2,1,0,0,1,2023,"December","Sunday","04:00 pm",90,"Sealed","Dry","Not Raining","Daylight","Roll Over",1,,,1521043.26,1739940.28
"2023-49664-19/09/2025","HAPPY VALLEY","CITY OF ONKAPARINGA",2,1,0,0,1,2023,"December","Sunday","06:45 pm",80,"Sealed","Dry","Not Raining","Daylight","Right Angle",1,,,1323015.41,1653414.07
"2023-49665-19/09/2025","LOBETHAL","THE ADELAIDE HILLS COUNCIL",1,1,0,0,1,2023,"December","Sunday","06:46 pm",50,"Sealed","Dry","Not Raining","Daylight","Roll Over",1,"Y",,1353804.84,1672350.28
"2023-49666-19/09/2025","GREENACRES","CITY OF PORT ADELAIDE ENFIELD",2,1,0,0,1,2023,"December","Monday","02:30 am",60,"Sealed","Dry","Not Raining","Night","Hit Pedestrian",1,,,1330435.25,1676647.45
"2023-49680-19/09/2025","EDINBURGH","CITY OF SALISBURY",2,2,0,0,2,2023,"December","Monday","09:55 am",50,"Sealed","Dry","Not Raining","Daylight","Rear End",2,,,1333175.59,1689913.11
"2023-49681-19/09/2025","KURRALTA PARK","CITY OF WEST TORRENS",2,1,0,0,1,2023,"December","Thursday","02:15 pm",50,"Sealed","Dry","Not Raining","Daylight","Right Angle",2,,,1325080.91,1667477.58
"2023-49684-19/09/2025","WANGARY","DC LOWER EYRE PENINSULA",2,2,0,0,2,2023,"December","Monday","03:05 pm",100,"Unsealed","Dry","Not Raining","Daylight","Right Angle",2,,,1046811.5,1714394.03
"2023-49689-19/09/2025","NORTH ADELAIDE","CITY OF ADELAIDE",2,1,0,0,1,2023,"December","Monday","05:00 pm",60,"Sealed","Dry","Not Raining","Daylight","Rear End",2,,,1329506,1673063.07
"2023-49690-19/09/2025","STEELTON","CLARE AND GILBERT VALLEYS DISTRICT COUNCIL",2,3,1,1,1,2023,"December","Monday","03:24 pm",100,"Sealed","Dry","Not Raining","Daylight","Right Angle",1,,,1357346.05,1765931.83
"2023-49696-19/09/2025","DIREK","CITY OF SALISBURY",2,1,0,0,1,2023,"December","Sunday","08:40 pm",90,"Sealed","Dry","Not Raining","Night","Right Angle",2,,,1329120.97,1693448.18
"2023-49700-19/09/2025","LINCOLN GAP","CC PT.AUGUSTA.",2,2,1,1,0,2023,"December","Tuesday","02:05 am",110,"Sealed","Dry","Not Raining","Night","Head On",1,,"Y",1245657.24,1933107.44
"2023-49710-19/09/2025","TORRENSVILLE","CITY OF WEST TORRENS",2,1,0,0,1,2023,"December","Tuesday","11:47 am",60,"Sealed","Dry","Not Raining","Daylight","Rear End",2,,,1325754.03,1670993.72
"2023-49722-19/09/2025","CAMPBELLTOWN","CC CAMPBELLTOWN.",2,1,0,1,0,2023,"December","Tuesday","04:16 pm",50,"Sealed","Dry","Not Raining","Daylight","Head On",1,,,1335212.5,1675510.41
"2023-49724-19/09/2025","WATERLOO CORNER","CITY OF PLAYFORD.",2,1,0,0,1,2023,"December","Tuesday","05:02 pm",80,"Sealed","Dry","Not Raining","Daylight","Right Angle",1,,,1325373.15,1696437.79
"2023-49725-19/09/2025","WALKLEY HEIGHTS","CITY OF PORT ADELAIDE ENFIELD",4,1,0,0,1,2023,"December","Tuesday","05:03 pm",70,"Sealed","Dry","Not Raining","Daylight","Rear End",1,,,1333310.98,1679347.64
"2023-49733-19/09/2025","MODBURY NORTH","CITY OF TEA TREE GULLY",2,1,0,0,1,2023,"December","Tuesday","07:42 pm",60,"Sealed","Dry","Not Raining","Daylight","Right Turn",1,,,1336165.68,1681195.41
"2023-49741-19/09/2025","ADELAIDE","CITY OF ADELAIDE",2,1,0,0,1,2023,"December","Wednesday","08:38 am",60,"Sealed","Dry","Not Raining","Daylight","Hit Fixed Object",1,,,1327136.48,1669229.28
"2023-49743-19/09/2025","NOARLUNGA CENTRE","CITY OF ONKAPARINGA",2,1,0,0,1,2023,"December","Wednesday","09:50 am",60,"Sealed","Dry","Not Raining","Daylight","Side Swipe",1,,,1317699.62,1647439.97
"2023-49746-19/09/2025","HAPPY VALLEY","CITY OF ONKAPARINGA",2,1,0,0,1,2023,"December","Wednesday","09:25 am",60,"Sealed","Dry","Not Raining","Daylight","Right Angle",2,,,1324363.9,1653433.61
"2023-49754-19/09/2025","LAMEROO","SOUTHERN MALLEE DISTRICT COUNCIL",3,1,0,0,1,2023,"December","Wednesday","12:54 pm",50,"Sealed","Dry","Not Raining","Daylight","Roll Over",1,,,1500902.26,1618965.86
"2023-49757-19/09/2025","MODBURY HEIGHTS","CITY OF TEA TREE GULLY",2,2,0,0,2,2023,"December","Wednesday","02:00 pm",80,"Sealed","Dry","Not Raining","Daylight","Rear End",2,,,1335801.79,1682896.53
"2023-49760-19/09/2025","UNDERDALE","CITY OF WEST TORRENS",2,1,0,0,1,2023,"November","Tuesday","03:08 pm",60,"Sealed","Dry","Not Raining","Daylight","Rear End",2,,,1323829.19,1671602.14
"2023-49761-19/09/2025","PLYMPTON","CITY OF WEST TORRENS",2,1,0,0,1,2023,"December","Tuesday","03:30 pm",60,"Sealed","Dry","Not Raining","Daylight","Rear End",2,,,1324227.1,1667044.99
"2023-49762-19/09/2025","EMEROO",,1,1,0,1,0,2023,"December","Wednesday","02:27 pm",40,"Unsealed","Dry","Not Raining","Daylight","Roll Over",1,,,1258989.18,1952273.95
"2023-49771-19/09/2025","SOMERTON PARK","CITY OF HOLDFAST BAY",2,1,0,0,1,2023,"December","Wednesday","06:00 pm",60,"Sealed","Dry","Not Raining","Daylight","Rear End",2,,,1321070.79,1663002.72
"2023-49778-19/09/2025","SEFTON PARK","CITY OF PROSPECT",2,1,0,0,1,2023,"December","Wednesday","06:30 pm",60,"Sealed","Dry","Not Raining","Daylight","Rear End",2,,,1328870.71,1676194.41
"2023-49780-19/09/2025","HAHNDORF","DC MT.BARKER.",2,3,1,2,0,2023,"December","Wednesday","10:22 pm",80,"Sealed","Dry","Not Raining","Night","Roll Over",1,,,1348709.2,1657013.76
"2023-49791-19/09/2025","DERNANCOURT","CITY OF TEA TREE GULLY",2,1,0,0,1,2023,"December","Thursday","09:56 am",60,"Sealed","Dry","Not Raining","Daylight","Hit Fixed Object",1,,,1336042.72,1677268.06
"2023-49792-19/09/2025","PROSPECT","CITY OF PROSPECT",3,1,0,0,1,2023,"December","Wednesday","07:00 pm",50,"Sealed","Dry","Not Raining","Daylight","Rear End",1,,,1328086.42,1675193.68
"2023-49799-19/09/2025","CLOVELLY PARK","CC MARION.",2,1,0,0,1,2023,"December","Thursday","02:00 pm",50,"Sealed","Dry","Not Raining","Daylight","Right Angle",2,,,1325642.78,1663287.26
"2023-49801-19/09/2025","BERRI","THE BERRI BARMERA COUNCIL",2,1,0,1,0,2023,"December","Thursday","01:13 pm",50,"Sealed","Dry","Not Raining","Daylight","Hit Fixed Object",1,,,1514325.13,1734300.3
"2023-49803-19/09/2025","EVANSTON PARK","CT GAWLER.",3,3,0,0,3,2023,"December","Thursday","02:36 pm",60,"Sealed","Dry","Not Raining","Daylight","Right Turn",1,,,1342462.56,1704024.12
"2023-49805-19/09/2025","SALISBURY PARK","CITY OF SALISBURY",3,1,0,0,1,2023,"December","Thursday","03:25 pm",80,"Sealed","Dry","Not Raining","Daylight","Rear End",2,,,1336059.06,1688915.01