"REPORT_ID","Suburb","LGA Name","Total Units","Total Cas","Total Fats","Total SI","Total MI","Year","Month","Day","Time","Area Speed","Road Surface","Moisture Cond","Weather Cond","DayNight","Crash Type","Unit Resp","DUI Involved","Drugs Involved","ACCLOC_X","ACCLOC_Y"
"2023-49806-19/09/2025","SOUTH PLYMPTON","CC MARION.",3,1,0,0,1,2023,"December","Thursday","03:10 pm",60,"Sealed","Dry","Not Raining","Daylight","Rear End",1,,,1325012.43,1666137.48
"2023-49807-19/09/2025","ST AGNES","CITY OF TEA TREE GULLY",2,1,0,0,1,2023,"December","Thursday","03:55 pm",60,"Sealed","Dry","Not Raining","Daylight","Right Angle",2,,,1338625.89,1680345
"2023-49808-19/09/2025","MAWSON LAKES","CITY OF SALISBURY",2,1,0,0,1,2023,"December","Thursday","03:00 pm",70,"Sealed","Dry","Not Raining","Daylight","Rear End",2,,,1329173.14,1683953.03
"2023-49811-19/09/2025","VALE PARK","WALKERVILLE TOWN COUNCIL",2,2,0,0,2,2023,"December","Thursday","04:15 pm",60,"Sealed","Dry","Not Raining","Daylight","Right Turn",1,,,1331204.6,1674756.32
"2023-49821-19/09/2025","ELIZABETH VALE","CITY OF PLAYFORD.",2,1,1,0,0,2023,"December","Friday","04:15 am",60,"Sealed","Dry","Not Raining","Night","Hit Pedestrian",2,,,1335864.57,1690840.57
"2023-49822-19/09/2025","PARKSIDE","CITY OF UNLEY",2,1,0,0,1,2023,"December","Friday","07:00 am",60,"Sealed","Dry","Not Raining","Daylight","Right Angle",1,,,1329603.35,1668996.84
"2023-49824-19/09/2025","NORWOOD","CC OF NORWOOD,PAYNEHAM & ST PETERS",2,1,0,0,1,2023,"December","Thursday","10:00 pm",50,"Sealed","Dry","Not Raining","Night","Right Turn",1,,,1331654.18,1671073.37
"2023-49827-19/09/2025","PORT ADELAIDE","CITY OF PORT ADELAIDE ENFIELD",2,1,0,0,1,2023,"December","Friday","09:45 am",50,"Sealed","Dry","Not Raining","Daylight","Right Turn",2,,,1319866.72,1679909.05
"2023-49834-19/09/2025","SEMAPHORE","CITY OF PORT ADELAIDE ENFIELD",2,1,0,0,1,2023,"December","Friday","11:40 am",40,"Sealed","Dry","Not Raining","Daylight","Side Swipe",1,,,1318094.47,1680665.33
"2023-49837-19/09/2025","ELIZABETH","CITY OF PLAYFORD.",1,1,0,0,1,2023,"December","Friday","12:23 pm",50,"Sealed","Dry","Not Raining","Daylight","Left Road - Out of Control",1,,,1335226.04,1693428.76
"2023-49842-19/09/2025","MONTACUTE","THE ADELAIDE HILLS COUNCIL",1,1,0,0,1,2023,"December","Friday","08:30 am",80,"Sealed","Dry","Not Raining","Daylight","Roll Over",1,,,1340503.21,1673987.71
"2023-49852-19/09/2025","MORPHETT VALE","CITY OF ONKAPARINGA",2,3,0,0,3,2023,"December","Friday","06:19 pm",60,"Sealed","Dry","Not Raining","Daylight","Right Angle",2,,,1320315.29,1651001.19
"2023-49855-19/09/2025","BUNYUNG",,2,1,0,1,0,2023,"December","Friday","06:00 pm",100,"Unsealed","Dry","Not Raining","Daylight","Hit Animal",2,,,1437754.39,1790641.32
"2023-49865-19/09/2025","WILLASTON","CT GAWLER.",3,1,0,0,1,2023,"December","Saturday","02:50 am",50,"Sealed","Dry","Not Raining","Night","Hit Parked Vehicle",1,,,1342688.04,1707914.78
"2023-49867-19/09/2025","GLENELG SOUTH","CITY OF HOLDFAST BAY",2,1,0,1,0,2023,"December","Saturday","07:10 am",50,"Unsealed","Dry","Not Raining","Daylight","Right Angle",1,,,1320389.07,1664329.24
"2023-49871-19/09/2025","GLENELG SOUTH","CITY OF HOLDFAST BAY",2,1,0,0,1,2023,"December","Saturday","09:50 am",40,"Sealed","Dry","Not Raining","Daylight","Right Angle",2,,,1320389.07,1664329.24
"2023-49872-19/09/2025","WEST BEACH","CITY OF CHARLES STURT",2,1,0,0,1,2023,"December","Saturday","09:43 am",50,"Sealed","Dry","Not Raining","Daylight","Side Swipe",1,,,1319671.46,1668949.55
"2023-49877-19/09/2025","HILLCREST","CITY OF PORT ADELAIDE ENFIELD",2,1,0,0,1,2023,"December","Saturday","12:15 pm",50,"Sealed","Dry","Not Raining","Daylight","Hit Pedestrian",1,,,1332169.16,1677250.68
"2023-49884-19/09/2025","WEST BEACH","CITY OF WEST TORRENS",4,1,0,0,1,2023,"December","Saturday","02:30 pm",80,"Sealed","Dry","Not Raining","Daylight","Rear End",1,,,1320914.61,1668912.11
"2023-49888-19/09/2025","HILTON","CITY OF WEST TORRENS",2,1,0,1,0,2023,"December","Saturday","04:05 pm",50,"Sealed","Dry","Not Raining","Daylight","Right Angle",1,,,1324943.34,1670168.86
"2023-49890-19/09/2025","BIRDWOOD","THE ADELAIDE HILLS COUNCIL",3,1,0,0,1,2023,"December","Saturday","04:10 pm",80,"Sealed","Dry","Not Raining","Daylight","Hit Fixed Object",1,,"Y",1360457.42,1681180.79
"2023-49891-19/09/2025","MUNNO PARA","CITY OF PLAYFORD.",2,1,0,0,1,2023,"December","Wednesday","06:00 pm",60,"Sealed","Dry","Not Raining","Daylight","Rear End",2,,,1337240.1,1698217.79
"2023-49892-19/09/2025","PORT ADELAIDE","CITY OF PORT ADELAIDE ENFIELD",3,2,0,1,1,2023,"December","Saturday","07:00 pm",60,"Sealed","Dry","Not Raining","Daylight","Right Angle",1,,,1319839.14,1679085.47
"2023-49893-19/09/2025","WINDSOR GARDENS","CITY OF PORT ADELAIDE ENFIELD",2,1,0,0,1,2023,"December","Saturday","08:01 pm",60,"Sealed","Dry","Not Raining","Daylight","Rear End",2,,,1333720.49,1678015.19
"2023-49894-19/09/2025","WILLUNGA","CITY OF ONKAPARINGA",2,1,0,0,1,2023,"December","Saturday","10:40 pm",80,"Sealed","Dry","Not Raining","Night","Hit Animal",2,,"Y",1324341.05,1634875.7
"2023-49901-19/09/2025","TICKERA","BARUNGA WEST DISTRICT COUNCIL",2,1,0,1,0,2023,"December","Sunday","06:59 am",100,"Sealed","Dry","Not Raining","Daylight","Hit Fixed Object",1,,,1253484.63,1790406.98
"2023-49904-19/09/2025","ADELAIDE","CITY OF ADELAIDE",2,1,0,0,1,2023,"December","Saturday","04:20 pm",50,"Sealed","Dry","Not Raining","Daylight","Hit Parked Vehicle",1,,,1329291.96,1670935.63
"2023-49909-19/09/2025","MOANA","CITY OF ONKAPARINGA",2,1,0,0,1,2023,"December","Sunday","01:35 pm",70,"Sealed","Dry","Not Raining","Daylight","Right Turn",2,,,1316453.68,1639147.64
"2023-49910-19/09/2025","MALVERN","CITY OF UNLEY",2,1,0,0,1,2023,"December","Sunday","03:49 pm",50,"Sealed","Dry","Not Raining","Daylight","Right Angle",2,,,1329723.45,1667454.24
"2023-49915-19/09/2025","GLANVILLE","CITY OF PORT ADELAIDE ENFIELD",2,1,0,0,1,2023,"December","Sunday","05:35 pm",50,"Sealed","Dry","Not Raining","Daylight","Hit Pedestrian",2,,,1318888.96,1680189.04
"2023-49918-19/09/2025","NETLEY","CITY OF WEST TORRENS",3,1,0,1,0,2023,"December","Monday","04:58 am",60,"Sealed","Dry","Not Raining","Night","Hit Fixed Object",1,,"Y",1324181.88,1668334.18
"2023-49920-19/09/2025","NURIOOTPA","THE BAROSSA COUNCIL.",2,4,0,0,4,2023,"December","Monday","10:13 am",80,"Sealed","Wet","Raining","Daylight","Right Turn",2,,,1365221.54,1720890.56
"2023-49921-19/09/2025","GAWLER BELT","LIGHT REGIONAL COUNCIL",2,1,0,0,1,2023,"December","Monday","11:00 am",100,"Unsealed","Dry","Not Raining","Daylight","Hit Fixed Object",1,,,1342118.17,1710008.2
"2023-49924-19/09/2025","TORRENS PARK","CC MITCHAM.",2,1,0,0,1,2023,"December","Sunday","02:25 pm",60,"Sealed","Dry","Not Raining","Daylight","Side Swipe",1,,,1330024.71,1664063.9
"2023-49927-19/09/2025","HENLEY BEACH SOUTH","CITY OF CHARLES STURT",2,1,0,0,1,2023,"December","Monday","04:39 pm",50,"Sealed","Dry","Not Raining","Daylight","Right Turn",1,,"Y",1319201.59,1670178.06
"2023-49928-19/09/2025","HILTON","CITY OF WEST TORRENS",2,2,0,0,2,2023,"December","Monday","02:30 pm",60,"Sealed","Dry","Not Raining","Daylight","Rear End",2,,,1325764.16,1670140.36
"2023-49930-19/09/2025","JOSLIN","CC OF NORWOOD,PAYNEHAM & ST PETERS",2,1,0,0,1,2023,"December","Monday","10:02 pm",50,"Sealed","Wet","Raining","Night","Hit Pedestrian",2,,,1330672.64,1673584.5
"2023-49931-19/09/2025","CUDLEE CREEK","THE ADELAIDE HILLS COUNCIL",2,1,0,0,1,2023,"December","Monday","10:00 pm",80,"Sealed","Wet","Raining","Night","Hit Fixed Object",1,,,1351154.18,1677705.03
"2023-49933-19/09/2025","BUTE","BARUNGA WEST DISTRICT COUNCIL",2,1,0,0,1,2023,"December","Monday","11:00 pm",80,"Sealed","Dry","Not Raining","Night","Hit Fixed Object",1,,,1276753.38,1789251.75
"2023-49937-19/09/2025","SEATON","CITY OF CHARLES STURT",2,1,0,0,1,2023,"December","Tuesday","11:10 am",60,"Sealed","Dry","Not Raining","Daylight","Hit Fixed Object",1,,,1319905.88,1675125.2
"2023-49938-19/09/2025","NALYAPPA","YORKE PENINSULA COUNCIL",1,1,0,0,1,2023,"December","Tuesday","11:45 am",100,"Unsealed","Dry","Not Raining","Daylight","Roll Over",1,,,1236326.23,1758511.34
"2023-49943-19/09/2025","TAILEM BEND","COORONG DISTRICT COUNCIL",2,2,0,2,0,2023,"December","Tuesday","01:00 pm",40,"Sealed","Dry","Not Raining","Daylight","Right Angle",2,,,1408926.51,1625652.26
"2023-49949-19/09/2025","MOUNT BARKER","DC MT.BARKER.",2,1,0,0,1,2023,"December","Wednesday","09:25 am",50,"Sealed","Wet","Not Raining","Daylight","Head On",2,,,1353806.17,1652596.79
"2023-49951-19/09/2025","WOODCROFT","CITY OF ONKAPARINGA",2,1,0,0,1,2023,"December","Wednesday","10:30 am",80,"Sealed","Dry","Not Raining","Daylight","Right Angle",1,,,1323076.95,1650638.84
"2023-49955-19/09/2025","OAKLANDS PARK","CC MARION.",2,1,0,0,1,2023,"December","Wednesday","01:00 pm",60,"Sealed","Dry","Not Raining","Daylight","Right Turn",1,,,1323063.16,1661158.65
"2023-49956-19/09/2025","LONSDALE","CITY OF ONKAPARINGA",2,1,0,0,1,2023,"December","Wednesday","01:13 pm",50,"Sealed","Dry","Not Raining","Daylight","Hit Fixed Object",1,,,1317975.58,1651425.68
"2023-49958-19/09/2025","MODBURY","CITY OF TEA TREE GULLY",2,1,0,0,1,2023,"December","Wednesday","02:10 pm",60,"Sealed","Dry","Not Raining","Daylight","Rear End",2,,,1336189.32,1680597.27
"2023-49959-19/09/2025","SALISBURY DOWNS","CITY OF SALISBURY",2,1,0,0,1,2023,"December","Wednesday","01:00 pm",60,"Sealed","Dry","Not Raining","Daylight","Rear End",2,,,1331449.68,1686814.24
"2023-49966-19/09/2025","WOODCROFT","CITY OF ONKAPARINGA",1,1,0,0,1,2023,"December","Wednesday","05:15 pm",50,"Sealed","Dry","Not Raining","Daylight","Roll Over",1,,"Y",1324204.76,1651732.12
"2023-49967-19/09/2025","MAWSON LAKES","CITY OF SALISBURY",2,1,0,1,0,2023,"December","Wednesday","05:40 pm",50,"Sealed","Dry","Not Raining","Daylight","Right Turn",1,,,1330475.76,1683532.38
"2023-49970-19/09/2025","BIRKENHEAD","CITY OF PORT ADELAIDE ENFIELD",4,1,0,0,1,2023,"December","Wednesday","06:18 pm",60,"Sealed","Dry","Not Raining","Daylight","Head On",1,,,1319948.63,1680690.42
"2023-49972-19/09/2025","WEST LAKES","CITY OF CHARLES STURT",2,1,0,0,1,2023,"December","Wednesday","07:30 pm",60,"Sealed","Dry","Not Raining","Daylight","Right Angle",1,,,1319873.81,1676043.62
"2023-49975-19/09/2025","VIRGINIA","CITY OF PLAYFORD.",2,1,0,1,0,2023,"December","Thursday","06:40 am",80,"Sealed","Dry","Not Raining","Daylight","Rear End",1,,,1328247.52,1699296.35
"2023-49978-19/09/2025","NORTON SUMMIT","THE ADELAIDE HILLS COUNCIL",2,1,0,0,1,2023,"December","Wednesday","03:10 pm",60,"Sealed","Dry","Not Raining","Daylight","Rear End",2,,,1340505.41,1669869.39
"2023-49979-19/09/2025","SEAFORD MEADOWS","CITY OF ONKAPARINGA",2,1,0,0,1,2023,"December","Thursday","09:54 am",50,"Sealed","Dry","Not Raining","Daylight","Rear End",2,,,1316352.56,1642778.71
"2023-49983-19/09/2025","CULTANA","CC WHYALLA.",2,1,0,0,1,2023,"December","Thursday","10:33 am",110,"Sealed","Dry","Not Raining","Daylight","Rear End",2,,,1239109.21,1897893.58
"2023-49988-19/09/2025","HINDMARSH","CITY OF CHARLES STURT",2,1,0,0,1,2023,"December","Thursday","01:20 pm",60,"Sealed","Dry","Not Raining","Daylight","Right Angle",2,,,1325539.86,1673426
"2023-49993-19/09/2025","HENLEY BEACH SOUTH","CITY OF CHARLES STURT",2,1,0,0,1,2023,"December","Thursday","02:45 pm",50,"Sealed","Dry","Not Raining","Daylight","Right Angle",1,,,1318984.98,1670994.98
"2023-49994-19/09/2025","GLENELG NORTH","CITY OF HOLDFAST BAY",3,1,0,0,1,2023,"December","Wednesday","11:30 am",50,"Sealed","Dry","Not Raining","Daylight","Hit Animal",2,,,1320476.74,1665356.47
"2023-49998-19/09/2025","ARTHURTON","YORKE PENINSULA COUNCIL",2,1,0,0,1,2023,"December","Thursday","03:52 pm",100,"Unsealed","Dry","Not Raining","Daylight","Hit Fixed Object",1,,,1250894.68,1747089.37
"2023-50000-19/09/2025","LOCKLEYS","CITY OF WEST TORRENS",2,1,0,0,1,2023,"December","Thursday","03:00 pm",60,"Sealed","Wet","Not Raining","Daylight","Rear End",1,,,1320913.95,1669976.03
"2023-50002-19/09/2025","BEACHPORT","WATTLE RANGE COUNCIL",1,2,0,0,2,2023,"December","Thursday","09:47 pm",40,"Unsealed","Dry","Not Raining","Night","Roll Over",1,,,1449771.36,1379474.67
"2023-50004-19/09/2025","PARALOWIE","CITY OF SALISBURY",2,1,1,0,0,2023,"December","Friday","01:42 am",60,"Sealed","Dry","Not Raining","Night","Roll Over",1,,"Y",1328759.95,1689051.52
"2023-50011-19/09/2025","GRANGE","CITY OF CHARLES STURT",2,1,0,0,1,2023,"December","Friday","09:00 am",50,"Sealed","Dry","Not Raining","Daylight","Right Angle",1,,,1318670.04,1673285.31
"2023-50015-19/09/2025","WHITES VALLEY","CITY OF ONKAPARINGA",3,1,0,1,0,2023,"December","Friday","12:25 pm",80,"Sealed","Dry","Not Raining","Daylight","Right Angle",1,,,1320078.81,1634748.22
"2023-50016-19/09/2025","HAMPSTEAD GARDENS","CITY OF PORT ADELAIDE ENFIELD",2,1,0,0,1,2023,"November","Friday","04:00 pm",60,"Sealed","Dry","Not Raining","Daylight","Right Angle",1,,,1331959.68,1676607.05
"2023-50028-19/09/2025","BLAKEVIEW","CITY OF PLAYFORD.",2,1,0,0,1,2023,"December","Friday","10:30 pm",50,"Sealed","Dry","Not Raining","Night","Hit Fixed Object",1,,,1338051.63,1697099.67
"2023-50030-19/09/2025","MORPHETT VALE","CITY OF ONKAPARINGA",1,1,0,0,1,2023,"November","Monday","12:00 pm",60,"Sealed","Dry","Not Raining","Daylight","Roll Over",1,,,1319231.86,1648643.87
"2023-50035-19/09/2025","WARNERTOWN","PT.PIRIE CITY & DIST. COUNCIL",2,3,0,2,1,2023,"December","Saturday","11:59 am",110,"Sealed","Dry","Not Raining","Daylight","Right Angle",1,,,1293086.77,1855556.01
"2023-50036-19/09/2025","WARNERTOWN","PT.PIRIE CITY & DIST. COUNCIL",3,1,0,1,0,2023,"December","Saturday","11:59 am",110,"Sealed","Dry","Not Raining","Daylight","Rear End",2,,,1293107.23,1855516.69
"2023-50042-19/09/2025","PANORAMA","CC MITCHAM.",2,1,0,0,1,2023,"December","Saturday","03:50 pm",60,"Sealed","Dry","Not Raining","Daylight","Rear End",2,,,1327580.8,1663430.02
"2023-50044-19/09/2025","ST KILDA","CITY OF SALISBURY",1,1,0,1,0,2023,"December","Saturday","06:04 pm",80,"Sealed","Dry","Not Raining","Daylight","Roll Over",1,,,1324623.08,1692307.84
"2023-50047-19/09/2025","MEDINDIE","WALKERVILLE TOWN COUNCIL",2,1,1,0,0,2023,"December","Saturday","08:09 pm",50,"Sealed","Dry","Not Raining","Daylight","Hit Pedestrian",2,,,1328827.69,1673732.96
"2023-50048-19/09/2025","BEDFORD PARK","CC MITCHAM.",2,1,0,0,1,2023,"December","Saturday","09:30 am",50,"Sealed","Dry","Not Raining","Daylight","Hit Fixed Object",1,,,1325200.91,1659693.88
"2023-50049-19/09/2025","GOOLWA SOUTH","ALEXANDRINA COUNCIL",2,1,1,0,0,2023,"November","Friday","09:09 pm",50,"Sealed","Dry","Not Raining","Night","Hit Pedestrian",1,,"Y",1342233.42,1605171.85
"2023-50052-19/09/2025","MOUNT BARKER","DC MT.BARKER.",2,2,0,0,2,2023,"December","Sunday","10:10 am",60,"Sealed","Dry","Not Raining","Daylight","Right Turn",1,,,1351233.24,1654406.51
"2023-50056-19/09/2025","BINDARRAH",,2,3,2,0,1,2023,"December","Sunday","10:28 am",110,"Sealed","Dry","Not Raining","Daylight","Right Angle",1,,,1530208.68,1967331.43
"2023-50057-19/09/2025","MARINO","CC MARION.",2,1,0,0,1,2023,"December","Sunday","02:34 pm",50,"Sealed","Dry","Not Raining","Daylight","Hit Fixed Object",1,,,1319786.25,1657721.72
"2023-50064-19/09/2025","ELIZABETH EAST","CITY OF PLAYFORD.",2,1,0,0,1,2023,"December","Sunday","05:05 pm",80,"Sealed","Dry","Not Raining","Daylight","Side Swipe",2,,,1336154.01,1691089.85
"2023-50067-19/09/2025","BROOKLYN PARK","CITY OF WEST TORRENS",2,2,0,0,2,2023,"December","Sunday","06:12 pm",60,"Sealed","Dry","Not Raining","Daylight","Right Turn",2,,,1324123.03,1670938.82
"2023-50069-19/09/2025","MEDINDIE","WALKERVILLE TOWN COUNCIL",2,1,1,0,0,2023,"December","Sunday","06:45 pm",60,"Sealed","Dry","Not Raining","Daylight","Right Turn",1,,,1328359.11,1673680.45
"2023-50070-19/09/2025","LARGS BAY","CITY OF PORT ADELAIDE ENFIELD",2,1,0,1,0,2023,"December","Sunday","08:00 pm",60,"Unsealed","Dry","Not Raining","Daylight","Hit Pedestrian",2,,,1318752.6,1682628.23
"2023-50071-19/09/2025","TERINGIE","THE ADELAIDE HILLS COUNCIL",2,1,0,0,1,2023,"December","Sunday","07:56 pm",50,"Sealed","Dry","Not Raining","Daylight","Hit Fixed Object",1,,,1337807.56,1671979.81
"2023-50074-19/09/2025","WEETULTA","YORKE PENINSULA COUNCIL",2,2,0,0,2,2023,"December","Sunday","08:36 pm",100,"Unsealed","Dry","Not Raining","Night","Hit Fixed Object",1,"Y",,1235823.6,1749580.72
"2023-50075-19/09/2025","TORRENSVILLE","CITY OF WEST TORRENS",3,1,0,0,1,2023,"December","Sunday","11:10 pm",60,"Sealed","Dry","Not Raining","Night","Right Angle",1,,,1325754.03,1670993.72
"2023-50081-19/09/2025","BEACHPORT","WATTLE RANGE COUNCIL",2,1,0,1,0,2023,"December","Sunday","08:45 pm",40,"Unsealed","Dry","Not Raining","Night","Hit Pedestrian",1,,,1436694.42,1391141.8
"2023-50085-19/09/2025","EXETER","CITY OF PORT ADELAIDE ENFIELD",2,1,0,1,0,2023,"December","Monday","10:50 am",50,"Sealed","Dry","Not Raining","Daylight","Side Swipe",2,,"Y",1318733.66,1680511.58
"2023-50140-19/09/2025","BEACHPORT","WATTLE RANGE COUNCIL",1,1,0,1,0,2023,"December","Saturday","01:30 pm",100,"Unsealed","Dry","Not Raining","Daylight","Roll Over",1,,,1438203.96,1390573.4
"2023-50281-19/09/2025","ELIZABETH NORTH","CITY OF PLAYFORD.",2,1,0,0,1,2023,"November","Wednesday","01:40 am",50,"Sealed","Dry","Not Raining","Night","Hit Pedestrian",2,,,1336386.67,1695950.4
"2023-50330-19/09/2025","MUNNO PARA","CITY OF PLAYFORD.",2,1,0,0,1,2023,"May","Thursday","05:30 pm",50,"Sealed","Dry","Not Raining","Night","Hit Pedestrian",2,,,1337279.95,1698849.13
"2023-50743-19/09/2025","CRAFERS WEST","THE ADELAIDE HILLS COUNCIL",1,1,0,0,1,2023,"December","Wednesday","09:00 pm",60,"Sealed","Dry","Not Raining","Night","Roll Over",1,,,1336939.83,1661168.99
"2023-50796-19/09/2025","WAYVILLE","CITY OF UNLEY",2,1,0,0,1,2023,"March","Thursday","06:38 am",50,"Sealed","Dry","Not Raining","Night","Hit Parked Vehicle",2,,,1327876.34,1668276.52
"2023-50836-19/09/2025","MOUNT GAMBIER","CC MT.GAMBIER.",2,1,0,0,1,2023,"December","Friday","08:00 pm",60,"Sealed","Dry","Not Raining","Daylight","Rear End",2,,,1510497.53,1341064.77
"2023-51212-19/09/2025","NAIRNE","DC MT.BARKER.",2,1,0,0,1,2023,"August","Friday","02:30 pm",80,"Sealed","Dry","Not Raining","Daylight","Rear End",2,,,1354807.79,1656081.91
"2023-51717-19/09/2025","ECHUNGA","DC MT.BARKER.",2,1,0,0,1,2023,"November","Monday","05:15 pm",50,"Sealed","Dry","Not Raining","Daylight","Rear End",2,,,1345392.92,1649855.14
"2023-51795-19/09/2025","MITCHELL PARK","CC MARION.",2,1,0,0,1,2023,"December","Tuesday","03:30 pm",60,"Sealed","Dry","Not Raining","Daylight","Side Swipe",2,,,1324367.33,1662164.92
"2023-52239-19/09/2025","TORRENSVILLE","CITY OF WEST TORRENS",2,1,0,0,1,2023,"October","Monday","06:00 pm",60,"Sealed","Dry","Not Raining","Daylight","Rear End",2,,,1325754.68,1670981.93
"2023-52775-19/09/2025","HINDMARSH","CITY OF CHARLES STURT",1,1,0,0,1,2023,"October","Thursday","05:15 pm",40,"Sealed","Dry","Not Raining","Daylight","Roll Over",9,,,1326393.47,1672838.14
"2023-53810-19/09/2025","SALISBURY NORTH","CITY OF SALISBURY",2,1,0,0,1,2023,"October","Wednesday","02:15 pm",50,"Sealed","Dry","Not Raining","Daylight","Right Turn",2,,,1332392.64,1689906.27
"2024-50080-19/09/2025","MODBURY","CITY OF TEA TREE GULLY",2,3,0,0,3,2024,"January","Monday","02:15 am",60,"Sealed","Dry","Not Raining","Night","Right Turn",2,,,1336395.9,1680602.76
"2024-50082-19/09/2025","ADELAIDE","CITY OF ADELAIDE",2,1,0,0,1,2024,"January","Monday","02:20 am",30,"Sealed","Dry","Not Raining","Night","Hit Pedestrian",2,,,1328089.07,1670969.29
"2024-50087-19/09/2025","RISDON PARK","PT.PIRIE CITY & DIST. COUNCIL",1,1,0,1,0,2024,"January","Monday","11:25 am",50,"Sealed","Dry","Not Raining","Daylight","Roll Over",1,,,1278274.73,1863994.94
"2024-50092-19/09/2025","PARADISE","CC CAMPBELLTOWN.",2,1,0,1,0,2024,"January","Monday","12:34 pm",60,"Sealed","Dry","Not Raining","Daylight","Right Turn",1,,"Y",1334636.14,1676761.35
"2024-50094-19/09/2025","PROSPECT","CITY OF PROSPECT",2,1,0,0,1,2024,"January","Monday","05:10 pm",60,"Sealed","Dry","Not Raining","Daylight","Side Swipe",2,,,1327637.16,1676411.55
"2024-50104-19/09/2025","HAWTHORNDENE","CC MITCHAM.",2,1,0,0,1,2024,"January","Tuesday","10:25 am",50,"Sealed","Dry","Not Raining","Daylight","Right Angle",2,,,1330282.44,1659621.87
"2024-50105-19/09/2025","WINDSOR GARDENS","CITY OF PORT ADELAIDE ENFIELD",2,1,0,0,1,2024,"January","Tuesday","10:40 am",60,"Sealed","Dry","Not Raining","Daylight","Hit Pedestrian",2,,,1333112.26,1677477.72
"2024-50115-19/09/2025","MODBURY","CITY OF TEA TREE GULLY",2,1,0,0,1,2024,"January","Tuesday","12:30 pm",60,"Sealed","Dry","Not Raining","Daylight","Rear End",2,,,1336876.15,1680848.77
"2024-50119-19/09/2025","TORRENSVILLE","CITY OF WEST TORRENS",2,1,0,0,1,2024,"January","Tuesday","04:20 pm",50,"Sealed","Dry","Not Raining","Daylight","Right Angle",2,,,1324604.35,1672026.35
"2024-50121-19/09/2025","HILLCREST","CITY OF PORT ADELAIDE ENFIELD",2,1,0,0,1,2024,"January","Tuesday","04:51 pm",60,"Sealed","Dry","Not Raining","Daylight","Right Turn",1,,,1332948.47,1677348.06
"2024-50123-19/09/2025","KIDMAN PARK","CITY OF CHARLES STURT",2,1,0,0,1,2024,"January","Tuesday","05:10 pm",60,"Sealed","Dry","Not Raining","Daylight","Right Turn",2,,,1322419.52,1673125.07
"2024-50125-19/09/2025","TAILEM BEND","COORONG DISTRICT COUNCIL",2,2,0,1,1,2024,"January","Tuesday","04:40 pm",110,"Sealed","Dry","Not Raining","Daylight","Right Angle",2,,,1407584.13,1627653.36
"2024-50127-19/09/2025","SURREY DOWNS","CITY OF TEA TREE GULLY",2,1,0,1,0,2024,"January","Tuesday","06:00 pm",60,"Sealed","Dry","Not Raining","Daylight","Hit Parked Vehicle",1,,,1339399.67,1683604.27
"2024-50138-19/09/2025","GILLES PLAINS","CITY OF TEA TREE GULLY",4,1,0,0,1,2024,"January","Tuesday","09:59 pm",60,"Sealed","Dry","Not Raining","Night","Rear End",2,,,1334605.34,1678481.22
"2024-50152-19/09/2025","NAIRNE","DC MT.BARKER.",2,1,0,0,1,2024,"January","Wednesday","06:44 pm",80,"Unsealed","Dry","Not Raining","Daylight","Hit Fixed Object",1,,,1353575.83,1659495.43
"2024-50155-19/09/2025","MOUNT GAMBIER","CC MT.GAMBIER.",2,1,0,0,1,2024,"January","Wednesday","11:52 pm",60,"Sealed","Dry","Not Raining","Night","Hit Pedestrian",2,,,1511390.39,1338829.15
"2024-50159-19/09/2025","GLOSSOP","THE BERRI BARMERA COUNCIL",2,1,0,0,1,2024,"January","Thursday","08:55 am",100,"Sealed","Dry","Not Raining","Daylight","Right Angle",1,,,1512317.69,1734977.47
"2024-50166-19/09/2025","CROYDON PARK","CITY OF PORT ADELAIDE ENFIELD",2,1,0,0,1,2024,"January","Wednesday","12:05 pm",60,"Sealed","Dry","Not Raining","Daylight","Right Turn",2,,,1326370.09,1676373.17
"2024-50167-19/09/2025","SMITHFIELD","CITY OF PLAYFORD.",3,2,1,0,1,2024,"January","Thursday","02:35 pm",80,"Sealed","Dry","Not Raining","Daylight","Right Angle",1,,,1337904.44,1697173.62
"2024-50170-19/09/2025","HAWTHORNDENE","CC MITCHAM.",2,2,0,0,2,2024,"January","Thursday","09:10 pm",50,"Sealed","Dry","Not Raining","Night","Rear End",1,,,1330170.01,1659982.21
"2024-50171-19/09/2025","SADDLEWORTH","CLARE AND GILBERT VALLEYS DISTRICT COUNCIL",3,1,0,1,0,2024,"January","Thursday","09:00 pm",110,"Sealed","Dry","Not Raining","Night","Hit Fixed Object",1,,,1349172.19,1765013.49
"2024-50174-19/09/2025","CULBURRA","COORONG DISTRICT COUNCIL",2,1,0,0,1,2024,"January","Friday","01:00 am",110,"Sealed","Dry","Not Raining","Night","Head On",1,,"Y",1449172.24,1566623.09
"2024-50175-19/09/2025","PARAFIELD GARDENS","CITY OF SALISBURY",4,1,0,1,0,2024,"January","Friday","03:55 am",50,"Sealed","Dry","Not Raining","Night","Hit Fixed Object",1,,,1330152.35,1687088.17