"REPORT_ID","Suburb","LGA Name","Total Units","Total Cas","Total Fats","Total SI","Total MI","Year","Month","Day","Time","Area Speed","Road Surface","Moisture Cond","Weather Cond","DayNight","Crash Type","Unit Resp","DUI Involved","Drugs Involved","ACCLOC_X","ACCLOC_Y"
"2024-50180-19/09/2025","MAWSON LAKES","CITY OF SALISBURY",2,1,0,0,1,2024,"January","Thursday","12:10 pm",50,"Sealed","Dry","Not Raining","Daylight","Rear End",1,,,1330469.76,1683414.48
"2024-50184-19/09/2025","HAWTHORNDENE","CC MITCHAM.",6,1,0,1,0,2024,"January","Friday","11:02 am",50,"Sealed","Dry","Not Raining","Daylight","Hit Fixed Object",1,,,1330121.06,1659677.34
"2024-50188-19/09/2025","PARAFIELD","CITY OF SALISBURY",2,1,0,0,1,2024,"January","Friday","01:46 pm",50,"Sealed","Dry","Not Raining","Daylight","Rear End",2,,,1332779.77,1684913.26
"2024-50194-19/09/2025","PARADISE","CC CAMPBELLTOWN.",2,1,0,1,0,2024,"January","Friday","04:54 pm",60,"Sealed","Dry","Not Raining","Daylight","Right Turn",1,,,1334586.96,1675908.54
"2024-50198-19/09/2025","PORT MACDONNELL","DISTRICT COUNCIL OF GRANT",1,1,0,0,1,2024,"January","Friday","04:49 pm",100,"Sealed","Dry","Not Raining","Daylight","Roll Over",1,,,1498923.75,1318383.91
"2024-50204-19/09/2025","MURRAY BRIDGE SOUTH","RC MURRAY BRIDGE.",2,1,0,0,1,2024,"January","Friday","11:30 pm",100,"Sealed","Dry","Not Raining","Night","Hit Fixed Object",1,,,1390942.55,1640300.43
"2024-50205-19/09/2025","PORT NEILL","DC TUMBY BAY.",1,1,0,0,1,2024,"January","Friday","11:32 pm",60,"Unsealed","Wet","Not Raining","Night","Roll Over",1,"Y","Y",1124114.65,1763888.94
"2024-50207-19/09/2025","MOUNT BARKER","DC MT.BARKER.",2,1,0,1,0,2024,"January","Saturday","09:50 am",60,"Sealed","Dry","Not Raining","Daylight","Right Angle",2,,"Y",1352238.42,1652734.71
"2024-50208-19/09/2025","SEAFORD MEADOWS","CITY OF ONKAPARINGA",2,1,0,0,1,2024,"January","Saturday","12:10 pm",50,"Sealed","Wet","Raining","Daylight","Hit Fixed Object",1,,,1316543.2,1643788.79
"2024-50211-19/09/2025","MOUNT BARKER","DC MT.BARKER.",2,1,0,0,1,2024,"January","Saturday","11:30 am",50,"Sealed","Wet","Raining","Daylight","Head On",1,,,1353790.06,1652199.95
"2024-50212-19/09/2025","OWEN","WAKEFIELD REGIONAL COUNCIL",2,1,0,0,1,2024,"January","Friday","09:00 pm",100,"Sealed","Dry","Not Raining","Night","Hit Fixed Object",1,,,1322296.6,1748039.72
"2024-50213-19/09/2025","FORESTVILLE","CITY OF UNLEY",2,2,0,0,2,2024,"January","Saturday","12:22 pm",60,"Sealed","Wet","Raining","Daylight","Rear End",1,,,1326423.1,1668286.76
"2024-50216-19/09/2025","POORAKA","CITY OF SALISBURY",2,1,0,0,1,2024,"January","Saturday","02:10 pm",60,"Sealed","Wet","Raining","Daylight","Right Turn",2,,,1331015.05,1680310.68
"2024-50222-19/09/2025","ELIZABETH DOWNS","CITY OF PLAYFORD.",2,1,0,0,1,2024,"January","Saturday","06:55 pm",60,"Sealed","Dry","Not Raining","Daylight","Right Turn",2,,,1337491.3,1695157.87
"2024-50225-19/09/2025","FLAXLEY","DC MT.BARKER.",1,1,0,0,1,2024,"January","Saturday","05:15 pm",80,"Sealed","Wet","Raining","Daylight","Roll Over",1,,,1346795.38,1647868.73
"2024-50227-19/09/2025","HAPPY VALLEY","CITY OF ONKAPARINGA",1,1,0,0,1,2024,"January","Saturday","06:50 pm",50,"Sealed","Dry","Not Raining","Daylight","Other",1,,,1328513.13,1653054.43
"2024-50230-19/09/2025","MINGBOOL","DISTRICT COUNCIL OF GRANT",2,1,1,0,0,2024,"January","Saturday","09:46 pm",100,"Sealed","Wet","Unknown","Night","Hit Fixed Object",1,"Y",,1517534.36,1354367.05
"2024-50231-19/09/2025","ADELAIDE","CITY OF ADELAIDE",2,1,0,1,0,2024,"January","Sunday","12:00 am",60,"Sealed","Wet","Raining","Night","Hit Pedestrian",2,,,1327415.8,1669319.89
"2024-50235-19/09/2025","ECHUNGA","DC MT.BARKER.",2,1,0,0,1,2024,"January","Sunday","08:45 am",80,"Sealed","Wet","Raining","Daylight","Hit Fixed Object",1,,,1347701.04,1653421.2
"2024-50236-19/09/2025","TORRENS PARK","CC MITCHAM.",2,1,0,1,0,2024,"January","Sunday","10:10 am",50,"Sealed","Dry","Not Raining","Daylight","Head On",2,,,1330027.31,1664917.58
"2024-50242-19/09/2025","ADELAIDE","CITY OF ADELAIDE",2,1,0,0,1,2024,"January","Sunday","04:28 pm",50,"Sealed","Dry","Not Raining","Daylight","Hit Pedestrian",1,,,1327349.63,1671109.58
"2024-50246-19/09/2025","DRY CREEK","CITY OF PORT ADELAIDE ENFIELD",2,1,0,1,0,2024,"January","Monday","04:25 am",90,"Sealed","Dry","Not Raining","Night","Hit Fixed Object",1,,"Y",1325417.98,1681323.83
"2024-50248-19/09/2025","BEULAH PARK","CITY OF BURNSIDE",2,2,0,0,2,2024,"January","Monday","08:55 am",60,"Sealed","Dry","Not Raining","Daylight","Rear End",1,,,1332940.81,1671782.06
"2024-50250-19/09/2025","KESWICK","CITY OF WEST TORRENS",2,1,0,1,0,2024,"January","Monday","09:20 am",60,"Sealed","Dry","Not Raining","Daylight","Right Turn",2,,,1325805.32,1668947.85
"2024-50258-19/09/2025","ADELAIDE","CITY OF ADELAIDE",3,1,0,0,1,2024,"January","Monday","01:33 pm",60,"Sealed","Dry","Not Raining","Daylight","Rear End",1,,,1327384.16,1670408.04
"2024-50262-19/09/2025","CHRISTIES BEACH","CITY OF ONKAPARINGA",2,1,0,0,1,2024,"January","Monday","02:00 pm",50,"Sealed","Dry","Not Raining","Daylight","Right Angle",2,,,1316084.12,1647126.43
"2024-50264-19/09/2025","PARACOMBE","CITY OF TEA TREE GULLY",2,1,0,0,1,2024,"January","Monday","04:25 pm",80,"Sealed","Dry","Not Raining","Daylight","Head On",1,,,1342082.64,1679589.21
"2024-50268-19/09/2025","GLENSIDE","CITY OF BURNSIDE",3,1,0,0,1,2024,"January","Monday","06:40 pm",60,"Sealed","Dry","Not Raining","Daylight","Hit Fixed Object",1,,,1331530.53,1668346.45
"2024-50270-19/09/2025","KINGS PARK","CITY OF UNLEY",2,1,0,0,1,2024,"January","Monday","04:58 pm",60,"Sealed","Dry","Not Raining","Daylight","Hit Pedestrian",2,,,1327489.86,1666813.1
"2024-50271-19/09/2025","FOUNTAIN","DC LOWER EYRE PENINSULA",2,1,0,1,0,2024,"January","Monday","06:50 pm",110,"Sealed","Dry","Not Raining","Daylight","Hit Fixed Object",1,,,1060574.26,1710647.16
"2024-50275-19/09/2025","TINTINARA","COORONG DISTRICT COUNCIL",2,1,0,0,1,2024,"January","Monday","10:50 pm",110,"Sealed","Dry","Not Raining","Night","Hit Fixed Object",1,"Y",,1453793.16,1561793.18
"2024-50283-19/09/2025","ELIZABETH VALE","CITY OF PLAYFORD.",1,1,0,0,1,2024,"January","Tuesday","10:03 am",50,"Sealed","Dry","Not Raining","Daylight","Roll Over",1,,,1335851.71,1689692.97
"2024-50289-19/09/2025","RISDON PARK","PT.PIRIE CITY & DIST. COUNCIL",2,1,0,0,1,2024,"January","Tuesday","02:28 pm",50,"Sealed","Dry","Not Raining","Daylight","Hit Fixed Object",1,,,1279087.85,1863609.26
"2024-50292-19/09/2025","EVANSTON SOUTH","CT GAWLER.",2,5,0,0,5,2024,"January","Tuesday","02:55 pm",80,"Sealed","Dry","Not Raining","Daylight","Rear End",1,,,1339551.26,1700125.05
"2024-50295-19/09/2025","HENLEY BEACH","CITY OF CHARLES STURT",2,1,0,1,0,2024,"January","Tuesday","03:35 pm",50,"Sealed","Dry","Not Raining","Daylight","Right Turn",2,,,1319212.67,1672312.79
"2024-50300-19/09/2025","MAWSON LAKES","CITY OF SALISBURY",2,1,0,0,1,2024,"January","Tuesday","05:20 pm",70,"Sealed","Dry","Not Raining","Daylight","Rear End",2,,,1329462.17,1684320.18
"2024-50310-19/09/2025","WOODVILLE NORTH","CITY OF CHARLES STURT",2,1,0,0,1,2024,"January","Tuesday","11:23 pm",60,"Sealed","Wet","Raining","Night","Right Angle",1,"Y",,1323535.02,1676767
"2024-50311-19/09/2025","COLONEL LIGHT GARDENS","CC MITCHAM.",2,1,0,0,1,2024,"January","Wednesday","05:45 am",50,"Sealed","Dry","Not Raining","Night","Hit Pedestrian",2,,,1327125.48,1664522.3
"2024-50313-19/09/2025","ADELAIDE","CITY OF ADELAIDE",2,1,0,0,1,2024,"January","Tuesday","11:00 am",50,"Sealed","Dry","Not Raining","Daylight","Right Turn",1,,,1328180.57,1670024.59
"2024-50316-19/09/2025","LOBETHAL","THE ADELAIDE HILLS COUNCIL",3,1,0,0,1,2024,"January","Wednesday","06:40 am",60,"Sealed","Dry","Not Raining","Daylight","Head On",2,,,1353821.04,1671453.99
"2024-50318-19/09/2025","MOUNT BARKER","DC MT.BARKER.",2,1,0,0,1,2024,"January","Wednesday","08:30 am",50,"Sealed","Dry","Not Raining","Daylight","Right Angle",2,,,1351931.33,1653489.12
"2024-50320-19/09/2025","CHELTENHAM","CITY OF CHARLES STURT",3,1,0,0,1,2024,"January","Wednesday","10:15 am",50,"Sealed","Dry","Not Raining","Daylight","Hit Pedestrian",1,,,1321535.26,1677595.89
"2024-50321-19/09/2025","UNLEY","CITY OF UNLEY",2,1,0,0,1,2024,"January","Tuesday","05:30 pm",50,"Sealed","Dry","Not Raining","Daylight","Right Turn",2,,,1328897.47,1667724.64
"2024-50322-19/09/2025","PORT ELLIOT","ALEXANDRINA COUNCIL",2,1,0,0,1,2024,"January","Wednesday","11:30 am",50,"Sealed","Dry","Not Raining","Daylight","Right Turn",2,,,1334005.8,1603538.55
"2024-50323-19/09/2025","HECTORVILLE","CC CAMPBELLTOWN.",2,1,0,0,1,2024,"January","Wednesday","10:35 am",60,"Sealed","Dry","Not Raining","Daylight","Right Turn",1,,,1335008.71,1674543.44
"2024-50325-19/09/2025","ELIZABETH NORTH","CITY OF PLAYFORD.",2,1,0,0,1,2024,"January","Wednesday","12:35 pm",60,"Sealed","Dry","Not Raining","Daylight","Side Swipe",1,,,1336353.93,1694705.76
"2024-50331-19/09/2025","GEPPS CROSS","CITY OF PORT ADELAIDE ENFIELD",2,1,0,1,0,2024,"January","Wednesday","01:32 pm",70,"Sealed","Dry","Not Raining","Daylight","Right Turn",2,,,1328745.47,1680796.82
"2024-50335-19/09/2025","ANGAS VALLEY","MID MURRAY DISTRICT COUNCIL",2,1,0,1,0,2024,"January","Wednesday","12:30 pm",100,"Sealed","Dry","Not Raining","Daylight","Hit Fixed Object",1,,,1390305,1688808.2
"2024-50339-19/09/2025","NOARLUNGA DOWNS","CITY OF ONKAPARINGA",5,1,0,0,1,2024,"January","Wednesday","04:14 pm",80,"Sealed","Dry","Not Raining","Daylight","Rear End",1,,,1318715.72,1643795.07
"2024-50340-19/09/2025","CHRISTIE DOWNS","CITY OF ONKAPARINGA",2,1,0,0,1,2024,"January","Wednesday","04:10 pm",50,"Sealed","Dry","Not Raining","Daylight","Hit Parked Vehicle",2,,,1318258.74,1649131.1
"2024-50341-19/09/2025","PENFIELD GARDENS","CITY OF PLAYFORD.",2,1,0,0,1,2024,"January","Wednesday","04:25 pm",60,"Sealed","Dry","Not Raining","Daylight","Right Angle",2,,,1333134.46,1700544.36
"2024-50344-19/09/2025","SALISBURY PLAIN","CITY OF SALISBURY",2,1,0,0,1,2024,"January","Wednesday","05:16 pm",80,"Sealed","Dry","Not Raining","Daylight","Rear End",2,,,1335363.88,1688045.6
"2024-50348-19/09/2025","GOOLWA","ALEXANDRINA COUNCIL",2,1,0,0,1,2024,"January","Wednesday","04:26 pm",100,"Sealed","Dry","Not Raining","Daylight","Right Angle",1,,,1341091.12,1606249.48
"2024-50351-19/09/2025","EDEN HILLS","CC MITCHAM.",2,2,0,0,2,2024,"January","Wednesday","06:37 pm",60,"Sealed","Dry","Not Raining","Daylight","Rear End",2,"Y",,1328422.92,1659504.22
"2024-50367-19/09/2025","MORPHETT VALE","CITY OF ONKAPARINGA",2,2,0,0,2,2024,"January","Thursday","02:08 pm",60,"Sealed","Dry","Not Raining","Daylight","Rear End",2,,,1320772.94,1649856.29
"2024-50372-19/09/2025","BLAKEVIEW","CITY OF PLAYFORD.",2,1,0,0,1,2024,"January","Thursday","02:20 pm",60,"Sealed","Dry","Not Raining","Daylight","Hit Pedestrian",2,,,1338267.06,1696298.11
"2024-50378-19/09/2025","PARADISE","CC CAMPBELLTOWN.",2,4,0,0,4,2024,"January","Thursday","05:48 pm",60,"Sealed","Dry","Not Raining","Daylight","Right Turn",2,,,1334581.98,1675903.06
"2024-50380-19/09/2025","SURREY DOWNS","CITY OF TEA TREE GULLY",2,1,0,0,1,2024,"January","Thursday","06:50 pm",60,"Sealed","Dry","Not Raining","Daylight","Hit Fixed Object",1,"Y",,1338772.54,1683587.54
"2024-50383-19/09/2025","TOOPERANG","ALEXANDRINA COUNCIL",2,1,0,0,1,2024,"January","Thursday","02:55 pm",100,"Sealed","Dry","Not Raining","Daylight","Right Angle",1,,,1341727.75,1618063.78
"2024-50388-19/09/2025","STEPNEY","CC OF NORWOOD,PAYNEHAM & ST PETERS",2,1,0,1,0,2024,"January","Friday","07:15 am",60,"Sealed","Dry","Not Raining","Daylight","Hit Fixed Object",1,,,1331126.56,1672418.07
"2024-50389-19/09/2025","FURNER","WATTLE RANGE COUNCIL",2,1,0,1,0,2024,"January","Friday","07:42 am",110,"Sealed","Dry","Not Raining","Daylight","Hit Animal",2,,,1471040.17,1397045.48
"2024-50391-19/09/2025","PARADISE","CC CAMPBELLTOWN.",2,1,0,0,1,2024,"January","Friday","09:15 am",60,"Sealed","Dry","Not Raining","Daylight","Right Turn",2,,,1334586.96,1675908.54
"2024-50397-19/09/2025","WALLAROO","COPPER COAST DISTRICT COUNCIL",2,1,0,1,0,2024,"January","Friday","07:00 am",80,"Sealed","Dry","Not Raining","Daylight","Right Angle",1,,,1244061.26,1784316.82
"2024-50399-19/09/2025","EASTWOOD","CITY OF BURNSIDE",3,1,0,0,1,2024,"January","Friday","12:58 pm",60,"Sealed","Dry","Not Raining","Daylight","Rear End",1,,,1330013.01,1668988.91
"2024-50400-19/09/2025","HANSON","REGIONAL COUNCIL OF GOYDER",2,1,0,0,1,2024,"January","Friday","11:30 am",110,"Sealed","Dry","Not Raining","Daylight","Hit Fixed Object",1,,,1355260.34,1796717.71
"2024-50401-19/09/2025","NORTH ADELAIDE","CITY OF ADELAIDE",2,2,0,0,2,2024,"January","Friday","12:30 pm",50,"Sealed","Dry","Not Raining","Daylight","Right Angle",1,,,1328594.17,1672081.12
"2024-50402-19/09/2025","ADELAIDE","CITY OF ADELAIDE",2,1,0,0,1,2024,"January","Friday","11:26 am",50,"Sealed","Dry","Not Raining","Daylight","Rear End",2,,,1328453.02,1671132
"2024-50404-19/09/2025","HILLBANK","CITY OF PLAYFORD.",2,1,0,0,1,2024,"January","Friday","02:30 pm",80,"Sealed","Dry","Not Raining","Daylight","Right Angle",2,,,1336127.25,1690847.05
"2024-50405-19/09/2025","NORTH ADELAIDE","CITY OF ADELAIDE",2,1,0,1,0,2024,"January","Friday","03:25 pm",60,"Sealed","Dry","Not Raining","Daylight","Right Angle",1,,,1329586.59,1672940.18
"2024-50406-19/09/2025","SEAFORD MEADOWS","CITY OF ONKAPARINGA",3,1,0,0,1,2024,"January","Friday","03:48 pm",80,"Sealed","Dry","Not Raining","Daylight","Rear End",1,,,1318351.84,1643232.69
"2024-50408-19/09/2025","PETWOOD","DC MT.BARKER.",2,6,0,1,5,2024,"January","Friday","04:05 pm",100,"Unsealed","Dry","Not Raining","Daylight","Head On",1,,,1360799.28,1652629.86
"2024-50410-19/09/2025","HACKNEY","CC OF NORWOOD,PAYNEHAM & ST PETERS",2,1,0,0,1,2024,"January","Friday","04:29 pm",60,"Sealed","Dry","Not Raining","Daylight","Right Turn",2,,,1329888.83,1671303.98
"2024-50411-19/09/2025","SOMERTON PARK","CITY OF HOLDFAST BAY",2,1,0,0,1,2024,"January","Friday","05:15 pm",50,"Sealed","Dry","Not Raining","Daylight","Right Angle",1,,,1321802.97,1662692.74
"2024-50412-19/09/2025","ADELAIDE","CITY OF ADELAIDE",2,1,0,1,0,2024,"January","Friday","05:20 pm",50,"Sealed","Dry","Not Raining","Daylight","Right Angle",1,,,1329495.76,1671170.43
"2024-50416-19/09/2025","YATTALUNGA","CITY OF PLAYFORD.",1,1,0,1,0,2024,"January","Friday","08:57 pm",80,"Sealed","Dry","Not Raining","Night","Roll Over",1,,,1344845.63,1695540.51
"2024-50417-19/09/2025","TARPEENA","DISTRICT COUNCIL OF GRANT",2,2,0,2,0,2024,"January","Thursday","07:57 pm",100,"Unsealed","Dry","Not Raining","Daylight","Hit Fixed Object",1,,,1510502.99,1363264.45
"2024-50418-19/09/2025","LONSDALE","CITY OF ONKAPARINGA",2,3,0,0,3,2024,"January","Friday","10:00 pm",80,"Sealed","Dry","Not Raining","Night","Right Turn",1,,,1317834.84,1649782.11
"2024-50423-19/09/2025","ELLISTON","DC ELLISTON.",2,1,0,0,1,2024,"January","Saturday","01:15 am",50,"Sealed","Dry","Not Raining","Night","Hit Fixed Object",1,"Y",,989747.02,1817582.12
"2024-50431-19/09/2025","ARDROSSAN","YORKE PENINSULA COUNCIL",2,2,0,0,2,2024,"January","Saturday","02:30 am",100,"Sealed","Dry","Not Raining","Night","Hit Fixed Object",1,,,1265244.88,1722737.07
"2024-50433-19/09/2025","ELIZABETH","CITY OF PLAYFORD.",2,1,0,0,1,2024,"January","Saturday","01:10 pm",60,"Sealed","Dry","Not Raining","Daylight","Right Angle",2,,,1335655.83,1693821.56
"2024-50436-19/09/2025","VIRGINIA","CITY OF PLAYFORD.",2,1,0,1,0,2024,"January","Saturday","02:30 pm",110,"Sealed","Dry","Not Raining","Daylight","Side Swipe",1,,,1327159.18,1695909.58
"2024-50439-19/09/2025","PARADISE","CC CAMPBELLTOWN.",2,1,0,1,0,2024,"January","Saturday","02:50 pm",60,"Sealed","Dry","Not Raining","Daylight","Right Angle",1,,,1334621.19,1675897.63
"2024-50441-19/09/2025","CLARE","CLARE AND GILBERT VALLEYS DISTRICT COUNCIL",1,1,0,0,1,2024,"January","Saturday","05:16 pm",50,"Sealed","Dry","Not Raining","Daylight","Roll Over",1,"Y",,1334170.05,1791329.18
"2024-50445-19/09/2025","STOCKPORT","CLARE AND GILBERT VALLEYS DISTRICT COUNCIL",2,1,0,1,0,2024,"January","Sunday","12:35 am",100,"Sealed","Dry","Not Raining","Night","Hit Fixed Object",1,,,1343268.96,1732983.48
"2024-50452-19/09/2025","ELIZABETH SOUTH","CITY OF PLAYFORD.",2,1,0,0,1,2024,"January","Sunday","01:40 pm",60,"Sealed","Dry","Not Raining","Daylight","Rear End",2,,,1334417.95,1690238.54
"2024-50453-19/09/2025","ADELAIDE","CITY OF ADELAIDE",2,1,0,0,1,2024,"January","Sunday","01:30 pm",50,"Sealed","Dry","Not Raining","Daylight","Right Angle",2,,,1328456.72,1671432.44
"2024-50454-19/09/2025","HILLCREST","CITY OF PORT ADELAIDE ENFIELD",2,1,0,0,1,2024,"January","Sunday","04:05 pm",60,"Sealed","Dry","Not Raining","Daylight","Right Angle",2,,,1332182.1,1676688.39
"2024-50458-19/09/2025","REGENCY PARK","CITY OF PORT ADELAIDE ENFIELD",3,1,0,0,1,2024,"January","Sunday","06:30 pm",60,"Sealed","Dry","Not Raining","Daylight","Right Turn",1,,,1326094.37,1676380.46
"2024-50459-19/09/2025","FERRYDEN PARK","CITY OF PORT ADELAIDE ENFIELD",3,1,0,0,1,2024,"January","Sunday","07:00 pm",50,"Sealed","Dry","Not Raining","Daylight","Hit Parked Vehicle",1,,,1324790.3,1676759.65
"2024-50460-19/09/2025","BEVERLEY","CITY OF CHARLES STURT",3,1,0,1,0,2024,"January","Monday","12:03 am",50,"Sealed","Dry","Not Raining","Night","Right Angle",1,,,1323727.11,1674309.1
"2024-50461-19/09/2025","GOLDEN GROVE","CITY OF TEA TREE GULLY",2,1,0,1,0,2024,"January","Sunday","11:23 pm",60,"Sealed","Dry","Not Raining","Night","Hit Fixed Object",1,"Y",,1339692.13,1685785.8
"2024-50463-19/09/2025","PORT LINCOLN","CC PT.LINCOLN.",2,1,0,0,1,2024,"January","Monday","08:30 am",60,"Sealed","Dry","Not Raining","Daylight","Rear End",2,,,1078390.69,1697638.61
"2024-50466-19/09/2025","VALLEY VIEW","CITY OF TEA TREE GULLY",2,1,0,0,1,2024,"January","Monday","09:08 am",60,"Sealed","Dry","Not Raining","Daylight","Side Swipe",1,,,1335303.11,1679410.94
"2024-50475-19/09/2025","PROSPECT","CITY OF PROSPECT",2,2,0,0,2,2024,"January","Monday","12:36 pm",60,"Sealed","Dry","Not Raining","Daylight","Right Angle",2,,,1328726.42,1676429.12
"2024-50477-19/09/2025","BLACK FOREST","CITY OF UNLEY",2,1,0,1,0,2024,"January","Monday","11:54 am",40,"Sealed","Dry","Not Raining","Daylight","Hit Parked Vehicle",1,,,1326341.7,1667046.99
"2024-50480-19/09/2025","SALISBURY EAST","CITY OF SALISBURY",3,2,0,0,2,2024,"January","Monday","08:45 am",60,"Sealed","Dry","Not Raining","Daylight","Rear End",2,,,1333286.62,1685382.97
"2024-50484-19/09/2025","ALDINGA","CITY OF ONKAPARINGA",2,1,0,0,1,2024,"January","Monday","11:50 am",80,"Sealed","Dry","Not Raining","Daylight","Rear End",2,,,1316585.93,1634485.63
"2024-50487-19/09/2025","KUDLA","CT GAWLER.",2,1,0,0,1,2024,"January","Monday","02:25 pm",80,"Sealed","Dry","Not Raining","Daylight","Side Swipe",1,,,1337593.66,1701898.72
"2024-50496-19/09/2025","PAYNEHAM","CC OF NORWOOD,PAYNEHAM & ST PETERS",2,1,0,0,1,2024,"January","Monday","05:06 pm",60,"Sealed","Dry","Not Raining","Daylight","Side Swipe",2,,,1332172.02,1673790.11
"2024-50497-19/09/2025","BEDFORD PARK","CC MITCHAM.",3,1,0,0,1,2024,"January","Monday","05:10 pm",60,"Sealed","Dry","Not Raining","Daylight","Rear End",1,,,1325723.83,1660716.87
"2024-50501-19/09/2025","HILTON","CITY OF WEST TORRENS",2,1,0,0,1,2024,"January","Monday","02:40 pm",60,"Sealed","Dry","Not Raining","Daylight","Right Angle",2,,,1325240.79,1670068.08
"2024-50503-19/09/2025","REGENCY PARK","CITY OF PORT ADELAIDE ENFIELD",2,1,0,0,1,2024,"January","Tuesday","06:00 am",60,"Sealed","Dry","Not Raining","Night","Right Turn",2,,,1325607.04,1676364.17
"2024-50505-19/09/2025","SALISBURY","CITY OF SALISBURY",2,1,0,0,1,2024,"January","Tuesday","06:52 am",60,"Sealed","Dry","Not Raining","Daylight","Right Turn",2,,,1333601.36,1689549.53
"2024-50506-19/09/2025","ASCOT PARK","CC MARION.",2,1,0,0,1,2024,"January","Monday","05:05 pm",50,"Sealed","Dry","Not Raining","Daylight","Right Angle",1,,,1325094.28,1664007.99
"2024-50515-19/09/2025","COONAWARRA","WATTLE RANGE COUNCIL",2,2,0,0,2,2024,"January","Tuesday","11:03 am",110,"Sealed","Dry","Not Raining","Daylight","Hit Fixed Object",1,,"Y",1518448.18,1396544.56
"2024-50516-19/09/2025","PARADISE","CC CAMPBELLTOWN.",2,1,0,0,1,2024,"January","Tuesday","11:25 am",60,"Sealed","Dry","Not Raining","Daylight","Right Angle",1,,,1336348.61,1675945.33
"2024-50517-19/09/2025","PARALOWIE","CITY OF SALISBURY",2,1,0,0,1,2024,"January","Monday","10:34 pm",50,"Sealed","Dry","Not Raining","Night","Right Angle",2,,,1330344.02,1689177.5
"2024-50518-19/09/2025","WINDSOR GARDENS","CITY OF PORT ADELAIDE ENFIELD",2,1,0,0,1,2024,"January","Tuesday","09:00 am",60,"Sealed","Dry","Not Raining","Daylight","Rear End",2,,,1333135.99,1677498.22
"2024-50524-19/09/2025","URANIA","YORKE PENINSULA COUNCIL",1,1,0,0,1,2024,"January","Tuesday","11:30 am",100,"Sealed","Dry","Not Raining","Daylight","Roll Over",1,,,1238156.7,1716255.92
"2024-50529-19/09/2025","CROYDON","CITY OF CHARLES STURT",2,1,0,0,1,2024,"January","Tuesday","02:10 pm",60,"Sealed","Dry","Not Raining","Daylight","Rear End",1,,,1325395.89,1673593.28
"2024-50531-19/09/2025","ADELAIDE","CITY OF ADELAIDE",5,1,0,0,1,2024,"January","Tuesday","04:07 pm",60,"Sealed","Dry","Not Raining","Daylight","Side Swipe",1,,,1329811.23,1669038.99
"2024-50541-19/09/2025","TAPEROO","CITY OF PORT ADELAIDE ENFIELD",2,1,0,0,1,2024,"January","Tuesday","06:00 pm",60,"Sealed","Dry","Not Raining","Daylight","Right Angle",1,,,1319946.11,1684773.17
"2024-50542-19/09/2025","ECHUNGA","DC MT.BARKER.",2,1,0,0,1,2024,"January","Tuesday","04:20 pm",80,"Sealed","Dry","Not Raining","Daylight","Hit Fixed Object",1,,,1345902.26,1653280.03
"2024-50546-19/09/2025","SHEIDOW PARK","CC MARION.",2,2,0,2,0,2024,"January","Tuesday","09:40 pm",80,"Sealed","Wet","Raining","Night","Right Turn",1,,,1320343.3,1653904.34
"2024-50547-19/09/2025","WAMI KATA","CC PT.AUGUSTA.",1,1,0,1,0,2024,"January","Tuesday","08:35 pm",60,"Unsealed","Wet","Raining","Night","Roll Over",1,,,1262311.89,1948477.57
"2024-50552-19/09/2025","GULFVIEW HEIGHTS","CITY OF SALISBURY",2,1,0,0,1,2024,"January","Wednesday","08:49 am",60,"Sealed","Dry","Not Raining","Daylight","Right Angle",2,,,1334497.15,1685053.83
"2024-50553-19/09/2025","POLTALLOCH","COORONG DISTRICT COUNCIL",1,1,0,0,1,2024,"January","Wednesday","07:57 am",110,"Sealed","Dry","Not Raining","Daylight","Roll Over",1,,,1396190.59,1595808.96
"2024-50561-19/09/2025","SALISBURY PLAIN","CITY OF SALISBURY",2,1,0,0,1,2024,"January","Tuesday","05:21 pm",60,"Sealed","Dry","Not Raining","Daylight","Rear End",2,,,1335434.47,1688134.74
"2024-50564-19/09/2025","INGLEWOOD","THE ADELAIDE HILLS COUNCIL",2,1,0,0,1,2024,"January","Wednesday","01:00 pm",60,"Unsealed","Dry","Not Raining","Daylight","Hit Fixed Object",1,,,1346748.55,1687241.68
"2024-50574-19/09/2025","BALHANNAH","THE ADELAIDE HILLS COUNCIL",2,1,0,0,1,2024,"January","Wednesday","05:30 pm",60,"Sealed","Dry","Not Raining","Daylight","Rear End",1,,,1349332.58,1662916.52
"2024-50575-19/09/2025","ADELAIDE","CITY OF ADELAIDE",2,1,0,0,1,2024,"January","Wednesday","05:40 pm",50,"Sealed","Dry","Not Raining","Daylight","Side Swipe",1,,,1329041.1,1670122.55
"2024-50577-19/09/2025","COOBER PEDY","DC COOBER PEDY",2,1,0,1,0,2024,"January","Wednesday","08:37 am",80,"Unsealed","Dry","Not Raining","Daylight","Hit Fixed Object",1,"Y",,976283.63,2329272.81
"2024-50580-19/09/2025","HAHNDORF","DC MT.BARKER.",2,1,0,0,1,2024,"January","Thursday","06:45 am",110,"Sealed","Dry","Not Raining","Daylight","Rear End",1,,,1346349.19,1658706.4