"REPORT_ID","Suburb","LGA Name","Total Units","Total Cas","Total Fats","Total SI","Total MI","Year","Month","Day","Time","Area Speed","Road Surface","Moisture Cond","Weather Cond","DayNight","Crash Type","Unit Resp","DUI Involved","Drugs Involved","ACCLOC_X","ACCLOC_Y"
"2024-50582-19/09/2025","GOLDEN GROVE","CITY OF TEA TREE GULLY",2,1,0,0,1,2024,"January","Thursday","09:25 am",80,"Sealed","Dry","Not Raining","Daylight","Rear End",2,,,1342156.14,1687399.7
"2024-50588-19/09/2025","RENOWN PARK","CITY OF CHARLES STURT",2,1,0,1,0,2024,"January","Thursday","11:11 am",60,"Sealed","Dry","Not Raining","Daylight","Hit Pedestrian",2,,,1326449.96,1674472.85
"2024-50591-19/09/2025","MODBURY","CITY OF TEA TREE GULLY",2,1,0,0,1,2024,"January","Thursday","11:35 am",60,"Sealed","Dry","Not Raining","Daylight","Hit Fixed Object",1,,,1335697.35,1680812.32
"2024-50592-19/09/2025","REGENCY PARK","CITY OF PORT ADELAIDE ENFIELD",2,1,0,0,1,2024,"January","Thursday","06:15 am",60,"Sealed","Dry","Not Raining","Night","Rear End",2,,,1326420.75,1676374.36
"2024-50594-19/09/2025","TERINGIE","THE ADELAIDE HILLS COUNCIL",1,1,0,1,0,2024,"January","Thursday","01:04 pm",60,"Sealed","Dry","Not Raining","Daylight","Roll Over",1,,,1338698.1,1671947.25
"2024-50595-19/09/2025","SMITHFIELD PLAINS","CITY OF PLAYFORD.",2,1,0,0,1,2024,"January","Thursday","01:15 pm",50,"Sealed","Dry","Not Raining","Daylight","Rear End",2,,,1336418.44,1698062.73
"2024-50598-19/09/2025","PARADISE","CC CAMPBELLTOWN.",2,1,0,0,1,2024,"January","Thursday","03:02 pm",60,"Sealed","Dry","Not Raining","Daylight","Right Turn",1,,,1334586.96,1675908.54
"2024-50600-19/09/2025","ADELAIDE","CITY OF ADELAIDE",3,3,0,0,3,2024,"January","Thursday","03:32 pm",50,"Sealed","Dry","Not Raining","Daylight","Rear End",1,,,1329601.44,1670014.89
"2024-50608-19/09/2025","MAGILL","CITY OF BURNSIDE",2,1,0,0,1,2024,"January","Thursday","03:00 pm",60,"Sealed","Dry","Not Raining","Daylight","Hit Parked Vehicle",1,,,1335495.78,1671305.22
"2024-50609-19/09/2025","PARADISE","CC CAMPBELLTOWN.",2,5,0,1,4,2024,"January","Thursday","04:05 pm",60,"Sealed","Dry","Not Raining","Daylight","Right Turn",1,,,1334461.82,1676974.32
"2024-50610-19/09/2025","COWANDILLA","CITY OF WEST TORRENS",2,1,0,0,1,2024,"January","Thursday","05:00 pm",50,"Sealed","Dry","Not Raining","Daylight","Right Angle",2,,,1324649.41,1670328.2
"2024-50612-19/09/2025","BURTON","CITY OF SALISBURY",2,1,0,0,1,2024,"January","Thursday","06:00 am",60,"Sealed","Dry","Not Raining","Night","Rear End",2,,,1329956.49,1690976.96
"2024-50614-19/09/2025","CRAIGMORE","CITY OF PLAYFORD.",2,2,0,0,2,2024,"January","Thursday","06:28 pm",60,"Sealed","Dry","Not Raining","Daylight","Rear End",1,,,1338702.66,1696051.51
"2024-50616-19/09/2025","VALLEY VIEW","CITY OF PORT ADELAIDE ENFIELD",2,2,0,2,0,2024,"January","Thursday","09:26 pm",60,"Sealed","Dry","Not Raining","Night","Right Turn",2,,,1334550.17,1679386.94
"2024-50618-19/09/2025","KEPA","RC MURRAY BRIDGE.",1,1,0,0,1,2024,"January","Friday","05:04 am",100,"Sealed","Dry","Not Raining","Night","Roll Over",1,,,1399679.35,1641965.57
"2024-50620-19/09/2025","PARKSIDE","CITY OF UNLEY",1,1,0,0,1,2024,"January","Friday","11:00 am",60,"Sealed","Dry","Not Raining","Daylight","Roll Over",1,,,1329511.6,1668976.32
"2024-50630-19/09/2025","TATACHILLA","CITY OF ONKAPARINGA",2,1,0,0,1,2024,"January","Friday","02:40 pm",100,"Sealed","Dry","Not Raining","Daylight","Hit Fixed Object",1,,,1317661.15,1637399.4
"2024-50642-19/09/2025","ADELAIDE","CITY OF ADELAIDE",2,1,0,0,1,2024,"January","Friday","04:44 pm",50,"Sealed","Dry","Not Raining","Daylight","Right Turn",1,,,1327930.12,1670340.86
"2024-50649-19/09/2025","SALISBURY NORTH","CITY OF SALISBURY",2,1,0,0,1,2024,"January","Friday","06:35 pm",60,"Sealed","Dry","Not Raining","Daylight","Head On",1,,,1331495.63,1691236.71
"2024-50653-19/09/2025","ONE TREE HILL","CITY OF PLAYFORD.",2,1,0,0,1,2024,"January","Friday","09:00 pm",100,"Sealed","Dry","Not Raining","Night","Hit Fixed Object",1,,,1341251.72,1694112.85
"2024-50660-19/09/2025","IRONBANK","THE ADELAIDE HILLS COUNCIL",3,1,0,1,0,2024,"January","Saturday","08:30 am",80,"Sealed","Dry","Not Raining","Daylight","Roll Over",1,,,1336188.03,1658275.23
"2024-50669-19/09/2025","MARION","CC MARION.",2,1,0,1,0,2024,"January","Friday","08:00 am",60,"Sealed","Dry","Not Raining","Daylight","Side Swipe",2,,,1324388.08,1661091.08
"2024-50675-19/09/2025","STANSBURY","YORKE PENINSULA COUNCIL",2,1,0,0,1,2024,"January","Saturday","03:30 pm",100,"Unsealed","Dry","Not Raining","Daylight","Hit Fixed Object",1,"Y","Y",1249528.38,1671284.57
"2024-50679-19/09/2025","BROOKLYN PARK","CITY OF WEST TORRENS",2,1,0,1,0,2024,"January","Saturday","07:19 pm",60,"Sealed","Dry","Not Raining","Daylight","Hit Fixed Object",1,,"Y",1323898.26,1670105.76
"2024-50685-19/09/2025","MONARTO","RC MURRAY BRIDGE.",2,1,0,0,1,2024,"January","Saturday","10:15 pm",100,"Unsealed","Dry","Not Raining","Night","Hit Fixed Object",1,,,1371986.23,1649909.21
"2024-50688-19/09/2025","BAGOT WELL","LIGHT REGIONAL COUNCIL",2,1,1,0,0,2024,"January","Sunday","12:35 am",100,"Sealed","Dry","Not Raining","Night","Roll Over",1,"Y","Y",1365753.3,1738538.23
"2024-50689-19/09/2025","LEWISTON","DC MALLALA.",4,3,0,2,1,2024,"January","Sunday","07:00 am",100,"Sealed","Dry","Not Raining","Daylight","Rear End",1,,,1329887.24,1704195.09
"2024-50690-19/09/2025","UNDERDALE","CITY OF WEST TORRENS",2,1,0,0,1,2024,"January","Saturday","10:30 am",60,"Sealed","Dry","Not Raining","Daylight","Side Swipe",1,,,1323838.58,1671333.96
"2024-50691-19/09/2025","KAPUNDA","LIGHT REGIONAL COUNCIL",2,1,0,0,1,2024,"January","Saturday","06:20 pm",50,"Sealed","Unknown","Unknown","Daylight","Right Angle",2,,,1358886.03,1734293.13
"2024-50694-19/09/2025","PORT AUGUSTA","CC PT.AUGUSTA.",3,1,0,0,1,2024,"January","Sunday","03:55 pm",50,"Sealed","Dry","Not Raining","Daylight","Right Angle",2,,,1259219.01,1942479.84
"2024-50697-19/09/2025","COWELL","DC FRANKLIN HARBOR.",1,1,0,0,1,2024,"January","Sunday","02:55 pm",110,"Sealed","Dry","Not Raining","Daylight","Roll Over",1,,,1171761.94,1812806.44
"2024-50699-19/09/2025","MONARTO","RC MURRAY BRIDGE.",2,1,0,0,1,2024,"January","Sunday","04:43 pm",100,"Sealed","Dry","Not Raining","Daylight","Hit Fixed Object",1,,,1378437.21,1653588.43
"2024-50702-19/09/2025","STRATHALBYN","ALEXANDRINA COUNCIL",3,1,0,0,1,2024,"January","Sunday","05:22 pm",100,"Sealed","Dry","Not Raining","Daylight","Hit Fixed Object",1,,,1355069.34,1628677.74
"2024-50704-19/09/2025","CALTOWIE WEST","NORTHERN AREAS DISTRICT COUNCIL",2,3,0,0,3,2024,"January","Sunday","06:38 pm",100,"Sealed","Dry","Not Raining","Daylight","Right Angle",2,,,1314697.34,1870019.65
"2024-50706-19/09/2025","SALISBURY NORTH","CITY OF SALISBURY",2,1,0,0,1,2024,"January","Sunday","09:31 pm",60,"Sealed","Dry","Not Raining","Night","Right Turn",1,,,1331728.37,1689577.11
"2024-50710-19/09/2025","INGLE FARM","CITY OF SALISBURY",2,1,0,1,0,2024,"January","Monday","01:40 am",50,"Sealed","Dry","Not Raining","Night","Hit Fixed Object",1,"Y",,1332075.16,1680572.03
"2024-50722-19/09/2025","MOUNT GAMBIER","CC MT.GAMBIER.",2,2,0,1,1,2024,"January","Monday","11:20 am",50,"Sealed","Dry","Not Raining","Daylight","Side Swipe",1,,,1510715.06,1339645.22
"2024-50724-19/09/2025","HAHNDORF","DC MT.BARKER.",3,1,0,0,1,2024,"January","Monday","11:05 am",80,"Sealed","Dry","Not Raining","Daylight","Side Swipe",1,,,1348649.57,1659352.9
"2024-50725-19/09/2025","WOODVILLE NORTH","CITY OF CHARLES STURT",2,1,0,0,1,2024,"January","Monday","12:18 pm",50,"Sealed","Dry","Not Raining","Daylight","Rear End",2,,,1323535.02,1676767
"2024-50726-19/09/2025","WILLUNGA HILL","ALEXANDRINA COUNCIL",2,1,0,0,1,2024,"January","Monday","12:45 pm",100,"Sealed","Dry","Not Raining","Daylight","Right Angle",1,,,1325443.37,1629605.5
"2024-50731-19/09/2025","ADELAIDE","CITY OF ADELAIDE",2,1,0,0,1,2024,"January","Monday","12:50 pm",60,"Sealed","Dry","Not Raining","Daylight","Hit Parked Vehicle",2,,,1327243.6,1670309.51
"2024-50733-19/09/2025","PORT VINCENT","YORKE PENINSULA COUNCIL",1,1,0,0,1,2024,"January","Monday","02:25 pm",100,"Sealed","Dry","Not Raining","Daylight","Roll Over",1,,"Y",1259297.01,1689479.2
"2024-50737-19/09/2025","BROOKLYN PARK","CITY OF WEST TORRENS",2,1,0,0,1,2024,"January","Monday","03:56 pm",60,"Sealed","Dry","Not Raining","Daylight","Side Swipe",9,,,1324124.9,1670819.13
"2024-50738-19/09/2025","TRANMERE","CC CAMPBELLTOWN.",2,2,0,0,2,2024,"January","Monday","04:15 pm",60,"Sealed","Dry","Not Raining","Daylight","Right Angle",1,,,1333828.08,1673152
"2024-50740-19/09/2025","ADELAIDE","CITY OF ADELAIDE",2,1,0,0,1,2024,"January","Monday","07:15 am",50,"Sealed","Dry","Not Raining","Daylight","Rear End",1,,,1329582.9,1670709.31
"2024-50741-19/09/2025","PORT ADELAIDE","CITY OF PORT ADELAIDE ENFIELD",2,1,0,0,1,2024,"January","Monday","09:20 am",60,"Unsealed","Dry","Not Raining","Daylight","Rear End",2,,,1320486.5,1678923.84
"2024-50742-19/09/2025","TORRENS PARK","CC MITCHAM.",5,1,0,0,1,2024,"January","Monday","02:20 pm",60,"Sealed","Dry","Not Raining","Daylight","Rear End",1,,,1329234.3,1664733.07
"2024-50752-19/09/2025","PORT AUGUSTA","CC PT.AUGUSTA.",2,1,0,0,1,2024,"January","Monday","06:51 pm",50,"Sealed","Dry","Not Raining","Daylight","Right Angle",2,,,1260674.08,1941597.55
"2024-50756-19/09/2025","MORPHETTVILLE","CC MARION.",1,1,0,0,1,2024,"January","Monday","07:30 pm",60,"Sealed","Dry","Not Raining","Daylight","Roll Over",1,,,1323428.19,1664445.46
"2024-50758-19/09/2025","WILLUNGA","CITY OF ONKAPARINGA",1,1,0,0,1,2024,"January","Saturday","01:00 pm",50,"Sealed","Dry","Not Raining","Daylight","Roll Over",9,,,1323578.78,1632097.33
"2024-50770-19/09/2025","GLENELG NORTH","CITY OF HOLDFAST BAY",1,1,0,0,1,2024,"January","Tuesday","11:12 am",60,"Sealed","Dry","Not Raining","Daylight","Roll Over",1,,,1320824.02,1665700.05
"2024-50781-19/09/2025","ANGLE PARK","CITY OF PORT ADELAIDE ENFIELD",2,1,0,0,1,2024,"January","Tuesday","07:47 pm",50,"Sealed","Dry","Not Raining","Daylight","Right Turn",2,,,1325341.16,1678586.1
"2024-50788-19/09/2025","KESWICK TERMINAL","CITY OF WEST TORRENS",2,1,0,1,0,2024,"January","Wednesday","07:25 am",60,"Sealed","Dry","Not Raining","Daylight","Right Turn",1,,,1326431.79,1668967.8
"2024-50794-19/09/2025","HOVE","CITY OF HOLDFAST BAY",2,1,0,0,1,2024,"January","Wednesday","10:15 am",60,"Sealed","Dry","Not Raining","Daylight","Right Angle",1,,,1321113.15,1661543.36
"2024-50799-19/09/2025","NORTH ADELAIDE","CITY OF ADELAIDE",2,1,0,0,1,2024,"January","Wednesday","01:33 pm",50,"Sealed","Dry","Not Raining","Daylight","Side Swipe",2,,,1328297.04,1672088.11
"2024-50800-19/09/2025","NORWOOD","CC OF NORWOOD,PAYNEHAM & ST PETERS",2,1,0,1,0,2024,"January","Wednesday","01:45 pm",60,"Sealed","Dry","Not Raining","Daylight","Right Turn",1,,,1331130.16,1671048.93
"2024-50801-19/09/2025","PARAFIELD","CITY OF SALISBURY",3,1,0,0,1,2024,"January","Wednesday","02:20 pm",80,"Sealed","Dry","Not Raining","Daylight","Rear End",2,,,1332521.09,1684419.56
"2024-50803-19/09/2025","ROYSTON PARK","CC OF NORWOOD,PAYNEHAM & ST PETERS",2,1,0,0,1,2024,"January","Wednesday","04:00 pm",60,"Sealed","Dry","Not Raining","Daylight","Right Turn",1,,,1331904.4,1673456.38
"2024-50812-19/09/2025","MILLBROOK","THE ADELAIDE HILLS COUNCIL",2,1,0,0,1,2024,"January","Wednesday","06:00 pm",80,"Sealed","Dry","Not Raining","Daylight","Right Turn",2,,,1349823.17,1681251.19
"2024-50815-19/09/2025","PARALOWIE","CITY OF SALISBURY",2,1,0,0,1,2024,"January","Wednesday","09:33 pm",60,"Sealed","Dry","Not Raining","Night","Right Angle",1,,"Y",1331764.22,1689548.61
"2024-50819-19/09/2025","BOWDEN","CITY OF CHARLES STURT",2,1,0,0,1,2024,"January","Thursday","07:58 am",60,"Sealed","Dry","Not Raining","Daylight","Rear End",2,,,1326752.98,1672897.84
"2024-50820-19/09/2025","HINDMARSH","CITY OF CHARLES STURT",6,2,0,0,2,2024,"January","Thursday","07:55 am",60,"Sealed","Dry","Not Raining","Daylight","Rear End",1,,,1325771.82,1673270.67
"2024-50823-19/09/2025","MANOORA","CLARE AND GILBERT VALLEYS DISTRICT COUNCIL",2,1,0,1,0,2024,"January","Thursday","09:00 am",60,"Sealed","Dry","Not Raining","Daylight","Right Angle",2,,,1351859.31,1772271.31
"2024-50824-19/09/2025","ANGLE VALE","CITY OF PLAYFORD.",2,4,0,0,4,2024,"January","Thursday","09:05 am",80,"Sealed","Dry","Not Raining","Daylight","Right Angle",2,,,1334815.38,1701241.72
"2024-50825-19/09/2025","CLEVE","DC CLEVE.",1,1,0,0,1,2024,"January","Tuesday","09:30 pm",110,"Sealed","Dry","Not Raining","Night","Roll Over",1,,,1126331.13,1812162.73
"2024-50827-19/09/2025","HILL RIVER","CLARE AND GILBERT VALLEYS DISTRICT COUNCIL",2,1,0,1,0,2024,"January","Thursday","11:13 am",100,"Sealed","Dry","Not Raining","Daylight","Hit Fixed Object",1,,"Y",1339551.02,1793012.85
"2024-50830-19/09/2025","ADELAIDE","CITY OF ADELAIDE",1,1,0,0,1,2024,"January","Thursday","09:30 am",10,"Sealed","Dry","Not Raining","Daylight","Roll Over",1,,,1329335.01,1669056
"2024-50839-19/09/2025","POORAKA","CITY OF SALISBURY",2,1,0,0,1,2024,"January","Thursday","02:10 pm",80,"Sealed","Wet","Raining","Daylight","Right Angle",2,,,1331536.65,1683142.51
"2024-50851-19/09/2025","ELIZABETH","CITY OF PLAYFORD.",2,1,0,0,1,2024,"January","Thursday","07:15 am",80,"Sealed","Wet","Raining","Daylight","Rear End",2,,,1336007.24,1692765.05
"2024-50861-19/09/2025","MELROSE","DC MT.REMARKABLE.",1,1,0,0,1,2024,"January","Thursday","04:04 pm",100,"Unsealed","Dry","Not Raining","Daylight","Roll Over",1,"Y",,1294272.48,1893180.06
"2024-50868-19/09/2025","TRINITY GARDENS","CC OF NORWOOD,PAYNEHAM & ST PETERS",2,1,0,0,1,2024,"January","Thursday","03:00 pm",60,"Sealed","Wet","Raining","Daylight","Hit Pedestrian",2,,,1332517.54,1671769.51
"2024-50874-19/09/2025","FLAXMAN VALLEY","THE BAROSSA COUNCIL.",2,1,0,0,1,2024,"January","Friday","03:20 am",80,"Unsealed","Wet","Raining","Night","Hit Fixed Object",1,"Y",,1367974.28,1700879.94
"2024-50880-19/09/2025","WOODSIDE","THE ADELAIDE HILLS COUNCIL",2,1,0,0,1,2024,"January","Friday","11:35 am",25,"Sealed","Dry","Not Raining","Daylight","Hit Object on Road",1,,,1354308.14,1668677.25
"2024-50882-19/09/2025","HINDMARSH","CITY OF CHARLES STURT",2,1,0,1,0,2024,"January","Tuesday","09:20 pm",60,"Sealed","Dry","Not Raining","Night","Right Angle",1,"Y",,1325870.9,1673121.42
"2024-50883-19/09/2025","ALDINGA","CITY OF ONKAPARINGA",3,2,0,0,2,2024,"January","Friday","11:55 am",90,"Sealed","Dry","Not Raining","Daylight","Side Swipe",1,,,1315704.23,1631423.82
"2024-50885-19/09/2025","TAILEM BEND","COORONG DISTRICT COUNCIL",2,4,0,0,4,2024,"January","Friday","12:15 pm",110,"Sealed","Dry","Not Raining","Daylight","Right Angle",2,,,1405326.16,1629367.76
"2024-50886-19/09/2025","O'HALLORAN HILL","CC MARION.",2,1,0,0,1,2024,"January","Thursday","04:30 pm",70,"Sealed","Wet","Raining","Daylight","Rear End",2,,,1323853.9,1656610.33
"2024-50892-19/09/2025","MURDINGA","DC ELLISTON.",1,3,0,3,0,2024,"January","Friday","05:00 pm",110,"Sealed","Dry","Not Raining","Daylight","Roll Over",1,"Y",,1064612.66,1811432.66
"2024-50894-19/09/2025","ELIZABETH","CITY OF PLAYFORD.",2,2,0,0,2,2024,"January","Friday","10:33 pm",50,"Sealed","Dry","Not Raining","Night","Rear End",1,"Y",,1335294.24,1693555.16
"2024-50895-19/09/2025","TARPEENA","DISTRICT COUNCIL OF GRANT",2,1,0,1,0,2024,"January","Saturday","04:45 am",100,"Unsealed","Dry","Not Raining","Night","Hit Fixed Object",1,"Y",,1509175.61,1363243.05
"2024-50896-19/09/2025","DOVER GARDENS","CC MARION.",2,1,0,0,1,2024,"January","Saturday","08:27 am",60,"Sealed","Dry","Not Raining","Daylight","Right Angle",1,,,1322014.88,1660577.26
"2024-50897-19/09/2025","LARGS BAY","CITY OF PORT ADELAIDE ENFIELD",2,1,0,0,1,2024,"January","Saturday","09:40 am",60,"Sealed","Dry","Not Raining","Daylight","Rear End",2,,,1318564.13,1682254.51
"2024-50899-19/09/2025","GREENACRES","CITY OF PORT ADELAIDE ENFIELD",2,1,0,0,1,2024,"January","Saturday","10:02 am",50,"Sealed","Dry","Not Raining","Daylight","Right Angle",2,,,1332085.16,1676827
"2024-50900-19/09/2025","WHITES VALLEY","CITY OF ONKAPARINGA",2,2,0,0,2,2024,"January","Saturday","10:35 am",100,"Sealed","Dry","Not Raining","Daylight","Right Angle",1,,,1321497.29,1632441.17
"2024-50902-19/09/2025","URRBRAE","CC MITCHAM.",2,1,0,0,1,2024,"January","Saturday","12:20 pm",60,"Sealed","Dry","Not Raining","Daylight","Right Turn",1,,,1330785.59,1665600.33
"2024-50904-19/09/2025","REYNELLA","CITY OF ONKAPARINGA",2,2,0,0,2,2024,"January","Saturday","01:27 pm",60,"Sealed","Dry","Not Raining","Daylight","Right Angle",1,,,1321297.43,1651139.76
"2024-50907-19/09/2025","COORONG","COORONG DISTRICT COUNCIL",1,1,0,1,0,2024,"January","Friday","04:00 pm",40,"Unsealed","Wet","Not Raining","Daylight","Roll Over",1,,,1414474.22,1531421.68
"2024-50908-19/09/2025","TORRENSVILLE","CITY OF WEST TORRENS",2,1,0,0,1,2024,"January","Saturday","04:54 pm",50,"Sealed","Dry","Not Raining","Daylight","Hit Parked Vehicle",1,,,1324849.13,1671516.35
"2024-50909-19/09/2025","GILLENTOWN","CLARE AND GILBERT VALLEYS DISTRICT COUNCIL",2,2,0,0,2,2024,"January","Saturday","04:50 pm",80,"Sealed","Dry","Not Raining","Daylight","Right Angle",1,,,1333703.04,1787691.83
"2024-50911-19/09/2025","ALLENBY GARDENS","CITY OF CHARLES STURT",2,1,0,1,0,2024,"January","Wednesday","08:00 pm",50,"Sealed","Dry","Not Raining","Daylight","Side Swipe",2,,,1324613.35,1674135.64
"2024-50912-19/09/2025","THEBARTON","CITY OF WEST TORRENS",2,1,0,0,1,2024,"January","Saturday","07:10 pm",60,"Sealed","Dry","Not Raining","Daylight","Right Angle",2,,,1326585.27,1671527.51
"2024-50915-19/09/2025","ADELAIDE","CITY OF ADELAIDE",2,1,0,0,1,2024,"January","Saturday","10:10 pm",50,"Sealed","Dry","Not Raining","Night","Right Angle",1,,,1328458.08,1670920.28
"2024-50920-19/09/2025","PARAFIELD GARDENS","CITY OF SALISBURY",2,1,0,0,1,2024,"January","Sunday","09:40 am",60,"Sealed","Dry","Not Raining","Daylight","Right Angle",1,,,1329677.21,1686458.81
"2024-50921-19/09/2025","SEACLIFF PARK","CITY OF HOLDFAST BAY",2,1,0,1,0,2024,"January","Sunday","10:20 am",60,"Sealed","Dry","Not Raining","Daylight","Hit Pedestrian",1,,,1321194.09,1658847.53
"2024-50922-19/09/2025","CHAIN OF PONDS","THE ADELAIDE HILLS COUNCIL",1,1,0,0,1,2024,"January","Sunday","11:45 am",80,"Sealed","Dry","Not Raining","Daylight","Roll Over",1,,,1351890.59,1681231.91
"2024-50925-19/09/2025","HUNTFIELD HEIGHTS","CITY OF ONKAPARINGA",4,1,0,0,1,2024,"January","Sunday","12:30 pm",80,"Sealed","Dry","Not Raining","Daylight","Rear End",1,,,1319286.47,1644504.28
"2024-50926-19/09/2025","WILLUNGA","CITY OF ONKAPARINGA",1,1,0,0,1,2024,"January","Sunday","12:58 pm",100,"Sealed","Dry","Not Raining","Daylight","Roll Over",1,,,1324965.93,1630541.89
"2024-50927-19/09/2025","NORTHFIELD","CITY OF PORT ADELAIDE ENFIELD",2,1,0,0,1,2024,"January","Sunday","12:50 pm",60,"Sealed","Dry","Not Raining","Daylight","Rear End",2,,,1330389.87,1678675.17
"2024-50928-19/09/2025","SOMERTON PARK","CITY OF HOLDFAST BAY",2,1,0,0,1,2024,"January","Sunday","09:00 am",50,"Sealed","Dry","Not Raining","Daylight","Hit Parked Vehicle",1,,,1320059.53,1663234.14
"2024-50930-19/09/2025","OLD NOARLUNGA","CITY OF ONKAPARINGA",3,1,0,0,1,2024,"January","Sunday","01:45 pm",60,"Sealed","Dry","Not Raining","Daylight","Rear End",1,,,1317961.85,1642623.2
"2024-50944-19/09/2025","MEDINDIE","WALKERVILLE TOWN COUNCIL",3,2,0,0,2,2024,"January","Monday","07:04 am",60,"Sealed","Dry","Not Raining","Daylight","Rear End",1,,,1328914.43,1673474.62
"2024-50945-19/09/2025","PETERHEAD","CITY OF PORT ADELAIDE ENFIELD",3,1,0,0,1,2024,"January","Monday","07:30 am",60,"Sealed","Dry","Not Raining","Daylight","Right Angle",1,,,1319870.18,1681262.74
"2024-50946-19/09/2025","GLENSIDE","CITY OF BURNSIDE",2,1,0,1,0,2024,"January","Monday","07:37 am",60,"Sealed","Dry","Not Raining","Daylight","Right Turn",1,,,1330687.25,1668997.74
"2024-50947-19/09/2025","GLENSIDE","CITY OF BURNSIDE",3,1,0,0,1,2024,"January","Monday","08:10 am",60,"Sealed","Dry","Not Raining","Daylight","Right Turn",1,,,1331831.75,1669034.09
"2024-50954-19/09/2025","PARADISE","CC CAMPBELLTOWN.",3,1,0,0,1,2024,"January","Monday","10:25 am",50,"Sealed","Dry","Not Raining","Daylight","Hit Parked Vehicle",1,,,1336286.92,1676342.58
"2024-50958-19/09/2025","NETHERBY","CC MITCHAM.",2,1,0,1,0,2024,"January","Monday","01:40 pm",60,"Sealed","Dry","Not Raining","Daylight","Side Swipe",1,,,1330491.58,1666283.7
"2024-50960-19/09/2025","ELIZABETH PARK","CITY OF PLAYFORD.",3,2,0,0,2,2024,"January","Monday","05:09 pm",80,"Sealed","Dry","Not Raining","Daylight","Right Angle",1,,,1336500.9,1694621.89
"2024-50961-19/09/2025","PARADISE","CC CAMPBELLTOWN.",2,2,0,1,1,2024,"January","Monday","05:40 pm",60,"Sealed","Dry","Not Raining","Daylight","Right Angle",1,,,1334872.35,1676383.71
"2024-50965-19/09/2025","LOCKLEYS","CITY OF WEST TORRENS",2,2,0,0,2,2024,"January","Monday","08:59 pm",60,"Sealed","Dry","Not Raining","Night","Right Turn",2,,,1322509.96,1670075.81
"2024-50972-19/09/2025","KENSINGTON PARK","CITY OF BURNSIDE",2,1,0,0,1,2024,"January","Tuesday","08:30 am",60,"Sealed","Dry","Not Raining","Daylight","Hit Parked Vehicle",1,,,1333391.35,1671106.64
"2024-50976-19/09/2025","WOODCROFT","CITY OF ONKAPARINGA",2,1,0,0,1,2024,"January","Monday","08:30 am",80,"Sealed","Dry","Not Raining","Daylight","Right Angle",2,,,1323094.79,1649921.73
"2024-50978-19/09/2025","NORWOOD","CC OF NORWOOD,PAYNEHAM & ST PETERS",2,1,0,0,1,2024,"January","Monday","01:30 pm",60,"Sealed","Dry","Not Raining","Daylight","Hit Pedestrian",2,,,1330612.15,1671601.84
"2024-50984-19/09/2025","WATERLOO CORNER","CITY OF SALISBURY",3,1,0,0,1,2024,"January","Tuesday","07:20 am",70,"Sealed","Dry","Not Raining","Daylight","Rear End",2,,,1328258.79,1692163.2
"2024-50985-19/09/2025","WISTOW","DC MT.BARKER.",2,1,0,0,1,2024,"January","Tuesday","02:10 pm",80,"Sealed","Dry","Not Raining","Daylight","Rear End",1,,,1353777.94,1649394.23
"2024-50996-19/09/2025","PROSPECT","CITY OF PROSPECT",2,1,0,0,1,2024,"January","Tuesday","05:45 pm",50,"Sealed","Dry","Not Raining","Daylight","Rear End",2,,,1328073.42,1676032.81
"2024-50999-19/09/2025","KENT TOWN","CC OF NORWOOD,PAYNEHAM & ST PETERS",2,1,0,0,1,2024,"January","Tuesday","04:05 pm",60,"Sealed","Dry","Not Raining","Daylight","Right Turn",1,,,1330555.43,1670400.29
"2024-51001-19/09/2025","SEAFORD","CITY OF ONKAPARINGA",1,1,0,0,1,2024,"January","Tuesday","08:30 pm",50,"Sealed","Dry","Not Raining","Night","Roll Over",1,,,1316021.57,1642432.13
"2024-51002-19/09/2025","NORWOOD","CC OF NORWOOD,PAYNEHAM & ST PETERS",2,1,0,0,1,2024,"January","Tuesday","05:30 pm",60,"Sealed","Dry","Not Raining","Daylight","Rear End",2,,,1332245.2,1671176.36
"2024-51008-19/09/2025","SALISBURY PLAIN","CITY OF SALISBURY",3,1,0,0,1,2024,"January","Wednesday","05:55 am",80,"Sealed","Dry","Not Raining","Night","Rear End",2,,,1335455.1,1688128.4
"2024-51011-19/09/2025","MARDEN","CC OF NORWOOD,PAYNEHAM & ST PETERS",2,1,0,1,0,2024,"January","Tuesday","07:55 am",25,"Sealed","Dry","Not Raining","Daylight","Hit Animal",2,,,1331186.83,1674432.1
"2024-51019-19/09/2025","BULL CREEK","ALEXANDRINA COUNCIL",3,1,0,0,1,2024,"January","Wednesday","10:05 am",80,"Sealed","Dry","Not Raining","Daylight","Hit Fixed Object",1,,,1342173.58,1634566.25
"2024-51022-19/09/2025","SALISBURY DOWNS","CITY OF SALISBURY",2,1,0,0,1,2024,"January","Wednesday","10:50 am",60,"Sealed","Dry","Not Raining","Daylight","Rear End",2,,,1331457.7,1686824.67
"2024-51023-19/09/2025","WHYALLA NORRIE","CC WHYALLA.",2,1,0,0,1,2024,"January","Wednesday","12:01 pm",60,"Sealed","Dry","Not Raining","Daylight","Right Turn",2,,,1235982.34,1884248.06