"REPORT_ID","Suburb","LGA Name","Total Units","Total Cas","Total Fats","Total SI","Total MI","Year","Month","Day","Time","Area Speed","Road Surface","Moisture Cond","Weather Cond","DayNight","Crash Type","Unit Resp","DUI Involved","Drugs Involved","ACCLOC_X","ACCLOC_Y"
"2024-51025-19/09/2025","STEPNEY","CC OF NORWOOD,PAYNEHAM & ST PETERS",2,1,0,0,1,2024,"January","Tuesday","02:10 pm",60,"Sealed","Dry","Not Raining","Daylight","Rear End",2,,,1331423.77,1671738.91
"2024-51032-19/09/2025","NEWTON","CC CAMPBELLTOWN.",1,1,0,0,1,2024,"January","Wednesday","04:35 pm",60,"Sealed","Dry","Not Raining","Daylight","Roll Over",1,,,1336291.66,1675943.47
"2024-51035-19/09/2025","GEPPS CROSS","CITY OF PORT ADELAIDE ENFIELD",2,1,0,0,1,2024,"January","Wednesday","04:24 pm",70,"Sealed","Dry","Not Raining","Daylight","Rear End",1,,"Y",1327389.87,1679469.34
"2024-51041-19/09/2025","OLD NOARLUNGA","CITY OF ONKAPARINGA",1,1,0,0,1,2024,"January","Wednesday","04:45 pm",60,"Sealed","Dry","Not Raining","Daylight","Roll Over",1,,,1318310.4,1641716.26
"2024-51043-19/09/2025","WALKLEY HEIGHTS","CITY OF SALISBURY",2,1,1,0,0,2024,"January","Wednesday","09:31 pm",60,"Sealed","Dry","Not Raining","Night","Hit Fixed Object",1,,,1331389.57,1680601.02
"2024-51045-19/09/2025","URRBRAE","CC MITCHAM.",2,3,0,0,3,2024,"February","Thursday","05:50 am",60,"Sealed","Dry","Not Raining","Night","Right Turn",2,,,1330765.11,1666293.95
"2024-51046-19/09/2025","WINDSOR GARDENS","CITY OF PORT ADELAIDE ENFIELD",3,1,0,0,1,2024,"February","Thursday","07:30 am",60,"Sealed","Dry","Not Raining","Daylight","Right Turn",1,,,1333600.31,1677898.75
"2024-51048-19/09/2025","SALISBURY EAST","CITY OF SALISBURY",2,2,0,0,2,2024,"February","Thursday","08:32 am",80,"Sealed","Dry","Not Raining","Daylight","Rear End",1,,,1333995.93,1686285.66
"2024-51053-19/09/2025","MURRAY BRIDGE EAST","RC MURRAY BRIDGE.",1,1,0,0,1,2024,"January","Wednesday","10:00 pm",100,"Unsealed","Dry","Not Raining","Night","Roll Over",1,,,1393433.19,1650104.3
"2024-51056-19/09/2025","MUNNO PARA WEST","CITY OF PLAYFORD.",2,1,0,0,1,2024,"February","Thursday","12:05 pm",60,"Sealed","Dry","Not Raining","Daylight","Head On",1,,,1336113.63,1698861.25
"2024-51057-19/09/2025","ADELAIDE","CITY OF ADELAIDE",2,1,0,0,1,2024,"February","Thursday","06:51 am",50,"Sealed","Dry","Not Raining","Daylight","Rear End",2,,,1329056.26,1669586.88
"2024-51058-19/09/2025","BUNGAMA","PT.PIRIE CITY & DIST. COUNCIL",2,1,0,0,1,2024,"February","Thursday","12:40 pm",100,"Sealed","Dry","Not Raining","Daylight","Hit Fixed Object",1,,,1285475.35,1865095.63
"2024-51060-19/09/2025","WINGFIELD","CITY OF PORT ADELAIDE ENFIELD",2,1,0,0,1,2024,"February","Thursday","01:26 pm",60,"Sealed","Dry","Not Raining","Daylight","Right Turn",1,,,1325540.31,1679709.29
"2024-51061-19/09/2025","SALISBURY EAST","CITY OF SALISBURY",2,1,0,0,1,2024,"January","Wednesday","05:20 pm",60,"Sealed","Dry","Not Raining","Daylight","Rear End",2,,,1334178.48,1684646
"2024-51062-19/09/2025","EDWARDSTOWN","CC MARION.",2,1,0,0,1,2024,"January","Wednesday","12:20 pm",60,"Sealed","Dry","Not Raining","Daylight","Rear End",2,,,1325923.86,1664392.42
"2024-51064-19/09/2025","KORUNYE","DC MALLALA.",3,1,0,0,1,2024,"February","Thursday","01:15 pm",100,"Sealed","Dry","Not Raining","Daylight","Head On",1,,,1321830,1712529
"2024-51066-19/09/2025","CAVAN","CITY OF SALISBURY",2,1,0,0,1,2024,"February","Thursday","08:00 am",70,"Sealed","Dry","Not Raining","Daylight","Rear End",1,,,1328738.31,1681559.52
"2024-51077-19/09/2025","KURRALTA PARK","CITY OF WEST TORRENS",2,1,0,0,1,2024,"February","Thursday","07:40 am",60,"Sealed","Dry","Not Raining","Daylight","Rear End",2,,,1325595.58,1667581.78
"2024-51082-19/09/2025","CROYDON","CITY OF CHARLES STURT",3,1,0,0,1,2024,"February","Thursday","07:20 pm",80,"Sealed","Dry","Not Raining","Daylight","Hit Fixed Object",1,,,1325786.08,1674558.69
"2024-51086-19/09/2025","NOARLUNGA DOWNS","CITY OF ONKAPARINGA",3,1,0,1,0,2024,"February","Thursday","09:15 pm",80,"Sealed","Dry","Not Raining","Night","Hit Fixed Object",1,"Y","Y",1319288.56,1644358.57
"2024-51087-19/09/2025","SADDLEWORTH","CLARE AND GILBERT VALLEYS DISTRICT COUNCIL",2,1,0,1,0,2024,"February","Friday","01:46 am",80,"Sealed","Dry","Not Raining","Night","Hit Fixed Object",1,,"Y",1347789.52,1762848.2
"2024-51089-19/09/2025","SALISBURY PARK","CITY OF SALISBURY",1,1,0,1,0,2024,"February","Friday","05:53 am",80,"Sealed","Dry","Not Raining","Night","Roll Over",1,,"Y",1335943.37,1688761.74
"2024-51090-19/09/2025","NEW PORT","CITY OF PORT ADELAIDE ENFIELD",2,1,0,0,1,2024,"February","Friday","05:58 am",60,"Sealed","Dry","Not Raining","Night","Right Angle",1,,,1319529.71,1680498.67
"2024-51094-19/09/2025","KORUNYE","DC MALLALA.",2,4,2,1,1,2024,"February","Friday","07:17 am",100,"Sealed","Dry","Not Raining","Daylight","Right Angle",1,,,1321831.34,1712469.95
"2024-51095-19/09/2025","KINGSWOOD","CC MITCHAM.",2,2,0,0,2,2024,"February","Friday","08:20 am",50,"Sealed","Dry","Not Raining","Daylight","Rear End",2,,,1329449.03,1665243.68
"2024-51097-19/09/2025","GLOSSOP","THE BERRI BARMERA COUNCIL",2,1,1,0,0,2024,"February","Friday","09:25 am",90,"Sealed","Dry","Not Raining","Daylight","Hit Pedestrian",2,,,1512342.36,1734312.08
"2024-51098-19/09/2025","MARION","CC MARION.",2,2,0,0,2,2024,"February","Friday","10:30 am",60,"Sealed","Dry","Not Raining","Daylight","Rear End",1,,,1324398.72,1661091.4
"2024-51102-19/09/2025","STURT","CC MARION.",2,1,0,0,1,2024,"February","Friday","07:25 am",60,"Sealed","Dry","Not Raining","Daylight","Rear End",2,,,1324404.88,1660668.91
"2024-51108-19/09/2025","GLANDORE","CC MARION.",3,2,0,0,2,2024,"February","Friday","02:30 pm",60,"Sealed","Dry","Not Raining","Daylight","Rear End",1,,,1325885.28,1666045.33
"2024-51109-19/09/2025","SEAFORD MEADOWS","CITY OF ONKAPARINGA",2,1,0,1,0,2024,"February","Friday","02:15 pm",70,"Sealed","Dry","Not Raining","Daylight","Rear End",1,,,1316311.26,1643903.63
"2024-51114-19/09/2025","MAGILL","CITY OF BURNSIDE",2,1,0,0,1,2024,"February","Friday","04:00 pm",60,"Sealed","Dry","Not Raining","Daylight","Right Turn",1,,,1334863.59,1671831.21
"2024-51128-19/09/2025","GLENROY","WATTLE RANGE COUNCIL",2,1,1,0,0,2024,"February","Friday","07:30 pm",100,"Sealed","Dry","Not Raining","Daylight","Hit Fixed Object",1,,,1518324.16,1407163.6
"2024-51131-19/09/2025","KEILIRA","DC KINGSTON.",2,1,0,1,0,2024,"February","Friday","06:50 pm",100,"Unsealed","Dry","Not Raining","Daylight","Hit Fixed Object",1,,,1457139.82,1481455.34
"2024-51138-19/09/2025","STEPNEY","CC OF NORWOOD,PAYNEHAM & ST PETERS",3,1,0,0,1,2024,"January","Monday","01:50 pm",60,"Sealed","Dry","Not Raining","Daylight","Rear End",2,,,1330600.73,1671714.93
"2024-51151-19/09/2025","ADELAIDE","CITY OF ADELAIDE",4,1,0,0,1,2024,"February","Saturday","04:06 pm",50,"Sealed","Dry","Not Raining","Daylight","Side Swipe",2,,,1328404.58,1669571.06
"2024-51158-19/09/2025","MEDINDIE","WALKERVILLE TOWN COUNCIL",2,1,0,0,1,2024,"February","Saturday","06:15 pm",60,"Sealed","Dry","Not Raining","Daylight","Rear End",2,,,1328570.95,1673891.3
"2024-51159-19/09/2025","STANLEY FLAT","CLARE AND GILBERT VALLEYS DISTRICT COUNCIL",3,2,0,1,1,2024,"February","Saturday","05:39 pm",100,"Sealed","Dry","Not Raining","Daylight","Hit Pedestrian",2,,,1331858.17,1797629.45
"2024-51161-19/09/2025","WAIKERIE","LOXTON WAIKERIE DISTRICT COUNCIL",2,1,0,1,0,2024,"February","Saturday","06:20 pm",100,"Sealed","Dry","Not Raining","Daylight","Right Angle",1,,,1457276.34,1745982.49
"2024-51162-19/09/2025","BURRUNGULE","WATTLE RANGE COUNCIL",2,2,0,1,1,2024,"February","Saturday","10:20 pm",80,"Sealed","Dry","Not Raining","Night","Hit Animal",2,,"Y",1493300.12,1350681.48
"2024-51167-19/09/2025","OAKDEN","CITY OF PORT ADELAIDE ENFIELD",2,1,0,0,1,2024,"February","Sunday","09:40 am",50,"Sealed","Dry","Not Raining","Daylight","Hit Fixed Object",1,,,1332720.46,1678573.44
"2024-51170-19/09/2025","GUMERACHA","THE ADELAIDE HILLS COUNCIL",2,1,0,0,1,2024,"February","Sunday","10:00 am",50,"Sealed","Dry","Not Raining","Daylight","Side Swipe",1,,,1354883.85,1681081.68
"2024-51172-19/09/2025","KENSINGTON GARDENS","CITY OF BURNSIDE",2,1,0,0,1,2024,"February","Sunday","09:15 am",60,"Sealed","Dry","Not Raining","Daylight","Right Angle",1,,,1334006.74,1671125.32
"2024-51173-19/09/2025","PARAFIELD","CITY OF SALISBURY",2,1,0,0,1,2024,"February","Sunday","10:43 am",80,"Sealed","Dry","Not Raining","Daylight","Rear End",2,,"Y",1333108.59,1685159.54
"2024-51174-19/09/2025","SALISBURY","CITY OF SALISBURY",2,1,0,0,1,2024,"February","Thursday","12:00 pm",50,"Sealed","Dry","Not Raining","Daylight","Rear End",2,,,1333161.27,1689061.81
"2024-51177-19/09/2025","NORTH ADELAIDE","CITY OF ADELAIDE",2,1,0,0,1,2024,"February","Sunday","12:30 pm",60,"Sealed","Dry","Not Raining","Daylight","Right Turn",1,,,1327954.5,1672143.96
"2024-51178-19/09/2025","WATERLOO CORNER","CITY OF PLAYFORD.",1,1,0,1,0,2024,"January","Saturday","12:00 am",80,"Unsealed","Dry","Not Raining","Night","Roll Over",1,,,1328677.29,1695046.53
"2024-51180-19/09/2025","ANGLE VALE","CITY OF PLAYFORD.",4,1,0,0,1,2024,"February","Sunday","01:30 pm",50,"Sealed","Dry","Not Raining","Daylight","Hit Fixed Object",1,,,1333467,1700785.94
"2024-51185-19/09/2025","CHRISTIE DOWNS","CITY OF ONKAPARINGA",1,1,0,1,0,2024,"February","Sunday","09:34 pm",60,"Sealed","Dry","Not Raining","Night","Roll Over",1,,,1318544.18,1648628.7
"2024-51187-19/09/2025","HENLEY BEACH","CITY OF CHARLES STURT",3,2,0,1,1,2024,"February","Sunday","11:12 pm",40,"Sealed","Dry","Not Raining","Night","Rear End",1,,,1318858.08,1671788.04
"2024-51195-19/09/2025","ROSTREVOR","CC CAMPBELLTOWN.",2,1,0,0,1,2024,"February","Monday","11:00 am",60,"Sealed","Dry","Not Raining","Daylight","Right Turn",1,,,1336499.09,1674582.7
"2024-51199-19/09/2025","CROMER","THE BAROSSA COUNCIL.",2,1,0,0,1,2024,"February","Friday","01:30 pm",100,"Unsealed","Dry","Not Raining","Daylight","Hit Fixed Object",1,,,1364225.27,1686888.19
"2024-51214-19/09/2025","NORWOOD","CC OF NORWOOD,PAYNEHAM & ST PETERS",2,1,0,0,1,2024,"February","Monday","05:30 pm",60,"Sealed","Dry","Not Raining","Daylight","Right Turn",1,,,1331050.68,1670376
"2024-51215-19/09/2025","ATHELSTONE","CC CAMPBELLTOWN.",2,1,0,0,1,2024,"February","Monday","05:42 pm",60,"Sealed","Dry","Not Raining","Daylight","Rear End",1,,,1337026.38,1675017.76
"2024-51216-19/09/2025","HAHNDORF","DC MT.BARKER.",2,1,0,0,1,2024,"February","Monday","05:20 pm",110,"Sealed","Dry","Not Raining","Daylight","Hit Parked Vehicle",2,,,1347618.51,1657371.12
"2024-51218-19/09/2025","STEPNEY","CC OF NORWOOD,PAYNEHAM & ST PETERS",2,1,0,0,1,2024,"February","Monday","04:25 pm",60,"Sealed","Dry","Not Raining","Daylight","Right Turn",2,,,1331106.72,1672391.46
"2024-51221-19/09/2025","HOLDEN HILL","CITY OF TEA TREE GULLY",3,1,0,0,1,2024,"February","Monday","06:39 pm",60,"Sealed","Dry","Not Raining","Daylight","Rear End",1,,,1334649.55,1678521.78
"2024-51224-19/09/2025","ATHELSTONE","CC CAMPBELLTOWN.",2,1,0,0,1,2024,"February","Monday","08:40 pm",60,"Sealed","Dry","Not Raining","Night","Hit Fixed Object",1,,,1338068.01,1677117.28
"2024-51226-19/09/2025","EMU FLAT","CLARE AND GILBERT VALLEYS DISTRICT COUNCIL",1,1,1,0,0,2024,"February","Monday","09:15 pm",80,"Sealed","Dry","Not Raining","Night","Roll Over",1,"Y",,1332234.04,1787715.46
"2024-51231-19/09/2025","ADELAIDE","CITY OF ADELAIDE",2,1,0,0,1,2024,"February","Tuesday","08:00 am",50,"Sealed","Dry","Not Raining","Daylight","Rear End",2,,,1329583.48,1670700.33
"2024-51232-19/09/2025","CROYDON","CITY OF CHARLES STURT",3,1,0,0,1,2024,"February","Tuesday","08:25 am",80,"Sealed","Dry","Not Raining","Daylight","Rear End",1,,,1325836.33,1674684.83
"2024-51235-19/09/2025","ST PETERS","CC OF NORWOOD,PAYNEHAM & ST PETERS",2,2,0,0,2,2024,"February","Tuesday","06:30 am",60,"Sealed","Dry","Not Raining","Night","Right Angle",1,,,1330804.41,1671987.18
"2024-51236-19/09/2025","MOUNT BARKER","DC MT.BARKER.",3,2,0,1,1,2024,"February","Tuesday","08:30 am",60,"Sealed","Dry","Not Raining","Daylight","Right Angle",1,,,1350820.67,1652886.74
"2024-51241-19/09/2025","PROSPECT","CITY OF PROSPECT",2,1,0,0,1,2024,"February","Saturday","07:00 pm",50,"Sealed","Dry","Not Raining","Daylight","Right Angle",2,,,1327154.29,1674715.9
"2024-51244-19/09/2025","SOUTH PLYMPTON","CC MARION.",2,2,0,0,2,2024,"February","Tuesday","02:25 pm",60,"Sealed","Dry","Not Raining","Daylight","Hit Fixed Object",9,,,1324268.25,1665443
"2024-51251-19/09/2025","MARRYATVILLE","CC OF NORWOOD,PAYNEHAM & ST PETERS",2,1,0,0,1,2024,"February","Tuesday","02:40 pm",60,"Sealed","Dry","Not Raining","Daylight","Rear End",2,,,1332777.42,1670429.19
"2024-51252-19/09/2025","BURTON","CITY OF SALISBURY",3,2,0,0,2,2024,"February","Tuesday","02:45 pm",60,"Sealed","Dry","Not Raining","Daylight","Rear End",1,,,1330116.25,1690850.66
"2024-51253-19/09/2025","WINGFIELD","CITY OF PORT ADELAIDE ENFIELD",2,2,0,1,1,2024,"February","Tuesday","03:04 pm",50,"Sealed","Dry","Not Raining","Daylight","Right Angle",1,,,1324533.93,1679685.41
"2024-51254-19/09/2025","STURT","CC MARION.",2,1,0,0,1,2024,"February","Tuesday","03:03 pm",60,"Sealed","Dry","Not Raining","Daylight","Right Turn",1,,,1323555.33,1660645.06
"2024-51259-19/09/2025","RIVERLEA PARK","CITY OF PLAYFORD.",3,1,0,1,0,2024,"February","Tuesday","04:15 pm",110,"Sealed","Dry","Not Raining","Daylight","Hit Fixed Object",1,,,1324352.25,1700510.3
"2024-51260-19/09/2025","GLENSIDE","CITY OF BURNSIDE",2,1,0,0,1,2024,"February","Monday","05:10 pm",60,"Sealed","Dry","Not Raining","Daylight","Right Angle",2,,,1330673.28,1668997.6
"2024-51266-19/09/2025","RIVERLEA PARK","CITY OF PLAYFORD.",2,1,0,0,1,2024,"February","Wednesday","02:48 am",90,"Sealed","Dry","Not Raining","Night","Rear End",2,,,1324123.15,1701158.15
"2024-51269-19/09/2025","HINDMARSH","CITY OF CHARLES STURT",2,1,0,1,0,2024,"February","Wednesday","08:32 am",60,"Sealed","Dry","Not Raining","Daylight","Right Angle",1,,,1326196.45,1672840.38
"2024-51280-19/09/2025","KANGARILLA","DC MT.BARKER.",2,1,0,0,1,2024,"February","Tuesday","06:40 am",50,"Unsealed","Dry","Not Raining","Daylight","Hit Fixed Object",1,,,1338768.42,1646521.71
"2024-51282-19/09/2025","ADELAIDE","CITY OF ADELAIDE",2,1,0,0,1,2024,"February","Wednesday","12:10 pm",30,"Sealed","Dry","Not Raining","Daylight","Hit Pedestrian",2,,,1328293.65,1670974.82
"2024-51283-19/09/2025","MODBURY","CITY OF TEA TREE GULLY",2,1,0,0,1,2024,"February","Wednesday","12:25 pm",60,"Sealed","Dry","Not Raining","Daylight","Right Angle",1,,,1336176.33,1680596.93
"2024-51286-19/09/2025","KURRALTA PARK","CITY OF WEST TORRENS",2,1,0,0,1,2024,"February","Wednesday","03:30 pm",60,"Sealed","Dry","Not Raining","Daylight","Rear End",1,,,1325824.08,1668306.06
"2024-51288-19/09/2025","WALLAROO","COPPER COAST DISTRICT COUNCIL",1,1,0,1,0,2024,"February","Wednesday","03:20 pm",100,"Sealed","Dry","Not Raining","Daylight","Roll Over",1,,,1245951.9,1781592.68
"2024-51295-19/09/2025","LOXTON","LOXTON WAIKERIE DISTRICT COUNCIL",2,1,0,0,1,2024,"February","Wednesday","05:05 pm",60,"Sealed","Dry","Not Raining","Daylight","Right Angle",1,,,1511534.43,1715216.62
"2024-51297-19/09/2025","FLINDERS PARK","CITY OF CHARLES STURT",2,1,0,0,1,2024,"February","Wednesday","05:50 pm",60,"Sealed","Dry","Not Raining","Daylight","Right Angle",1,,,1323556.52,1673158.94
"2024-51303-19/09/2025","COWANDILLA","CITY OF WEST TORRENS",2,1,0,0,1,2024,"February","Wednesday","07:57 pm",60,"Sealed","Dry","Not Raining","Daylight","Right Angle",1,,,1324145.91,1670034.04
"2024-51304-19/09/2025","KEPPOCH","DC NARACOORTE & LUCINDALE.",2,1,0,0,1,2024,"February","Thursday","01:18 am",110,"Sealed","Dry","Not Raining","Night","Hit Fixed Object",1,,,1502961.99,1460779.27
"2024-51306-19/09/2025","WOODVILLE NORTH","CITY OF CHARLES STURT",3,1,0,0,1,2024,"February","Thursday","06:05 am",60,"Sealed","Dry","Not Raining","Night","Hit Parked Vehicle",1,,,1323096.31,1677112.79
"2024-51310-19/09/2025","SEFTON PARK","CITY OF PROSPECT",2,1,0,0,1,2024,"February","Thursday","08:55 am",60,"Sealed","Dry","Not Raining","Daylight","Rear End",1,,,1328875.29,1676030.67
"2024-51313-19/09/2025","WOODVILLE WEST","CITY OF CHARLES STURT",2,1,0,0,1,2024,"February","Thursday","09:30 am",60,"Sealed","Dry","Not Raining","Daylight","Right Angle",2,,,1322384.15,1676196.65
"2024-51316-19/09/2025","ASHFORD","CITY OF WEST TORRENS",2,1,0,0,1,2024,"February","Thursday","08:20 am",50,"Sealed","Dry","Not Raining","Daylight","Right Angle",2,,,1326034,1668341.91
"2024-51318-19/09/2025","CUMBERLAND PARK","CC MITCHAM.",2,1,0,0,1,2024,"February","Thursday","01:11 pm",50,"Sealed","Dry","Not Raining","Daylight","Hit Parked Vehicle",1,,,1326713.65,1665145.85
"2024-51320-19/09/2025","BRAHMA LODGE","CITY OF SALISBURY",2,2,0,0,2,2024,"February","Thursday","02:52 pm",80,"Sealed","Dry","Not Raining","Daylight","Rear End",1,,,1334636.93,1687127.66
"2024-51321-19/09/2025","FELIXSTOW","CC OF NORWOOD,PAYNEHAM & ST PETERS",3,3,0,0,3,2024,"February","Thursday","02:57 pm",60,"Sealed","Dry","Not Raining","Daylight","Rear End",1,,,1333333.8,1674325.01
"2024-51323-19/09/2025","PARKSIDE","CITY OF UNLEY",2,2,0,0,2,2024,"February","Thursday","03:56 pm",60,"Sealed","Dry","Not Raining","Daylight","Right Turn",1,,,1330707.08,1668319.59
"2024-51324-19/09/2025","ROSEWATER","CITY OF PORT ADELAIDE ENFIELD",2,1,0,1,0,2024,"February","Thursday","03:40 pm",60,"Sealed","Dry","Not Raining","Daylight","Hit Pedestrian",2,,,1321427.75,1679096.03
"2024-51326-19/09/2025","EDINBURGH NORTH","CITY OF PLAYFORD.",2,1,0,0,1,2024,"February","Thursday","04:31 pm",60,"Sealed","Dry","Not Raining","Daylight","Right Turn",1,,,1335051.47,1694249.76
"2024-51327-19/09/2025","SALISBURY PLAIN","CITY OF SALISBURY",2,1,0,0,1,2024,"February","Thursday","07:50 am",60,"Sealed","Dry","Not Raining","Daylight","Side Swipe",2,,,1335448.86,1688120.42
"2024-51329-19/09/2025","SALISBURY EAST","CITY OF SALISBURY",4,2,0,0,2,2024,"February","Thursday","04:32 pm",60,"Sealed","Dry","Not Raining","Daylight","Right Angle",1,,,1335489.91,1686303.7
"2024-51330-19/09/2025","SALISBURY DOWNS","CITY OF SALISBURY",2,1,0,0,1,2024,"February","Thursday","04:42 pm",60,"Sealed","Dry","Not Raining","Daylight","Right Turn",1,,,1332105.28,1687658.25
"2024-51332-19/09/2025","ADELAIDE","CITY OF ADELAIDE",2,1,0,0,1,2024,"February","Thursday","03:30 pm",50,"Sealed","Dry","Not Raining","Daylight","Side Swipe",2,,,1328547.41,1670672.94
"2024-51334-19/09/2025","REGENCY PARK","CITY OF PORT ADELAIDE ENFIELD",3,2,0,0,2,2024,"February","Thursday","05:12 pm",60,"Sealed","Dry","Not Raining","Daylight","Rear End",2,,,1325984.67,1676373.98
"2024-51336-19/09/2025","EDWARDSTOWN","CC MARION.",2,1,0,0,1,2024,"February","Thursday","05:54 pm",50,"Sealed","Dry","Not Raining","Daylight","Right Angle",1,,,1325503.15,1664775.91
"2024-51338-19/09/2025","TAPEROO","CITY OF PORT ADELAIDE ENFIELD",2,1,0,0,1,2024,"February","Thursday","07:35 pm",50,"Sealed","Dry","Not Raining","Daylight","Side Swipe",1,"Y",,1320377.02,1684283.33
"2024-51342-19/09/2025","SMITHFIELD","CITY OF PLAYFORD.",2,2,0,0,2,2024,"February","Friday","12:30 am",50,"Sealed","Dry","Not Raining","Night","Hit Fixed Object",1,,,1337340.21,1696325.45
"2024-51343-19/09/2025","LONSDALE","CITY OF ONKAPARINGA",2,1,0,0,1,2024,"February","Friday","05:50 am",60,"Sealed","Dry","Not Raining","Night","Right Turn",1,,,1319374.28,1650435.85
"2024-51344-19/09/2025","WESTBOURNE PARK","CC MITCHAM.",3,1,0,0,1,2024,"February","Friday","06:50 am",60,"Sealed","Dry","Not Raining","Daylight","Rear End",2,,,1328070.13,1666224.49
"2024-51348-19/09/2025","WINDSOR GARDENS","CITY OF PORT ADELAIDE ENFIELD",3,1,0,0,1,2024,"February","Friday","08:28 am",60,"Sealed","Dry","Not Raining","Daylight","Rear End",1,,,1332893.67,1677289.08
"2024-51349-19/09/2025","MURRAY BRIDGE","RC MURRAY BRIDGE.",2,1,0,0,1,2024,"February","Friday","08:25 am",50,"Sealed","Dry","Not Raining","Daylight","Right Angle",2,,,1387514.74,1647439.88
"2024-51353-19/09/2025","MALVERN","CITY OF UNLEY",2,1,0,1,0,2024,"February","Friday","09:00 am",50,"Sealed","Dry","Not Raining","Daylight","Right Angle",2,,,1329304.61,1667214.61
"2024-51357-19/09/2025","SEAFORD RISE","CITY OF ONKAPARINGA",2,1,0,0,1,2024,"February","Friday","08:20 am",70,"Sealed","Dry","Not Raining","Daylight","Rear End",2,,,1316427.68,1639965.95
"2024-51358-19/09/2025","FINDON","CITY OF CHARLES STURT",3,1,0,0,1,2024,"February","Friday","10:25 am",60,"Sealed","Dry","Not Raining","Daylight","Hit Parked Vehicle",1,,,1322397.7,1673995.52
"2024-51360-19/09/2025","MELROSE PARK","CC MITCHAM.",4,1,0,0,1,2024,"February","Friday","10:45 am",60,"Sealed","Dry","Not Raining","Daylight","Rear End",1,,,1325930.67,1664127.07
"2024-51361-19/09/2025","HALLETT COVE","CC MARION.",2,1,0,0,1,2024,"February","Friday","08:40 am",25,"Sealed","Dry","Not Raining","Daylight","Hit Pedestrian",1,,,1319951.69,1654128.28
"2024-51365-19/09/2025","ALBERT PARK","CITY OF CHARLES STURT",2,1,0,0,1,2024,"February","Friday","02:00 pm",60,"Sealed","Dry","Not Raining","Daylight","Right Angle",2,,,1321444.17,1675569.1
"2024-51372-19/09/2025","SALISBURY DOWNS","CITY OF SALISBURY",4,1,0,0,1,2024,"February","Friday","03:35 pm",60,"Sealed","Dry","Not Raining","Daylight","Rear End",2,,,1331596.37,1687000.7
"2024-51374-19/09/2025","TOORAK GARDENS","CITY OF BURNSIDE",2,1,0,0,1,2024,"February","Thursday","05:00 am",60,"Sealed","Dry","Not Raining","Night","Right Angle",2,,,1332247.51,1669054.37
"2024-51376-19/09/2025","SALISBURY PLAIN","CITY OF SALISBURY",2,1,0,0,1,2024,"February","Friday","04:20 pm",60,"Sealed","Dry","Not Raining","Daylight","Side Swipe",1,,,1334477.98,1687384.71
"2024-51378-19/09/2025","TRINITY GARDENS","CC OF NORWOOD,PAYNEHAM & ST PETERS",2,3,0,0,3,2024,"February","Friday","04:41 pm",60,"Sealed","Dry","Not Raining","Daylight","Rear End",2,,,1332763.19,1671776.57
"2024-51386-19/09/2025","LINDEN PARK","CITY OF BURNSIDE",2,1,0,0,1,2024,"February","Friday","10:40 pm",60,"Sealed","Dry","Not Raining","Night","Hit Pedestrian",1,,,1332321.65,1668741.71
"2024-51388-19/09/2025","BOLIVAR","CITY OF SALISBURY",2,1,0,0,1,2024,"February","Friday","05:15 pm",90,"Sealed","Dry","Not Raining","Daylight","Rear End",2,,,1328457.27,1688613.24
"2024-51390-19/09/2025","ROSTREVOR","CC CAMPBELLTOWN.",2,1,0,0,1,2024,"February","Saturday","09:17 am",60,"Unsealed","Dry","Not Raining","Daylight","Right Turn",1,,,1336499.09,1674582.7
"2024-51391-19/09/2025","MOUNT COMPASS","ALEXANDRINA COUNCIL",2,1,0,0,1,2024,"February","Saturday","09:25 am",100,"Sealed","Dry","Not Raining","Daylight","Hit Fixed Object",1,,,1326851.64,1624809.48
"2024-51395-19/09/2025","WILLUNGA","CITY OF ONKAPARINGA",2,1,0,1,0,2024,"February","Saturday","10:25 am",100,"Sealed","Dry","Not Raining","Daylight","Hit Fixed Object",1,,,1324546.79,1630996.58
"2024-51396-19/09/2025","STIRLING NORTH","CC PT.AUGUSTA.",1,1,0,0,1,2024,"February","Saturday","10:50 am",80,"Sealed","Dry","Not Raining","Daylight","Roll Over",1,,,1263309.1,1939914.76
"2024-51398-19/09/2025","VALLEY VIEW","CITY OF TEA TREE GULLY",2,1,0,0,1,2024,"February","Saturday","11:30 am",60,"Sealed","Dry","Not Raining","Daylight","Right Angle",2,,,1335394.91,1679592.08
"2024-51400-19/09/2025","MARION","CC MARION.",2,1,0,0,1,2024,"February","Saturday","12:17 pm",50,"Sealed","Dry","Not Raining","Daylight","Right Angle",2,,,1324260.07,1661088.8
"2024-51403-19/09/2025","EDINBURGH NORTH","CITY OF PLAYFORD.",2,1,0,0,1,2024,"February","Saturday","01:00 pm",60,"Sealed","Dry","Not Raining","Daylight","Rear End",2,,,1335315.66,1695300.25
"2024-51406-19/09/2025","HALLETT COVE","CC MARION.",2,1,0,0,1,2024,"February","Saturday","02:00 pm",80,"Sealed","Dry","Not Raining","Daylight","Right Turn",1,,,1319592.83,1653325.64