"REPORT_ID","Suburb","LGA Name","Total Units","Total Cas","Total Fats","Total SI","Total MI","Year","Month","Day","Time","Area Speed","Road Surface","Moisture Cond","Weather Cond","DayNight","Crash Type","Unit Resp","DUI Involved","Drugs Involved","ACCLOC_X","ACCLOC_Y"
"2024-51407-19/09/2025","NORTON SUMMIT","THE ADELAIDE HILLS COUNCIL",1,1,0,0,1,2024,"February","Sunday","09:30 am",60,"Sealed","Dry","Not Raining","Daylight","Roll Over",1,,,1339700.17,1670866.35
"2024-51413-19/09/2025","MANNANARIE","NORTHERN AREAS DISTRICT COUNCIL",2,2,0,1,1,2024,"February","Friday","07:25 pm",110,"Sealed","Dry","Not Raining","Daylight","Head On",1,,"Y",1340382.3,1879722.61
"2024-51420-19/09/2025","MORGAN","MID MURRAY DISTRICT COUNCIL",1,1,0,1,0,2024,"February","Saturday","11:08 pm",110,"Sealed","Dry","Not Raining","Night","Roll Over",1,"Y",,1428245.21,1764519.18
"2024-51421-19/09/2025","ELIZABETH GROVE","CITY OF PLAYFORD.",2,1,0,0,1,2024,"February","Sunday","06:44 am",80,"Sealed","Dry","Not Raining","Daylight","Hit Fixed Object",1,,,1336125.57,1690952.71
"2024-51424-19/09/2025","WAROOKA","YORKE PENINSULA COUNCIL",1,2,0,0,2,2024,"February","Sunday","10:42 am",100,"Unsealed","Dry","Not Raining","Daylight","Roll Over",1,,,1225801.45,1656379.35
"2024-51427-19/09/2025","SOUTH PLYMPTON","CC MARION.",3,1,0,0,1,2024,"February","Friday","03:40 pm",50,"Sealed","Dry","Not Raining","Daylight","Rear End",1,,,1325049.98,1666270.51
"2024-51428-19/09/2025","BEVERLEY","CITY OF CHARLES STURT",2,1,0,0,1,2024,"February","Sunday","12:25 pm",50,"Sealed","Dry","Not Raining","Daylight","Right Angle",2,,,1323727.11,1674309.1
"2024-51429-19/09/2025","COBDOGLA","THE BERRI BARMERA COUNCIL",2,1,0,1,0,2024,"February","Sunday","12:05 pm",110,"Sealed","Dry","Not Raining","Daylight","Right Angle",1,,,1497053.85,1739446.01
"2024-51431-19/09/2025","EMU FLAT","CLARE AND GILBERT VALLEYS DISTRICT COUNCIL",1,1,0,0,1,2024,"February","Sunday","09:10 am",80,"Sealed","Dry","Not Raining","Daylight","Roll Over",1,,,1332688.39,1789869.82
"2024-51432-19/09/2025","PARADISE","CC CAMPBELLTOWN.",2,1,0,0,1,2024,"February","Sunday","02:29 pm",50,"Sealed","Dry","Not Raining","Daylight","Hit Parked Vehicle",1,,,1336268.74,1676188.84
"2024-51433-19/09/2025","CRAFERS","THE ADELAIDE HILLS COUNCIL",2,1,0,0,1,2024,"February","Sunday","03:00 pm",60,"Sealed","Dry","Not Raining","Daylight","Hit Fixed Object",1,,,1338121.07,1663132.12
"2024-51437-19/09/2025","PLYMPTON","CITY OF WEST TORRENS",2,2,0,0,2,2024,"February","Sunday","04:35 pm",60,"Sealed","Dry","Not Raining","Daylight","Right Turn",1,,,1323622.51,1666113.82
"2024-51438-19/09/2025","EYRE","CITY OF PLAYFORD.",2,2,0,2,0,2024,"February","Sunday","06:40 pm",80,"Sealed","Dry","Not Raining","Daylight","Side Swipe",1,,,1333832.7,1697057.48
"2024-51441-19/09/2025","MAWSON LAKES","CITY OF SALISBURY",2,1,0,0,1,2024,"February","Sunday","07:50 pm",80,"Sealed","Dry","Not Raining","Daylight","Side Swipe",1,,,1328670.84,1684135.83
"2024-51442-19/09/2025","ADELAIDE","CITY OF ADELAIDE",2,1,0,1,0,2024,"February","Monday","06:10 am",50,"Sealed","Dry","Not Raining","Night","Hit Fixed Object",1,"Y",,1328494.31,1669574.15
"2024-51449-19/09/2025","KANGAROO FLAT","LIGHT REGIONAL COUNCIL",2,2,0,0,2,2024,"February","Monday","06:30 am",100,"Unsealed","Dry","Not Raining","Night","Hit Fixed Object",1,,,1337599.17,1713762.06
"2024-51451-19/09/2025","BROOKLYN PARK","CITY OF WEST TORRENS",2,1,0,0,1,2024,"January","Friday","01:30 pm",60,"Sealed","Dry","Not Raining","Daylight","Rear End",2,,,1322742.48,1670069.94
"2024-51453-19/09/2025","KILBURN","CITY OF PORT ADELAIDE ENFIELD",2,1,0,0,1,2024,"February","Monday","12:50 pm",60,"Sealed","Dry","Not Raining","Daylight","Side Swipe",2,,,1327192.45,1678457.4
"2024-51454-19/09/2025","MURRAY BRIDGE","RC MURRAY BRIDGE.",2,1,0,1,0,2024,"February","Monday","12:30 pm",50,"Sealed","Dry","Not Raining","Daylight","Right Angle",2,,,1388589.31,1646559.11
"2024-51457-19/09/2025","ADELAIDE","CITY OF ADELAIDE",2,1,1,0,0,2024,"February","Monday","12:38 pm",50,"Sealed","Dry","Not Raining","Daylight","Right Angle",1,,"Y",1327744.71,1670650.01
"2024-51458-19/09/2025","EDINBURGH NORTH","CITY OF PLAYFORD.",2,1,0,0,1,2024,"February","Monday","02:05 pm",60,"Sealed","Dry","Not Raining","Daylight","Rear End",2,,,1333888.71,1694789.04
"2024-51466-19/09/2025","RICHMOND","CITY OF WEST TORRENS",2,1,0,0,1,2024,"February","Monday","10:35 am",60,"Sealed","Dry","Not Raining","Daylight","Rear End",2,,,1325793.27,1669439.92
"2024-51469-19/09/2025","NANGWARRY","WATTLE RANGE COUNCIL",1,2,0,0,2,2024,"February","Monday","04:00 pm",110,"Sealed","Dry","Not Raining","Daylight","Roll Over",1,,"Y",1513904.88,1367316.62
"2024-51471-19/09/2025","TORRENS PARK","CC MITCHAM.",2,1,0,1,0,2024,"February","Monday","04:40 pm",50,"Sealed","Dry","Not Raining","Daylight","Hit Fixed Object",1,,,1329216.66,1663128.07
"2024-51472-19/09/2025","ANGLE PARK","CITY OF PORT ADELAIDE ENFIELD",2,1,0,0,1,2024,"February","Monday","05:00 pm",50,"Sealed","Dry","Not Raining","Daylight","Side Swipe",2,,,1325001.26,1678165.42
"2024-51473-19/09/2025","GAWLER","CT GAWLER.",2,1,0,0,1,2024,"February","Monday","04:45 pm",50,"Sealed","Dry","Not Raining","Daylight","Hit Fixed Object",1,,,1342829.96,1706488.69
"2024-51474-19/09/2025","MODBURY","CITY OF TEA TREE GULLY",2,2,0,0,2,2024,"February","Monday","05:23 pm",60,"Sealed","Dry","Not Raining","Daylight","Right Angle",2,,,1336395.9,1680602.76
"2024-51475-19/09/2025","ROYSTON PARK","CC OF NORWOOD,PAYNEHAM & ST PETERS",3,1,0,0,1,2024,"February","Monday","05:35 pm",50,"Sealed","Dry","Not Raining","Daylight","Right Angle",2,,,1331794.96,1673536.36
"2024-51476-19/09/2025","SEACLIFF","CITY OF HOLDFAST BAY",2,1,0,0,1,2024,"February","Monday","05:40 pm",60,"Sealed","Dry","Not Raining","Daylight","Rear End",1,,,1321180.07,1659609.71
"2024-51481-19/09/2025","ENFIELD","CITY OF PORT ADELAIDE ENFIELD",2,1,0,0,1,2024,"February","Monday","07:30 pm",60,"Sealed","Dry","Not Raining","Daylight","Hit Parked Vehicle",1,,,1328831.04,1677823.27
"2024-51487-19/09/2025","RIDGEHAVEN","CITY OF TEA TREE GULLY",2,1,0,0,1,2024,"February","Tuesday","07:00 am",60,"Sealed","Dry","Not Raining","Daylight","Rear End",2,,,1337423.89,1681217.95
"2024-51494-19/09/2025","MANNINGHAM","CITY OF PORT ADELAIDE ENFIELD",2,1,0,0,1,2024,"February","Tuesday","11:15 am",60,"Sealed","Dry","Not Raining","Daylight","Right Angle",1,,"Y",1330467.4,1675457.05
"2024-51497-19/09/2025","GEPPS CROSS","CITY OF PORT ADELAIDE ENFIELD",2,2,0,0,2,2024,"February","Monday","05:20 pm",60,"Sealed","Dry","Not Raining","Daylight","Rear End",2,,,1328914.69,1679282.48
"2024-51500-19/09/2025","ALBERTON","CITY OF PORT ADELAIDE ENFIELD",2,1,0,0,1,2024,"February","Tuesday","02:00 pm",60,"Sealed","Dry","Not Raining","Daylight","Right Angle",1,,,1320866.47,1678132.35
"2024-51501-19/09/2025","EDINBURGH","CITY OF SALISBURY",2,1,0,0,1,2024,"February","Tuesday","02:36 pm",50,"Sealed","Dry","Not Raining","Daylight","Hit Fixed Object",1,,,1332998.59,1690066.29
"2024-51503-19/09/2025","BEVERLEY","CITY OF CHARLES STURT",2,1,0,1,0,2024,"February","Tuesday","03:20 pm",40,"Sealed","Dry","Not Raining","Daylight","Right Turn",1,,,1323482.58,1674985.91
"2024-51504-19/09/2025","COCKATOO VALLEY","THE BAROSSA COUNCIL.",2,1,1,0,0,2024,"February","Tuesday","01:22 pm",100,"Sealed","Dry","Not Raining","Daylight","Hit Fixed Object",1,"Y","Y",1353336.61,1702229.05
"2024-51506-19/09/2025","LONSDALE","CITY OF ONKAPARINGA",2,1,0,0,1,2024,"February","Tuesday","02:41 pm",100,"Sealed","Dry","Not Raining","Daylight","Rear End",2,,,1318426,1652512.32
"2024-51510-19/09/2025","SOUTH PLYMPTON","CC MARION.",2,1,0,0,1,2024,"February","Tuesday","04:58 pm",60,"Sealed","Dry","Not Raining","Daylight","Rear End",2,,,1324262.48,1665647.71
"2024-51511-19/09/2025","GEPPS CROSS","CITY OF PORT ADELAIDE ENFIELD",3,1,0,0,1,2024,"February","Tuesday","05:20 pm",60,"Sealed","Dry","Not Raining","Daylight","Rear End",1,,,1327332.23,1679225.76
"2024-51519-19/09/2025","NETLEY","CITY OF WEST TORRENS",2,1,0,0,1,2024,"February","Tuesday","07:00 pm",50,"Sealed","Dry","Not Raining","Daylight","Hit Fixed Object",1,"Y",,1323790.89,1667665.45
"2024-51528-19/09/2025","WATERLOO CORNER","CITY OF PLAYFORD.",2,1,0,0,1,2024,"February","Wednesday","09:02 am",90,"Sealed","Dry","Not Raining","Daylight","Right Angle",1,,,1326345.17,1696674.21
"2024-51530-19/09/2025","BELAIR","CC MITCHAM.",2,1,0,0,1,2024,"February","Tuesday","07:15 am",60,"Sealed","Dry","Not Raining","Daylight","Rear End",2,,,1330496.73,1662617.09
"2024-51531-19/09/2025","GLYNDE","CC OF NORWOOD,PAYNEHAM & ST PETERS",3,1,0,0,1,2024,"February","Wednesday","09:15 am",60,"Sealed","Dry","Not Raining","Daylight","Rear End",1,,,1333010.48,1674169.88
"2024-51532-19/09/2025","NORTH BRIGHTON","CITY OF HOLDFAST BAY",2,1,0,0,1,2024,"February","Sunday","05:40 am",50,"Sealed","Dry","Not Raining","Night","Right Angle",2,,,1320745.39,1662168.5
"2024-51533-19/09/2025","KIDMAN PARK","CITY OF CHARLES STURT",4,1,0,0,1,2024,"February","Wednesday","10:35 am",60,"Sealed","Dry","Not Raining","Daylight","Side Swipe",2,,,1322537.88,1672228.09
"2024-51534-19/09/2025","GLENELG NORTH","CITY OF HOLDFAST BAY",2,1,0,0,1,2024,"February","Tuesday","04:45 pm",60,"Sealed","Dry","Not Raining","Daylight","Rear End",2,,,1320998.44,1665422.55
"2024-51538-19/09/2025","SHEIDOW PARK","CC MARION.",2,1,0,0,1,2024,"February","Tuesday","03:30 pm",50,"Sealed","Dry","Not Raining","Daylight","Hit Parked Vehicle",2,,,1320755.52,1653246.45
"2024-51539-19/09/2025","VIRGINIA","CITY OF PLAYFORD.",3,3,0,0,3,2024,"February","Wednesday","12:30 pm",80,"Sealed","Dry","Not Raining","Daylight","Right Angle",1,,,1325450.59,1701349.47
"2024-51545-19/09/2025","NORTH ADELAIDE","CITY OF ADELAIDE",2,1,0,0,1,2024,"February","Wednesday","02:10 pm",50,"Sealed","Dry","Not Raining","Daylight","Right Angle",1,,,1328006.62,1671599.87
"2024-51550-19/09/2025","MAGILL","CC CAMPBELLTOWN.",2,1,0,0,1,2024,"February","Wednesday","02:56 pm",50,"Sealed","Dry","Not Raining","Daylight","Side Swipe",1,,,1335376.11,1672928.77
"2024-51552-19/09/2025","WAYVILLE","CITY OF UNLEY",2,1,0,0,1,2024,"February","Wednesday","04:54 pm",60,"Sealed","Dry","Not Raining","Daylight","Right Angle",2,,,1327193.34,1668906.76
"2024-51554-19/09/2025","KARKOO","DC LOWER EYRE PENINSULA",2,1,0,1,0,2024,"February","Wednesday","03:40 pm",110,"Sealed","Dry","Not Raining","Daylight","Hit Fixed Object",1,,,1067226.17,1773247.46
"2024-51555-19/09/2025","SOUTH PLYMPTON","CC MARION.",2,1,0,0,1,2024,"February","Wednesday","05:25 pm",60,"Sealed","Dry","Not Raining","Daylight","Right Angle",1,,,1324247.23,1666113.9
"2024-51558-19/09/2025","ADELAIDE","CITY OF ADELAIDE",2,1,0,0,1,2024,"February","Wednesday","06:24 pm",50,"Sealed","Dry","Not Raining","Daylight","Side Swipe",1,,,1329593.2,1669909.56
"2024-51561-19/09/2025","HACKHAM WEST","CITY OF ONKAPARINGA",2,1,0,0,1,2024,"February","Thursday","06:15 am",60,"Sealed","Dry","Not Raining","Night","Right Turn",2,,,1320847.03,1647531.84
"2024-51562-19/09/2025","PONDE","MID MURRAY DISTRICT COUNCIL",1,1,0,0,1,2024,"February","Thursday","06:15 am",100,"Sealed","Dry","Not Raining","Night","Roll Over",1,"Y",,1395183.9,1665212.47
"2024-51564-19/09/2025","UNLEY","CITY OF UNLEY",2,1,0,0,1,2024,"February","Thursday","08:22 am",60,"Sealed","Dry","Not Raining","Daylight","Right Turn",2,,,1329079.59,1668155.37
"2024-51567-19/09/2025","SEMAPHORE","CITY OF PORT ADELAIDE ENFIELD",2,1,0,0,1,2024,"February","Wednesday","11:15 am",50,"Sealed","Dry","Not Raining","Daylight","Right Angle",2,,,1318248.28,1680627.53
"2024-51570-19/09/2025","ADELAIDE","CITY OF ADELAIDE",2,1,0,0,1,2024,"February","Wednesday","05:30 pm",50,"Sealed","Dry","Not Raining","Daylight","Hit Parked Vehicle",2,,,1327857.83,1670498.61
"2024-51572-19/09/2025","MARDEN","CC OF NORWOOD,PAYNEHAM & ST PETERS",2,1,0,1,0,2024,"February","Thursday","11:53 am",60,"Sealed","Dry","Not Raining","Daylight","Right Turn",2,,,1332037.87,1673941.47
"2024-51578-19/09/2025","RENMARK","DC RENMARK PARINGA",2,1,0,0,1,2024,"February","Thursday","03:25 pm",50,"Sealed","Dry","Not Raining","Daylight","Right Angle",2,,,1528689.2,1745608.64
"2024-51579-19/09/2025","HAPPY VALLEY","CITY OF ONKAPARINGA",2,1,0,0,1,2024,"February","Thursday","04:10 pm",50,"Sealed","Dry","Not Raining","Daylight","Head On",2,,,1326494.05,1652880.66
"2024-51580-19/09/2025","MOUNT BARKER","DC MT.BARKER.",5,2,0,1,1,2024,"February","Thursday","03:20 pm",60,"Sealed","Dry","Not Raining","Daylight","Head On",1,,,1351545.63,1653399.95
"2024-51581-19/09/2025","WILLUNGA","CITY OF ONKAPARINGA",2,1,0,0,1,2024,"February","Thursday","03:51 pm",50,"Sealed","Dry","Not Raining","Daylight","Side Swipe",1,,,1323175.36,1632391.96
"2024-51583-19/09/2025","WELLAND","CITY OF CHARLES STURT",2,2,0,0,2,2024,"February","Thursday","03:50 pm",60,"Sealed","Dry","Not Raining","Daylight","Side Swipe",2,,,1324881.94,1673976.81
"2024-51587-19/09/2025","ENFIELD","CITY OF PORT ADELAIDE ENFIELD",2,1,0,0,1,2024,"February","Thursday","04:59 pm",60,"Sealed","Dry","Not Raining","Daylight","Hit Parked Vehicle",2,,,1328803.2,1678903.16
"2024-51588-19/09/2025","HOLDEN HILL","CITY OF PORT ADELAIDE ENFIELD",2,1,0,0,1,2024,"February","Thursday","05:30 pm",60,"Sealed","Dry","Not Raining","Daylight","Rear End",1,,,1333815.87,1678085.87
"2024-51589-19/09/2025","DAVOREN PARK","CITY OF PLAYFORD.",2,1,0,0,1,2024,"February","Thursday","05:30 pm",60,"Sealed","Dry","Not Raining","Daylight","Right Angle",1,,,1335895.69,1697177.74
"2024-51593-19/09/2025","BEVERLEY","CITY OF CHARLES STURT",2,1,0,0,1,2024,"February","Thursday","06:45 pm",60,"Sealed","Dry","Not Raining","Daylight","Rear End",2,,,1324202.23,1673169.78
"2024-51594-19/09/2025","RIVERLEA PARK","CITY OF PLAYFORD.",2,1,0,1,0,2024,"February","Thursday","05:30 pm",110,"Sealed","Dry","Not Raining","Daylight","Rear End",1,,,1324231.64,1700920.06
"2024-51597-19/09/2025","GLENSIDE","CITY OF BURNSIDE",2,1,0,0,1,2024,"February","Thursday","07:10 pm",60,"Sealed","Dry","Not Raining","Daylight","Hit Pedestrian",2,,,1330687.25,1668997.74
"2024-51599-19/09/2025","KAPUNDA","LIGHT REGIONAL COUNCIL",2,1,0,0,1,2024,"February","Friday","01:05 am",100,"Sealed","Dry","Not Raining","Night","Hit Animal",2,,,1356021.7,1737260.03
"2024-51606-19/09/2025","KAPUNDA","LIGHT REGIONAL COUNCIL",2,1,0,0,1,2024,"February","Friday","08:30 am",50,"Sealed","Dry","Not Raining","Daylight","Hit Pedestrian",1,,,1359745.15,1734604.82
"2024-51609-19/09/2025","WILLUNGA HILL","ALEXANDRINA COUNCIL",2,5,1,4,0,2024,"February","Friday","08:30 am",100,"Sealed","Dry","Not Raining","Daylight","Right Angle",1,,,1325452.46,1628131.51
"2024-51611-19/09/2025","GOODWOOD","CITY OF UNLEY",2,1,0,0,1,2024,"February","Friday","10:35 am",50,"Sealed","Dry","Not Raining","Daylight","Right Angle",2,,,1327461.02,1667778.18
"2024-51613-19/09/2025","NOARLUNGA CENTRE","CITY OF ONKAPARINGA",2,1,0,0,1,2024,"February","Thursday","03:30 pm",50,"Sealed","Dry","Not Raining","Daylight","Hit Pedestrian",2,,,1317978.25,1647266.93
"2024-51617-19/09/2025","MOUNT BARKER","DC MT.BARKER.",2,1,0,0,1,2024,"February","Friday","11:39 am",60,"Sealed","Dry","Not Raining","Daylight","Right Angle",1,,,1352870.13,1651587.73
"2024-51622-19/09/2025","TAPEROO","CITY OF PORT ADELAIDE ENFIELD",3,1,0,0,1,2024,"February","Friday","02:54 pm",60,"Sealed","Dry","Not Raining","Daylight","Rear End",2,,,1319040.07,1684446.53
"2024-51626-19/09/2025","MAGILL","CC CAMPBELLTOWN.",2,2,0,0,2,2024,"February","Friday","01:30 pm",60,"Sealed","Dry","Not Raining","Daylight","Right Angle",2,,,1335250.84,1672925.13
"2024-51630-19/09/2025","MELROSE PARK","CC MITCHAM.",2,1,0,0,1,2024,"February","Friday","04:40 pm",60,"Sealed","Dry","Not Raining","Daylight","Rear End",1,,,1325941.01,1664111.81
"2024-51633-19/09/2025","PARACOMBE","THE ADELAIDE HILLS COUNCIL",1,1,0,0,1,2024,"February","Friday","06:00 pm",80,"Sealed","Dry","Not Raining","Daylight","Roll Over",1,,"Y",1343788.25,1677215.37
"2024-51636-19/09/2025","KURRALTA PARK","CITY OF WEST TORRENS",2,1,0,0,1,2024,"February","Thursday","04:40 pm",60,"Sealed","Dry","Not Raining","Daylight","Rear End",2,,,1325811.31,1668403.39
"2024-51637-19/09/2025","SEACLIFF PARK","CITY OF HOLDFAST BAY",2,2,0,0,2,2024,"February","Friday","07:24 pm",60,"Sealed","Dry","Not Raining","Daylight","Rear End",2,,,1321417.71,1659333.6
"2024-51638-19/09/2025","MITCHELL PARK","CC MARION.",2,1,0,0,1,2024,"February","Friday","07:50 pm",60,"Sealed","Dry","Not Raining","Daylight","Hit Pedestrian",2,,,1325114.34,1663292.53
"2024-51639-19/09/2025","HENLEY BEACH","CITY OF CHARLES STURT",2,1,0,0,1,2024,"February","Friday","06:20 pm",50,"Unsealed","Dry","Not Raining","Daylight","Hit Fixed Object",1,,,1318749.39,1672036
"2024-51643-19/09/2025","ST PETERS","CC OF NORWOOD,PAYNEHAM & ST PETERS",2,1,0,0,1,2024,"February","Friday","09:30 pm",50,"Sealed","Dry","Not Raining","Night","Rear End",2,,,1330704.38,1672084.41
"2024-51646-19/09/2025","VALLEY VIEW","CITY OF PORT ADELAIDE ENFIELD",2,1,0,0,1,2024,"February","Friday","08:45 am",60,"Sealed","Dry","Not Raining","Daylight","Right Turn",1,,,1334550.17,1679386.94
"2024-51648-19/09/2025","FINDON","CITY OF CHARLES STURT",2,1,0,0,1,2024,"February","Saturday","10:00 am",60,"Sealed","Dry","Not Raining","Daylight","Side Swipe",2,,,1322728.18,1673126.13
"2024-51649-19/09/2025","MOANA","CITY OF ONKAPARINGA",2,1,0,0,1,2024,"February","Saturday","10:55 am",70,"Sealed","Dry","Not Raining","Daylight","Hit Fixed Object",1,,,1316426.81,1639999.56
"2024-51652-19/09/2025","WAIKERIE","LOXTON WAIKERIE DISTRICT COUNCIL",2,1,0,1,0,2024,"February","Saturday","08:12 am",80,"Sealed","Dry","Not Raining","Daylight","Hit Fixed Object",1,,,1460396.89,1747160.95
"2024-51653-19/09/2025","FIRLE","CC OF NORWOOD,PAYNEHAM & ST PETERS",4,1,0,0,1,2024,"February","Saturday","12:54 pm",60,"Sealed","Dry","Not Raining","Daylight","Rear End",1,,,1333837.57,1672772.51
"2024-51654-19/09/2025","MILE END SOUTH","CITY OF WEST TORRENS",2,1,1,0,0,2024,"February","Saturday","12:45 pm",60,"Sealed","Dry","Not Raining","Daylight","Right Angle",1,,,1326194.85,1670098.05
"2024-51658-19/09/2025","SOMERTON PARK","CITY OF HOLDFAST BAY",2,1,0,0,1,2024,"February","Saturday","10:55 am",50,"Sealed","Dry","Not Raining","Daylight","Rear End",2,,,1320128.34,1662646.9
"2024-51664-19/09/2025","WINKIE","THE BERRI BARMERA COUNCIL",1,1,0,1,0,2024,"February","Saturday","04:11 pm",100,"Sealed","Dry","Not Raining","Daylight","Roll Over",1,,,1507481.82,1728887.19
"2024-51668-19/09/2025","REGENCY PARK","CITY OF PORT ADELAIDE ENFIELD",2,1,0,0,1,2024,"February","Saturday","07:45 pm",60,"Sealed","Dry","Not Raining","Daylight","Rear End",2,,,1326048.74,1676376.57
"2024-51671-19/09/2025","SALISBURY NORTH","CITY OF SALISBURY",2,1,0,1,0,2024,"February","Saturday","10:15 pm",50,"Sealed","Dry","Not Raining","Night","Right Turn",2,,"Y",1331977.75,1689382.42
"2024-51677-19/09/2025","PARA HILLS","CITY OF SALISBURY",2,1,0,0,1,2024,"February","Sunday","05:47 am",50,"Sealed","Dry","Not Raining","Night","Hit Fixed Object",1,,,1333937.57,1682333.05
"2024-51679-19/09/2025","TUNGKILLO","MID MURRAY DISTRICT COUNCIL",2,1,0,0,1,2024,"February","Sunday","04:45 am",100,"Unsealed","Dry","Not Raining","Night","Hit Fixed Object",1,,,1369710.68,1673867.29
"2024-51682-19/09/2025","POINT PASS","REGIONAL COUNCIL OF GOYDER",1,1,0,0,1,2024,"February","Saturday","10:00 pm",80,"Unsealed","Dry","Not Raining","Night","Roll Over",1,,,1370891.86,1762405.78
"2024-51684-19/09/2025","ANGASTON","THE BAROSSA COUNCIL.",2,1,0,0,1,2024,"February","Sunday","08:36 am",100,"Sealed","Dry","Not Raining","Daylight","Right Angle",2,,,1373357.57,1714290.6
"2024-51685-19/09/2025","EDWARDSTOWN","CC MARION.",2,1,0,0,1,2024,"February","Sunday","09:50 am",60,"Sealed","Dry","Not Raining","Daylight","Rear End",2,,,1325892.56,1665485.44
"2024-51690-19/09/2025","STRATHALBYN","ALEXANDRINA COUNCIL",2,1,0,1,0,2024,"February","Sunday","01:30 pm",80,"Sealed","Dry","Not Raining","Daylight","Hit Fixed Object",1,,,1349432.63,1637571.54
"2024-51691-19/09/2025","SEAFORD RISE","CITY OF ONKAPARINGA",2,1,0,0,1,2024,"February","Sunday","01:58 pm",70,"Sealed","Dry","Not Raining","Daylight","Right Angle",1,,,1316449.21,1639296.46
"2024-51692-19/09/2025","WINGFIELD","CITY OF PORT ADELAIDE ENFIELD",2,1,0,1,0,2024,"February","Sunday","03:50 pm",90,"Sealed","Dry","Not Raining","Daylight","Hit Pedestrian",2,,,1323361.28,1681010.47
"2024-51694-19/09/2025","ADELAIDE","CITY OF ADELAIDE",3,1,0,0,1,2024,"February","Sunday","04:30 pm",50,"Sealed","Dry","Not Raining","Daylight","Right Angle",1,,,1328448.73,1671622.84
"2024-51700-19/09/2025","LENSWOOD","THE ADELAIDE HILLS COUNCIL",2,4,0,0,4,2024,"February","Sunday","08:20 pm",80,"Sealed","Dry","Not Raining","Night","Hit Fixed Object",1,,,1348869.22,1668953.97
"2024-51702-19/09/2025","HOUGHTON","CITY OF TEA TREE GULLY",2,3,0,0,3,2024,"February","Monday","05:37 am",80,"Sealed","Dry","Not Raining","Night","Right Turn",2,,,1342993.75,1681776.36
"2024-51705-19/09/2025","HAWTHORNDENE","CC MITCHAM.",2,1,0,0,1,2024,"February","Monday","08:44 am",25,"Sealed","Dry","Not Raining","Daylight","Hit Pedestrian",2,,,1331335.78,1660126.07
"2024-51708-19/09/2025","ST MARYS","CC MITCHAM.",2,2,0,0,2,2024,"February","Monday","10:55 am",60,"Sealed","Dry","Not Raining","Daylight","Hit Fixed Object",1,,,1325986.94,1662487.42
"2024-51720-19/09/2025","MEADOWS","DC MT.BARKER.",1,1,0,0,1,2024,"February","Saturday","09:59 am",80,"Sealed","Dry","Not Raining","Daylight","Roll Over",1,,,1341795.97,1642614.09
"2024-51725-19/09/2025","LOXTON NORTH","LOXTON WAIKERIE DISTRICT COUNCIL",2,2,0,1,1,2024,"February","Monday","02:49 pm",110,"Sealed","Dry","Not Raining","Daylight","Rear End",2,,,1513884.59,1721282.72
"2024-51733-19/09/2025","PROSPECT","CITY OF PROSPECT",2,1,0,0,1,2024,"February","Monday","05:40 pm",50,"Sealed","Dry","Not Raining","Daylight","Hit Pedestrian",1,,,1328073.36,1675753.47
"2024-51734-19/09/2025","ROSTREVOR","CC CAMPBELLTOWN.",2,2,0,0,2,2024,"February","Monday","05:45 pm",60,"Sealed","Dry","Not Raining","Daylight","Right Turn",1,,,1337045.32,1674316.15
"2024-51737-19/09/2025","VALLEY VIEW","CITY OF TEA TREE GULLY",2,1,0,0,1,2024,"February","Monday","01:50 pm",60,"Sealed","Dry","Not Raining","Daylight","Rear End",2,,,1335279.25,1679398.78
"2024-51742-19/09/2025","OVINGHAM","CITY OF CHARLES STURT",2,2,0,0,2,2024,"February","Tuesday","05:35 am",60,"Sealed","Dry","Not Raining","Night","Right Angle",2,,"Y",1327121.41,1673280.8
"2024-51746-19/09/2025","NAIRNE","DC MT.BARKER.",2,1,0,0,1,2024,"February","Tuesday","08:20 am",50,"Sealed","Dry","Not Raining","Daylight","Hit Fixed Object",1,,,1355732.24,1657414.41
"2024-51750-19/09/2025","TANUNDA","THE BAROSSA COUNCIL.",2,1,0,0,1,2024,"February","Tuesday","09:10 am",50,"Sealed","Dry","Not Raining","Daylight","Right Angle",2,,,1363820.69,1714738.32
"2024-51755-19/09/2025","ROBE","DC ROBE.",2,1,0,0,1,2024,"February","Monday","11:30 am",50,"Sealed","Dry","Not Raining","Daylight","Right Angle",2,,,1422733.19,1418560.67
"2024-51760-19/09/2025","CAMPBELLTOWN","CC CAMPBELLTOWN.",2,1,0,0,1,2024,"February","Wednesday","08:00 am",60,"Sealed","Dry","Not Raining","Daylight","Side Swipe",2,,,1333848.33,1674620.69
"2024-51762-19/09/2025","MOUNT GAMBIER","CC MT.GAMBIER.",2,1,0,0,1,2024,"February","Tuesday","12:00 pm",60,"Sealed","Dry","Not Raining","Daylight","Rear End",2,,,1511797.49,1339474.56
"2024-51767-19/09/2025","NURIOOTPA","THE BAROSSA COUNCIL.",2,3,0,0,3,2024,"February","Tuesday","04:25 pm",80,"Sealed","Dry","Not Raining","Daylight","Right Angle",2,,,1365221.54,1720890.56