"REPORT_ID","Suburb","LGA Name","Total Units","Total Cas","Total Fats","Total SI","Total MI","Year","Month","Day","Time","Area Speed","Road Surface","Moisture Cond","Weather Cond","DayNight","Crash Type","Unit Resp","DUI Involved","Drugs Involved","ACCLOC_X","ACCLOC_Y"
"2024-51769-19/09/2025","BLAIR ATHOL","CITY OF PORT ADELAIDE ENFIELD",2,2,0,0,2,2024,"February","Tuesday","04:55 pm",60,"Sealed","Dry","Not Raining","Daylight","Right Angle",1,,,1328832.68,1677755.14
"2024-51776-19/09/2025","WALKLEY HEIGHTS","CITY OF SALISBURY",2,1,0,0,1,2024,"February","Tuesday","08:15 am",60,"Sealed","Dry","Not Raining","Daylight","Rear End",2,,,1331258.29,1680682.96
"2024-51777-19/09/2025","MORPHETT VALE","CITY OF ONKAPARINGA",2,1,0,0,1,2024,"February","Tuesday","06:09 pm",50,"Sealed","Dry","Not Raining","Daylight","Head On",1,,"Y",1320781.84,1647601.59
"2024-51780-19/09/2025","NORWOOD","CC OF NORWOOD,PAYNEHAM & ST PETERS",2,1,0,0,1,2024,"February","Tuesday","07:18 pm",50,"Sealed","Dry","Not Raining","Daylight","Hit Fixed Object",1,"Y",,1332063.84,1670738.33
"2024-51781-19/09/2025","COWANDILLA","CITY OF WEST TORRENS",2,1,0,1,0,2024,"February","Tuesday","08:12 pm",60,"Sealed","Dry","Not Raining","Night","Right Turn",1,,,1324145.71,1670043.9
"2024-51782-19/09/2025","CAMBRAI","MID MURRAY DISTRICT COUNCIL",2,1,0,1,0,2024,"February","Tuesday","05:10 pm",110,"Sealed","Dry","Not Raining","Daylight","Roll Over",1,,,1401308.91,1686981.12
"2024-51784-19/09/2025","EDWARDSTOWN","CC MARION.",2,2,0,2,0,2024,"February","Wednesday","02:12 am",50,"Sealed","Dry","Not Raining","Night","Hit Fixed Object",1,"Y",,1325560.41,1665264.74
"2024-51788-19/09/2025","SALISBURY PLAIN","CITY OF SALISBURY",2,1,0,0,1,2024,"February","Wednesday","08:30 am",80,"Sealed","Dry","Not Raining","Daylight","Rear End",2,,,1334701.93,1687209.78
"2024-51789-19/09/2025","TONSLEY","CC MARION.",2,1,0,0,1,2024,"February","Tuesday","07:30 pm",60,"Sealed","Dry","Not Raining","Daylight","Rear End",2,,,1325960.83,1661643.31
"2024-51790-19/09/2025","DAW PARK","CC MITCHAM.",2,1,0,0,1,2024,"February","Wednesday","09:20 am",50,"Sealed","Dry","Not Raining","Daylight","Rear End",2,,,1327185.23,1663918.84
"2024-51796-19/09/2025","MEADOWS","DC MT.BARKER.",2,3,0,0,3,2024,"February","Wednesday","11:55 am",80,"Sealed","Dry","Not Raining","Daylight","Right Angle",1,,,1343238.73,1641813.2
"2024-51797-19/09/2025","OTTOWAY","CITY OF PORT ADELAIDE ENFIELD",2,1,0,0,1,2024,"February","Wednesday","11:58 am",60,"Sealed","Dry","Not Raining","Daylight","Rear End",2,,,1322902.28,1679362.03
"2024-51800-19/09/2025","INGLE FARM","CITY OF SALISBURY",3,1,0,0,1,2024,"February","Wednesday","12:38 pm",70,"Sealed","Dry","Not Raining","Daylight","Rear End",1,,,1332728.9,1681551.18
"2024-51803-19/09/2025","ROYAL PARK","CITY OF CHARLES STURT",3,1,0,0,1,2024,"February","Wednesday","01:22 pm",60,"Sealed","Dry","Not Raining","Daylight","Right Angle",1,,,1320681.7,1677608.59
"2024-51806-19/09/2025","KINGSWOOD","CC MITCHAM.",3,1,0,0,1,2024,"February","Wednesday","03:10 pm",60,"Sealed","Dry","Not Raining","Daylight","Right Turn",2,,,1329136.35,1666242.69
"2024-51813-19/09/2025","SEAFORD RISE","CITY OF ONKAPARINGA",2,1,0,0,1,2024,"February","Wednesday","05:21 pm",50,"Sealed","Dry","Not Raining","Daylight","Hit Fixed Object",1,,,1316867.21,1641284.09
"2024-51819-19/09/2025","MOUNT GAMBIER","CC MT.GAMBIER.",2,2,0,0,2,2024,"February","Wednesday","08:50 am",60,"Sealed","Dry","Not Raining","Daylight","Rear End",1,,,1510345.94,1340747.66
"2024-51821-19/09/2025","TORRENSVILLE","CITY OF WEST TORRENS",2,1,0,0,1,2024,"February","Wednesday","08:40 pm",60,"Sealed","Dry","Not Raining","Night","Hit Pedestrian",1,,,1325416.27,1672003.04
"2024-51825-19/09/2025","BURTON","CITY OF SALISBURY",2,1,0,0,1,2024,"February","Thursday","06:30 am",60,"Sealed","Dry","Not Raining","Night","Right Turn",1,,"Y",1328298.95,1690791.45
"2024-51834-19/09/2025","ELIZABETH NORTH","CITY OF PLAYFORD.",2,1,0,0,1,2024,"February","Thursday","08:35 am",50,"Sealed","Dry","Not Raining","Daylight","Right Angle",2,,,1336980.76,1695568.1
"2024-51837-19/09/2025","HAPPY VALLEY","CITY OF ONKAPARINGA",2,1,0,0,1,2024,"February","Thursday","10:10 am",80,"Sealed","Dry","Not Raining","Daylight","Right Angle",2,,,1323043.84,1653631.42
"2024-51846-19/09/2025","ADELAIDE","CITY OF ADELAIDE",2,1,0,0,1,2024,"February","Thursday","09:45 am",60,"Sealed","Dry","Not Raining","Daylight","Rear End",2,,,1327363.68,1670328.29
"2024-51847-19/09/2025","PORT ADELAIDE","CITY OF PORT ADELAIDE ENFIELD",2,1,0,0,1,2024,"February","Thursday","12:30 pm",60,"Sealed","Dry","Not Raining","Daylight","Side Swipe",2,,,1320506.3,1679147.96
"2024-51848-19/09/2025","STEPNEY","CC OF NORWOOD,PAYNEHAM & ST PETERS",2,1,0,0,1,2024,"February","Thursday","03:10 pm",60,"Sealed","Dry","Not Raining","Daylight","Right Turn",1,,,1330600.73,1671714.93
"2024-51849-19/09/2025","ELIZABETH VALE","CITY OF PLAYFORD.",2,1,0,0,1,2024,"February","Thursday","03:15 pm",60,"Sealed","Dry","Not Raining","Daylight","Hit Pedestrian",1,,,1335325.09,1690077.66
"2024-51852-19/09/2025","MOUNT BARKER","DC MT.BARKER.",3,1,0,0,1,2024,"February","Thursday","03:00 pm",50,"Sealed","Dry","Not Raining","Daylight","Rear End",2,,,1353884.45,1651855.23
"2024-51854-19/09/2025","VALE PARK","WALKERVILLE TOWN COUNCIL",2,1,0,0,1,2024,"February","Thursday","04:00 pm",60,"Sealed","Dry","Not Raining","Daylight","Rear End",1,,,1330635.32,1675352.25
"2024-51859-19/09/2025","ELIZABETH SOUTH","CITY OF PLAYFORD.",2,1,0,0,1,2024,"February","Thursday","05:10 pm",60,"Sealed","Dry","Not Raining","Daylight","Right Turn",1,,,1334851.82,1691113.61
"2024-51864-19/09/2025","MUNNO PARA","CITY OF PLAYFORD.",2,3,0,0,3,2024,"February","Thursday","05:57 pm",60,"Sealed","Dry","Not Raining","Daylight","Rear End",2,,,1338049.76,1697818.8
"2024-51865-19/09/2025","NORWOOD","CC OF NORWOOD,PAYNEHAM & ST PETERS",2,1,0,1,0,2024,"February","Thursday","06:20 pm",50,"Sealed","Dry","Not Raining","Daylight","Side Swipe",1,,,1331026.45,1671143.77
"2024-51866-19/09/2025","BLAKEVIEW","CITY OF PLAYFORD.",2,1,0,0,1,2024,"February","Thursday","07:05 pm",50,"Sealed","Dry","Not Raining","Daylight","Side Swipe",1,,,1338412.28,1696435.3
"2024-51882-19/09/2025","MUNNO PARA","CITY OF PLAYFORD.",2,1,0,0,1,2024,"February","Friday","10:15 am",60,"Sealed","Dry","Not Raining","Daylight","Rear End",1,,,1336648.5,1698575.85
"2024-51884-19/09/2025","ADELAIDE","CITY OF ADELAIDE",2,1,0,0,1,2024,"February","Friday","02:40 pm",20,"Sealed","Dry","Not Raining","Daylight","Hit Pedestrian",1,,,1328292.7,1671020.54
"2024-51890-19/09/2025","NORWOOD","CC OF NORWOOD,PAYNEHAM & ST PETERS",2,1,0,0,1,2024,"February","Friday","05:30 pm",40,"Sealed","Dry","Not Raining","Daylight","Right Angle",1,,,1332044.77,1671417.32
"2024-51891-19/09/2025","BIRKENHEAD","CITY OF PORT ADELAIDE ENFIELD",3,3,0,0,3,2024,"February","Friday","04:29 pm",60,"Sealed","Dry","Not Raining","Daylight","Rear End",1,,,1320202.81,1680675.18
"2024-51896-19/09/2025","GLENELG SOUTH","CITY OF HOLDFAST BAY",2,1,0,0,1,2024,"February","Friday","07:37 pm",60,"Sealed","Dry","Not Raining","Daylight","Right Angle",1,,,1321040.2,1664020.39
"2024-51899-19/09/2025","TAPEROO","CITY OF PORT ADELAIDE ENFIELD",2,1,0,0,1,2024,"February","Friday","10:49 pm",50,"Sealed","Dry","Not Raining","Night","Hit Pedestrian",2,,,1319477.61,1683812.14
"2024-51904-19/09/2025","STURT","CC MARION.",2,1,0,0,1,2024,"February","Saturday","11:25 am",60,"Sealed","Dry","Not Raining","Daylight","Rear End",2,,,1323873.15,1660654.51
"2024-51907-19/09/2025","ELIZABETH","CITY OF PLAYFORD.",2,1,0,0,1,2024,"February","Saturday","12:20 pm",60,"Sealed","Dry","Not Raining","Daylight","Side Swipe",2,,,1335641.82,1693876.23
"2024-51914-19/09/2025","ELIZABETH PARK","CITY OF PLAYFORD.",2,1,0,0,1,2024,"February","Saturday","05:51 pm",60,"Sealed","Dry","Not Raining","Daylight","Side Swipe",2,,,1336290.66,1693376.87
"2024-51916-19/09/2025","MYRTLE BANK","CITY OF UNLEY",3,1,0,0,1,2024,"February","Saturday","05:53 pm",60,"Sealed","Dry","Not Raining","Daylight","Hit Fixed Object",1,,,1330756.32,1666621.96
"2024-51917-19/09/2025","FARINA STATION",,1,2,0,2,0,2024,"February","Saturday","05:00 pm",100,"Sealed","Dry","Not Raining","Daylight","Roll Over",1,,,1315055.56,2219820.86
"2024-51918-19/09/2025","WATERLOO CORNER","CITY OF SALISBURY",2,6,0,1,5,2024,"February","Sunday","03:30 am",90,"Sealed","Dry","Not Raining","Night","Right Turn",1,"Y",,1327645.93,1692118.06
"2024-51922-19/09/2025","ELIZABETH","CITY OF PLAYFORD.",2,1,0,0,1,2024,"February","Sunday","11:40 am",50,"Sealed","Dry","Not Raining","Daylight","Right Turn",2,,,1335262.72,1693091.41
"2024-51925-19/09/2025","KEILIRA","DC KINGSTON.",1,1,0,0,1,2024,"February","Sunday","02:40 am",110,"Sealed","Dry","Not Raining","Night","Roll Over",1,"Y",,1462802.31,1471219.66
"2024-51928-19/09/2025","MUNNO PARA WEST","CITY OF PLAYFORD.",2,1,0,0,1,2024,"February","Saturday","07:15 pm",50,"Unsealed","Dry","Not Raining","Daylight","Side Swipe",2,,,1336148.82,1699264.22
"2024-51931-19/09/2025","WEST HINDMARSH","CITY OF CHARLES STURT",2,1,0,0,1,2024,"February","Sunday","02:45 pm",60,"Sealed","Dry","Not Raining","Daylight","Rear End",2,,,1325423.2,1673149.42
"2024-51932-19/09/2025","EDINBURGH","CITY OF SALISBURY",1,1,0,0,1,2024,"February","Sunday","05:05 pm",60,"Sealed","Dry","Not Raining","Daylight","Left Road - Out of Control",1,,,1333531.02,1690693.85
"2024-51936-19/09/2025","NOVAR GARDENS","CITY OF WEST TORRENS",2,1,0,1,0,2024,"February","Sunday","07:00 pm",50,"Sealed","Dry","Not Raining","Daylight","Hit Fixed Object",1,,,1322384.8,1665588.84
"2024-51937-19/09/2025","WILD DOG VALLEY","DC NARACOORTE & LUCINDALE.",2,2,0,0,2,2024,"February","Sunday","07:30 pm",110,"Sealed","Dry","Not Raining","Daylight","Head On",2,,,1507305.53,1448338.13
"2024-51940-19/09/2025","ROSEWATER","CITY OF PORT ADELAIDE ENFIELD",2,1,0,0,1,2024,"February","Sunday","08:33 pm",60,"Sealed","Dry","Not Raining","Night","Rear End",2,,,1322284.68,1678777.56
"2024-51943-19/09/2025","FULLARTON","CITY OF UNLEY",2,1,0,0,1,2024,"February","Monday","08:45 am",50,"Sealed","Dry","Not Raining","Daylight","Right Angle",1,,,1330425.55,1667474.4
"2024-51945-19/09/2025","HOLDEN HILL","CITY OF PORT ADELAIDE ENFIELD",2,1,0,0,1,2024,"February","Monday","10:00 am",60,"Sealed","Dry","Not Raining","Daylight","Hit Fixed Object",1,,,1333963.39,1677962.96
"2024-51946-19/09/2025","ADELAIDE","CITY OF ADELAIDE",2,1,0,0,1,2024,"January","Monday","01:50 pm",50,"Sealed","Dry","Not Raining","Daylight","Side Swipe",2,,,1328043.15,1671121.36
"2024-51947-19/09/2025","LEWISTON","DC MALLALA.",2,1,0,0,1,2024,"February","Saturday","10:00 pm",100,"Sealed","Dry","Not Raining","Night","Hit Animal",2,,,1331092.12,1704304.89
"2024-51952-19/09/2025","FULLARTON","CITY OF UNLEY",2,1,0,0,1,2024,"February","Monday","08:50 am",50,"Sealed","Dry","Not Raining","Daylight","Right Angle",1,,,1330414.14,1667473.93
"2024-51959-19/09/2025","GUMERACHA","THE ADELAIDE HILLS COUNCIL",2,1,0,0,1,2024,"February","Monday","04:30 pm",50,"Sealed","Dry","Not Raining","Daylight","Hit Parked Vehicle",1,,,1354756.22,1680933.53
"2024-51961-19/09/2025","WHYALLA STUART","CC WHYALLA.",2,1,0,1,0,2024,"February","Monday","07:39 pm",60,"Sealed","Dry","Not Raining","Daylight","Side Swipe",1,,,1234917.29,1884173.63
"2024-51963-19/09/2025","MITCHELL PARK","CC MARION.",2,1,0,0,1,2024,"February","Monday","05:45 pm",10,"Sealed","Dry","Not Raining","Daylight","Hit Pedestrian",1,,,1324660.82,1660883.82
"2024-51967-19/09/2025","NORTHFIELD","CITY OF PORT ADELAIDE ENFIELD",2,1,0,0,1,2024,"February","Tuesday","07:40 am",60,"Sealed","Dry","Not Raining","Daylight","Right Turn",2,,,1330655.84,1679290.52
"2024-51971-19/09/2025","CLEARVIEW","CITY OF PORT ADELAIDE ENFIELD",2,1,0,0,1,2024,"February","Tuesday","08:30 am",50,"Sealed","Dry","Not Raining","Daylight","Right Angle",2,,,1330300.86,1677748.99
"2024-51973-19/09/2025","PANORAMA","CC MITCHAM.",3,1,0,0,1,2024,"February","Tuesday","08:57 am",60,"Sealed","Dry","Not Raining","Daylight","Rear End",1,,,1328255.44,1663507.06
"2024-51974-19/09/2025","BROOKLYN PARK","CITY OF WEST TORRENS",5,1,0,0,1,2024,"February","Monday","08:30 am",60,"Sealed","Dry","Not Raining","Daylight","Rear End",1,,,1324118.14,1670948.73
"2024-51980-19/09/2025","KIDMAN PARK","CITY OF CHARLES STURT",2,1,0,0,1,2024,"February","Tuesday","11:30 am",60,"Sealed","Dry","Not Raining","Daylight","Right Angle",2,,,1321925.33,1673102.36
"2024-51982-19/09/2025","ADELAIDE","CITY OF ADELAIDE",3,1,0,0,1,2024,"February","Saturday","04:00 pm",60,"Sealed","Dry","Not Raining","Daylight","Rear End",2,,,1327364.13,1670312.87
"2024-51983-19/09/2025","PARAFIELD","CITY OF SALISBURY",2,1,0,0,1,2024,"February","Tuesday","09:00 am",70,"Sealed","Dry","Not Raining","Daylight","Rear End",2,,,1331795.18,1683502.55
"2024-51985-19/09/2025","ROYAL PARK","CITY OF CHARLES STURT",2,1,0,0,1,2024,"February","Tuesday","01:45 pm",60,"Sealed","Dry","Not Raining","Daylight","Right Angle",2,,,1320681.7,1677608.59
"2024-51988-19/09/2025","NORTH ADELAIDE","CITY OF ADELAIDE",2,1,0,0,1,2024,"February","Tuesday","03:13 pm",50,"Sealed","Dry","Not Raining","Daylight","Hit Parked Vehicle",1,,"Y",1328352.79,1672228.18
"2024-51993-19/09/2025","SEAFORD","CITY OF ONKAPARINGA",1,1,0,0,1,2024,"February","Tuesday","03:40 pm",50,"Sealed","Dry","Not Raining","Daylight","Roll Over",1,,,1315514.96,1642252.35
"2024-52005-19/09/2025","ASHVILLE","COORONG DISTRICT COUNCIL",1,1,0,1,0,2024,"February","Tuesday","05:30 pm",100,"Unsealed","Dry","Not Raining","Daylight","Roll Over",1,,,1405501.22,1594932.5
"2024-52012-19/09/2025","FLINDERS PARK","CITY OF CHARLES STURT",2,1,0,0,1,2024,"February","Wednesday","07:50 am",60,"Sealed","Dry","Not Raining","Daylight","Side Swipe",1,,,1323658.18,1673162.5
"2024-52027-19/09/2025","PARADISE","CC CAMPBELLTOWN.",2,1,0,0,1,2024,"February","Wednesday","02:10 pm",60,"Sealed","Dry","Not Raining","Daylight","Right Angle",1,,,1336323.37,1676657.04
"2024-52028-19/09/2025","CAMPBELLTOWN","CC CAMPBELLTOWN.",2,1,0,1,0,2024,"February","Wednesday","02:16 pm",60,"Sealed","Dry","Not Raining","Daylight","Side Swipe",1,,,1335249.57,1674550.31
"2024-52029-19/09/2025","WEST LAKES","CITY OF CHARLES STURT",3,1,0,0,1,2024,"February","Wednesday","02:44 pm",60,"Sealed","Dry","Not Raining","Daylight","Side Swipe",1,,,1319838.87,1678632.07
"2024-52030-19/09/2025","GOOLWA BEACH","ALEXANDRINA COUNCIL",3,2,0,0,2,2024,"February","Wednesday","02:40 pm",100,"Sealed","Dry","Not Raining","Daylight","Rear End",1,,,1340368.78,1605837.05
"2024-52032-19/09/2025","SOUTH PLYMPTON","CC MARION.",2,1,0,0,1,2024,"February","Wednesday","02:40 pm",50,"Sealed","Dry","Not Raining","Daylight","Rear End",2,,,1325049.13,1665713.72
"2024-52040-19/09/2025","STIRLING","THE ADELAIDE HILLS COUNCIL",3,1,0,0,1,2024,"February","Wednesday","04:20 pm",50,"Sealed","Dry","Not Raining","Daylight","Hit Parked Vehicle",1,,,1338524.14,1660737
"2024-52041-19/09/2025","GOLDEN GROVE","CITY OF TEA TREE GULLY",3,2,1,0,1,2024,"February","Wednesday","12:10 pm",60,"Sealed","Dry","Not Raining","Daylight","Right Angle",1,,"Y",1337859.71,1685518.84
"2024-52049-19/09/2025","ADELAIDE","CITY OF ADELAIDE",2,1,0,0,1,2024,"February","Wednesday","05:39 pm",50,"Sealed","Dry","Not Raining","Daylight","Hit Parked Vehicle",1,,,1327557.53,1670400.28
"2024-52050-19/09/2025","DAVOREN PARK","CITY OF PLAYFORD.",2,1,0,0,1,2024,"February","Wednesday","10:46 pm",50,"Sealed","Dry","Not Raining","Night","Hit Pedestrian",2,,,1335282.3,1695700.05
"2024-52056-19/09/2025","DUDLEY PARK","CITY OF PORT ADELAIDE ENFIELD",2,1,0,1,0,2024,"February","Thursday","07:25 am",50,"Sealed","Dry","Not Raining","Daylight","Hit Pedestrian",2,,,1326458.16,1675396.28
"2024-52057-19/09/2025","NORWOOD","CC OF NORWOOD,PAYNEHAM & ST PETERS",2,1,0,0,1,2024,"February","Thursday","08:33 am",60,"Sealed","Dry","Not Raining","Daylight","Right Turn",1,,,1330670.56,1671720.13
"2024-52065-19/09/2025","CAMDEN PARK","CITY OF WEST TORRENS",2,1,0,0,1,2024,"February","Wednesday","08:50 am",60,"Sealed","Dry","Not Raining","Daylight","Side Swipe",2,,,1323085.31,1665719.36
"2024-52066-19/09/2025","KINGS PARK","CITY OF UNLEY",2,1,0,0,1,2024,"February","Thursday","10:00 am",60,"Sealed","Dry","Not Raining","Daylight","Hit Fixed Object",1,"Y",,1327498.85,1666512.99
"2024-52068-19/09/2025","PASADENA","CC MITCHAM.",3,1,0,0,1,2024,"February","Thursday","11:41 am",50,"Sealed","Dry","Not Raining","Daylight","Hit Fixed Object",1,,,1327186.47,1662326.8
"2024-52069-19/09/2025","ELIZABETH EAST","CITY OF PLAYFORD.",3,1,0,0,1,2024,"February","Thursday","09:00 am",60,"Sealed","Dry","Not Raining","Daylight","Rear End",1,,,1336253,1692269.36
"2024-52072-19/09/2025","MODBURY NORTH","CITY OF TEA TREE GULLY",2,1,1,0,0,2024,"February","Thursday","12:30 pm",60,"Sealed","Dry","Not Raining","Daylight","Hit Fixed Object",1,,,1335200.64,1681153.33
"2024-52073-19/09/2025","FULLARTON","CITY OF UNLEY",3,1,0,0,1,2024,"February","Thursday","01:25 pm",60,"Sealed","Dry","Not Raining","Daylight","Right Turn",1,,,1331033.72,1668069.53
"2024-52074-19/09/2025","MAYLANDS","CC OF NORWOOD,PAYNEHAM & ST PETERS",2,1,0,0,1,2024,"February","Thursday","01:15 pm",60,"Sealed","Dry","Not Raining","Daylight","Right Turn",1,,,1332238.21,1671761.6
"2024-52075-19/09/2025","ADELAIDE","CITY OF ADELAIDE",2,1,0,0,1,2024,"February","Monday","08:15 am",60,"Sealed","Dry","Not Raining","Daylight","Hit Pedestrian",1,,,1327350.9,1670791.07
"2024-52079-19/09/2025","BURTON","CITY OF SALISBURY",2,1,0,0,1,2024,"February","Thursday","04:00 am",60,"Sealed","Dry","Not Raining","Night","Hit Object on Road",1,,,1329867.48,1691048.64
"2024-52081-19/09/2025","OVINGHAM","CITY OF CHARLES STURT",2,1,0,0,1,2024,"February","Thursday","03:40 pm",60,"Sealed","Dry","Not Raining","Daylight","Rear End",1,,,1327297.22,1673456.42
"2024-52084-19/09/2025","WILLIAMSTOWN","THE BAROSSA COUNCIL.",2,2,0,2,0,2024,"February","Thursday","04:54 pm",100,"Sealed","Dry","Not Raining","Daylight","Hit Fixed Object",1,,,1353449.31,1699868.68
"2024-52085-19/09/2025","MARRYATVILLE","CC OF NORWOOD,PAYNEHAM & ST PETERS",2,1,0,0,1,2024,"February","Thursday","03:54 pm",60,"Sealed","Dry","Not Raining","Daylight","Hit Pedestrian",2,,,1332619.26,1670425.55
"2024-52087-19/09/2025","PARA HILLS","CITY OF SALISBURY",2,1,0,0,1,2024,"February","Thursday","04:30 pm",60,"Sealed","Dry","Not Raining","Daylight","Rear End",2,,,1334371.07,1684413.89
"2024-52089-19/09/2025","GREENACRES","CITY OF PORT ADELAIDE ENFIELD",2,1,0,0,1,2024,"February","Thursday","08:40 am",60,"Sealed","Dry","Not Raining","Daylight","Right Angle",2,,,1330430.11,1677200.82
"2024-52094-19/09/2025","HILTON","CITY OF WEST TORRENS",2,1,0,0,1,2024,"March","Friday","07:40 am",60,"Sealed","Dry","Not Raining","Daylight","Hit Pedestrian",2,,,1325333.13,1670079.73
"2024-52095-19/09/2025","MAGILL","CC CAMPBELLTOWN.",2,1,0,0,1,2024,"March","Friday","08:10 am",60,"Sealed","Dry","Not Raining","Daylight","Right Turn",1,,,1334732.73,1671827.77
"2024-52096-19/09/2025","ADELAIDE","CITY OF ADELAIDE",2,1,0,0,1,2024,"March","Friday","08:40 am",50,"Sealed","Dry","Not Raining","Daylight","Side Swipe",1,,,1328484.1,1670033.16
"2024-52101-19/09/2025","HOPE GAP","WAKEFIELD REGIONAL COUNCIL",2,1,0,1,0,2024,"March","Friday","10:20 am",40,"Sealed","Dry","Not Raining","Daylight","Hit Fixed Object",1,,,1298740.69,1813555.23
"2024-52102-19/09/2025","MAGILL","CC CAMPBELLTOWN.",3,1,0,0,1,2024,"March","Friday","10:50 am",50,"Sealed","Dry","Not Raining","Daylight","Right Angle",1,,,1335884.33,1672274.47
"2024-52111-19/09/2025","NORTH ADELAIDE","CITY OF ADELAIDE",2,1,0,0,1,2024,"March","Friday","03:22 pm",50,"Sealed","Dry","Not Raining","Daylight","Hit Pedestrian",1,,,1328435.22,1672204.38
"2024-52120-19/09/2025","NORA CREINA","DC ROBE.",1,1,0,0,1,2024,"March","Friday","06:31 pm",40,"Unsealed","Dry","Not Raining","Daylight","Roll Over",1,,,1431988.41,1398724.43
"2024-52126-19/09/2025","BROOKLYN PARK","CITY OF WEST TORRENS",3,2,0,0,2,2024,"March","Saturday","05:37 am",60,"Sealed","Dry","Not Raining","Night","Right Turn",1,,,1323129.01,1670083.9
"2024-52128-19/09/2025","HALLETT COVE","CC MARION.",2,1,0,0,1,2024,"March","Saturday","08:16 am",50,"Sealed","Dry","Not Raining","Daylight","Hit Parked Vehicle",1,,,1320800.8,1654855.58
"2024-52130-19/09/2025","LITTLEHAMPTON","DC MT.BARKER.",3,1,0,0,1,2024,"March","Saturday","09:24 am",50,"Sealed","Dry","Not Raining","Daylight","Rear End",1,,,1352055.61,1656207.64
"2024-52133-19/09/2025","ENFIELD","CITY OF PORT ADELAIDE ENFIELD",1,1,0,0,1,2024,"March","Saturday","09:57 am",60,"Sealed","Dry","Not Raining","Daylight","Roll Over",1,,,1328799.07,1679123.62
"2024-52134-19/09/2025","PARA HILLS WEST","CITY OF SALISBURY",2,1,0,0,1,2024,"February","Monday","09:45 am",50,"Unsealed","Dry","Not Raining","Daylight","Rear End",2,,,1333123.29,1683949.18
"2024-52136-19/09/2025","GRANGE","CITY OF CHARLES STURT",2,1,0,0,1,2024,"March","Saturday","10:40 am",60,"Sealed","Dry","Not Raining","Daylight","Right Angle",1,,,1319920.24,1674530.99
"2024-52137-19/09/2025","WALKERVILLE","WALKERVILLE TOWN COUNCIL",2,1,0,0,1,2024,"March","Friday","01:10 pm",60,"Sealed","Dry","Not Raining","Daylight","Rear End",2,,,1329737.51,1674554.59
"2024-52139-19/09/2025","TOORAK GARDENS","CITY OF BURNSIDE",2,1,0,0,1,2024,"March","Saturday","11:40 am",60,"Sealed","Dry","Not Raining","Daylight","Hit Fixed Object",1,,,1331554.18,1669034.03
"2024-52141-19/09/2025","NURIOOTPA","THE BAROSSA COUNCIL.",2,1,0,1,0,2024,"February","Saturday","01:45 pm",80,"Sealed","Dry","Not Raining","Daylight","Side Swipe",1,,,1366344.37,1721074.9
"2024-52147-19/09/2025","FULLARTON","CITY OF UNLEY",2,1,0,0,1,2024,"March","Saturday","04:35 pm",60,"Sealed","Dry","Not Raining","Daylight","Hit Pedestrian",2,,,1330777.78,1668263.22
"2024-52150-19/09/2025","UNLEY","CITY OF UNLEY",2,1,0,0,1,2024,"March","Saturday","03:00 pm",50,"Sealed","Dry","Not Raining","Daylight","Hit Fixed Object",1,"Y",,1328803.79,1667722.14
"2024-52155-19/09/2025","NOARLUNGA DOWNS","CITY OF ONKAPARINGA",2,1,0,0,1,2024,"March","Saturday","09:00 pm",80,"Sealed","Dry","Not Raining","Night","Right Angle",1,,,1318601.75,1643978.67
"2024-52159-19/09/2025","KATARAPKO","THE BERRI BARMERA COUNCIL",2,1,0,0,1,2024,"March","Sunday","12:15 am",50,"Unsealed","Dry","Not Raining","Night","Hit Fixed Object",1,,,1509057.54,1722732.86
"2024-52160-19/09/2025","WILD HORSE PLAINS","DC MALLALA.",1,1,0,0,1,2024,"March","Sunday","07:15 am",110,"Sealed","Dry","Not Raining","Daylight","Left Road - Out of Control",1,,,1302694.75,1733060.31
"2024-52163-19/09/2025","STEPNEY","CC OF NORWOOD,PAYNEHAM & ST PETERS",2,1,0,0,1,2024,"March","Sunday","09:10 am",60,"Sealed","Dry","Not Raining","Daylight","Side Swipe",1,,,1331213.59,1672535.96
"2024-52170-19/09/2025","NORTH ADELAIDE","CITY OF ADELAIDE",1,1,0,0,1,2024,"March","Saturday","05:40 pm",50,"Sealed","Dry","Not Raining","Daylight","Roll Over",9,,,1328133.8,1672861.18
"2024-52171-19/09/2025","FLINDERS RANGES",,3,1,1,0,0,2024,"March","Sunday","09:34 am",110,"Sealed","Dry","Not Raining","Daylight","Hit Animal",2,,,1343751.71,2033851.52
"2024-52173-19/09/2025","BIRDWOOD","THE ADELAIDE HILLS COUNCIL",2,1,0,1,0,2024,"March","Sunday","03:20 pm",100,"Sealed","Dry","Not Raining","Daylight","Hit Fixed Object",1,,,1360659.47,1682074.8
"2024-52174-19/09/2025","DEEP CREEK","DC YANKALILLA.",2,1,0,0,1,2024,"March","Sunday","04:15 pm",80,"Unknown","Dry","Not Raining","Daylight","Hit Fixed Object",1,,,1289565,1594704.37
"2024-52183-19/09/2025","SMITHFIELD","CITY OF PLAYFORD.",3,1,0,0,1,2024,"March","Monday","07:15 am",80,"Sealed","Dry","Not Raining","Daylight","Rear End",1,,,1338080.67,1697482.82