"REPORT_ID","Suburb","LGA Name","Total Units","Total Cas","Total Fats","Total SI","Total MI","Year","Month","Day","Time","Area Speed","Road Surface","Moisture Cond","Weather Cond","DayNight","Crash Type","Unit Resp","DUI Involved","Drugs Involved","ACCLOC_X","ACCLOC_Y"
"2024-52187-19/09/2025","KENSINGTON GARDENS","CITY OF BURNSIDE",2,1,0,0,1,2024,"March","Monday","08:10 am",60,"Sealed","Dry","Not Raining","Daylight","Right Turn",2,,,1334014.56,1671808.94
"2024-52188-19/09/2025","KENSINGTON","CC OF NORWOOD,PAYNEHAM & ST PETERS",2,1,0,0,1,2024,"March","Monday","08:13 am",60,"Sealed","Dry","Not Raining","Daylight","Right Turn",1,,,1333058.67,1671093.6
"2024-52191-19/09/2025","FULHAM","CITY OF WEST TORRENS",2,1,0,0,1,2024,"March","Monday","08:50 am",60,"Sealed","Dry","Not Raining","Daylight","Right Turn",1,,,1320676.35,1670851.1
"2024-52193-19/09/2025","STURT","CC MARION.",2,1,0,0,1,2024,"March","Monday","09:38 am",60,"Sealed","Dry","Not Raining","Daylight","Right Turn",2,,,1324418.54,1660680
"2024-52194-19/09/2025","UNDERDALE","CITY OF WEST TORRENS",2,1,0,0,1,2024,"March","Monday","09:35 am",25,"Sealed","Dry","Not Raining","Daylight","Hit Pedestrian",1,,,1323470.28,1671445.71
"2024-52198-19/09/2025","MARRYATVILLE","CC OF NORWOOD,PAYNEHAM & ST PETERS",2,1,0,1,0,2024,"March","Monday","09:54 am",60,"Sealed","Dry","Not Raining","Daylight","Hit Pedestrian",2,,,1333060.38,1670438.47
"2024-52200-19/09/2025","ENFIELD","CITY OF PORT ADELAIDE ENFIELD",2,2,0,2,0,2024,"March","Monday","09:56 am",50,"Sealed","Dry","Not Raining","Daylight","Hit Fixed Object",1,,,1329237.07,1677153.87
"2024-52202-19/09/2025","WHYALLA PLAYFORD","CC WHYALLA.",2,1,0,0,1,2024,"March","Monday","11:42 am",60,"Sealed","Dry","Not Raining","Daylight","Right Turn",1,,,1239373,1883265.76
"2024-52203-19/09/2025","KINGSWOOD","CC MITCHAM.",2,1,0,0,1,2024,"March","Monday","12:15 pm",60,"Sealed","Dry","Not Raining","Daylight","Right Angle",2,,,1329157.96,1665444.79
"2024-52215-19/09/2025","DAVOREN PARK","CITY OF PLAYFORD.",3,1,0,0,1,2024,"March","Monday","05:51 pm",50,"Sealed","Dry","Not Raining","Daylight","Hit Fixed Object",1,,,1336607.16,1697239.33
"2024-52216-19/09/2025","WILLUNGA HILL","ALEXANDRINA COUNCIL",2,1,0,0,1,2024,"March","Monday","04:10 pm",100,"Sealed","Dry","Not Raining","Daylight","Rear End",2,,,1325569.19,1628736.92
"2024-52222-19/09/2025","WEST BEACH","CITY OF CHARLES STURT",2,1,0,1,0,2024,"March","Tuesday","07:55 am",50,"Sealed","Dry","Not Raining","Daylight","Rear End",1,,,1319315.77,1669690.51
"2024-52225-19/09/2025","BRIGHTON","CITY OF HOLDFAST BAY",2,1,0,1,0,2024,"March","Tuesday","08:30 am",50,"Sealed","Dry","Not Raining","Daylight","Rear End",2,,,1320377.94,1660782.75
"2024-52226-19/09/2025","URRBRAE","CC MITCHAM.",2,1,0,0,1,2024,"March","Tuesday","08:45 am",60,"Sealed","Dry","Not Raining","Daylight","Side Swipe",1,,,1330785.59,1665600.33
"2024-52228-19/09/2025","WINNINOWIE","DC MT.REMARKABLE.",2,2,1,1,0,2024,"March","Tuesday","07:54 am",110,"Sealed","Dry","Not Raining","Daylight","Head On",1,,,1275555.18,1927002.3
"2024-52229-19/09/2025","ADELAIDE","CITY OF ADELAIDE",1,1,0,1,0,2024,"March","Tuesday","10:20 am",50,"Sealed","Dry","Not Raining","Daylight","Roll Over",1,,,1328680.43,1671149.34
"2024-52232-19/09/2025","PORT LINCOLN","CC PT.LINCOLN.",4,1,0,1,0,2024,"March","Tuesday","11:50 am",50,"Sealed","Dry","Not Raining","Daylight","Right Angle",2,,,1077833.51,1698380.77
"2024-52234-19/09/2025","LOBETHAL","THE ADELAIDE HILLS COUNCIL",2,1,0,0,1,2024,"March","Tuesday","07:50 am",60,"Sealed","Dry","Not Raining","Daylight","Head On",2,,,1351691.34,1671436.37
"2024-52240-19/09/2025","HOVE","CITY OF HOLDFAST BAY",2,1,0,0,1,2024,"March","Tuesday","01:40 pm",60,"Sealed","Dry","Not Raining","Daylight","Rear End",1,,,1321118.14,1661667.46
"2024-52245-19/09/2025","EDINBURGH NORTH","CITY OF PLAYFORD.",4,1,0,0,1,2024,"March","Tuesday","03:05 pm",60,"Sealed","Dry","Not Raining","Daylight","Rear End",1,,,1335385.16,1694000.07
"2024-52250-19/09/2025","CAMPBELLTOWN","CC CAMPBELLTOWN.",2,1,0,0,1,2024,"March","Tuesday","04:54 pm",50,"Sealed","Dry","Not Raining","Daylight","Right Angle",1,,,1333975.11,1674652.66
"2024-52252-19/09/2025","INGLE FARM","CITY OF SALISBURY",2,1,0,1,0,2024,"March","Tuesday","04:45 pm",50,"Sealed","Dry","Not Raining","Daylight","Hit Parked Vehicle",1,,,1334109.41,1681474.92
"2024-52253-19/09/2025","MONTACUTE","THE ADELAIDE HILLS COUNCIL",2,2,0,0,2,2024,"March","Tuesday","04:30 pm",70,"Sealed","Dry","Not Raining","Daylight","Hit Fixed Object",1,,,1340719.03,1677941.14
"2024-52254-19/09/2025","LEABROOK","CITY OF BURNSIDE",2,1,0,0,1,2024,"March","Tuesday","06:55 pm",60,"Sealed","Dry","Not Raining","Daylight","Right Turn",1,,,1333904.19,1670291.81
"2024-52256-19/09/2025","GLENELG","CITY OF HOLDFAST BAY",1,1,0,0,1,2024,"March","Tuesday","07:20 pm",40,"Sealed","Dry","Not Raining","Daylight","Roll Over",1,,,1320712.38,1664891.54
"2024-52261-19/09/2025","PRICE","YORKE PENINSULA COUNCIL",2,1,0,0,1,2024,"March","Tuesday","04:35 pm",100,"Unsealed","Dry","Not Raining","Daylight","Head On",2,,,1273083.22,1739136
"2024-52263-19/09/2025","NORTH PLYMPTON","CITY OF WEST TORRENS",2,1,0,0,1,2024,"March","Wednesday","06:25 am",50,"Sealed","Dry","Not Raining","Night","Right Angle",1,,,1325015.56,1668243.76
"2024-52265-19/09/2025","KAPUNDA","LIGHT REGIONAL COUNCIL",2,1,0,0,1,2024,"March","Monday","05:40 pm",100,"Sealed","Dry","Not Raining","Daylight","Hit Fixed Object",1,,,1363113.47,1732793.75
"2024-52266-19/09/2025","PARAFIELD GARDENS","CITY OF SALISBURY",2,1,0,0,1,2024,"March","Wednesday","07:45 am",60,"Sealed","Dry","Not Raining","Daylight","Rear End",2,,,1330063.61,1685061.12
"2024-52269-19/09/2025","ST PETERS","CC OF NORWOOD,PAYNEHAM & ST PETERS",4,1,0,0,1,2024,"March","Tuesday","05:35 pm",60,"Sealed","Dry","Not Raining","Daylight","Rear End",1,,,1330860.01,1672730.64
"2024-52272-19/09/2025","LOCKLEYS","CITY OF WEST TORRENS",5,1,0,0,1,2024,"March","Wednesday","11:55 am",60,"Sealed","Dry","Not Raining","Daylight","Rear End",1,,,1322626.03,1671339.89
"2024-52275-19/09/2025","HOLDEN HILL","CITY OF TEA TREE GULLY",3,4,0,0,4,2024,"March","Wednesday","01:45 pm",50,"Sealed","Dry","Not Raining","Daylight","Hit Parked Vehicle",1,,,1335988.24,1679370
"2024-52281-19/09/2025","VALLEY VIEW","CITY OF PORT ADELAIDE ENFIELD",2,1,0,0,1,2024,"March","Wednesday","04:21 pm",60,"Sealed","Dry","Not Raining","Daylight","Rear End",1,,,1334550.17,1679386.94
"2024-52286-19/09/2025","ONKAPARINGA HEIGHTS","CITY OF ONKAPARINGA",2,3,0,0,3,2024,"March","Wednesday","03:35 pm",60,"Sealed","Dry","Not Raining","Daylight","Right Angle",2,,,1318663.13,1643636.35
"2024-52288-19/09/2025","MOUNT GAMBIER","CC MT.GAMBIER.",2,1,0,1,0,2024,"March","Wednesday","05:40 pm",40,"Sealed","Dry","Not Raining","Daylight","Hit Parked Vehicle",2,,,1508456.95,1339593.6
"2024-52289-19/09/2025","ELIZABETH DOWNS","CITY OF PLAYFORD.",2,1,0,0,1,2024,"March","Wednesday","06:00 pm",60,"Sealed","Dry","Not Raining","Daylight","Right Angle",1,,,1337669.75,1694705.23
"2024-52291-19/09/2025","EVERARD PARK","CITY OF UNLEY",2,1,0,0,1,2024,"March","Wednesday","04:45 pm",60,"Sealed","Dry","Not Raining","Daylight","Rear End",1,,,1326282.5,1668127.43
"2024-52292-19/09/2025","MELROSE PARK","CC MITCHAM.",2,1,0,0,1,2024,"March","Wednesday","06:10 pm",60,"Sealed","Dry","Not Raining","Daylight","Right Angle",1,,,1325946.77,1663934.06
"2024-52294-19/09/2025","WOODVILLE PARK","CITY OF CHARLES STURT",2,2,0,0,2,2024,"March","Wednesday","08:15 pm",60,"Sealed","Dry","Not Raining","Night","Hit Parked Vehicle",2,"Y",,1323589.72,1675158.93
"2024-52296-19/09/2025","DELAMERE","DC YANKALILLA.",2,3,0,2,1,2024,"March","Wednesday","03:21 pm",60,"Sealed","Dry","Not Raining","Daylight","Right Angle",1,,,1290513.35,1601146.57
"2024-52297-19/09/2025","FULLARTON","CITY OF UNLEY",3,1,0,0,1,2024,"March","Wednesday","09:02 pm",60,"Sealed","Dry","Not Raining","Night","Hit Parked Vehicle",1,,,1330942.13,1668138.85
"2024-52299-19/09/2025","WEST BEACH","CITY OF WEST TORRENS",2,1,0,1,0,2024,"March","Wednesday","10:50 pm",60,"Sealed","Dry","Not Raining","Night","Rear End",2,,,1320929.56,1668827.66
"2024-52300-19/09/2025","ROCKY GULLY","RC MURRAY BRIDGE.",2,1,0,0,1,2024,"March","Thursday","02:00 am",100,"Sealed","Dry","Not Raining","Night","Hit Fixed Object",1,"Y",,1384488.49,1647967
"2024-52306-19/09/2025","ADELAIDE","CITY OF ADELAIDE",2,1,0,0,1,2024,"March","Wednesday","09:40 am",50,"Sealed","Dry","Not Raining","Daylight","Side Swipe",1,,,1328956.12,1670783.86
"2024-52309-19/09/2025","VALLEY VIEW","CITY OF SALISBURY",2,1,0,0,1,2024,"March","Thursday","08:05 am",60,"Sealed","Dry","Not Raining","Daylight","Right Angle",2,,,1334180.39,1680525.47
"2024-52312-19/09/2025","NARACOORTE","DC NARACOORTE & LUCINDALE.",2,1,0,0,1,2024,"March","Thursday","11:09 am",60,"Sealed","Dry","Not Raining","Daylight","Right Angle",1,,,1510861.21,1437012.38
"2024-52314-19/09/2025","OAKLANDS PARK","CC MARION.",2,1,0,0,1,2024,"March","Thursday","11:44 am",60,"Sealed","Dry","Not Raining","Daylight","Right Angle",2,,,1322961.53,1661234.54
"2024-52317-19/09/2025","WATTLE FLAT","DC YANKALILLA.",2,1,0,0,1,2024,"March","Thursday","10:25 am",100,"Sealed","Dry","Not Raining","Daylight","Hit Fixed Object",1,,,1307215.49,1615207.32
"2024-52321-19/09/2025","CLAPHAM","CC MITCHAM.",2,1,0,0,1,2024,"March","Tuesday","04:30 pm",60,"Sealed","Dry","Not Raining","Daylight","Rear End",2,,,1328419.76,1663511.47
"2024-52324-19/09/2025","GAWLER EAST","CT GAWLER.",2,1,0,0,1,2024,"March","Thursday","08:05 am",80,"Sealed","Dry","Not Raining","Daylight","Side Swipe",2,,,1345547.21,1706599.34
"2024-52325-19/09/2025","RICHMOND","CITY OF WEST TORRENS",2,1,0,0,1,2024,"March","Thursday","01:30 pm",50,"Sealed","Dry","Not Raining","Daylight","Side Swipe",2,,,1324728.83,1669335.02
"2024-52332-19/09/2025","KILBURN","CITY OF PORT ADELAIDE ENFIELD",2,1,0,0,1,2024,"March","Wednesday","03:25 pm",50,"Sealed","Dry","Not Raining","Daylight","Rear End",2,,,1328034.6,1677748.45
"2024-52334-19/09/2025","WILLOW CREEK","DC YANKALILLA.",2,1,0,1,0,2024,"March","Thursday","06:30 pm",100,"Sealed","Dry","Not Raining","Daylight","Hit Fixed Object",1,,,1309108.2,1602030.29
"2024-52340-19/09/2025","HILLCREST","CITY OF PORT ADELAIDE ENFIELD",2,1,0,0,1,2024,"March","Friday","06:24 am",60,"Sealed","Dry","Not Raining","Night","Right Angle",1,,,1332189.08,1676680.17
"2024-52341-19/09/2025","HENLEY BEACH","CITY OF CHARLES STURT",2,1,0,0,1,2024,"March","Friday","07:31 am",50,"Sealed","Dry","Not Raining","Daylight","Right Angle",1,,,1318718.7,1673021.6
"2024-52346-19/09/2025","MILLSWOOD","CITY OF UNLEY",2,1,0,0,1,2024,"March","Friday","10:01 am",50,"Sealed","Dry","Not Raining","Daylight","Right Angle",2,,,1327473.12,1667380.9
"2024-52349-19/09/2025","QUEENSTOWN","CITY OF PORT ADELAIDE ENFIELD",2,1,0,0,1,2024,"March","Friday","10:47 am",60,"Sealed","Dry","Not Raining","Daylight","Right Angle",2,,,1320501.37,1678834.96
"2024-52357-19/09/2025","UNDERDALE","CITY OF WEST TORRENS",4,1,0,0,1,2024,"March","Friday","02:20 pm",60,"Sealed","Dry","Not Raining","Daylight","Rear End",2,,,1324176.99,1670940.67
"2024-52359-19/09/2025","FORESTVILLE","CITY OF UNLEY",2,1,0,0,1,2024,"March","Friday","03:15 pm",40,"Sealed","Dry","Not Raining","Daylight","Hit Pedestrian",2,,,1326348.77,1668145.53
"2024-52360-19/09/2025","AMERICAN RIVER","KANGAROO ISLAND COUNCIL",2,1,0,1,0,2024,"March","Friday","02:30 pm",50,"Sealed","Dry","Not Raining","Daylight","Hit Pedestrian",2,,,1250539.16,1577477.4
"2024-52363-19/09/2025","VALLEY VIEW","CITY OF TEA TREE GULLY",2,1,0,0,1,2024,"March","Friday","04:30 pm",60,"Sealed","Dry","Not Raining","Daylight","Right Turn",2,,,1335285.41,1679409.95
"2024-52369-19/09/2025","GAWLER EAST","CT GAWLER.",2,1,0,0,1,2024,"March","Friday","06:35 pm",50,"Sealed","Dry","Not Raining","Daylight","Right Angle",2,,,1344864.05,1706515.47
"2024-52370-19/09/2025","ADELAIDE","CITY OF ADELAIDE",2,1,0,1,0,2024,"March","Friday","12:20 pm",50,"Sealed","Dry","Not Raining","Daylight","Hit Parked Vehicle",2,,,1328934.71,1669584.51
"2024-52371-19/09/2025","MIDDLETON","ALEXANDRINA COUNCIL",2,1,0,0,1,2024,"March","Friday","09:14 pm",50,"Sealed","Dry","Not Raining","Night","Hit Fixed Object",1,,,1335768.81,1606114.82
"2024-52372-19/09/2025","MYLOR","THE ADELAIDE HILLS COUNCIL",3,2,0,1,1,2024,"March","Friday","10:05 pm",80,"Sealed","Dry","Not Raining","Night","Hit Animal",2,,,1340564.21,1656390.59
"2024-52373-19/09/2025","POORAKA","CITY OF SALISBURY",2,2,0,0,2,2024,"March","Saturday","12:55 am",70,"Sealed","Dry","Not Raining","Night","Rear End",2,,,1330499.62,1681832.25
"2024-52374-19/09/2025","POONINDIE","DC LOWER EYRE PENINSULA",2,1,0,0,1,2024,"March","Saturday","06:30 am",110,"Sealed","Dry","Not Raining","Night","Hit Animal",1,,,1081730.55,1715688.09
"2024-52376-19/09/2025","KENSINGTON GARDENS","CITY OF BURNSIDE",2,2,0,1,1,2024,"March","Saturday","09:40 am",60,"Sealed","Dry","Not Raining","Daylight","Rear End",2,,,1334218.47,1670470.05
"2024-52380-19/09/2025","NETLEY","CITY OF WEST TORRENS",2,1,0,1,0,2024,"March","Saturday","10:13 am",60,"Sealed","Dry","Not Raining","Daylight","Right Turn",2,,"Y",1324181.88,1668334.18
"2024-52399-19/09/2025","PORT PIRIE SOUTH","PT.PIRIE CITY & DIST. COUNCIL",2,1,0,0,1,2024,"March","Sunday","08:20 am",60,"Sealed","Dry","Not Raining","Daylight","Rear End",1,,,1280444.23,1862883.99
"2024-52400-19/09/2025","BOOBOROWIE","REGIONAL COUNCIL OF GOYDER",1,1,0,0,1,2024,"March","Thursday","05:45 am",100,"Sealed","Dry","Not Raining","Night","Roll Over",1,,,1347537.67,1816439.67
"2024-52402-19/09/2025","ST CLAIR","CITY OF CHARLES STURT",2,1,0,0,1,2024,"March","Sunday","11:02 am",60,"Sealed","Dry","Not Raining","Daylight","Right Angle",1,,,1322800.93,1677345.13
"2024-52405-19/09/2025","FLINDERS RANGES",,1,1,0,1,0,2024,"March","Sunday","10:05 am",100,"Unsealed","Dry","Not Raining","Daylight","Other",1,,,1345525.45,2051636.62
"2024-52409-19/09/2025","SALISBURY EAST","CITY OF SALISBURY",3,1,0,0,1,2024,"March","Sunday","06:13 pm",60,"Sealed","Dry","Not Raining","Daylight","Right Angle",1,,"Y",1334545.89,1685116.02
"2024-52410-19/09/2025","TRANMERE","CC CAMPBELLTOWN.",2,1,0,0,1,2024,"March","Sunday","05:35 pm",60,"Sealed","Dry","Not Raining","Daylight","Hit Pedestrian",1,,,1333815.22,1673627.37
"2024-52414-19/09/2025","INGLEWOOD","THE ADELAIDE HILLS COUNCIL",2,1,0,1,0,2024,"March","Wednesday","03:45 pm",50,"Sealed","Dry","Not Raining","Daylight","Head On",1,,,1344424.61,1681399.89
"2024-52416-19/09/2025","MOUNT GAMBIER","CC MT.GAMBIER.",2,1,0,1,0,2024,"March","Sunday","09:20 am",50,"Sealed","Dry","Not Raining","Daylight","Hit Pedestrian",2,,,1509850.27,1339681.38
"2024-52418-19/09/2025","ADELAIDE","CITY OF ADELAIDE",2,1,0,1,0,2024,"March","Sunday","10:30 pm",60,"Sealed","Dry","Not Raining","Night","Hit Pedestrian",2,"Y",,1329814.46,1670695.94
"2024-52419-19/09/2025","GILLMAN","CITY OF PORT ADELAIDE ENFIELD",2,1,0,0,1,2024,"March","Sunday","08:30 pm",60,"Sealed","Dry","Not Raining","Night","Side Swipe",2,,,1321734.9,1680581.28
"2024-52422-19/09/2025","ADELAIDE","CITY OF ADELAIDE",2,1,0,0,1,2024,"March","Monday","03:18 am",40,"Sealed","Dry","Not Raining","Night","Hit Pedestrian",2,,,1328090.73,1670921.27
"2024-52424-19/09/2025","ROYSTON PARK","CC OF NORWOOD,PAYNEHAM & ST PETERS",2,2,0,0,2,2024,"March","Monday","12:39 pm",60,"Sealed","Dry","Not Raining","Daylight","Right Angle",2,,,1332039.28,1673635.81
"2024-52425-19/09/2025","ADELAIDE","CITY OF ADELAIDE",2,1,0,0,1,2024,"March","Monday","12:30 pm",50,"Sealed","Dry","Not Raining","Daylight","Right Angle",2,,,1327363.68,1670328.29
"2024-52432-19/09/2025","MONARTO","RC MURRAY BRIDGE.",3,2,0,1,1,2024,"March","Monday","01:52 pm",100,"Sealed","Dry","Not Raining","Daylight","Hit Fixed Object",1,,,1374491.66,1653154.4
"2024-52436-19/09/2025","PLYMPTON","CITY OF WEST TORRENS",2,1,0,1,0,2024,"March","Monday","11:58 pm",60,"Sealed","Dry","Not Raining","Night","Hit Pedestrian",2,"Y",,1324505.69,1666763.06
"2024-52448-19/09/2025","WEST HINDMARSH","CITY OF CHARLES STURT",3,1,0,0,1,2024,"March","Tuesday","10:18 am",60,"Sealed","Dry","Not Raining","Daylight","Rear End",1,,,1325353.12,1672528.94
"2024-52449-19/09/2025","BURRA","REGIONAL COUNCIL OF GOYDER",1,1,0,0,1,2024,"March","Sunday","12:00 pm",110,"Sealed","Dry","Not Raining","Daylight","Roll Over",1,,,1361440.25,1813605.8
"2024-52451-19/09/2025","ADELAIDE","CITY OF ADELAIDE",2,1,0,0,1,2024,"March","Saturday","02:30 pm",50,"Sealed","Dry","Not Raining","Daylight","Right Turn",2,,,1327749.82,1670495.92
"2024-52454-19/09/2025","CLOVELLY PARK","CC MARION.",2,2,0,0,2,2024,"March","Tuesday","03:05 pm",60,"Sealed","Dry","Not Raining","Daylight","Right Angle",2,,,1325752.53,1663310.96
"2024-52462-19/09/2025","LONSDALE","CITY OF ONKAPARINGA",2,1,0,0,1,2024,"March","Tuesday","06:15 am",50,"Sealed","Dry","Not Raining","Night","Right Turn",2,,,1319357.36,1650930.72
"2024-52469-19/09/2025","NORTH ADELAIDE","CITY OF ADELAIDE",2,1,0,1,0,2024,"March","Tuesday","09:08 pm",50,"Sealed","Dry","Not Raining","Night","Right Turn",2,,,1329104.9,1672640.89
"2024-52472-19/09/2025","COWANDILLA","CITY OF WEST TORRENS",3,1,0,1,0,2024,"March","Wednesday","04:45 am",60,"Sealed","Dry","Not Raining","Night","Hit Fixed Object",1,,"Y",1324776.36,1670065.31
"2024-52473-19/09/2025","ADELAIDE","CITY OF ADELAIDE",2,1,0,0,1,2024,"March","Wednesday","07:22 am",50,"Sealed","Dry","Not Raining","Daylight","Side Swipe",2,,,1328955.17,1670833.09
"2024-52475-19/09/2025","CROYDON PARK","CITY OF PORT ADELAIDE ENFIELD",4,1,0,1,0,2024,"March","Wednesday","08:10 am",60,"Sealed","Dry","Not Raining","Daylight","Hit Fixed Object",1,,,1326049.94,1675467.42
"2024-52476-19/09/2025","ELIZABETH","CITY OF PLAYFORD.",2,2,0,0,2,2024,"March","Wednesday","08:55 am",25,"Sealed","Dry","Not Raining","Daylight","Right Angle",1,,,1335151.37,1692895.06
"2024-52480-19/09/2025","PROSPECT","CITY OF PROSPECT",2,1,0,0,1,2024,"March","Wednesday","01:45 pm",60,"Sealed","Dry","Not Raining","Daylight","Rear End",1,,,1327241.53,1676403.39
"2024-52481-19/09/2025","BROMPTON","CITY OF CHARLES STURT",2,1,0,0,1,2024,"March","Wednesday","11:51 am",60,"Sealed","Dry","Not Raining","Daylight","Right Angle",1,,,1326644.89,1674317.59
"2024-52484-19/09/2025","HANSBOROUGH","LIGHT REGIONAL COUNCIL",3,2,0,2,0,2024,"March","Wednesday","12:52 pm",100,"Sealed","Dry","Not Raining","Daylight","Hit Fixed Object",1,,,1370862.34,1744881.13
"2024-52487-19/09/2025","URRBRAE","CC MITCHAM.",2,2,0,0,2,2024,"March","Wednesday","02:40 pm",60,"Sealed","Dry","Not Raining","Daylight","Right Angle",1,,,1330776.26,1665961.64
"2024-52488-19/09/2025","WHYALLA NORRIE","CC WHYALLA.",2,1,0,0,1,2024,"March","Wednesday","01:00 pm",60,"Sealed","Dry","Not Raining","Daylight","Right Angle",2,,,1237508.99,1883448.58
"2024-52490-19/09/2025","NAIRNE","DC MT.BARKER.",2,1,0,0,1,2024,"March","Wednesday","03:22 pm",50,"Sealed","Dry","Not Raining","Daylight","Hit Parked Vehicle",1,,,1356779.12,1656467.37
"2024-52492-19/09/2025","PARADISE","CC CAMPBELLTOWN.",2,2,0,0,2,2024,"March","Wednesday","03:58 pm",60,"Sealed","Dry","Not Raining","Daylight","Right Turn",2,,,1335624.13,1676678.29
"2024-52495-19/09/2025","OAKLANDS PARK","CC MARION.",2,1,0,0,1,2024,"March","Wednesday","04:30 pm",60,"Sealed","Dry","Not Raining","Daylight","Right Angle",2,,,1323063.16,1661158.65
"2024-52496-19/09/2025","BLAIR ATHOL","CITY OF PORT ADELAIDE ENFIELD",2,1,0,0,1,2024,"March","Wednesday","04:15 pm",60,"Sealed","Dry","Not Raining","Daylight","Rear End",1,,,1328361.66,1679263.58
"2024-52499-19/09/2025","PORT ADELAIDE","CITY OF PORT ADELAIDE ENFIELD",2,1,0,0,1,2024,"March","Wednesday","05:55 pm",50,"Sealed","Dry","Not Raining","Daylight","Head On",1,,,1319663.8,1679870.1
"2024-52500-19/09/2025","PARAFIELD GARDENS","CITY OF SALISBURY",2,4,0,2,2,2024,"March","Wednesday","05:30 pm",50,"Sealed","Dry","Not Raining","Daylight","Hit Fixed Object",1,,,1329354.13,1687470.88
"2024-52502-19/09/2025","HOLDEN HILL","CITY OF PORT ADELAIDE ENFIELD",3,2,0,0,2,2024,"March","Wednesday","03:49 pm",60,"Sealed","Dry","Not Raining","Daylight","Rear End",1,"Y",,1334546.04,1678461.37
"2024-52506-19/09/2025","MURTHO","DC RENMARK PARINGA",1,1,0,0,1,2024,"March","Wednesday","05:12 pm",100,"Sealed","Dry","Not Raining","Daylight","Left Road - Out of Control",1,,,1541420.66,1759466.01
"2024-52512-19/09/2025","LONSDALE","CITY OF ONKAPARINGA",2,1,0,0,1,2024,"March","Thursday","07:06 am",70,"Sealed","Wet","Raining","Night","Right Angle",2,,"Y",1318159.01,1649780.61
"2024-52513-19/09/2025","FULHAM","CITY OF WEST TORRENS",2,1,0,0,1,2024,"March","Thursday","06:59 am",60,"Sealed","Wet","Raining","Night","Right Turn",1,,,1320981.07,1670844.76
"2024-52518-19/09/2025","SOUTH PLYMPTON","CC MARION.",2,1,0,0,1,2024,"March","Thursday","09:00 am",60,"Sealed","Wet","Raining","Daylight","Right Turn",1,,,1324250.89,1665702.92
"2024-52519-19/09/2025","MARRYATVILLE","CC OF NORWOOD,PAYNEHAM & ST PETERS",2,1,0,0,1,2024,"February","Wednesday","08:26 am",60,"Sealed","Dry","Not Raining","Daylight","Right Turn",2,,,1332276.18,1670409.77
"2024-52520-19/09/2025","PETERHEAD","CITY OF PORT ADELAIDE ENFIELD",2,1,0,0,1,2024,"March","Thursday","08:47 am",50,"Sealed","Wet","Raining","Daylight","Right Angle",1,,,1319369.9,1681621.97
"2024-52532-19/09/2025","PLYMPTON","CITY OF WEST TORRENS",2,1,0,0,1,2024,"March","Wednesday","08:00 am",60,"Sealed","Dry","Not Raining","Daylight","Side Swipe",2,,,1324163.23,1666532.88
"2024-52535-19/09/2025","WEST CROYDON","CITY OF CHARLES STURT",2,1,0,0,1,2024,"March","Thursday","12:15 pm",60,"Sealed","Dry","Not Raining","Daylight","Hit Fixed Object",1,,,1325224.47,1675444.78
"2024-52538-19/09/2025","GLENELG","CITY OF HOLDFAST BAY",2,1,0,1,0,2024,"March","Thursday","12:35 pm",50,"Sealed","Dry","Not Raining","Daylight","Side Swipe",2,,,1320387.82,1664386.07
"2024-52543-19/09/2025","MARLESTON","CITY OF WEST TORRENS",2,1,0,1,0,2024,"March","Thursday","02:20 pm",60,"Sealed","Dry","Not Raining","Daylight","Side Swipe",1,,"Y",1325795.89,1668846.99
"2024-52545-19/09/2025","TUSMORE","CITY OF BURNSIDE",2,2,0,0,2,2024,"March","Thursday","02:20 pm",60,"Sealed","Dry","Not Raining","Daylight","Right Angle",2,,,1332294.36,1669515.76
"2024-52547-19/09/2025","REGENCY PARK","CITY OF PORT ADELAIDE ENFIELD",1,1,0,0,1,2024,"March","Thursday","02:50 pm",60,"Sealed","Dry","Not Raining","Daylight","Roll Over",1,,,1325605.74,1678215.46
"2024-52556-19/09/2025","COROMANDEL VALLEY","CC MITCHAM.",2,1,0,0,1,2024,"March","Thursday","05:57 pm",60,"Sealed","Dry","Not Raining","Daylight","Right Angle",2,,,1330444.91,1658853.44
"2024-52557-19/09/2025","MYPONGA","DC YANKALILLA.",2,1,0,0,1,2024,"March","Thursday","04:15 pm",100,"Sealed","Dry","Not Raining","Daylight","Head On",1,,,1310300.39,1617456.86
"2024-52559-19/09/2025","MURRAY BRIDGE","RC MURRAY BRIDGE.",2,1,0,1,0,2024,"March","Thursday","10:41 pm",50,"Sealed","Dry","Not Raining","Night","Hit Pedestrian",2,,,1390235.49,1644048.31
"2024-52560-19/09/2025","STURT","CC MARION.",2,1,0,0,1,2024,"March","Thursday","11:32 pm",60,"Sealed","Dry","Not Raining","Night","Right Turn",1,,,1323563.31,1660655.55
"2024-52564-19/09/2025","CHAPMAN BORE","RC MURRAY BRIDGE.",2,1,0,0,1,2024,"March","Friday","05:05 am",110,"Sealed","Dry","Not Raining","Night","Hit Fixed Object",1,,"Y",1414813.35,1644952.5
"2024-52569-19/09/2025","WEST CROYDON","CITY OF CHARLES STURT",5,1,0,0,1,2024,"March","Friday","10:17 am",60,"Sealed","Dry","Not Raining","Daylight","Hit Parked Vehicle",1,,,1325010.24,1675613.46
"2024-52574-19/09/2025","ASHTON","THE ADELAIDE HILLS COUNCIL",2,1,0,0,1,2024,"March","Friday","12:50 pm",80,"Sealed","Dry","Not Raining","Daylight","Hit Fixed Object",1,,,1341718.92,1669290.09