"REPORT_ID","Suburb","LGA Name","Total Units","Total Cas","Total Fats","Total SI","Total MI","Year","Month","Day","Time","Area Speed","Road Surface","Moisture Cond","Weather Cond","DayNight","Crash Type","Unit Resp","DUI Involved","Drugs Involved","ACCLOC_X","ACCLOC_Y"
"2024-52576-19/09/2025","NORWOOD","CC OF NORWOOD,PAYNEHAM & ST PETERS",2,1,0,0,1,2024,"March","Friday","01:00 pm",60,"Sealed","Dry","Not Raining","Daylight","Right Angle",2,,,1330623.32,1670361.88
"2024-52577-19/09/2025","VICTOR HARBOR","DC VICTOR HARBOR.",2,1,0,0,1,2024,"March","Friday","02:15 pm",50,"Sealed","Dry","Not Raining","Daylight","Right Angle",2,,,1328282.24,1601277.02
"2024-52579-19/09/2025","MITCHELL PARK","CC MARION.",4,1,0,0,1,2024,"March","Friday","02:59 pm",60,"Sealed","Dry","Not Raining","Daylight","Rear End",1,,,1324404.87,1660918.57
"2024-52580-19/09/2025","SOUTH BRIGHTON","CITY OF HOLDFAST BAY",2,1,0,0,1,2024,"March","Thursday","04:50 pm",60,"Sealed","Dry","Not Raining","Daylight","Right Angle",2,,,1321164.72,1660093.65
"2024-52581-19/09/2025","POORAKA","CITY OF SALISBURY",2,1,0,0,1,2024,"March","Friday","03:10 pm",70,"Sealed","Dry","Not Raining","Daylight","Rear End",1,,,1330114.44,1681786.99
"2024-52585-19/09/2025","PARK HOLME","CC MARION.",2,1,0,0,1,2024,"February","Friday","01:57 pm",60,"Sealed","Dry","Not Raining","Daylight","Hit Parked Vehicle",2,,,1324314.27,1663956.09
"2024-52602-19/09/2025","MACDONALD PARK","CITY OF PLAYFORD.",2,1,0,0,1,2024,"March","Friday","11:40 pm",110,"Sealed","Dry","Not Raining","Night","Rear End",1,,,1334344.58,1699719.26
"2024-52604-19/09/2025","BASKET RANGE","THE ADELAIDE HILLS COUNCIL",2,1,0,1,0,2024,"March","Saturday","08:15 am",80,"Sealed","Dry","Not Raining","Daylight","Head On",2,,,1343484.04,1669731.25
"2024-52607-19/09/2025","HAHNDORF","DC MT.BARKER.",1,1,0,0,1,2024,"March","Saturday","08:12 am",80,"Sealed","Dry","Not Raining","Daylight","Roll Over",1,,,1345902.71,1659562.1
"2024-52610-19/09/2025","TRINITY GARDENS","CC OF NORWOOD,PAYNEHAM & ST PETERS",2,1,0,0,1,2024,"March","Saturday","08:20 am",60,"Sealed","Dry","Not Raining","Daylight","Side Swipe",2,,,1332279.6,1671762.82
"2024-52611-19/09/2025","MCHARG CREEK","ALEXANDRINA COUNCIL",2,1,0,0,1,2024,"March","Friday","04:00 pm",100,"Sealed","Dry","Not Raining","Daylight","Hit Fixed Object",1,,,1340734.43,1632690.09
"2024-52618-19/09/2025","HAWTHORNDENE","CC MITCHAM.",2,1,0,0,1,2024,"March","Saturday","01:04 pm",50,"Sealed","Dry","Not Raining","Daylight","Hit Pedestrian",1,,,1330170.01,1659982.21
"2024-52619-19/09/2025","SEAFORD","CITY OF ONKAPARINGA",2,1,0,0,1,2024,"March","Friday","06:50 pm",60,"Sealed","Dry","Not Raining","Daylight","Rear End",2,,,1317538.4,1641764.04
"2024-52624-19/09/2025","KENSINGTON","CC OF NORWOOD,PAYNEHAM & ST PETERS",2,1,0,0,1,2024,"March","Saturday","02:26 pm",50,"Sealed","Dry","Not Raining","Daylight","Rear End",2,,,1332259.75,1671076.47
"2024-52628-19/09/2025","EDINBURGH NORTH","CITY OF PLAYFORD.",2,1,0,0,1,2024,"February","Wednesday","11:00 am",60,"Sealed","Unknown","Unknown","Daylight","Rear End",2,,,1335231.45,1695330.11
"2024-52629-19/09/2025","DAW PARK","CC MITCHAM.",2,1,0,0,1,2024,"March","Saturday","01:40 pm",60,"Sealed","Dry","Not Raining","Daylight","Side Swipe",1,,,1327580.39,1664040.06
"2024-52635-19/09/2025","ST IVES","DC MT.BARKER.",2,1,0,0,1,2024,"March","Saturday","02:45 pm",110,"Sealed","Wet","Raining","Daylight","Hit Fixed Object",1,,,1361662.05,1649898.74
"2024-52636-19/09/2025","CROYDON","CITY OF CHARLES STURT",3,1,0,0,1,2024,"March","Saturday","05:30 pm",80,"Sealed","Dry","Not Raining","Daylight","Hit Fixed Object",1,,,1325752.6,1674376.54
"2024-52639-19/09/2025","OTTOWAY","CITY OF PORT ADELAIDE ENFIELD",2,1,0,0,1,2024,"March","Saturday","06:25 pm",60,"Sealed","Dry","Not Raining","Daylight","Right Angle",2,,,1322466.31,1679127.9
"2024-52647-19/09/2025","PENFIELD","CITY OF PLAYFORD.",2,3,0,2,1,2024,"March","Sunday","12:30 am",60,"Sealed","Dry","Not Raining","Night","Head On",1,"Y","Y",1333302.17,1696434.86
"2024-52650-19/09/2025","VICTOR HARBOR","DC VICTOR HARBOR.",2,1,0,0,1,2024,"March","Sunday","08:00 am",100,"Sealed","Dry","Not Raining","Daylight","Hit Fixed Object",1,,,1326566.58,1601091.48
"2024-52653-19/09/2025","PARACOMBE","THE ADELAIDE HILLS COUNCIL",2,1,0,1,0,2024,"March","Saturday","01:40 pm",80,"Sealed","Dry","Not Raining","Daylight","Hit Fixed Object",1,,,1344283.17,1676887.84
"2024-52654-19/09/2025","CHANDLERS HILL","CITY OF ONKAPARINGA",3,1,0,0,1,2024,"March","Saturday","02:00 pm",60,"Sealed","Dry","Not Raining","Daylight","Rear End",1,,,1328795.87,1652854.18
"2024-52656-19/09/2025","NORTH ADELAIDE","CITY OF ADELAIDE",3,1,0,0,1,2024,"March","Sunday","09:53 am",60,"Sealed","Wet","Not Raining","Daylight","Side Swipe",2,,,1328300.99,1673623.3
"2024-52660-19/09/2025","TAPEROO","CITY OF PORT ADELAIDE ENFIELD",2,1,0,0,1,2024,"March","Sunday","12:10 pm",60,"Sealed","Dry","Not Raining","Daylight","Right Angle",1,,,1319950.42,1684408.74
"2024-52662-19/09/2025","MCLAREN FLAT","CITY OF ONKAPARINGA",1,1,0,0,1,2024,"March","Sunday","02:00 pm",80,"Sealed","Dry","Not Raining","Daylight","Roll Over",1,,,1330693.17,1640273.07
"2024-52666-19/09/2025","SUMMERTOWN","THE ADELAIDE HILLS COUNCIL",1,1,0,1,0,2024,"March","Sunday","04:00 pm",80,"Sealed","Dry","Not Raining","Daylight","Roll Over",1,,,1339178.82,1666974.6
"2024-52669-19/09/2025","MORPHETT VALE","CITY OF ONKAPARINGA",3,1,0,1,0,2024,"March","Sunday","04:30 pm",60,"Sealed","Dry","Not Raining","Daylight","Hit Pedestrian",1,,,1320801.83,1649043.27
"2024-52672-19/09/2025","TOORAK GARDENS","CITY OF BURNSIDE",2,2,0,2,0,2024,"March","Sunday","06:40 pm",60,"Sealed","Dry","Not Raining","Daylight","Right Turn",1,,,1331982.58,1669046.35
"2024-52676-19/09/2025","CLARENDON","CITY OF ONKAPARINGA",2,3,0,1,2,2024,"March","Sunday","09:49 pm",50,"Sealed","Dry","Not Raining","Night","Head On",2,"Y","Y",1330347.86,1650369.96
"2024-52678-19/09/2025","HACKHAM WEST","CITY OF ONKAPARINGA",2,1,0,0,1,2024,"March","Monday","12:54 am",60,"Sealed","Dry","Not Raining","Night","Hit Fixed Object",1,"Y",,1320389.64,1647516.2
"2024-52679-19/09/2025","ENFIELD","CITY OF PORT ADELAIDE ENFIELD",2,1,0,0,1,2024,"March","Monday","12:47 am",50,"Sealed","Dry","Not Raining","Night","Roll Over",1,"Y",,1328924.61,1676617.5
"2024-52681-19/09/2025","WINGFIELD","CITY OF PORT ADELAIDE ENFIELD",2,1,0,0,1,2024,"March","Monday","06:25 am",90,"Sealed","Dry","Not Raining","Night","Hit Fixed Object",1,,,1325551.03,1679691.46
"2024-52683-19/09/2025","GAWLER","CT GAWLER.",2,1,0,0,1,2024,"March","Monday","06:55 am",50,"Sealed","Dry","Not Raining","Night","Head On",2,,,1343359.26,1706965.62
"2024-52687-19/09/2025","MOUNT GAMBIER","CC MT.GAMBIER.",2,1,0,0,1,2024,"March","Monday","08:20 am",60,"Sealed","Dry","Not Raining","Daylight","Right Angle",1,,,1510787.59,1343114.23
"2024-52691-19/09/2025","SALISBURY DOWNS","CITY OF SALISBURY",2,1,0,0,1,2024,"March","Sunday","08:40 pm",60,"Sealed","Dry","Not Raining","Night","Right Turn",2,,,1331570.87,1686736.7
"2024-52699-19/09/2025","SALISBURY EAST","CITY OF SALISBURY",2,1,0,0,1,2024,"March","Monday","01:45 pm",60,"Sealed","Dry","Not Raining","Daylight","Rear End",2,,"Y",1334187.12,1684637.49
"2024-52701-19/09/2025","GAWLER SOUTH","CT GAWLER.",2,1,0,0,1,2024,"March","Monday","12:48 pm",50,"Sealed","Dry","Not Raining","Daylight","Right Angle",1,,,1342484.23,1705604.76
"2024-52702-19/09/2025","ECHUNGA","DC MT.BARKER.",2,1,1,0,0,2024,"March","Monday","02:15 pm",60,"Sealed","Dry","Not Raining","Daylight","Hit Fixed Object",1,,,1345415.22,1650490.23
"2024-52704-19/09/2025","SALISBURY","CITY OF SALISBURY",3,1,0,0,1,2024,"March","Monday","03:56 pm",60,"Sealed","Dry","Not Raining","Daylight","Rear End",1,,,1332782.42,1688511.32
"2024-52715-19/09/2025","NETLEY","CITY OF WEST TORRENS",2,1,0,1,0,2024,"March","Monday","05:06 pm",60,"Sealed","Dry","Not Raining","Daylight","Right Turn",1,,,1324175.25,1668909.78
"2024-52716-19/09/2025","RENMARK","DC RENMARK PARINGA",3,1,0,0,1,2024,"March","Monday","05:30 pm",50,"Sealed","Dry","Not Raining","Daylight","Side Swipe",1,,,1528870.39,1745187.94
"2024-52720-19/09/2025","CROYDON PARK","CITY OF PORT ADELAIDE ENFIELD",2,1,0,0,1,2024,"March","Monday","11:30 am",60,"Sealed","Dry","Not Raining","Daylight","Rear End",2,,,1326370.09,1676373.17
"2024-52725-19/09/2025","PENRICE","THE BAROSSA COUNCIL.",2,1,0,0,1,2024,"March","Tuesday","07:00 am",100,"Sealed","Dry","Not Raining","Night","Hit Animal",2,,,1371779.46,1717299.93
"2024-52730-19/09/2025","MODBURY","CITY OF TEA TREE GULLY",2,1,0,0,1,2024,"March","Tuesday","08:22 am",60,"Sealed","Dry","Not Raining","Daylight","Rear End",1,,,1336055.07,1680593.17
"2024-52735-19/09/2025","KILBURN","CITY OF PORT ADELAIDE ENFIELD",2,2,0,0,2,2024,"March","Monday","01:30 pm",60,"Sealed","Dry","Not Raining","Daylight","Right Turn",2,,,1327206.14,1677437.48
"2024-52737-19/09/2025","HAWTHORNDENE","CC MITCHAM.",1,1,0,1,0,2024,"October","Friday","01:00 pm",50,"Sealed","Dry","Not Raining","Daylight","Roll Over",9,,,1330046.87,1659778.23
"2024-52739-19/09/2025","WHITE SANDS","RC MURRAY BRIDGE.",3,1,0,0,1,2024,"March","Tuesday","11:07 am",100,"Sealed","Dry","Not Raining","Daylight","Hit Fixed Object",1,,"Y",1391885.85,1639565.82
"2024-52741-19/09/2025","PARAFIELD GARDENS","CITY OF SALISBURY",2,1,0,0,1,2024,"March","Tuesday","12:30 pm",60,"Sealed","Dry","Not Raining","Daylight","Rear End",1,,,1330490.95,1685618.81
"2024-52749-19/09/2025","PANORAMA","CC MITCHAM.",2,1,0,0,1,2024,"February","Wednesday","05:05 pm",60,"Sealed","Dry","Not Raining","Daylight","Rear End",2,,,1327580.8,1663430.02
"2024-52755-19/09/2025","CLAPHAM","CC MITCHAM.",3,1,0,0,1,2024,"March","Tuesday","05:40 pm",60,"Sealed","Dry","Not Raining","Daylight","Rear End",1,,,1328528.48,1663514.51
"2024-52756-19/09/2025","ANANGU PITJANTJATJARA YANKUNYTJATJARA",,2,1,0,0,1,2024,"March","Tuesday","04:28 pm",100,"Unsealed","Dry","Not Raining","Daylight","Hit Fixed Object",1,,,711340.24,2570843.03
"2024-52760-19/09/2025","ENFIELD","CITY OF PORT ADELAIDE ENFIELD",2,1,0,0,1,2024,"March","Tuesday","08:33 pm",50,"Sealed","Dry","Not Raining","Night","Hit Parked Vehicle",1,"Y",,1329227.06,1678722.64
"2024-52764-19/09/2025","GLYNDE","CC OF NORWOOD,PAYNEHAM & ST PETERS",2,1,0,0,1,2024,"March","Wednesday","07:55 am",60,"Sealed","Dry","Not Raining","Daylight","Right Turn",1,,,1333398.24,1674342.27
"2024-52765-19/09/2025","PARAFIELD GARDENS","CITY OF SALISBURY",2,1,0,0,1,2024,"March","Wednesday","08:33 am",50,"Sealed","Dry","Not Raining","Daylight","Right Angle",2,,,1329270.4,1687415.59
"2024-52766-19/09/2025","ARTHURTON","YORKE PENINSULA COUNCIL",3,1,0,0,1,2024,"March","Tuesday","12:45 pm",100,"Sealed","Dry","Not Raining","Daylight","Hit Fixed Object",1,,"Y",1253625.81,1749110.62
"2024-52767-19/09/2025","SOUTH PLYMPTON","CC MARION.",2,1,0,0,1,2024,"March","Wednesday","09:45 am",60,"Sealed","Dry","Not Raining","Daylight","Side Swipe",1,,,1324275.09,1664962.1
"2024-52768-19/09/2025","CHAIN OF PONDS","THE ADELAIDE HILLS COUNCIL",2,1,0,0,1,2024,"March","Wednesday","07:07 am",80,"Sealed","Dry","Not Raining","Night","Hit Fixed Object",1,,,1351992.69,1681392.26
"2024-52771-19/09/2025","GLENELG NORTH","CITY OF HOLDFAST BAY",2,1,0,0,1,2024,"March","Tuesday","04:10 pm",50,"Sealed","Dry","Not Raining","Daylight","Right Angle",1,,,1320596.43,1666689.58
"2024-52773-19/09/2025","FIRLE","CC OF NORWOOD,PAYNEHAM & ST PETERS",2,1,0,0,1,2024,"March","Wednesday","11:00 am",60,"Sealed","Dry","Not Raining","Daylight","Right Angle",1,,,1333828.96,1672697.56
"2024-52776-19/09/2025","NURIOOTPA","THE BAROSSA COUNCIL.",2,1,0,0,1,2024,"March","Wednesday","12:40 pm",50,"Sealed","Dry","Not Raining","Daylight","Hit Parked Vehicle",2,,,1366483.94,1719622.15
"2024-52777-19/09/2025","DAW PARK","CC MITCHAM.",3,1,0,0,1,2024,"March","Wednesday","01:35 pm",60,"Sealed","Dry","Not Raining","Daylight","Rear End",1,,,1327562.56,1664181.51
"2024-52781-19/09/2025","NORTON SUMMIT","THE ADELAIDE HILLS COUNCIL",2,1,0,1,0,2024,"March","Wednesday","08:50 am",80,"Sealed","Dry","Not Raining","Daylight","Right Turn",1,,,1340474.48,1669890.89
"2024-52787-19/09/2025","WYNN VALE","CITY OF TEA TREE GULLY",3,3,0,0,3,2024,"March","Wednesday","03:23 pm",70,"Sealed","Dry","Not Raining","Daylight","Right Turn",1,,,1336880.89,1684611.96
"2024-52788-19/09/2025","UNLEY","CITY OF UNLEY",2,1,0,0,1,2024,"March","Wednesday","03:50 pm",50,"Sealed","Dry","Not Raining","Daylight","Hit Pedestrian",1,,,1328378.35,1668095.31
"2024-52789-19/09/2025","KIDMAN PARK","CITY OF CHARLES STURT",3,1,0,0,1,2024,"March","Wednesday","03:58 pm",60,"Sealed","Dry","Not Raining","Daylight","Hit Parked Vehicle",1,,,1321634.86,1673102.73
"2024-52794-19/09/2025","MITCHELL PARK","CC MARION.",2,1,0,1,0,2024,"March","Wednesday","02:12 pm",60,"Sealed","Dry","Not Raining","Daylight","Hit Pedestrian",1,,,1324358.19,1662127.7
"2024-52799-19/09/2025","DAVOREN PARK","CITY OF PLAYFORD.",2,1,0,0,1,2024,"March","Wednesday","06:12 pm",60,"Sealed","Dry","Not Raining","Daylight","Right Angle",2,,,1335334.78,1696624.53
"2024-52801-19/09/2025","GRANGE","CITY OF CHARLES STURT",2,1,0,0,1,2024,"March","Wednesday","08:50 pm",50,"Sealed","Dry","Not Raining","Night","Hit Parked Vehicle",1,,,1318760.26,1673991.79
"2024-52802-19/09/2025","CLARENCE GARDENS","CC MITCHAM.",2,1,0,0,1,2024,"March","Thursday","06:50 am",60,"Sealed","Dry","Not Raining","Night","Right Angle",1,,,1325913.92,1665078.27
"2024-52803-19/09/2025","WOODVILLE NORTH","CITY OF CHARLES STURT",2,1,0,0,1,2024,"March","Tuesday","04:10 pm",60,"Sealed","Dry","Not Raining","Daylight","Side Swipe",1,,,1323954.4,1677074.35
"2024-52806-19/09/2025","SOLOMON","DC KIMBA.",2,1,0,0,1,2024,"March","Thursday","04:30 am",110,"Sealed","Dry","Not Raining","Night","Hit Fixed Object",1,,"Y",1128769.18,1868416.97
"2024-52810-19/09/2025","HINDMARSH","CITY OF CHARLES STURT",5,1,0,0,1,2024,"March","Thursday","08:55 am",60,"Sealed","Dry","Not Raining","Daylight","Right Angle",1,,,1326229.49,1672875.4
"2024-52812-19/09/2025","COWANDILLA","CITY OF WEST TORRENS",2,2,0,2,0,2024,"March","Tuesday","06:05 pm",50,"Sealed","Dry","Not Raining","Daylight","Right Angle",1,,,1324832.93,1670237.7
"2024-52816-19/09/2025","SOUTH PLYMPTON","CC MARION.",2,1,0,0,1,2024,"March","Thursday","11:05 am",60,"Sealed","Dry","Not Raining","Daylight","Right Turn",2,,,1324237.94,1666104.08
"2024-52817-19/09/2025","WOODCROFT","CITY OF ONKAPARINGA",3,1,0,0,1,2024,"March","Thursday","11:08 am",60,"Sealed","Dry","Not Raining","Daylight","Hit Fixed Object",1,,,1323278.99,1649927.15
"2024-52821-19/09/2025","FLINDERS PARK","CITY OF CHARLES STURT",2,1,0,0,1,2024,"March","Thursday","12:00 pm",50,"Sealed","Dry","Not Raining","Daylight","Right Angle",1,,,1323152.38,1672377.04
"2024-52825-19/09/2025","ELIZABETH","CITY OF PLAYFORD.",2,1,0,0,1,2024,"March","Thursday","01:00 pm",60,"Sealed","Dry","Not Raining","Daylight","Side Swipe",2,,,1335437.49,1692809.28
"2024-52826-19/09/2025","COONDAMBO",,1,1,0,1,0,2024,"March","Thursday","01:00 pm",110,"Sealed","Dry","Not Raining","Daylight","Roll Over",1,,"Y",1089037.55,2096792
"2024-52831-19/09/2025","CUMBERLAND PARK","CC MITCHAM.",3,1,0,0,1,2024,"March","Thursday","04:25 pm",50,"Sealed","Dry","Not Raining","Daylight","Right Angle",1,,,1326714.57,1665113.65
"2024-52832-19/09/2025","MITCHELL PARK","CC MARION.",2,1,0,0,1,2024,"March","Thursday","04:40 pm",60,"Sealed","Dry","Not Raining","Daylight","Right Angle",1,,,1324907.98,1660692.23
"2024-52836-19/09/2025","ELIZABETH PARK","CITY OF PLAYFORD.",3,1,0,0,1,2024,"March","Thursday","04:35 pm",80,"Sealed","Dry","Not Raining","Daylight","Hit Fixed Object",1,,,1336012.8,1693757.69
"2024-52841-19/09/2025","NORWOOD","CC OF NORWOOD,PAYNEHAM & ST PETERS",2,1,0,0,1,2024,"March","Thursday","06:03 pm",60,"Sealed","Dry","Not Raining","Daylight","Right Angle",2,,,1331874.28,1670398.69
"2024-52846-19/09/2025","MURRAY BRIDGE","RC MURRAY BRIDGE.",2,2,0,0,2,2024,"March","Thursday","05:25 pm",50,"Sealed","Dry","Not Raining","Daylight","Right Angle",1,,,1389306.87,1646035.96
"2024-52848-19/09/2025","ONKAPARINGA HILLS","CITY OF ONKAPARINGA",2,3,0,0,3,2024,"March","Thursday","07:00 pm",100,"Unsealed","Dry","Not Raining","Daylight","Hit Fixed Object",1,,,1324293.59,1645695.15
"2024-52849-19/09/2025","ADELAIDE","CITY OF ADELAIDE",2,1,0,0,1,2024,"March","Thursday","07:55 pm",50,"Sealed","Dry","Not Raining","Night","Right Turn",2,,,1329014.28,1671149.09
"2024-52853-19/09/2025","WINGFIELD","CITY OF PORT ADELAIDE ENFIELD",2,1,1,0,0,2024,"March","Friday","03:25 am",60,"Sealed","Dry","Not Raining","Night","Hit Pedestrian",2,"Y",,1324546.19,1679178.27
"2024-52858-19/09/2025","CRAFERS WEST","THE ADELAIDE HILLS COUNCIL",2,2,0,0,2,2024,"March","Friday","08:15 am",60,"Sealed","Dry","Not Raining","Daylight","Head On",1,,,1337121.28,1661065.48
"2024-52864-19/09/2025","GREENACRES","CITY OF PORT ADELAIDE ENFIELD",2,1,0,0,1,2024,"March","Friday","09:00 am",60,"Sealed","Dry","Not Raining","Daylight","Right Angle",2,,,1330949.57,1676582.67
"2024-52876-19/09/2025","GEPPS CROSS","CITY OF PORT ADELAIDE ENFIELD",3,1,0,0,1,2024,"March","Friday","12:30 pm",60,"Sealed","Dry","Not Raining","Daylight","Rear End",1,,,1328791.33,1679280.13
"2024-52877-19/09/2025","ADELAIDE","CITY OF ADELAIDE",2,1,0,0,1,2024,"March","Thursday","03:55 pm",50,"Sealed","Dry","Not Raining","Daylight","Hit Pedestrian",2,,,1327947.46,1669708.15
"2024-52882-19/09/2025","BUGLE RANGES","DC MT.BARKER.",2,1,0,0,1,2024,"March","Thursday","12:30 pm",80,"Sealed","Dry","Not Raining","Daylight","Right Angle",1,,,1348847.94,1649281.98
"2024-52884-19/09/2025","DULWICH","CITY OF BURNSIDE",2,2,0,0,2,2024,"March","Friday","03:16 pm",60,"Sealed","Dry","Not Raining","Daylight","Rear End",2,,,1330654.84,1669587.9
"2024-52894-19/09/2025","GLENBURNIE","CC MT.GAMBIER.",2,2,0,0,2,2024,"March","Friday","06:14 pm",60,"Sealed","Dry","Not Raining","Daylight","Right Angle",2,,,1512744.18,1338968.43
"2024-52897-19/09/2025","VICTOR HARBOR","DC VICTOR HARBOR.",3,2,0,0,2,2024,"March","Friday","07:43 pm",60,"Sealed","Dry","Not Raining","Night","Hit Fixed Object",1,"Y",,1327254.06,1601655.2
"2024-52898-19/09/2025","WALLAROO MINES","COPPER COAST DISTRICT COUNCIL",1,1,0,1,0,2024,"March","Friday","09:36 pm",60,"Sealed","Dry","Not Raining","Night","Roll Over",1,,,1248933.79,1780008.53
"2024-52900-19/09/2025","MONTACUTE","THE ADELAIDE HILLS COUNCIL",3,1,0,1,0,2024,"March","Saturday","03:00 am",70,"Sealed","Wet","Not Raining","Night","Hit Object on Road",1,,,1340499.17,1677595.61
"2024-52902-19/09/2025","PENFIELD GARDENS","CITY OF PLAYFORD.",2,1,0,0,1,2024,"March","Saturday","07:19 am",80,"Sealed","Dry","Not Raining","Night","Right Angle",2,,,1331985.26,1698516.9
"2024-52905-19/09/2025","NAILSWORTH","CITY OF PROSPECT",2,1,0,0,1,2024,"March","Saturday","09:15 am",60,"Sealed","Dry","Not Raining","Daylight","Side Swipe",1,,,1328917.57,1674760.92
"2024-52907-19/09/2025","HOPE VALLEY","CITY OF TEA TREE GULLY",2,1,0,0,1,2024,"March","Friday","04:15 pm",60,"Sealed","Dry","Not Raining","Daylight","Right Angle",1,,,1337020.96,1677952.45
"2024-52909-19/09/2025","BRAHMA LODGE","CITY OF SALISBURY",4,1,0,0,1,2024,"March","Saturday","10:06 am",50,"Sealed","Dry","Not Raining","Daylight","Hit Parked Vehicle",1,,,1333860.42,1686610.37
"2024-52912-19/09/2025","WARRADALE","CC MARION.",2,1,0,0,1,2024,"March","Saturday","11:20 am",60,"Sealed","Dry","Not Raining","Daylight","Right Turn",2,,,1322765.97,1660972.05
"2024-52915-19/09/2025","MANNUM","MID MURRAY DISTRICT COUNCIL",1,1,0,1,0,2024,"March","Saturday","01:00 pm",100,"Sealed","Dry","Not Raining","Daylight","Roll Over",1,,"Y",1383824.94,1674813.82
"2024-52917-19/09/2025","SALISBURY NORTH","CITY OF SALISBURY",2,1,0,0,1,2024,"March","Saturday","02:23 pm",60,"Sealed","Dry","Not Raining","Daylight","Right Angle",1,,,1330822.65,1690293.9
"2024-52919-19/09/2025","PEWSEY VALE","THE BAROSSA COUNCIL.",2,1,0,0,1,2024,"March","Saturday","02:25 pm",100,"Sealed","Dry","Not Raining","Daylight","Right Angle",1,,"Y",1363240.67,1695814.45
"2024-52920-19/09/2025","KERSBROOK","THE ADELAIDE HILLS COUNCIL",2,1,0,0,1,2024,"March","Saturday","02:41 pm",100,"Sealed","Dry","Not Raining","Daylight","Right Angle",2,,,1351626.3,1684092.25
"2024-52921-19/09/2025","PORT AUGUSTA WEST","CC PT.AUGUSTA.",2,1,0,1,0,2024,"March","Saturday","02:30 pm",50,"Sealed","Dry","Not Raining","Daylight","Hit Pedestrian",1,,,1258020.84,1943117.22
"2024-52923-19/09/2025","PASADENA","CC MITCHAM.",2,1,0,0,1,2024,"March","Saturday","03:35 pm",60,"Sealed","Dry","Not Raining","Daylight","Right Turn",2,,,1327304.21,1662221.6
"2024-52924-19/09/2025","HACKNEY","CC OF NORWOOD,PAYNEHAM & ST PETERS",2,1,0,0,1,2024,"March","Thursday","06:15 pm",60,"Sealed","Dry","Not Raining","Daylight","Side Swipe",2,,,1329997.31,1671367.39
"2024-52934-19/09/2025","NORTH HAVEN","CITY OF PORT ADELAIDE ENFIELD",2,3,0,0,3,2024,"March","Saturday","09:40 pm",60,"Sealed","Dry","Not Raining","Night","Right Turn",1,,,1319983.4,1685812.67
"2024-52936-19/09/2025","MITCHELL PARK","CC MARION.",2,1,0,1,0,2024,"March","Saturday","10:57 pm",60,"Sealed","Dry","Not Raining","Night","Side Swipe",2,,,1324667.63,1660672.72
"2024-52937-19/09/2025","WEST HINDMARSH","CITY OF CHARLES STURT",2,1,0,0,1,2024,"March","Sunday","12:59 am",60,"Sealed","Dry","Not Raining","Night","Hit Pedestrian",2,"Y",,1325312.26,1673154.79
"2024-52946-19/09/2025","REGENCY PARK","CITY OF PORT ADELAIDE ENFIELD",2,1,0,0,1,2024,"March","Saturday","11:30 am",60,"Sealed","Dry","Not Raining","Daylight","Rear End",2,,,1326096.44,1676366.69
"2024-52947-19/09/2025","WHYALLA STUART","CC WHYALLA.",2,1,0,0,1,2024,"March","Sunday","10:05 am",60,"Sealed","Dry","Not Raining","Daylight","Hit Parked Vehicle",1,,,1235373.9,1884724.18
"2024-52948-19/09/2025","DOVER GARDENS","CC MARION.",2,1,0,0,1,2024,"March","Sunday","10:58 am",50,"Sealed","Dry","Not Raining","Daylight","Hit Fixed Object",1,"Y",,1322690.02,1660415.17
"2024-52951-19/09/2025","WOODVILLE NORTH","CITY OF CHARLES STURT",2,1,0,0,1,2024,"March","Sunday","11:45 am",60,"Sealed","Dry","Not Raining","Daylight","Rear End",2,,,1323966.34,1676513.8
"2024-52955-19/09/2025","BLACKFELLOWS CREEK","ALEXANDRINA COUNCIL",1,1,0,1,0,2024,"March","Sunday","10:15 am",100,"Unsealed","Dry","Not Raining","Daylight","Roll Over",1,,,1337700.08,1634524.35
"2024-52956-19/09/2025","MAWSON LAKES","CITY OF SALISBURY",2,1,0,0,1,2024,"March","Sunday","01:35 pm",80,"Sealed","Dry","Not Raining","Daylight","Rear End",2,,,1331136.04,1682670.11
"2024-52960-19/09/2025","PORT BROUGHTON","BARUNGA WEST DISTRICT COUNCIL",2,1,0,0,1,2024,"March","Sunday","02:00 pm",100,"Unsealed","Dry","Not Raining","Daylight","Hit Fixed Object",1,,"Y",1277380.08,1816249.81
"2024-52961-19/09/2025","CALOOTE","RC MURRAY BRIDGE.",1,1,0,1,0,2024,"March","Sunday","02:00 pm",100,"Unsealed","Dry","Not Raining","Daylight","Roll Over",1,,,1390875.02,1660636.97
"2024-52962-19/09/2025","NEWTON","CC CAMPBELLTOWN.",2,1,0,0,1,2024,"March","Saturday","03:56 pm",60,"Sealed","Dry","Not Raining","Daylight","Side Swipe",1,,,1336291.66,1675943.47
"2024-52963-19/09/2025","FELIXSTOW","CC OF NORWOOD,PAYNEHAM & ST PETERS",2,1,0,0,1,2024,"March","Saturday","02:15 pm",60,"Sealed","Dry","Not Raining","Daylight","Right Turn",2,,,1333512.38,1674404.2
"2024-52965-19/09/2025","MORPHETT VALE","CITY OF ONKAPARINGA",2,1,0,0,1,2024,"March","Sunday","04:00 pm",60,"Sealed","Dry","Not Raining","Daylight","Rear End",1,,,1319645.87,1648546