"REPORT_ID","Suburb","LGA Name","Total Units","Total Cas","Total Fats","Total SI","Total MI","Year","Month","Day","Time","Area Speed","Road Surface","Moisture Cond","Weather Cond","DayNight","Crash Type","Unit Resp","DUI Involved","Drugs Involved","ACCLOC_X","ACCLOC_Y"
"2024-52966-19/09/2025","PROSPECT","CITY OF PROSPECT",2,1,0,0,1,2024,"March","Sunday","03:20 pm",60,"Sealed","Dry","Not Raining","Daylight","Hit Fixed Object",1,,,1327234.11,1676684.48
"2024-52968-19/09/2025","MINLATON","YORKE PENINSULA COUNCIL",2,1,0,0,1,2024,"March","Sunday","03:40 pm",100,"Sealed","Dry","Not Raining","Daylight","Hit Fixed Object",1,,,1237458.14,1695025.81
"2024-52969-19/09/2025","ADELAIDE","CITY OF ADELAIDE",2,1,0,0,1,2024,"March","Sunday","05:55 pm",50,"Sealed","Dry","Not Raining","Daylight","Right Turn",1,,,1329056.26,1669586.88
"2024-52970-19/09/2025","PARADISE","CC CAMPBELLTOWN.",2,2,0,0,2,2024,"March","Sunday","05:25 pm",60,"Sealed","Dry","Not Raining","Daylight","Right Turn",1,,,1334461.82,1676974.32
"2024-52971-19/09/2025","CHRISTIES BEACH","CITY OF ONKAPARINGA",1,1,0,0,1,2024,"March","Friday","09:55 am",50,"Sealed","Dry","Not Raining","Daylight","Roll Over",1,,"Y",1316961.07,1647917.7
"2024-52973-19/09/2025","MOUNT COMPASS","ALEXANDRINA COUNCIL",2,1,0,0,1,2024,"March","Sunday","06:35 pm",100,"Sealed","Dry","Not Raining","Daylight","Rear End",2,,,1327773.91,1624367.38
"2024-52978-19/09/2025","REGENCY PARK","CITY OF PORT ADELAIDE ENFIELD",3,2,0,0,2,2024,"March","Monday","12:03 am",60,"Sealed","Dry","Not Raining","Night","Right Angle",1,,"Y",1326096.44,1676366.69
"2024-52984-19/09/2025","PORT LINCOLN","CC PT.LINCOLN.",2,1,0,1,0,2024,"March","Monday","07:40 am",60,"Sealed","Dry","Not Raining","Daylight","Right Angle",1,,,1078689.14,1697555.13
"2024-52986-19/09/2025","GLENELG SOUTH","CITY OF HOLDFAST BAY",2,1,0,0,1,2024,"March","Monday","08:30 am",50,"Sealed","Dry","Not Raining","Daylight","Right Angle",1,,,1320389.07,1664329.24
"2024-52987-19/09/2025","KAPUNDA","LIGHT REGIONAL COUNCIL",2,1,0,0,1,2024,"March","Monday","08:32 am",50,"Sealed","Dry","Not Raining","Daylight","Right Angle",1,,,1359099.6,1735045.95
"2024-52989-19/09/2025","WAITPINGA","DC VICTOR HARBOR.",3,2,0,0,2,2024,"March","Monday","09:41 am",60,"Sealed","Dry","Not Raining","Daylight","Head On",1,,,1325495.51,1599961.32
"2024-53006-19/09/2025","TORRENSVILLE","CITY OF WEST TORRENS",2,1,0,0,1,2024,"March","Saturday","02:50 pm",50,"Sealed","Dry","Not Raining","Daylight","Rear End",2,,,1324990.62,1670970.14
"2024-53007-19/09/2025","SOLOMONTOWN","PT.PIRIE CITY & DIST. COUNCIL",2,1,0,0,1,2024,"March","Monday","02:30 pm",50,"Sealed","Dry","Not Raining","Daylight","Side Swipe",2,,,1280736.96,1865171.94
"2024-53014-19/09/2025","TRANMERE","CC CAMPBELLTOWN.",2,1,0,0,1,2024,"March","Monday","04:00 pm",60,"Sealed","Dry","Not Raining","Daylight","Right Angle",1,,,1333815.22,1673627.37
"2024-53016-19/09/2025","GLENELG EAST","CITY OF HOLDFAST BAY",3,1,0,0,1,2024,"March","Monday","04:30 pm",60,"Sealed","Dry","Not Raining","Daylight","Rear End",1,,"Y",1322636.62,1665410.15
"2024-53018-19/09/2025","PARA HILLS WEST","CITY OF SALISBURY",3,1,0,0,1,2024,"March","Monday","04:40 pm",80,"Sealed","Dry","Not Raining","Daylight","Rear End",1,"Y",,1332685.99,1684594.41
"2024-53027-19/09/2025","BURTON","CITY OF SALISBURY",2,1,0,0,1,2024,"March","Monday","07:15 pm",60,"Sealed","Dry","Not Raining","Daylight","Right Angle",2,,,1330151.76,1690822.54
"2024-53028-19/09/2025","NULLARBOR",,1,1,0,1,0,2024,"March","Monday","05:30 pm",110,"Sealed","Dry","Not Raining","Daylight","Roll Over",1,,,494678.72,2030778.53
"2024-53033-19/09/2025","MEDINDIE","WALKERVILLE TOWN COUNCIL",2,1,0,1,0,2024,"March","Saturday","04:00 pm",60,"Sealed","Dry","Not Raining","Daylight","Rear End",1,,,1328458.71,1673787.64
"2024-53039-19/09/2025","PARADISE","CC CAMPBELLTOWN.",2,1,0,0,1,2024,"March","Tuesday","09:05 am",60,"Sealed","Dry","Not Raining","Daylight","Right Turn",2,,,1334547.11,1676868.96
"2024-53040-19/09/2025","NANGWARRY","WATTLE RANGE COUNCIL",2,1,0,0,1,2024,"March","Tuesday","09:10 am",110,"Sealed","Dry","Not Raining","Daylight","Rear End",2,,,1514161.9,1368767.13
"2024-53042-19/09/2025","MOUNT BARKER","DC MT.BARKER.",2,1,0,0,1,2024,"March","Tuesday","11:00 am",50,"Sealed","Dry","Not Raining","Daylight","Rear End",2,,,1351784.34,1652591.17
"2024-53052-19/09/2025","PROSPECT","CITY OF PROSPECT",2,3,0,0,3,2024,"March","Tuesday","01:48 pm",60,"Sealed","Dry","Not Raining","Daylight","Rear End",2,,,1327227.25,1676403.1
"2024-53055-19/09/2025","ASHFORD","CITY OF WEST TORRENS",2,1,0,1,0,2024,"March","Tuesday","02:45 pm",60,"Sealed","Dry","Not Raining","Daylight","Hit Pedestrian",1,,,1326385.5,1668265.44
"2024-53056-19/09/2025","BERRI","THE BERRI BARMERA COUNCIL",2,1,0,0,1,2024,"March","Tuesday","03:15 pm",60,"Sealed","Dry","Not Raining","Daylight","Right Angle",2,,,1514510.93,1734170.77
"2024-53057-19/09/2025","UNLEY","CITY OF UNLEY",2,1,0,0,1,2024,"March","Tuesday","02:21 pm",50,"Sealed","Dry","Not Raining","Daylight","Hit Pedestrian",1,,,1328397.99,1668726.38
"2024-53058-19/09/2025","TORRENSVILLE","CITY OF WEST TORRENS",2,1,0,0,1,2024,"March","Tuesday","08:45 am",60,"Sealed","Dry","Not Raining","Daylight","Rear End",2,,,1325416.27,1672003.04
"2024-53061-19/09/2025","MOUNT GAMBIER","CC MT.GAMBIER.",2,2,0,0,2,2024,"March","Tuesday","02:56 pm",50,"Sealed","Dry","Not Raining","Daylight","Right Turn",1,,,1509554.9,1340453.69
"2024-53073-19/09/2025","MODBURY","CITY OF TEA TREE GULLY",2,1,0,0,1,2024,"March","Wednesday","12:40 am",60,"Sealed","Dry","Not Raining","Night","Right Turn",1,,,1336395.9,1680602.76
"2024-53074-19/09/2025","NORTHFIELD","CITY OF PORT ADELAIDE ENFIELD",1,1,0,0,1,2024,"March","Wednesday","05:57 am",50,"Sealed","Dry","Not Raining","Night","Roll Over",1,,,1330875.09,1678052.54
"2024-53075-19/09/2025","ALDINGA","CITY OF ONKAPARINGA",2,1,0,0,1,2024,"March","Wednesday","06:56 am",100,"Sealed","Dry","Not Raining","Night","Right Angle",1,,,1316083.34,1632039.91
"2024-53078-19/09/2025","MALVERN","CITY OF UNLEY",2,1,0,0,1,2024,"March","Wednesday","07:56 am",50,"Sealed","Dry","Not Raining","Daylight","Hit Parked Vehicle",1,,,1329730.07,1667184.92
"2024-53079-19/09/2025","WINGFIELD","CITY OF PORT ADELAIDE ENFIELD",3,1,0,0,1,2024,"March","Wednesday","07:57 am",90,"Sealed","Dry","Not Raining","Daylight","Rear End",1,,,1326663.44,1681028.35
"2024-53082-19/09/2025","BLAIR ATHOL","CITY OF PORT ADELAIDE ENFIELD",2,1,0,0,1,2024,"March","Wednesday","08:00 am",50,"Sealed","Dry","Not Raining","Daylight","Hit Parked Vehicle",1,,,1328643.07,1678799.14
"2024-53085-19/09/2025","MOUNT TORRENS","MID MURRAY DISTRICT COUNCIL",2,1,0,0,1,2024,"March","Tuesday","02:15 pm",80,"Unsealed","Dry","Not Raining","Daylight","Hit Fixed Object",1,,,1363400.84,1674185.66
"2024-53086-19/09/2025","NURIOOTPA","THE BAROSSA COUNCIL.",2,1,0,0,1,2024,"March","Wednesday","09:08 am",50,"Sealed","Dry","Not Raining","Daylight","Hit Pedestrian",1,,,1366520.68,1720080.1
"2024-53087-19/09/2025","THEBARTON","CITY OF WEST TORRENS",2,1,0,0,1,2024,"March","Wednesday","10:30 am",60,"Sealed","Dry","Not Raining","Daylight","Rear End",2,,,1326559.07,1671840.35
"2024-53088-19/09/2025","FLINDERS PARK","CITY OF CHARLES STURT",2,1,0,0,1,2024,"March","Monday","03:30 pm",50,"Sealed","Dry","Not Raining","Daylight","Right Angle",2,,,1323450.05,1672822.26
"2024-53090-19/09/2025","ALDINGA BEACH","CITY OF ONKAPARINGA",1,1,0,0,1,2024,"February","Thursday","04:00 pm",50,"Sealed","Dry","Not Raining","Daylight","Roll Over",1,,,1314575.56,1632903.45
"2024-53092-19/09/2025","ROYAL PARK","CITY OF CHARLES STURT",3,1,0,0,1,2024,"March","Wednesday","11:55 am",60,"Sealed","Dry","Not Raining","Daylight","Hit Parked Vehicle",1,,,1320685.82,1677258.92
"2024-53098-19/09/2025","PORT ELLIOT","ALEXANDRINA COUNCIL",1,1,0,0,1,2024,"March","Tuesday","02:00 pm",100,"Sealed","Dry","Not Raining","Daylight","Roll Over",1,,,1331572.89,1607381.35
"2024-53101-19/09/2025","MITCHELL PARK","CC MARION.",6,3,0,0,3,2024,"March","Wednesday","02:20 pm",60,"Sealed","Dry","Not Raining","Daylight","Side Swipe",1,,,1324399.88,1660820.61
"2024-53105-19/09/2025","WOODVILLE NORTH","CITY OF CHARLES STURT",2,1,0,0,1,2024,"March","Wednesday","03:55 pm",60,"Sealed","Dry","Not Raining","Daylight","Right Turn",1,,,1323935.83,1677839.8
"2024-53107-19/09/2025","TEA TREE GULLY","CITY OF TEA TREE GULLY",2,1,0,0,1,2024,"March","Wednesday","03:29 pm",80,"Sealed","Dry","Not Raining","Daylight","Head On",2,,,1341720.44,1681470.19
"2024-53108-19/09/2025","ELIZABETH SOUTH","CITY OF PLAYFORD.",2,1,0,0,1,2024,"March","Wednesday","03:40 pm",60,"Sealed","Dry","Not Raining","Daylight","Right Angle",2,,,1334568.88,1691271.22
"2024-53113-19/09/2025","SALISBURY DOWNS","CITY OF SALISBURY",3,1,0,0,1,2024,"March","Wednesday","03:50 pm",60,"Sealed","Dry","Not Raining","Daylight","Rear End",1,,,1331058.53,1687127.98
"2024-53117-19/09/2025","NORWOOD","CC OF NORWOOD,PAYNEHAM & ST PETERS",2,1,0,0,1,2024,"March","Wednesday","04:19 pm",60,"Sealed","Dry","Not Raining","Daylight","Right Turn",2,,,1331460.58,1670389.39
"2024-53131-19/09/2025","BOLIVAR","CITY OF SALISBURY",2,3,0,0,3,2024,"March","Wednesday","08:45 pm",90,"Sealed","Dry","Not Raining","Night","Right Turn",1,,,1328471.89,1688636.97
"2024-53133-19/09/2025","STIRLING","THE ADELAIDE HILLS COUNCIL",1,1,0,0,1,2024,"March","Wednesday","08:47 pm",110,"Sealed","Dry","Not Raining","Night","Left Road - Out of Control",1,,,1339408.1,1662049.67
"2024-53134-19/09/2025","PALMER","MID MURRAY DISTRICT COUNCIL",1,4,0,0,4,2024,"March","Thursday","05:27 am",100,"Sealed","Dry","Not Raining","Night","Roll Over",1,,,1378614.83,1677968.34
"2024-53137-19/09/2025","SALISBURY","CITY OF SALISBURY",2,1,0,0,1,2024,"March","Thursday","08:20 am",50,"Sealed","Dry","Not Raining","Daylight","Rear End",2,,,1334212.59,1688443.47
"2024-53154-19/09/2025","MURRAY BRIDGE","RC MURRAY BRIDGE.",3,1,0,0,1,2024,"March","Thursday","10:05 am",100,"Sealed","Dry","Not Raining","Daylight","Right Angle",2,,,1388498.44,1644790.92
"2024-53157-19/09/2025","KLEMZIG","CITY OF PORT ADELAIDE ENFIELD",2,3,0,2,1,2024,"March","Thursday","10:35 am",60,"Sealed","Dry","Not Raining","Daylight","Right Turn",2,,"Y",1331690.63,1676251.12
"2024-53158-19/09/2025","ELIZABETH NORTH","CITY OF PLAYFORD.",2,1,0,0,1,2024,"March","Thursday","10:38 am",50,"Sealed","Dry","Not Raining","Daylight","Hit Fixed Object",1,,,1335946.93,1694762.37
"2024-53159-19/09/2025","WHYALLA PLAYFORD","CC WHYALLA.",2,1,0,1,0,2024,"March","Thursday","08:16 am",50,"Sealed","Dry","Not Raining","Daylight","Right Angle",2,,,1238661.5,1883149.98
"2024-53165-19/09/2025","PROSPECT","CITY OF PROSPECT",2,1,0,0,1,2024,"March","Wednesday","07:15 am",60,"Sealed","Dry","Not Raining","Night","Rear End",2,,,1328872.94,1676442.07
"2024-53166-19/09/2025","PARAFIELD GARDENS","CITY OF SALISBURY",2,1,0,0,1,2024,"March","Thursday","12:58 pm",50,"Sealed","Dry","Not Raining","Daylight","Hit Fixed Object",1,,,1330140.24,1687173.49
"2024-53167-19/09/2025","WOODCROFT","CITY OF ONKAPARINGA",2,1,0,0,1,2024,"March","Thursday","12:51 pm",80,"Sealed","Dry","Not Raining","Daylight","Right Angle",1,,,1323082.39,1650319.07
"2024-53175-19/09/2025","INGLE FARM","CITY OF SALISBURY",2,1,0,0,1,2024,"March","Wednesday","05:15 pm",60,"Sealed","Dry","Not Raining","Daylight","Rear End",2,,,1334499.5,1681135.42
"2024-53176-19/09/2025","YUMALI","COORONG DISTRICT COUNCIL",2,2,0,0,2,2024,"March","Thursday","11:52 am",110,"Sealed","Dry","Not Raining","Daylight","Side Swipe",2,,,1432336.64,1600378.49
"2024-53177-19/09/2025","PORT AUGUSTA WEST","CC PT.AUGUSTA.",2,1,0,0,1,2024,"March","Thursday","02:57 pm",60,"Sealed","Dry","Not Raining","Daylight","Right Angle",2,,,1258358.08,1943476.75
"2024-53180-19/09/2025","HINDMARSH","CITY OF CHARLES STURT",2,1,0,0,1,2024,"March","Thursday","12:07 pm",60,"Sealed","Dry","Not Raining","Daylight","Rear End",2,,,1326125.23,1672575.24
"2024-53181-19/09/2025","PORT LINCOLN","CC PT.LINCOLN.",2,1,0,1,0,2024,"March","Thursday","03:28 pm",50,"Sealed","Dry","Not Raining","Daylight","Right Angle",1,,,1077284.82,1698014.26
"2024-53182-19/09/2025","DAVOREN PARK","CITY OF PLAYFORD.",2,1,0,0,1,2024,"March","Thursday","03:30 pm",60,"Sealed","Dry","Not Raining","Daylight","Right Angle",1,,,1335396.26,1695785.37
"2024-53184-19/09/2025","OAKLANDS PARK","CC MARION.",2,1,0,0,1,2024,"March","Thursday","03:05 pm",60,"Sealed","Dry","Not Raining","Daylight","Hit Pedestrian",2,,,1323388.88,1660836.17
"2024-53193-19/09/2025","ELIZABETH NORTH","CITY OF PLAYFORD.",2,1,0,0,1,2024,"March","Thursday","05:20 pm",80,"Sealed","Dry","Not Raining","Daylight","Hit Pedestrian",1,,,1337070.49,1695700.61
"2024-53194-19/09/2025","TWO WELLS","DC MALLALA.",2,1,1,0,0,2024,"March","Thursday","05:05 pm",80,"Sealed","Dry","Not Raining","Daylight","Hit Fixed Object",1,"Y",,1323401.29,1705595.4
"2024-53198-19/09/2025","FULHAM GARDENS","CITY OF CHARLES STURT",2,1,0,0,1,2024,"March","Thursday","06:29 pm",60,"Sealed","Dry","Not Raining","Daylight","Rear End",2,,,1320779.19,1673069.99
"2024-53200-19/09/2025","SEACLIFF","CITY OF HOLDFAST BAY",2,1,0,0,1,2024,"March","Thursday","05:39 pm",60,"Sealed","Dry","Not Raining","Daylight","Right Angle",2,,,1320955.71,1658666.13
"2024-53201-19/09/2025","WHYALLA NORRIE","CC WHYALLA.",2,1,0,0,1,2024,"March","Thursday","06:54 pm",60,"Sealed","Dry","Not Raining","Daylight","Right Angle",1,,,1235982.34,1884248.06
"2024-53203-19/09/2025","MAWSON LAKES","CITY OF SALISBURY",2,1,0,0,1,2024,"March","Thursday","04:20 pm",50,"Sealed","Dry","Not Raining","Daylight","Hit Pedestrian",1,,,1330469.76,1683414.48
"2024-53206-19/09/2025","ST MARYS","CC MITCHAM.",2,1,0,0,1,2024,"March","Thursday","09:19 pm",50,"Sealed","Dry","Not Raining","Night","Hit Parked Vehicle",2,,,1326261.38,1663101.74
"2024-53213-19/09/2025","PLYMPTON","CITY OF WEST TORRENS",2,2,0,0,2,2024,"March","Friday","08:20 am",60,"Sealed","Dry","Not Raining","Daylight","Right Turn",2,,,1324237.57,1666566.34
"2024-53214-19/09/2025","SEMAPHORE PARK","CITY OF CHARLES STURT",2,1,0,0,1,2024,"March","Friday","08:40 am",60,"Sealed","Dry","Not Raining","Daylight","Hit Parked Vehicle",2,,,1317674.63,1678475.95
"2024-53216-19/09/2025","DRY CREEK","CITY OF PORT ADELAIDE ENFIELD",2,1,0,0,1,2024,"March","Thursday","09:00 am",50,"Sealed","Dry","Not Raining","Daylight","Rear End",2,,,1327885.55,1680719.11
"2024-53217-19/09/2025","STURT","CC MARION.",3,1,0,1,0,2024,"March","Friday","09:39 am",70,"Sealed","Dry","Not Raining","Daylight","Right Turn",2,,,1324428.84,1659884.95
"2024-53219-19/09/2025","PENFIELD GARDENS","CITY OF PLAYFORD.",2,1,0,0,1,2024,"March","Friday","11:05 am",80,"Sealed","Dry","Not Raining","Daylight","Rear End",1,,,1330966.18,1699094.87
"2024-53224-19/09/2025","FOREST RANGE","THE ADELAIDE HILLS COUNCIL",1,1,0,1,0,2024,"March","Friday","01:25 pm",80,"Sealed","Dry","Not Raining","Daylight","Roll Over",1,,,1345562.84,1668375.02
"2024-53226-19/09/2025","SALISBURY DOWNS","CITY OF SALISBURY",2,1,0,0,1,2024,"March","Friday","02:58 pm",60,"Sealed","Dry","Not Raining","Daylight","Rear End",2,,,1331442.92,1686831.6
"2024-53232-19/09/2025","GEPPS CROSS","CITY OF PORT ADELAIDE ENFIELD",2,3,0,0,3,2024,"March","Friday","06:15 pm",60,"Sealed","Dry","Not Raining","Daylight","Hit Fixed Object",1,,"Y",1328206.84,1679251.25
"2024-53235-19/09/2025","HILTON","CITY OF WEST TORRENS",2,1,0,0,1,2024,"March","Friday","08:55 pm",60,"Sealed","Dry","Not Raining","Night","Right Angle",2,,,1325356.59,1670080.34
"2024-53238-19/09/2025","INGLE FARM","CITY OF SALISBURY",2,1,0,0,1,2024,"March","Saturday","08:45 am",50,"Sealed","Dry","Not Raining","Daylight","Hit Parked Vehicle",1,,,1333662.9,1681977.13
"2024-53239-19/09/2025","PARK HOLME","CC MARION.",2,1,0,0,1,2024,"March","Saturday","10:01 am",60,"Sealed","Dry","Not Raining","Daylight","Rear End",2,,,1324337.21,1663135.04
"2024-53240-19/09/2025","BASKET RANGE","THE ADELAIDE HILLS COUNCIL",2,1,0,0,1,2024,"March","Saturday","10:00 am",80,"Sealed","Dry","Not Raining","Daylight","Hit Fixed Object",1,,,1343473.35,1669726.61
"2024-53247-19/09/2025","BLEWITT SPRINGS","CITY OF ONKAPARINGA",2,1,0,0,1,2024,"March","Friday","02:25 pm",80,"Unsealed","Dry","Not Raining","Daylight","Hit Fixed Object",1,,,1326069.71,1642971.93
"2024-53249-19/09/2025","MOONTA BAY","COPPER COAST DISTRICT COUNCIL",2,1,0,0,1,2024,"March","Saturday","03:30 pm",50,"Sealed","Dry","Not Raining","Daylight","Right Angle",2,,,1236316.88,1769553.97
"2024-53250-19/09/2025","FLINDERS PARK","CITY OF CHARLES STURT",2,2,0,0,2,2024,"March","Saturday","03:55 pm",60,"Sealed","Dry","Not Raining","Daylight","Rear End",2,,,1324136.28,1673177.1
"2024-53256-19/09/2025","DOVER GARDENS","CC MARION.",2,1,0,0,1,2024,"March","Saturday","07:35 pm",50,"Sealed","Dry","Not Raining","Night","Hit Parked Vehicle",1,,,1322693.22,1660292.4
"2024-53259-19/09/2025","FITZGERALD BAY","CC WHYALLA.",1,1,0,1,0,2024,"March","Saturday","05:00 pm",25,"Unsealed","Dry","Not Raining","Daylight","Roll Over",1,,,1257123.99,1896184.33
"2024-53261-19/09/2025","BELAIR","CC MITCHAM.",1,1,0,0,1,2024,"March","Saturday","11:17 pm",60,"Sealed","Dry","Not Raining","Night","Roll Over",1,,,1329892.71,1662532.7
"2024-53265-19/09/2025","ADELAIDE","CITY OF ADELAIDE",2,1,0,0,1,2024,"March","Sunday","06:29 am",25,"Sealed","Dry","Not Raining","Night","Hit Pedestrian",2,,,1326948.34,1670289.59
"2024-53267-19/09/2025","DAWESLEY","DC MT.BARKER.",2,1,0,0,1,2024,"March","Sunday","09:40 am",60,"Sealed","Dry","Not Raining","Daylight","Hit Fixed Object",1,,,1359429.99,1656525.69
"2024-53268-19/09/2025","SOUTH PLYMPTON","CC MARION.",2,1,0,0,1,2024,"March","Sunday","10:37 am",60,"Sealed","Dry","Not Raining","Daylight","Right Turn",2,,,1324270.88,1665109.8
"2024-53272-19/09/2025","MAYLANDS","CC OF NORWOOD,PAYNEHAM & ST PETERS",1,1,0,0,1,2024,"March","Sunday","12:24 pm",60,"Sealed","Dry","Not Raining","Daylight","Roll Over",1,,,1332234.48,1671761.49
"2024-53276-19/09/2025","PARACOMBE","THE ADELAIDE HILLS COUNCIL",2,1,0,1,0,2024,"March","Sunday","01:10 pm",80,"Sealed","Dry","Not Raining","Daylight","Rear End",2,,,1344997.67,1676927.45
"2024-53279-19/09/2025","ADELAIDE","CITY OF ADELAIDE",2,1,0,0,1,2024,"March","Sunday","03:05 pm",50,"Sealed","Dry","Not Raining","Daylight","Rear End",2,,,1328210.8,1670180.18
"2024-53280-19/09/2025","MONTACUTE","THE ADELAIDE HILLS COUNCIL",2,1,0,1,0,2024,"March","Sunday","01:26 pm",80,"Sealed","Dry","Not Raining","Daylight","Roll Over",1,,,1343715.88,1672439.58
"2024-53281-19/09/2025","WILLIAMSTOWN","THE BAROSSA COUNCIL.",1,1,0,0,1,2024,"March","Sunday","01:40 pm",100,"Sealed","Dry","Not Raining","Daylight","Roll Over",1,,,1361171.31,1696607.31
"2024-53286-19/09/2025","PENOLA","WATTLE RANGE COUNCIL",3,5,2,3,0,2024,"March","Sunday","05:15 pm",110,"Sealed","Dry","Not Raining","Daylight","Head On",1,,,1518317.27,1385678
"2024-53291-19/09/2025","GERMEIN BAY","DC MT.REMARKABLE.",2,1,0,1,0,2024,"March","Sunday","06:10 pm",25,"Unsealed","Dry","Not Raining","Daylight","Right Angle",2,,,1283350.84,1876876.92
"2024-53293-19/09/2025","STURT","CC MARION.",2,4,0,4,0,2024,"April","Monday","12:25 am",60,"Sealed","Dry","Not Raining","Night","Head On",1,,"Y",1324418.54,1660680
"2024-53302-19/09/2025","CAREY GULLY","THE ADELAIDE HILLS COUNCIL",2,1,0,0,1,2024,"April","Monday","01:25 pm",80,"Sealed","Dry","Not Raining","Daylight","Side Swipe",2,,,1343561.1,1665913.5
"2024-53305-19/09/2025","MARCOLLAT","DC KINGSTON.",2,1,0,0,1,2024,"April","Monday","12:30 pm",110,"Sealed","Dry","Not Raining","Daylight","Hit Fixed Object",1,,,1483886.42,1488259.19
"2024-53310-19/09/2025","PARAFIELD GARDENS","CITY OF SALISBURY",2,1,0,0,1,2024,"April","Monday","07:14 pm",60,"Sealed","Dry","Not Raining","Night","Side Swipe",2,,,1330032.7,1686884.27
"2024-53312-19/09/2025","MOUNT GAMBIER","CC MT.GAMBIER.",2,1,0,1,0,2024,"April","Monday","05:12 pm",50,"Sealed","Dry","Not Raining","Daylight","Hit Fixed Object",1,,"Y",1510572.79,1339979.61
"2024-53313-19/09/2025","O'HALLORAN HILL","CC MARION.",2,1,0,0,1,2024,"April","Tuesday","06:43 am",80,"Sealed","Wet","Raining","Night","Rear End",1,,,1323291.56,1657194.02
"2024-53316-19/09/2025","MODBURY HEIGHTS","CITY OF TEA TREE GULLY",3,1,0,0,1,2024,"April","Tuesday","08:50 am",80,"Sealed","Wet","Raining","Daylight","Rear End",1,,,1335949.27,1682408.95
"2024-53317-19/09/2025","MCLAREN VALE","CITY OF ONKAPARINGA",1,1,0,0,1,2024,"April","Tuesday","09:06 am",60,"Sealed","Wet","Raining","Daylight","Roll Over",1,,,1318632.49,1640525.24
"2024-53320-19/09/2025","EVANSTON PARK","CT GAWLER.",2,1,0,0,1,2024,"April","Tuesday","09:00 am",60,"Sealed","Dry","Not Raining","Daylight","Rear End",2,,,1342470.85,1704018.2
"2024-53322-19/09/2025","SEAFORD MEADOWS","CITY OF ONKAPARINGA",2,1,0,0,1,2024,"April","Tuesday","09:40 am",60,"Sealed","Wet","Raining","Daylight","Rear End",1,,,1318091.98,1642826.26
"2024-53323-19/09/2025","RIDLEYTON","CITY OF CHARLES STURT",2,1,0,0,1,2024,"March","Friday","08:40 am",60,"Sealed","Dry","Not Raining","Daylight","Rear End",2,,,1325785.76,1674453.23
"2024-53327-19/09/2025","SEAFORD","CITY OF ONKAPARINGA",3,1,0,1,0,2024,"April","Tuesday","11:05 am",50,"Sealed","Dry","Not Raining","Daylight","Hit Parked Vehicle",1,,,1315877.1,1642387.53
"2024-53329-19/09/2025","SHEIDOW PARK","CC MARION.",2,1,0,0,1,2024,"April","Tuesday","11:45 am",50,"Sealed","Wet","Raining","Daylight","Right Angle",1,,,1320689.73,1653461.17
"2024-53336-19/09/2025","WALLAROO","COPPER COAST DISTRICT COUNCIL",2,1,0,0,1,2024,"April","Tuesday","02:39 pm",50,"Sealed","Dry","Not Raining","Daylight","Right Angle",1,,"Y",1242124.18,1783282.72
"2024-53337-19/09/2025","SEATON","CITY OF CHARLES STURT",2,1,0,0,1,2024,"April","Tuesday","02:32 pm",60,"Sealed","Dry","Not Raining","Daylight","Right Turn",1,,,1320752.28,1674693.53
"2024-53339-19/09/2025","EDEN HILLS","CC MITCHAM.",2,1,0,1,0,2024,"April","Tuesday","02:50 pm",60,"Sealed","Dry","Not Raining","Daylight","Right Angle",1,,,1326779.08,1659941.1
"2024-53340-19/09/2025","KIDMAN PARK","CITY OF CHARLES STURT",2,1,0,0,1,2024,"April","Tuesday","02:55 pm",50,"Sealed","Dry","Not Raining","Daylight","Hit Fixed Object",1,,,1321327.81,1671552.72
"2024-53343-19/09/2025","BLAKEVIEW","CITY OF PLAYFORD.",2,1,0,0,1,2024,"April","Tuesday","03:33 pm",50,"Sealed","Dry","Not Raining","Daylight","Hit Pedestrian",2,,,1339120.15,1697615.98
"2024-53357-19/09/2025","LYNDOCH","THE BAROSSA COUNCIL.",3,3,0,1,2,2024,"April","Wednesday","06:50 am",90,"Sealed","Wet","Raining","Night","Head On",1,,,1354754.48,1706804.78
"2024-53359-19/09/2025","GLOBE DERBY PARK","CITY OF SALISBURY",2,1,0,0,1,2024,"April","Wednesday","06:59 am",80,"Sealed","Dry","Not Raining","Night","Rear End",1,,,1328637.45,1684641.8
"2024-53361-19/09/2025","DARLINGTON","CC MARION.",2,1,0,0,1,2024,"April","Wednesday","07:50 am",80,"Sealed","Dry","Not Raining","Daylight","Rear End",2,,,1324153.6,1658256.89
"2024-53371-19/09/2025","PLYMPTON","CITY OF WEST TORRENS",2,1,0,0,1,2024,"April","Wednesday","09:20 am",50,"Sealed","Wet","Not Raining","Daylight","Right Angle",2,,,1323614.09,1666874.92
"2024-53374-19/09/2025","WOODCROFT","CITY OF ONKAPARINGA",2,1,0,0,1,2024,"April","Wednesday","08:40 am",80,"Sealed","Dry","Not Raining","Daylight","Rear End",2,,,1323077.56,1650586.28
"2024-53376-19/09/2025","MOUNT BARKER","DC MT.BARKER.",2,1,0,0,1,2024,"April","Tuesday","01:00 pm",50,"Sealed","Dry","Not Raining","Daylight","Hit Pedestrian",1,,,1351618.23,1653172.95
"2024-53377-19/09/2025","CLAPHAM","CC MITCHAM.",2,1,0,0,1,2024,"April","Wednesday","11:45 am",50,"Sealed","Wet","Raining","Daylight","Hit Fixed Object",1,,,1328588.02,1664053.72
"2024-53379-19/09/2025","SKYE","CITY OF BURNSIDE",2,1,0,0,1,2024,"April","Wednesday","11:25 am",60,"Sealed","Wet","Not Raining","Daylight","Head On",2,,,1336949.36,1671608.51