"REPORT_ID","Suburb","LGA Name","Total Units","Total Cas","Total Fats","Total SI","Total MI","Year","Month","Day","Time","Area Speed","Road Surface","Moisture Cond","Weather Cond","DayNight","Crash Type","Unit Resp","DUI Involved","Drugs Involved","ACCLOC_X","ACCLOC_Y"
"2024-54183-19/09/2025","HYDE PARK","CITY OF UNLEY",3,1,0,0,1,2024,"April","Wednesday","12:42 pm",60,"Sealed","Dry","Not Raining","Daylight","Right Angle",1,,,1329108.1,1667279
"2024-54185-19/09/2025","HAWKER","THE FLINDERS RANGES COUNCIL.",2,1,0,0,1,2024,"April","Tuesday","06:30 pm",50,"Sealed","Dry","Not Raining","Night","Hit Fixed Object",1,"Y",,1322823.83,2007349.04
"2024-54188-19/09/2025","ST AGNES","CITY OF TEA TREE GULLY",2,1,0,0,1,2024,"April","Wednesday","02:25 pm",60,"Sealed","Dry","Not Raining","Daylight","Rear End",2,,"Y",1338789.62,1681495.65
"2024-54191-19/09/2025","DARLINGTON","CITY OF ONKAPARINGA",2,1,0,1,0,2024,"April","Wednesday","03:15 pm",80,"Sealed","Dry","Not Raining","Daylight","Side Swipe",1,,,1324383.13,1658663.48
"2024-54193-19/09/2025","RISDON PARK","PT.PIRIE CITY & DIST. COUNCIL",1,1,0,1,0,2024,"April","Wednesday","02:24 pm",100,"Unsealed","Dry","Not Raining","Daylight","Roll Over",1,,,1276814.3,1863561.55
"2024-54195-19/09/2025","BEDFORD PARK","CC MITCHAM.",2,1,0,0,1,2024,"April","Tuesday","04:36 pm",60,"Sealed","Dry","Not Raining","Daylight","Rear End",2,,,1325724.1,1660702.39
"2024-54198-19/09/2025","ADELAIDE","CITY OF ADELAIDE",2,1,0,0,1,2024,"April","Wednesday","04:30 pm",60,"Sealed","Dry","Not Raining","Daylight","Side Swipe",2,,,1327364.13,1670312.87
"2024-54202-19/09/2025","ENFIELD","CITY OF PORT ADELAIDE ENFIELD",2,1,0,0,1,2024,"April","Wednesday","06:10 pm",60,"Sealed","Dry","Not Raining","Night","Hit Pedestrian",2,,,1329226.19,1676442.02
"2024-54203-19/09/2025","ELIZABETH","CITY OF PLAYFORD.",2,2,0,0,2,2024,"April","Wednesday","08:00 pm",50,"Sealed","Dry","Not Raining","Night","Right Angle",2,,,1335217.78,1693367.04
"2024-54205-19/09/2025","WOODVILLE NORTH","CITY OF CHARLES STURT",2,2,0,0,2,2024,"April","Wednesday","07:30 pm",60,"Sealed","Dry","Not Raining","Night","Right Angle",1,,,1323933.48,1677939.94
"2024-54207-19/09/2025","PLYMPTON","CITY OF WEST TORRENS",4,1,0,0,1,2024,"April","Wednesday","09:15 pm",60,"Sealed","Dry","Not Raining","Night","Right Turn",1,,,1324227.3,1666580.54
"2024-54212-19/09/2025","OLD REYNELLA","CITY OF ONKAPARINGA",2,1,0,0,1,2024,"April","Wednesday","12:40 pm",50,"Sealed","Dry","Not Raining","Daylight","Right Angle",1,,,1322373.62,1651472.19
"2024-54215-19/09/2025","GILLES PLAINS","CITY OF TEA TREE GULLY",2,1,0,0,1,2024,"April","Wednesday","09:35 pm",60,"Sealed","Dry","Not Raining","Night","Rear End",2,,,1334573.68,1678464.04
"2024-54226-19/09/2025","PARACOMBE","THE ADELAIDE HILLS COUNCIL",2,1,0,0,1,2024,"April","Thursday","01:43 pm",80,"Sealed","Dry","Not Raining","Daylight","Hit Fixed Object",1,,,1346021.73,1677567.35
"2024-54235-19/09/2025","CUDLEE CREEK","THE ADELAIDE HILLS COUNCIL",2,1,0,1,0,2024,"March","Wednesday","07:40 pm",80,"Sealed","Dry","Not Raining","Daylight","Side Swipe",2,,,1348884.56,1679697.55
"2024-54237-19/09/2025","MILE END SOUTH","CITY OF WEST TORRENS",2,3,0,0,3,2024,"April","Friday","12:40 am",60,"Sealed","Dry","Not Raining","Night","Right Angle",1,,,1326171.63,1670095.18
"2024-54240-19/09/2025","MAWSON LAKES","CITY OF SALISBURY",4,1,0,0,1,2024,"April","Friday","07:10 am",80,"Sealed","Dry","Not Raining","Daylight","Hit Parked Vehicle",1,,"Y",1328707.9,1682755.15
"2024-54245-19/09/2025","DRY CREEK","CITY OF PORT ADELAIDE ENFIELD",3,1,0,0,1,2024,"April","Friday","08:59 am",70,"Sealed","Wet","Raining","Daylight","Rear End",1,,,1328057.05,1680086.3
"2024-54249-19/09/2025","HAPPY VALLEY","CITY OF ONKAPARINGA",2,1,0,0,1,2024,"April","Friday","11:15 am",70,"Sealed","Dry","Not Raining","Daylight","Right Angle",2,,,1325546.48,1653383.59
"2024-54251-19/09/2025","RICHMOND","CITY OF WEST TORRENS",2,1,0,0,1,2024,"April","Friday","10:59 am",60,"Sealed","Dry","Not Raining","Daylight","Rear End",1,,,1325793.27,1669439.92
"2024-54252-19/09/2025","PROSPECT","CITY OF PROSPECT",4,1,0,0,1,2024,"April","Friday","11:55 am",60,"Sealed","Dry","Not Raining","Daylight","Right Turn",1,,,1328640.31,1676435.87
"2024-54255-19/09/2025","PROSPECT","CITY OF PROSPECT",2,1,0,0,1,2024,"April","Friday","01:00 pm",60,"Sealed","Dry","Not Raining","Daylight","Hit Fixed Object",1,,,1328173.8,1676425.97
"2024-54259-19/09/2025","PARALOWIE","CITY OF SALISBURY",2,1,0,0,1,2024,"April","Friday","02:35 pm",60,"Sealed","Dry","Not Raining","Daylight","Hit Parked Vehicle",2,,,1330587.73,1689491.95
"2024-54260-19/09/2025","GOOLWA BEACH","ALEXANDRINA COUNCIL",2,2,0,0,2,2024,"April","Friday","02:29 pm",60,"Sealed","Dry","Not Raining","Daylight","Rear End",1,,,1341686.96,1605942.79
"2024-54261-19/09/2025","ATHOL PARK","CITY OF CHARLES STURT",2,1,0,0,1,2024,"March","Wednesday","04:30 pm",60,"Sealed","Dry","Not Raining","Daylight","Right Angle",2,,,1323910.28,1678952.31
"2024-54262-19/09/2025","EVANSTON PARK","CT GAWLER.",3,1,0,0,1,2024,"April","Friday","03:20 pm",60,"Sealed","Dry","Not Raining","Daylight","Rear End",1,,,1342401.6,1703940.38
"2024-54264-19/09/2025","PENOLA","WATTLE RANGE COUNCIL",1,1,0,1,0,2024,"April","Friday","03:10 pm",50,"Sealed","Dry","Not Raining","Daylight","Roll Over",1,,,1517744.82,1390262.58
"2024-54265-19/09/2025","GLENGOWRIE","CC MARION.",2,1,0,0,1,2024,"April","Friday","03:37 pm",60,"Sealed","Dry","Not Raining","Daylight","Rear End",2,,,1322657.44,1664615.98
"2024-54271-19/09/2025","WAYVILLE","CITY OF UNLEY",2,1,0,0,1,2024,"April","Friday","05:10 pm",60,"Sealed","Dry","Not Raining","Daylight","Side Swipe",1,,,1327449.86,1668206.89
"2024-54275-19/09/2025","HAINES","KANGAROO ISLAND COUNCIL",2,1,0,1,0,2024,"April","Friday","03:15 pm",100,"Sealed","Dry","Not Raining","Daylight","Head On",1,,,1244481,1572964.04
"2024-54286-19/09/2025","ANGLE VALE","CITY OF PLAYFORD.",2,3,0,0,3,2024,"April","Saturday","12:00 pm",80,"Sealed","Dry","Not Raining","Daylight","Right Angle",2,,,1334815.38,1701241.72
"2024-54287-19/09/2025","PLYMPTON","CITY OF WEST TORRENS",2,1,0,0,1,2024,"April","Saturday","12:24 pm",60,"Sealed","Dry","Not Raining","Daylight","Hit Pedestrian",2,,,1324234.67,1666706.33
"2024-54289-19/09/2025","SALISBURY DOWNS","CITY OF SALISBURY",3,2,0,0,2,2024,"April","Saturday","02:07 pm",60,"Sealed","Dry","Not Raining","Daylight","Rear End",1,,,1331449.68,1686814.24
"2024-54299-19/09/2025","LYRUP","DC RENMARK PARINGA",1,1,0,1,0,2024,"April","Saturday","07:41 pm",100,"Sealed","Dry","Not Raining","Night","Roll Over",1,"Y",,1521555.72,1735584.12
"2024-54301-19/09/2025","PASKEVILLE","COPPER COAST DISTRICT COUNCIL",2,1,0,1,0,2024,"April","Saturday","10:30 pm",100,"Sealed","Dry","Not Raining","Night","Hit Fixed Object",1,,,1267687.31,1774323.68
"2024-54302-19/09/2025","PARADISE","CC CAMPBELLTOWN.",2,1,0,1,0,2024,"April","Saturday","10:58 pm",60,"Sealed","Dry","Not Raining","Night","Right Turn",1,,"Y",1334461.82,1676974.32
"2024-54305-19/09/2025","UPPER HERMITAGE","CITY OF TEA TREE GULLY",2,1,0,0,1,2024,"April","Sunday","01:00 am",60,"Sealed","Dry","Not Raining","Night","Hit Fixed Object",1,,,1343506.68,1685766.18
"2024-54306-19/09/2025","NEWTON","CC CAMPBELLTOWN.",2,1,0,0,1,2024,"April","Saturday","10:55 am",60,"Sealed","Dry","Not Raining","Daylight","Right Angle",2,,,1335929.37,1674577.24
"2024-54313-19/09/2025","ELIZABETH PARK","CITY OF PLAYFORD.",3,1,0,1,0,2024,"April","Sunday","11:17 am",50,"Sealed","Dry","Not Raining","Daylight","Hit Pedestrian",1,,,1336704.97,1694632.13
"2024-54314-19/09/2025","SEATON","CITY OF CHARLES STURT",2,1,0,0,1,2024,"April","Sunday","01:11 pm",50,"Sealed","Dry","Not Raining","Daylight","Right Turn",1,,,1321209.56,1674375.97
"2024-54316-19/09/2025","SELLICKS HILL","CITY OF ONKAPARINGA",2,1,0,0,1,2024,"April","Sunday","10:00 am",80,"Sealed","Dry","Not Raining","Daylight","Right Angle",1,,,1320173.93,1631233.14
"2024-54317-19/09/2025","HAHNDORF","DC MT.BARKER.",2,1,0,1,0,2024,"April","Sunday","02:05 pm",50,"Sealed","Dry","Not Raining","Daylight","Side Swipe",1,,,1347205.75,1658372.71
"2024-54320-19/09/2025","WOODVILLE WEST","CITY OF CHARLES STURT",2,1,0,0,1,2024,"April","Sunday","02:50 pm",50,"Sealed","Dry","Not Raining","Daylight","Right Angle",2,,,1321469.23,1675550.05
"2024-54322-19/09/2025","CHAIN OF PONDS","THE ADELAIDE HILLS COUNCIL",1,1,0,1,0,2024,"April","Sunday","02:25 pm",80,"Sealed","Dry","Not Raining","Daylight","Roll Over",1,,,1349451.09,1681679.47
"2024-54324-19/09/2025","GAWLER","CT GAWLER.",2,1,0,0,1,2024,"April","Sunday","06:30 pm",50,"Sealed","Dry","Not Raining","Night","Rear End",2,,,1343410.87,1706248.97
"2024-54326-19/09/2025","PARADISE","CC CAMPBELLTOWN.",2,1,0,0,1,2024,"April","Sunday","07:15 pm",60,"Sealed","Dry","Not Raining","Night","Rear End",2,,,1334882.29,1676391.67
"2024-54328-19/09/2025","CHRISTIE DOWNS","CITY OF ONKAPARINGA",2,1,0,0,1,2024,"April","Sunday","08:17 pm",60,"Sealed","Dry","Not Raining","Night","Right Turn",2,,,1318513.27,1647464.88
"2024-54337-19/09/2025","PORT ELLIOT","ALEXANDRINA COUNCIL",3,1,0,0,1,2024,"April","Monday","10:10 am",50,"Sealed","Dry","Not Raining","Daylight","Hit Pedestrian",1,,,1332316.46,1602990.91
"2024-54340-19/09/2025","TOTNESS","DC MT.BARKER.",3,1,0,1,0,2024,"April","Monday","11:21 am",80,"Sealed","Wet","Unknown","Daylight","Head On",1,,,1349514.59,1656369.57
"2024-54341-19/09/2025","POORAKA","CITY OF SALISBURY",2,1,0,0,1,2024,"April","Monday","07:58 am",70,"Sealed","Dry","Not Raining","Daylight","Rear End",1,,,1331928.78,1683402.24
"2024-54342-19/09/2025","MURRAY BRIDGE","RC MURRAY BRIDGE.",1,1,0,0,1,2024,"April","Monday","10:35 am",60,"Sealed","Dry","Not Raining","Daylight","Roll Over",1,,,1387586.7,1646248.9
"2024-54343-19/09/2025","CAREY GULLY","THE ADELAIDE HILLS COUNCIL",1,1,0,0,1,2024,"April","Monday","08:20 am",80,"Sealed","Dry","Not Raining","Daylight","Roll Over",1,,,1342859.94,1665930.54
"2024-54344-19/09/2025","FINDON","CITY OF CHARLES STURT",2,1,0,0,1,2024,"April","Monday","09:15 am",60,"Sealed","Dry","Not Raining","Daylight","Right Turn",2,,,1323805.94,1673166.26
"2024-54346-19/09/2025","FORRESTON","THE ADELAIDE HILLS COUNCIL",2,1,1,0,0,2024,"April","Monday","12:25 pm",100,"Unsealed","Dry","Not Raining","Daylight","Hit Animal",2,,,1358524.45,1687603.62
"2024-54353-19/09/2025","GILLMAN","CITY OF PORT ADELAIDE ENFIELD",1,1,0,0,1,2024,"April","Monday","02:51 pm",50,"Sealed","Dry","Not Raining","Daylight","Roll Over",1,,,1321699.17,1679939.47
"2024-54355-19/09/2025","ATHOL PARK","CITY OF CHARLES STURT",2,1,0,1,0,2024,"April","Monday","03:15 pm",60,"Sealed","Dry","Not Raining","Daylight","Right Angle",1,,,1323915.04,1678751.95
"2024-54366-19/09/2025","HINDMARSH","CITY OF CHARLES STURT",2,1,0,0,1,2024,"April","Monday","02:30 pm",60,"Sealed","Dry","Not Raining","Daylight","Rear End",2,,,1326468.95,1672639.58
"2024-54369-19/09/2025","BORDERTOWN","DC TATIARA.",3,2,0,0,2,2024,"April","Tuesday","08:05 am",100,"Sealed","Dry","Not Raining","Daylight","Right Turn",1,,,1515170.53,1507645.66
"2024-54370-19/09/2025","ASHFORD","CITY OF WEST TORRENS",2,1,0,0,1,2024,"April","Tuesday","09:39 am",60,"Sealed","Dry","Not Raining","Daylight","Right Angle",2,,,1326479.53,1668388.79
"2024-54375-19/09/2025","MINLATON","YORKE PENINSULA COUNCIL",2,3,0,0,3,2024,"April","Tuesday","09:25 am",60,"Sealed","Dry","Not Raining","Daylight","Hit Fixed Object",1,,,1236974.63,1690097.4
"2024-54379-19/09/2025","ADELAIDE","CITY OF ADELAIDE",2,1,0,0,1,2024,"April","Tuesday","12:15 pm",50,"Sealed","Dry","Not Raining","Daylight","Right Angle",2,,,1327696.57,1670325.22
"2024-54383-19/09/2025","PORT LINCOLN","CC PT.LINCOLN.",2,1,0,0,1,2024,"April","Tuesday","10:00 am",50,"Sealed","Dry","Not Raining","Daylight","Right Angle",2,,,1078137.7,1697455.06
"2024-54384-19/09/2025","VALLEY VIEW","CITY OF SALISBURY",2,1,0,0,1,2024,"April","Tuesday","03:55 pm",60,"Sealed","Dry","Not Raining","Daylight","Head On",2,"Y",,1334553.61,1680534.97
"2024-54390-19/09/2025","SALISBURY DOWNS","CITY OF SALISBURY",2,1,0,0,1,2024,"April","Monday","07:40 pm",60,"Sealed","Dry","Not Raining","Night","Side Swipe",2,,,1331442.92,1686831.6
"2024-54392-19/09/2025","TOTNESS","DC MT.BARKER.",2,1,0,0,1,2024,"April","Tuesday","04:40 pm",60,"Sealed","Dry","Not Raining","Daylight","Side Swipe",2,,,1351073.68,1655554.69
"2024-54394-19/09/2025","PARAFIELD","CITY OF SALISBURY",3,1,0,1,0,2024,"April","Tuesday","06:00 pm",80,"Sealed","Dry","Not Raining","Night","Side Swipe",1,,"Y",1331812.14,1683486.03
"2024-54396-19/09/2025","VIRGINIA","CITY OF PLAYFORD.",2,4,0,1,3,2024,"April","Tuesday","07:42 pm",80,"Sealed","Dry","Not Raining","Night","Right Angle",1,,,1327795.16,1698211.19
"2024-54397-19/09/2025","TAPEROO","CITY OF PORT ADELAIDE ENFIELD",2,1,0,0,1,2024,"April","Tuesday","09:38 pm",50,"Sealed","Dry","Not Raining","Night","Right Angle",1,,,1319711.4,1684422.4
"2024-54400-19/09/2025","PARK HOLME","CC MARION.",2,1,0,0,1,2024,"May","Wednesday","06:50 am",60,"Sealed","Dry","Not Raining","Night","Right Turn",2,,,1324308.57,1663800.76
"2024-54402-19/09/2025","WOODVILLE SOUTH","CITY OF CHARLES STURT",2,1,0,0,1,2024,"May","Wednesday","07:35 am",60,"Sealed","Dry","Not Raining","Daylight","Hit Pedestrian",1,,,1322757.46,1675873.19
"2024-54406-19/09/2025","DAWESLEY","DC MT.BARKER.",2,1,0,0,1,2024,"April","Tuesday","04:00 pm",100,"Sealed","Dry","Not Raining","Daylight","Right Angle",1,,,1360430.66,1657817.85
"2024-54407-19/09/2025","VIRGINIA","CITY OF PLAYFORD.",2,1,0,0,1,2024,"May","Wednesday","09:10 am",80,"Sealed","Dry","Not Raining","Daylight","Right Turn",1,"Y",,1326894.71,1701384.21
"2024-54411-19/09/2025","WOODFORDE","THE ADELAIDE HILLS COUNCIL",2,1,0,0,1,2024,"May","Thursday","07:45 am",25,"Sealed","Dry","Not Raining","Daylight","Side Swipe",1,,,1336378.61,1672836.93
"2024-54413-19/09/2025","BELAIR","CC MITCHAM.",2,1,0,0,1,2024,"May","Wednesday","10:40 am",60,"Sealed","Dry","Not Raining","Daylight","Hit Fixed Object",1,,"Y",1330568.9,1662734.11
"2024-54418-19/09/2025","PARKSIDE","CITY OF UNLEY",2,1,0,0,1,2024,"May","Wednesday","07:30 am",40,"Sealed","Dry","Not Raining","Daylight","Right Angle",1,,,1329345.14,1668576.88
"2024-54422-19/09/2025","WESTBOURNE PARK","CC MITCHAM.",2,1,0,0,1,2024,"May","Wednesday","02:00 pm",60,"Sealed","Dry","Not Raining","Daylight","Rear End",2,,,1327508,1666198.52
"2024-54423-19/09/2025","TORRENSVILLE","CITY OF WEST TORRENS",2,1,0,0,1,2024,"May","Wednesday","01:15 pm",40,"Sealed","Dry","Not Raining","Daylight","Right Angle",2,,,1324720.63,1670917.79
"2024-54427-19/09/2025","ADELAIDE","CITY OF ADELAIDE",3,1,0,1,0,2024,"May","Wednesday","03:55 pm",50,"Sealed","Dry","Not Raining","Daylight","Right Turn",1,,,1329593.2,1669909.56
"2024-54428-19/09/2025","PORT PIRIE SOUTH","PT.PIRIE CITY & DIST. COUNCIL",1,1,0,0,1,2024,"May","Wednesday","04:35 pm",60,"Sealed","Dry","Not Raining","Daylight","Roll Over",9,,,1280675.57,1864053.39
"2024-54429-19/09/2025","KINGSWOOD","CC MITCHAM.",3,1,0,0,1,2024,"May","Wednesday","04:40 pm",50,"Sealed","Dry","Not Raining","Daylight","Right Angle",1,,,1329336.67,1666100.84
"2024-54431-19/09/2025","ANNA CREEK",,2,1,0,1,0,2024,"May","Wednesday","11:00 am",100,"Unsealed","Dry","Not Raining","Daylight","Hit Pedestrian",2,,,1159489.53,2305226.18
"2024-54434-19/09/2025","ELIZABETH NORTH","CITY OF PLAYFORD.",2,1,0,0,1,2024,"May","Wednesday","06:29 pm",60,"Sealed","Dry","Not Raining","Night","Right Turn",1,,,1336972.07,1695458.34
"2024-54439-19/09/2025","KEYNETON","MID MURRAY DISTRICT COUNCIL",2,1,1,0,0,2024,"May","Wednesday","03:55 pm",100,"Sealed","Dry","Not Raining","Daylight","Hit Fixed Object",1,"Y",,1381797.23,1708331.64
"2024-54445-19/09/2025","TROTT PARK","CC MARION.",2,1,0,0,1,2024,"May","Thursday","06:15 am",100,"Sealed","Dry","Not Raining","Night","Hit Fixed Object",1,,,1323071.97,1656429.78
"2024-54450-19/09/2025","MALVERN","CITY OF UNLEY",2,1,0,0,1,2024,"May","Wednesday","05:00 pm",60,"Sealed","Dry","Not Raining","Daylight","Right Angle",2,,,1329119,1666987.56
"2024-54455-19/09/2025","PARAMATTA","COPPER COAST DISTRICT COUNCIL",2,1,0,0,1,2024,"May","Wednesday","01:00 pm",80,"Sealed","Dry","Not Raining","Daylight","Hit Animal",2,,,1241496.79,1769330.31
"2024-54456-19/09/2025","HOLDEN HILL","CITY OF PORT ADELAIDE ENFIELD",2,1,0,0,1,2024,"May","Thursday","07:51 am",60,"Sealed","Dry","Not Raining","Daylight","Side Swipe",1,,,1334636.75,1678498.57
"2024-54458-19/09/2025","ALBERT PARK","CITY OF CHARLES STURT",2,1,0,0,1,2024,"May","Wednesday","02:50 pm",50,"Sealed","Dry","Not Raining","Daylight","Right Angle",2,,,1321388.98,1676160.52
"2024-54460-19/09/2025","ST GEORGES","CITY OF BURNSIDE",2,1,0,0,1,2024,"May","Thursday","11:45 am",60,"Sealed","Dry","Not Raining","Daylight","Hit Pedestrian",2,,,1332359.76,1667640.87
"2024-54462-19/09/2025","MEDINDIE","WALKERVILLE TOWN COUNCIL",2,1,0,0,1,2024,"April","Tuesday","04:45 pm",60,"Sealed","Dry","Not Raining","Daylight","Side Swipe",1,,,1328444.5,1673772.77
"2024-54470-19/09/2025","MASLIN BEACH","CITY OF ONKAPARINGA",3,1,0,0,1,2024,"May","Thursday","08:50 am",40,"Sealed","Dry","Not Raining","Daylight","Rear End",1,,,1316514.64,1637097.43
"2024-54472-19/09/2025","SALISBURY EAST","CITY OF SALISBURY",2,1,0,0,1,2024,"May","Thursday","03:50 pm",60,"Sealed","Dry","Not Raining","Daylight","Right Turn",1,,,1334189.82,1684652.72
"2024-54474-19/09/2025","POORAKA","CITY OF SALISBURY",4,2,0,0,2,2024,"May","Thursday","04:32 pm",70,"Sealed","Dry","Not Raining","Daylight","Rear End",1,,,1329812.17,1681733.86
"2024-54476-19/09/2025","PARAFIELD GARDENS","CITY OF SALISBURY",2,1,0,0,1,2024,"May","Thursday","04:55 pm",60,"Sealed","Dry","Not Raining","Daylight","Right Angle",1,,,1330537.2,1685677.36
"2024-54493-19/09/2025","GLENUNGA","CITY OF BURNSIDE",2,1,0,1,0,2024,"May","Friday","10:20 am",50,"Sealed","Dry","Not Raining","Daylight","Hit Parked Vehicle",1,,,1331904.23,1668026.34
"2024-54501-19/09/2025","NORTH ADELAIDE","CITY OF ADELAIDE",2,1,0,0,1,2024,"May","Thursday","06:20 pm",50,"Sealed","Dry","Not Raining","Night","Right Turn",2,,,1328057.57,1672158.25
"2024-54504-19/09/2025","PROSPECT","CITY OF PROSPECT",2,1,0,0,1,2024,"May","Friday","01:50 pm",60,"Sealed","Dry","Not Raining","Daylight","Right Turn",2,,,1328907.93,1674777.18
"2024-54506-19/09/2025","RICHMOND","CITY OF WEST TORRENS",2,1,0,0,1,2024,"May","Friday","01:48 pm",60,"Sealed","Dry","Not Raining","Daylight","Side Swipe",1,,,1325788.89,1669159.99
"2024-54508-19/09/2025","ALBERTON","CITY OF PORT ADELAIDE ENFIELD",2,1,0,1,0,2024,"May","Friday","02:15 pm",60,"Sealed","Dry","Not Raining","Daylight","Hit Pedestrian",1,,,1320947.81,1677948.15
"2024-54509-19/09/2025","STEPNEY","CC OF NORWOOD,PAYNEHAM & ST PETERS",2,1,0,0,1,2024,"May","Friday","02:55 pm",60,"Sealed","Dry","Not Raining","Daylight","Right Turn",1,,,1331265.3,1672060.96
"2024-54512-19/09/2025","KEPA","RC MURRAY BRIDGE.",2,4,0,0,4,2024,"May","Friday","02:21 pm",100,"Unsealed","Dry","Not Raining","Daylight","Right Angle",2,,,1403170.77,1639341.03
"2024-54516-19/09/2025","GILLES PLAINS","CITY OF TEA TREE GULLY",2,1,0,1,0,2024,"May","Friday","03:13 pm",60,"Sealed","Dry","Not Raining","Daylight","Rear End",2,,"Y",1334568.6,1678474.49
"2024-54522-19/09/2025","POORAKA","CITY OF SALISBURY",2,1,0,0,1,2024,"May","Friday","04:00 pm",70,"Sealed","Dry","Not Raining","Daylight","Side Swipe",1,,,1330489.22,1681819.14
"2024-54525-19/09/2025","YATTALUNGA","CITY OF PLAYFORD.",2,1,0,1,0,2024,"May","Friday","05:20 pm",80,"Sealed","Dry","Not Raining","Daylight","Hit Fixed Object",9,,,1344945.24,1695495.91
"2024-54527-19/09/2025","ALDINGA BEACH","CITY OF ONKAPARINGA",2,3,0,3,0,2024,"May","Friday","04:25 pm",90,"Sealed","Dry","Not Raining","Daylight","Head On",2,,,1315551.25,1628902.43
"2024-54529-19/09/2025","LONSDALE","CITY OF ONKAPARINGA",2,3,0,0,3,2024,"May","Friday","06:20 pm",70,"Sealed","Dry","Not Raining","Night","Side Swipe",1,,,1319355.84,1650971.48
"2024-54537-19/09/2025","COOBER PEDY","DC COOBER PEDY",2,1,0,0,1,2024,"May","Saturday","02:47 am",50,"Sealed","Dry","Not Raining","Night","Hit Fixed Object",1,"Y","Y",976269.37,2330355.55
"2024-54538-19/09/2025","CAMPBELLTOWN","CC CAMPBELLTOWN.",2,1,0,1,0,2024,"May","Saturday","05:40 am",60,"Sealed","Dry","Not Raining","Night","Hit Pedestrian",2,,,1334380.96,1675560.26
"2024-54543-19/09/2025","STEPNEY","CC OF NORWOOD,PAYNEHAM & ST PETERS",2,1,0,1,0,2024,"May","Saturday","09:55 am",60,"Sealed","Dry","Not Raining","Daylight","Hit Pedestrian",2,,,1331587.23,1671744.89
"2024-54547-19/09/2025","GLYNDE","CC OF NORWOOD,PAYNEHAM & ST PETERS",2,1,0,0,1,2024,"May","Saturday","12:20 pm",60,"Sealed","Dry","Not Raining","Daylight","Side Swipe",2,,,1332996.39,1674163.63
"2024-54553-19/09/2025","DAWESLEY","DC MT.BARKER.",2,1,0,1,0,2024,"May","Saturday","02:30 pm",60,"Sealed","Dry","Not Raining","Daylight","Hit Fixed Object",1,,,1359425.33,1656526.36
"2024-54562-19/09/2025","SEATON","CITY OF CHARLES STURT",2,2,0,1,1,2024,"May","Saturday","06:00 pm",60,"Sealed","Dry","Not Raining","Night","Hit Pedestrian",2,,,1319880.21,1675787.41
"2024-54578-19/09/2025","STIRLING","THE ADELAIDE HILLS COUNCIL",2,1,0,0,1,2024,"May","Sunday","01:35 pm",40,"Sealed","Dry","Not Raining","Daylight","Hit Pedestrian",2,,,1338793.31,1661657.89
"2024-54582-19/09/2025","BALHANNAH","THE ADELAIDE HILLS COUNCIL",3,2,0,0,2,2024,"May","Saturday","05:33 pm",80,"Sealed","Dry","Not Raining","Night","Rear End",2,,,1345431.31,1663547.96
"2024-54589-19/09/2025","VALE PARK","WALKERVILLE TOWN COUNCIL",2,2,0,0,2,2024,"May","Sunday","04:05 pm",60,"Sealed","Dry","Not Raining","Daylight","Rear End",1,,,1331192.88,1674745.74
"2024-54591-19/09/2025","COLONEL LIGHT GARDENS","CC MITCHAM.",2,1,0,0,1,2024,"May","Sunday","05:11 pm",60,"Sealed","Dry","Not Raining","Daylight","Right Angle",2,,,1328145.5,1663504.11
"2024-54592-19/09/2025","MEDINDIE","WALKERVILLE TOWN COUNCIL",1,1,0,0,1,2024,"April","Monday","04:15 pm",60,"Sealed","Dry","Not Raining","Daylight","Roll Over",9,,,1329103.39,1673402.63
"2024-54594-19/09/2025","MUNDULLA WEST","DC TATIARA.",2,2,0,0,2,2024,"May","Sunday","08:31 am",110,"Sealed","Dry","Not Raining","Daylight","Hit Fixed Object",1,,,1497725.57,1504316.94
"2024-54597-19/09/2025","ADELAIDE","CITY OF ADELAIDE",2,1,0,0,1,2024,"May","Sunday","07:43 pm",50,"Sealed","Dry","Not Raining","Night","Right Turn",2,,,1329024.85,1670686.76
"2024-54600-19/09/2025","PORT ADELAIDE","CITY OF PORT ADELAIDE ENFIELD",2,1,0,0,1,2024,"May","Monday","06:16 am",60,"Sealed","Dry","Not Raining","Night","Right Angle",2,,,1320509.08,1679073.54
"2024-54601-19/09/2025","WHYALLA STUART","CC WHYALLA.",2,1,0,1,0,2024,"May","Monday","06:55 am",50,"Sealed","Dry","Not Raining","Daylight","Right Angle",1,,,1235111.22,1882621.4
"2024-54602-19/09/2025","KENSINGTON PARK","CITY OF BURNSIDE",2,1,0,0,1,2024,"May","Monday","08:30 am",50,"Sealed","Dry","Not Raining","Daylight","Hit Pedestrian",2,,,1333066.73,1670765.44
"2024-54609-19/09/2025","KADINA","COPPER COAST DISTRICT COUNCIL",2,1,0,0,1,2024,"March","Tuesday","01:50 pm",50,"Sealed","Dry","Not Raining","Daylight","Side Swipe",2,,,1250315.16,1779683.37
"2024-54614-19/09/2025","HUNTFIELD HEIGHTS","CITY OF ONKAPARINGA",2,1,0,0,1,2024,"May","Monday","10:52 am",60,"Sealed","Dry","Not Raining","Daylight","Hit Fixed Object",1,,,1320879.72,1646550.58
"2024-54615-19/09/2025","WHYALLA NORRIE","CC WHYALLA.",2,1,0,0,1,2024,"May","Thursday","10:45 am",60,"Sealed","Dry","Not Raining","Daylight","Hit Pedestrian",2,,,1237614.1,1884572.04
"2024-54617-19/09/2025","DARLINGTON","CITY OF ONKAPARINGA",2,1,0,0,1,2024,"May","Monday","09:30 am",70,"Sealed","Dry","Not Raining","Daylight","Rear End",2,,,1324669.23,1659922.71