"REPORT_ID","Suburb","LGA Name","Total Units","Total Cas","Total Fats","Total SI","Total MI","Year","Month","Day","Time","Area Speed","Road Surface","Moisture Cond","Weather Cond","DayNight","Crash Type","Unit Resp","DUI Involved","Drugs Involved","ACCLOC_X","ACCLOC_Y"
"2024-54622-19/09/2025","REGENCY PARK","CITY OF PORT ADELAIDE ENFIELD",2,1,0,0,1,2024,"May","Monday","01:45 pm",60,"Sealed","Dry","Not Raining","Daylight","Side Swipe",2,,,1326449.52,1676375.13
"2024-54624-19/09/2025","KIDMAN PARK","CITY OF CHARLES STURT",2,2,0,0,2,2024,"May","Monday","02:01 pm",50,"Sealed","Dry","Not Raining","Daylight","Right Angle",1,,,1321952.82,1672210.82
"2024-54627-19/09/2025","SECOND VALLEY","DC YANKALILLA.",2,1,0,0,1,2024,"May","Friday","06:20 pm",100,"Sealed","Dry","Not Raining","Night","Hit Animal",2,,,1293760.85,1605295.08
"2024-54630-19/09/2025","MARLESTON","CITY OF WEST TORRENS",2,3,0,0,3,2024,"May","Monday","03:30 pm",60,"Sealed","Dry","Not Raining","Daylight","Roll Over",1,,,1324181.61,1668318.16
"2024-54634-19/09/2025","MAGILL","CC CAMPBELLTOWN.",4,2,0,0,2,2024,"May","Monday","03:50 pm",50,"Sealed","Dry","Not Raining","Daylight","Right Angle",2,,,1334824.86,1672062.58
"2024-54635-19/09/2025","GLYNDE","CC OF NORWOOD,PAYNEHAM & ST PETERS",2,3,0,0,3,2024,"May","Monday","04:14 pm",60,"Sealed","Dry","Not Raining","Daylight","Right Turn",2,,,1333785.54,1674516.59
"2024-54638-19/09/2025","ROSTREVOR","CC CAMPBELLTOWN.",2,1,0,0,1,2024,"May","Monday","02:13 pm",50,"Sealed","Dry","Not Raining","Daylight","Hit Fixed Object",1,,,1337659.74,1674152.18
"2024-54639-19/09/2025","FULLARTON","CITY OF UNLEY",2,1,0,0,1,2024,"May","Monday","04:55 pm",60,"Sealed","Dry","Not Raining","Daylight","Right Angle",1,,,1331057.76,1668051.34
"2024-54640-19/09/2025","PORT NOARLUNGA","CITY OF ONKAPARINGA",2,1,0,0,1,2024,"May","Monday","05:15 pm",50,"Sealed","Dry","Not Raining","Daylight","Hit Pedestrian",2,,,1315600.45,1646562.21
"2024-54641-19/09/2025","CLARENCE GARDENS","CC MITCHAM.",2,1,0,0,1,2024,"May","Monday","05:38 pm",60,"Sealed","Dry","Not Raining","Night","Rear End",2,,,1325907.36,1665291.83
"2024-54644-19/09/2025","WILLIAMSTOWN","THE BAROSSA COUNCIL.",2,1,0,0,1,2024,"May","Monday","06:02 pm",80,"Sealed","Dry","Not Raining","Night","Head On",1,"Y","Y",1354050.03,1698954.55
"2024-54646-19/09/2025","WOODVILLE WEST","CITY OF CHARLES STURT",3,1,0,0,1,2024,"May","Monday","03:55 pm",60,"Sealed","Dry","Not Raining","Daylight","Rear End",1,,,1322356.12,1676154.2
"2024-54648-19/09/2025","FLINDERS CHASE","KANGAROO ISLAND COUNCIL",1,1,0,1,0,2024,"May","Monday","05:20 pm",100,"Unsealed","Dry","Not Raining","Daylight","Roll Over",1,,,1160234.28,1578450.51
"2024-54651-19/09/2025","ROSTREVOR","CC CAMPBELLTOWN.",2,1,0,0,1,2024,"May","Tuesday","07:40 am",50,"Sealed","Dry","Not Raining","Daylight","Hit Parked Vehicle",1,,,1337455.13,1674425.97
"2024-54653-19/09/2025","HECTORVILLE","CC CAMPBELLTOWN.",2,1,0,0,1,2024,"May","Tuesday","08:40 am",60,"Sealed","Dry","Not Raining","Daylight","Right Angle",2,,,1334788.99,1674537.09
"2024-54659-19/09/2025","NORWOOD","CC OF NORWOOD,PAYNEHAM & ST PETERS",2,1,0,0,1,2024,"May","Tuesday","08:30 am",50,"Sealed","Dry","Not Raining","Daylight","Right Angle",2,,,1331241.45,1670715.28
"2024-54660-19/09/2025","MORPHETT VALE","CITY OF ONKAPARINGA",2,1,0,0,1,2024,"May","Tuesday","10:30 am",60,"Sealed","Dry","Not Raining","Daylight","Right Angle",1,,,1322860.89,1649914.12
"2024-54661-19/09/2025","HECTORVILLE","CC CAMPBELLTOWN.",3,1,0,0,1,2024,"May","Tuesday","11:10 am",60,"Sealed","Dry","Not Raining","Daylight","Right Angle",1,,,1335414.8,1674347.24
"2024-54665-19/09/2025","MINLATON","YORKE PENINSULA COUNCIL",2,1,0,1,0,2024,"May","Tuesday","11:20 am",100,"Sealed","Dry","Not Raining","Daylight","Hit Fixed Object",1,,,1241388.68,1688633.33
"2024-54676-19/09/2025","BORDERTOWN","DC TATIARA.",2,1,0,0,1,2024,"May","Tuesday","05:45 am",100,"Sealed","Dry","Not Raining","Night","Right Angle",1,,,1516429.3,1508016.79
"2024-54677-19/09/2025","RENOWN PARK","CITY OF CHARLES STURT",2,1,0,0,1,2024,"May","Tuesday","03:15 pm",60,"Sealed","Dry","Not Raining","Daylight","Rear End",2,,,1326942.85,1674097.85
"2024-54682-19/09/2025","MORPHETTVILLE","CC MARION.",2,1,0,0,1,2024,"May","Tuesday","04:02 pm",50,"Sealed","Dry","Not Raining","Daylight","Head On",1,,,1323337.21,1663212.43
"2024-54688-19/09/2025","ROBE","DC ROBE.",1,1,0,0,1,2024,"April","Sunday","02:15 pm",40,"Unsealed","Wet","Not Raining","Daylight","Roll Over",1,,,1423413.07,1414364.13
"2024-54689-19/09/2025","KURRALTA PARK","CITY OF WEST TORRENS",2,1,0,0,1,2024,"May","Tuesday","01:30 pm",60,"Sealed","Dry","Not Raining","Daylight","Side Swipe",2,,,1325199.58,1667292.34
"2024-54692-19/09/2025","WAYVILLE","CITY OF UNLEY",2,1,0,1,0,2024,"May","Tuesday","05:50 pm",40,"Sealed","Dry","Not Raining","Night","Hit Pedestrian",1,,,1327764.73,1668672.77
"2024-54693-19/09/2025","KESWICK","CITY OF WEST TORRENS",2,1,0,0,1,2024,"May","Tuesday","08:00 pm",60,"Sealed","Dry","Not Raining","Night","Right Turn",2,,,1325805.32,1668947.85
"2024-54698-19/09/2025","PARKSIDE","CITY OF UNLEY",3,1,0,1,0,2024,"May","Wednesday","06:07 am",60,"Sealed","Dry","Not Raining","Night","Hit Fixed Object",1,,,1330552.27,1668443.31
"2024-54708-19/09/2025","PORT BROUGHTON","BARUNGA WEST DISTRICT COUNCIL",2,1,0,0,1,2024,"May","Tuesday","10:43 am",50,"Sealed","Dry","Not Raining","Daylight","Right Angle",2,,,1271511.34,1819249.47
"2024-54710-19/09/2025","LOCKLEYS","CITY OF WEST TORRENS",3,1,0,0,1,2024,"May","Wednesday","08:30 am",60,"Sealed","Dry","Not Raining","Daylight","Rear End",1,,,1320911.17,1669960.22
"2024-54711-19/09/2025","WELLAND","CITY OF CHARLES STURT",2,1,0,0,1,2024,"May","Wednesday","07:45 am",60,"Sealed","Dry","Not Raining","Daylight","Right Turn",1,,,1324861.57,1673197.21
"2024-54719-19/09/2025","ELIZABETH VALE","CITY OF PLAYFORD.",2,2,0,0,2,2024,"May","Wednesday","01:09 pm",60,"Sealed","Dry","Not Raining","Daylight","Rear End",2,,,1334450.22,1689811.49
"2024-54721-19/09/2025","WESTBOURNE PARK","CC MITCHAM.",2,1,0,0,1,2024,"May","Tuesday","08:45 am",60,"Sealed","Dry","Not Raining","Daylight","Right Turn",1,,,1327529.36,1665477.68
"2024-54723-19/09/2025","LENSWOOD","THE ADELAIDE HILLS COUNCIL",2,1,0,0,1,2024,"May","Monday","09:00 pm",80,"Sealed","Dry","Not Raining","Night","Hit Fixed Object",1,,"Y",1349745.19,1669892.32
"2024-54734-19/09/2025","UNLEY","CITY OF UNLEY",2,1,0,1,0,2024,"May","Wednesday","04:10 pm",40,"Sealed","Dry","Not Raining","Daylight","Right Angle",1,,,1329282.95,1667913.26
"2024-54736-19/09/2025","WINDSOR GARDENS","CITY OF PORT ADELAIDE ENFIELD",2,1,0,0,1,2024,"May","Wednesday","05:55 pm",60,"Sealed","Dry","Not Raining","Night","Right Turn",2,,,1334324.17,1677605.01
"2024-54737-19/09/2025","STURT","CC MARION.",2,1,0,0,1,2024,"May","Wednesday","06:22 pm",60,"Sealed","Dry","Not Raining","Night","Right Turn",2,,,1323555.33,1660645.06
"2024-54738-19/09/2025","WOODVILLE SOUTH","CITY OF CHARLES STURT",2,1,0,0,1,2024,"May","Wednesday","06:10 pm",60,"Sealed","Dry","Not Raining","Night","Right Angle",2,,,1323024.53,1675577.53
"2024-54741-19/09/2025","HINDMARSH","CITY OF CHARLES STURT",3,1,0,0,1,2024,"May","Wednesday","04:20 pm",60,"Sealed","Dry","Not Raining","Daylight","Rear End",1,,,1326126.4,1672900.82
"2024-54743-19/09/2025","ANDREWS FARM","CITY OF PLAYFORD.",2,1,0,0,1,2024,"May","Thursday","07:20 am",60,"Sealed","Dry","Not Raining","Daylight","Rear End",1,,,1334636.12,1699534.38
"2024-54746-19/09/2025","KENSINGTON PARK","CITY OF BURNSIDE",2,1,0,1,0,2024,"May","Thursday","08:35 am",60,"Sealed","Dry","Not Raining","Daylight","Right Turn",2,,,1333879.5,1671121.63
"2024-54748-19/09/2025","MUNNO PARA","CITY OF PLAYFORD.",2,1,0,0,1,2024,"May","Thursday","07:30 pm",60,"Sealed","Dry","Not Raining","Night","Right Angle",2,,,1337499.45,1698102.15
"2024-54750-19/09/2025","ELIZABETH EAST","CITY OF PLAYFORD.",2,2,0,0,2,2024,"May","Thursday","10:05 am",80,"Sealed","Dry","Not Raining","Daylight","Right Turn",1,,,1336146.35,1691544.42
"2024-54757-19/09/2025","MOUNT BARKER","DC MT.BARKER.",2,1,0,0,1,2024,"May","Thursday","12:20 pm",50,"Sealed","Dry","Not Raining","Daylight","Hit Fixed Object",1,,,1351983.8,1653394.68
"2024-54764-19/09/2025","EDWARDSTOWN","CC MARION.",2,1,0,0,1,2024,"May","Thursday","03:06 pm",50,"Sealed","Dry","Not Raining","Daylight","Rear End",2,,,1325074.12,1665520.36
"2024-54765-19/09/2025","ADELAIDE","CITY OF ADELAIDE",2,1,0,0,1,2024,"May","Thursday","11:50 am",50,"Sealed","Dry","Not Raining","Daylight","Hit Pedestrian",2,,,1329240.26,1670692.56
"2024-54772-19/09/2025","VALE PARK","WALKERVILLE TOWN COUNCIL",2,2,0,0,2,2024,"May","Thursday","06:00 pm",60,"Sealed","Dry","Not Raining","Night","Rear End",1,,,1330756.82,1675443.96
"2024-54774-19/09/2025","SURREY DOWNS","CITY OF TEA TREE GULLY",2,1,0,0,1,2024,"May","Thursday","06:20 pm",60,"Sealed","Dry","Not Raining","Night","Rear End",2,,,1338266.95,1683574.17
"2024-54777-19/09/2025","MUNNO PARA","CITY OF PLAYFORD.",2,1,0,0,1,2024,"May","Thursday","02:57 pm",90,"Sealed","Dry","Not Raining","Daylight","Rear End",1,,,1338762.48,1698791.49
"2024-54779-19/09/2025","SEMAPHORE SOUTH","CITY OF PORT ADELAIDE ENFIELD",2,1,0,0,1,2024,"May","Thursday","07:52 pm",60,"Sealed","Dry","Not Raining","Night","Right Turn",2,,,1318225.49,1679306.36
"2024-54781-19/09/2025","DAVOREN PARK","CITY OF PLAYFORD.",2,1,0,1,0,2024,"May","Thursday","10:30 am",60,"Unknown","Dry","Not Raining","Daylight","Hit Pedestrian",1,,,1335476.78,1695817.05
"2024-54783-19/09/2025","WINGFIELD","CITY OF PORT ADELAIDE ENFIELD",2,1,0,1,0,2024,"May","Friday","06:55 am",60,"Sealed","Dry","Not Raining","Night","Right Turn",1,,,1325127.17,1679192.45
"2024-54784-19/09/2025","RENOWN PARK","CITY OF CHARLES STURT",3,1,0,0,1,2024,"May","Friday","07:10 am",60,"Sealed","Dry","Not Raining","Daylight","Hit Fixed Object",1,,,1326062.74,1675101.51
"2024-54786-19/09/2025","WALKERVILLE","WALKERVILLE TOWN COUNCIL",2,1,0,0,1,2024,"May","Friday","08:20 am",60,"Sealed","Dry","Not Raining","Daylight","Right Turn",1,,,1330237.19,1674995.03
"2024-54789-19/09/2025","CAVAN","CITY OF SALISBURY",3,1,0,0,1,2024,"May","Friday","08:50 am",70,"Sealed","Dry","Not Raining","Daylight","Rear End",1,,,1328733.33,1681830.71
"2024-54794-19/09/2025","KESWICK","CITY OF WEST TORRENS",2,1,0,1,0,2024,"May","Thursday","04:45 pm",60,"Sealed","Dry","Not Raining","Daylight","Right Turn",1,,,1325909.66,1668952.58
"2024-54798-19/09/2025","BERRI","THE BERRI BARMERA COUNCIL",2,1,0,0,1,2024,"May","Friday","10:57 am",50,"Sealed","Dry","Not Raining","Daylight","Hit Pedestrian",1,,,1514849.35,1733533.29
"2024-54799-19/09/2025","STIRLING","THE ADELAIDE HILLS COUNCIL",1,1,0,0,1,2024,"May","Friday","11:25 am",110,"Sealed","Dry","Not Raining","Daylight","Roll Over",1,,,1340622.72,1662647.7
"2024-54800-19/09/2025","WOODVILLE PARK","CITY OF CHARLES STURT",2,1,0,0,1,2024,"May","Friday","11:39 am",60,"Sealed","Dry","Not Raining","Daylight","Right Angle",1,,,1323610.09,1675074.42
"2024-54801-19/09/2025","PARADISE","CC CAMPBELLTOWN.",2,1,0,0,1,2024,"May","Thursday","04:15 pm",60,"Sealed","Dry","Not Raining","Daylight","Right Angle",2,,,1334461.82,1676974.32
"2024-54806-19/09/2025","WHYALLA BARSON","CC WHYALLA.",2,3,0,3,0,2024,"May","Friday","10:30 am",100,"Sealed","Dry","Not Raining","Daylight","Right Angle",2,,,1239454.93,1885546.44
"2024-54815-19/09/2025","BROOKLYN PARK","CITY OF WEST TORRENS",2,1,0,0,1,2024,"May","Friday","09:15 am",60,"Sealed","Dry","Not Raining","Daylight","Rear End",1,,,1323369.02,1670091.04
"2024-54817-19/09/2025","UNLEY","CITY OF UNLEY",2,1,0,0,1,2024,"May","Friday","01:00 pm",60,"Sealed","Dry","Not Raining","Daylight","Right Angle",1,,,1328637.97,1668952.34
"2024-54819-19/09/2025","WINGFIELD","CITY OF PORT ADELAIDE ENFIELD",2,1,0,0,1,2024,"May","Thursday","04:10 pm",50,"Sealed","Dry","Not Raining","Daylight","Side Swipe",1,,,1325672.14,1679419.89
"2024-54821-19/09/2025","PLYMPTON","CITY OF WEST TORRENS",3,1,0,0,1,2024,"May","Friday","06:10 pm",60,"Sealed","Dry","Not Raining","Night","Rear End",1,,,1323990.87,1666405.92
"2024-54825-19/09/2025","BALHANNAH","THE ADELAIDE HILLS COUNCIL",2,1,0,1,0,2024,"May","Friday","08:00 pm",40,"Sealed","Dry","Not Raining","Night","Hit Fixed Object",1,"Y",,1349084.44,1662131.3
"2024-54826-19/09/2025","PARALOWIE","CITY OF SALISBURY",2,1,0,0,1,2024,"May","Friday","10:08 pm",60,"Sealed","Dry","Not Raining","Night","Right Angle",1,,,1328854.76,1690100.01
"2024-54827-19/09/2025","GAWLER","CT GAWLER.",2,1,0,1,0,2024,"May","Friday","10:40 pm",50,"Sealed","Dry","Not Raining","Night","Hit Pedestrian",2,"Y",,1343360.07,1706742.66
"2024-54833-19/09/2025","FLINDERS PARK","CITY OF CHARLES STURT",2,1,0,0,1,2024,"May","Saturday","10:40 am",60,"Sealed","Dry","Not Raining","Daylight","Rear End",1,,,1323979.26,1672724.72
"2024-54839-19/09/2025","SEAFORD RISE","CITY OF ONKAPARINGA",2,1,0,1,0,2024,"May","Saturday","12:27 pm",70,"Sealed","Dry","Not Raining","Daylight","Right Angle",1,,,1316449.21,1639296.46
"2024-54848-19/09/2025","PORT ELLIOT","ALEXANDRINA COUNCIL",2,3,1,2,0,2024,"May","Saturday","02:45 pm",50,"Sealed","Dry","Not Raining","Daylight","Right Angle",2,,"Y",1333317.66,1603408.32
"2024-54850-19/09/2025","HYDE PARK","CITY OF UNLEY",2,1,0,0,1,2024,"May","Saturday","04:15 pm",50,"Sealed","Dry","Not Raining","Daylight","Hit Pedestrian",2,,,1328396.05,1667463.85
"2024-54860-19/09/2025","COOBER PEDY",,2,1,0,0,1,2024,"May","Saturday","06:38 pm",110,"Sealed","Dry","Not Raining","Night","Hit Animal",2,,,996749.76,2301638.33
"2024-54864-19/09/2025","IRONSTONE","KANGAROO ISLAND COUNCIL",2,1,0,1,0,2024,"May","Sunday","05:50 am",100,"Unsealed","Dry","Not Raining","Night","Hit Fixed Object",1,"Y",,1271632.34,1582363.09
"2024-54870-19/09/2025","MORPHETT VALE","CITY OF ONKAPARINGA",2,1,0,0,1,2024,"May","Saturday","12:15 pm",60,"Sealed","Dry","Not Raining","Daylight","Rear End",2,,,1320954.85,1647534.67
"2024-54873-19/09/2025","SALISBURY EAST","CITY OF SALISBURY",1,1,0,0,1,2024,"May","Sunday","02:35 pm",80,"Sealed","Dry","Not Raining","Daylight","Roll Over",1,,,1336484.3,1687422.12
"2024-54874-19/09/2025","MIDDLEBACK RANGE","CC WHYALLA.",2,2,0,2,0,2024,"May","Sunday","02:10 pm",100,"Unsealed","Dry","Not Raining","Daylight","Side Swipe",2,,,1228552.2,1873155.59
"2024-54877-19/09/2025","ST KILDA","CITY OF SALISBURY",2,1,0,0,1,2024,"May","Sunday","04:15 pm",10,"Sealed","Dry","Not Raining","Daylight","Hit Pedestrian",2,,,1323376.82,1691265.92
"2024-54879-19/09/2025","SEMAPHORE","CITY OF PORT ADELAIDE ENFIELD",2,3,0,0,3,2024,"May","Sunday","07:00 pm",60,"Sealed","Dry","Not Raining","Night","Right Angle",2,,,1318421.48,1681176.72
"2024-54881-19/09/2025","ONE TREE HILL","CITY OF PLAYFORD.",2,1,0,0,1,2024,"May","Sunday","07:35 pm",80,"Sealed","Dry","Not Raining","Night","Hit Fixed Object",1,,,1340235.02,1694375.86
"2024-54882-19/09/2025","WOODVILLE WEST","CITY OF CHARLES STURT",2,2,0,0,2,2024,"May","Sunday","07:53 pm",60,"Sealed","Dry","Not Raining","Night","Rear End",2,,,1321773.05,1674710.95
"2024-54884-19/09/2025","SALISBURY PLAIN","CITY OF SALISBURY",2,1,0,0,1,2024,"May","Monday","06:54 am",80,"Sealed","Dry","Not Raining","Night","Rear End",2,,"Y",1334760.39,1687250.07
"2024-54886-19/09/2025","PARACOMBE","THE ADELAIDE HILLS COUNCIL",2,1,0,0,1,2024,"May","Sunday","04:30 pm",80,"Sealed","Dry","Not Raining","Daylight","Hit Fixed Object",1,,,1343796.2,1677213
"2024-54891-19/09/2025","LOXTON","LOXTON WAIKERIE DISTRICT COUNCIL",2,1,0,0,1,2024,"May","Monday","10:45 am",50,"Sealed","Dry","Not Raining","Daylight","Right Angle",1,,,1510425.11,1715383.15
"2024-54892-19/09/2025","UNDERDALE","CITY OF WEST TORRENS",3,1,0,0,1,2024,"May","Monday","09:40 am",60,"Sealed","Dry","Not Raining","Daylight","Right Angle",1,,,1324294.91,1670944.33
"2024-54893-19/09/2025","PASADENA","CC MITCHAM.",4,1,0,0,1,2024,"May","Monday","10:45 am",60,"Sealed","Dry","Not Raining","Daylight","Hit Parked Vehicle",1,,,1327602.99,1662708.76
"2024-54894-19/09/2025","LEABROOK","CITY OF BURNSIDE",2,1,0,0,1,2024,"May","Monday","08:35 am",60,"Sealed","Dry","Not Raining","Daylight","Rear End",2,,,1333899.19,1670462.72
"2024-54897-19/09/2025","ONKAPARINGA HILLS","CITY OF ONKAPARINGA",2,1,0,0,1,2024,"May","Monday","11:45 am",70,"Sealed","Dry","Not Raining","Daylight","Hit Fixed Object",1,,,1325027.79,1647540.98
"2024-54898-19/09/2025","ELIZABETH NORTH","CITY OF PLAYFORD.",2,1,0,0,1,2024,"May","Sunday","05:30 pm",60,"Sealed","Dry","Not Raining","Night","Rear End",2,,,1335740.05,1695057.29
"2024-54901-19/09/2025","FINDON","CITY OF CHARLES STURT",2,1,0,0,1,2024,"May","Monday","01:40 pm",60,"Sealed","Dry","Not Raining","Daylight","Side Swipe",2,,,1322384.21,1674333.55
"2024-54907-19/09/2025","MITCHELL PARK","CC MARION.",3,2,0,0,2,2024,"May","Monday","03:45 pm",50,"Sealed","Dry","Not Raining","Daylight","Head On",2,,,1324539.81,1661719.91
"2024-54908-19/09/2025","MAGILL","CC CAMPBELLTOWN.",2,1,0,0,1,2024,"May","Monday","04:11 pm",60,"Sealed","Dry","Not Raining","Daylight","Right Angle",2,,,1335459.03,1672690.81
"2024-54910-19/09/2025","BURTON","CITY OF SALISBURY",2,1,0,0,1,2024,"May","Monday","04:21 pm",90,"Sealed","Dry","Not Raining","Daylight","Right Turn",2,,,1327911.27,1691015.85
"2024-54923-19/09/2025","PARKSIDE","CITY OF UNLEY",3,2,0,0,2,2024,"May","Monday","08:55 pm",60,"Sealed","Dry","Not Raining","Night","Hit Pedestrian",2,"Y",,1329057.07,1668963.89
"2024-54925-19/09/2025","ARMAGH","CLARE AND GILBERT VALLEYS DISTRICT COUNCIL",2,1,0,0,1,2024,"May","Monday","04:50 pm",100,"Sealed","Dry","Not Raining","Daylight","Hit Animal",2,,,1329847.97,1791112.63
"2024-54933-19/09/2025","SALISBURY EAST","CITY OF SALISBURY",2,1,0,0,1,2024,"May","Tuesday","08:21 am",60,"Sealed","Dry","Not Raining","Daylight","Side Swipe",1,,,1333906.86,1684880.64
"2024-54934-19/09/2025","GILLES PLAINS","CITY OF PORT ADELAIDE ENFIELD",2,1,0,0,1,2024,"May","Tuesday","09:07 am",60,"Sealed","Dry","Not Raining","Daylight","Rear End",1,,,1334382.61,1678376.16
"2024-54936-19/09/2025","NORTH ADELAIDE","CITY OF ADELAIDE",2,1,0,0,1,2024,"May","Tuesday","10:35 am",50,"Sealed","Dry","Not Raining","Daylight","Right Turn",1,,,1328121.77,1673175.51
"2024-54937-19/09/2025","WINDSOR GARDENS","CITY OF PORT ADELAIDE ENFIELD",2,1,0,0,1,2024,"May","Monday","06:20 pm",60,"Sealed","Dry","Not Raining","Night","Rear End",2,,,1332896.78,1677303.43
"2024-54942-19/09/2025","NORWOOD","CC OF NORWOOD,PAYNEHAM & ST PETERS",2,1,0,0,1,2024,"May","Monday","04:00 pm",60,"Sealed","Dry","Not Raining","Daylight","Side Swipe",2,,,1330623.32,1670361.88
"2024-54946-19/09/2025","EDINBURGH NORTH","CITY OF PLAYFORD.",2,1,0,0,1,2024,"May","Tuesday","02:59 pm",60,"Sealed","Dry","Not Raining","Daylight","Right Angle",1,,,1334921.32,1694319.84
"2024-54947-19/09/2025","MILE END SOUTH","CITY OF WEST TORRENS",2,1,0,0,1,2024,"May","Tuesday","03:20 pm",60,"Sealed","Dry","Not Raining","Daylight","Rear End",1,,,1326178.39,1670106.63
"2024-54952-19/09/2025","GLENSIDE","CITY OF BURNSIDE",2,1,0,0,1,2024,"May","Tuesday","04:37 pm",50,"Sealed","Dry","Not Raining","Daylight","Side Swipe",1,,,1332216.42,1668696.29
"2024-54953-19/09/2025","DRY CREEK","CITY OF SALISBURY",2,1,0,0,1,2024,"May","Tuesday","04:45 pm",80,"Sealed","Dry","Not Raining","Daylight","Rear End",2,,,1328640.06,1684537.67
"2024-54954-19/09/2025","SEMAPHORE","CITY OF PORT ADELAIDE ENFIELD",2,1,0,0,1,2024,"May","Tuesday","05:05 pm",50,"Sealed","Dry","Not Raining","Daylight","Hit Pedestrian",2,,,1318368.65,1680691.06
"2024-54961-19/09/2025","LOVEDAY","THE BERRI BARMERA COUNCIL",2,1,0,0,1,2024,"May","Tuesday","03:00 pm",100,"Sealed","Dry","Not Raining","Daylight","Right Turn",1,,,1497795.9,1735175.05
"2024-54965-19/09/2025","SALISBURY","CITY OF SALISBURY",3,2,0,0,2,2024,"May","Tuesday","06:55 pm",60,"Sealed","Dry","Not Raining","Night","Rear End",1,,,1332782.42,1688511.32
"2024-54967-19/09/2025","MEADOWS","DC MT.BARKER.",3,1,0,1,0,2024,"May","Tuesday","06:05 pm",100,"Sealed","Dry","Not Raining","Night","Right Angle",1,,,1339259.32,1642141.71
"2024-54971-19/09/2025","URRBRAE","CC MITCHAM.",2,1,0,1,0,2024,"May","Wednesday","03:50 am",60,"Sealed","Dry","Not Raining","Night","Roll Over",1,,,1332373.16,1666370.92
"2024-54974-19/09/2025","TROTT PARK","CC MARION.",3,1,0,0,1,2024,"May","Wednesday","08:16 am",100,"Sealed","Dry","Not Raining","Daylight","Hit Fixed Object",1,,,1322801.65,1654267.41
"2024-54977-19/09/2025","TARLEE","CLARE AND GILBERT VALLEYS DISTRICT COUNCIL",2,1,0,1,0,2024,"May","Monday","03:40 pm",100,"Unsealed","Dry","Not Raining","Daylight","Head On",1,,,1346264.33,1741099.79
"2024-54985-19/09/2025","STURT","CC MARION.",2,1,0,0,1,2024,"May","Wednesday","10:02 am",60,"Sealed","Dry","Not Raining","Daylight","Rear End",1,,,1324410.83,1660679.91
"2024-54986-19/09/2025","SALISBURY PLAIN","CITY OF SALISBURY",2,1,0,0,1,2024,"February","Thursday","08:30 am",80,"Sealed","Dry","Not Raining","Daylight","Rear End",2,,,1334850.44,1687364.12
"2024-54992-19/09/2025","URAIDLA","THE ADELAIDE HILLS COUNCIL",2,1,0,0,1,2024,"May","Tuesday","01:30 pm",50,"Sealed","Dry","Not Raining","Daylight","Other",1,,,1341648.05,1666351.06
"2024-54998-19/09/2025","WALKERVILLE","WALKERVILLE TOWN COUNCIL",2,2,0,0,2,2024,"May","Wednesday","03:00 pm",60,"Sealed","Dry","Not Raining","Daylight","Right Angle",1,,,1329861.24,1674670.61
"2024-55004-19/09/2025","MALVERN","CITY OF UNLEY",2,1,0,0,1,2024,"May","Wednesday","03:40 pm",50,"Sealed","Dry","Not Raining","Daylight","Right Angle",2,,,1329723.45,1667454.24
"2024-55006-19/09/2025","MILLSWOOD","CITY OF UNLEY",2,1,0,0,1,2024,"May","Wednesday","05:30 pm",60,"Sealed","Dry","Not Raining","Night","Side Swipe",1,,,1327471.63,1666934.82
"2024-55008-19/09/2025","GOLDEN GROVE","CITY OF TEA TREE GULLY",2,4,0,0,4,2024,"May","Wednesday","05:56 pm",60,"Sealed","Dry","Not Raining","Night","Right Angle",2,,,1338995.83,1686245.12
"2024-55009-19/09/2025","SALISBURY","CITY OF SALISBURY",3,1,0,0,1,2024,"May","Wednesday","05:25 pm",60,"Sealed","Dry","Not Raining","Night","Right Angle",1,,,1333481.26,1689043.72
"2024-55011-19/09/2025","BRAHMA LODGE","CITY OF SALISBURY",4,1,0,0,1,2024,"May","Wednesday","05:43 pm",80,"Sealed","Dry","Not Raining","Night","Rear End",1,,,1334602.77,1687084.5
"2024-55013-19/09/2025","SMITHFIELD PLAINS","CITY OF PLAYFORD.",2,1,0,1,0,2024,"May","Wednesday","06:39 pm",60,"Sealed","Dry","Not Raining","Night","Right Angle",1,,,1336954.48,1697849.81
"2024-55017-19/09/2025","KENT TOWN","CC OF NORWOOD,PAYNEHAM & ST PETERS",2,1,0,0,1,2024,"May","Thursday","04:50 pm",60,"Sealed","Dry","Not Raining","Daylight","Right Turn",2,,,1330318.77,1670636.09
"2024-55019-19/09/2025","PARADISE","CC CAMPBELLTOWN.",2,2,0,1,1,2024,"May","Wednesday","07:59 pm",60,"Sealed","Dry","Not Raining","Night","Right Turn",2,,,1334981.44,1676242.38
"2024-55020-19/09/2025","GEPPS CROSS","CITY OF PORT ADELAIDE ENFIELD",2,1,0,0,1,2024,"May","Wednesday","08:22 pm",60,"Sealed","Dry","Not Raining","Night","Right Turn",2,,,1328821.62,1679280.51
"2024-55022-19/09/2025","VALLEY VIEW","CITY OF PORT ADELAIDE ENFIELD",2,1,0,1,0,2024,"May","Thursday","12:30 am",60,"Sealed","Dry","Not Raining","Night","Hit Fixed Object",1,"Y",,1334117.18,1679748.61
"2024-55024-19/09/2025","NORWOOD","CC OF NORWOOD,PAYNEHAM & ST PETERS",2,1,0,0,1,2024,"May","Thursday","08:17 am",50,"Sealed","Dry","Not Raining","Daylight","Right Angle",2,,,1331844.74,1671411.97
"2024-55026-19/09/2025","BRINKLEY","RC MURRAY BRIDGE.",2,1,0,0,1,2024,"May","Thursday","06:55 am",100,"Sealed","Dry","Not Raining","Night","Hit Animal",1,,,1382991.32,1632126.63