"REPORT_ID","Suburb","LGA Name","Total Units","Total Cas","Total Fats","Total SI","Total MI","Year","Month","Day","Time","Area Speed","Road Surface","Moisture Cond","Weather Cond","DayNight","Crash Type","Unit Resp","DUI Involved","Drugs Involved","ACCLOC_X","ACCLOC_Y"
"2024-55027-19/09/2025","LIGHTSVIEW","CITY OF PORT ADELAIDE ENFIELD",3,1,0,0,1,2024,"May","Thursday","08:58 am",60,"Sealed","Dry","Not Raining","Daylight","Rear End",1,,,1330403.26,1677917.86
"2024-55028-19/09/2025","VIRGINIA","CITY OF PLAYFORD.",2,1,0,0,1,2024,"May","Thursday","07:35 am",100,"Sealed","Dry","Not Raining","Daylight","Right Angle",2,,,1325312.88,1701339.85
"2024-55036-19/09/2025","MAYLANDS","CC OF NORWOOD,PAYNEHAM & ST PETERS",2,1,0,0,1,2024,"May","Thursday","10:12 am",60,"Sealed","Dry","Not Raining","Daylight","Hit Fixed Object",1,,,1332223.86,1672322.69
"2024-55041-19/09/2025","ELIZABETH","CITY OF PLAYFORD.",2,4,0,1,3,2024,"May","Thursday","12:48 pm",50,"Sealed","Dry","Not Raining","Daylight","Right Angle",2,,,1335337.57,1693201.94
"2024-55043-19/09/2025","DAW PARK","CC MITCHAM.",2,1,0,0,1,2024,"May","Wednesday","07:15 pm",60,"Sealed","Dry","Not Raining","Night","Rear End",2,,,1327589.19,1663687.02
"2024-55045-19/09/2025","LARGS NORTH","CITY OF PORT ADELAIDE ENFIELD",2,2,0,1,1,2024,"May","Thursday","01:45 pm",60,"Sealed","Dry","Not Raining","Daylight","Right Angle",2,,,1319226.16,1683196.39
"2024-55046-19/09/2025","POORAKA","CITY OF SALISBURY",2,2,0,0,2,2024,"May","Thursday","01:50 pm",70,"Sealed","Dry","Not Raining","Daylight","Side Swipe",1,,,1329586.52,1681361.94
"2024-55049-19/09/2025","CLARENCE GARDENS","CC MITCHAM.",2,1,0,0,1,2024,"May","Thursday","02:39 pm",60,"Sealed","Dry","Not Raining","Daylight","Hit Fixed Object",1,,,1325904.94,1665037.01
"2024-55050-19/09/2025","SEAFORD RISE","CITY OF ONKAPARINGA",2,1,0,0,1,2024,"May","Thursday","11:30 am",80,"Sealed","Dry","Not Raining","Daylight","Rear End",2,,,1317541.35,1641655.25
"2024-55051-19/09/2025","NOARLUNGA CENTRE","CITY OF ONKAPARINGA",2,2,0,0,2,2024,"May","Thursday","02:56 pm",60,"Sealed","Wet","Not Raining","Daylight","Right Turn",1,,,1317352.19,1647429.77
"2024-55054-19/09/2025","BLACKWOOD","CC MITCHAM.",2,1,0,0,1,2024,"May","Thursday","04:31 pm",50,"Sealed","Dry","Not Raining","Daylight","Right Angle",2,,,1329690.48,1660048.86
"2024-55061-19/09/2025","STIRLING","THE ADELAIDE HILLS COUNCIL",4,1,0,0,1,2024,"May","Thursday","06:02 pm",100,"Sealed","Dry","Not Raining","Night","Rear End",1,,,1338555.36,1662019.11
"2024-55070-19/09/2025","BOLIVAR","CITY OF SALISBURY",3,1,0,0,1,2024,"May","Friday","05:54 am",90,"Sealed","Dry","Not Raining","Night","Right Turn",2,,,1328471.89,1688636.97
"2024-55079-19/09/2025","CAVAN","CITY OF SALISBURY",2,1,0,0,1,2024,"May","Thursday","04:00 pm",70,"Sealed","Dry","Not Raining","Daylight","Rear End",2,,,1329185.54,1681660.75
"2024-55080-19/09/2025","MAGILL","CC CAMPBELLTOWN.",2,1,0,0,1,2024,"February","Thursday","08:40 am",50,"Sealed","Dry","Not Raining","Daylight","Right Angle",2,,,1335260.38,1672532.41
"2024-55089-19/09/2025","WILD DOG VALLEY","DC NARACOORTE & LUCINDALE.",2,2,0,0,2,2024,"May","Friday","11:39 am",110,"Sealed","Dry","Not Raining","Daylight","Hit Fixed Object",1,,"Y",1507299.47,1447832.35
"2024-55090-19/09/2025","HENLEY BEACH","CITY OF CHARLES STURT",1,1,0,1,0,2024,"May","Friday","06:25 am",40,"Sealed","Dry","Not Raining","Night","Roll Over",1,,,1318920.85,1671466.46
"2024-55095-19/09/2025","ROSE PARK","CITY OF BURNSIDE",2,2,0,0,2,2024,"May","Friday","12:55 pm",60,"Sealed","Dry","Not Raining","Daylight","Rear End",2,,,1330643.67,1670191.77
"2024-55098-19/09/2025","MAGDALA","LIGHT REGIONAL COUNCIL",3,2,2,0,0,2024,"May","Friday","02:10 pm",100,"Sealed","Dry","Not Raining","Daylight","Side Swipe",1,,,1339981.22,1725306.43
"2024-55100-19/09/2025","MYRTLE BANK","CITY OF UNLEY",3,4,0,0,4,2024,"May","Friday","02:53 pm",60,"Sealed","Dry","Not Raining","Daylight","Rear End",1,,,1330753.58,1666707.18
"2024-55103-19/09/2025","MCLAREN VALE","CITY OF ONKAPARINGA",2,1,0,0,1,2024,"May","Friday","03:40 pm",50,"Sealed","Dry","Not Raining","Daylight","Rear End",1,,,1321663.02,1638891.05
"2024-55104-19/09/2025","KESWICK","CITY OF WEST TORRENS",2,1,0,0,1,2024,"May","Friday","07:40 am",60,"Sealed","Dry","Not Raining","Daylight","Rear End",1,,,1326772.99,1668779.07
"2024-55105-19/09/2025","WOODSIDE","THE ADELAIDE HILLS COUNCIL",2,1,0,1,0,2024,"May","Friday","02:30 pm",80,"Sealed","Dry","Not Raining","Daylight","Hit Fixed Object",1,,"Y",1355709.16,1668673.18
"2024-55107-19/09/2025","BROOKLYN PARK","CITY OF WEST TORRENS",2,1,0,0,1,2024,"May","Friday","04:24 pm",50,"Sealed","Dry","Not Raining","Daylight","Hit Fixed Object",1,,,1323900.69,1670733.31
"2024-55114-19/09/2025","CAREY GULLY","THE ADELAIDE HILLS COUNCIL",2,1,0,0,1,2024,"May","Friday","05:25 pm",80,"Sealed","Dry","Not Raining","Night","Hit Fixed Object",1,,,1343222.5,1666165.62
"2024-55115-19/09/2025","SALISBURY EAST","CITY OF SALISBURY",2,1,0,1,0,2024,"May","Friday","03:50 pm",80,"Sealed","Dry","Not Raining","Daylight","Rear End",1,,,1336973.6,1686229.46
"2024-55117-19/09/2025","NORTH ADELAIDE","CITY OF ADELAIDE",2,1,0,0,1,2024,"May","Friday","06:25 pm",50,"Sealed","Dry","Not Raining","Night","Hit Pedestrian",2,,,1328238.86,1672728.63
"2024-55119-19/09/2025","KAROONDA","DC KAROONDA EAST MURRAY.",1,1,0,1,0,2024,"May","Friday","06:54 pm",80,"Unsealed","Dry","Not Raining","Night","Roll Over",1,,"Y",1446532.82,1647468.18
"2024-55121-19/09/2025","MOUNT OSMOND","CITY OF BURNSIDE",3,3,0,0,3,2024,"May","Friday","09:09 pm",40,"Sealed","Wet","Not Raining","Night","Rear End",1,"Y",,1333037.46,1665338.7
"2024-55125-19/09/2025","OUTER HARBOR","CITY OF PORT ADELAIDE ENFIELD",3,1,0,0,1,2024,"May","Saturday","02:45 am",60,"Sealed","Dry","Not Raining","Night","Hit Fixed Object",1,,,1318694.19,1687566.76
"2024-55127-19/09/2025","CHRISTIE DOWNS","CITY OF ONKAPARINGA",2,1,0,0,1,2024,"May","Saturday","07:55 am",50,"Sealed","Dry","Not Raining","Daylight","Right Angle",1,,,1318995.53,1647886.29
"2024-55128-19/09/2025","ST CLAIR","CITY OF CHARLES STURT",2,1,0,0,1,2024,"May","Saturday","09:00 am",60,"Sealed","Dry","Not Raining","Daylight","Right Turn",1,,"Y",1322226.5,1677238.33
"2024-55131-19/09/2025","UNLEY","CITY OF UNLEY",2,1,0,0,1,2024,"May","Saturday","11:35 am",40,"Sealed","Dry","Not Raining","Daylight","Right Angle",1,,,1329887.71,1667930.54
"2024-55132-19/09/2025","STEPNEY","CC OF NORWOOD,PAYNEHAM & ST PETERS",2,1,0,0,1,2024,"May","Saturday","11:40 am",60,"Sealed","Dry","Not Raining","Daylight","Right Angle",1,,,1331191.58,1672224.61
"2024-55140-19/09/2025","MAWSON LAKES","CITY OF SALISBURY",4,1,0,0,1,2024,"May","Saturday","01:57 pm",80,"Sealed","Dry","Not Raining","Daylight","Hit Fixed Object",1,,,1328669.33,1683350.84
"2024-55141-19/09/2025","TERINGIE","THE ADELAIDE HILLS COUNCIL",1,1,0,0,1,2024,"May","Saturday","02:15 pm",60,"Sealed","Dry","Not Raining","Daylight","Roll Over",1,,,1337200.93,1671964.33
"2024-55142-19/09/2025","SALISBURY SOUTH","CITY OF SALISBURY",2,1,0,0,1,2024,"May","Saturday","02:45 pm",70,"Sealed","Dry","Not Raining","Daylight","Right Angle",2,,,1332363.35,1686096.24
"2024-55143-19/09/2025","WOODVILLE SOUTH","CITY OF CHARLES STURT",2,1,0,0,1,2024,"May","Saturday","02:45 pm",60,"Sealed","Dry","Not Raining","Daylight","Right Turn",2,,,1322371.35,1675246.13
"2024-55150-19/09/2025","EDINBURGH","CITY OF SALISBURY",1,1,0,0,1,2024,"May","Saturday","08:20 am",50,"Sealed","Dry","Not Raining","Daylight","Roll Over",1,,,1332998.59,1690066.29
"2024-55153-19/09/2025","GOLDEN GROVE","CITY OF TEA TREE GULLY",2,1,0,0,1,2024,"May","Saturday","09:10 pm",60,"Sealed","Dry","Not Raining","Night","Right Turn",2,,,1337859.71,1685518.84
"2024-55156-19/09/2025","CEDUNA","DC CEDUNA",2,1,0,0,1,2024,"May","Sunday","01:25 am",50,"Unsealed","Dry","Not Raining","Night","Hit Fixed Object",1,"Y","Y",875259.05,1984599.11
"2024-55157-19/09/2025","REGENCY PARK","CITY OF PORT ADELAIDE ENFIELD",2,1,0,0,1,2024,"May","Sunday","04:46 am",90,"Sealed","Dry","Not Raining","Night","Hit Fixed Object",1,"Y","Y",1325619.27,1678206.72
"2024-55159-19/09/2025","JUPITER CREEK","DC MT.BARKER.",1,1,0,1,0,2024,"May","Sunday","07:52 am",100,"Sealed","Dry","Not Raining","Daylight","Roll Over",1,,,1344284.01,1650803.5
"2024-55160-19/09/2025","MORPHETTVILLE","CC MARION.",2,1,0,0,1,2024,"May","Sunday","09:50 am",50,"Sealed","Dry","Not Raining","Daylight","Hit Pedestrian",1,,,1322923.2,1663914.42
"2024-55162-19/09/2025","LARGS BAY","CITY OF PORT ADELAIDE ENFIELD",2,1,0,0,1,2024,"May","Sunday","12:20 pm",60,"Sealed","Dry","Not Raining","Daylight","Hit Parked Vehicle",2,,,1319774.45,1681809.06
"2024-55163-19/09/2025","HINDMARSH","CITY OF CHARLES STURT",3,2,0,1,1,2024,"May","Sunday","01:01 pm",60,"Sealed","Dry","Not Raining","Daylight","Right Turn",2,,,1325549.01,1673454.12
"2024-55165-19/09/2025","ELIZABETH EAST","CITY OF PLAYFORD.",2,1,0,1,0,2024,"May","Sunday","01:46 pm",50,"Sealed","Dry","Not Raining","Daylight","Right Angle",2,,,1337445.43,1693223.86
"2024-55167-19/09/2025","THEBARTON","CITY OF WEST TORRENS",2,1,0,0,1,2024,"May","Sunday","05:25 pm",50,"Sealed","Dry","Not Raining","Night","Right Angle",2,,,1326071.08,1671364.22
"2024-55179-19/09/2025","HENLEY BEACH","CITY OF CHARLES STURT",2,1,0,0,1,2024,"May","Sunday","08:40 pm",50,"Sealed","Dry","Not Raining","Night","Right Angle",1,,,1318718.7,1673021.6
"2024-55180-19/09/2025","MONASH","THE BERRI BARMERA COUNCIL",2,1,0,0,1,2024,"May","Sunday","09:40 pm",100,"Sealed","Dry","Not Raining","Night","Hit Animal",2,,,1516750.5,1737897.29
"2024-55185-19/09/2025","ADELAIDE","CITY OF ADELAIDE",2,1,0,0,1,2024,"May","Monday","07:50 am",50,"Sealed","Dry","Not Raining","Daylight","Right Turn",1,,,1329249.26,1670368.51
"2024-55186-19/09/2025","SHERWOOD","DC TATIARA.",1,1,0,0,1,2024,"May","Saturday","10:53 am",110,"Sealed","Dry","Not Raining","Daylight","Roll Over",1,,,1489323.94,1536397.49
"2024-55191-19/09/2025","HAWTHORN","CC MITCHAM.",2,1,0,0,1,2024,"May","Monday","07:30 am",60,"Sealed","Wet","Not Raining","Daylight","Rear End",2,,,1328097.7,1666225.32
"2024-55195-19/09/2025","THE RANGE","ALEXANDRINA COUNCIL",2,1,0,0,1,2024,"May","Monday","09:28 am",80,"Sealed","Wet","Raining","Daylight","Hit Fixed Object",1,,,1329819.55,1634875.74
"2024-55200-19/09/2025","MUNNO PARA","CITY OF PLAYFORD.",3,1,0,0,1,2024,"May","Monday","08:40 am",60,"Sealed","Dry","Not Raining","Daylight","Rear End",2,,,1338231.02,1697708.49
"2024-55204-19/09/2025","GLENELG SOUTH","CITY OF HOLDFAST BAY",2,1,0,0,1,2024,"May","Monday","11:20 am",60,"Sealed","Dry","Not Raining","Daylight","Hit Fixed Object",1,,"Y",1321051.19,1663954.51
"2024-55205-19/09/2025","NOARLUNGA CENTRE","CITY OF ONKAPARINGA",2,1,0,0,1,2024,"May","Monday","11:50 am",60,"Sealed","Dry","Not Raining","Daylight","Right Angle",2,,,1317555.76,1647433.37
"2024-55210-19/09/2025","WALKLEY HEIGHTS","CITY OF SALISBURY",2,1,0,0,1,2024,"May","Monday","03:00 pm",70,"Sealed","Dry","Not Raining","Daylight","Right Turn",1,,"Y",1332959.7,1680497.31
"2024-55211-19/09/2025","HAMPSTEAD GARDENS","CITY OF PORT ADELAIDE ENFIELD",2,1,0,0,1,2024,"January","Friday","01:25 am",60,"Sealed","Dry","Not Raining","Night","Rear End",2,,,1331118.59,1676577.86
"2024-55220-19/09/2025","MILE END","CITY OF WEST TORRENS",3,1,0,0,1,2024,"May","Monday","06:18 pm",60,"Sealed","Dry","Not Raining","Night","Rear End",1,,,1326307.28,1670292.84
"2024-55224-19/09/2025","ADELAIDE","CITY OF ADELAIDE",2,1,0,0,1,2024,"May","Tuesday","05:55 am",50,"Sealed","Dry","Not Raining","Night","Right Angle",2,,,1327559.23,1670330.88
"2024-55229-19/09/2025","WINGFIELD","CITY OF PORT ADELAIDE ENFIELD",2,1,0,0,1,2024,"May","Monday","02:30 pm",60,"Sealed","Dry","Not Raining","Daylight","Right Angle",1,,,1325466.27,1680660.68
"2024-55230-19/09/2025","OTTOWAY","CITY OF PORT ADELAIDE ENFIELD",2,1,0,0,1,2024,"May","Tuesday","09:10 am",60,"Sealed","Dry","Not Raining","Daylight","Side Swipe",2,,,1322794.43,1679136.06
"2024-55233-19/09/2025","GAWLER","CT GAWLER.",1,1,0,0,1,2024,"May","Tuesday","10:00 am",50,"Sealed","Wet","Not Raining","Daylight","Roll Over",1,,,1343360.33,1705664.19
"2024-55236-19/09/2025","HAWKER","THE FLINDERS RANGES COUNCIL.",2,1,0,0,1,2024,"May","Wednesday","09:25 am",110,"Sealed","Dry","Not Raining","Daylight","Hit Animal",2,,,1320993.63,2001396.27
"2024-55238-19/09/2025","BRIGHTON","CITY OF HOLDFAST BAY",2,1,0,0,1,2024,"May","Tuesday","09:25 am",50,"Sealed","Dry","Not Raining","Daylight","Hit Parked Vehicle",1,,,1320787.91,1660903.08
"2024-55239-19/09/2025","SEAFORD","CITY OF ONKAPARINGA",2,1,0,1,0,2024,"May","Tuesday","12:30 pm",50,"Sealed","Dry","Not Raining","Daylight","Right Angle",1,,,1316667.33,1641929.5
"2024-55242-19/09/2025","ADELAIDE","CITY OF ADELAIDE",2,1,0,0,1,2024,"May","Tuesday","08:30 am",50,"Sealed","Dry","Not Raining","Daylight","Side Swipe",2,,,1329040.79,1670133.69
"2024-55243-19/09/2025","MYRTLE BANK","CITY OF UNLEY",2,1,0,0,1,2024,"May","Tuesday","03:28 pm",60,"Sealed","Dry","Not Raining","Daylight","Right Turn",2,,,1330740.33,1667146.25
"2024-55248-19/09/2025","VALLEY VIEW","CITY OF TEA TREE GULLY",2,2,0,0,2,2024,"May","Tuesday","05:30 pm",60,"Sealed","Dry","Not Raining","Night","Rear End",2,,,1335297.49,1679399.6
"2024-55249-19/09/2025","GLYNDE","CC OF NORWOOD,PAYNEHAM & ST PETERS",2,1,0,0,1,2024,"May","Tuesday","05:12 pm",60,"Sealed","Dry","Not Raining","Daylight","Right Turn",1,,,1333793.82,1674108
"2024-55252-19/09/2025","ENFIELD","CITY OF PORT ADELAIDE ENFIELD",2,2,0,0,2,2024,"May","Tuesday","06:58 pm",50,"Sealed","Dry","Not Raining","Night","Hit Parked Vehicle",1,,,1329413.05,1676890.21
"2024-55253-19/09/2025","MOUNT BARKER","DC MT.BARKER.",2,1,0,0,1,2024,"May","Tuesday","07:12 pm",60,"Sealed","Dry","Not Raining","Night","Right Angle",2,,,1351901.57,1653063.6
"2024-55259-19/09/2025","REYNELLA","CITY OF ONKAPARINGA",2,1,0,1,0,2024,"May","Wednesday","07:20 am",100,"Sealed","Dry","Not Raining","Daylight","Rear End",1,,,1321062.73,1652514.23
"2024-55267-19/09/2025","MURRAY BRIDGE","RC MURRAY BRIDGE.",2,1,0,0,1,2024,"May","Wednesday","08:53 am",50,"Sealed","Dry","Not Raining","Daylight","Right Angle",1,,,1387692.3,1646922.74
"2024-55273-19/09/2025","REGENCY PARK","CITY OF PORT ADELAIDE ENFIELD",2,1,0,0,1,2024,"May","Wednesday","11:45 am",60,"Sealed","Dry","Not Raining","Daylight","Hit Pedestrian",1,,,1326449.2,1676384.02
"2024-55275-19/09/2025","NORTON SUMMIT","THE ADELAIDE HILLS COUNCIL",2,1,0,0,1,2024,"May","Wednesday","11:40 am",60,"Sealed","Dry","Not Raining","Daylight","Hit Fixed Object",1,,,1339839.51,1670534.76
"2024-55277-19/09/2025","GREEN FIELDS","CITY OF SALISBURY",2,1,0,0,1,2024,"May","Wednesday","11:50 am",80,"Sealed","Dry","Not Raining","Daylight","Hit Parked Vehicle",2,,,1328689.4,1685255.52
"2024-55279-19/09/2025","MUNNO PARA WEST","CITY OF PLAYFORD.",2,1,0,0,1,2024,"May","Wednesday","11:30 am",50,"Sealed","Dry","Not Raining","Daylight","Rear End",2,,,1336069.69,1700597.51
"2024-55284-19/09/2025","HOLDEN HILL","CITY OF PORT ADELAIDE ENFIELD",2,1,0,0,1,2024,"May","Wednesday","01:13 pm",60,"Sealed","Dry","Not Raining","Daylight","Rear End",2,,,1334242.17,1678314.91
"2024-55288-19/09/2025","VALLEY VIEW","CITY OF PORT ADELAIDE ENFIELD",2,1,0,0,1,2024,"May","Wednesday","03:49 pm",50,"Sealed","Dry","Not Raining","Daylight","Hit Pedestrian",2,,,1333827.92,1679418.12
"2024-55294-19/09/2025","BRINKLEY","RC MURRAY BRIDGE.",2,2,1,1,0,2024,"May","Wednesday","05:10 pm",100,"Unsealed","Dry","Not Raining","Daylight","Head On",1,,,1388083.16,1639995.15
"2024-55298-19/09/2025","MAGILL","CC CAMPBELLTOWN.",2,1,0,0,1,2024,"May","Wednesday","03:30 pm",60,"Sealed","Dry","Not Raining","Daylight","Right Turn",2,,,1334936.31,1671834.87
"2024-55299-19/09/2025","LINDLEY","MID MURRAY DISTRICT COUNCIL",2,1,0,0,1,2024,"May","Wednesday","05:40 pm",110,"Sealed","Dry","Not Raining","Night","Hit Animal",2,,,1421916.1,1773942.17
"2024-55300-19/09/2025","MENINGIE","COORONG DISTRICT COUNCIL",2,1,0,1,0,2024,"May","Wednesday","09:10 pm",80,"Sealed","Dry","Not Raining","Night","Hit Fixed Object",1,"Y",,1390173.61,1583089.08
"2024-55301-19/09/2025","BIRKENHEAD","CITY OF PORT ADELAIDE ENFIELD",3,1,0,0,1,2024,"May","Wednesday","05:30 pm",60,"Sealed","Dry","Not Raining","Night","Rear End",1,,,1320281.51,1680648.77
"2024-55302-19/09/2025","WALKERVILLE","WALKERVILLE TOWN COUNCIL",3,1,0,0,1,2024,"May","Wednesday","07:15 pm",50,"Sealed","Dry","Not Raining","Night","Hit Pedestrian",2,,,1330242.29,1674496.07
"2024-55303-19/09/2025","CUMMINS","DC LOWER EYRE PENINSULA",2,1,0,1,0,2024,"May","Thursday","03:48 am",110,"Sealed","Dry","Not Raining","Night","Hit Fixed Object",1,,,1066994.59,1750616.78
"2024-55310-19/09/2025","CHRISTIE DOWNS","CITY OF ONKAPARINGA",3,2,0,0,2,2024,"May","Thursday","08:50 am",60,"Sealed","Dry","Not Raining","Daylight","Rear End",1,,,1318513.27,1647464.88
"2024-55313-19/09/2025","BURRA","REGIONAL COUNCIL OF GOYDER",1,1,0,1,0,2024,"May","Monday","09:45 pm",100,"Unsealed","Dry","Not Raining","Night","Roll Over",1,,,1370655.63,1807911.15
"2024-55319-19/09/2025","YUMALI","COORONG DISTRICT COUNCIL",3,1,0,1,0,2024,"May","Thursday","11:47 am",110,"Sealed","Dry","Not Raining","Daylight","Hit Fixed Object",1,"Y",,1430096.53,1603410.14
"2024-55321-19/09/2025","DRY CREEK","CITY OF PORT ADELAIDE ENFIELD",2,1,0,0,1,2024,"May","Thursday","02:12 pm",70,"Sealed","Dry","Not Raining","Daylight","Right Angle",1,,,1327751.83,1679804.64
"2024-55326-19/09/2025","PASADENA","CC MITCHAM.",2,1,0,0,1,2024,"May","Thursday","03:51 pm",60,"Sealed","Dry","Not Raining","Daylight","Right Turn",2,,,1327593.23,1663023.71
"2024-55328-19/09/2025","PENFIELD","CITY OF PLAYFORD.",1,1,0,0,1,2024,"May","Thursday","04:21 pm",60,"Unsealed","Dry","Not Raining","Daylight","Left Road - Out of Control",1,,,1333247.94,1696465.63
"2024-55332-19/09/2025","STURT","CC MARION.",2,1,0,0,1,2024,"May","Thursday","05:26 pm",60,"Sealed","Dry","Not Raining","Night","Rear End",1,,,1324132.47,1660661.65
"2024-55335-19/09/2025","THORNGATE","CITY OF PROSPECT",2,1,0,0,1,2024,"May","Thursday","06:46 pm",60,"Sealed","Dry","Not Raining","Night","Right Turn",1,,,1328116.31,1673675.73
"2024-55342-19/09/2025","PURPLE DOWNS",,2,1,0,1,0,2024,"May","Thursday","09:45 pm",110,"Sealed","Dry","Not Raining","Night","Hit Animal",2,,,1182146.27,2122868.25
"2024-55347-19/09/2025","POORAKA","CITY OF SALISBURY",2,1,0,0,1,2024,"May","Friday","08:00 am",70,"Sealed","Dry","Not Raining","Daylight","Rear End",2,,,1330465.1,1681818.42
"2024-55348-19/09/2025","SALISBURY","CITY OF SALISBURY",2,1,0,0,1,2024,"May","Friday","09:23 am",50,"Sealed","Dry","Not Raining","Daylight","Hit Pedestrian",1,,,1333400.01,1688574.41
"2024-55351-19/09/2025","REGENCY PARK","CITY OF PORT ADELAIDE ENFIELD",2,1,0,0,1,2024,"April","Friday","11:25 pm",60,"Sealed","Dry","Not Raining","Night","Rear End",2,,,1326131.67,1676380.64
"2024-55354-19/09/2025","EDINBURGH","CITY OF SALISBURY",1,1,0,0,1,2024,"May","Friday","10:48 am",60,"Sealed","Dry","Not Raining","Daylight","Roll Over",1,,,1333989.02,1693434.19
"2024-55355-19/09/2025","TORRENS PARK","CC MITCHAM.",2,2,0,1,1,2024,"May","Friday","09:10 am",60,"Sealed","Dry","Not Raining","Daylight","Hit Fixed Object",1,"Y",,1329202.56,1664824.69
"2024-55357-19/09/2025","ELIZABETH SOUTH","CITY OF PLAYFORD.",3,2,0,1,1,2024,"May","Friday","11:35 am",60,"Sealed","Dry","Not Raining","Daylight","Right Angle",2,,,1334424.18,1690426.98
"2024-55360-19/09/2025","WISTOW","DC MT.BARKER.",3,1,0,0,1,2024,"May","Friday","09:15 am",100,"Sealed","Dry","Not Raining","Daylight","Rear End",1,,,1353906.66,1648093.29
"2024-55364-19/09/2025","TANTANOOLA","WATTLE RANGE COUNCIL",1,1,0,0,1,2024,"May","Tuesday","04:30 pm",80,"Sealed","Dry","Not Raining","Daylight","Roll Over",1,,,1486707.3,1365749.47
"2024-55375-19/09/2025","HILTON","CITY OF WEST TORRENS",2,1,0,1,0,2024,"May","Friday","05:15 pm",60,"Sealed","Dry","Not Raining","Daylight","Right Angle",1,,"Y",1325240.58,1670077.2
"2024-55378-19/09/2025","KANGARILLA","CITY OF ONKAPARINGA",2,1,0,0,1,2024,"May","Friday","07:00 pm",80,"Unsealed","Dry","Not Raining","Night","Roll Over",1,,,1335769.15,1647702.26
"2024-55379-19/09/2025","WHYALLA NORRIE","CC WHYALLA.",1,1,0,1,0,2024,"May","Friday","04:52 pm",50,"Sealed","Dry","Not Raining","Daylight","Roll Over",1,,,1236288.05,1884567.42
"2024-55380-19/09/2025","COWANDILLA","CITY OF WEST TORRENS",2,2,0,0,2,2024,"May","Friday","08:00 pm",60,"Sealed","Dry","Not Raining","Night","Right Turn",2,,,1324135.56,1670033.53
"2024-55381-19/09/2025","NANGWARRY","WATTLE RANGE COUNCIL",1,1,0,1,0,2024,"May","Friday","05:46 pm",100,"Unsealed","Dry","Not Raining","Night","Roll Over",1,,,1515585.22,1371902.73
"2024-55382-19/09/2025","SALISBURY","CITY OF SALISBURY",2,1,0,1,0,2024,"May","Friday","08:45 pm",60,"Sealed","Dry","Not Raining","Night","Right Angle",1,,,1332728.57,1688571.7
"2024-55383-19/09/2025","COBDOGLA","THE BERRI BARMERA COUNCIL",3,1,0,0,1,2024,"May","Friday","09:20 pm",110,"Sealed","Dry","Not Raining","Night","Head On",2,"Y","Y",1496856.98,1739609.81
"2024-55384-19/09/2025","NEPEAN BAY","KANGAROO ISLAND COUNCIL",1,1,0,1,0,2024,"May","Friday","09:15 pm",110,"Sealed","Dry","Not Raining","Night","Roll Over",1,"Y","Y",1232392.97,1583823.54
"2024-55385-19/09/2025","NARACOORTE","DC NARACOORTE & LUCINDALE.",3,1,0,0,1,2024,"May","Saturday","02:00 am",100,"Sealed","Dry","Not Raining","Night","Hit Fixed Object",1,"Y",,1511879.01,1440278.71
"2024-55392-19/09/2025","HAPPY VALLEY","CITY OF ONKAPARINGA",3,1,0,0,1,2024,"May","Saturday","10:35 am",80,"Sealed","Dry","Not Raining","Daylight","Hit Fixed Object",1,,,1326472.5,1655032.34
"2024-55393-19/09/2025","WISTOW","DC MT.BARKER.",2,1,0,0,1,2024,"May","Saturday","10:53 am",60,"Sealed","Dry","Not Raining","Daylight","Rear End",1,,,1354182.46,1648999.01
"2024-55401-19/09/2025","MOUNT COMPASS","ALEXANDRINA COUNCIL",2,1,0,0,1,2024,"May","Saturday","10:45 am",60,"Sealed","Dry","Not Raining","Daylight","Right Angle",2,,,1328799.65,1623860.84
"2024-55402-19/09/2025","GEPPS CROSS","CITY OF PORT ADELAIDE ENFIELD",2,1,0,0,1,2024,"May","Friday","10:27 pm",70,"Sealed","Dry","Not Raining","Night","Side Swipe",2,,,1329146.13,1679811.19
"2024-55403-19/09/2025","DULWICH","CITY OF BURNSIDE",2,1,0,0,1,2024,"May","Saturday","11:30 am",60,"Sealed","Dry","Not Raining","Daylight","Rear End",1,,,1331360.79,1669028.13
"2024-55407-19/09/2025","ECHUNGA","DC MT.BARKER.",2,1,0,1,0,2024,"May","Saturday","04:25 pm",100,"Sealed","Dry","Not Raining","Daylight","Hit Fixed Object",1,,,1345362.17,1648709.42
"2024-55411-19/09/2025","HUMBUG SCRUB","CITY OF PLAYFORD.",2,2,0,0,2,2024,"May","Saturday","02:45 pm",80,"Sealed","Dry","Not Raining","Daylight","Hit Fixed Object",1,,,1350054.98,1694090.79
"2024-55412-19/09/2025","ELIZABETH NORTH","CITY OF PLAYFORD.",2,1,0,1,0,2024,"May","Saturday","06:15 pm",60,"Sealed","Dry","Not Raining","Night","Hit Pedestrian",2,"Y",,1336353.93,1694705.76
"2024-55423-19/09/2025","SHEIDOW PARK","CC MARION.",2,1,0,1,0,2024,"May","Sunday","12:40 pm",80,"Sealed","Dry","Not Raining","Daylight","Hit Fixed Object",1,,,1321165.28,1654698.28
"2024-55427-19/09/2025","WINDSOR GARDENS","CITY OF PORT ADELAIDE ENFIELD",2,1,0,0,1,2024,"May","Sunday","02:27 pm",60,"Sealed","Dry","Not Raining","Daylight","Hit Fixed Object",1,,,1332966.15,1677363.36
"2024-55432-19/09/2025","WINDSOR GARDENS","CITY OF PORT ADELAIDE ENFIELD",2,3,0,0,3,2024,"May","Sunday","04:30 pm",60,"Sealed","Dry","Not Raining","Daylight","Right Angle",2,,,1332539.47,1676983.64
"2024-55433-19/09/2025","WILLOWIE","DC MT.REMARKABLE.",1,1,0,0,1,2024,"May","Sunday","03:37 pm",110,"Sealed","Dry","Not Raining","Daylight","Roll Over",1,,,1313178.37,1918680.4