"REPORT_ID","Suburb","LGA Name","Total Units","Total Cas","Total Fats","Total SI","Total MI","Year","Month","Day","Time","Area Speed","Road Surface","Moisture Cond","Weather Cond","DayNight","Crash Type","Unit Resp","DUI Involved","Drugs Involved","ACCLOC_X","ACCLOC_Y"
"2024-55441-19/09/2025","HEWETT","LIGHT REGIONAL COUNCIL",2,1,0,0,1,2024,"May","Monday","05:32 am",80,"Sealed","Dry","Not Raining","Night","Right Turn",2,,,1343223.02,1709324.57
"2024-55443-19/09/2025","MOUNT GEORGE","THE ADELAIDE HILLS COUNCIL",2,1,0,0,1,2024,"May","Monday","06:20 am",110,"Sealed","Dry","Not Raining","Night","Rear End",1,,,1342680.02,1661600.58
"2024-55444-19/09/2025","PROSPECT","CITY OF PROSPECT",2,1,0,0,1,2024,"May","Monday","07:20 am",60,"Sealed","Dry","Not Raining","Daylight","Right Turn",2,,,1328862.6,1676432.75
"2024-55447-19/09/2025","KIDMAN PARK","CITY OF CHARLES STURT",2,2,0,0,2,2024,"May","Monday","08:10 am",60,"Sealed","Dry","Not Raining","Daylight","Right Turn",2,,,1322419.52,1673125.07
"2024-55450-19/09/2025","DRY CREEK","CITY OF PORT ADELAIDE ENFIELD",2,1,0,0,1,2024,"May","Monday","08:30 am",90,"Sealed","Dry","Not Raining","Daylight","Rear End",1,,,1325462.41,1681836.49
"2024-55452-19/09/2025","PARA HILLS WEST","CITY OF SALISBURY",2,1,0,0,1,2024,"May","Thursday","01:27 pm",80,"Sealed","Dry","Not Raining","Daylight","Rear End",2,,,1332578.32,1684458.81
"2024-55461-19/09/2025","ST MARYS","CC MITCHAM.",3,1,0,0,1,2024,"May","Monday","03:00 pm",60,"Sealed","Dry","Not Raining","Daylight","Rear End",1,,,1326615.08,1663338.81
"2024-55467-19/09/2025","MUNNO PARA","CITY OF PLAYFORD.",2,1,0,0,1,2024,"May","Monday","03:15 pm",80,"Sealed","Dry","Not Raining","Daylight","Rear End",2,,,1338210.83,1697712.55
"2024-55468-19/09/2025","MUNNO PARA WEST","CITY OF PLAYFORD.",2,2,0,0,2,2024,"May","Monday","03:30 pm",60,"Sealed","Dry","Not Raining","Daylight","Right Angle",2,,,1335849.85,1700711.46
"2024-55470-19/09/2025","URRBRAE","CC MITCHAM.",2,1,0,0,1,2024,"May","Monday","04:25 pm",60,"Sealed","Dry","Not Raining","Daylight","Right Angle",1,,,1331592.03,1666315.48
"2024-55472-19/09/2025","PORT ELLIOT","ALEXANDRINA COUNCIL",2,1,0,0,1,2024,"May","Monday","03:59 pm",80,"Sealed","Dry","Not Raining","Daylight","Rear End",2,,,1335078.69,1605417.41
"2024-55475-19/09/2025","URRBRAE","CC MITCHAM.",2,1,0,0,1,2024,"May","Monday","04:00 pm",60,"Sealed","Dry","Not Raining","Daylight","Rear End",1,,,1330785.04,1665621.62
"2024-55476-19/09/2025","ROSSLYN PARK","CITY OF BURNSIDE",2,1,0,0,1,2024,"May","Monday","05:45 pm",60,"Sealed","Dry","Not Raining","Night","Rear End",1,,,1335504.05,1671015.85
"2024-55483-19/09/2025","SALISBURY PLAIN","CITY OF SALISBURY",2,3,0,0,3,2024,"May","Monday","03:20 pm",60,"Sealed","Dry","Not Raining","Daylight","Right Turn",2,,,1334556.94,1687325.17
"2024-55485-19/09/2025","STONE HUT","NORTHERN AREAS DISTRICT COUNCIL",1,1,0,0,1,2024,"May","Monday","04:33 pm",100,"Sealed","Dry","Not Raining","Daylight","Left Road - Out of Control",1,,,1310245.52,1871383.07
"2024-55486-19/09/2025","LEWISTON","DC MALLALA.",3,1,0,1,0,2024,"May","Monday","08:25 pm",100,"Sealed","Dry","Not Raining","Night","Hit Fixed Object",1,,,1332364.3,1704157.57
"2024-55487-19/09/2025","SHEIDOW PARK","CC MARION.",2,1,0,0,1,2024,"May","Tuesday","08:00 am",50,"Sealed","Dry","Not Raining","Daylight","Hit Pedestrian",1,,,1321955.2,1654908.99
"2024-55489-19/09/2025","STRATHALBYN","ALEXANDRINA COUNCIL",2,1,0,1,0,2024,"May","Monday","12:00 pm",100,"Sealed","Dry","Not Raining","Daylight","Head On",1,,,1345940.73,1630659.79
"2024-55494-19/09/2025","MODBURY","CITY OF TEA TREE GULLY",2,1,0,0,1,2024,"May","Tuesday","09:34 am",60,"Sealed","Dry","Not Raining","Daylight","Rear End",2,,,1336424.78,1680609.96
"2024-55499-19/09/2025","SMITHFIELD","CITY OF PLAYFORD.",3,1,0,0,1,2024,"May","Tuesday","11:45 am",80,"Sealed","Dry","Not Raining","Daylight","Hit Pedestrian",2,,,1337612.7,1696654.75
"2024-55504-19/09/2025","WOODVILLE NORTH","CITY OF CHARLES STURT",2,1,0,0,1,2024,"May","Monday","04:15 pm",60,"Sealed","Dry","Not Raining","Daylight","Right Angle",2,,,1323528.24,1677830.16
"2024-55507-19/09/2025","OAKLANDS PARK","CC MARION.",2,1,0,0,1,2024,"May","Tuesday","03:15 pm",60,"Sealed","Dry","Not Raining","Daylight","Hit Pedestrian",1,,,1322759.23,1661320.47
"2024-55516-19/09/2025","WALKERVILLE","WALKERVILLE TOWN COUNCIL",2,1,0,0,1,2024,"May","Tuesday","05:41 pm",50,"Sealed","Dry","Not Raining","Night","Right Angle",1,,,1329978.74,1674265.45
"2024-55517-19/09/2025","POORAKA","CITY OF SALISBURY",2,1,0,0,1,2024,"May","Tuesday","06:00 pm",70,"Sealed","Dry","Not Raining","Night","Rear End",1,,,1329973.2,1681121.15
"2024-55520-19/09/2025","ALDINGA","CITY OF ONKAPARINGA",2,1,1,0,0,2024,"May","Tuesday","04:36 pm",100,"Sealed","Dry","Not Raining","Daylight","Right Angle",1,,,1317718.61,1634677.07
"2024-55529-19/09/2025","NOARLUNGA DOWNS","CITY OF ONKAPARINGA",2,1,0,0,1,2024,"May","Wednesday","08:20 am",80,"Sealed","Dry","Not Raining","Daylight","Rear End",1,,,1319172.06,1644247.42
"2024-55531-19/09/2025","KANGARILLA","CITY OF ONKAPARINGA",2,1,0,0,1,2024,"May","Tuesday","04:20 pm",80,"Unsealed","Dry","Not Raining","Daylight","Hit Fixed Object",1,,,1335705.68,1647582
"2024-55534-19/09/2025","STURT","CC MARION.",2,1,0,1,0,2024,"May","Wednesday","08:52 am",60,"Sealed","Dry","Not Raining","Daylight","Hit Pedestrian",1,,,1324053.71,1660669.7
"2024-55537-19/09/2025","ADELAIDE","CITY OF ADELAIDE",2,1,0,1,0,2024,"May","Wednesday","10:57 am",50,"Sealed","Dry","Not Raining","Daylight","Right Turn",2,,,1328488.03,1669878.9
"2024-55540-19/09/2025","ONKAPARINGA HILLS","CITY OF ONKAPARINGA",2,4,0,0,4,2024,"May","Wednesday","11:38 am",80,"Unsealed","Dry","Not Raining","Daylight","Hit Fixed Object",1,,,1323968.95,1645716.8
"2024-55543-19/09/2025","INGLE FARM","CITY OF SALISBURY",3,2,0,1,1,2024,"May","Wednesday","01:58 pm",60,"Sealed","Dry","Not Raining","Daylight","Right Turn",1,,,1333100.77,1681416.99
"2024-55547-19/09/2025","BURRA","REGIONAL COUNCIL OF GOYDER",2,1,0,0,1,2024,"May","Wednesday","02:00 pm",50,"Sealed","Dry","Not Raining","Daylight","Hit Fixed Object",1,,,1364348.66,1807095.12
"2024-55550-19/09/2025","RISDON PARK SOUTH","PT.PIRIE CITY & DIST. COUNCIL",2,1,0,0,1,2024,"May","Wednesday","04:45 pm",50,"Sealed","Dry","Not Raining","Daylight","Right Angle",2,,,1278833.64,1862926.74
"2024-55552-19/09/2025","EVANSTON PARK","CT GAWLER.",2,1,0,0,1,2024,"May","Wednesday","04:41 pm",60,"Sealed","Dry","Not Raining","Daylight","Right Turn",2,,,1342462.56,1704024.12
"2024-55558-19/09/2025","GERMAN CREEK","DISTRICT COUNCIL OF GRANT",2,1,0,0,1,2024,"May","Wednesday","07:00 pm",110,"Sealed","Dry","Not Raining","Night","Hit Animal",2,,,1485393.35,1339533.22
"2024-55560-19/09/2025","ADELAIDE","CITY OF ADELAIDE",2,1,0,1,0,2024,"May","Wednesday","07:00 pm",50,"Sealed","Dry","Not Raining","Night","Hit Pedestrian",2,"Y",,1329023.39,1670741.4
"2024-55561-19/09/2025","SALISBURY SOUTH","CITY OF SALISBURY",2,1,0,0,1,2024,"May","Wednesday","09:46 pm",70,"Sealed","Dry","Not Raining","Night","Hit Parked Vehicle",1,,,1332084.79,1686330.85
"2024-55569-19/09/2025","DAW PARK","CC MITCHAM.",2,1,0,0,1,2024,"May","Thursday","09:04 am",60,"Sealed","Wet","Raining","Daylight","Right Turn",2,,,1327551.9,1664534.85
"2024-55574-19/09/2025","KESWICK","CITY OF UNLEY",2,1,0,0,1,2024,"May","Thursday","07:55 am",60,"Sealed","Wet","Raining","Daylight","Rear End",2,,,1326828.61,1668854.81
"2024-55581-19/09/2025","TANUNDA","THE BAROSSA COUNCIL.",2,1,0,1,0,2024,"May","Thursday","10:12 am",50,"Sealed","Wet","Raining","Daylight","Hit Fixed Object",1,,,1363401.72,1713829.45
"2024-55582-19/09/2025","WALKERVILLE","WALKERVILLE TOWN COUNCIL",2,1,0,0,1,2024,"May","Thursday","07:43 am",60,"Sealed","Wet","Raining","Daylight","Side Swipe",2,,,1329495.38,1674243.17
"2024-55588-19/09/2025","ELIZABETH","CITY OF PLAYFORD.",2,1,0,0,1,2024,"May","Thursday","12:01 pm",80,"Sealed","Wet","Raining","Daylight","Rear End",2,,,1335958.38,1693118.54
"2024-55589-19/09/2025","WAIKERIE","LOXTON WAIKERIE DISTRICT COUNCIL",2,2,0,1,1,2024,"May","Thursday","11:30 am",80,"Sealed","Wet","Raining","Daylight","Side Swipe",2,,,1461508.11,1747103.28
"2024-55590-19/09/2025","HUNTFIELD HEIGHTS","CITY OF ONKAPARINGA",2,3,0,1,2,2024,"May","Thursday","12:44 pm",50,"Sealed","Wet","Not Raining","Daylight","Head On",1,,,1319602.64,1645729.46
"2024-55591-19/09/2025","ANGASTON","THE BAROSSA COUNCIL.",2,3,0,0,3,2024,"May","Thursday","12:20 pm",80,"Sealed","Wet","Raining","Daylight","Hit Fixed Object",1,,,1369021.22,1711296.57
"2024-55592-19/09/2025","OLD CALPERUM","DC RENMARK PARINGA",2,1,0,0,1,2024,"May","Thursday","09:05 am",110,"Sealed","Wet","Raining","Daylight","Rear End",2,,,1522039.12,1740273.58
"2024-55595-19/09/2025","MEDINDIE","WALKERVILLE TOWN COUNCIL",6,1,0,0,1,2024,"May","Thursday","08:45 am",60,"Unsealed","Wet","Raining","Daylight","Rear End",2,,,1328870.04,1674172.84
"2024-55598-19/09/2025","KIELPA","DC CLEVE.",1,1,0,0,1,2024,"May","Thursday","09:54 am",100,"Unsealed","Dry","Not Raining","Daylight","Roll Over",1,,,1103439.28,1827770.62
"2024-55601-19/09/2025","HACKNEY","CC OF NORWOOD,PAYNEHAM & ST PETERS",2,1,0,1,0,2024,"May","Thursday","02:45 pm",60,"Sealed","Dry","Not Raining","Daylight","Right Angle",2,,,1330113.83,1671436.67
"2024-55604-19/09/2025","SALISBURY NORTH","CITY OF SALISBURY",3,2,0,0,2,2024,"May","Thursday","03:18 pm",50,"Sealed","Dry","Not Raining","Daylight","Rear End",1,,,1333175.75,1689912.98
"2024-55610-19/09/2025","URRBRAE","CC MITCHAM.",2,1,0,0,1,2024,"May","Thursday","06:25 am",60,"Sealed","Wet","Raining","Night","Rear End",2,,,1332373.16,1666370.92
"2024-55613-19/09/2025","RISDON PARK","PT.PIRIE CITY & DIST. COUNCIL",2,1,0,0,1,2024,"May","Thursday","05:31 pm",50,"Sealed","Wet","Not Raining","Night","Rear End",1,,,1278849.47,1863513.39
"2024-55614-19/09/2025","ELIZABETH VALE","CITY OF PLAYFORD.",3,1,0,0,1,2024,"May","Thursday","05:31 pm",60,"Sealed","Dry","Not Raining","Night","Rear End",1,,,1335385.48,1690095.44
"2024-55617-19/09/2025","FELIXSTOW","CC OF NORWOOD,PAYNEHAM & ST PETERS",2,1,0,0,1,2024,"May","Thursday","06:10 pm",60,"Sealed","Dry","Not Raining","Night","Right Angle",1,,,1333137.51,1674237.89
"2024-55618-19/09/2025","MAWSON LAKES","CITY OF SALISBURY",2,1,0,1,0,2024,"May","Thursday","09:18 pm",60,"Sealed","Dry","Not Raining","Night","Right Turn",2,,,1330676.72,1683145.06
"2024-55621-19/09/2025","DAVOREN PARK","CITY OF PLAYFORD.",2,1,0,1,0,2024,"May","Thursday","10:55 pm",50,"Sealed","Dry","Not Raining","Night","Hit Pedestrian",2,,,1335565.22,1695673.07
"2024-55627-19/09/2025","GILLES PLAINS","CITY OF PORT ADELAIDE ENFIELD",3,1,0,0,1,2024,"May","Friday","08:08 am",60,"Sealed","Dry","Not Raining","Daylight","Hit Pedestrian",1,,,1334025.98,1678234.34
"2024-55632-19/09/2025","MUNNO PARA WEST","CITY OF PLAYFORD.",2,1,0,1,0,2024,"May","Friday","11:41 am",50,"Sealed","Dry","Not Raining","Daylight","Hit Parked Vehicle",1,,,1337040.27,1700489.63
"2024-55635-19/09/2025","ADELAIDE","CITY OF ADELAIDE",2,1,0,0,1,2024,"May","Thursday","08:30 am",50,"Sealed","Wet","Not Raining","Daylight","Right Turn",2,,,1329051.95,1669739.69
"2024-55637-19/09/2025","CROYDON PARK","CITY OF PORT ADELAIDE ENFIELD",2,1,0,0,1,2024,"May","Friday","11:27 am",50,"Sealed","Dry","Not Raining","Daylight","Right Angle",2,,,1325840.85,1675550.97
"2024-55638-19/09/2025","NORWOOD","CC OF NORWOOD,PAYNEHAM & ST PETERS",2,1,0,0,1,2024,"May","Friday","12:15 pm",60,"Sealed","Dry","Not Raining","Daylight","Side Swipe",1,,,1330730.66,1670366.22
"2024-55655-19/09/2025","TAPEROO","CITY OF PORT ADELAIDE ENFIELD",1,1,0,0,1,2024,"May","Friday","06:46 pm",50,"Sealed","Wet","Not Raining","Night","Roll Over",1,,"Y",1319702.21,1684223.87
"2024-55659-19/09/2025","ADELAIDE","CITY OF ADELAIDE",2,2,0,0,2,2024,"May","Friday","06:53 pm",50,"Sealed","Dry","Not Raining","Night","Right Turn",2,"Y",,1327947.46,1669708.15
"2024-55660-19/09/2025","CRAFERS WEST","THE ADELAIDE HILLS COUNCIL",2,1,0,0,1,2024,"May","Friday","07:39 pm",100,"Sealed","Wet","Raining","Night","Hit Fixed Object",1,,,1335751.7,1664701.54
"2024-55665-19/09/2025","WILLIAMSTOWN","THE BAROSSA COUNCIL.",2,1,0,0,1,2024,"May","Friday","11:10 pm",80,"Sealed","Wet","Raining","Night","Hit Fixed Object",1,"Y","Y",1357752.27,1697031.28
"2024-55667-19/09/2025","BARMERA","THE BERRI BARMERA COUNCIL",2,1,0,0,1,2024,"June","Saturday","08:15 am",50,"Sealed","Wet","Raining","Daylight","Hit Parked Vehicle",1,,,1502969.05,1738021.51
"2024-55668-19/09/2025","BEDFORD PARK","CC MARION.",2,2,0,0,2,2024,"June","Saturday","08:38 am",50,"Sealed","Dry","Not Raining","Daylight","Right Angle",1,,,1325120.33,1660438.29
"2024-55670-19/09/2025","PARKSIDE","CITY OF UNLEY",2,1,0,0,1,2024,"June","Saturday","09:27 am",50,"Sealed","Dry","Not Raining","Daylight","Right Angle",1,,,1329680.79,1668586.41
"2024-55677-19/09/2025","CROYDON","CITY OF CHARLES STURT",1,1,0,0,1,2024,"May","Friday","01:30 pm",50,"Sealed","Wet","Raining","Daylight","Roll Over",1,,,1325304.83,1673840.12
"2024-55678-19/09/2025","MITCHELL PARK","CC MARION.",2,1,0,0,1,2024,"May","Friday","11:00 am",60,"Sealed","Wet","Not Raining","Daylight","Right Angle",2,,,1324403.08,1660970.91
"2024-55679-19/09/2025","MELROSE PARK","CC MITCHAM.",2,5,0,0,5,2024,"June","Saturday","11:25 am",60,"Sealed","Dry","Not Raining","Daylight","Right Turn",1,,,1325944.3,1663677.82
"2024-55680-19/09/2025","TWO WELLS","DC MALLALA.",3,2,0,0,2,2024,"June","Saturday","10:14 am",110,"Sealed","Dry","Not Raining","Daylight","Rear End",2,,,1320037.33,1709189.67
"2024-55682-19/09/2025","ROYAL PARK","CITY OF CHARLES STURT",2,1,0,0,1,2024,"June","Saturday","11:00 am",60,"Sealed","Dry","Not Raining","Daylight","Rear End",2,,,1320686.56,1677665.91
"2024-55691-19/09/2025","KINGS PARK","CITY OF UNLEY",2,1,0,0,1,2024,"June","Saturday","02:50 pm",60,"Sealed","Dry","Not Raining","Daylight","Rear End",2,,,1327498.51,1666524.77
"2024-55693-19/09/2025","VIRGINIA","CITY OF PLAYFORD.",2,4,0,1,3,2024,"June","Saturday","05:34 pm",80,"Sealed","Dry","Not Raining","Night","Right Angle",1,,"Y",1327930.42,1700809.33
"2024-55702-19/09/2025","OTTOWAY","CITY OF PORT ADELAIDE ENFIELD",2,1,0,0,1,2024,"June","Saturday","08:35 pm",60,"Sealed","Dry","Not Raining","Night","Rear End",2,,,1323834.22,1679160.54
"2024-55703-19/09/2025","SALISBURY SOUTH","CITY OF SALISBURY",2,4,0,2,2,2024,"June","Saturday","08:55 pm",70,"Sealed","Dry","Not Raining","Night","Right Turn",2,,"Y",1331948.06,1686423.49
"2024-55711-19/09/2025","MEADOWS","DC MT.BARKER.",2,2,0,0,2,2024,"June","Sunday","11:05 am",50,"Sealed","Dry","Not Raining","Daylight","Right Angle",2,,,1341748.39,1641780.69
"2024-55715-19/09/2025","TENNYSON","CITY OF CHARLES STURT",2,1,0,1,0,2024,"June","Sunday","12:53 pm",60,"Sealed","Dry","Not Raining","Daylight","Right Turn",1,,,1318464.7,1674469.93
"2024-55716-19/09/2025","YATTALUNGA","CITY OF PLAYFORD.",2,1,0,0,1,2024,"June","Saturday","11:30 pm",80,"Sealed","Dry","Not Raining","Night","Hit Fixed Object",1,,,1349202.33,1695324.38
"2024-55719-19/09/2025","MOUNT BARKER","DC MT.BARKER.",4,1,0,0,1,2024,"June","Sunday","01:45 pm",50,"Sealed","Dry","Not Raining","Daylight","Hit Parked Vehicle",1,,,1350898.22,1654800.14
"2024-55720-19/09/2025","GREENACRES","CITY OF PORT ADELAIDE ENFIELD",2,1,0,0,1,2024,"June","Saturday","05:30 pm",60,"Sealed","Dry","Not Raining","Night","Rear End",2,,,1330434.12,1677048.01
"2024-55725-19/09/2025","ROYAL PARK","CITY OF CHARLES STURT",2,3,0,0,3,2024,"June","Sunday","04:00 pm",60,"Sealed","Dry","Not Raining","Daylight","Rear End",1,,,1320198.4,1678023.2
"2024-55729-19/09/2025","SEFTON PARK","CITY OF PROSPECT",2,1,0,0,1,2024,"June","Sunday","02:28 pm",60,"Sealed","Dry","Not Raining","Daylight","Side Swipe",2,,,1328876.71,1675973.95
"2024-55734-19/09/2025","MULGATHING",,2,1,0,0,1,2024,"May","Friday","04:01 am",100,"Unsealed","Dry","Not Raining","Night","Head On",2,,,922466.44,2146093.67
"2024-55737-19/09/2025","SALISBURY","CITY OF SALISBURY",4,1,0,0,1,2024,"June","Monday","08:50 am",60,"Sealed","Dry","Not Raining","Daylight","Rear End",1,,,1332684.29,1688385.79
"2024-55744-19/09/2025","EDWARDSTOWN","CC MARION.",2,2,0,0,2,2024,"June","Monday","10:55 am",60,"Sealed","Dry","Not Raining","Daylight","Right Angle",1,,,1325934.46,1664032.4
"2024-55745-19/09/2025","ADELAIDE","CITY OF ADELAIDE",2,1,0,0,1,2024,"June","Monday","12:26 pm",50,"Sealed","Dry","Not Raining","Daylight","Hit Parked Vehicle",1,,,1327740.19,1670012.59
"2024-55748-19/09/2025","NURIOOTPA","THE BAROSSA COUNCIL.",2,1,0,1,0,2024,"June","Sunday","06:00 pm",50,"Sealed","Dry","Not Raining","Night","Right Angle",2,,,1365744.18,1720391.83
"2024-55751-19/09/2025","EDEN HILLS","CC MITCHAM.",2,1,0,0,1,2024,"June","Monday","04:04 pm",60,"Sealed","Dry","Not Raining","Daylight","Side Swipe",1,,,1326347.86,1660388.75
"2024-55753-19/09/2025","MUNNO PARA","CITY OF PLAYFORD.",3,2,0,1,1,2024,"June","Monday","04:40 pm",80,"Sealed","Dry","Not Raining","Daylight","Right Turn",1,,,1338231.02,1697708.49
"2024-55756-19/09/2025","ASCOT PARK","CC MARION.",2,1,0,1,0,2024,"June","Monday","04:55 pm",60,"Sealed","Dry","Not Raining","Daylight","Right Angle",2,,,1324955.53,1663297.46
"2024-55762-19/09/2025","WAIKERIE","LOXTON WAIKERIE DISTRICT COUNCIL",2,4,0,0,4,2024,"June","Monday","03:35 pm",60,"Sealed","Dry","Not Raining","Daylight","Head On",2,,,1458165.84,1747797.49
"2024-55765-19/09/2025","GLEN OSMOND","CITY OF BURNSIDE",2,1,0,0,1,2024,"June","Monday","05:20 pm",60,"Sealed","Dry","Not Raining","Night","Right Turn",2,,"Y",1332378.97,1667018.57
"2024-55768-19/09/2025","PARAFIELD GARDENS","CITY OF SALISBURY",3,1,0,0,1,2024,"June","Monday","05:35 pm",90,"Sealed","Dry","Not Raining","Night","Rear End",1,,,1328666.2,1686051.7
"2024-55774-19/09/2025","UNDERDALE","CITY OF WEST TORRENS",2,1,0,0,1,2024,"June","Monday","11:48 pm",60,"Sealed","Dry","Not Raining","Night","Right Turn",2,,,1323851.85,1670942.12
"2024-55787-19/09/2025","EDINBURGH NORTH","CITY OF PLAYFORD.",3,1,0,0,1,2024,"June","Tuesday","12:24 pm",60,"Sealed","Dry","Not Raining","Daylight","Hit Fixed Object",1,,,1334958.8,1694471.16
"2024-55788-19/09/2025","KESWICK TERMINAL","CITY OF WEST TORRENS",2,1,0,0,1,2024,"June","Tuesday","12:30 pm",60,"Sealed","Dry","Not Raining","Daylight","Right Turn",1,,,1326765.32,1668957.27
"2024-55790-19/09/2025","MONTACUTE","THE ADELAIDE HILLS COUNCIL",2,1,0,0,1,2024,"June","Tuesday","09:55 am",70,"Sealed","Dry","Not Raining","Daylight","Hit Fixed Object",1,,,1341845.52,1677279.46
"2024-55792-19/09/2025","HOLDEN HILL","CITY OF PORT ADELAIDE ENFIELD",2,1,0,1,0,2024,"June","Tuesday","02:10 pm",60,"Sealed","Dry","Not Raining","Daylight","Right Angle",1,,,1334012.34,1678003.25
"2024-55795-19/09/2025","WAROOKA","YORKE PENINSULA COUNCIL",2,1,0,0,1,2024,"June","Tuesday","01:55 pm",100,"Unsealed","Dry","Not Raining","Daylight","Right Angle",1,,,1215355.65,1669412.77
"2024-55796-19/09/2025","PROSPECT","CITY OF PROSPECT",2,2,0,0,2,2024,"February","Saturday","08:00 am",50,"Sealed","Dry","Not Raining","Daylight","Rear End",2,,,1328059.62,1676423.15
"2024-55797-19/09/2025","SEMAPHORE PARK","CITY OF CHARLES STURT",2,1,0,0,1,2024,"June","Tuesday","02:30 pm",60,"Sealed","Dry","Not Raining","Daylight","Right Angle",2,,,1319009.03,1679184.57
"2024-55800-19/09/2025","PAYNEHAM","CC OF NORWOOD,PAYNEHAM & ST PETERS",2,1,0,0,1,2024,"June","Tuesday","04:07 pm",60,"Sealed","Dry","Not Raining","Daylight","Right Turn",2,,,1332162.99,1673774.81
"2024-55801-19/09/2025","KANGARILLA","CITY OF ONKAPARINGA",3,1,0,0,1,2024,"June","Tuesday","04:31 pm",60,"Sealed","Dry","Not Raining","Daylight","Hit Fixed Object",1,,,1333502.72,1645676.1
"2024-55805-19/09/2025","SALISBURY HEIGHTS","CITY OF SALISBURY",2,1,0,0,1,2024,"June","Tuesday","03:45 pm",60,"Sealed","Dry","Not Raining","Daylight","Rear End",1,,,1335665.67,1688001.15
"2024-55809-19/09/2025","MOUNT BARKER SUMMIT","DC MT.BARKER.",2,1,0,0,1,2024,"June","Tuesday","04:05 pm",80,"Sealed","Dry","Not Raining","Daylight","Hit Fixed Object",1,"Y",,1357760.83,1653769.88
"2024-55810-19/09/2025","ST PETERS","CC OF NORWOOD,PAYNEHAM & ST PETERS",2,4,0,0,4,2024,"June","Tuesday","08:29 pm",60,"Sealed","Dry","Not Raining","Night","Rear End",2,,,1331253.43,1672589.55
"2024-55814-19/09/2025","EYRE","CITY OF PLAYFORD.",2,2,0,0,2,2024,"June","Wednesday","06:44 am",60,"Sealed","Dry","Not Raining","Night","Right Angle",2,,,1334448.88,1695783.92
"2024-55824-19/09/2025","WARRADALE","CC MARION.",2,1,0,1,0,2024,"June","Wednesday","11:54 am",60,"Sealed","Dry","Not Raining","Daylight","Hit Pedestrian",2,,,1322765.46,1660988.86
"2024-55825-19/09/2025","CASTAMBUL","THE ADELAIDE HILLS COUNCIL",2,1,0,0,1,2024,"June","Saturday","02:20 pm",70,"Sealed","Dry","Not Raining","Daylight","Head On",2,,,1342540.88,1676769.7
"2024-55828-19/09/2025","WOODVILLE","CITY OF CHARLES STURT",3,1,0,0,1,2024,"June","Wednesday","01:05 pm",60,"Sealed","Dry","Not Raining","Daylight","Rear End",1,,,1322260.32,1676304.15
"2024-55829-19/09/2025","KINGSFORD","LIGHT REGIONAL COUNCIL",2,2,0,2,0,2024,"June","Wednesday","09:49 am",110,"Sealed","Dry","Not Raining","Daylight","Right Angle",1,,,1345544.91,1711510.5
"2024-55830-19/09/2025","KENT TOWN","CC OF NORWOOD,PAYNEHAM & ST PETERS",2,1,0,0,1,2024,"June","Wednesday","01:05 pm",50,"Sealed","Dry","Not Raining","Daylight","Right Angle",1,,,1330502.76,1670745.49
"2024-55831-19/09/2025","DRY CREEK","CITY OF PORT ADELAIDE ENFIELD",2,1,0,1,0,2024,"June","Wednesday","01:40 pm",60,"Sealed","Dry","Not Raining","Daylight","Side Swipe",1,,"Y",1327157.99,1679936.54
"2024-55832-19/09/2025","INGLE FARM","CITY OF SALISBURY",2,1,0,0,1,2024,"June","Wednesday","02:15 pm",60,"Sealed","Dry","Not Raining","Daylight","Right Angle",1,,,1333268.54,1681353.79
"2024-55833-19/09/2025","ADELAIDE","CITY OF ADELAIDE",2,1,0,1,0,2024,"June","Wednesday","01:48 pm",50,"Sealed","Dry","Not Raining","Daylight","Side Swipe",2,,,1328240.73,1670181.03
"2024-55838-19/09/2025","SOUTH PLYMPTON","CC MARION.",2,1,0,1,0,2024,"June","Wednesday","04:29 pm",60,"Sealed","Dry","Not Raining","Daylight","Hit Fixed Object",1,,,1324282.17,1665065.23
"2024-55840-19/09/2025","CHRISTIES BEACH","CITY OF ONKAPARINGA",2,1,0,1,0,2024,"June","Wednesday","05:00 pm",60,"Sealed","Dry","Not Raining","Daylight","Side Swipe",2,,,1317303.59,1648341.95
"2024-55842-19/09/2025","HOLDEN HILL","CITY OF PORT ADELAIDE ENFIELD",2,1,0,0,1,2024,"June","Wednesday","04:44 pm",60,"Sealed","Dry","Not Raining","Daylight","Side Swipe",1,,,1333926.38,1677980.16
"2024-55844-19/09/2025","COWANDILLA","CITY OF WEST TORRENS",3,2,0,1,1,2024,"June","Wednesday","06:09 pm",60,"Sealed","Dry","Not Raining","Night","Hit Pedestrian",1,,,1324145.71,1670043.9
"2024-55845-19/09/2025","CUMBERLAND PARK","CC MITCHAM.",5,2,0,0,2,2024,"June","Wednesday","05:48 pm",50,"Sealed","Dry","Not Raining","Night","Right Angle",1,,"Y",1326714.57,1665113.65
"2024-55856-19/09/2025","POORAKA","CITY OF SALISBURY",2,1,0,0,1,2024,"June","Thursday","09:50 am",80,"Sealed","Dry","Not Raining","Daylight","Right Angle",1,,,1331536.65,1683142.51
"2024-55861-19/09/2025","PARACOMBE","THE ADELAIDE HILLS COUNCIL",4,1,0,0,1,2024,"June","Thursday","10:37 am",80,"Sealed","Dry","Not Raining","Daylight","Hit Fixed Object",1,,,1345625.05,1681446.68
"2024-55862-19/09/2025","MANNINGHAM","CITY OF PORT ADELAIDE ENFIELD",2,1,0,0,1,2024,"June","Wednesday","09:00 pm",60,"Sealed","Dry","Not Raining","Night","Right Angle",1,,,1330587.34,1676574.47
"2024-55865-19/09/2025","MEDINDIE GARDENS","CITY OF PROSPECT",1,1,0,1,0,2024,"June","Thursday","12:30 pm",60,"Sealed","Dry","Not Raining","Daylight","Roll Over",1,,,1329148.38,1674235.8