"REPORT_ID","Suburb","LGA Name","Total Units","Total Cas","Total Fats","Total SI","Total MI","Year","Month","Day","Time","Area Speed","Road Surface","Moisture Cond","Weather Cond","DayNight","Crash Type","Unit Resp","DUI Involved","Drugs Involved","ACCLOC_X","ACCLOC_Y"
"2024-55875-19/09/2025","FINDON","CITY OF CHARLES STURT",2,1,0,0,1,2024,"June","Wednesday","02:55 pm",60,"Sealed","Dry","Not Raining","Daylight","Right Angle",1,,,1322399.6,1673900.14
"2024-55881-19/09/2025","OTTOWAY","CITY OF PORT ADELAIDE ENFIELD",2,1,0,0,1,2024,"June","Thursday","05:45 pm",60,"Sealed","Dry","Not Raining","Night","Right Angle",2,,,1322902.28,1679362.03
"2024-55882-19/09/2025","OLD NOARLUNGA","CITY OF ONKAPARINGA",2,1,0,0,1,2024,"June","Thursday","05:42 pm",60,"Sealed","Dry","Not Raining","Night","Hit Fixed Object",1,,,1318217.98,1641786.14
"2024-55883-19/09/2025","SEFTON PARK","CITY OF PROSPECT",3,1,0,0,1,2024,"June","Thursday","06:23 pm",60,"Sealed","Dry","Not Raining","Night","Right Turn",1,,,1328876.71,1675973.95
"2024-55891-19/09/2025","STUARTS CREEK",,1,1,0,1,0,2024,"June","Thursday","03:20 pm",100,"Unsealed","Dry","Not Raining","Daylight","Roll Over",1,,,1196895.05,2277064.68
"2024-55892-19/09/2025","SHERLOCK","COORONG DISTRICT COUNCIL",1,1,0,0,1,2024,"June","Thursday","08:30 pm",110,"Sealed","Dry","Not Raining","Night","Left Road - Out of Control",1,,,1430093.07,1624443.97
"2024-55894-19/09/2025","WARRADALE","CC MARION.",2,1,0,1,0,2024,"June","Thursday","11:09 pm",60,"Sealed","Dry","Not Raining","Night","Right Turn",1,,,1321904.44,1663021.53
"2024-55895-19/09/2025","ADELAIDE","CITY OF ADELAIDE",2,1,0,0,1,2024,"June","Friday","01:43 am",60,"Sealed","Dry","Not Raining","Night","Hit Pedestrian",2,,,1327383.57,1669669.87
"2024-55896-19/09/2025","CUMBERLAND PARK","CC MITCHAM.",2,1,0,1,0,2024,"June","Friday","06:05 am",50,"Sealed","Dry","Not Raining","Night","Right Angle",1,,,1326714.57,1665113.65
"2024-55900-19/09/2025","PARAFIELD GARDENS","CITY OF SALISBURY",2,1,0,0,1,2024,"June","Friday","09:11 am",60,"Sealed","Dry","Not Raining","Daylight","Side Swipe",1,,,1330225.48,1685282.31
"2024-55902-19/09/2025","ERINDALE","CITY OF BURNSIDE",2,2,0,0,2,2024,"June","Friday","10:36 am",50,"Sealed","Dry","Not Raining","Daylight","Right Turn",1,,,1334712.43,1670206.44
"2024-55904-19/09/2025","PROSPECT","CITY OF PROSPECT",2,1,0,0,1,2024,"June","Friday","11:50 am",50,"Sealed","Dry","Not Raining","Daylight","Right Angle",1,,,1327673.37,1675327.01
"2024-55911-19/09/2025","LONSDALE","CITY OF ONKAPARINGA",2,1,0,0,1,2024,"June","Friday","12:40 pm",50,"Sealed","Dry","Not Raining","Daylight","Head On",1,,,1317418.91,1649756.79
"2024-55914-19/09/2025","ENFIELD","CITY OF PORT ADELAIDE ENFIELD",2,1,0,0,1,2024,"June","Friday","03:01 pm",60,"Sealed","Dry","Not Raining","Daylight","Right Angle",2,,,1329039.94,1679271.97
"2024-55921-19/09/2025","DUDLEY PARK","CITY OF PORT ADELAIDE ENFIELD",3,1,0,0,1,2024,"June","Friday","04:45 pm",60,"Sealed","Dry","Not Raining","Daylight","Rear End",1,,,1326977.78,1676380.51
"2024-55924-19/09/2025","PARKSIDE","CITY OF UNLEY",2,1,0,0,1,2024,"June","Friday","06:55 am",60,"Sealed","Dry","Not Raining","Night","Right Angle",2,,,1329511.6,1668976.32
"2024-55930-19/09/2025","ATHELSTONE","CC CAMPBELLTOWN.",2,1,0,0,1,2024,"June","Saturday","12:20 am",50,"Sealed","Dry","Not Raining","Night","Hit Parked Vehicle",1,,,1339068.13,1676785.07
"2024-55931-19/09/2025","WOODSIDE","THE ADELAIDE HILLS COUNCIL",2,1,0,0,1,2024,"June","Friday","10:30 pm",80,"Sealed","Dry","Not Raining","Night","Hit Fixed Object",1,"Y",,1353880.79,1665158.21
"2024-55934-19/09/2025","FINDON","CITY OF CHARLES STURT",2,1,0,0,1,2024,"June","Saturday","07:45 am",60,"Sealed","Dry","Not Raining","Daylight","Right Turn",2,,,1322374.99,1674726.87
"2024-55935-19/09/2025","SIMPSON DESERT",,1,1,0,0,1,2024,"June","Friday","05:30 pm",100,"Unsealed","Dry","Not Raining","Night","Roll Over",1,,,1153891.07,2641396.49
"2024-55936-19/09/2025","SALISBURY NORTH","CITY OF SALISBURY",2,1,0,0,1,2024,"June","Friday","11:00 am",60,"Sealed","Dry","Not Raining","Daylight","Rear End",1,,,1331977.75,1689382.42
"2024-55938-19/09/2025","WHYALLA","CC WHYALLA.",2,1,0,0,1,2024,"June","Friday","10:30 pm",30,"Sealed","Dry","Unknown","Night","Other",9,,,1241495.3,1882125.01
"2024-55940-19/09/2025","THORNGATE","CITY OF PROSPECT",2,1,0,0,1,2024,"June","Saturday","12:00 pm",60,"Sealed","Dry","Not Raining","Daylight","Right Angle",2,,,1328127.05,1673664.08
"2024-55947-19/09/2025","ELIZABETH PARK","CITY OF PLAYFORD.",2,3,0,0,3,2024,"June","Thursday","03:20 pm",60,"Sealed","Dry","Not Raining","Daylight","Rear End",2,,,1337661.59,1694568.93
"2024-55948-19/09/2025","SOUTH PLYMPTON","CC MARION.",2,2,0,0,2,2024,"June","Saturday","12:35 pm",60,"Sealed","Dry","Not Raining","Daylight","Right Turn",1,,,1324247.23,1666113.9
"2024-55949-19/09/2025","ALBERT PARK","CITY OF CHARLES STURT",2,1,0,0,1,2024,"June","Friday","03:00 pm",60,"Sealed","Dry","Not Raining","Daylight","Rear End",2,,,1322109.59,1676314.73
"2024-55950-19/09/2025","MACCLESFIELD","DC MT.BARKER.",2,1,0,0,1,2024,"June","Saturday","02:40 pm",50,"Sealed","Dry","Not Raining","Daylight","Hit Fixed Object",1,"Y",,1349117.35,1642719.93
"2024-55958-19/09/2025","OAKLANDS PARK","CC MARION.",2,1,0,0,1,2024,"June","Saturday","06:12 pm",60,"Sealed","Dry","Not Raining","Night","Right Turn",2,,,1323515.9,1663116.37
"2024-55965-19/09/2025","FULLARTON","CITY OF UNLEY",2,1,0,0,1,2024,"June","Sunday","11:16 am",50,"Sealed","Dry","Not Raining","Daylight","Right Angle",2,,,1331281.75,1667829.44
"2024-55966-19/09/2025","MONARTO SOUTH","RC MURRAY BRIDGE.",3,1,0,0,1,2024,"June","Friday","02:43 pm",100,"Sealed","Dry","Not Raining","Daylight","Right Angle",1,,,1375952.72,1647660.43
"2024-55970-19/09/2025","MYRTLE BANK","CITY OF UNLEY",3,1,0,0,1,2024,"June","Sunday","12:40 pm",60,"Sealed","Dry","Not Raining","Daylight","Rear End",1,,,1331194.73,1666303.41
"2024-55974-19/09/2025","POMPOOTA","MID MURRAY DISTRICT COUNCIL",1,2,0,2,0,2024,"June","Sunday","01:20 pm",100,"Sealed","Dry","Not Raining","Daylight","Left Road - Out of Control",1,,,1395005.41,1662661.64
"2024-55975-19/09/2025","FLINDERS RANGES",,1,1,1,0,0,2024,"June","Sunday","02:02 pm",90,"Sealed","Dry","Not Raining","Daylight","Roll Over",1,,,1352359.92,2064766.81
"2024-55976-19/09/2025","HAHNDORF","DC MT.BARKER.",2,2,0,0,2,2024,"June","Sunday","03:35 pm",110,"Sealed","Dry","Not Raining","Daylight","Hit Parked Vehicle",2,,,1347429.65,1657708.55
"2024-55977-19/09/2025","TUMBY BAY","DC TUMBY BAY.",2,1,0,0,1,2024,"June","Sunday","11:15 am",100,"Unsealed","Dry","Not Raining","Daylight","Roll Over",1,,,1091941.24,1728302.91
"2024-55980-19/09/2025","BELAIR","CC MITCHAM.",2,2,0,0,2,2024,"June","Sunday","04:28 pm",60,"Sealed","Dry","Not Raining","Daylight","Head On",2,,,1330394.6,1662088.48
"2024-55983-19/09/2025","MODBURY HEIGHTS","CITY OF TEA TREE GULLY",2,1,0,0,1,2024,"June","Sunday","06:10 pm",60,"Sealed","Dry","Not Raining","Night","Rear End",2,,,1337170.23,1683800.51
"2024-55990-19/09/2025","PARA HILLS WEST","CITY OF SALISBURY",2,1,0,0,1,2024,"June","Monday","08:58 am",50,"Sealed","Dry","Not Raining","Daylight","Side Swipe",2,,,1333930.34,1684548.23
"2024-55994-19/09/2025","OAKBANK","THE ADELAIDE HILLS COUNCIL",2,1,0,0,1,2024,"June","Sunday","10:15 pm",50,"Unsealed","Dry","Not Raining","Night","Hit Fixed Object",1,,,1351554.26,1662658.12
"2024-56001-19/09/2025","DOVER GARDENS","CC MARION.",2,1,0,0,1,2024,"June","Monday","04:20 pm",50,"Sealed","Dry","Not Raining","Daylight","Hit Parked Vehicle",1,,,1321998.3,1659643.6
"2024-56006-19/09/2025","WIRRINA COVE","DC YANKALILLA.",2,5,0,5,0,2024,"June","Monday","05:25 pm",100,"Sealed","Dry","Not Raining","Night","Head On",2,,,1297052.4,1610130.85
"2024-56012-19/09/2025","BLINMAN",,2,1,0,0,1,2024,"June","Saturday","12:30 pm",100,"Unsealed","Dry","Not Raining","Daylight","Hit Animal",2,,,1348813,2094939.94
"2024-56016-19/09/2025","ELIZABETH VALE","CITY OF PLAYFORD.",2,1,0,0,1,2024,"June","Tuesday","08:45 am",60,"Sealed","Dry","Not Raining","Daylight","Right Angle",2,,,1334754.51,1689901.6
"2024-56022-19/09/2025","PARACOMBE","THE ADELAIDE HILLS COUNCIL",2,1,0,1,0,2024,"June","Tuesday","06:45 am",70,"Sealed","Dry","Not Raining","Night","Hit Fixed Object",1,,,1343219.12,1676943.48
"2024-56024-19/09/2025","ADELAIDE","CITY OF ADELAIDE",2,1,0,0,1,2024,"June","Tuesday","07:45 am",50,"Sealed","Dry","Not Raining","Daylight","Right Turn",2,,,1329244.29,1670538.33
"2024-56025-19/09/2025","BON BON",,2,1,0,1,0,2024,"May","Friday","01:01 pm",110,"Unsealed","Dry","Not Raining","Daylight","Hit Animal",2,,,1056279.98,2126055.04
"2024-56029-19/09/2025","CHRISTIES BEACH","CITY OF ONKAPARINGA",2,1,0,0,1,2024,"April","Monday","02:00 pm",60,"Sealed","Dry","Not Raining","Daylight","Side Swipe",2,,,1317350.82,1648325.68
"2024-56034-19/09/2025","WHYALLA NORRIE","CC WHYALLA.",2,1,0,0,1,2024,"June","Tuesday","04:10 pm",60,"Sealed","Dry","Not Raining","Daylight","Right Angle",2,,,1236126.44,1883663.3
"2024-56042-19/09/2025","VIRGINIA","CITY OF PLAYFORD.",2,1,0,0,1,2024,"June","Tuesday","05:50 pm",100,"Sealed","Dry","Not Raining","Night","Rear End",2,,,1325312.88,1701339.85
"2024-56048-19/09/2025","KERSBROOK","THE ADELAIDE HILLS COUNCIL",2,1,1,0,0,2024,"June","Tuesday","09:20 pm",50,"Sealed","Dry","Not Raining","Night","Hit Fixed Object",1,,,1351923.57,1685822.97
"2024-56054-19/09/2025","KENSINGTON GARDENS","CITY OF BURNSIDE",2,1,0,0,1,2024,"June","Wednesday","06:22 am",60,"Sealed","Wet","Not Raining","Night","Side Swipe",2,,,1333870.14,1671403.32
"2024-56063-19/09/2025","PROSPECT","CITY OF PROSPECT",2,1,0,0,1,2024,"June","Wednesday","09:00 am",60,"Sealed","Wet","Not Raining","Daylight","Hit Fixed Object",1,,,1328305.25,1676418.97
"2024-56069-19/09/2025","WALKLEY HEIGHTS","CITY OF PORT ADELAIDE ENFIELD",2,1,0,0,1,2024,"June","Wednesday","11:35 am",70,"Sealed","Dry","Not Raining","Daylight","Rear End",1,,,1333167.48,1679708.93
"2024-56072-19/09/2025","TORRENS PARK","CC MITCHAM.",2,1,0,0,1,2024,"June","Wednesday","01:00 pm",60,"Sealed","Dry","Not Raining","Daylight","Hit Pedestrian",2,,,1329331.44,1664212.54
"2024-56074-19/09/2025","SPRING FARM","CLARE AND GILBERT VALLEYS DISTRICT COUNCIL",2,1,0,0,1,2024,"June","Wednesday","02:42 pm",80,"Sealed","Dry","Not Raining","Daylight","Side Swipe",1,,,1334542.57,1787573.1
"2024-56075-19/09/2025","PROSPECT","CITY OF PROSPECT",2,1,0,0,1,2024,"June","Wednesday","03:06 pm",40,"Sealed","Dry","Not Raining","Daylight","Hit Pedestrian",1,,,1328094.44,1674947.97
"2024-56077-19/09/2025","KESWICK TERMINAL","CITY OF WEST TORRENS",2,1,0,0,1,2024,"June","Tuesday","09:40 pm",60,"Sealed","Dry","Not Raining","Night","Right Turn",2,,,1326431.79,1668967.8
"2024-56080-19/09/2025","MOUNT BARKER SPRINGS","DC MT.BARKER.",2,1,0,0,1,2024,"June","Tuesday","08:40 pm",80,"Sealed","Dry","Not Raining","Night","Hit Fixed Object",1,,,1355586.18,1652541.56
"2024-56083-19/09/2025","PARALOWIE","CITY OF SALISBURY",2,1,0,1,0,2024,"June","Wednesday","05:59 pm",50,"Sealed","Dry","Not Raining","Night","Hit Pedestrian",2,,,1330881.4,1689232.3
"2024-56085-19/09/2025","KESWICK TERMINAL","CITY OF WEST TORRENS",2,1,0,0,1,2024,"June","Wednesday","05:46 pm",60,"Sealed","Dry","Not Raining","Night","Right Turn",1,,,1326422.56,1669053.27
"2024-56088-19/09/2025","ELIZABETH VALE","CITY OF PLAYFORD.",2,1,0,1,0,2024,"June","Wednesday","06:33 pm",60,"Sealed","Dry","Not Raining","Night","Right Angle",2,,"Y",1335680.33,1690184.45
"2024-56094-19/09/2025","WOODCROFT","CITY OF ONKAPARINGA",5,1,0,0,1,2024,"June","Thursday","09:00 am",60,"Sealed","Dry","Not Raining","Daylight","Right Angle",1,,,1323065.22,1651082.14
"2024-56096-19/09/2025","SALISBURY DOWNS","CITY OF SALISBURY",3,3,0,0,3,2024,"June","Thursday","08:30 am",60,"Sealed","Wet","Raining","Daylight","Rear End",1,,,1331681.58,1686649.11
"2024-56098-19/09/2025","NAIRNE","DC MT.BARKER.",2,1,0,0,1,2024,"June","Thursday","11:35 am",50,"Sealed","Wet","Not Raining","Daylight","Right Turn",1,,,1356117.15,1657597.14
"2024-56101-19/09/2025","TORRENS PARK","CC MITCHAM.",2,1,0,0,1,2024,"June","Wednesday","03:30 pm",60,"Sealed","Dry","Not Raining","Daylight","Right Angle",1,,,1329169.43,1665092.78
"2024-56102-19/09/2025","REGENCY PARK","CITY OF PORT ADELAIDE ENFIELD",2,1,0,0,1,2024,"May","Wednesday","12:00 pm",60,"Sealed","Dry","Not Raining","Daylight","Rear End",2,,,1325576.98,1678478.59
"2024-56103-19/09/2025","SMITHFIELD","CITY OF PLAYFORD.",2,1,0,1,0,2024,"June","Thursday","01:11 pm",50,"Sealed","Dry","Not Raining","Daylight","Hit Pedestrian",2,,,1337498.58,1697304.24
"2024-56104-19/09/2025","MONASH","THE BERRI BARMERA COUNCIL",2,1,0,0,1,2024,"June","Wednesday","06:00 pm",110,"Sealed","Dry","Not Raining","Night","Rear End",2,,,1518083.18,1738581.36
"2024-56107-19/09/2025","GREEN FIELDS","CITY OF SALISBURY",2,1,0,0,1,2024,"June","Thursday","03:03 pm",70,"Sealed","Dry","Not Raining","Daylight","Rear End",2,,,1328907.93,1685478.99
"2024-56113-19/09/2025","SALISBURY PLAIN","CITY OF SALISBURY",2,1,0,0,1,2024,"June","Thursday","05:15 pm",60,"Sealed","Dry","Not Raining","Night","Rear End",2,,,1335434.47,1688134.74
"2024-56114-19/09/2025","PLYMPTON PARK","CC MARION.",3,1,0,1,0,2024,"June","Thursday","05:34 pm",50,"Sealed","Dry","Not Raining","Night","Hit Pedestrian",2,,,1324085.09,1665005
"2024-56119-19/09/2025","SHEIDOW PARK","CC MARION.",2,1,0,0,1,2024,"June","Thursday","07:14 pm",80,"Sealed","Wet","Raining","Night","Hit Fixed Object",1,,,1321177.96,1654686.82
"2024-56121-19/09/2025","DARLINGTON","CITY OF ONKAPARINGA",2,1,0,0,1,2024,"June","Thursday","10:15 pm",60,"Sealed","Wet","Raining","Night","Right Turn",1,,,1324432.96,1659694.42
"2024-56129-19/09/2025","MURRAY BRIDGE","RC MURRAY BRIDGE.",1,1,0,1,0,2024,"June","Friday","09:41 am",50,"Sealed","Wet","Raining","Daylight","Left Road - Out of Control",1,,"Y",1389944.49,1646399.67
"2024-56131-19/09/2025","ROSTREVOR","CC CAMPBELLTOWN.",2,2,0,0,2,2024,"June","Friday","08:15 am",60,"Sealed","Dry","Not Raining","Daylight","Right Angle",2,,,1335450.52,1672991.24
"2024-56137-19/09/2025","TORRENSVILLE","CITY OF WEST TORRENS",2,1,0,0,1,2024,"June","Friday","11:20 am",60,"Sealed","Wet","Raining","Daylight","Rear End",2,,,1325754.03,1670993.72
"2024-56139-19/09/2025","ADELAIDE","CITY OF ADELAIDE",2,1,0,0,1,2024,"June","Friday","12:05 pm",50,"Sealed","Wet","Not Raining","Daylight","Hit Pedestrian",2,,,1328287.21,1670824.37
"2024-56142-19/09/2025","REGENCY PARK","CITY OF PORT ADELAIDE ENFIELD",2,1,0,0,1,2024,"June","Thursday","05:30 pm",60,"Sealed","Wet","Not Raining","Night","Rear End",1,,,1326524.07,1676385.72
"2024-56144-19/09/2025","KILBURN","CITY OF PORT ADELAIDE ENFIELD",2,1,0,0,1,2024,"June","Friday","02:40 pm",50,"Sealed","Wet","Not Raining","Daylight","Right Angle",2,,,1328048.28,1677181.71
"2024-56149-19/09/2025","NETLEY","CITY OF WEST TORRENS",4,1,0,0,1,2024,"June","Friday","02:17 pm",60,"Sealed","Wet","Not Raining","Daylight","Right Angle",1,,,1324166.39,1668906.15
"2024-56150-19/09/2025","DANGGALI",,1,1,0,1,0,2024,"June","Monday","12:00 pm",100,"Unsealed","Dry","Not Raining","Daylight","Left Road - Out of Control",1,,,1527418.14,1821605.93
"2024-56161-19/09/2025","GERANIUM PLAINS","REGIONAL COUNCIL OF GOYDER",2,1,0,0,1,2024,"June","Monday","01:15 pm",80,"Unsealed","Dry","Not Raining","Daylight","Rear End",1,,,1388970.35,1771486.3
"2024-56162-19/09/2025","SEAFORD RISE","CITY OF ONKAPARINGA",2,1,0,0,1,2024,"June","Tuesday","08:15 am",70,"Sealed","Dry","Not Raining","Daylight","Rear End",2,,,1316386.82,1641371.18
"2024-56163-19/09/2025","WOODVILLE PARK","CITY OF CHARLES STURT",2,1,0,0,1,2024,"June","Friday","05:05 pm",60,"Sealed","Wet","Raining","Daylight","Rear End",1,,,1324186.57,1676250.45
"2024-56165-19/09/2025","MODBURY NORTH","CITY OF TEA TREE GULLY",2,1,0,0,1,2024,"June","Friday","05:55 pm",80,"Sealed","Wet","Raining","Night","Rear End",1,,,1336074.83,1681892.54
"2024-56169-19/09/2025","ENFIELD","CITY OF PORT ADELAIDE ENFIELD",2,1,0,0,1,2024,"June","Friday","08:15 am",60,"Sealed","Wet","Not Raining","Daylight","Rear End",2,,,1328841.36,1677808.66
"2024-56171-19/09/2025","WAIKERIE","LOXTON WAIKERIE DISTRICT COUNCIL",2,1,0,1,0,2024,"June","Friday","06:41 pm",50,"Sealed","Wet","Not Raining","Night","Hit Pedestrian",2,,,1458157.57,1748126.62
"2024-56173-19/09/2025","ALBERT PARK","CITY OF CHARLES STURT",2,1,0,0,1,2024,"June","Friday","08:22 pm",60,"Sealed","Wet","Raining","Night","Right Angle",1,,,1321479.83,1676914.27
"2024-56175-19/09/2025","WANBI","DC KAROONDA EAST MURRAY.",1,1,0,0,1,2024,"June","Friday","07:05 pm",100,"Unsealed","Wet","Raining","Night","Roll Over",1,,,1485272.69,1679715.8
"2024-56178-19/09/2025","MALLALA","DC MALLALA.",1,1,0,1,0,2024,"June","Saturday","12:20 am",100,"Sealed","Wet","Raining","Night","Roll Over",1,,,1320490.38,1727620.99
"2024-56182-19/09/2025","THORNGATE","CITY OF PROSPECT",2,1,0,0,1,2024,"June","Friday","10:30 pm",60,"Sealed","Wet","Raining","Night","Rear End",2,,,1328213.89,1673820.46
"2024-56185-19/09/2025","MIDDLEBACK RANGE","CC WHYALLA.",1,1,0,0,1,2024,"June","Saturday","11:10 am",60,"Sealed","Dry","Not Raining","Daylight","Roll Over",1,,,1236073.57,1885756.46
"2024-56187-19/09/2025","MILE END","CITY OF WEST TORRENS",2,1,0,1,0,2024,"June","Saturday","11:10 am",50,"Sealed","Dry","Not Raining","Daylight","Hit Fixed Object",1,,,1325196.19,1670865.14
"2024-56188-19/09/2025","VALLEY VIEW","CITY OF TEA TREE GULLY",3,1,0,0,1,2024,"June","Saturday","12:15 pm",60,"Sealed","Dry","Not Raining","Daylight","Rear End",1,,,1335450.01,1679646.45
"2024-56194-19/09/2025","CUDLEE CREEK","THE ADELAIDE HILLS COUNCIL",2,1,0,0,1,2024,"June","Saturday","01:52 pm",80,"Sealed","Wet","Raining","Daylight","Head On",2,,,1348339.06,1679470.01
"2024-56196-19/09/2025","NANGWARRY","WATTLE RANGE COUNCIL",1,1,0,0,1,2024,"June","Saturday","04:00 pm",100,"Unsealed","Dry","Not Raining","Daylight","Roll Over",1,,,1515620.07,1372655.62
"2024-56198-19/09/2025","SHEA-OAK LOG","LIGHT REGIONAL COUNCIL",2,1,0,0,1,2024,"June","Saturday","05:10 pm",90,"Sealed","Dry","Not Raining","Daylight","Hit Fixed Object",1,"Y",,1352183.83,1714567.57
"2024-56200-19/09/2025","APPILA","DC MT.REMARKABLE.",2,1,0,0,1,2024,"April","Thursday","04:45 am",100,"Sealed","Unknown","Unknown","Night","Hit Animal",2,,"Y",1315105.52,1883807.86
"2024-56205-19/09/2025","ST KILDA","CITY OF SALISBURY",2,1,0,0,1,2024,"June","Saturday","08:22 pm",50,"Sealed","Dry","Not Raining","Night","Hit Fixed Object",1,,,1323095.06,1691780.13
"2024-56212-19/09/2025","PARALOWIE","CITY OF SALISBURY",2,1,0,0,1,2024,"June","Sunday","06:10 am",50,"Sealed","Dry","Not Raining","Night","Hit Parked Vehicle",1,,,1329087.43,1688495.42
"2024-56220-19/09/2025","WILLIAMSTOWN","THE BAROSSA COUNCIL.",2,1,0,0,1,2024,"June","Sunday","11:30 am",80,"Sealed","Dry","Not Raining","Daylight","Head On",2,,,1352103.9,1697200.17
"2024-56221-19/09/2025","GILLES PLAINS","CITY OF PORT ADELAIDE ENFIELD",2,2,0,0,2,2024,"June","Sunday","01:10 pm",50,"Sealed","Dry","Not Raining","Daylight","Right Angle",2,,,1333683.73,1678370.35
"2024-56223-19/09/2025","SALISBURY EAST","CITY OF SALISBURY",2,2,0,1,1,2024,"June","Sunday","01:20 pm",80,"Sealed","Dry","Not Raining","Daylight","Rear End",1,,,1333980.46,1686298.22
"2024-56238-19/09/2025","FLINDERS RANGES",,1,1,0,1,0,2024,"June","Friday","03:30 pm",100,"Unsealed","Dry","Not Raining","Daylight","Roll Over",1,,,1338616.63,2068010.29
"2024-56241-19/09/2025","PLYMPTON","CITY OF WEST TORRENS",2,1,0,0,1,2024,"June","Monday","11:54 am",50,"Sealed","Dry","Not Raining","Daylight","Right Angle",2,,,1323700.17,1666396.03
"2024-56242-19/09/2025","SALISBURY NORTH","CITY OF SALISBURY",2,1,0,0,1,2024,"June","Thursday","03:00 pm",50,"Sealed","Dry","Not Raining","Daylight","Hit Pedestrian",2,,,1332305.42,1689795.95
"2024-56244-19/09/2025","PENFIELD GARDENS","CITY OF PLAYFORD.",2,4,0,0,4,2024,"June","Monday","12:32 pm",80,"Sealed","Dry","Not Raining","Daylight","Right Angle",1,,,1328945.63,1700236.7
"2024-56248-19/09/2025","MAWSON LAKES","CITY OF SALISBURY",2,1,0,0,1,2024,"June","Monday","05:20 pm",80,"Sealed","Dry","Not Raining","Night","Side Swipe",2,,,1331663.42,1683335.77
"2024-56265-19/09/2025","KESWICK","CITY OF WEST TORRENS",2,1,0,0,1,2024,"June","Tuesday","10:00 am",60,"Sealed","Dry","Not Raining","Daylight","Side Swipe",1,,,1325841.5,1668949.49
"2024-56268-19/09/2025","SALISBURY","CITY OF SALISBURY",2,1,0,0,1,2024,"June","Tuesday","01:49 pm",60,"Sealed","Dry","Not Raining","Daylight","Right Angle",2,,,1333126.64,1688469.42
"2024-56270-19/09/2025","PORT PIRIE","PT.PIRIE CITY & DIST. COUNCIL",2,1,0,0,1,2024,"June","Tuesday","04:15 pm",50,"Sealed","Dry","Not Raining","Daylight","Hit Parked Vehicle",1,,,1279983.19,1866065.86
"2024-56279-19/09/2025","ROSTREVOR","CC CAMPBELLTOWN.",2,2,0,0,2,2024,"June","Tuesday","07:10 pm",60,"Sealed","Dry","Not Raining","Night","Right Angle",2,,,1336789.66,1674636.72
"2024-56280-19/09/2025","ELIZABETH PARK","CITY OF PLAYFORD.",2,1,0,0,1,2024,"June","Tuesday","07:38 pm",80,"Sealed","Dry","Not Raining","Night","Right Turn",1,,"Y",1335939.12,1693257.92
"2024-56283-19/09/2025","MILE END","CITY OF WEST TORRENS",2,1,0,1,0,2024,"June","Tuesday","07:44 pm",50,"Sealed","Dry","Not Raining","Night","Right Turn",1,,,1325466.99,1670975.64
"2024-56285-19/09/2025","OTTOWAY","CITY OF PORT ADELAIDE ENFIELD",2,1,0,0,1,2024,"June","Tuesday","07:00 pm",60,"Sealed","Dry","Not Raining","Night","Right Turn",1,,,1323171.65,1679144.69
"2024-56287-19/09/2025","CRAIGMORE","CITY OF PLAYFORD.",2,2,0,0,2,2024,"June","Wednesday","06:30 am",60,"Sealed","Dry","Not Raining","Night","Right Angle",2,,,1338397.88,1694502.8
"2024-56295-19/09/2025","SALISBURY PARK","CITY OF SALISBURY",2,1,0,0,1,2024,"June","Wednesday","09:15 am",80,"Sealed","Dry","Not Raining","Daylight","Rear End",1,,,1336084.19,1688981.07
"2024-56301-19/09/2025","PARKSIDE","CITY OF UNLEY",2,1,0,0,1,2024,"June","Tuesday","05:40 pm",60,"Unsealed","Dry","Not Raining","Night","Rear End",2,,,1329655.16,1668980.2
"2024-56306-19/09/2025","SALISBURY NORTH","CITY OF SALISBURY",2,1,0,0,1,2024,"June","Wednesday","03:19 pm",50,"Sealed","Dry","Not Raining","Daylight","Hit Pedestrian",2,,,1332206.28,1689670.85
"2024-56309-19/09/2025","MORPHETT VALE","CITY OF ONKAPARINGA",2,1,0,0,1,2024,"June","Wednesday","03:05 pm",60,"Sealed","Dry","Not Raining","Daylight","Rear End",2,,,1321903.16,1650961.24
"2024-56313-19/09/2025","CLOVELLY PARK","CC MARION.",2,1,0,0,1,2024,"June","Wednesday","11:52 am",50,"Sealed","Dry","Not Raining","Daylight","Right Angle",2,,,1325220.37,1662533.07
"2024-56318-19/09/2025","MIDDLEBACK RANGE","CC WHYALLA.",1,3,0,0,3,2024,"June","Wednesday","05:00 pm",100,"Unsealed","Wet","Raining","Daylight","Roll Over",1,,,1226550.93,1871952.46
"2024-56321-19/09/2025","GLENELG NORTH","CITY OF HOLDFAST BAY",2,1,0,1,0,2024,"June","Wednesday","05:45 pm",60,"Sealed","Wet","Raining","Night","Right Turn",1,,,1320779.88,1665938.11
"2024-56322-19/09/2025","KUITPO","DC MT.BARKER.",1,1,0,0,1,2024,"June","Friday","08:40 pm",50,"Unsealed","Dry","Not Raining","Night","Roll Over",1,,,1337019.11,1637814.16
"2024-56327-19/09/2025","CARRICKALINGA","DC YANKALILLA.",2,1,0,1,0,2024,"June","Wednesday","09:37 pm",100,"Sealed","Wet","Not Raining","Night","Head On",1,,,1304139.23,1616762.54
"2024-56334-19/09/2025","WALKERVILLE","WALKERVILLE TOWN COUNCIL",2,1,0,0,1,2024,"June","Thursday","06:05 am",60,"Sealed","Wet","Not Raining","Night","Hit Pedestrian",1,,,1329938.27,1673778.74
"2024-56335-19/09/2025","MONTEITH","RC MURRAY BRIDGE.",2,3,0,0,3,2024,"June","Thursday","06:45 am",110,"Sealed","Wet","Not Raining","Night","Right Angle",1,"Y","Y",1393904.45,1643641.56