"REPORT_ID","Suburb","LGA Name","Total Units","Total Cas","Total Fats","Total SI","Total MI","Year","Month","Day","Time","Area Speed","Road Surface","Moisture Cond","Weather Cond","DayNight","Crash Type","Unit Resp","DUI Involved","Drugs Involved","ACCLOC_X","ACCLOC_Y"
"2024-56336-19/09/2025","PARAFIELD","CITY OF SALISBURY",2,2,0,0,2,2024,"June","Thursday","06:55 am",60,"Sealed","Wet","Not Raining","Night","Right Turn",1,,,1332997.03,1685593.76
"2024-56337-19/09/2025","PARAFIELD","CITY OF SALISBURY",2,1,0,0,1,2024,"June","Thursday","08:50 am",80,"Sealed","Wet","Not Raining","Daylight","Rear End",2,,,1332278.83,1684113.13
"2024-56340-19/09/2025","KILKENNY","CITY OF CHARLES STURT",2,1,0,0,1,2024,"June","Thursday","08:50 am",60,"Sealed","Dry","Not Raining","Daylight","Rear End",2,,,1324530.83,1675981.17
"2024-56344-19/09/2025","LOCHIEL","WAKEFIELD REGIONAL COUNCIL",2,1,0,0,1,2024,"June","Wednesday","12:00 pm",100,"Unsealed","Dry","Not Raining","Daylight","Hit Fixed Object",1,,,1285762.13,1779328.01
"2024-56346-19/09/2025","KESWICK","CITY OF WEST TORRENS",3,2,0,1,1,2024,"June","Thursday","10:50 am",60,"Sealed","Dry","Not Raining","Daylight","Right Angle",2,,"Y",1325794.33,1668947.63
"2024-56348-19/09/2025","NEW TOWN","COPPER COAST DISTRICT COUNCIL",2,1,0,0,1,2024,"June","Thursday","12:32 pm",50,"Sealed","Wet","Raining","Daylight","Right Angle",1,,,1248773.03,1780626.73
"2024-56349-19/09/2025","GLOBE DERBY PARK","CITY OF SALISBURY",2,1,0,0,1,2024,"June","Wednesday","02:30 pm",80,"Sealed","Dry","Not Raining","Daylight","Side Swipe",1,,,1328374.77,1686214.03
"2024-56355-19/09/2025","HACKNEY","CC OF NORWOOD,PAYNEHAM & ST PETERS",3,1,0,0,1,2024,"June","Thursday","07:50 am",60,"Sealed","Dry","Not Raining","Daylight","Rear End",2,,,1329902.14,1671311.39
"2024-56362-19/09/2025","ADELAIDE","CITY OF ADELAIDE",2,1,0,0,1,2024,"May","Wednesday","10:00 am",50,"Sealed","Dry","Not Raining","Daylight","Right Angle",1,,,1329162.47,1671337.52
"2024-56363-19/09/2025","SALISBURY EAST","CITY OF SALISBURY",2,1,0,0,1,2024,"June","Thursday","03:43 pm",60,"Sealed","Dry","Not Raining","Daylight","Rear End",1,,"Y",1333561.79,1685161.15
"2024-56367-19/09/2025","ASCOT PARK","CC MARION.",3,1,0,0,1,2024,"June","Thursday","03:16 pm",50,"Sealed","Dry","Not Raining","Daylight","Hit Parked Vehicle",1,,,1324819.88,1664205.43
"2024-56371-19/09/2025","POORAKA","CITY OF SALISBURY",2,1,0,0,1,2024,"June","Thursday","04:47 pm",60,"Sealed","Dry","Not Raining","Daylight","Right Angle",2,,,1331419.79,1680901.15
"2024-56373-19/09/2025","GLEN OSMOND","CITY OF BURNSIDE",2,1,0,0,1,2024,"June","Thursday","03:40 pm",60,"Sealed","Dry","Not Raining","Daylight","Side Swipe",2,,,1332395.3,1666564.15
"2024-56374-19/09/2025","STURT","CC MARION.",2,4,0,0,4,2024,"June","Thursday","05:25 pm",60,"Sealed","Dry","Not Raining","Night","Hit Fixed Object",1,,,1324079.92,1660660.22
"2024-56375-19/09/2025","STURT","CC MARION.",2,1,0,0,1,2024,"June","Tuesday","09:00 am",60,"Sealed","Wet","Not Raining","Daylight","Rear End",1,,,1323935.31,1660656.37
"2024-56379-19/09/2025","CLARE","CLARE AND GILBERT VALLEYS DISTRICT COUNCIL",1,1,0,0,1,2024,"June","Thursday","05:00 pm",50,"Sealed","Wet","Raining","Daylight","Roll Over",1,"Y","Y",1333829.97,1792290.98
"2024-56381-19/09/2025","GLENELG","CITY OF HOLDFAST BAY",2,1,0,0,1,2024,"June","Thursday","07:40 pm",50,"Sealed","Dry","Not Raining","Night","Right Angle",2,,,1320441.23,1665085.23
"2024-56382-19/09/2025","PARACOMBE","THE ADELAIDE HILLS COUNCIL",2,1,0,1,0,2024,"June","Thursday","06:15 pm",80,"Sealed","Wet","Not Raining","Night","Hit Fixed Object",1,"Y",,1346877.82,1678504.69
"2024-56385-19/09/2025","BLACKWOOD","CC MITCHAM.",2,1,0,1,0,2024,"June","Thursday","10:00 pm",50,"Sealed","Dry","Not Raining","Night","Hit Fixed Object",1,"Y",,1329150.58,1659549.59
"2024-56388-19/09/2025","ADELAIDE","CITY OF ADELAIDE",2,1,0,0,1,2024,"June","Friday","07:10 am",50,"Sealed","Dry","Not Raining","Night","Right Angle",2,,,1328091.24,1670505.23
"2024-56389-19/09/2025","RICHMOND","CITY OF WEST TORRENS",3,1,0,0,1,2024,"June","Thursday","03:00 pm",60,"Sealed","Wet","Raining","Daylight","Rear End",2,,,1324884.27,1668930.28
"2024-56397-19/09/2025","MONTEITH","RC MURRAY BRIDGE.",1,1,0,0,1,2024,"June","Friday","09:57 am",110,"Sealed","Dry","Not Raining","Daylight","Left Road - Out of Control",1,,,1395173.73,1641867.44
"2024-56398-19/09/2025","TRINITY GARDENS","CC OF NORWOOD,PAYNEHAM & ST PETERS",2,1,0,0,1,2024,"June","Friday","11:15 am",50,"Sealed","Dry","Not Raining","Daylight","Hit Pedestrian",2,,,1332332.47,1672435.57
"2024-56402-19/09/2025","INGLE FARM","CITY OF SALISBURY",2,1,0,0,1,2024,"June","Friday","01:48 pm",60,"Sealed","Dry","Not Raining","Daylight","Rear End",2,,,1334499.5,1681135.42
"2024-56405-19/09/2025","ELIZABETH PARK","CITY OF PLAYFORD.",2,1,0,0,1,2024,"June","Friday","03:47 pm",60,"Sealed","Dry","Not Raining","Daylight","Right Angle",1,,,1336805.4,1693947.34
"2024-56406-19/09/2025","MOUNT GAMBIER","CC MT.GAMBIER.",2,1,0,0,1,2024,"June","Friday","04:50 pm",60,"Sealed","Dry","Not Raining","Daylight","Right Turn",1,,,1510902.22,1338361.25
"2024-56407-19/09/2025","STIRLING","THE ADELAIDE HILLS COUNCIL",2,1,0,0,1,2024,"June","Friday","04:38 pm",50,"Sealed","Dry","Not Raining","Daylight","Hit Fixed Object",1,,,1339415.9,1662365.75
"2024-56412-19/09/2025","KERSBROOK","THE ADELAIDE HILLS COUNCIL",2,1,0,0,1,2024,"June","Friday","06:15 pm",80,"Sealed","Dry","Not Raining","Night","Hit Fixed Object",1,,,1352083.22,1696980.39
"2024-56413-19/09/2025","ROSEDALE","LIGHT REGIONAL COUNCIL",3,1,0,1,0,2024,"June","Friday","05:30 pm",80,"Sealed","Dry","Not Raining","Night","Hit Fixed Object",1,"Y",,1352375.44,1712616.05
"2024-56417-19/09/2025","BOLIVAR","CITY OF SALISBURY",3,2,0,0,2,2024,"June","Friday","11:11 pm",90,"Sealed","Dry","Not Raining","Night","Rear End",1,"Y",,1328535.98,1688235.68
"2024-56418-19/09/2025","MOUNT GAMBIER","CC MT.GAMBIER.",2,1,0,1,0,2024,"June","Friday","04:50 pm",50,"Sealed","Dry","Not Raining","Daylight","Hit Pedestrian",1,,,1510387.79,1340065.2
"2024-56427-19/09/2025","HECTORVILLE","CC CAMPBELLTOWN.",2,1,0,0,1,2024,"June","Saturday","11:20 am",60,"Sealed","Dry","Not Raining","Daylight","Right Angle",2,,,1334788.99,1674537.09
"2024-56429-19/09/2025","WHITES VALLEY","CITY OF ONKAPARINGA",2,2,0,0,2,2024,"June","Saturday","12:50 pm",80,"Sealed","Dry","Not Raining","Daylight","Right Angle",1,,,1320078.81,1634748.22
"2024-56435-19/09/2025","VIRGINIA","CITY OF PLAYFORD.",3,2,0,1,1,2024,"June","Saturday","01:45 pm",90,"Sealed","Dry","Not Raining","Daylight","Right Angle",2,,,1326421.71,1696569.21
"2024-56437-19/09/2025","LARGS NORTH","CITY OF PORT ADELAIDE ENFIELD",2,1,0,0,1,2024,"June","Saturday","11:40 am",60,"Sealed","Dry","Not Raining","Daylight","Right Turn",2,,,1318936.95,1683252.18
"2024-56438-19/09/2025","LOXTON NORTH","LOXTON WAIKERIE DISTRICT COUNCIL",2,3,0,0,3,2024,"June","Saturday","04:48 pm",110,"Sealed","Dry","Not Raining","Daylight","Rear End",2,,,1513884.59,1721282.72
"2024-56439-19/09/2025","URRBRAE","CC MITCHAM.",2,1,0,0,1,2024,"June","Saturday","05:00 pm",60,"Sealed","Dry","Not Raining","Daylight","Right Angle",2,,,1332373.16,1666370.92
"2024-56454-19/09/2025","STIRLING","THE ADELAIDE HILLS COUNCIL",1,1,0,0,1,2024,"June","Sunday","11:30 am",60,"Sealed","Dry","Not Raining","Daylight","Other",1,,,1338167.29,1660999.23
"2024-56456-19/09/2025","PORT AUGUSTA WEST","CC PT.AUGUSTA.",1,1,0,0,1,2024,"June","Sunday","11:34 am",80,"Unsealed","Dry","Not Raining","Daylight","Roll Over",1,,,1255258.03,1950516.74
"2024-56461-19/09/2025","MODBURY NORTH","CITY OF TEA TREE GULLY",2,1,0,0,1,2024,"June","Saturday","10:45 pm",60,"Unsealed","Dry","Not Raining","Night","Right Angle",2,,,1335688.29,1681182.79
"2024-56463-19/09/2025","CROMER","THE ADELAIDE HILLS COUNCIL",1,1,0,1,0,2024,"June","Sunday","03:30 pm",100,"Sealed","Dry","Not Raining","Daylight","Roll Over",1,,,1361917.27,1685444.98
"2024-56464-19/09/2025","EDWARDSTOWN","CC MARION.",1,1,1,0,0,2024,"June","Sunday","04:15 pm",50,"Sealed","Dry","Not Raining","Daylight","Roll Over",1,,,1325087,1665067.72
"2024-56470-19/09/2025","MOUNT GAMBIER","CC MT.GAMBIER.",2,1,0,0,1,2024,"June","Sunday","11:15 am",50,"Sealed","Dry","Not Raining","Daylight","Right Angle",1,,,1512282.44,1340304.76
"2024-56473-19/09/2025","PLYMPTON","CITY OF WEST TORRENS",2,1,0,0,1,2024,"June","Sunday","07:55 pm",60,"Sealed","Dry","Not Raining","Night","Right Turn",1,,,1325020,1667161.99
"2024-56475-19/09/2025","PROSPECT","CITY OF PROSPECT",2,1,0,0,1,2024,"June","Sunday","10:55 pm",60,"Sealed","Dry","Not Raining","Night","Right Turn",1,,,1328862.28,1676441.72
"2024-56476-19/09/2025","COONDAMBO",,1,1,1,0,0,2024,"June","Sunday","08:19 pm",110,"Sealed","Dry","Not Raining","Night","Roll Over",1,,,1090738.12,2096497.16
"2024-56479-19/09/2025","SEDDON","KANGAROO ISLAND COUNCIL",1,1,0,1,0,2024,"June","Monday","01:12 am",110,"Sealed","Dry","Not Raining","Night","Roll Over",1,"Y",,1204735.43,1575753.52
"2024-56493-19/09/2025","FULLARTON","CITY OF UNLEY",2,1,0,0,1,2024,"June","Monday","01:45 pm",60,"Sealed","Dry","Not Raining","Daylight","Hit Pedestrian",2,,,1331104.28,1668016.13
"2024-56494-19/09/2025","WISTOW","DC MT.BARKER.",2,1,0,0,1,2024,"June","Sunday","02:30 pm",80,"Sealed","Dry","Not Raining","Daylight","Rear End",2,,,1353777.94,1649394.23
"2024-56499-19/09/2025","ELIZABETH VALE","CITY OF PLAYFORD.",2,1,0,0,1,2024,"June","Monday","03:30 pm",80,"Sealed","Dry","Not Raining","Daylight","Rear End",2,,,1336141.79,1690279.18
"2024-56503-19/09/2025","KOOTABERRA",,2,3,1,2,0,2024,"June","Monday","02:51 pm",80,"Sealed","Dry","Not Raining","Daylight","Hit Fixed Object",1,,,1230887.05,1981237.67
"2024-56506-19/09/2025","ANGLE PARK","CITY OF PORT ADELAIDE ENFIELD",2,1,0,1,0,2024,"June","Monday","05:59 pm",60,"Sealed","Dry","Not Raining","Night","Right Turn",1,,,1325541.47,1678588.3
"2024-56509-19/09/2025","PALMER","MID MURRAY DISTRICT COUNCIL",2,1,0,0,1,2024,"June","Monday","05:55 pm",100,"Sealed","Wet","Not Raining","Night","Head On",1,,,1379844.17,1675826.08
"2024-56510-19/09/2025","WOODVILLE","CITY OF CHARLES STURT",2,1,0,0,1,2024,"June","Saturday","09:00 pm",50,"Sealed","Dry","Not Raining","Night","Rear End",2,,,1323153.55,1676320.69
"2024-56513-19/09/2025","GLENSIDE","CITY OF BURNSIDE",3,2,0,0,2,2024,"June","Tuesday","08:40 am",25,"Sealed","Dry","Not Raining","Daylight","Hit Fixed Object",1,,,1332153.16,1669007.42
"2024-56514-19/09/2025","VALLEY VIEW","CITY OF TEA TREE GULLY",2,1,0,0,1,2024,"June","Tuesday","08:53 am",60,"Sealed","Dry","Not Raining","Daylight","Hit Pedestrian",1,,,1335419.71,1679629.69
"2024-56517-19/09/2025","SANDERGROVE","ALEXANDRINA COUNCIL",2,1,0,0,1,2024,"June","Tuesday","06:10 am",100,"Unsealed","Wet","Not Raining","Night","Roll Over",1,,,1348280.3,1627321.98
"2024-56521-19/09/2025","WALKLEY HEIGHTS","CITY OF SALISBURY",2,1,1,0,0,2024,"June","Monday","08:40 am",60,"Sealed","Dry","Not Raining","Daylight","Rear End",1,,,1332959.7,1680497.31
"2024-56524-19/09/2025","ADELAIDE","CITY OF ADELAIDE",2,1,0,0,1,2024,"June","Tuesday","02:26 pm",50,"Sealed","Wet","Not Raining","Daylight","Hit Pedestrian",1,,,1329116.57,1671481.28
"2024-56527-19/09/2025","HIGHGATE","CITY OF UNLEY",2,1,0,1,0,2024,"June","Tuesday","03:04 pm",50,"Sealed","Wet","Not Raining","Daylight","Right Angle",1,,,1329863.84,1666895.98
"2024-56540-19/09/2025","VALE PARK","WALKERVILLE TOWN COUNCIL",2,1,0,0,1,2024,"June","Tuesday","06:13 pm",60,"Sealed","Wet","Not Raining","Night","Side Swipe",2,,,1330701.84,1675410.4
"2024-56541-19/09/2025","MODBURY","CITY OF TEA TREE GULLY",3,1,0,0,1,2024,"June","Tuesday","06:50 pm",60,"Sealed","Wet","Raining","Night","Right Turn",1,,,1336876.15,1680848.77
"2024-56543-19/09/2025","HACKHAM WEST","CITY OF ONKAPARINGA",2,1,0,0,1,2024,"June","Tuesday","07:25 pm",60,"Sealed","Dry","Not Raining","Night","Side Swipe",2,,,1319210.07,1647487.7
"2024-56550-19/09/2025","ELIZABETH NORTH","CITY OF PLAYFORD.",3,2,0,0,2,2024,"June","Wednesday","07:15 am",50,"Sealed","Wet","Not Raining","Night","Hit Fixed Object",1,,"Y",1336064.6,1694696.19
"2024-56561-19/09/2025","HENLEY BEACH","CITY OF CHARLES STURT",2,1,0,0,1,2024,"June","Wednesday","08:45 am",50,"Sealed","Wet","Not Raining","Daylight","Hit Pedestrian",2,,,1319127,1672310.49
"2024-56564-19/09/2025","DAVOREN PARK","CITY OF PLAYFORD.",2,1,0,0,1,2024,"June","Wednesday","10:41 am",60,"Sealed","Dry","Not Raining","Daylight","Rear End",1,,,1336449.38,1696958.46
"2024-56565-19/09/2025","HOPE VALLEY","CITY OF TEA TREE GULLY",2,1,0,0,1,2024,"June","Wednesday","11:23 am",60,"Sealed","Dry","Not Raining","Daylight","Right Angle",1,,,1337389.22,1678140.96
"2024-56566-19/09/2025","GLEN OSMOND","CITY OF BURNSIDE",2,1,0,0,1,2024,"June","Wednesday","11:40 am",60,"Sealed","Dry","Not Raining","Daylight","Right Angle",1,,,1332383.73,1666889.18
"2024-56569-19/09/2025","SEACLIFF PARK","CITY OF HOLDFAST BAY",2,1,0,0,1,2024,"June","Wednesday","11:35 am",60,"Sealed","Dry","Not Raining","Daylight","Right Angle",1,,,1321183.1,1659188.47
"2024-56570-19/09/2025","PORT LINCOLN","CC PT.LINCOLN.",2,1,0,0,1,2024,"June","Wednesday","12:00 pm",60,"Sealed","Wet","Raining","Daylight","Right Turn",2,,,1077950.51,1696433.47
"2024-56575-19/09/2025","MOUNT BARKER","DC MT.BARKER.",3,2,0,0,2,2024,"June","Wednesday","12:25 pm",60,"Sealed","Dry","Not Raining","Daylight","Right Angle",1,,,1351901.57,1653063.6
"2024-56577-19/09/2025","WARNERTOWN","PT.PIRIE CITY & DIST. COUNCIL",2,1,0,0,1,2024,"June","Wednesday","12:15 pm",110,"Sealed","Dry","Not Raining","Daylight","Head On",2,,,1294559.41,1855397.03
"2024-56583-19/09/2025","SALISBURY","CITY OF SALISBURY",2,1,0,0,1,2024,"June","Wednesday","03:05 pm",50,"Sealed","Dry","Not Raining","Daylight","Hit Fixed Object",1,,,1332634.55,1688508.41
"2024-56584-19/09/2025","ST AGNES","CITY OF TEA TREE GULLY",2,1,0,0,1,2024,"June","Wednesday","03:09 pm",25,"Sealed","Dry","Not Raining","Daylight","Hit Pedestrian",2,,,1338517.3,1680471.43
"2024-56587-19/09/2025","STRATHALBYN","ALEXANDRINA COUNCIL",2,1,0,0,1,2024,"June","Tuesday","05:30 pm",50,"Sealed","Wet","Raining","Night","Right Angle",2,,,1354249.32,1632851.07
"2024-56589-19/09/2025","LONSDALE","CITY OF ONKAPARINGA",2,1,0,0,1,2024,"June","Wednesday","06:10 pm",70,"Sealed","Dry","Not Raining","Night","Right Angle",2,,,1319357.12,1650949
"2024-56596-19/09/2025","EVANSTON","CT GAWLER.",3,1,0,0,1,2024,"June","Thursday","07:20 am",80,"Sealed","Wet","Raining","Night","Right Turn",2,,,1341314.94,1704923.74
"2024-56598-19/09/2025","HAYBOROUGH","DC VICTOR HARBOR.",2,1,0,0,1,2024,"June","Wednesday","04:45 pm",60,"Sealed","Unknown","Unknown","Daylight","Right Angle",2,,,1330054.46,1602924.33
"2024-56599-19/09/2025","KENSINGTON","CC OF NORWOOD,PAYNEHAM & ST PETERS",2,1,0,0,1,2024,"June","Wednesday","05:20 pm",60,"Sealed","Dry","Not Raining","Night","Right Angle",2,,,1333074.66,1670438.91
"2024-56605-19/09/2025","TANTANOOLA","WATTLE RANGE COUNCIL",2,2,0,0,2,2024,"June","Thursday","11:00 am",100,"Sealed","Dry","Not Raining","Daylight","Hit Fixed Object",1,,"Y",1480786.75,1358588.41
"2024-56607-19/09/2025","WILLUNGA","CITY OF ONKAPARINGA",2,1,0,0,1,2024,"June","Thursday","01:32 pm",50,"Sealed","Wet","Not Raining","Daylight","Right Angle",1,,,1322471.11,1632468.06
"2024-56610-19/09/2025","NEWTON","CC CAMPBELLTOWN.",2,1,0,0,1,2024,"June","Thursday","02:40 pm",60,"Sealed","Wet","Not Raining","Daylight","Right Angle",2,,,1337017.24,1675378.51
"2024-56611-19/09/2025","CAMPBELLTOWN","CC CAMPBELLTOWN.",2,1,0,1,0,2024,"June","Thursday","02:25 pm",40,"Sealed","Dry","Not Raining","Daylight","Hit Parked Vehicle",1,,,1334427.03,1675117.6
"2024-56612-19/09/2025","SOUTH PLYMPTON","CC MARION.",1,1,0,0,1,2024,"June","Tuesday","03:45 pm",60,"Sealed","Dry","Not Raining","Daylight","Other",1,,,1324279.34,1665145.89
"2024-56613-19/09/2025","COCKATOO VALLEY","THE BAROSSA COUNCIL.",2,2,0,0,2,2024,"June","Thursday","04:12 pm",100,"Sealed","Dry","Not Raining","Daylight","Right Turn",1,,,1352704.65,1702442.66
"2024-56621-19/09/2025","KORUNYE","DC MALLALA.",2,3,0,1,2,2024,"June","Thursday","04:30 pm",100,"Unsealed","Dry","Not Raining","Daylight","Right Angle",1,,,1325604.89,1712533.84
"2024-56628-19/09/2025","PETWOOD","DC MT.BARKER.",2,1,0,0,1,2024,"June","Friday","12:36 am",110,"Sealed","Dry","Not Raining","Night","Hit Fixed Object",1,,,1360496,1651953.86
"2024-56632-19/09/2025","MITCHELL PARK","CC MARION.",2,1,0,0,1,2024,"June","Friday","08:25 am",50,"Sealed","Dry","Not Raining","Daylight","Rear End",1,,,1324937.87,1663156.58
"2024-56638-19/09/2025","MOUNT BARKER","DC MT.BARKER.",2,1,0,0,1,2024,"June","Thursday","06:30 pm",80,"Sealed","Dry","Not Raining","Night","Right Angle",2,,,1353184.59,1650983.3
"2024-56640-19/09/2025","BALHANNAH","THE ADELAIDE HILLS COUNCIL",1,1,0,0,1,2024,"June","Thursday","05:12 pm",80,"Sealed","Wet","Not Raining","Daylight","Roll Over",1,,,1345799.89,1663034.71
"2024-56643-19/09/2025","SOUTH PLYMPTON","CC MARION.",2,1,0,0,1,2024,"June","Thursday","08:30 am",50,"Sealed","Wet","Not Raining","Daylight","Rear End",2,,,1325018.67,1665925.87
"2024-56645-19/09/2025","BROOKLYN PARK","CITY OF WEST TORRENS",2,1,0,0,1,2024,"June","Friday","09:40 am",60,"Sealed","Dry","Not Raining","Daylight","Rear End",2,,,1323133.56,1670095.46
"2024-56646-19/09/2025","COLLEGE PARK","CC OF NORWOOD,PAYNEHAM & ST PETERS",2,1,0,0,1,2024,"June","Friday","01:34 pm",60,"Sealed","Dry","Not Raining","Daylight","Right Turn",2,,,1330528.63,1671675.11
"2024-56648-19/09/2025","GILBERTON","WALKERVILLE TOWN COUNCIL",2,1,0,0,1,2024,"June","Friday","01:40 pm",60,"Sealed","Dry","Not Raining","Daylight","Right Angle",1,,,1330004.64,1673692.02
"2024-56666-19/09/2025","WEST LAKES","CITY OF CHARLES STURT",3,1,0,0,1,2024,"June","Friday","04:10 pm",50,"Sealed","Dry","Not Raining","Daylight","Rear End",1,,,1318757.5,1674735.7
"2024-56668-19/09/2025","NOARLUNGA DOWNS","CITY OF ONKAPARINGA",6,2,1,1,0,2024,"June","Friday","04:48 pm",80,"Sealed","Wet","Raining","Daylight","Right Angle",1,,"Y",1319288.56,1644358.57
"2024-56670-19/09/2025","URRBRAE","CC MITCHAM.",1,1,0,1,0,2024,"June","Friday","08:50 pm",60,"Sealed","Wet","Raining","Night","Roll Over",1,,,1330765.11,1666293.95
"2024-56681-19/09/2025","PAYNEHAM SOUTH","CC OF NORWOOD,PAYNEHAM & ST PETERS",2,1,0,0,1,2024,"June","Friday","05:30 pm",60,"Sealed","Wet","Raining","Night","Hit Pedestrian",2,,,1332213.35,1672708.61
"2024-56682-19/09/2025","WEST CROYDON","CITY OF CHARLES STURT",2,1,0,0,1,2024,"June","Saturday","11:30 am",40,"Sealed","Wet","Not Raining","Daylight","Right Angle",2,,,1325553.58,1674641
"2024-56683-19/09/2025","TUMBY BAY","DC TUMBY BAY.",3,1,0,1,0,2024,"June","Friday","10:30 pm",50,"Sealed","Dry","Not Raining","Night","Hit Fixed Object",1,"Y",,1101272.88,1736845.24
"2024-56685-19/09/2025","GLYNDE","CC OF NORWOOD,PAYNEHAM & ST PETERS",2,1,0,0,1,2024,"June","Saturday","12:55 pm",60,"Sealed","Dry","Not Raining","Daylight","Right Angle",1,,,1333191.27,1674250.06
"2024-56691-19/09/2025","SALISBURY NORTH","CITY OF SALISBURY",2,1,0,0,1,2024,"June","Saturday","01:55 pm",60,"Sealed","Dry","Not Raining","Daylight","Right Angle",2,,,1331067.07,1690098.86
"2024-56693-19/09/2025","MILE END","CITY OF WEST TORRENS",2,2,0,0,2,2024,"June","Saturday","03:49 pm",50,"Sealed","Dry","Not Raining","Daylight","Hit Fixed Object",1,,,1325466.99,1670975.64
"2024-56697-19/09/2025","WILLOCHRA","THE FLINDERS RANGES COUNCIL.",2,2,0,1,1,2024,"June","Saturday","12:39 pm",110,"Sealed","Dry","Not Raining","Daylight","Side Swipe",2,,,1299756.41,1975678.29
"2024-56701-19/09/2025","CHRISTIE DOWNS","CITY OF ONKAPARINGA",2,1,0,1,0,2024,"June","Saturday","07:36 pm",50,"Sealed","Dry","Not Raining","Night","Hit Fixed Object",1,"Y",,1317630.59,1648139.44
"2024-56702-19/09/2025","BALHANNAH","THE ADELAIDE HILLS COUNCIL",1,1,0,0,1,2024,"June","Saturday","07:40 pm",80,"Sealed","Wet","Not Raining","Night","Roll Over",1,,,1351139.21,1659449.47
"2024-56706-19/09/2025","DELAMERE","DC YANKALILLA.",3,4,0,2,2,2024,"June","Sunday","12:42 am",60,"Sealed","Wet","Raining","Night","Hit Fixed Object",1,,"Y",1290513.35,1601146.57
"2024-56718-19/09/2025","PLEASANT PARK","DISTRICT COUNCIL OF GRANT",1,1,0,1,0,2024,"June","Saturday","06:00 pm",100,"Unknown","Unknown","Unknown","Night","Other",1,,"Y",1515262.82,1364164.49
"2024-56720-19/09/2025","GREENOCK","LIGHT REGIONAL COUNCIL",2,1,0,0,1,2024,"June","Sunday","12:00 pm",110,"Sealed","Dry","Not Raining","Daylight","Rear End",2,,,1357617.9,1720475.28
"2024-56723-19/09/2025","LOCKLEYS","CITY OF WEST TORRENS",2,1,0,0,1,2024,"June","Sunday","01:10 pm",60,"Sealed","Dry","Not Raining","Daylight","Rear End",2,,,1320928.35,1669976.7
"2024-56724-19/09/2025","PLYMPTON","CITY OF WEST TORRENS",3,1,0,0,1,2024,"June","Sunday","01:50 pm",50,"Sealed","Dry","Not Raining","Daylight","Right Angle",1,,,1324657.91,1666954.74
"2024-56731-19/09/2025","PEAKE","COORONG DISTRICT COUNCIL",2,1,0,0,1,2024,"June","Sunday","11:00 am",100,"Unsealed","Dry","Not Raining","Daylight","Hit Object on Road",1,,,1448639.41,1612071.51
"2024-56732-19/09/2025","MARBLE HILL","THE ADELAIDE HILLS COUNCIL",1,1,0,0,1,2024,"June","Saturday","09:22 pm",80,"Sealed","Wet","Not Raining","Night","Roll Over",1,,,1342092.87,1670274.7
"2024-56734-19/09/2025","EVANSTON PARK","CT GAWLER.",2,2,0,0,2,2024,"June","Sunday","07:30 pm",60,"Sealed","Dry","Not Raining","Night","Rear End",2,,,1341894.54,1703233.24
"2024-56738-19/09/2025","WINGFIELD","CITY OF PORT ADELAIDE ENFIELD",2,1,0,0,1,2024,"June","Wednesday","07:45 am",90,"Sealed","Dry","Not Raining","Daylight","Rear End",2,,,1324587.26,1681044.08
"2024-56744-19/09/2025","SEATON","CITY OF CHARLES STURT",2,2,0,0,2,2024,"July","Monday","09:50 am",60,"Sealed","Dry","Not Raining","Daylight","Right Angle",1,,,1320716.19,1675975.63
"2024-56746-19/09/2025","POORAKA","CITY OF SALISBURY",2,1,0,0,1,2024,"July","Monday","09:00 am",50,"Sealed","Dry","Not Raining","Daylight","Hit Parked Vehicle",1,,,1330962.99,1680549.22
"2024-56749-19/09/2025","GLYNDE","CC OF NORWOOD,PAYNEHAM & ST PETERS",2,1,0,0,1,2024,"July","Monday","10:55 am",60,"Sealed","Dry","Not Raining","Daylight","Hit Fixed Object",1,,,1333550.01,1674420.96
"2024-56753-19/09/2025","LOCHIEL","WAKEFIELD REGIONAL COUNCIL",2,1,0,1,0,2024,"June","Saturday","01:01 pm",60,"Sealed","Dry","Not Raining","Daylight","Hit Fixed Object",1,,,1292042.33,1780764.91
"2024-56758-19/09/2025","PORT ELLIOT","ALEXANDRINA COUNCIL",2,1,0,0,1,2024,"July","Monday","01:15 pm",50,"Sealed","Dry","Not Raining","Daylight","Rear End",1,,"Y",1332873.33,1603345.47
"2024-56762-19/09/2025","DE ROSE HILL",,1,1,0,0,1,2024,"July","Monday","10:50 am",110,"Sealed","Dry","Not Raining","Daylight","Roll Over",1,,,825765.54,2606171.23
"2024-56763-19/09/2025","COORONG","COORONG DISTRICT COUNCIL",2,1,0,0,1,2024,"July","Monday","01:10 pm",100,"Sealed","Dry","Not Raining","Daylight","Hit Fixed Object",1,,,1409080.42,1549948.2
"2024-56764-19/09/2025","MASLIN BEACH","CITY OF ONKAPARINGA",2,1,0,0,1,2024,"July","Monday","04:00 pm",70,"Sealed","Dry","Not Raining","Daylight","Right Angle",1,,,1316480.48,1638128.35
"2024-56771-19/09/2025","ADELAIDE","CITY OF ADELAIDE",2,1,0,0,1,2024,"July","Monday","04:15 pm",50,"Sealed","Dry","Not Raining","Daylight","Rear End",1,,,1327982.02,1670018.4
"2024-56773-19/09/2025","MOUNT GAMBIER","CC MT.GAMBIER.",2,1,0,0,1,2024,"July","Monday","04:30 pm",50,"Sealed","Dry","Not Raining","Daylight","Right Angle",1,,,1509751.05,1340231.97
"2024-56774-19/09/2025","ST MARYS","CC MITCHAM.",2,1,0,0,1,2024,"July","Monday","06:00 pm",60,"Sealed","Dry","Not Raining","Night","Right Angle",1,,,1325992.58,1662296.41