"REPORT_ID","Suburb","LGA Name","Total Units","Total Cas","Total Fats","Total SI","Total MI","Year","Month","Day","Time","Area Speed","Road Surface","Moisture Cond","Weather Cond","DayNight","Crash Type","Unit Resp","DUI Involved","Drugs Involved","ACCLOC_X","ACCLOC_Y"
"2024-56779-19/09/2025","YAHL","DISTRICT COUNCIL OF GRANT",2,3,0,0,3,2024,"July","Monday","10:30 pm",110,"Sealed","Dry","Not Raining","Night","Roll Over",1,,,1510993.8,1336281.7
"2024-56780-19/09/2025","PENFIELD GARDENS","CITY OF PLAYFORD.",2,2,0,0,2,2024,"July","Tuesday","05:30 am",60,"Sealed","Dry","Not Raining","Night","Right Angle",2,,,1333134.46,1700544.36
"2024-56785-19/09/2025","MITCHELL PARK","CC MARION.",2,1,0,0,1,2024,"July","Tuesday","07:50 am",50,"Sealed","Dry","Not Raining","Daylight","Right Angle",1,,,1324810.8,1661651.75
"2024-56786-19/09/2025","WISTOW","DC MT.BARKER.",2,1,0,0,1,2024,"July","Tuesday","05:30 am",60,"Unsealed","Dry","Not Raining","Night","Hit Animal",2,,,1352336.69,1649329.88
"2024-56788-19/09/2025","GLENELG","CITY OF HOLDFAST BAY",2,1,0,0,1,2024,"July","Tuesday","07:25 am",60,"Sealed","Dry","Not Raining","Daylight","Right Turn",1,,,1321020.22,1664681.98
"2024-56789-19/09/2025","PARALOWIE","CITY OF SALISBURY",2,2,0,0,2,2024,"July","Tuesday","08:00 am",60,"Sealed","Dry","Not Raining","Daylight","Rear End",2,,,1328646.54,1688912.74
"2024-56791-19/09/2025","ELIZABETH EAST","CITY OF PLAYFORD.",2,1,1,0,0,2024,"July","Tuesday","08:21 am",60,"Sealed","Dry","Not Raining","Daylight","Hit Pedestrian",2,,,1336896.21,1693032.29
"2024-56794-19/09/2025","HENLEY BEACH SOUTH","CITY OF CHARLES STURT",3,1,0,0,1,2024,"July","Tuesday","10:20 am",50,"Sealed","Dry","Not Raining","Daylight","Side Swipe",2,,,1319242.54,1670714.58
"2024-56796-19/09/2025","WELLAND","CITY OF CHARLES STURT",2,1,0,0,1,2024,"July","Tuesday","11:10 am",60,"Sealed","Dry","Not Raining","Daylight","Right Angle",2,,,1324722.47,1673184.53
"2024-56799-19/09/2025","EVERARD PARK","CITY OF UNLEY",2,1,0,0,1,2024,"July","Tuesday","09:48 am",60,"Sealed","Dry","Not Raining","Daylight","Rear End",2,,,1325838.75,1667742.18
"2024-56815-19/09/2025","MOUNT BARKER","DC MT.BARKER.",2,1,0,0,1,2024,"July","Tuesday","04:00 pm",60,"Sealed","Dry","Not Raining","Daylight","Side Swipe",2,,,1351306.12,1654258.85
"2024-56817-19/09/2025","KESWICK TERMINAL","CITY OF WEST TORRENS",2,1,0,1,0,2024,"July","Tuesday","04:04 pm",60,"Sealed","Dry","Not Raining","Daylight","Right Turn",1,,,1326356.15,1669668.57
"2024-56820-19/09/2025","DARLINGTON","CITY OF ONKAPARINGA",2,1,0,0,1,2024,"July","Tuesday","04:45 pm",70,"Sealed","Dry","Not Raining","Daylight","Right Turn",1,,,1324432.96,1659694.42
"2024-56822-19/09/2025","GRANGE","CITY OF CHARLES STURT",3,1,0,0,1,2024,"July","Monday","08:30 pm",40,"Sealed","Dry","Not Raining","Night","Hit Parked Vehicle",1,,,1319500.66,1673605.24
"2024-56827-19/09/2025","PORT WAKEFIELD","WAKEFIELD REGIONAL COUNCIL",2,1,0,0,1,2024,"July","Tuesday","06:13 pm",110,"Sealed","Dry","Not Raining","Night","Hit Fixed Object",1,,"Y",1291693.99,1752108.19
"2024-56840-19/09/2025","WINGFIELD","CITY OF PORT ADELAIDE ENFIELD",2,1,0,1,0,2024,"July","Wednesday","10:55 am",60,"Sealed","Dry","Not Raining","Daylight","Right Angle",2,,,1325526.91,1679186.68
"2024-56843-19/09/2025","GLANDORE","CC MARION.",5,1,0,0,1,2024,"July","Wednesday","12:00 pm",60,"Sealed","Dry","Not Raining","Daylight","Rear End",2,,,1325325.61,1666136.7
"2024-56844-19/09/2025","ANGLE VALE","CITY OF PLAYFORD.",2,1,0,0,1,2024,"July","Tuesday","05:05 pm",60,"Sealed","Dry","Not Raining","Daylight","Rear End",2,,,1334147.95,1699973.1
"2024-56849-19/09/2025","ADELAIDE","CITY OF ADELAIDE",2,2,0,0,2,2024,"July","Wednesday","11:58 am",50,"Sealed","Dry","Not Raining","Daylight","Rear End",2,,,1329033.89,1670373.94
"2024-56850-19/09/2025","STRATHALBYN","ALEXANDRINA COUNCIL",2,1,0,0,1,2024,"July","Wednesday","05:35 pm",50,"Sealed","Dry","Not Raining","Night","Hit Pedestrian",1,,,1353379.91,1633051.8
"2024-56851-19/09/2025","RICHMOND","CITY OF WEST TORRENS",3,1,0,0,1,2024,"July","Wednesday","05:35 pm",60,"Sealed","Dry","Not Raining","Night","Rear End",1,,,1325791.45,1669465.91
"2024-56854-19/09/2025","SEAFORD","CITY OF ONKAPARINGA",2,2,0,1,1,2024,"July","Wednesday","05:55 pm",50,"Sealed","Dry","Not Raining","Night","Right Angle",1,,,1316720.47,1641624.73
"2024-56857-19/09/2025","YAHL","DISTRICT COUNCIL OF GRANT",2,1,0,0,1,2024,"July","Wednesday","06:50 pm",110,"Sealed","Dry","Not Raining","Night","Hit Fixed Object",1,,,1510990.85,1336199.85
"2024-56858-19/09/2025","MEDINDIE","WALKERVILLE TOWN COUNCIL",2,1,0,0,1,2024,"July","Wednesday","06:25 pm",60,"Sealed","Dry","Not Raining","Night","Hit Pedestrian",1,,,1329427.23,1673281.86
"2024-56863-19/09/2025","NOARLUNGA DOWNS","CITY OF ONKAPARINGA",2,1,0,0,1,2024,"July","Wednesday","11:09 pm",60,"Sealed","Dry","Not Raining","Night","Right Turn",2,,,1318544.62,1646725.5
"2024-56868-19/09/2025","GLYNDE","CC OF NORWOOD,PAYNEHAM & ST PETERS",2,1,0,0,1,2024,"July","Thursday","07:35 am",60,"Sealed","Dry","Not Raining","Daylight","Right Angle",1,,,1333797.42,1673960.44
"2024-56871-19/09/2025","BEDFORD PARK","CC MARION.",3,1,0,0,1,2024,"July","Thursday","10:27 am",60,"Sealed","Wet","Raining","Daylight","Hit Fixed Object",1,,"Y",1324445.63,1659809.75
"2024-56877-19/09/2025","OLD CALPERUM","DC RENMARK PARINGA",2,2,0,2,0,2024,"July","Thursday","12:25 pm",110,"Sealed","Dry","Not Raining","Daylight","Head On",1,"Y","Y",1522115.66,1740318.94
"2024-56892-19/09/2025","OLD NOARLUNGA","CITY OF ONKAPARINGA",4,1,0,0,1,2024,"July","Thursday","04:50 pm",60,"Sealed","Dry","Not Raining","Daylight","Rear End",1,"Y",,1317703.08,1642193.77
"2024-56893-19/09/2025","GLOSSOP","THE BERRI BARMERA COUNCIL",2,2,1,1,0,2024,"July","Thursday","04:13 pm",100,"Sealed","Dry","Not Raining","Daylight","Right Angle",1,,,1512317.69,1734977.47
"2024-56895-19/09/2025","WALLAROO","COPPER COAST DISTRICT COUNCIL",2,2,0,2,0,2024,"July","Thursday","06:35 pm",60,"Sealed","Dry","Not Raining","Night","Rear End",1,,"Y",1244300.59,1782472.36
"2024-56896-19/09/2025","ELIZABETH GROVE","CITY OF PLAYFORD.",2,1,0,0,1,2024,"July","Thursday","09:15 pm",80,"Sealed","Dry","Not Raining","Night","Right Angle",1,,,1336080.31,1692236.44
"2024-56898-19/09/2025","PARAFIELD GARDENS","CITY OF SALISBURY",3,1,0,1,0,2024,"July","Thursday","11:38 pm",50,"Sealed","Dry","Not Raining","Night","Hit Parked Vehicle",1,,,1328978.69,1686812.84
"2024-56899-19/09/2025","MUNGERANIE",,1,1,0,1,0,2024,"July","Thursday","07:00 pm",100,"Unsealed","Dry","Not Raining","Night","Roll Over",1,,,1359528.02,2437012.03
"2024-56903-19/09/2025","NORWOOD","CC OF NORWOOD,PAYNEHAM & ST PETERS",2,1,0,0,1,2024,"July","Friday","07:00 am",50,"Sealed","Dry","Not Raining","Night","Right Turn",1,,,1331551.35,1671060.5
"2024-56909-19/09/2025","MANSFIELD PARK","CITY OF PORT ADELAIDE ENFIELD",2,1,0,0,1,2024,"July","Friday","11:57 am",50,"Sealed","Dry","Not Raining","Daylight","Right Angle",1,,,1324349.71,1678048.11
"2024-56914-19/09/2025","PARADISE","CC CAMPBELLTOWN.",2,2,0,0,2,2024,"July","Friday","01:17 pm",60,"Sealed","Dry","Not Raining","Daylight","Rear End",2,,,1335190,1675919.89
"2024-56915-19/09/2025","BURTON","CITY OF SALISBURY",3,2,0,0,2,2024,"July","Friday","02:01 pm",70,"Sealed","Dry","Not Raining","Daylight","Right Angle",1,,,1328995.29,1691741.53
"2024-56919-19/09/2025","INGLE FARM","CITY OF SALISBURY",2,1,0,0,1,2024,"July","Friday","01:45 pm",60,"Sealed","Dry","Not Raining","Daylight","Right Turn",1,,,1331629.44,1680847.1
"2024-56921-19/09/2025","THEBARTON","CITY OF WEST TORRENS",2,1,0,0,1,2024,"July","Friday","03:45 pm",60,"Sealed","Dry","Not Raining","Daylight","Side Swipe",1,,,1326574.3,1671721.27
"2024-56923-19/09/2025","ROSTREVOR","CC CAMPBELLTOWN.",2,1,0,0,1,2024,"July","Friday","03:15 pm",60,"Sealed","Dry","Not Raining","Daylight","Rear End",1,,,1335450.52,1672991.24
"2024-56930-19/09/2025","HALLETT COVE","CC MARION.",3,3,0,0,3,2024,"July","Friday","04:50 pm",80,"Sealed","Dry","Not Raining","Daylight","Right Turn",1,,,1319752.15,1653443.13
"2024-56932-19/09/2025","ADELAIDE","CITY OF ADELAIDE",2,1,0,1,0,2024,"July","Friday","05:45 pm",50,"Sealed","Dry","Not Raining","Night","Right Angle",2,,,1328543.57,1670034.87
"2024-56934-19/09/2025","ANNA CREEK",,1,1,0,0,1,2024,"July","Friday","03:31 pm",100,"Unsealed","Dry","Not Raining","Daylight","Roll Over",1,,,1037459.73,2323080.16
"2024-56936-19/09/2025","ADELAIDE","CITY OF ADELAIDE",4,1,0,0,1,2024,"July","Friday","06:12 pm",60,"Sealed","Dry","Not Raining","Night","Rear End",1,,,1327382.28,1670486.86
"2024-56937-19/09/2025","SMITHFIELD","CITY OF PLAYFORD.",3,1,0,0,1,2024,"July","Friday","06:25 pm",80,"Sealed","Dry","Not Raining","Night","Rear End",1,,,1337985.88,1697275.72
"2024-56938-19/09/2025","MILLBROOK","THE ADELAIDE HILLS COUNCIL",2,3,0,0,3,2024,"July","Friday","06:00 pm",80,"Sealed","Dry","Not Raining","Night","Hit Fixed Object",1,,"Y",1347647.42,1681925.24
"2024-56942-19/09/2025","DRY CREEK","CITY OF SALISBURY",2,1,0,1,0,2024,"July","Saturday","12:10 am",110,"Sealed","Dry","Not Raining","Night","Hit Fixed Object",1,"Y",,1325425.3,1682417.25
"2024-56943-19/09/2025","MOUNT JAGGED","ALEXANDRINA COUNCIL",2,1,0,1,0,2024,"July","Saturday","06:05 am",100,"Sealed","Dry","Not Raining","Night","Right Angle",1,,,1330353.86,1613674.71
"2024-56951-19/09/2025","MCLAREN VALE","CITY OF ONKAPARINGA",2,1,0,0,1,2024,"July","Saturday","12:20 pm",80,"Sealed","Dry","Not Raining","Daylight","Right Angle",1,,,1322263.37,1639471.06
"2024-56953-19/09/2025","GLENELG","CITY OF HOLDFAST BAY",2,1,0,0,1,2024,"July","Saturday","01:25 pm",60,"Sealed","Dry","Not Raining","Daylight","Rear End",1,,,1321032.7,1664576.92
"2024-56955-19/09/2025","DUBLIN","DC MALLALA.",2,1,0,0,1,2024,"July","Saturday","01:00 pm",110,"Sealed","Dry","Not Raining","Daylight","Right Angle",1,,,1306998.3,1724622.67
"2024-56956-19/09/2025","NARACOORTE","DC NARACOORTE & LUCINDALE.",1,1,0,0,1,2024,"July","Saturday","02:50 pm",100,"Unsealed","Dry","Not Raining","Daylight","Roll Over",1,,,1508077.23,1439108.15
"2024-56957-19/09/2025","KENSINGTON","CC OF NORWOOD,PAYNEHAM & ST PETERS",2,1,0,0,1,2024,"July","Saturday","12:43 pm",60,"Sealed","Dry","Not Raining","Daylight","Right Angle",2,,,1333058.67,1671093.6
"2024-56962-19/09/2025","WESTBOURNE PARK","CC MITCHAM.",2,1,0,0,1,2024,"July","Saturday","05:25 pm",60,"Sealed","Dry","Not Raining","Night","Hit Pedestrian",2,,,1327532.15,1665373.13
"2024-56966-19/09/2025","PARADISE","CC CAMPBELLTOWN.",2,1,0,0,1,2024,"July","Sunday","07:36 am",50,"Sealed","Dry","Not Raining","Daylight","Hit Fixed Object",1,,,1335976.67,1676504.64
"2024-56975-19/09/2025","EYRE","CITY OF PLAYFORD.",2,1,0,0,1,2024,"July","Sunday","12:00 pm",60,"Sealed","Dry","Not Raining","Daylight","Hit Fixed Object",1,,,1333967.77,1697361.5
"2024-56980-19/09/2025","ST MARYS","CC MITCHAM.",2,3,0,0,3,2024,"July","Sunday","02:45 pm",60,"Sealed","Dry","Not Raining","Daylight","Right Turn",2,,,1325955.93,1663326.3
"2024-56983-19/09/2025","GLENUNGA","CITY OF BURNSIDE",3,1,0,0,1,2024,"July","Sunday","03:40 pm",60,"Sealed","Dry","Not Raining","Daylight","Right Turn",1,"Y",,1332347.73,1667705.26
"2024-56985-19/09/2025","CAREY GULLY","THE ADELAIDE HILLS COUNCIL",2,2,0,0,2,2024,"July","Sunday","05:30 pm",80,"Sealed","Wet","Raining","Night","Head On",1,,,1343158.59,1665845.56
"2024-56986-19/09/2025","KILKENNY","CITY OF CHARLES STURT",2,1,0,0,1,2024,"July","Sunday","06:55 pm",60,"Sealed","Dry","Not Raining","Night","Hit Pedestrian",2,,,1324612.22,1676340.11
"2024-56987-19/09/2025","WAIKERIE","LOXTON WAIKERIE DISTRICT COUNCIL",2,1,0,0,1,2024,"July","Sunday","08:30 pm",80,"Sealed","Wet","Raining","Night","Hit Fixed Object",1,,,1455084.25,1745896.93
"2024-56988-19/09/2025","GOLDEN GROVE","CITY OF TEA TREE GULLY",2,4,0,0,4,2024,"July","Sunday","09:10 pm",60,"Sealed","Dry","Not Raining","Night","Right Turn",1,,,1337848.99,1685515
"2024-56998-19/09/2025","ADELAIDE","CITY OF ADELAIDE",2,1,0,0,1,2024,"July","Monday","11:30 am",5,"Unsealed","Wet","Not Raining","Daylight","Hit Pedestrian",2,,,1328889.13,1670991.47
"2024-57000-19/09/2025","BALAKLAVA","WAKEFIELD REGIONAL COUNCIL",2,1,0,0,1,2024,"July","Monday","12:56 pm",50,"Sealed","Dry","Not Raining","Daylight","Hit Pedestrian",1,,,1314343.5,1757565.36
"2024-57011-19/09/2025","COROMANDEL VALLEY","CC MITCHAM.",2,1,0,1,0,2024,"July","Monday","11:30 pm",60,"Sealed","Wet","Not Raining","Night","Hit Fixed Object",1,"Y","Y",1330368.09,1658504.25
"2024-57012-19/09/2025","PINNAROO","SOUTHERN MALLEE DISTRICT COUNCIL",1,1,0,1,0,2024,"July","Monday","07:30 pm",110,"Sealed","Wet","Raining","Night","Roll Over",1,,,1530696.62,1619792.69
"2024-57019-19/09/2025","TORRENS PARK","CC MITCHAM.",2,1,0,0,1,2024,"July","Saturday","11:32 am",50,"Sealed","Dry","Not Raining","Daylight","Side Swipe",1,,,1330027.31,1664917.58
"2024-57020-19/09/2025","WINGFIELD","CITY OF PORT ADELAIDE ENFIELD",2,1,0,0,1,2024,"July","Tuesday","11:20 am",50,"Sealed","Dry","Not Raining","Daylight","Side Swipe",1,,,1326591.86,1679219.82
"2024-57023-19/09/2025","MOUNT BARKER","DC MT.BARKER.",1,1,0,0,1,2024,"July","Tuesday","11:53 am",50,"Sealed","Dry","Not Raining","Daylight","Roll Over",1,,,1352894.24,1652087.94
"2024-57026-19/09/2025","ASHVILLE","COORONG DISTRICT COUNCIL",2,1,0,0,1,2024,"July","Tuesday","08:51 am",110,"Sealed","Dry","Not Raining","Daylight","Rear End",2,,,1395990.94,1594396.7
"2024-57031-19/09/2025","LOCHABER","DC NARACOORTE & LUCINDALE.",1,1,0,0,1,2024,"July","Tuesday","11:55 am",110,"Sealed","Dry","Not Raining","Daylight","Left Road - Out of Control",1,,,1504347.35,1457142.27
"2024-57044-19/09/2025","ADELAIDE","CITY OF ADELAIDE",2,1,0,0,1,2024,"July","Tuesday","04:32 pm",60,"Sealed","Dry","Not Raining","Daylight","Hit Pedestrian",2,,,1327369.06,1670949.09
"2024-57049-19/09/2025","ADELAIDE","CITY OF ADELAIDE",2,1,0,0,1,2024,"July","Tuesday","06:18 pm",50,"Sealed","Dry","Not Raining","Night","Hit Pedestrian",1,,,1329606.72,1669829.88
"2024-57050-19/09/2025","MAWSON LAKES","CITY OF SALISBURY",2,1,0,1,0,2024,"July","Tuesday","06:45 pm",80,"Sealed","Dry","Not Raining","Night","Hit Fixed Object",1,,,1330707.25,1682127.35
"2024-57051-19/09/2025","WEST RICHMOND","CITY OF WEST TORRENS",2,1,0,0,1,2024,"July","Tuesday","05:00 pm",60,"Sealed","Dry","Not Raining","Daylight","Rear End",2,,,1324148.93,1669591.22
"2024-57052-19/09/2025","MODBURY","CITY OF TEA TREE GULLY",2,1,0,0,1,2024,"July","Tuesday","08:00 pm",60,"Sealed","Dry","Not Raining","Night","Hit Fixed Object",1,"Y",,1335665.83,1679423.95
"2024-57071-19/09/2025","KLEMZIG","CITY OF PORT ADELAIDE ENFIELD",3,1,0,0,1,2024,"July","Wednesday","01:10 pm",60,"Sealed","Dry","Not Raining","Daylight","Side Swipe",2,,,1331685.71,1676259.54
"2024-57074-19/09/2025","NORTH PLYMPTON","CITY OF WEST TORRENS",3,1,0,0,1,2024,"July","Tuesday","05:00 pm",60,"Sealed","Dry","Not Raining","Daylight","Rear End",1,,,1324214.47,1667477.38
"2024-57077-19/09/2025","DAWESLEY","DC MT.BARKER.",1,1,0,0,1,2024,"July","Wednesday","01:56 pm",100,"Sealed","Dry","Not Raining","Daylight","Roll Over",1,,,1360299.67,1657482.66
"2024-57078-19/09/2025","GLENELG SOUTH","CITY OF HOLDFAST BAY",2,1,0,0,1,2024,"July","Tuesday","06:50 pm",60,"Sealed","Dry","Not Raining","Night","Hit Fixed Object",1,,,1321043.33,1664260.34
"2024-57079-19/09/2025","PLYMPTON","CITY OF WEST TORRENS",2,1,0,0,1,2024,"July","Wednesday","04:10 pm",60,"Sealed","Dry","Not Raining","Daylight","Hit Pedestrian",2,,,1324225.43,1666684.39
"2024-57081-19/09/2025","CROYDON PARK","CITY OF PORT ADELAIDE ENFIELD",2,1,0,0,1,2024,"July","Wednesday","04:43 pm",50,"Sealed","Dry","Not Raining","Daylight","Right Angle",2,,,1326388.42,1675562.42
"2024-57089-19/09/2025","FINDON","CITY OF CHARLES STURT",2,1,0,0,1,2024,"July","Wednesday","08:00 pm",50,"Sealed","Dry","Not Raining","Night","Right Angle",1,,,1321983.92,1674252.1
"2024-57092-19/09/2025","ROWLAND FLAT","THE BAROSSA COUNCIL.",2,1,0,0,1,2024,"July","Thursday","03:14 am",60,"Sealed","Wet","Raining","Night","Hit Fixed Object",1,,"Y",1359722.28,1707557.66
"2024-57095-19/09/2025","KESWICK","CITY OF WEST TORRENS",2,1,0,0,1,2024,"July","Thursday","07:50 am",60,"Sealed","Wet","Not Raining","Daylight","Hit Fixed Object",1,,,1326325.45,1668963.83
"2024-57100-19/09/2025","WINGFIELD","CITY OF PORT ADELAIDE ENFIELD",1,1,0,0,1,2024,"July","Thursday","09:19 am",90,"Sealed","Wet","Not Raining","Daylight","Other",1,,,1325502.91,1680496.93
"2024-57105-19/09/2025","PENFIELD","CITY OF PLAYFORD.",2,1,1,0,0,2024,"July","Thursday","09:55 am",60,"Sealed","Wet","Raining","Daylight","Hit Fixed Object",1,,,1333260.91,1695121.5
"2024-57107-19/09/2025","TUNGKILLO","MID MURRAY DISTRICT COUNCIL",2,1,0,0,1,2024,"July","Thursday","09:48 am",100,"Sealed","Wet","Raining","Daylight","Hit Fixed Object",1,,,1370961.41,1680903.63
"2024-57109-19/09/2025","ENFIELD","CITY OF PORT ADELAIDE ENFIELD",3,2,0,0,2,2024,"July","Thursday","01:37 pm",60,"Sealed","Wet","Raining","Daylight","Rear End",1,,,1328811.91,1678605.98
"2024-57111-19/09/2025","MAWSON LAKES","CITY OF SALISBURY",3,1,0,0,1,2024,"July","Thursday","03:30 pm",70,"Sealed","Dry","Not Raining","Daylight","Rear End",1,,,1330161.17,1681793.31
"2024-57115-19/09/2025","WATERLOO CORNER","CITY OF SALISBURY",2,1,0,0,1,2024,"July","Thursday","05:00 pm",80,"Sealed","Dry","Not Raining","Daylight","Hit Fixed Object",1,,,1325460.35,1692514.64
"2024-57122-19/09/2025","MOUNT BARKER","DC MT.BARKER.",3,1,0,0,1,2024,"July","Thursday","06:05 pm",80,"Sealed","Wet","Not Raining","Night","Rear End",1,,,1354239.99,1653631.18
"2024-57123-19/09/2025","ASCOT PARK","CC MARION.",2,1,0,0,1,2024,"July","Thursday","03:00 pm",50,"Sealed","Dry","Not Raining","Daylight","Right Angle",2,,,1325094.28,1664007.99
"2024-57126-19/09/2025","WOODVILLE SOUTH","CITY OF CHARLES STURT",2,1,0,0,1,2024,"July","Thursday","10:40 pm",50,"Sealed","Dry","Not Raining","Night","Hit Parked Vehicle",1,,,1323240.14,1675217.12
"2024-57131-19/09/2025","PARAFIELD","CITY OF SALISBURY",2,2,0,0,2,2024,"July","Thursday","03:10 pm",80,"Sealed","Dry","Not Raining","Daylight","Rear End",1,,,1332521.09,1684419.56
"2024-57138-19/09/2025","KURRALTA PARK","CITY OF WEST TORRENS",2,1,0,1,0,2024,"July","Friday","02:08 pm",50,"Sealed","Dry","Not Raining","Daylight","Hit Pedestrian",2,,,1325233.87,1667489.25
"2024-57146-19/09/2025","HALLETT COVE","CC MARION.",3,1,0,0,1,2024,"July","Friday","06:00 pm",80,"Sealed","Dry","Not Raining","Night","Right Turn",1,,,1321385.64,1654936.41
"2024-57149-19/09/2025","STEPNEY","CC OF NORWOOD,PAYNEHAM & ST PETERS",2,2,0,0,2,2024,"July","Friday","07:35 pm",60,"Sealed","Dry","Not Raining","Night","Right Turn",1,,,1331106.72,1672391.46
"2024-57151-19/09/2025","WILLUNGA HILL","ALEXANDRINA COUNCIL",2,2,0,0,2,2024,"July","Friday","08:15 pm",80,"Sealed","Wet","Not Raining","Night","Hit Fixed Object",1,,"Y",1325323,1630180.95
"2024-57152-19/09/2025","ECHUNGA","DC MT.BARKER.",3,1,0,0,1,2024,"July","Friday","09:38 pm",80,"Sealed","Wet","Raining","Night","Hit Fixed Object",1,,,1345766.46,1652424.28
"2024-57162-19/09/2025","TWO WELLS","DC MALLALA.",2,1,0,1,0,2024,"July","Saturday","10:30 am",50,"Sealed","Dry","Not Raining","Daylight","Side Swipe",1,,,1322481.28,1706989.94
"2024-57174-19/09/2025","CHAIN OF PONDS","THE ADELAIDE HILLS COUNCIL",3,1,0,1,0,2024,"July","Saturday","05:50 pm",100,"Sealed","Wet","Raining","Night","Hit Fixed Object",1,,,1350388.86,1682490.83
"2024-57177-19/09/2025","ADELAIDE","CITY OF ADELAIDE",2,1,0,0,1,2024,"July","Saturday","10:25 pm",50,"Sealed","Wet","Raining","Night","Hit Pedestrian",2,"Y",,1327900.65,1670921.11
"2024-57178-19/09/2025","PARALOWIE","CITY OF SALISBURY",2,1,0,0,1,2024,"July","Saturday","10:31 pm",50,"Sealed","Wet","Raining","Night","Hit Pedestrian",2,,,1331901.84,1689242.84
"2024-57183-19/09/2025","PARADISE","CC CAMPBELLTOWN.",2,1,0,0,1,2024,"July","Saturday","11:40 am",60,"Sealed","Dry","Not Raining","Daylight","Rear End",2,,,1334986.67,1676234.42
"2024-57188-19/09/2025","GLENELG NORTH","CITY OF HOLDFAST BAY",2,1,0,0,1,2024,"July","Sunday","01:10 pm",60,"Sealed","Dry","Not Raining","Daylight","Hit Fixed Object",1,"Y",,1321808.63,1665328.7
"2024-57189-19/09/2025","NORWOOD","CC OF NORWOOD,PAYNEHAM & ST PETERS",2,1,0,0,1,2024,"July","Sunday","02:15 pm",50,"Sealed","Dry","Not Raining","Daylight","Right Angle",1,,,1332063.84,1670738.33
"2024-57195-19/09/2025","MOUNT BARKER","DC MT.BARKER.",2,1,0,0,1,2024,"July","Sunday","05:40 pm",60,"Sealed","Wet","Not Raining","Night","Rear End",2,"Y",,1350771.93,1652829.87
"2024-57200-19/09/2025","PROSPECT","CITY OF PROSPECT",2,1,0,0,1,2024,"July","Monday","06:20 am",60,"Sealed","Wet","Not Raining","Night","Right Turn",1,,,1328862.6,1676432.75
"2024-57206-19/09/2025","ENCOUNTER BAY","DC VICTOR HARBOR.",2,1,0,0,1,2024,"July","Saturday","10:08 am",50,"Sealed","Dry","Not Raining","Daylight","Right Angle",2,,,1326802.07,1599673.78
"2024-57212-19/09/2025","GOOLWA","ALEXANDRINA COUNCIL",2,1,0,0,1,2024,"July","Wednesday","03:30 pm",60,"Sealed","Dry","Not Raining","Daylight","Right Angle",2,,,1342528.63,1606757.7
"2024-57214-19/09/2025","KESWICK","CITY OF WEST TORRENS",2,1,0,0,1,2024,"July","Saturday","12:30 pm",60,"Sealed","Dry","Not Raining","Daylight","Rear End",2,,,1326559.92,1668496.69
"2024-57217-19/09/2025","BRADBURY","THE ADELAIDE HILLS COUNCIL",2,1,0,0,1,2024,"July","Monday","10:00 am",80,"Sealed","Wet","Not Raining","Daylight","Right Angle",1,,,1339341.46,1655456.35
"2024-57219-19/09/2025","SOLOMONTOWN","PT.PIRIE CITY & DIST. COUNCIL",2,1,0,0,1,2024,"July","Monday","12:10 pm",50,"Sealed","Dry","Not Raining","Daylight","Side Swipe",1,,,1280886.56,1865103.03
"2024-57229-19/09/2025","ROSE PARK","CITY OF BURNSIDE",5,1,0,0,1,2024,"July","Monday","06:34 pm",40,"Sealed","Wet","Raining","Night","Right Angle",2,,,1330854.76,1670133.36
"2024-57237-19/09/2025","HINDMARSH","CITY OF CHARLES STURT",2,1,0,0,1,2024,"July","Monday","08:50 pm",60,"Sealed","Wet","Raining","Night","Right Angle",2,,,1326463.81,1672651.14
"2024-57242-19/09/2025","MELROSE PARK","CC MITCHAM.",2,1,0,0,1,2024,"July","Wednesday","03:10 pm",60,"Sealed","Dry","Not Raining","Daylight","Rear End",2,,,1325938.63,1664190.98
"2024-57247-19/09/2025","ELIZABETH EAST","CITY OF PLAYFORD.",2,2,0,0,2,2024,"July","Tuesday","11:24 am",60,"Sealed","Dry","Not Raining","Daylight","Rear End",2,,,1336613.14,1692650.27
"2024-57249-19/09/2025","PARK HOLME","CC MARION.",2,1,0,0,1,2024,"July","Monday","06:00 pm",60,"Sealed","Wet","Not Raining","Night","Right Angle",2,,,1324318.61,1663286.64
"2024-57251-19/09/2025","HENLEY BEACH","CITY OF CHARLES STURT",2,1,0,0,1,2024,"July","Tuesday","02:10 pm",50,"Sealed","Wet","Raining","Daylight","Rear End",1,,,1318700.74,1672613.06
"2024-57252-19/09/2025","PORT NOARLUNGA SOUTH","CITY OF ONKAPARINGA",2,1,0,0,1,2024,"July","Thursday","06:00 pm",60,"Sealed","Dry","Not Raining","Night","Rear End",2,,,1316289.4,1645639.31
"2024-57253-19/09/2025","MURRAY BRIDGE","RC MURRAY BRIDGE.",1,1,0,0,1,2024,"July","Tuesday","01:50 pm",110,"Sealed","Wet","Not Raining","Daylight","Roll Over",1,,,1387079.15,1644222.06
"2024-57255-19/09/2025","ELIZABETH VALE","CITY OF PLAYFORD.",1,1,0,0,1,2024,"July","Tuesday","01:34 pm",50,"Sealed","Dry","Not Raining","Daylight","Roll Over",1,,,1335308.22,1690460.38
"2024-57265-19/09/2025","PARAFIELD GARDENS","CITY OF SALISBURY",3,1,0,1,0,2024,"July","Tuesday","08:10 pm",60,"Sealed","Wet","Raining","Night","Side Swipe",1,,,1331251.48,1686564.31
"2024-57268-19/09/2025","MILE END","CITY OF WEST TORRENS",2,1,0,0,1,2024,"July","Wednesday","07:40 am",60,"Sealed","Wet","Raining","Daylight","Right Angle",1,,,1326279.83,1671004.93