"REPORT_ID","Suburb","LGA Name","Total Units","Total Cas","Total Fats","Total SI","Total MI","Year","Month","Day","Time","Area Speed","Road Surface","Moisture Cond","Weather Cond","DayNight","Crash Type","Unit Resp","DUI Involved","Drugs Involved","ACCLOC_X","ACCLOC_Y"
"2024-57269-19/09/2025","POORAKA","CITY OF SALISBURY",3,2,0,0,2,2024,"July","Wednesday","12:13 pm",80,"Sealed","Dry","Not Raining","Daylight","Rear End",1,,,1331536.65,1683142.51
"2024-57272-19/09/2025","DUNCAN","KANGAROO ISLAND COUNCIL",2,3,0,0,3,2024,"July","Tuesday","08:00 am",110,"Sealed","Dry","Not Raining","Daylight","Right Turn",2,,,1190059.26,1576850.37
"2024-57273-19/09/2025","PLYMPTON","CITY OF WEST TORRENS",3,1,0,0,1,2024,"July","Wednesday","09:10 am",60,"Sealed","Wet","Not Raining","Daylight","Right Angle",1,,,1324082.99,1667042.48
"2024-57277-19/09/2025","ADELAIDE","CITY OF ADELAIDE",1,1,0,0,1,2024,"July","Monday","11:15 am",50,"Sealed","Dry","Not Raining","Daylight","Roll Over",1,,,1329931.1,1670565.31
"2024-57282-19/09/2025","WOODVILLE GARDENS","CITY OF PORT ADELAIDE ENFIELD",2,1,0,1,0,2024,"July","Wednesday","12:35 pm",60,"Sealed","Wet","Not Raining","Daylight","Hit Pedestrian",2,"Y",,1323957.89,1676927.12
"2024-57283-19/09/2025","SALISBURY","CITY OF SALISBURY",2,1,0,1,0,2024,"July","Monday","10:20 am",40,"Sealed","Dry","Not Raining","Daylight","Hit Pedestrian",2,,,1333224.47,1688623.14
"2024-57289-19/09/2025","PARKSIDE","CITY OF UNLEY",2,1,0,0,1,2024,"July","Tuesday","06:00 pm",50,"Sealed","Dry","Not Raining","Night","Hit Parked Vehicle",2,,,1330350.57,1668463.3
"2024-57290-19/09/2025","BURTON","CITY OF SALISBURY",2,1,0,0,1,2024,"July","Wednesday","02:15 pm",60,"Sealed","Wet","Raining","Daylight","Right Angle",1,,,1330151.76,1690822.54
"2024-57296-19/09/2025","KESWICK","CITY OF WEST TORRENS",2,2,0,0,2,2024,"July","Wednesday","03:15 pm",60,"Sealed","Wet","Not Raining","Daylight","Rear End",1,,,1326559.92,1668496.69
"2024-57297-19/09/2025","CHRISTIE DOWNS","CITY OF ONKAPARINGA",3,1,0,0,1,2024,"July","Wednesday","06:12 pm",60,"Sealed","Wet","Not Raining","Night","Right Turn",2,,,1318484.22,1648627.93
"2024-57300-19/09/2025","PARINGA","DC RENMARK PARINGA",2,1,0,0,1,2024,"July","Wednesday","05:56 pm",80,"Sealed","Wet","Raining","Night","Hit Fixed Object",1,,,1532858.09,1744132.9
"2024-57302-19/09/2025","KUITPO","CITY OF ONKAPARINGA",2,1,0,0,1,2024,"July","Wednesday","07:16 pm",80,"Sealed","Wet","Raining","Night","Hit Fixed Object",1,,,1334198.52,1641951.45
"2024-57303-19/09/2025","MASLIN BEACH","CITY OF ONKAPARINGA",2,1,0,0,1,2024,"July","Wednesday","06:54 pm",50,"Sealed","Dry","Not Raining","Night","Hit Fixed Object",1,"Y",,1316134.63,1637757.76
"2024-57304-19/09/2025","KENSINGTON PARK","CITY OF BURNSIDE",2,1,0,0,1,2024,"July","Wednesday","08:42 pm",60,"Sealed","Wet","Not Raining","Night","Hit Fixed Object",1,,,1333862.26,1671639.56
"2024-57306-19/09/2025","PARKSIDE","CITY OF UNLEY",2,3,0,0,3,2024,"July","Wednesday","09:44 pm",60,"Sealed","Wet","Not Raining","Night","Right Angle",1,,,1329603.35,1668996.84
"2024-57310-19/09/2025","WINDSOR GARDENS","CITY OF PORT ADELAIDE ENFIELD",2,1,0,0,1,2024,"July","Thursday","08:24 am",60,"Sealed","Dry","Not Raining","Daylight","Right Angle",1,,,1333312.76,1677650.73
"2024-57311-19/09/2025","MARLESTON","CITY OF WEST TORRENS",2,1,0,0,1,2024,"July","Wednesday","05:45 pm",50,"Sealed","Wet","Raining","Night","Right Angle",2,,,1325452.4,1668893.97
"2024-57312-19/09/2025","PROSPECT","CITY OF PROSPECT",2,1,0,1,0,2024,"July","Thursday","09:03 am",60,"Sealed","Dry","Not Raining","Daylight","Right Angle",1,,,1328884.73,1676025.83
"2024-57314-19/09/2025","MALVERN","CITY OF UNLEY",2,1,0,0,1,2024,"July","Thursday","09:49 am",50,"Sealed","Dry","Not Raining","Daylight","Right Angle",1,,,1329728.48,1667227.46
"2024-57318-19/09/2025","MUNNO PARA","CITY OF PLAYFORD.",2,1,0,0,1,2024,"July","Wednesday","01:00 pm",60,"Sealed","Wet","Raining","Daylight","Right Angle",1,,,1338049.76,1697818.8
"2024-57321-19/09/2025","JOANNA","DC NARACOORTE & LUCINDALE.",2,3,0,2,1,2024,"July","Thursday","09:30 am",110,"Sealed","Dry","Not Raining","Daylight","Head On",1,,,1517845.9,1416071.99
"2024-57326-19/09/2025","SMITHFIELD","CITY OF PLAYFORD.",2,1,0,0,1,2024,"June","Saturday","10:20 am",80,"Sealed","Wet","Raining","Daylight","Rear End",2,,,1337612.7,1696654.75
"2024-57331-19/09/2025","OLD NOARLUNGA","CITY OF ONKAPARINGA",3,1,0,0,1,2024,"July","Thursday","04:25 pm",80,"Sealed","Dry","Not Raining","Daylight","Rear End",1,,,1318646.33,1643718.25
"2024-57338-19/09/2025","FULHAM","CITY OF WEST TORRENS",2,1,0,0,1,2024,"July","Tuesday","07:00 pm",50,"Sealed","Dry","Not Raining","Night","Right Angle",2,,,1320847.14,1670587.21
"2024-57341-19/09/2025","STRATHALBYN","ALEXANDRINA COUNCIL",2,1,1,0,0,2024,"July","Thursday","05:45 pm",50,"Sealed","Dry","Not Raining","Night","Hit Parked Vehicle",1,,,1354510.51,1632310.94
"2024-57345-19/09/2025","MOUNT JAGGED","ALEXANDRINA COUNCIL",4,7,0,2,5,2024,"July","Thursday","02:44 pm",100,"Sealed","Dry","Not Raining","Daylight","Head On",1,,,1330376.29,1613597.07
"2024-57346-19/09/2025","THEBARTON","CITY OF WEST TORRENS",2,1,0,0,1,2024,"July","Thursday","05:30 pm",50,"Sealed","Dry","Not Raining","Night","Right Turn",2,,,1326210.44,1671519.53
"2024-57347-19/09/2025","CHRISTIE DOWNS","CITY OF ONKAPARINGA",4,1,0,1,0,2024,"July","Friday","03:50 am",70,"Sealed","Dry","Not Raining","Night","Hit Fixed Object",1,,"Y",1317913.43,1648603.08
"2024-57348-19/09/2025","HENLEY BEACH","CITY OF CHARLES STURT",2,1,0,0,1,2024,"July","Wednesday","05:20 pm",50,"Sealed","Dry","Not Raining","Daylight","Hit Fixed Object",1,,,1318769.89,1672660.71
"2024-57355-19/09/2025","TRURO","LIGHT REGIONAL COUNCIL",2,1,1,0,0,2024,"July","Friday","11:46 am",100,"Sealed","Dry","Not Raining","Daylight","Hit Fixed Object",1,,,1372953.7,1726971.88
"2024-57356-19/09/2025","VIRGINIA","CITY OF PLAYFORD.",2,2,0,0,2,2024,"July","Friday","12:45 pm",80,"Sealed","Wet","Unknown","Daylight","Rear End",2,,,1325913.14,1701367.38
"2024-57358-19/09/2025","PAYNEHAM","CC OF NORWOOD,PAYNEHAM & ST PETERS",2,2,0,0,2,2024,"July","Friday","03:30 pm",60,"Sealed","Dry","Not Raining","Daylight","Hit Parked Vehicle",1,,,1332812.45,1673721.94
"2024-57362-19/09/2025","LOCKLEYS","CITY OF WEST TORRENS",1,1,0,1,0,2024,"July","Friday","02:29 pm",60,"Sealed","Wet","Raining","Daylight","Roll Over",1,,,1321953.95,1670005.21
"2024-57363-19/09/2025","HAPPY VALLEY","CITY OF ONKAPARINGA",2,1,0,0,1,2024,"July","Friday","04:20 pm",60,"Sealed","Wet","Not Raining","Daylight","Rear End",2,,,1323590.39,1654238.57
"2024-57366-19/09/2025","PORT ELLIOT","ALEXANDRINA COUNCIL",4,1,0,1,0,2024,"July","Friday","02:51 pm",50,"Sealed","Wet","Raining","Daylight","Right Angle",1,,,1333510.47,1603436.32
"2024-57370-19/09/2025","HILLBANK","CITY OF PLAYFORD.",2,2,0,0,2,2024,"July","Friday","05:44 pm",80,"Sealed","Wet","Raining","Night","Hit Fixed Object",1,,,1336393.2,1689664.92
"2024-57373-19/09/2025","KINGSWOOD","CC MITCHAM.",2,1,0,0,1,2024,"July","Friday","04:45 pm",60,"Sealed","Wet","Raining","Daylight","Right Angle",1,,,1329157.96,1665444.79
"2024-57385-19/09/2025","COOBOWIE","YORKE PENINSULA COUNCIL",1,1,0,0,1,2024,"July","Friday","07:28 pm",50,"Sealed","Wet","Raining","Night","Left Road - Out of Control",1,"Y",,1248494.22,1659518.28
"2024-57389-19/09/2025","SALISBURY EAST","CITY OF SALISBURY",2,1,0,1,0,2024,"July","Saturday","06:38 am",80,"Sealed","Wet","Raining","Night","Right Angle",2,,,1333286.62,1685382.97
"2024-57390-19/09/2025","CAMDEN PARK","CITY OF WEST TORRENS",2,1,0,0,1,2024,"July","Friday","06:00 pm",60,"Sealed","Wet","Not Raining","Night","Rear End",2,,,1322615.66,1666104.64
"2024-57394-19/09/2025","CLARENCE GARDENS","CC MITCHAM.",2,1,0,0,1,2024,"July","Saturday","10:50 am",60,"Sealed","Wet","Not Raining","Daylight","Rear End",2,,,1326058.43,1666157.48
"2024-57417-19/09/2025","BIRDWOOD","THE ADELAIDE HILLS COUNCIL",2,1,0,1,0,2024,"July","Sunday","12:29 am",80,"Sealed","Wet","Raining","Night","Hit Fixed Object",1,"Y","Y",1365300.85,1683085.95
"2024-57428-19/09/2025","KAPUNDA","LIGHT REGIONAL COUNCIL",2,1,0,0,1,2024,"July","Sunday","05:40 pm",50,"Sealed","Wet","Not Raining","Night","Hit Fixed Object",1,,,1359490.14,1734779.69
"2024-57433-19/09/2025","ADELAIDE","CITY OF ADELAIDE",2,3,0,0,3,2024,"July","Sunday","07:31 pm",60,"Sealed","Wet","Not Raining","Night","Right Turn",2,"Y","Y",1327369.06,1670949.09
"2024-57435-19/09/2025","WOODSIDE","THE ADELAIDE HILLS COUNCIL",2,1,0,1,0,2024,"July","Sunday","09:28 pm",80,"Sealed","Wet","Not Raining","Night","Hit Fixed Object",1,,,1355131.57,1667728.61
"2024-57438-19/09/2025","LONSDALE","CITY OF ONKAPARINGA",2,2,0,0,2,2024,"July","Monday","07:45 am",70,"Sealed","Dry","Not Raining","Daylight","Right Angle",2,,,1319355.84,1650971.48
"2024-57444-19/09/2025","WALKERVILLE","WALKERVILLE TOWN COUNCIL",2,1,0,0,1,2024,"July","Friday","02:00 pm",60,"Sealed","Wet","Raining","Daylight","Rear End",1,,,1330132.8,1674917.5
"2024-57450-19/09/2025","RICHMOND","CITY OF WEST TORRENS",2,1,0,0,1,2024,"July","Monday","01:00 pm",60,"Sealed","Dry","Not Raining","Daylight","Side Swipe",1,,,1324811.13,1668928.03
"2024-57452-19/09/2025","ST MARYS","CC MITCHAM.",2,1,0,0,1,2024,"July","Saturday","06:30 pm",60,"Sealed","Dry","Not Raining","Night","Rear End",2,,,1325957.36,1663237.98
"2024-57453-19/09/2025","MILE END SOUTH","CITY OF WEST TORRENS",2,1,0,0,1,2024,"July","Monday","12:00 pm",60,"Sealed","Dry","Not Raining","Daylight","Right Angle",2,,,1326398.76,1669273.7
"2024-57462-19/09/2025","RISDON PARK","PT.PIRIE CITY & DIST. COUNCIL",3,1,0,0,1,2024,"July","Monday","04:05 pm",50,"Sealed","Dry","Not Raining","Daylight","Right Angle",1,,,1278849.47,1863513.39
"2024-57471-19/09/2025","SHEIDOW PARK","CC MARION.",2,1,0,0,1,2024,"July","Monday","05:15 pm",50,"Sealed","Dry","Not Raining","Daylight","Hit Pedestrian",1,,,1321903.16,1653581.61
"2024-57479-19/09/2025","PORT ADELAIDE","CITY OF PORT ADELAIDE ENFIELD",2,1,0,1,0,2024,"July","Tuesday","08:00 am",60,"Sealed","Dry","Not Raining","Daylight","Right Angle",1,,,1320505.18,1679177.44
"2024-57480-19/09/2025","ST AGNES","CITY OF TEA TREE GULLY",3,1,0,0,1,2024,"July","Tuesday","08:05 am",60,"Sealed","Dry","Not Raining","Daylight","Rear End",2,,,1338285.84,1680668.27
"2024-57481-19/09/2025","PARKSIDE","CITY OF UNLEY",3,1,0,0,1,2024,"July","Tuesday","08:24 am",60,"Sealed","Dry","Not Raining","Daylight","Rear End",1,,,1329501.66,1668993.48
"2024-57492-19/09/2025","MOUNT COMPASS","ALEXANDRINA COUNCIL",2,1,0,0,1,2024,"July","Monday","10:15 pm",100,"Sealed","Dry","Not Raining","Night","Hit Animal",2,,,1329447.41,1620650.12
"2024-57493-19/09/2025","ROSTREVOR","CC CAMPBELLTOWN.",2,1,0,1,0,2024,"July","Tuesday","12:36 pm",60,"Sealed","Dry","Not Raining","Daylight","Right Angle",2,,,1335434.39,1673615.96
"2024-57494-19/09/2025","MURRAY BRIDGE","RC MURRAY BRIDGE.",2,1,0,0,1,2024,"July","Tuesday","01:18 pm",50,"Sealed","Dry","Not Raining","Daylight","Right Angle",1,,,1388362.83,1647578.57
"2024-57495-19/09/2025","CLAYTON STATION",,1,1,0,1,0,2024,"July","Tuesday","09:00 am",100,"Unsealed","Wet","Unknown","Daylight","Roll Over",1,,,1328189.03,2297627.86
"2024-57496-19/09/2025","PANORAMA","CC MITCHAM.",2,1,0,0,1,2024,"June","Sunday","02:22 pm",60,"Sealed","Dry","Not Raining","Daylight","Rear End",2,,,1327580.8,1663430.02
"2024-57500-19/09/2025","MONTACUTE","THE ADELAIDE HILLS COUNCIL",2,1,0,1,0,2024,"July","Tuesday","03:40 pm",70,"Sealed","Dry","Not Raining","Daylight","Hit Fixed Object",1,,,1340716.98,1677940.65
"2024-57507-19/09/2025","DARLINGTON","CC MARION.",3,1,0,0,1,2024,"July","Tuesday","06:51 pm",100,"Sealed","Dry","Not Raining","Night","Rear End",2,,,1324118.22,1659399.44
"2024-57514-19/09/2025","MODBURY","CITY OF TEA TREE GULLY",2,1,0,0,1,2024,"July","Tuesday","09:35 pm",60,"Sealed","Dry","Not Raining","Night","Right Angle",1,,,1336414.7,1680599.87
"2024-57515-19/09/2025","PORT LINCOLN","CC PT.LINCOLN.",2,1,0,1,0,2024,"July","Tuesday","08:25 pm",80,"Sealed","Dry","Not Raining","Night","Hit Fixed Object",1,,,1078224.53,1701899.02
"2024-57516-19/09/2025","MODBURY","CITY OF TEA TREE GULLY",2,1,0,1,0,2024,"July","Tuesday","11:34 pm",60,"Sealed","Dry","Not Raining","Night","Right Turn",2,,,1336395.9,1680602.76
"2024-57521-19/09/2025","ELIZABETH NORTH","CITY OF PLAYFORD.",2,3,0,0,3,2024,"July","Wednesday","08:18 am",80,"Sealed","Dry","Not Raining","Daylight","Right Turn",2,,,1336943,1695475.26
"2024-57525-19/09/2025","WEST CROYDON","CITY OF CHARLES STURT",3,1,0,0,1,2024,"July","Tuesday","09:35 am",60,"Sealed","Dry","Not Raining","Daylight","Rear End",2,,,1325744.27,1675023.32
"2024-57526-19/09/2025","NEALES FLAT","REGIONAL COUNCIL OF GOYDER",2,1,0,0,1,2024,"July","Wednesday","08:54 am",100,"Sealed","Dry","Not Raining","Daylight","Hit Fixed Object",1,,,1381120.08,1744397.34
"2024-57528-19/09/2025","HACKNEY","CC OF NORWOOD,PAYNEHAM & ST PETERS",3,1,0,0,1,2024,"July","Wednesday","11:54 am",60,"Sealed","Dry","Not Raining","Daylight","Rear End",1,,,1329785.29,1671988.36
"2024-57534-19/09/2025","SALISBURY SOUTH","CITY OF SALISBURY",3,1,0,0,1,2024,"July","Wednesday","01:21 pm",70,"Sealed","Dry","Not Raining","Daylight","Rear End",1,,,1332370.05,1686105.3
"2024-57537-19/09/2025","ECHUNGA","DC MT.BARKER.",2,1,0,0,1,2024,"June","Saturday","02:45 pm",60,"Sealed","Wet","Raining","Daylight","Rear End",2,,,1345429.18,1650813.97
"2024-57542-19/09/2025","PARAFIELD","CITY OF SALISBURY",4,2,0,0,2,2024,"July","Wednesday","05:25 pm",80,"Sealed","Dry","Not Raining","Daylight","Rear End",1,,,1331922.51,1683663.3
"2024-57543-19/09/2025","VICTOR HARBOR","DC VICTOR HARBOR.",2,3,0,1,2,2024,"July","Wednesday","05:32 pm",50,"Sealed","Dry","Not Raining","Night","Right Angle",1,,,1327025.89,1601660.36
"2024-57548-19/09/2025","NEWTON","CC CAMPBELLTOWN.",2,1,0,0,1,2024,"July","Thursday","06:30 am",60,"Sealed","Wet","Not Raining","Night","Right Angle",1,,,1335398.01,1674978.91
"2024-57552-19/09/2025","ROSTREVOR","CC CAMPBELLTOWN.",2,1,0,0,1,2024,"July","Thursday","08:30 am",60,"Sealed","Dry","Not Raining","Daylight","Hit Pedestrian",2,,,1335419.75,1674177.65
"2024-57560-19/09/2025","PARAFIELD GARDENS","CITY OF SALISBURY",2,1,0,0,1,2024,"July","Thursday","06:30 am",60,"Sealed","Wet","Not Raining","Night","Right Angle",1,,,1330537.2,1685677.36
"2024-57561-19/09/2025","REGENCY PARK","CITY OF PORT ADELAIDE ENFIELD",3,1,0,0,1,2024,"July","Thursday","09:30 am",60,"Sealed","Wet","Not Raining","Daylight","Rear End",2,,,1326449.52,1676375.13
"2024-57562-19/09/2025","NAILSWORTH","CITY OF PROSPECT",2,1,0,0,1,2024,"July","Thursday","12:54 pm",40,"Sealed","Dry","Not Raining","Daylight","Head On",2,,,1329623.74,1675379.44
"2024-57567-19/09/2025","ELIZABETH","CITY OF PLAYFORD.",2,1,0,0,1,2024,"July","Tuesday","05:10 pm",50,"Sealed","Dry","Not Raining","Daylight","Rear End",1,,,1335579.02,1693066.01
"2024-57569-19/09/2025","WOODVILLE SOUTH","CITY OF CHARLES STURT",2,1,0,0,1,2024,"July","Thursday","04:30 pm",60,"Sealed","Dry","Not Raining","Daylight","Right Angle",2,,,1323024.53,1675577.53
"2024-57576-19/09/2025","BROOKLYN PARK","CITY OF WEST TORRENS",2,1,0,1,0,2024,"July","Thursday","08:45 pm",60,"Sealed","Dry","Not Raining","Night","Right Turn",1,,,1324123.03,1670938.82
"2024-57578-19/09/2025","UPPER HERMITAGE","CITY OF TEA TREE GULLY",2,1,0,0,1,2024,"July","Friday","07:36 am",60,"Sealed","Wet","Not Raining","Daylight","Hit Fixed Object",1,,,1343415.13,1683992.26
"2024-57587-19/09/2025","KENT TOWN","CC OF NORWOOD,PAYNEHAM & ST PETERS",3,1,0,0,1,2024,"July","Friday","01:30 pm",60,"Sealed","Dry","Not Raining","Daylight","Hit Fixed Object",1,,,1330236.06,1670690.4
"2024-57589-19/09/2025","WOODVILLE NORTH","CITY OF CHARLES STURT",2,1,0,1,0,2024,"July","Friday","01:48 pm",50,"Sealed","Dry","Not Raining","Daylight","Hit Pedestrian",1,"Y",,1323971.39,1676739.16
"2024-57591-19/09/2025","NORTH ADELAIDE","CITY OF ADELAIDE",2,1,0,0,1,2024,"July","Friday","02:56 pm",50,"Sealed","Dry","Not Raining","Daylight","Hit Pedestrian",2,,,1328435.22,1672204.38
"2024-57593-19/09/2025","CAMPBELLTOWN","CC CAMPBELLTOWN.",1,1,0,0,1,2024,"July","Friday","01:44 pm",60,"Sealed","Dry","Not Raining","Daylight","Roll Over",9,,,1334120.78,1675101.79
"2024-57595-19/09/2025","BALAKLAVA","WAKEFIELD REGIONAL COUNCIL",1,1,0,0,1,2024,"July","Friday","02:00 pm",100,"Sealed","Dry","Not Raining","Daylight","Roll Over",1,,,1315530.8,1755178.92
"2024-57600-19/09/2025","WIRRULLA","DC STREAKY BAY.",3,1,0,1,0,2024,"July","Friday","12:00 pm",110,"Sealed","Dry","Not Raining","Daylight","Hit Fixed Object",1,,,956499.78,1954555.13
"2024-57607-19/09/2025","PROSPECT HILL","DC MT.BARKER.",3,1,0,1,0,2024,"July","Friday","05:11 pm",50,"Sealed","Dry","Not Raining","Daylight","Hit Fixed Object",1,,,1339549.72,1637849.83
"2024-57610-19/09/2025","HAHNDORF","DC MT.BARKER.",2,1,0,0,1,2024,"July","Friday","06:20 pm",60,"Sealed","Dry","Not Raining","Night","Hit Fixed Object",1,,,1346933.27,1659121.96
"2024-57620-19/09/2025","PORT ADELAIDE","CITY OF PORT ADELAIDE ENFIELD",2,1,0,0,1,2024,"July","Saturday","10:15 am",50,"Sealed","Dry","Not Raining","Daylight","Side Swipe",2,,,1320156.36,1679977.47
"2024-57626-19/09/2025","NOVAR GARDENS","CITY OF WEST TORRENS",3,2,0,0,2,2024,"July","Saturday","12:20 pm",60,"Sealed","Dry","Not Raining","Daylight","Head On",1,,,1322620.66,1665918.55
"2024-57627-19/09/2025","BELAIR","CC MITCHAM.",2,1,0,1,0,2024,"July","Saturday","12:50 pm",60,"Sealed","Wet","Not Raining","Daylight","Head On",2,,,1330767.52,1663109.85
"2024-57631-19/09/2025","GILBERTON","WALKERVILLE TOWN COUNCIL",2,1,0,0,1,2024,"July","Saturday","11:40 am",60,"Sealed","Dry","Not Raining","Daylight","Rear End",2,,,1329718.02,1672506.06
"2024-57633-19/09/2025","WOODCROFT","CITY OF ONKAPARINGA",2,1,0,1,0,2024,"July","Thursday","06:30 pm",50,"Sealed","Unknown","Unknown","Night","Hit Pedestrian",2,,,1323793.63,1650309.28
"2024-57634-19/09/2025","VIRGINIA","CITY OF PLAYFORD.",3,2,0,1,1,2024,"July","Saturday","05:07 pm",100,"Sealed","Dry","Not Raining","Daylight","Right Angle",1,,,1325312.88,1701339.85
"2024-57636-19/09/2025","GREENACRES","CITY OF PORT ADELAIDE ENFIELD",2,1,0,0,1,2024,"July","Saturday","06:05 pm",50,"Sealed","Wet","Not Raining","Night","Right Angle",1,,,1332085.16,1676827
"2024-57637-19/09/2025","LOCHIEL","WAKEFIELD REGIONAL COUNCIL",2,1,0,0,1,2024,"February","Wednesday","03:00 pm",100,"Unsealed","Dry","Not Raining","Daylight","Hit Fixed Object",1,,,1291418.38,1781282.29
"2024-57638-19/09/2025","WILLUNGA HILL","ALEXANDRINA COUNCIL",2,2,0,0,2,2024,"July","Saturday","04:49 pm",100,"Sealed","Wet","Not Raining","Daylight","Rear End",1,,,1325459.42,1629579.85
"2024-57639-19/09/2025","OAKDEN","CITY OF PORT ADELAIDE ENFIELD",3,1,0,0,1,2024,"July","Sunday","06:48 am",50,"Sealed","Dry","Not Raining","Night","Right Angle",2,,,1332044.89,1678084.03
"2024-57641-19/09/2025","OLD CALPERUM","DC RENMARK PARINGA",2,1,0,0,1,2024,"July","Saturday","10:52 am",90,"Sealed","Dry","Not Raining","Daylight","Hit Animal",2,,,1521707.08,1740076.79
"2024-57643-19/09/2025","NORWOOD","CC OF NORWOOD,PAYNEHAM & ST PETERS",2,5,0,1,4,2024,"July","Sunday","09:58 am",60,"Sealed","Dry","Not Raining","Daylight","Right Angle",2,,,1332073.07,1670405.35
"2024-57646-19/09/2025","SALISBURY","CITY OF SALISBURY",2,1,0,0,1,2024,"July","Sunday","11:30 am",50,"Sealed","Dry","Not Raining","Daylight","Head On",1,,,1333120.85,1687907.34
"2024-57647-19/09/2025","KAPUNDA","LIGHT REGIONAL COUNCIL",2,1,0,0,1,2024,"July","Sunday","12:40 pm",50,"Sealed","Dry","Not Raining","Daylight","Right Angle",1,,,1359584.45,1734389.19
"2024-57650-19/09/2025","WATERFALL GULLY","CITY OF BURNSIDE",3,1,0,0,1,2024,"July","Sunday","01:44 pm",50,"Sealed","Dry","Not Raining","Daylight","Rear End",2,,,1334641.88,1667940.93
"2024-57651-19/09/2025","ROWLAND FLAT","THE BAROSSA COUNCIL.",2,1,0,0,1,2024,"July","Sunday","01:32 pm",60,"Sealed","Dry","Not Raining","Daylight","Hit Fixed Object",1,,,1359995.86,1708180.03
"2024-57653-19/09/2025","KILBURN","CITY OF PORT ADELAIDE ENFIELD",2,1,0,0,1,2024,"July","Sunday","02:39 pm",50,"Sealed","Dry","Not Raining","Daylight","Hit Fixed Object",1,,,1327757.64,1678228.71
"2024-57660-19/09/2025","WEST BEACH","CITY OF CHARLES STURT",2,1,0,0,1,2024,"July","Sunday","04:55 pm",50,"Sealed","Dry","Not Raining","Daylight","Right Angle",1,,,1319925.23,1669720.75
"2024-57661-19/09/2025","TONSLEY","CC MARION.",2,1,0,0,1,2024,"July","Sunday","06:29 pm",60,"Sealed","Dry","Not Raining","Night","Hit Fixed Object",1,,,1325977,1661788.11
"2024-57662-19/09/2025","PARA HILLS","CITY OF SALISBURY",4,1,0,0,1,2024,"July","Sunday","07:50 pm",60,"Sealed","Dry","Not Raining","Night","Hit Fixed Object",1,,,1333619.66,1683919.03
"2024-57673-19/09/2025","TORRENSVILLE","CITY OF WEST TORRENS",2,1,0,0,1,2024,"July","Monday","08:15 am",50,"Sealed","Dry","Not Raining","Daylight","Right Angle",2,,,1324953.91,1671609.26
"2024-57674-19/09/2025","KERSBROOK","THE ADELAIDE HILLS COUNCIL",2,2,0,0,2,2024,"July","Sunday","08:14 pm",50,"Sealed","Dry","Not Raining","Night","Head On",2,,,1351960.98,1685749.01
"2024-57678-19/09/2025","CAMPBELLTOWN","CC CAMPBELLTOWN.",2,1,1,0,0,2024,"July","Monday","01:24 pm",50,"Sealed","Dry","Not Raining","Daylight","Hit Pedestrian",1,,,1335238.19,1675528.42
"2024-57682-19/09/2025","BROMPTON","CITY OF CHARLES STURT",2,1,0,0,1,2024,"July","Saturday","07:00 pm",60,"Sealed","Dry","Not Raining","Night","Rear End",2,,,1326716.35,1674263.5
"2024-57688-19/09/2025","KINGSTON SE","DC KINGSTON.",2,2,0,0,2,2024,"July","Monday","04:23 pm",60,"Sealed","Dry","Not Raining","Daylight","Right Turn",2,,,1433950.16,1455409.26
"2024-57691-19/09/2025","GLENELG EAST","CITY OF HOLDFAST BAY",3,1,0,1,0,2024,"July","Monday","05:26 pm",60,"Sealed","Dry","Not Raining","Daylight","Right Angle",1,,,1321235.82,1664886.43
"2024-57695-19/09/2025","WARNERTOWN","PT.PIRIE CITY & DIST. COUNCIL",1,2,0,2,0,2024,"July","Monday","05:00 pm",110,"Sealed","Dry","Not Raining","Daylight","Roll Over",1,,,1291392.43,1857282.93
"2024-57696-19/09/2025","SALISBURY PLAIN","CITY OF SALISBURY",2,1,0,0,1,2024,"July","Saturday","09:00 pm",60,"Sealed","Dry","Not Raining","Night","Right Angle",2,,,1335290.76,1688242.58
"2024-57706-19/09/2025","WHYALLA BARSON","CC WHYALLA.",2,1,0,0,1,2024,"July","Tuesday","08:15 am",80,"Sealed","Dry","Not Raining","Daylight","Right Turn",1,,,1240129.79,1885528.94
"2024-57707-19/09/2025","SEAFORD RISE","CITY OF ONKAPARINGA",2,1,0,1,0,2024,"July","Tuesday","07:56 am",60,"Sealed","Dry","Not Raining","Daylight","Right Angle",1,,,1316759.69,1641519.43
"2024-57709-19/09/2025","MOUNT BARKER","DC MT.BARKER.",2,1,0,0,1,2024,"July","Tuesday","07:15 am",50,"Sealed","Dry","Not Raining","Daylight","Hit Parked Vehicle",1,,,1350874.01,1652268.47
"2024-57714-19/09/2025","NORWOOD","CC OF NORWOOD,PAYNEHAM & ST PETERS",2,1,0,0,1,2024,"July","Monday","01:00 pm",40,"Sealed","Dry","Not Raining","Daylight","Right Angle",2,,,1331645.06,1671407.56
"2024-57719-19/09/2025","MODBURY","CITY OF TEA TREE GULLY",2,1,0,0,1,2024,"July","Tuesday","02:10 pm",60,"Sealed","Dry","Not Raining","Daylight","Hit Pedestrian",1,,,1337071.29,1680633.04
"2024-57723-19/09/2025","TRANMERE","CC CAMPBELLTOWN.",2,1,0,0,1,2024,"July","Tuesday","03:50 pm",60,"Sealed","Dry","Not Raining","Daylight","Hit Pedestrian",1,,,1333835.8,1672457.44
"2024-57724-19/09/2025","GLENELG EAST","CITY OF HOLDFAST BAY",2,1,0,1,0,2024,"July","Tuesday","04:42 pm",60,"Sealed","Dry","Not Raining","Daylight","Hit Pedestrian",1,,,1321051.86,1663929.84