"REPORT_ID","Suburb","LGA Name","Total Units","Total Cas","Total Fats","Total SI","Total MI","Year","Month","Day","Time","Area Speed","Road Surface","Moisture Cond","Weather Cond","DayNight","Crash Type","Unit Resp","DUI Involved","Drugs Involved","ACCLOC_X","ACCLOC_Y"
"2024-57727-19/09/2025","CROYDON","CITY OF CHARLES STURT",3,1,0,0,1,2024,"July","Tuesday","03:30 pm",60,"Sealed","Dry","Not Raining","Daylight","Rear End",1,,,1325830.17,1674772.43
"2024-57729-19/09/2025","MILE END","CITY OF WEST TORRENS",2,1,0,0,1,2024,"July","Tuesday","05:05 pm",60,"Sealed","Dry","Not Raining","Daylight","Side Swipe",1,,,1326607.65,1670868.23
"2024-57731-19/09/2025","MAGILL","CITY OF BURNSIDE",2,1,0,0,1,2024,"July","Tuesday","05:33 pm",60,"Sealed","Dry","Not Raining","Night","Hit Parked Vehicle",1,,,1336231.27,1671553.93
"2024-57738-19/09/2025","LARGS BAY","CITY OF PORT ADELAIDE ENFIELD",2,1,0,0,1,2024,"July","Tuesday","07:57 pm",60,"Sealed","Dry","Not Raining","Night","Right Turn",2,"Y",,1319751.31,1682103.55
"2024-57739-19/09/2025","BAGOT WELL","LIGHT REGIONAL COUNCIL",1,1,0,1,0,2024,"July","Tuesday","08:20 pm",100,"Unsealed","Dry","Not Raining","Night","Roll Over",1,,,1366064.56,1738535.13
"2024-57740-19/09/2025","HINDMARSH","CITY OF CHARLES STURT",3,1,0,0,1,2024,"July","Tuesday","09:10 pm",60,"Sealed","Dry","Not Raining","Night","Rear End",1,,,1326341.61,1672778.39
"2024-57746-19/09/2025","WAROOKA","YORKE PENINSULA COUNCIL",2,2,0,0,2,2024,"July","Tuesday","02:29 pm",100,"Sealed","Dry","Not Raining","Daylight","Right Angle",2,,,1212172.05,1667298.51
"2024-57749-19/09/2025","FERRYDEN PARK","CITY OF PORT ADELAIDE ENFIELD",3,1,0,0,1,2024,"July","Wednesday","09:05 am",60,"Sealed","Dry","Not Raining","Daylight","Rear End",1,,,1325496.57,1676361.35
"2024-57760-19/09/2025","WYNN VALE","CITY OF TEA TREE GULLY",2,3,0,0,3,2024,"July","Wednesday","01:40 pm",70,"Sealed","Dry","Not Raining","Daylight","Right Angle",2,,,1337069.82,1684833.46
"2024-57761-19/09/2025","TWO WELLS","DC MALLALA.",2,1,0,0,1,2024,"July","Wednesday","11:35 am",100,"Sealed","Dry","Not Raining","Daylight","Right Angle",1,,,1325592.53,1707746.22
"2024-57762-19/09/2025","ROCKLEIGH","RC MURRAY BRIDGE.",2,1,0,0,1,2024,"July","Wednesday","01:45 pm",100,"Sealed","Dry","Not Raining","Daylight","Roll Over",1,,,1369073.64,1658632.27
"2024-57763-19/09/2025","ELIZABETH","CITY OF PLAYFORD.",2,1,0,0,1,2024,"July","Wednesday","02:26 pm",50,"Sealed","Dry","Not Raining","Daylight","Hit Pedestrian",2,,,1335476.73,1693103.77
"2024-57765-19/09/2025","URRBRAE","CC MITCHAM.",2,1,0,1,0,2024,"July","Wednesday","01:14 pm",60,"Sealed","Dry","Not Raining","Daylight","Right Turn",2,,,1332373.16,1666370.92
"2024-57770-19/09/2025","HAHNDORF","DC MT.BARKER.",3,1,0,0,1,2024,"July","Wednesday","03:55 pm",80,"Sealed","Dry","Not Raining","Daylight","Hit Fixed Object",1,,,1348668.41,1657000.95
"2024-57771-19/09/2025","MOUNT GAMBIER","CC MT.GAMBIER.",2,1,0,0,1,2024,"July","Wednesday","10:36 am",50,"Sealed","Dry","Not Raining","Daylight","Rear End",2,,,1511233.36,1341298.6
"2024-57778-19/09/2025","SALISBURY EAST","CITY OF SALISBURY",2,1,0,1,0,2024,"July","Wednesday","06:59 pm",60,"Sealed","Dry","Not Raining","Night","Hit Pedestrian",1,,,1334189.82,1684652.72
"2024-57780-19/09/2025","PORT WAKEFIELD","WAKEFIELD REGIONAL COUNCIL",2,3,0,0,3,2024,"July","Wednesday","03:30 pm",110,"Sealed","Dry","Not Raining","Daylight","Right Angle",2,,,1290294.8,1755224.85
"2024-57782-19/09/2025","ASHBOURNE","ALEXANDRINA COUNCIL",2,1,0,0,1,2024,"July","Wednesday","06:30 pm",100,"Sealed","Dry","Not Raining","Night","Hit Fixed Object",1,"Y",,1344308.06,1630190
"2024-57789-19/09/2025","GAWLER SOUTH","CT GAWLER.",2,1,0,0,1,2024,"July","Wednesday","05:10 pm",50,"Sealed","Dry","Not Raining","Daylight","Right Angle",2,,,1342781.13,1705387.44
"2024-57794-19/09/2025","GAWLER EAST","CT GAWLER.",2,1,0,0,1,2024,"July","Tuesday","12:10 pm",50,"Sealed","Dry","Not Raining","Daylight","Rear End",2,,,1343879.38,1706788.84
"2024-57798-19/09/2025","CULTANA",,2,1,0,0,1,2024,"July","Wednesday","12:00 pm",110,"Sealed","Dry","Not Raining","Daylight","Rear End",2,,,1236730.96,1923857.49
"2024-57800-19/09/2025","MINLATON","YORKE PENINSULA COUNCIL",2,1,0,0,1,2024,"August","Thursday","12:10 pm",100,"Sealed","Dry","Not Raining","Daylight","Side Swipe",1,,,1236861.24,1688950.11
"2024-57816-19/09/2025","MORPHETT VALE","CITY OF ONKAPARINGA",3,1,0,0,1,2024,"August","Thursday","05:12 pm",80,"Sealed","Dry","Not Raining","Daylight","Right Angle",1,,,1319738.02,1650997.58
"2024-57822-19/09/2025","ST MARYS","CC MITCHAM.",2,1,0,0,1,2024,"August","Thursday","08:00 am",60,"Sealed","Dry","Not Raining","Daylight","Rear End",2,,,1325955.93,1663326.3
"2024-57829-19/09/2025","GOLDEN GROVE","CITY OF TEA TREE GULLY",2,1,0,1,0,2024,"August","Friday","08:40 am",60,"Sealed","Dry","Not Raining","Daylight","Right Turn",1,,,1337533.29,1685117.24
"2024-57834-19/09/2025","GEPPS CROSS","CITY OF PORT ADELAIDE ENFIELD",2,1,0,0,1,2024,"August","Friday","10:05 am",70,"Sealed","Dry","Not Raining","Daylight","Hit Fixed Object",1,,,1328761.71,1680081.06
"2024-57838-19/09/2025","HENLEY BEACH","CITY OF CHARLES STURT",3,1,0,0,1,2024,"August","Friday","11:10 am",50,"Sealed","Dry","Not Raining","Daylight","Hit Pedestrian",2,,,1318702.32,1672604.52
"2024-57839-19/09/2025","HAMPSTEAD GARDENS","CITY OF PORT ADELAIDE ENFIELD",3,1,0,0,1,2024,"August","Friday","11:40 am",60,"Sealed","Dry","Not Raining","Daylight","Right Angle",1,,,1331810.03,1676603.26
"2024-57844-19/09/2025","INGLE FARM","CITY OF SALISBURY",3,1,0,0,1,2024,"August","Thursday","02:45 pm",70,"Sealed","Dry","Not Raining","Daylight","Rear End",1,,,1332666.48,1681574.09
"2024-57853-19/09/2025","MILE END","CITY OF WEST TORRENS",3,1,0,0,1,2024,"August","Friday","04:40 pm",60,"Sealed","Dry","Not Raining","Daylight","Rear End",1,,,1326279.99,1670246.25
"2024-57858-19/09/2025","CUDLEE CREEK","THE ADELAIDE HILLS COUNCIL",2,1,0,0,1,2024,"August","Friday","06:30 pm",80,"Sealed","Wet","Raining","Night","Hit Fixed Object",1,,,1347718.85,1679393.37
"2024-57860-19/09/2025","SEMAPHORE","CITY OF PORT ADELAIDE ENFIELD",3,1,0,0,1,2024,"August","Friday","10:40 pm",50,"Sealed","Wet","Not Raining","Night","Hit Parked Vehicle",1,"Y",,1318017.97,1681067.7
"2024-57864-19/09/2025","MCLAREN VALE","CITY OF ONKAPARINGA",2,1,0,1,0,2024,"August","Friday","09:00 pm",50,"Sealed","Dry","Not Raining","Night","Hit Fixed Object",1,,,1317896.98,1639747.98
"2024-57866-19/09/2025","KESWICK","CITY OF WEST TORRENS",2,1,0,0,1,2024,"August","Saturday","10:21 am",60,"Sealed","Dry","Not Raining","Daylight","Right Turn",2,,,1326559.92,1668496.69
"2024-57868-19/09/2025","LARGS BAY","CITY OF PORT ADELAIDE ENFIELD",2,1,0,0,1,2024,"August","Saturday","10:50 am",60,"Sealed","Dry","Not Raining","Daylight","Side Swipe",1,,,1319716.76,1682210.26
"2024-57870-19/09/2025","MORPHETT VALE","CITY OF ONKAPARINGA",2,1,0,0,1,2024,"August","Saturday","11:10 am",50,"Sealed","Dry","Not Raining","Daylight","Hit Parked Vehicle",1,,,1321636.25,1650799.99
"2024-57873-19/09/2025","MCHARG CREEK","ALEXANDRINA COUNCIL",2,1,0,0,1,2024,"August","Saturday","11:10 am",100,"Sealed","Dry","Not Raining","Daylight","Hit Fixed Object",1,,"Y",1340515.74,1632681.94
"2024-57877-19/09/2025","ANDREWS","NORTHERN AREAS DISTRICT COUNCIL",2,1,0,0,1,2024,"August","Saturday","01:50 pm",100,"Sealed","Dry","Not Raining","Daylight","Hit Fixed Object",1,"Y",,1333538.55,1820691.19
"2024-57879-19/09/2025","VICTOR HARBOR","DC VICTOR HARBOR.",2,1,0,0,1,2024,"August","Saturday","04:15 pm",60,"Sealed","Dry","Not Raining","Daylight","Right Angle",2,,,1328086.29,1601415.55
"2024-57885-19/09/2025","MODBURY","CITY OF TEA TREE GULLY",2,2,0,1,1,2024,"August","Saturday","04:55 pm",60,"Sealed","Dry","Not Raining","Daylight","Side Swipe",1,,,1336958.77,1680857.22
"2024-57890-19/09/2025","NORTH BRIGHTON","CITY OF HOLDFAST BAY",2,2,0,0,2,2024,"August","Sunday","05:50 am",60,"Sealed","Dry","Not Raining","Night","Hit Fixed Object",1,,"Y",1321094.9,1662143.2
"2024-57891-19/09/2025","SALISBURY DOWNS","CITY OF SALISBURY",2,1,0,0,1,2024,"August","Sunday","04:00 am",50,"Sealed","Dry","Not Raining","Night","Hit Parked Vehicle",1,"Y",,1331888,1687240.91
"2024-57892-19/09/2025","GLYNDE","CC OF NORWOOD,PAYNEHAM & ST PETERS",4,1,0,1,0,2024,"August","Sunday","06:50 am",60,"Sealed","Dry","Not Raining","Night","Hit Fixed Object",1,,,1333811.81,1673398.79
"2024-57895-19/09/2025","MITCHELL PARK","CC MARION.",2,1,0,0,1,2024,"August","Sunday","10:46 am",60,"Sealed","Dry","Not Raining","Daylight","Right Angle",1,,,1325137.53,1663293.1
"2024-57896-19/09/2025","SCOTT CREEK","THE ADELAIDE HILLS COUNCIL",2,1,1,0,0,2024,"August","Sunday","08:13 am",80,"Sealed","Dry","Not Raining","Daylight","Hit Fixed Object",1,,,1337935.13,1657376.2
"2024-57899-19/09/2025","TINTINARA","COORONG DISTRICT COUNCIL",2,1,0,0,1,2024,"August","Sunday","02:20 pm",110,"Sealed","Dry","Not Raining","Daylight","Hit Fixed Object",1,,,1463600.97,1552395.05
"2024-57904-19/09/2025","ANANGU PITJANTJATJARA YANKUNYTJATJARA",,1,1,0,0,1,2024,"August","Sunday","04:00 pm",80,"Unsealed","Wet","Not Raining","Daylight","Roll Over",1,,,771432.88,2560734.59
"2024-57907-19/09/2025","WALKLEY HEIGHTS","CITY OF SALISBURY",3,2,0,0,2,2024,"August","Sunday","07:40 pm",70,"Sealed","Wet","Raining","Night","Right Angle",2,,,1332959.7,1680497.31
"2024-57911-19/09/2025","SOUTHEND","WATTLE RANGE COUNCIL",2,1,0,0,1,2024,"August","Sunday","10:40 pm",110,"Sealed","Dry","Not Raining","Night","Hit Fixed Object",1,,,1454739.22,1372248.71
"2024-57913-19/09/2025","PORT BROUGHTON","BARUNGA WEST DISTRICT COUNCIL",1,1,0,0,1,2024,"August","Monday","06:51 am",110,"Sealed","Wet","Not Raining","Night","Roll Over",1,,,1277501.27,1821213
"2024-57914-19/09/2025","TUNGKILLO","MID MURRAY DISTRICT COUNCIL",2,1,0,1,0,2024,"August","Monday","06:50 am",100,"Sealed","Dry","Not Raining","Night","Hit Fixed Object",1,,"Y",1375560.76,1680604.29
"2024-57917-19/09/2025","CLARENCE PARK","CITY OF UNLEY",2,1,0,0,1,2024,"August","Monday","07:30 am",60,"Sealed","Dry","Not Raining","Daylight","Right Angle",1,,,1327109.81,1666196.64
"2024-57922-19/09/2025","DRY CREEK","CITY OF SALISBURY",4,1,0,0,1,2024,"August","Monday","10:30 am",90,"Sealed","Dry","Not Raining","Daylight","Right Turn",1,,,1328672.58,1683237.82
"2024-57925-19/09/2025","TORRENSVILLE","CITY OF WEST TORRENS",3,1,0,0,1,2024,"August","Monday","11:20 am",50,"Sealed","Dry","Not Raining","Daylight","Right Angle",1,,,1325295.18,1670979.16
"2024-57927-19/09/2025","KAPUNDA","LIGHT REGIONAL COUNCIL",2,1,0,0,1,2024,"August","Friday","03:15 pm",50,"Sealed","Dry","Not Raining","Daylight","Right Angle",1,,,1359735.83,1734611.33
"2024-57929-19/09/2025","KOONGAWA","DC WUDINNA. (DC LE HUNTE.)",2,1,1,0,0,2024,"August","Monday","09:15 am",110,"Sealed","Wet","Not Raining","Daylight","Head On",1,,,1070987.93,1872983.54
"2024-57930-19/09/2025","BEVERLEY","CITY OF CHARLES STURT",2,2,0,0,2,2024,"August","Monday","01:55 pm",40,"Sealed","Dry","Not Raining","Daylight","Right Angle",1,,,1323727.11,1674309.1
"2024-57935-19/09/2025","MIL-LEL","DISTRICT COUNCIL OF GRANT",3,1,0,0,1,2024,"August","Monday","02:35 pm",100,"Sealed","Dry","Not Raining","Daylight","Other",1,,,1522294.11,1342872.96
"2024-57936-19/09/2025","EVANSTON SOUTH","CT GAWLER.",4,2,0,0,2,2024,"August","Monday","03:35 pm",90,"Sealed","Dry","Not Raining","Daylight","Rear End",1,,,1339562.64,1700114.53
"2024-57938-19/09/2025","NORTH ADELAIDE","CITY OF ADELAIDE",2,1,0,0,1,2024,"May","Wednesday","05:30 pm",50,"Sealed","Dry","Not Raining","Daylight","Right Angle",2,,,1328111.74,1673172.85
"2024-57939-19/09/2025","WINGFIELD","CITY OF PORT ADELAIDE ENFIELD",3,1,0,1,0,2024,"August","Monday","04:04 pm",60,"Sealed","Dry","Not Raining","Daylight","Right Angle",2,,,1325562.7,1679205.12
"2024-57940-19/09/2025","ELIZABETH SOUTH","CITY OF PLAYFORD.",2,2,0,2,0,2024,"August","Monday","03:45 pm",60,"Sealed","Dry","Not Raining","Daylight","Right Turn",2,,,1334412.26,1690072.69
"2024-57944-19/09/2025","MANNINGHAM","CITY OF PORT ADELAIDE ENFIELD",2,1,0,0,1,2024,"July","Thursday","08:10 am",60,"Sealed","Dry","Not Raining","Daylight","Rear End",2,,,1330457.44,1675966.97
"2024-57947-19/09/2025","SOLOMONTOWN","PT.PIRIE CITY & DIST. COUNCIL",2,1,0,0,1,2024,"August","Monday","05:31 pm",50,"Sealed","Dry","Not Raining","Daylight","Rear End",1,,,1280682.77,1864566.13
"2024-57953-19/09/2025","SALISBURY NORTH","CITY OF SALISBURY",2,1,0,0,1,2024,"August","Monday","05:34 pm",60,"Sealed","Dry","Not Raining","Daylight","Hit Fixed Object",1,,,1331011.51,1691625.28
"2024-57961-19/09/2025","NOARLUNGA DOWNS","CITY OF ONKAPARINGA",2,1,0,0,1,2024,"August","Tuesday","10:17 am",80,"Sealed","Dry","Not Raining","Daylight","Right Angle",2,,,1318601.75,1643978.67
"2024-57973-19/09/2025","WATERLOO CORNER","CITY OF PLAYFORD.",2,1,0,0,1,2024,"August","Tuesday","04:15 pm",90,"Sealed","Dry","Not Raining","Daylight","Right Angle",2,,,1329037.55,1693187.23
"2024-57975-19/09/2025","URRBRAE","CC MITCHAM.",2,1,0,0,1,2024,"August","Tuesday","05:05 pm",60,"Sealed","Dry","Not Raining","Daylight","Hit Pedestrian",1,,,1330785.59,1665600.33
"2024-57979-19/09/2025","HART","WAKEFIELD REGIONAL COUNCIL",3,1,1,0,0,2024,"August","Tuesday","07:00 pm",110,"Sealed","Dry","Not Raining","Night","Hit Pedestrian",2,,,1317936.16,1800584.33
"2024-57980-19/09/2025","LIGHT PASS","THE BAROSSA COUNCIL.",2,1,0,1,0,2024,"August","Tuesday","03:45 pm",80,"Sealed","Dry","Not Raining","Daylight","Right Angle",1,,,1369886.37,1718733.13
"2024-57981-19/09/2025","MYPONGA","DC YANKALILLA.",2,1,1,0,0,2024,"August","Tuesday","08:55 pm",100,"Sealed","Dry","Not Raining","Night","Hit Fixed Object",1,,,1310776.94,1616833.87
"2024-57982-19/09/2025","LONSDALE","CITY OF ONKAPARINGA",2,3,0,3,0,2024,"August","Wednesday","01:35 am",100,"Sealed","Dry","Not Raining","Night","Hit Fixed Object",1,,,1319548.56,1650299.28
"2024-57983-19/09/2025","O'HALLORAN HILL","CITY OF ONKAPARINGA",2,1,0,1,0,2024,"August","Wednesday","02:44 am",80,"Sealed","Dry","Not Raining","Night","Hit Fixed Object",1,,,1324364.4,1658177.63
"2024-57987-19/09/2025","ASCOT PARK","CC MARION.",2,1,0,0,1,2024,"August","Wednesday","08:16 am",50,"Sealed","Dry","Not Raining","Daylight","Right Angle",2,,,1324949.98,1663556.92
"2024-57989-19/09/2025","ALDINGA","CITY OF ONKAPARINGA",2,1,0,0,1,2024,"August","Wednesday","08:20 am",60,"Sealed","Dry","Not Raining","Daylight","Side Swipe",2,,,1317741.07,1634876.08
"2024-57991-19/09/2025","CRAFERS WEST","THE ADELAIDE HILLS COUNCIL",7,1,0,0,1,2024,"August","Wednesday","07:15 am",90,"Sealed","Dry","Not Raining","Daylight","Rear End",2,,,1335628,1664739.02
"2024-57992-19/09/2025","STURT","CC MARION.",2,1,0,0,1,2024,"August","Wednesday","08:42 am",60,"Sealed","Dry","Not Raining","Daylight","Right Angle",1,,,1323665.81,1660108.13
"2024-57993-19/09/2025","SALISBURY EAST","CITY OF SALISBURY",3,1,0,0,1,2024,"August","Wednesday","09:40 am",60,"Sealed","Dry","Not Raining","Daylight","Rear End",1,,,1334189.82,1684652.72
"2024-57996-19/09/2025","KAINTON","YORKE PENINSULA COUNCIL",2,1,0,0,1,2024,"August","Saturday","09:30 am",100,"Unsealed","Wet","Not Raining","Daylight","Hit Fixed Object",1,,,1267242.68,1762400.19
"2024-57999-19/09/2025","GREENACRES","CITY OF PORT ADELAIDE ENFIELD",2,1,0,0,1,2024,"August","Wednesday","08:10 am",60,"Sealed","Dry","Not Raining","Daylight","Rear End",2,,,1331152.36,1677256.99
"2024-58000-19/09/2025","GLENELG NORTH","CITY OF HOLDFAST BAY",2,1,0,0,1,2024,"August","Wednesday","07:30 am",60,"Sealed","Dry","Not Raining","Daylight","Hit Pedestrian",2,,,1320804.53,1666138.1
"2024-58003-19/09/2025","BALHANNAH","THE ADELAIDE HILLS COUNCIL",2,2,0,1,1,2024,"August","Wednesday","12:20 pm",50,"Sealed","Dry","Not Raining","Daylight","Right Angle",1,,,1348861.68,1662788.01
"2024-58004-19/09/2025","WEST HINDMARSH","CITY OF CHARLES STURT",5,1,0,0,1,2024,"August","Wednesday","12:45 pm",60,"Sealed","Dry","Not Raining","Daylight","Hit Fixed Object",1,,"Y",1325352.04,1672523.64
"2024-58005-19/09/2025","GILLES PLAINS","CITY OF PORT ADELAIDE ENFIELD",2,1,0,0,1,2024,"July","Friday","12:30 pm",60,"Sealed","Wet","Raining","Daylight","Rear End",2,,,1333652.78,1679347.45
"2024-58006-19/09/2025","CROYDON","CITY OF CHARLES STURT",2,1,0,0,1,2024,"August","Wednesday","01:36 pm",80,"Sealed","Dry","Not Raining","Daylight","Rear End",2,,,1325740.65,1674334.79
"2024-58011-19/09/2025","WATERLOO CORNER","CITY OF SALISBURY",3,1,0,0,1,2024,"August","Wednesday","04:14 pm",90,"Sealed","Dry","Not Raining","Daylight","Right Angle",2,,,1327645.93,1692118.06
"2024-58018-19/09/2025","PARKSIDE","CITY OF UNLEY",2,1,0,0,1,2024,"August","Wednesday","07:20 pm",60,"Sealed","Dry","Not Raining","Night","Right Turn",1,,,1329603.75,1668978.88
"2024-58019-19/09/2025","BELLEVUE HEIGHTS","CC MITCHAM.",4,1,0,0,1,2024,"August","Wednesday","07:55 pm",60,"Sealed","Dry","Not Raining","Night","Hit Fixed Object",1,,,1326057.22,1660556.82
"2024-58022-19/09/2025","PARALOWIE","CITY OF SALISBURY",2,1,0,0,1,2024,"August","Friday","02:50 pm",50,"Sealed","Dry","Not Raining","Daylight","Rear End",2,,,1329797.07,1688486.2
"2024-58027-19/09/2025","NEPABUNNA",,1,1,0,1,0,2024,"August","Wednesday","05:36 pm",100,"Unsealed","Dry","Not Raining","Daylight","Roll Over",1,,,1377960.96,2148747.06
"2024-58029-19/09/2025","ADELAIDE","CITY OF ADELAIDE",2,1,0,0,1,2024,"August","Thursday","09:00 am",50,"Sealed","Dry","Not Raining","Daylight","Rear End",1,,,1327386.54,1670314.83
"2024-58032-19/09/2025","INGLE FARM","CITY OF SALISBURY",2,1,0,0,1,2024,"August","Thursday","11:50 am",60,"Sealed","Wet","Raining","Daylight","Hit Fixed Object",1,,,1334487.97,1681726.21
"2024-58033-19/09/2025","NORWOOD","CC OF NORWOOD,PAYNEHAM & ST PETERS",2,2,0,0,2,2024,"August","Thursday","12:42 pm",60,"Sealed","Wet","Raining","Daylight","Right Angle",1,,,1331230.13,1671062.97
"2024-58034-19/09/2025","VISTA","CITY OF TEA TREE GULLY",2,1,0,0,1,2024,"August","Thursday","01:35 pm",60,"Sealed","Wet","Raining","Daylight","Hit Fixed Object",1,,,1339818.29,1679744.14
"2024-58036-19/09/2025","CHELTENHAM","CITY OF CHARLES STURT",2,1,0,0,1,2024,"August","Wednesday","03:00 pm",50,"Sealed","Dry","Not Raining","Daylight","Side Swipe",2,,,1321703.41,1677782.75
"2024-58039-19/09/2025","TODMORDEN",,1,1,0,1,0,2024,"August","Wednesday","01:05 pm",100,"Unsealed","Dry","Not Raining","Daylight","Roll Over",1,,,1017522.64,2513925.5
"2024-58041-19/09/2025","MULOORINA",,1,1,0,1,0,2024,"August","Thursday","11:12 am",100,"Unsealed","Dry","Not Raining","Daylight","Left Road - Out of Control",1,,,1281659.59,2276292.46
"2024-58042-19/09/2025","ROSTREVOR","CC CAMPBELLTOWN.",2,1,0,0,1,2024,"August","Wednesday","08:45 am",60,"Sealed","Dry","Not Raining","Daylight","Rear End",2,,,1335444.4,1673229.21
"2024-58045-19/09/2025","ADELAIDE","CITY OF ADELAIDE",2,1,0,0,1,2024,"August","Wednesday","09:50 pm",60,"Sealed","Dry","Not Raining","Night","Rear End",2,,,1327395.61,1669542.05
"2024-58046-19/09/2025","WOODVILLE SOUTH","CITY OF CHARLES STURT",3,1,0,1,0,2024,"August","Thursday","04:13 pm",60,"Sealed","Dry","Not Raining","Daylight","Rear End",1,,,1322708.09,1675851.47
"2024-58048-19/09/2025","WYNN VALE","CITY OF TEA TREE GULLY",2,1,0,0,1,2024,"August","Thursday","04:58 pm",60,"Sealed","Wet","Raining","Daylight","Right Turn",1,,,1338912.98,1684761.61
"2024-58051-19/09/2025","ELIZABETH NORTH","CITY OF PLAYFORD.",2,1,0,0,1,2024,"August","Tuesday","12:17 pm",80,"Sealed","Dry","Not Raining","Daylight","Rear End",2,,,1336972.07,1695458.34
"2024-58059-19/09/2025","WOODSIDE","THE ADELAIDE HILLS COUNCIL",2,1,0,0,1,2024,"August","Friday","06:00 am",50,"Sealed","Wet","Raining","Night","Hit Parked Vehicle",1,,,1353903.74,1666997.56
"2024-58063-19/09/2025","KENSINGTON","CC OF NORWOOD,PAYNEHAM & ST PETERS",2,1,0,0,1,2024,"August","Thursday","06:50 pm",50,"Sealed","Dry","Not Raining","Night","Hit Pedestrian",1,,,1332259.75,1671076.47
"2024-58067-19/09/2025","EDINBURGH NORTH","CITY OF PLAYFORD.",2,1,0,0,1,2024,"August","Thursday","05:10 pm",60,"Sealed","Dry","Not Raining","Daylight","Right Angle",2,,,1335160.08,1695103.01
"2024-58068-19/09/2025","MAGILL","CC CAMPBELLTOWN.",2,2,0,1,1,2024,"August","Friday","09:00 am",60,"Sealed","Dry","Not Raining","Daylight","Hit Pedestrian",1,,,1334732.73,1671827.77
"2024-58069-19/09/2025","WEST LAKES","CITY OF CHARLES STURT",2,1,0,0,1,2024,"August","Friday","10:00 am",60,"Sealed","Dry","Not Raining","Daylight","Right Angle",1,,,1319894.09,1678291.82
"2024-58072-19/09/2025","PARADISE","CC CAMPBELLTOWN.",4,1,0,0,1,2024,"August","Friday","12:00 pm",60,"Sealed","Dry","Not Raining","Daylight","Rear End",1,,,1335107.34,1676332.41
"2024-58076-19/09/2025","SALISBURY PARK","CITY OF SALISBURY",2,1,0,0,1,2024,"August","Thursday","06:00 pm",80,"Sealed","Dry","Not Raining","Night","Rear End",2,,,1336023.9,1688900.98
"2024-58079-19/09/2025","CAMDEN PARK","CITY OF WEST TORRENS",2,1,0,0,1,2024,"August","Thursday","05:00 pm",60,"Sealed","Dry","Not Raining","Daylight","Rear End",2,,,1322689.96,1665423.36
"2024-58088-19/09/2025","LEWISTON","DC MALLALA.",1,1,0,0,1,2024,"August","Friday","06:33 pm",100,"Sealed","Dry","Not Raining","Night","Left Road - Out of Control",1,,,1328609.54,1704210.56
"2024-58089-19/09/2025","COOLTONG","DC RENMARK PARINGA",3,1,0,0,1,2024,"August","Friday","06:48 pm",80,"Sealed","Dry","Not Raining","Night","Hit Fixed Object",1,,,1523135.87,1754086.12
"2024-58093-19/09/2025","MOUNT PLEASANT","THE BAROSSA COUNCIL.",2,1,0,0,1,2024,"August","Friday","05:15 pm",80,"Sealed","Unknown","Not Raining","Daylight","Rear End",2,,,1367473.45,1686867.16
"2024-58098-19/09/2025","PARAFIELD GARDENS","CITY OF SALISBURY",3,1,0,1,0,2024,"August","Saturday","02:33 am",60,"Sealed","Dry","Not Raining","Night","Hit Fixed Object",1,"Y",,1330343.74,1685415.06
"2024-58100-19/09/2025","PORT LINCOLN","CC PT.LINCOLN.",2,1,0,1,0,2024,"August","Saturday","09:00 am",50,"Sealed","Dry","Not Raining","Daylight","Right Angle",1,,,1080064.14,1698100.14
"2024-58104-19/09/2025","ROCKLEIGH","MID MURRAY DISTRICT COUNCIL",2,3,0,0,3,2024,"August","Saturday","10:25 am",100,"Unsealed","Dry","Not Raining","Daylight","Hit Fixed Object",1,,,1373524.49,1665716.32
"2024-58108-19/09/2025","EDINBURGH NORTH","CITY OF PLAYFORD.",2,1,0,0,1,2024,"August","Saturday","12:41 pm",60,"Sealed","Dry","Not Raining","Daylight","Hit Pedestrian",2,,,1334781.34,1695595.77
"2024-58115-19/09/2025","CHANDLERS HILL","CITY OF ONKAPARINGA",2,1,0,0,1,2024,"August","Saturday","01:30 pm",70,"Sealed","Dry","Not Raining","Daylight","Side Swipe",1,,,1329077.5,1652701.98
"2024-58116-19/09/2025","TARATAP","DC KINGSTON.",2,1,0,1,0,2024,"August","Saturday","04:15 pm",100,"Unsealed","Dry","Not Raining","Daylight","Hit Fixed Object",1,,,1441612.55,1485463.71
"2024-58124-19/09/2025","GLENELG","CITY OF HOLDFAST BAY",1,1,0,0,1,2024,"August","Sunday","09:30 am",50,"Sealed","Dry","Not Raining","Daylight","Roll Over",9,,,1320301.15,1665294.06
"2024-58135-19/09/2025","PORT PIRIE","PT.PIRIE CITY & DIST. COUNCIL",2,1,0,0,1,2024,"August","Sunday","02:00 pm",50,"Sealed","Dry","Not Raining","Daylight","Rear End",1,,,1279946.9,1865827.83
"2024-58136-19/09/2025","PARACOMBE","THE ADELAIDE HILLS COUNCIL",2,1,0,1,0,2024,"August","Sunday","03:40 pm",80,"Sealed","Dry","Not Raining","Daylight","Right Turn",1,,,1346877.82,1678504.69
"2024-58137-19/09/2025","HAPPY VALLEY","CITY OF ONKAPARINGA",2,2,0,0,2,2024,"August","Sunday","04:10 pm",60,"Sealed","Dry","Not Raining","Daylight","Rear End",1,,,1326293.21,1653218.42
"2024-58141-19/09/2025","CUMBERLAND PARK","CC MITCHAM.",2,1,0,0,1,2024,"August","Sunday","04:15 pm",50,"Sealed","Dry","Not Raining","Daylight","Right Angle",2,,,1326768.94,1665666.23