"REPORT_ID","Suburb","LGA Name","Total Units","Total Cas","Total Fats","Total SI","Total MI","Year","Month","Day","Time","Area Speed","Road Surface","Moisture Cond","Weather Cond","DayNight","Crash Type","Unit Resp","DUI Involved","Drugs Involved","ACCLOC_X","ACCLOC_Y"
"2024-58145-19/09/2025","WILLUNGA SOUTH","CITY OF ONKAPARINGA",3,1,0,1,0,2024,"August","Sunday","07:50 pm",100,"Sealed","Dry","Not Raining","Night","Hit Fixed Object",1,"Y",,1323723.33,1628956.7
"2024-58150-19/09/2025","MORPHETT VALE","CITY OF ONKAPARINGA",2,1,0,0,1,2024,"August","Monday","07:50 am",60,"Sealed","Dry","Not Raining","Daylight","Hit Pedestrian",1,,,1320790.51,1648846.05
"2024-58155-19/09/2025","ADELAIDE","CITY OF ADELAIDE",3,1,0,0,1,2024,"August","Sunday","05:45 pm",50,"Sealed","Dry","Not Raining","Night","Right Angle",2,,,1329122.76,1669582.56
"2024-58156-19/09/2025","FLAGSTAFF HILL","CITY OF ONKAPARINGA",2,1,0,0,1,2024,"August","Monday","08:45 am",60,"Sealed","Dry","Not Raining","Daylight","Right Angle",1,,,1328326.04,1655930.1
"2024-58161-19/09/2025","FINDON","CITY OF CHARLES STURT",2,1,0,0,1,2024,"August","Sunday","02:00 pm",60,"Sealed","Dry","Not Raining","Daylight","Right Angle",1,,,1322414.5,1673329.02
"2024-58165-19/09/2025","VISTA","CITY OF TEA TREE GULLY",1,1,0,0,1,2024,"August","Monday","12:58 pm",80,"Sealed","Dry","Not Raining","Daylight","Roll Over",1,,,1341536.58,1679726.51
"2024-58171-19/09/2025","MELROSE PARK","CC MITCHAM.",2,1,0,0,1,2024,"August","Monday","09:30 am",60,"Sealed","Dry","Not Raining","Daylight","Right Angle",2,,,1325929.8,1664530.18
"2024-58172-19/09/2025","TORRENS PARK","CC MITCHAM.",2,1,0,1,0,2024,"August","Monday","02:18 pm",60,"Sealed","Dry","Not Raining","Daylight","Head On",1,"Y","Y",1329351.9,1663217.05
"2024-58177-19/09/2025","BOLLARDS LAGOON",,1,1,0,0,1,2024,"August","Sunday","12:30 pm",100,"Unsealed","Wet","Not Raining","Daylight","Roll Over",1,,,1549497.71,2317901.67
"2024-58179-19/09/2025","LITTLEHAMPTON","DC MT.BARKER.",2,1,0,0,1,2024,"August","Monday","05:20 pm",50,"Sealed","Dry","Not Raining","Daylight","Rear End",2,,,1352128.32,1656469.86
"2024-58181-19/09/2025","MAGILL","CC CAMPBELLTOWN.",3,2,0,0,2,2024,"August","Monday","05:25 pm",60,"Sealed","Dry","Not Raining","Daylight","Hit Pedestrian",2,,,1335473.49,1672170.64
"2024-58190-19/09/2025","CLARENCE GARDENS","CC MITCHAM.",2,1,0,0,1,2024,"August","Tuesday","08:35 am",50,"Sealed","Dry","Not Raining","Daylight","Right Turn",1,,,1326689.45,1666056.88
"2024-58192-19/09/2025","SALISBURY DOWNS","CITY OF SALISBURY",2,1,0,0,1,2024,"August","Tuesday","09:02 am",60,"Sealed","Dry","Not Raining","Daylight","Rear End",2,,,1331527.15,1686913.1
"2024-58194-19/09/2025","THRINGTON","COPPER COAST DISTRICT COUNCIL",2,1,0,1,0,2024,"August","Tuesday","09:00 am",100,"Sealed","Dry","Not Raining","Daylight","Hit Fixed Object",1,,,1258543.72,1775637.18
"2024-58196-19/09/2025","MAWSON LAKES","CITY OF SALISBURY",2,1,0,0,1,2024,"August","Tuesday","09:45 am",70,"Sealed","Dry","Not Raining","Daylight","Right Turn",1,,,1329252.14,1684034.21
"2024-58208-19/09/2025","MOUNT BARKER","DC MT.BARKER.",2,1,0,0,1,2024,"August","Tuesday","04:19 pm",50,"Sealed","Dry","Not Raining","Daylight","Hit Pedestrian",1,,,1352927.55,1653156.23
"2024-58214-19/09/2025","KIDMAN PARK","CITY OF CHARLES STURT",2,1,0,0,1,2024,"August","Tuesday","05:00 pm",60,"Sealed","Dry","Not Raining","Daylight","Hit Pedestrian",2,,,1322420.13,1673116.28
"2024-58217-19/09/2025","SEATON","CITY OF CHARLES STURT",3,1,0,0,1,2024,"August","Tuesday","06:20 pm",60,"Sealed","Dry","Not Raining","Night","Right Angle",2,,,1319952.52,1673300.38
"2024-58220-19/09/2025","HOPE VALLEY","CITY OF TEA TREE GULLY",2,1,0,0,1,2024,"August","Tuesday","08:46 pm",60,"Sealed","Dry","Not Raining","Night","Right Angle",1,,,1338664.18,1679671.91
"2024-58221-19/09/2025","PARACOMBE","THE ADELAIDE HILLS COUNCIL",3,1,0,1,0,2024,"August","Tuesday","09:24 pm",80,"Sealed","Dry","Not Raining","Night","Hit Fixed Object",1,,,1346213.72,1678345.26
"2024-58223-19/09/2025","OTTOWAY","CITY OF PORT ADELAIDE ENFIELD",2,1,0,1,0,2024,"August","Tuesday","11:49 pm",60,"Sealed","Dry","Not Raining","Night","Hit Fixed Object",1,"Y",,1323230.42,1679146.07
"2024-58225-19/09/2025","PAYNEHAM","CC OF NORWOOD,PAYNEHAM & ST PETERS",2,1,0,0,1,2024,"August","Wednesday","07:34 am",60,"Unsealed","Dry","Not Raining","Daylight","Right Turn",1,,,1332710.4,1674035.96
"2024-58227-19/09/2025","TWO WELLS","DC MALLALA.",2,3,0,1,2,2024,"August","Wednesday","08:20 am",110,"Sealed","Dry","Not Raining","Daylight","Right Turn",2,,,1321397.01,1707669.72
"2024-58228-19/09/2025","MILLSWOOD","CITY OF UNLEY",1,1,0,0,1,2024,"August","Wednesday","10:17 am",50,"Sealed","Dry","Not Raining","Daylight","Roll Over",1,,,1328158.35,1667092.47
"2024-58230-19/09/2025","LINDEN PARK","CITY OF BURNSIDE",2,1,0,0,1,2024,"August","Tuesday","09:00 am",60,"Sealed","Dry","Not Raining","Daylight","Right Turn",1,,,1332336.95,1668165.75
"2024-58236-19/09/2025","ADELAIDE","CITY OF ADELAIDE",2,1,0,0,1,2024,"August","Wednesday","01:00 pm",50,"Sealed","Dry","Not Raining","Daylight","Side Swipe",2,,,1329575.18,1670547.41
"2024-58240-19/09/2025","ADELAIDE","CITY OF ADELAIDE",2,1,0,1,0,2024,"August","Monday","03:00 pm",50,"Sealed","Dry","Not Raining","Daylight","Hit Pedestrian",1,,,1327980.01,1670711.82
"2024-58242-19/09/2025","TONSLEY","CC MARION.",2,1,0,0,1,2024,"August","Wednesday","04:10 pm",60,"Sealed","Dry","Not Raining","Daylight","Rear End",1,,,1325030.01,1660684.52
"2024-58244-19/09/2025","MORPHETT VALE","CITY OF ONKAPARINGA",2,1,0,1,0,2024,"August","Wednesday","04:32 pm",60,"Sealed","Dry","Not Raining","Daylight","Side Swipe",1,,,1322664.23,1649910.09
"2024-58248-19/09/2025","SEATON","CITY OF CHARLES STURT",2,1,0,0,1,2024,"August","Wednesday","08:08 pm",60,"Sealed","Dry","Not Raining","Night","Right Angle",1,,,1320774.73,1673357.32
"2024-58251-19/09/2025","PENFIELD GARDENS","CITY OF PLAYFORD.",2,1,0,0,1,2024,"August","Wednesday","09:25 pm",60,"Sealed","Dry","Not Raining","Night","Right Angle",1,,,1333134.46,1700544.36
"2024-58253-19/09/2025","FORRESTON","THE ADELAIDE HILLS COUNCIL",1,1,0,0,1,2024,"August","Wednesday","01:30 pm",80,"Sealed","Dry","Not Raining","Daylight","Roll Over",1,,,1359254.9,1685547.78
"2024-58256-19/09/2025","PENFIELD GARDENS","CITY OF PLAYFORD.",2,1,0,0,1,2024,"August","Thursday","06:45 am",80,"Sealed","Dry","Not Raining","Night","Right Turn",1,,,1328822.38,1697635.36
"2024-58257-19/09/2025","KESWICK TERMINAL","CITY OF WEST TORRENS",2,1,0,0,1,2024,"August","Thursday","07:52 am",60,"Sealed","Dry","Not Raining","Daylight","Rear End",1,,,1326387.75,1669375.4
"2024-58260-19/09/2025","CAMDEN PARK","CITY OF WEST TORRENS",2,1,0,0,1,2024,"August","Thursday","08:39 am",60,"Sealed","Dry","Not Raining","Daylight","Rear End",1,,,1322588.76,1667003.62
"2024-58264-19/09/2025","TORRENS PARK","CC MITCHAM.",2,1,0,0,1,2024,"August","Thursday","10:50 am",60,"Sealed","Dry","Not Raining","Daylight","Right Turn",1,,,1329171.51,1665029.05
"2024-58267-19/09/2025","CHELTENHAM","CITY OF CHARLES STURT",2,1,0,0,1,2024,"August","Thursday","01:25 pm",60,"Sealed","Dry","Not Raining","Daylight","Right Angle",2,,,1321457.27,1676998.96
"2024-58269-19/09/2025","PLEASANT PARK","DISTRICT COUNCIL OF GRANT",2,1,0,0,1,2024,"August","Thursday","08:44 am",100,"Sealed","Wet","Not Raining","Daylight","Side Swipe",2,,,1522702.05,1360890.03
"2024-58282-19/09/2025","MOUNT WILLOUGHBY",,1,1,1,0,0,2024,"August","Thursday","06:25 pm",110,"Sealed","Dry","Not Raining","Night","Roll Over",1,,,918638.6,2405325.75
"2024-58284-19/09/2025","MUNNO PARA","CITY OF PLAYFORD.",2,2,0,0,2,2024,"August","Thursday","08:40 pm",50,"Sealed","Wet","Raining","Night","Right Turn",1,,,1336828.02,1698757.52
"2024-58285-19/09/2025","ST PETERS","CC OF NORWOOD,PAYNEHAM & ST PETERS",3,1,0,0,1,2024,"August","Thursday","08:55 pm",60,"Sealed","Wet","Raining","Night","Rear End",1,,,1331362.46,1672734.48
"2024-58292-19/09/2025","SEMAPHORE PARK","CITY OF CHARLES STURT",3,1,0,0,1,2024,"August","Friday","05:30 am",60,"Sealed","Wet","Raining","Night","Right Angle",1,,,1319009.03,1679184.57
"2024-58299-19/09/2025","MUNGERANIE",,1,1,0,1,0,2024,"August","Monday","11:30 am",100,"Unsealed","Dry","Not Raining","Daylight","Roll Over",1,,,1359454.95,2437779.07
"2024-58302-19/09/2025","UNLEY PARK","CITY OF UNLEY",2,1,0,0,1,2024,"August","Friday","08:10 am",60,"Sealed","Dry","Not Raining","Daylight","Right Turn",1,,,1328952.99,1666249.03
"2024-58304-19/09/2025","FULHAM GARDENS","CITY OF CHARLES STURT",2,1,0,0,1,2024,"August","Friday","11:55 am",60,"Sealed","Dry","Not Raining","Daylight","Rear End",2,"Y",,1320637.71,1672309.48
"2024-58307-19/09/2025","ADELAIDE","CITY OF ADELAIDE",2,1,0,0,1,2024,"August","Monday","08:52 am",60,"Sealed","Dry","Not Raining","Daylight","Side Swipe",2,,,1327382.28,1670486.86
"2024-58308-19/09/2025","GOOLWA","ALEXANDRINA COUNCIL",2,1,0,0,1,2024,"August","Thursday","07:55 am",50,"Sealed","Dry","Not Raining","Daylight","Rear End",2,,,1342623.35,1606766.79
"2024-58312-19/09/2025","SALISBURY","CITY OF SALISBURY",2,1,0,0,1,2024,"August","Friday","03:25 pm",60,"Sealed","Dry","Not Raining","Daylight","Right Angle",1,,,1333237.32,1689126.84
"2024-58316-19/09/2025","ADELAIDE","CITY OF ADELAIDE",3,1,0,0,1,2024,"August","Friday","05:09 pm",60,"Sealed","Dry","Not Raining","Daylight","Right Turn",1,,,1327395.92,1670003.03
"2024-58325-19/09/2025","MURRAY BRIDGE","RC MURRAY BRIDGE.",2,1,0,0,1,2024,"August","Friday","07:07 pm",50,"Sealed","Wet","Raining","Night","Right Angle",1,,,1389453.71,1646188.14
"2024-58337-19/09/2025","NAIRNE","DC MT.BARKER.",3,2,0,1,1,2024,"August","Saturday","11:15 am",80,"Sealed","Wet","Not Raining","Daylight","Rear End",2,,,1354811.38,1656203.38
"2024-58338-19/09/2025","MAWSON LAKES","CITY OF SALISBURY",2,1,0,1,0,2024,"August","Saturday","12:45 pm",60,"Sealed","Dry","Not Raining","Daylight","Rear End",2,,,1330292.61,1684024.31
"2024-58345-19/09/2025","PORT ADELAIDE","CITY OF PORT ADELAIDE ENFIELD",2,1,0,0,1,2024,"August","Saturday","02:10 pm",60,"Sealed","Wet","Raining","Daylight","Right Angle",1,,"Y",1319839.14,1679085.47
"2024-58350-19/09/2025","MOUNT JAGGED","ALEXANDRINA COUNCIL",1,1,0,0,1,2024,"August","Saturday","03:50 pm",100,"Sealed","Wet","Not Raining","Daylight","Roll Over",9,,,1331792.56,1610621.55
"2024-58351-19/09/2025","WYNN VALE","CITY OF TEA TREE GULLY",2,1,0,0,1,2024,"August","Saturday","06:09 pm",70,"Sealed","Wet","Raining","Night","Right Angle",1,,,1337069.82,1684833.46
"2024-58354-19/09/2025","MEADOWS","DC MT.BARKER.",2,3,0,0,3,2024,"August","Saturday","07:30 pm",60,"Sealed","Dry","Not Raining","Night","Right Angle",1,,,1342922.22,1641844.63
"2024-58355-19/09/2025","WOODCROFT","CITY OF ONKAPARINGA",2,2,0,0,2,2024,"August","Saturday","05:15 pm",80,"Sealed","Dry","Not Raining","Daylight","Right Angle",1,,,1323031.8,1652241.08
"2024-58356-19/09/2025","NANGKITA","ALEXANDRINA COUNCIL",2,1,0,0,1,2024,"August","Saturday","08:55 pm",100,"Sealed","Dry","Not Raining","Night","Hit Fixed Object",1,,"Y",1336672.83,1623105.18
"2024-58357-19/09/2025","STURT","CC MARION.",2,1,0,0,1,2024,"August","Saturday","11:21 pm",80,"Sealed","Wet","Not Raining","Night","Hit Fixed Object",1,"Y",,1324168.37,1659549.15
"2024-58363-19/09/2025","HOSKIN CORNER","WAKEFIELD REGIONAL COUNCIL",2,1,0,0,1,2024,"August","Sunday","06:30 am",100,"Sealed","Wet","Raining","Night","Hit Fixed Object",1,"Y",,1319036.85,1751255.61
"2024-58364-19/09/2025","WOODVILLE SOUTH","CITY OF CHARLES STURT",8,1,0,0,1,2024,"August","Sunday","11:15 am",60,"Sealed","Dry","Not Raining","Daylight","Head On",1,,,1322395.14,1676120.64
"2024-58365-19/09/2025","KLEMZIG","CITY OF PORT ADELAIDE ENFIELD",2,1,0,0,1,2024,"August","Sunday","11:40 am",50,"Sealed","Dry","Not Raining","Daylight","Side Swipe",1,,,1332194.27,1676295.56
"2024-58369-19/09/2025","MILLBROOK","THE ADELAIDE HILLS COUNCIL",2,1,0,0,1,2024,"August","Sunday","02:40 pm",80,"Sealed","Dry","Not Raining","Daylight","Side Swipe",2,,,1349409.55,1680980.43
"2024-58371-19/09/2025","ULEYBURY","CITY OF PLAYFORD.",2,1,0,1,0,2024,"August","Sunday","04:00 pm",80,"Sealed","Dry","Not Raining","Daylight","Hit Fixed Object",1,,,1344716.19,1695836.68
"2024-58375-19/09/2025","SEDAN","MID MURRAY DISTRICT COUNCIL",1,1,0,0,1,2024,"August","Sunday","12:00 pm",100,"Sealed","Dry","Not Raining","Daylight","Roll Over",1,,,1386411.82,1708935.08
"2024-58379-19/09/2025","CHAIN OF PONDS","THE ADELAIDE HILLS COUNCIL",2,1,0,0,1,2024,"August","Sunday","06:40 pm",100,"Sealed","Dry","Not Raining","Night","Hit Fixed Object",1,,,1350164.49,1681595.68
"2024-58382-19/09/2025","TORRENSVILLE","CITY OF WEST TORRENS",2,1,0,0,1,2024,"August","Sunday","11:40 pm",60,"Sealed","Dry","Not Raining","Night","Right Angle",2,,,1325740.32,1670993.32
"2024-58389-19/09/2025","KINGSCOTE","KANGAROO ISLAND COUNCIL",2,1,0,0,1,2024,"August","Monday","07:45 am",50,"Sealed","Dry","Not Raining","Daylight","Right Angle",1,,,1238161.05,1592361.02
"2024-58396-19/09/2025","CLIFTON HILLS STATION",,1,1,0,1,0,2024,"August","Tuesday","10:00 am",100,"Unsealed","Dry","Not Raining","Daylight","Roll Over",1,,,1372838.63,2521223.25
"2024-58398-19/09/2025","EDINBURGH NORTH","CITY OF PLAYFORD.",2,1,0,0,1,2024,"August","Monday","01:05 pm",60,"Sealed","Dry","Not Raining","Daylight","Rear End",2,,,1334352.73,1694527.5
"2024-58399-19/09/2025","ELIZABETH SOUTH","CITY OF PLAYFORD.",3,1,0,0,1,2024,"August","Monday","02:20 pm",60,"Sealed","Dry","Not Raining","Daylight","Side Swipe",2,,,1334436.81,1691010.63
"2024-58403-19/09/2025","OLD REYNELLA","CITY OF ONKAPARINGA",2,3,0,0,3,2024,"August","Monday","04:18 pm",50,"Sealed","Wet","Raining","Daylight","Rear End",2,,,1322110.08,1651972.66
"2024-58407-19/09/2025","KLEMZIG","CITY OF PORT ADELAIDE ENFIELD",2,1,0,0,1,2024,"August","Monday","06:20 pm",50,"Sealed","Wet","Unknown","Night","Right Angle",2,,,1331944.44,1676139.49
"2024-58408-19/09/2025","BOWDEN","CITY OF CHARLES STURT",2,1,1,0,0,2024,"August","Monday","07:48 pm",40,"Sealed","Wet","Raining","Night","Hit Pedestrian",2,,,1326903.88,1673469.8
"2024-58409-19/09/2025","CROYDON PARK","CITY OF PORT ADELAIDE ENFIELD",2,1,0,0,1,2024,"August","Monday","08:02 pm",50,"Sealed","Wet","Raining","Night","Hit Fixed Object",1,,,1325629.01,1675409.71
"2024-58411-19/09/2025","SALISBURY PARK","CITY OF SALISBURY",3,1,0,1,0,2024,"August","Monday","09:58 pm",80,"Sealed","Dry","Not Raining","Night","Hit Fixed Object",1,"Y",,1336015.35,1688857.11
"2024-58414-19/09/2025","EDEN HILLS","CC MITCHAM.",2,1,0,0,1,2024,"August","Tuesday","07:50 am",60,"Sealed","Dry","Not Raining","Daylight","Right Angle",1,,,1328074.17,1659416.48
"2024-58418-19/09/2025","LONSDALE","CITY OF ONKAPARINGA",2,2,0,0,2,2024,"August","Tuesday","08:38 am",70,"Sealed","Dry","Not Raining","Daylight","Right Angle",2,,,1318772.21,1649800.84
"2024-58419-19/09/2025","HINDMARSH","CITY OF CHARLES STURT",2,1,0,0,1,2024,"August","Monday","04:50 pm",60,"Sealed","Wet","Raining","Daylight","Rear End",1,,,1325549.01,1673454.12
"2024-58421-19/09/2025","ADELAIDE","CITY OF ADELAIDE",2,1,0,0,1,2024,"August","Tuesday","11:15 am",50,"Sealed","Dry","Not Raining","Daylight","Rear End",2,,,1328456.65,1670979.49
"2024-58423-19/09/2025","MORPHETT VALE","CITY OF ONKAPARINGA",2,1,0,0,1,2024,"August","Tuesday","09:45 am",60,"Sealed","Dry","Not Raining","Daylight","Right Angle",1,,,1319641.98,1648656.7
"2024-58424-19/09/2025","HINDMARSH","CITY OF CHARLES STURT",2,1,0,0,1,2024,"August","Monday","04:40 pm",60,"Sealed","Dry","Not Raining","Daylight","Side Swipe",2,,,1326341.61,1672778.39
"2024-58426-19/09/2025","ADELAIDE","CITY OF ADELAIDE",2,2,0,0,2,2024,"August","Thursday","04:30 pm",50,"Sealed","Dry","Not Raining","Daylight","Hit Parked Vehicle",2,,,1328171.54,1670507.63
"2024-58436-19/09/2025","WHYALLA PLAYFORD","CC WHYALLA.",2,1,0,0,1,2024,"August","Tuesday","05:25 pm",50,"Sealed","Dry","Not Raining","Daylight","Right Angle",2,,"Y",1239413.83,1883708.14
"2024-58443-19/09/2025","HALLETT COVE","CC MARION.",2,1,0,0,1,2024,"August","Tuesday","08:48 pm",50,"Sealed","Wet","Not Raining","Night","Hit Fixed Object",1,,,1318391.31,1653687.61
"2024-58446-19/09/2025","LONGWOOD","THE ADELAIDE HILLS COUNCIL",2,1,0,0,1,2024,"August","Wednesday","07:51 am",80,"Sealed","Wet","Not Raining","Daylight","Right Angle",2,,,1339545.27,1656819.75
"2024-58447-19/09/2025","SALISBURY","CITY OF SALISBURY",2,1,0,0,1,2024,"August","Wednesday","08:00 am",60,"Unsealed","Dry","Not Raining","Daylight","Side Swipe",2,,,1333126.64,1688469.42
"2024-58448-19/09/2025","KLEMZIG","CITY OF PORT ADELAIDE ENFIELD",3,1,0,0,1,2024,"August","Wednesday","08:25 am",60,"Sealed","Dry","Not Raining","Daylight","Rear End",1,,,1331738.06,1676292.13
"2024-58451-19/09/2025","VICTOR HARBOR","DC VICTOR HARBOR.",3,1,0,0,1,2024,"August","Wednesday","09:05 am",50,"Sealed","Dry","Not Raining","Daylight","Right Angle",1,,,1326743.89,1600298.2
"2024-58452-19/09/2025","GURRA GURRA","DC RENMARK PARINGA",2,1,0,0,1,2024,"August","Tuesday","06:15 pm",100,"Unsealed","Dry","Not Raining","Night","Hit Animal",2,,,1518823.4,1734728.67
"2024-58455-19/09/2025","NOARLUNGA DOWNS","CITY OF ONKAPARINGA",2,1,0,1,0,2024,"August","Saturday","01:00 pm",50,"Sealed","Dry","Not Raining","Daylight","Hit Pedestrian",1,,,1317895.57,1646064.4
"2024-58456-19/09/2025","PARKSIDE","CITY OF UNLEY",2,1,0,0,1,2024,"August","Saturday","03:50 pm",60,"Sealed","Dry","Not Raining","Daylight","Right Angle",2,,,1329067.64,1668564
"2024-58459-19/09/2025","PARALOWIE","CITY OF SALISBURY",2,1,0,0,1,2024,"August","Wednesday","11:50 am",50,"Sealed","Dry","Not Raining","Daylight","Right Angle",2,,,1330340.62,1689180.17
"2024-58462-19/09/2025","WOODCROFT","CITY OF ONKAPARINGA",4,2,0,0,2,2024,"August","Wednesday","12:46 pm",80,"Sealed","Dry","Not Raining","Daylight","Right Angle",1,,,1323031.8,1652241.08
"2024-58463-19/09/2025","INGLE FARM","CITY OF SALISBURY",2,1,0,0,1,2024,"August","Tuesday","05:30 pm",70,"Sealed","Dry","Not Raining","Daylight","Rear End",2,,,1332120.96,1681780.41
"2024-58467-19/09/2025","TORRENS PARK","CC MITCHAM.",3,1,0,0,1,2024,"August","Wednesday","01:20 pm",60,"Sealed","Dry","Not Raining","Daylight","Side Swipe",2,,,1329227.73,1664758.86
"2024-58468-19/09/2025","BOORS PLAIN","COPPER COAST DISTRICT COUNCIL",2,1,0,0,1,2024,"August","Wednesday","12:00 pm",100,"Unsealed","Wet","Not Raining","Daylight","Hit Fixed Object",1,,,1244723.35,1771854.48
"2024-58471-19/09/2025","LOXTON","LOXTON WAIKERIE DISTRICT COUNCIL",2,2,0,0,2,2024,"August","Wednesday","03:16 pm",60,"Sealed","Dry","Not Raining","Daylight","Hit Fixed Object",1,,,1511233.16,1715301.35
"2024-58473-19/09/2025","PARKSIDE","CITY OF UNLEY",2,1,0,0,1,2024,"August","Wednesday","03:39 pm",60,"Sealed","Dry","Not Raining","Daylight","Side Swipe",2,,,1330346.87,1668605.32
"2024-58477-19/09/2025","PENFIELD","CITY OF PLAYFORD.",3,1,0,0,1,2024,"August","Wednesday","05:01 pm",110,"Sealed","Dry","Not Raining","Daylight","Hit Fixed Object",1,,,1330603.47,1697897.05
"2024-58480-19/09/2025","RENMARK WEST","DC RENMARK PARINGA",2,2,0,1,1,2024,"August","Wednesday","09:38 pm",80,"Sealed","Dry","Not Raining","Night","Right Turn",1,,"Y",1527375.61,1747663.33
"2024-58484-19/09/2025","STEPNEY","CC OF NORWOOD,PAYNEHAM & ST PETERS",2,1,0,0,1,2024,"August","Wednesday","07:15 pm",60,"Sealed","Dry","Not Raining","Night","Hit Pedestrian",2,,,1331113.37,1672400.35
"2024-58488-19/09/2025","PLYMPTON PARK","CC MARION.",2,1,0,0,1,2024,"August","Thursday","07:50 am",60,"Sealed","Dry","Not Raining","Daylight","Right Angle",1,,,1324146.8,1666101.39
"2024-58489-19/09/2025","ADELAIDE","CITY OF ADELAIDE",2,1,0,0,1,2024,"August","Thursday","09:38 am",50,"Sealed","Dry","Not Raining","Daylight","Right Angle",2,,,1327921.16,1670654.98
"2024-58491-19/09/2025","MARION","CC MARION.",2,1,0,0,1,2024,"August","Thursday","12:50 pm",50,"Sealed","Dry","Not Raining","Daylight","Hit Parked Vehicle",1,,,1324107,1661242.16
"2024-58492-19/09/2025","OTTOWAY","CITY OF PORT ADELAIDE ENFIELD",2,1,0,0,1,2024,"August","Wednesday","05:55 pm",60,"Sealed","Wet","Not Raining","Night","Rear End",2,,,1323020.87,1679141.2
"2024-58494-19/09/2025","CROYDON","CITY OF CHARLES STURT",2,1,0,0,1,2024,"August","Thursday","03:25 pm",60,"Sealed","Dry","Not Raining","Daylight","Rear End",2,,,1325383.57,1673604.13
"2024-58497-19/09/2025","TEA TREE GULLY","CITY OF TEA TREE GULLY",2,1,0,0,1,2024,"August","Thursday","03:25 pm",80,"Unsealed","Dry","Not Raining","Daylight","Hit Fixed Object",1,,,1341766.13,1681467.87
"2024-58498-19/09/2025","HUNTFIELD HEIGHTS","CITY OF ONKAPARINGA",2,1,0,0,1,2024,"August","Thursday","04:01 pm",50,"Sealed","Dry","Not Raining","Daylight","Hit Pedestrian",2,,,1319741.84,1645504.41
"2024-58499-19/09/2025","TUNGKILLO","MID MURRAY DISTRICT COUNCIL",2,1,0,1,0,2024,"August","Thursday","02:30 pm",100,"Sealed","Dry","Not Raining","Daylight","Hit Fixed Object",1,,,1368388.67,1677633.75
"2024-58500-19/09/2025","CLOVELLY PARK","CC MARION.",2,2,0,0,2,2024,"August","Thursday","04:03 pm",50,"Sealed","Dry","Not Raining","Daylight","Right Angle",2,,,1325859.32,1663135.49
"2024-58503-19/09/2025","PLYMPTON","CITY OF WEST TORRENS",2,2,0,1,1,2024,"August","Thursday","05:10 pm",60,"Sealed","Dry","Not Raining","Daylight","Hit Pedestrian",2,,,1324235.36,1666666.04
"2024-58504-19/09/2025","THEBARTON","CITY OF WEST TORRENS",2,1,0,0,1,2024,"August","Thursday","04:11 pm",60,"Sealed","Dry","Not Raining","Daylight","Rear End",2,,,1326511.33,1672105.66
"2024-58507-19/09/2025","MITCHELL PARK","CC MARION.",2,1,0,0,1,2024,"August","Thursday","06:31 pm",60,"Sealed","Dry","Not Raining","Night","Hit Fixed Object",1,,,1324381.8,1661665.72
"2024-58514-19/09/2025","KOOLUNGA","PT.PIRIE CITY & DIST. COUNCIL",2,2,0,0,2,2024,"August","Thursday","05:30 pm",100,"Unsealed","Dry","Not Raining","Daylight","Right Angle",1,,,1310410.96,1826923.76
"2024-58520-19/09/2025","WATERLOO CORNER","CITY OF SALISBURY",2,1,0,0,1,2024,"August","Thursday","05:20 pm",70,"Sealed","Dry","Not Raining","Daylight","Rear End",2,,,1328258.79,1692163.2
"2024-58525-19/09/2025","NORWOOD","CC OF NORWOOD,PAYNEHAM & ST PETERS",2,1,0,0,1,2024,"August","Friday","12:05 pm",50,"Sealed","Dry","Not Raining","Daylight","Hit Pedestrian",2,,,1332051.85,1671171.25
"2024-58526-19/09/2025","PANORAMA","CC MITCHAM.",2,1,0,0,1,2024,"August","Friday","08:30 am",60,"Sealed","Dry","Not Raining","Daylight","Rear End",2,,,1327580.8,1663430.02
"2024-58530-19/09/2025","GLENELG NORTH","CITY OF HOLDFAST BAY",2,1,0,0,1,2024,"August","Friday","07:20 am",40,"Sealed","Dry","Not Raining","Daylight","Hit Pedestrian",1,,,1320760.16,1666264.21
"2024-58531-19/09/2025","SWAN REACH","MID MURRAY DISTRICT COUNCIL",2,2,0,2,0,2024,"August","Friday","01:10 pm",110,"Sealed","Dry","Not Raining","Daylight","Roll Over",1,,,1434655.13,1709797.82
"2024-58532-19/09/2025","MILE END","CITY OF WEST TORRENS",2,1,0,0,1,2024,"August","Friday","02:50 pm",50,"Sealed","Dry","Not Raining","Daylight","Hit Fixed Object",1,,,1325477.98,1670615.8
"2024-58533-19/09/2025","SEAFORD RISE","CITY OF ONKAPARINGA",2,1,0,0,1,2024,"August","Tuesday","03:05 pm",50,"Sealed","Wet","Raining","Daylight","Hit Pedestrian",2,,,1317163.8,1640667.23
"2024-58535-19/09/2025","MITCHAM","CC MITCHAM.",2,1,0,0,1,2024,"August","Friday","04:18 pm",60,"Sealed","Dry","Not Raining","Daylight","Hit Object on Road",1,,,1330466.99,1663871.25
"2024-58539-19/09/2025","PORT ADELAIDE","CITY OF PORT ADELAIDE ENFIELD",3,1,0,0,1,2024,"August","Friday","04:44 pm",50,"Sealed","Dry","Not Raining","Daylight","Rear End",1,,,1320263.01,1679774.47