"REPORT_ID","Suburb","LGA Name","Total Units","Total Cas","Total Fats","Total SI","Total MI","Year","Month","Day","Time","Area Speed","Road Surface","Moisture Cond","Weather Cond","DayNight","Crash Type","Unit Resp","DUI Involved","Drugs Involved","ACCLOC_X","ACCLOC_Y"
"2024-58545-19/09/2025","WINDSOR GARDENS","CITY OF PORT ADELAIDE ENFIELD",3,1,0,0,1,2024,"August","Friday","08:00 am",60,"Sealed","Dry","Not Raining","Daylight","Rear End",1,,,1333144.67,1677505.72
"2024-58548-19/09/2025","MODBURY NORTH","CITY OF TEA TREE GULLY",2,1,0,0,1,2024,"August","Friday","07:20 pm",60,"Sealed","Dry","Not Raining","Night","Right Turn",2,,,1336150.87,1681195.09
"2024-58549-19/09/2025","FERRYDEN PARK","CITY OF PORT ADELAIDE ENFIELD",2,1,0,0,1,2024,"August","Friday","08:25 pm",60,"Sealed","Dry","Not Raining","Night","Right Angle",2,,,1325464.53,1677875.59
"2024-58550-19/09/2025","ADELAIDE","CITY OF ADELAIDE",2,1,0,1,0,2024,"August","Friday","11:37 pm",50,"Sealed","Dry","Not Raining","Night","Right Angle",2,"Y",,1328456.65,1670979.49
"2024-58554-19/09/2025","NORTH HAVEN","CITY OF PORT ADELAIDE ENFIELD",2,1,0,0,1,2024,"August","Saturday","08:55 am",60,"Sealed","Dry","Not Raining","Daylight","Side Swipe",1,,,1319082.38,1685274.98
"2024-58566-19/09/2025","GILLMAN","CITY OF PORT ADELAIDE ENFIELD",1,1,0,0,1,2024,"August","Saturday","03:00 pm",50,"Sealed","Dry","Not Raining","Daylight","Roll Over",1,,,1322181.5,1682799.7
"2024-58567-19/09/2025","O'HALLORAN HILL","CC MARION.",2,2,0,1,1,2024,"August","Saturday","04:04 pm",60,"Sealed","Dry","Not Raining","Daylight","Hit Parked Vehicle",1,,,1323137.27,1654224.6
"2024-58574-19/09/2025","PAYNEHAM","CC OF NORWOOD,PAYNEHAM & ST PETERS",3,2,0,1,1,2024,"August","Saturday","06:57 pm",50,"Sealed","Dry","Not Raining","Night","Hit Fixed Object",1,,,1331790.61,1673083.16
"2024-58577-19/09/2025","SELLICKS HILL","CITY OF ONKAPARINGA",2,1,0,1,0,2024,"August","Saturday","07:45 pm",80,"Sealed","Dry","Not Raining","Night","Hit Fixed Object",1,,,1315613.6,1627382.26
"2024-58581-19/09/2025","ONE TREE HILL","CITY OF PLAYFORD.",1,1,0,1,0,2024,"August","Saturday","09:30 pm",80,"Sealed","Dry","Not Raining","Night","Roll Over",1,"Y",,1344351.13,1695243.81
"2024-58582-19/09/2025","ST AGNES","CITY OF TEA TREE GULLY",2,2,0,0,2,2024,"August","Saturday","08:10 pm",60,"Sealed","Dry","Not Raining","Night","Hit Fixed Object",1,,,1339213.57,1681869.87
"2024-58585-19/09/2025","LOWER LIGHT","DC MALLALA.",2,1,0,0,1,2024,"August","Sunday","05:45 am",110,"Sealed","Dry","Not Raining","Night","Hit Fixed Object",1,,,1312065.4,1718246.64
"2024-58587-19/09/2025","NANGKITA","ALEXANDRINA COUNCIL",2,1,0,0,1,2024,"August","Saturday","12:30 pm",100,"Sealed","Dry","Not Raining","Daylight","Rear End",2,,,1332251.14,1625189.35
"2024-58588-19/09/2025","GAWLER BELT","LIGHT REGIONAL COUNCIL",2,1,0,1,0,2024,"August","Sunday","10:30 am",60,"Sealed","Dry","Not Raining","Daylight","Hit Fixed Object",1,,,1342275.5,1708756.88
"2024-58595-19/09/2025","PARAFIELD GARDENS","CITY OF SALISBURY",2,2,0,0,2,2024,"August","Sunday","12:50 pm",60,"Sealed","Dry","Not Raining","Daylight","Right Angle",2,,,1329053.39,1685667.81
"2024-58612-19/09/2025","GIDGEALPA",,1,1,0,0,1,2024,"March","Wednesday","12:30 pm",100,"Unsealed","Dry","Not Raining","Daylight","Roll Over",1,,,1511788.97,2409721.27
"2024-58614-19/09/2025","KLEMZIG","CITY OF PORT ADELAIDE ENFIELD",2,1,0,0,1,2024,"August","Monday","09:49 am",60,"Sealed","Dry","Not Raining","Daylight","Hit Pedestrian",2,,,1331866.6,1675764.01
"2024-58617-19/09/2025","ADELAIDE","CITY OF ADELAIDE",2,1,0,0,1,2024,"August","Friday","03:30 pm",50,"Sealed","Dry","Not Raining","Daylight","Right Turn",1,,,1327623.13,1670323.07
"2024-58623-19/09/2025","MELROSE PARK","CC MITCHAM.",2,1,0,0,1,2024,"August","Monday","01:45 pm",60,"Sealed","Dry","Not Raining","Daylight","Right Angle",2,,,1325907.02,1664948.22
"2024-58626-19/09/2025","PROSPECT","CITY OF PROSPECT",2,1,0,1,0,2024,"August","Monday","03:15 pm",60,"Sealed","Dry","Not Raining","Daylight","Hit Pedestrian",2,,,1327248.37,1675876.54
"2024-58628-19/09/2025","ST AGNES","CITY OF TEA TREE GULLY",2,1,0,0,1,2024,"August","Monday","04:40 pm",60,"Sealed","Dry","Not Raining","Daylight","Right Angle",2,,,1339400.16,1681890.41
"2024-58638-19/09/2025","DAVOREN PARK","CITY OF PLAYFORD.",2,1,0,1,0,2024,"August","Monday","09:52 pm",60,"Sealed","Dry","Not Raining","Night","Hit Fixed Object",1,,,1335351.22,1695600.54
"2024-58639-19/09/2025","PENFIELD","CITY OF PLAYFORD.",2,1,0,0,1,2024,"August","Tuesday","08:10 am",80,"Sealed","Dry","Not Raining","Daylight","Right Angle",1,,,1332118.06,1697107.63
"2024-58641-19/09/2025","ANGLE VALE","CITY OF PLAYFORD.",2,1,0,0,1,2024,"August","Monday","09:20 pm",50,"Sealed","Dry","Not Raining","Night","Hit Fixed Object",1,,,1336383.98,1704018.5
"2024-58643-19/09/2025","POORAKA","CITY OF SALISBURY",2,1,0,0,1,2024,"August","Tuesday","09:50 am",70,"Sealed","Dry","Not Raining","Daylight","Hit Pedestrian",2,,,1330204.86,1681478.86
"2024-58646-19/09/2025","SMITHFIELD PLAINS","CITY OF PLAYFORD.",2,1,0,0,1,2024,"August","Monday","06:00 pm",60,"Sealed","Dry","Not Raining","Night","Hit Pedestrian",1,,,1337118.5,1698284.65
"2024-58648-19/09/2025","RENMARK","DC RENMARK PARINGA",2,1,0,0,1,2024,"August","Tuesday","08:35 am",60,"Sealed","Dry","Not Raining","Daylight","Side Swipe",1,,,1528054.89,1744846.56
"2024-58649-19/09/2025","BROADVIEW","CITY OF PORT ADELAIDE ENFIELD",2,1,0,0,1,2024,"August","Monday","09:00 pm",60,"Sealed","Dry","Not Raining","Night","Rear End",2,,,1329763.01,1676456.05
"2024-58651-19/09/2025","MYRTLE BANK","CITY OF UNLEY",2,1,0,0,1,2024,"August","Monday","03:07 pm",60,"Sealed","Dry","Not Raining","Daylight","Hit Pedestrian",1,,,1330740.33,1667146.25
"2024-58652-19/09/2025","OTTOWAY","CITY OF PORT ADELAIDE ENFIELD",2,1,0,0,1,2024,"August","Tuesday","03:05 pm",60,"Sealed","Dry","Not Raining","Daylight","Right Angle",2,,,1323020.87,1679141.2
"2024-58653-19/09/2025","GLENELG","CITY OF HOLDFAST BAY",2,1,0,0,1,2024,"August","Tuesday","03:35 pm",50,"Sealed","Dry","Not Raining","Daylight","Hit Pedestrian",2,,,1320302.48,1665271.15
"2024-58655-19/09/2025","ROSTREVOR","CC CAMPBELLTOWN.",2,1,0,0,1,2024,"August","Tuesday","03:25 pm",50,"Sealed","Dry","Not Raining","Daylight","Right Angle",2,,,1336821.64,1674392.39
"2024-58657-19/09/2025","NOARLUNGA CENTRE","CITY OF ONKAPARINGA",2,1,0,0,1,2024,"August","Tuesday","04:10 pm",60,"Sealed","Dry","Not Raining","Daylight","Right Angle",1,,,1317371.84,1646967.34
"2024-58665-19/09/2025","STRATHALBYN","ALEXANDRINA COUNCIL",2,1,0,0,1,2024,"August","Tuesday","01:00 pm",50,"Sealed","Dry","Not Raining","Daylight","Rear End",2,,,1353800.89,1633054
"2024-58666-19/09/2025","MORPHETT VALE","CITY OF ONKAPARINGA",4,1,0,0,1,2024,"August","Tuesday","05:00 pm",60,"Sealed","Dry","Not Raining","Daylight","Rear End",2,,,1319641.98,1648656.7
"2024-58675-19/09/2025","COMPTON","DISTRICT COUNCIL OF GRANT",2,1,0,0,1,2024,"August","Wednesday","01:00 am",80,"Sealed","Wet","Raining","Night","Hit Fixed Object",1,,,1504622.98,1341373.19
"2024-58678-19/09/2025","ADELAIDE","CITY OF ADELAIDE",2,1,0,0,1,2024,"February","Monday","03:40 pm",50,"Sealed","Dry","Not Raining","Daylight","Rear End",2,,,1328475.2,1670187.2
"2024-58687-19/09/2025","DRY CREEK","CITY OF SALISBURY",2,1,0,0,1,2024,"August","Wednesday","10:15 am",110,"Sealed","Dry","Not Raining","Daylight","Rear End",2,,,1325418.41,1682292.79
"2024-58699-19/09/2025","HAWTHORN","CC MITCHAM.",2,1,0,0,1,2024,"August","Wednesday","03:44 pm",40,"Sealed","Dry","Not Raining","Daylight","Right Angle",1,,,1328588.24,1665330.79
"2024-58701-19/09/2025","CADELL","MID MURRAY DISTRICT COUNCIL",2,2,0,0,2,2024,"August","Wednesday","02:05 pm",100,"Sealed","Dry","Not Raining","Daylight","Hit Animal",2,,,1432834.97,1765041.67
"2024-58703-19/09/2025","ETADUNNA",,1,1,0,1,0,2024,"August","Wednesday","11:00 am",100,"Unsealed","Dry","Not Raining","Daylight","Roll Over",1,,,1350912.68,2353432.88
"2024-58708-19/09/2025","STURT","CC MARION.",2,2,0,0,2,2024,"August","Wednesday","06:24 pm",60,"Sealed","Dry","Not Raining","Night","Right Turn",2,,,1324428.84,1659884.95
"2024-58713-19/09/2025","TROTT PARK","CC MARION.",2,1,0,0,1,2024,"August","Wednesday","09:32 pm",70,"Sealed","Dry","Not Raining","Night","Right Angle",2,,,1322901.04,1656579.37
"2024-58716-19/09/2025","MYPONGA","DC YANKALILLA.",2,1,1,0,0,2024,"August","Wednesday","10:41 pm",100,"Sealed","Dry","Not Raining","Night","Hit Fixed Object",1,,,1316707.85,1621744.09
"2024-58717-19/09/2025","DAW PARK","CC MITCHAM.",5,2,0,0,2,2024,"August","Thursday","12:21 am",60,"Sealed","Dry","Not Raining","Night","Hit Fixed Object",1,,,1327555.18,1664892.47
"2024-58718-19/09/2025","HINDMARSH","CITY OF CHARLES STURT",2,1,0,0,1,2024,"August","Thursday","07:40 am",60,"Sealed","Dry","Not Raining","Daylight","Right Angle",1,,,1326145.71,1672884.14
"2024-58722-19/09/2025","PORT PIRIE SOUTH","PT.PIRIE CITY & DIST. COUNCIL",2,1,0,1,0,2024,"August","Thursday","09:30 am",60,"Sealed","Dry","Not Raining","Daylight","Right Angle",1,,,1280675.57,1864053.39
"2024-58725-19/09/2025","WILLUNGA","CITY OF ONKAPARINGA",3,2,0,1,1,2024,"August","Thursday","09:55 am",80,"Sealed","Dry","Not Raining","Daylight","Right Angle",2,,,1322995.39,1634839.77
"2024-58727-19/09/2025","PETERHEAD","CITY OF PORT ADELAIDE ENFIELD",2,1,0,0,1,2024,"August","Thursday","08:10 am",60,"Sealed","Dry","Not Raining","Daylight","Rear End",2,,,1319793.22,1681681.05
"2024-58730-19/09/2025","POORAKA","CITY OF SALISBURY",2,2,0,0,2,2024,"August","Thursday","10:20 am",50,"Sealed","Dry","Not Raining","Daylight","Right Angle",1,,,1330311.31,1681020.94
"2024-58731-19/09/2025","COLONEL LIGHT GARDENS","CC MITCHAM.",2,1,0,0,1,2024,"August","Thursday","08:25 am",50,"Sealed","Dry","Not Raining","Daylight","Right Angle",2,,,1327813.74,1664200.45
"2024-58734-19/09/2025","YANKALILLA","DC YANKALILLA.",2,1,0,0,1,2024,"August","Thursday","11:57 am",50,"Sealed","Dry","Not Raining","Daylight","Hit Fixed Object",1,,,1302553.08,1612828.13
"2024-58735-19/09/2025","SALISBURY NORTH","CITY OF SALISBURY",2,1,0,0,1,2024,"August","Thursday","12:10 pm",40,"Sealed","Dry","Not Raining","Daylight","Hit Pedestrian",1,,,1331119.22,1690164.5
"2024-58737-19/09/2025","ST AGNES","CITY OF TEA TREE GULLY",2,1,0,1,0,2024,"August","Thursday","02:00 pm",60,"Sealed","Dry","Not Raining","Daylight","Hit Fixed Object",1,,,1338584.03,1681287.55
"2024-58738-19/09/2025","ELIZABETH","CITY OF PLAYFORD.",2,1,0,0,1,2024,"August","Thursday","02:25 pm",80,"Sealed","Dry","Not Raining","Daylight","Rear End",2,,,1335951.56,1693167.91
"2024-58739-19/09/2025","MACCLESFIELD","DC MT.BARKER.",2,1,0,0,1,2024,"August","Wednesday","08:40 pm",80,"Sealed","Dry","Not Raining","Night","Hit Fixed Object",1,,,1349627.91,1643982.87
"2024-58742-19/09/2025","MURRAY BRIDGE","RC MURRAY BRIDGE.",2,1,0,0,1,2024,"August","Thursday","03:15 pm",50,"Sealed","Dry","Not Raining","Daylight","Rear End",2,,,1388146.66,1646498.31
"2024-58745-19/09/2025","MYRTLE BANK","CITY OF UNLEY",2,1,0,1,0,2024,"August","Thursday","04:20 pm",60,"Sealed","Dry","Not Raining","Daylight","Hit Pedestrian",2,"Y",,1330741.5,1667112.9
"2024-58749-19/09/2025","BLAIR ATHOL","CITY OF PORT ADELAIDE ENFIELD",2,1,0,0,1,2024,"August","Thursday","05:31 pm",60,"Sealed","Dry","Not Raining","Daylight","Right Turn",2,,,1328805.81,1678802.93
"2024-58750-19/09/2025","BLEWITT SPRINGS","CITY OF ONKAPARINGA",4,1,1,0,0,2024,"August","Thursday","03:31 pm",80,"Sealed","Dry","Not Raining","Daylight","Hit Animal",2,,,1327841.49,1645820.55
"2024-58751-19/09/2025","DARLINGTON","CITY OF ONKAPARINGA",2,2,0,0,2,2024,"July","Tuesday","05:00 pm",70,"Sealed","Dry","Not Raining","Daylight","Rear End",2,,,1324237.62,1659433.28
"2024-58752-19/09/2025","THEVENARD","DC CEDUNA",3,1,0,1,0,2024,"August","Thursday","04:33 pm",60,"Sealed","Dry","Not Raining","Daylight","Hit Pedestrian",1,,,873232.22,1983109.42
"2024-58753-19/09/2025","KENT TOWN","CC OF NORWOOD,PAYNEHAM & ST PETERS",2,1,0,0,1,2024,"August","Wednesday","09:00 am",60,"Sealed","Dry","Not Raining","Daylight","Side Swipe",2,,,1330236.06,1670690.4
"2024-58755-19/09/2025","PORT LINCOLN","CC PT.LINCOLN.",2,1,0,1,0,2024,"August","Thursday","05:29 pm",40,"Sealed","Dry","Not Raining","Daylight","Hit Pedestrian",2,,,1078321.42,1698787.81
"2024-58759-19/09/2025","MORGAN","MID MURRAY DISTRICT COUNCIL",2,1,0,1,0,2024,"August","Thursday","08:30 pm",100,"Sealed","Dry","Not Raining","Night","Hit Fixed Object",1,"Y",,1428893.74,1759864.15
"2024-58760-19/09/2025","SCHELL WELL","LOXTON WAIKERIE DISTRICT COUNCIL",2,2,0,1,1,2024,"August","Thursday","08:05 pm",100,"Sealed","Dry","Not Raining","Night","Roll Over",1,"Y","Y",1499707.3,1672592.35
"2024-58765-19/09/2025","FINNISS","ALEXANDRINA COUNCIL",3,2,0,1,1,2024,"August","Friday","08:24 am",100,"Sealed","Dry","Not Raining","Daylight","Head On",2,,"Y",1346878.61,1621123.9
"2024-58769-19/09/2025","HOSKIN CORNER","WAKEFIELD REGIONAL COUNCIL",2,1,0,0,1,2024,"August","Friday","08:10 am",100,"Sealed","Dry","Not Raining","Daylight","Head On",1,,,1319060.1,1751196.91
"2024-58774-19/09/2025","GAWLER EAST","CT GAWLER.",2,2,0,0,2,2024,"August","Friday","12:10 pm",50,"Sealed","Dry","Not Raining","Daylight","Hit Parked Vehicle",1,,,1344178.24,1706934.46
"2024-58785-19/09/2025","MONTACUTE","THE ADELAIDE HILLS COUNCIL",2,1,0,1,0,2024,"August","Thursday","03:30 pm",80,"Sealed","Wet","Raining","Daylight","Roll Over",1,,,1342229.16,1674371.02
"2024-58788-19/09/2025","AUSTRALIA PLAINS","REGIONAL COUNCIL OF GOYDER",4,1,0,0,1,2024,"August","Friday","04:12 pm",100,"Unsealed","Dry","Not Raining","Daylight","Hit Animal",2,,,1381196.57,1759381.34
"2024-58796-19/09/2025","MANSFIELD PARK","CITY OF PORT ADELAIDE ENFIELD",2,1,0,1,0,2024,"August","Friday","08:24 pm",50,"Sealed","Dry","Not Raining","Night","Hit Fixed Object",1,,,1324142.71,1678246.26
"2024-58800-19/09/2025","MOUNT EBA",,1,2,0,2,0,2024,"August","Friday","08:00 pm",110,"Unsealed","Dry","Not Raining","Night","Roll Over",1,,,1025564.19,2193466.16
"2024-58801-19/09/2025","KORUNYE","DC MALLALA.",2,1,0,1,0,2024,"August","Saturday","03:34 am",100,"Sealed","Dry","Not Raining","Night","Hit Fixed Object",1,,,1321795.72,1717785.36
"2024-58803-19/09/2025","HOPE VALLEY","CITY OF TEA TREE GULLY",2,1,0,0,1,2024,"August","Friday","11:00 pm",60,"Sealed","Dry","Not Raining","Night","Hit Fixed Object",1,,,1337534.77,1679486.82
"2024-58813-19/09/2025","NEWTON","CC CAMPBELLTOWN.",2,2,0,0,2,2024,"August","Saturday","12:15 pm",60,"Sealed","Dry","Not Raining","Daylight","Side Swipe",1,,,1336631.32,1674586.01
"2024-58814-19/09/2025","EDWARDSTOWN","CC MARION.",2,1,0,0,1,2024,"August","Friday","06:10 pm",50,"Sealed","Dry","Not Raining","Night","Right Angle",2,,,1325695.06,1664278.01
"2024-58817-19/09/2025","VALLEY VIEW","CITY OF TEA TREE GULLY",2,1,0,0,1,2024,"August","Thursday","06:30 pm",60,"Sealed","Dry","Not Raining","Night","Rear End",2,,,1335285.41,1679409.95
"2024-58824-19/09/2025","ATHELSTONE","CC CAMPBELLTOWN.",2,1,0,0,1,2024,"August","Saturday","04:10 pm",60,"Sealed","Dry","Not Raining","Daylight","Rear End",2,,,1337831.47,1675490.51
"2024-58825-19/09/2025","ADELAIDE","CITY OF ADELAIDE",2,1,0,0,1,2024,"August","Saturday","09:39 am",50,"Sealed","Dry","Not Raining","Daylight","Right Angle",2,,,1329051.95,1669739.69
"2024-58826-19/09/2025","POINT SOUTTAR","YORKE PENINSULA COUNCIL",2,1,0,0,1,2024,"August","Saturday","02:40 pm",100,"Unsealed","Dry","Not Raining","Daylight","Hit Fixed Object",1,,,1204769.23,1675602.83
"2024-58829-19/09/2025","SOUTH PLYMPTON","CC MARION.",2,3,0,0,3,2024,"August","Saturday","06:05 pm",60,"Sealed","Dry","Not Raining","Night","Right Turn",2,,,1324280.93,1665104.48
"2024-58830-19/09/2025","GAWLER BELT","LIGHT REGIONAL COUNCIL",8,4,0,4,0,2024,"August","Saturday","04:10 pm",100,"Sealed","Dry","Not Raining","Daylight","Hit Parked Vehicle",1,,,1343585.85,1710427.2
"2024-58832-19/09/2025","TWO WELLS","DC MALLALA.",2,2,0,1,1,2024,"August","Saturday","08:52 pm",100,"Sealed","Dry","Not Raining","Night","Rear End",1,"Y",,1324365.97,1704125.96
"2024-58838-19/09/2025","GEPPS CROSS","CITY OF PORT ADELAIDE ENFIELD",2,1,0,0,1,2024,"September","Sunday","08:25 am",60,"Sealed","Dry","Not Raining","Daylight","Right Angle",2,,,1328796.23,1679265.08
"2024-58841-19/09/2025","CAMPBELLTOWN","CC CAMPBELLTOWN.",3,1,0,0,1,2024,"August","Saturday","02:05 pm",60,"Sealed","Dry","Not Raining","Daylight","Rear End",1,,,1334468.27,1675734.19
"2024-58842-19/09/2025","BELALIE EAST","NORTHERN AREAS DISTRICT COUNCIL",2,5,0,3,2,2024,"September","Sunday","10:30 am",110,"Sealed","Dry","Not Raining","Daylight","Right Angle",2,,"Y",1343072.35,1856973.51
"2024-58843-19/09/2025","EXETER","CITY OF PORT ADELAIDE ENFIELD",2,2,0,0,2,2024,"September","Sunday","11:51 am",60,"Sealed","Dry","Not Raining","Daylight","Right Turn",2,,,1319005.86,1680428.29
"2024-58854-19/09/2025","WOODVILLE NORTH","CITY OF CHARLES STURT",3,1,0,0,1,2024,"September","Sunday","08:04 pm",50,"Sealed","Dry","Not Raining","Night","Hit Parked Vehicle",1,"Y",,1323879.36,1677088.21
"2024-58865-19/09/2025","LEABROOK","CITY OF BURNSIDE",3,1,0,0,1,2024,"September","Monday","08:00 am",60,"Sealed","Dry","Not Raining","Daylight","Rear End",2,,,1333900.52,1670417.15
"2024-58867-19/09/2025","CAMPBELLTOWN","CC CAMPBELLTOWN.",2,1,0,0,1,2024,"September","Monday","12:30 pm",50,"Sealed","Dry","Not Raining","Daylight","Hit Fixed Object",1,,,1334582.81,1675429.72
"2024-58868-19/09/2025","TOORAK GARDENS","CITY OF BURNSIDE",2,1,0,0,1,2024,"July","Thursday","01:00 pm",50,"Sealed","Dry","Not Raining","Daylight","Right Angle",2,,,1331882.87,1670104.95
"2024-58873-19/09/2025","RENOWN PARK","CITY OF CHARLES STURT",2,2,0,0,2,2024,"September","Monday","03:50 pm",60,"Sealed","Dry","Not Raining","Daylight","Rear End",1,,,1326926.25,1674100.36
"2024-58875-19/09/2025","PROSPECT","CITY OF PROSPECT",3,1,0,0,1,2024,"September","Monday","04:01 pm",60,"Sealed","Dry","Not Raining","Daylight","Hit Parked Vehicle",1,,,1328884.58,1676033.45
"2024-58887-19/09/2025","GOODWOOD","CITY OF UNLEY",2,1,0,0,1,2024,"September","Monday","07:30 pm",50,"Sealed","Dry","Not Raining","Night","Right Angle",1,,,1327461.02,1667778.18
"2024-58888-19/09/2025","MACDONALD PARK","CITY OF PLAYFORD.",2,1,0,1,0,2024,"September","Monday","07:20 pm",110,"Sealed","Dry","Not Raining","Night","Hit Pedestrian",2,,,1332448.13,1697642.9
"2024-58891-19/09/2025","SOUTH PLYMPTON","CC MARION.",2,1,0,0,1,2024,"September","Tuesday","02:44 am",50,"Sealed","Dry","Not Raining","Night","Hit Parked Vehicle",1,,"Y",1325079.13,1665324.98
"2024-58894-19/09/2025","WOODCROFT","CITY OF ONKAPARINGA",3,1,0,0,1,2024,"September","Tuesday","07:10 am",80,"Sealed","Dry","Not Raining","Daylight","Right Angle",1,,,1323018.96,1652240.77
"2024-58895-19/09/2025","WATERLOO CORNER","CITY OF SALISBURY",4,1,0,0,1,2024,"September","Tuesday","07:53 am",70,"Sealed","Dry","Not Raining","Daylight","Rear End",1,,,1327645.93,1692118.06
"2024-58899-19/09/2025","ROSE PARK","CITY OF BURNSIDE",2,1,0,0,1,2024,"September","Tuesday","09:24 am",50,"Sealed","Dry","Not Raining","Daylight","Right Angle",2,,,1331342.44,1669764.15
"2024-58900-19/09/2025","ROSE PARK","CITY OF BURNSIDE",3,1,0,0,1,2024,"September","Tuesday","09:25 am",60,"Sealed","Dry","Not Raining","Daylight","Rear End",1,,,1330650.61,1669942.7
"2024-58905-19/09/2025","WALKLEY HEIGHTS","CITY OF SALISBURY",2,1,0,0,1,2024,"August","Thursday","04:25 pm",60,"Sealed","Dry","Not Raining","Daylight","Right Turn",2,,,1331357.54,1680621.01
"2024-58911-19/09/2025","UNLEY PARK","CITY OF UNLEY",2,1,0,0,1,2024,"September","Tuesday","01:57 pm",60,"Sealed","Dry","Not Raining","Daylight","Right Angle",2,,,1329123.73,1666838.58
"2024-58913-19/09/2025","KENSINGTON PARK","CITY OF BURNSIDE",2,3,0,0,3,2024,"September","Tuesday","03:53 pm",60,"Sealed","Dry","Not Raining","Daylight","Right Angle",1,,,1333889.74,1670787.76
"2024-58914-19/09/2025","SEATON","CITY OF CHARLES STURT",2,1,0,0,1,2024,"August","Tuesday","08:25 am",60,"Sealed","Dry","Not Raining","Daylight","Rear End",2,,,1319915.03,1674687.47
"2024-58928-19/09/2025","KENT TOWN","CC OF NORWOOD,PAYNEHAM & ST PETERS",1,1,0,0,1,2024,"September","Wednesday","07:50 am",50,"Sealed","Dry","Not Raining","Daylight","Roll Over",9,,,1330235.81,1671221.86
"2024-58929-19/09/2025","HAHNDORF","DC MT.BARKER.",2,1,0,0,1,2024,"September","Wednesday","07:30 am",110,"Sealed","Dry","Not Raining","Daylight","Side Swipe",1,,"Y",1346162.35,1658798.54
"2024-58930-19/09/2025","TAPEROO","CITY OF PORT ADELAIDE ENFIELD",2,1,0,0,1,2024,"September","Wednesday","08:06 am",60,"Sealed","Dry","Not Raining","Daylight","Right Angle",2,,,1319893.71,1683541.99
"2024-58931-19/09/2025","OTTOWAY","CITY OF PORT ADELAIDE ENFIELD",2,1,0,0,1,2024,"September","Wednesday","07:40 am",60,"Sealed","Dry","Not Raining","Daylight","Right Angle",2,,,1322653.95,1679798.36
"2024-58933-19/09/2025","LEABROOK","CITY OF BURNSIDE",2,1,0,0,1,2024,"September","Wednesday","07:48 am",60,"Sealed","Dry","Not Raining","Daylight","Right Turn",2,,,1333899.19,1670462.72
"2024-58937-19/09/2025","THORNGATE","CITY OF PROSPECT",2,1,0,1,0,2024,"September","Wednesday","10:20 am",60,"Sealed","Dry","Not Raining","Daylight","Rear End",2,,,1328116.31,1673675.73
"2024-58939-19/09/2025","SALISBURY DOWNS","CITY OF SALISBURY",2,1,0,0,1,2024,"September","Wednesday","09:40 am",60,"Sealed","Dry","Not Raining","Daylight","Right Angle",1,,,1332167.06,1687734.92
"2024-58940-19/09/2025","WOODVILLE NORTH","CITY OF CHARLES STURT",2,1,0,0,1,2024,"September","Wednesday","11:00 am",60,"Sealed","Dry","Not Raining","Daylight","Right Angle",1,,,1323944.81,1677840.39
"2024-58943-19/09/2025","WATERLOO CORNER","CITY OF SALISBURY",2,1,0,0,1,2024,"August","Thursday","08:00 pm",90,"Sealed","Dry","Not Raining","Night","Rear End",2,,,1327624.24,1692113.17
"2024-58947-19/09/2025","CLIFTON HILLS STATION",,1,1,0,1,0,2024,"September","Tuesday","11:10 am",100,"Unsealed","Dry","Not Raining","Daylight","Roll Over",1,,,1460673.79,2586162.25
"2024-58950-19/09/2025","BARMERA","THE BERRI BARMERA COUNCIL",2,2,0,0,2,2024,"September","Wednesday","03:00 pm",100,"Sealed","Dry","Not Raining","Daylight","Hit Fixed Object",1,"Y",,1502979.75,1740896.71
"2024-58952-19/09/2025","GLENGOWRIE","CC MARION.",2,1,0,0,1,2024,"September","Wednesday","03:20 pm",60,"Sealed","Dry","Not Raining","Daylight","Rear End",1,,,1322640.32,1665237.17
"2024-58953-19/09/2025","BON BON",,1,1,0,1,0,2024,"September","Wednesday","07:00 am",110,"Sealed","Dry","Not Raining","Daylight","Roll Over",1,,,1036118.87,2157610.73
"2024-58954-19/09/2025","ELIZABETH NORTH","CITY OF PLAYFORD.",2,1,0,0,1,2024,"September","Wednesday","04:40 pm",60,"Sealed","Dry","Not Raining","Daylight","Right Turn",1,,,1336972.07,1695458.34
"2024-58955-19/09/2025","SALISBURY PLAIN","CITY OF SALISBURY",2,1,0,0,1,2024,"September","Wednesday","05:00 pm",80,"Sealed","Dry","Not Raining","Daylight","Rear End",1,,,1335411.23,1688072.63
"2024-58957-19/09/2025","GEPPS CROSS","CITY OF PORT ADELAIDE ENFIELD",2,3,0,0,3,2024,"September","Wednesday","07:06 pm",70,"Sealed","Wet","Raining","Night","Right Angle",1,,,1329303.45,1680013.34
"2024-58963-19/09/2025","ADELAIDE","CITY OF ADELAIDE",2,1,0,0,1,2024,"September","Wednesday","09:45 pm",50,"Sealed","Wet","Raining","Night","Right Angle",2,,,1327546.59,1670795.98
"2024-58965-19/09/2025","EVANDALE","CC OF NORWOOD,PAYNEHAM & ST PETERS",1,1,0,1,0,2024,"September","Thursday","02:57 am",50,"Sealed","Dry","Not Raining","Night","Roll Over",1,,,1331896,1672831.57
"2024-58972-19/09/2025","MOUNT GAMBIER","CC MT.GAMBIER.",2,1,0,0,1,2024,"September","Wednesday","01:30 pm",50,"Sealed","Dry","Not Raining","Daylight","Rear End",1,,,1509554.9,1340453.69