"REPORT_ID","Suburb","LGA Name","Total Units","Total Cas","Total Fats","Total SI","Total MI","Year","Month","Day","Time","Area Speed","Road Surface","Moisture Cond","Weather Cond","DayNight","Crash Type","Unit Resp","DUI Involved","Drugs Involved","ACCLOC_X","ACCLOC_Y"
"2024-58973-19/09/2025","INGLE FARM","CITY OF SALISBURY",2,1,0,1,0,2024,"September","Thursday","09:27 am",60,"Sealed","Dry","Not Raining","Daylight","Right Angle",2,,,1333064.99,1681165.89
"2024-58974-19/09/2025","EASTWOOD","CITY OF BURNSIDE",2,1,0,0,1,2024,"September","Wednesday","11:00 am",60,"Sealed","Dry","Not Raining","Daylight","Rear End",2,,,1330686.35,1668843.29
"2024-58977-19/09/2025","GLENELG NORTH","CITY OF HOLDFAST BAY",2,2,0,0,2,2024,"September","Thursday","11:25 am",50,"Sealed","Dry","Not Raining","Daylight","Hit Fixed Object",1,,,1320649.63,1665727.55
"2024-58979-19/09/2025","HACKNEY","CC OF NORWOOD,PAYNEHAM & ST PETERS",2,2,0,0,2,2024,"September","Wednesday","05:10 pm",60,"Sealed","Dry","Not Raining","Daylight","Right Angle",2,,,1329759.05,1672157.19
"2024-58985-19/09/2025","ELIZABETH VALE","CITY OF PLAYFORD.",2,2,0,0,2,2024,"September","Thursday","02:50 pm",60,"Sealed","Dry","Not Raining","Daylight","Rear End",1,,,1335680.33,1690184.45
"2024-58987-19/09/2025","GOLDEN GROVE","CITY OF TEA TREE GULLY",2,1,0,0,1,2024,"September","Thursday","03:56 pm",80,"Sealed","Dry","Not Raining","Daylight","Rear End",1,,,1341892.49,1687258.01
"2024-58993-19/09/2025","ALDGATE","THE ADELAIDE HILLS COUNCIL",2,1,0,0,1,2024,"September","Thursday","04:10 pm",60,"Sealed","Dry","Not Raining","Daylight","Side Swipe",1,,,1341278.06,1660664.62
"2024-58995-19/09/2025","SALISBURY DOWNS","CITY OF SALISBURY",2,2,0,0,2,2024,"September","Thursday","05:45 pm",60,"Sealed","Dry","Not Raining","Daylight","Right Turn",1,,,1332167.06,1687734.92
"2024-58997-19/09/2025","PARAFIELD GARDENS","CITY OF SALISBURY",2,1,0,0,1,2024,"September","Thursday","06:30 pm",60,"Sealed","Dry","Not Raining","Night","Head On",1,"Y",,1329779.29,1686588.74
"2024-59000-19/09/2025","KESWICK TERMINAL","CITY OF WEST TORRENS",2,3,0,0,3,2024,"September","Thursday","06:30 pm",60,"Sealed","Dry","Not Raining","Night","Right Turn",1,,,1326431.79,1668967.8
"2024-59003-19/09/2025","GOLDEN GROVE","CITY OF TEA TREE GULLY",2,1,0,1,0,2024,"September","Thursday","08:38 pm",60,"Sealed","Dry","Not Raining","Night","Hit Fixed Object",1,,,1340563.37,1686946.55
"2024-59006-19/09/2025","SUMMERTOWN","THE ADELAIDE HILLS COUNCIL",2,2,0,2,0,2024,"September","Thursday","11:30 pm",50,"Sealed","Dry","Not Raining","Night","Hit Fixed Object",1,,,1340076.94,1667120.87
"2024-59009-19/09/2025","KADINA","COPPER COAST DISTRICT COUNCIL",2,1,0,0,1,2024,"September","Friday","08:50 am",50,"Sealed","Dry","Not Raining","Daylight","Right Angle",2,,,1250014.09,1779625.19
"2024-59011-19/09/2025","NORTH ADELAIDE","CITY OF ADELAIDE",2,1,0,0,1,2024,"September","Friday","09:00 am",50,"Sealed","Dry","Not Raining","Daylight","Right Turn",1,,,1329620.24,1672525.9
"2024-59012-19/09/2025","NORTH ADELAIDE","CITY OF ADELAIDE",2,1,0,0,1,2024,"September","Wednesday","08:35 am",50,"Sealed","Dry","Not Raining","Daylight","Right Turn",2,,,1327994.5,1672827.19
"2024-59013-19/09/2025","GILBERTON","WALKERVILLE TOWN COUNCIL",2,1,0,0,1,2024,"September","Friday","09:33 am",60,"Sealed","Wet","Not Raining","Daylight","Rear End",1,,,1329718.02,1672506.06
"2024-59027-19/09/2025","WYNN VALE","CITY OF TEA TREE GULLY",2,2,0,0,2,2024,"September","Thursday","04:20 pm",70,"Sealed","Dry","Not Raining","Daylight","Rear End",2,,,1336728.01,1684117.59
"2024-59035-19/09/2025","UNDERDALE","CITY OF WEST TORRENS",2,1,0,0,1,2024,"September","Friday","04:35 pm",60,"Sealed","Dry","Not Raining","Daylight","Right Turn",1,,,1323829.19,1671602.14
"2024-59046-19/09/2025","MOUNT GAMBIER","CC MT.GAMBIER.",2,1,0,0,1,2024,"September","Friday","08:55 pm",50,"Sealed","Dry","Not Raining","Night","Right Turn",1,,,1510634.56,1339951.5
"2024-59047-19/09/2025","KORUNYE","DC MALLALA.",3,1,0,1,0,2024,"September","Friday","07:25 pm",100,"Sealed","Wet","Unknown","Night","Hit Fixed Object",1,,,1321818.35,1713064.29
"2024-59052-19/09/2025","FINDON","CITY OF CHARLES STURT",2,2,0,0,2,2024,"September","Saturday","07:35 am",60,"Sealed","Dry","Not Raining","Daylight","Head On",2,,,1322294.03,1674724.73
"2024-59053-19/09/2025","MOUNT GAMBIER","CC MT.GAMBIER.",2,2,0,0,2,2024,"September","Friday","03:00 pm",50,"Sealed","Dry","Not Raining","Daylight","Side Swipe",2,,,1510318.89,1339917.76
"2024-59057-19/09/2025","ANGASTON","THE BAROSSA COUNCIL.",2,1,0,0,1,2024,"September","Saturday","08:55 am",100,"Sealed","Dry","Not Raining","Daylight","Hit Fixed Object",1,,"Y",1374093.79,1713464.97
"2024-59058-19/09/2025","COULTA","DC LOWER EYRE PENINSULA",2,2,0,0,2,2024,"September","Saturday","08:00 am",110,"Sealed","Dry","Not Raining","Daylight","Hit Fixed Object",1,,,1042446.44,1733098.97
"2024-59059-19/09/2025","KURRALTA PARK","CITY OF WEST TORRENS",4,1,0,0,1,2024,"September","Saturday","11:00 am",60,"Sealed","Dry","Not Raining","Daylight","Side Swipe",1,,,1325808.51,1668480.07
"2024-59062-19/09/2025","WEST BEACH","CITY OF WEST TORRENS",3,1,0,0,1,2024,"September","Saturday","11:40 am",60,"Sealed","Dry","Not Raining","Daylight","Rear End",1,,,1320922.34,1669076.17
"2024-59064-19/09/2025","STRATHALBYN","ALEXANDRINA COUNCIL",2,1,0,1,0,2024,"September","Thursday","12:00 pm",60,"Unsealed","Dry","Not Raining","Daylight","Hit Fixed Object",1,,,1350571.05,1634079.05
"2024-59066-19/09/2025","KESWICK TERMINAL","CITY OF WEST TORRENS",2,1,0,0,1,2024,"September","Saturday","01:34 pm",60,"Sealed","Dry","Not Raining","Daylight","Side Swipe",2,,,1326415.54,1669118.31
"2024-59067-19/09/2025","MCLAREN FLAT","CITY OF ONKAPARINGA",3,1,0,0,1,2024,"September","Saturday","01:00 pm",80,"Unsealed","Dry","Not Raining","Daylight","Hit Fixed Object",1,"Y","Y",1329491.25,1642201.82
"2024-59071-19/09/2025","MAGILL","CC CAMPBELLTOWN.",2,1,0,0,1,2024,"September","Friday","10:45 am",40,"Sealed","Wet","Raining","Daylight","Rear End",2,,,1335326.24,1671844.63
"2024-59078-19/09/2025","PARK HOLME","CC MARION.",2,1,0,0,1,2024,"September","Saturday","05:15 pm",60,"Sealed","Dry","Not Raining","Daylight","Hit Fixed Object",1,,,1324147.39,1663198.2
"2024-59079-19/09/2025","LEAWOOD GARDENS","CC MITCHAM.",1,1,0,0,1,2024,"September","Saturday","06:30 pm",60,"Sealed","Dry","Not Raining","Night","Roll Over",1,,,1334543.25,1665287.55
"2024-59082-19/09/2025","MARION","CC MARION.",2,1,0,1,0,2024,"September","Tuesday","07:00 am",60,"Sealed","Dry","Not Raining","Daylight","Side Swipe",2,,,1324366.05,1661874.49
"2024-59083-19/09/2025","BURTON","CITY OF SALISBURY",3,1,0,0,1,2024,"September","Saturday","08:11 pm",60,"Sealed","Dry","Not Raining","Night","Hit Fixed Object",1,"Y",,1329200.18,1690080.32
"2024-59086-19/09/2025","OB FLAT","DISTRICT COUNCIL OF GRANT",2,1,0,0,1,2024,"September","Saturday","10:00 pm",80,"Sealed","Wet","Raining","Night","Hit Fixed Object",1,,,1509487.03,1335478.32
"2024-59092-19/09/2025","KURRALTA PARK","CITY OF WEST TORRENS",2,1,0,0,1,2024,"September","Sunday","12:30 pm",60,"Sealed","Dry","Not Raining","Daylight","Right Turn",2,,,1325778.61,1667717.09
"2024-59093-19/09/2025","LOBETHAL","THE ADELAIDE HILLS COUNCIL",2,1,0,0,1,2024,"September","Sunday","12:30 pm",50,"Sealed","Dry","Not Raining","Daylight","Side Swipe",1,,,1353893.36,1672748.13
"2024-59097-19/09/2025","RENMARK","DC RENMARK PARINGA",2,1,0,0,1,2024,"September","Sunday","12:42 pm",50,"Sealed","Dry","Not Raining","Daylight","Right Angle",2,,,1529073.42,1745239.21
"2024-59105-19/09/2025","SALISBURY PARK","CITY OF SALISBURY",2,1,0,0,1,2024,"September","Sunday","01:30 pm",50,"Sealed","Dry","Not Raining","Daylight","Hit Parked Vehicle",2,,,1335061.46,1688783.98
"2024-59106-19/09/2025","MORPHETT VALE","CITY OF ONKAPARINGA",1,1,0,1,0,2024,"September","Sunday","02:10 pm",60,"Sealed","Dry","Not Raining","Daylight","Roll Over",1,"Y",,1321935.14,1649890.39
"2024-59115-19/09/2025","ASCOT PARK","CC MARION.",2,1,0,0,1,2024,"September","Monday","06:45 am",60,"Sealed","Wet","Raining","Daylight","Right Angle",1,,,1325080.9,1663300.91
"2024-59117-19/09/2025","PENFIELD GARDENS","CITY OF PLAYFORD.",3,1,0,0,1,2024,"September","Monday","06:44 am",110,"Sealed","Dry","Not Raining","Daylight","Hit Fixed Object",1,,,1331593.71,1697863.74
"2024-59121-19/09/2025","ELIZABETH PARK","CITY OF PLAYFORD.",3,1,0,0,1,2024,"September","Monday","08:00 am",60,"Sealed","Dry","Not Raining","Daylight","Right Angle",2,,,1337408.31,1694593.47
"2024-59131-19/09/2025","WAYVILLE","CITY OF UNLEY",3,1,0,0,1,2024,"September","Monday","10:37 am",40,"Sealed","Dry","Not Raining","Daylight","Side Swipe",2,,,1328345.71,1668543.04
"2024-59132-19/09/2025","SALISBURY","CITY OF SALISBURY",2,1,0,0,1,2024,"September","Monday","11:50 am",60,"Sealed","Dry","Not Raining","Daylight","Rear End",2,,,1332797.9,1688508.36
"2024-59134-19/09/2025","BRAHMA LODGE","CITY OF SALISBURY",2,1,0,0,1,2024,"September","Sunday","02:00 pm",60,"Sealed","Dry","Not Raining","Daylight","Right Angle",2,,,1334164.82,1687633.14
"2024-59135-19/09/2025","WASLEYS","LIGHT REGIONAL COUNCIL",2,1,0,0,1,2024,"September","Sunday","04:30 pm",60,"Sealed","Dry","Not Raining","Daylight","Rear End",2,,,1338302.24,1714218.46
"2024-59137-19/09/2025","BLINMAN",,1,1,0,0,1,2024,"August","Friday","08:50 am",90,"Sealed","Dry","Not Raining","Daylight","Left Road - Out of Control",1,,,1350914.43,2089524.51
"2024-59143-19/09/2025","TAPEROO","CITY OF PORT ADELAIDE ENFIELD",3,5,0,0,5,2024,"September","Monday","03:45 pm",60,"Unsealed","Dry","Not Raining","Daylight","Hit Fixed Object",1,,,1319488.43,1684029.62
"2024-59144-19/09/2025","NORTH ADELAIDE","CITY OF ADELAIDE",2,1,0,0,1,2024,"September","Monday","04:25 pm",50,"Sealed","Dry","Not Raining","Daylight","Hit Pedestrian",2,,,1328995.47,1672571.76
"2024-59145-19/09/2025","BLAIR ATHOL","CITY OF PORT ADELAIDE ENFIELD",2,1,0,0,1,2024,"September","Monday","04:28 pm",50,"Sealed","Dry","Not Raining","Daylight","Right Angle",2,,,1328195.3,1678099.13
"2024-59146-19/09/2025","KILBURN","CITY OF PORT ADELAIDE ENFIELD",3,3,0,0,3,2024,"September","Monday","06:27 pm",50,"Sealed","Dry","Not Raining","Night","Right Angle",1,"Y",,1328028.6,1678026.87
"2024-59148-19/09/2025","WALKLEY HEIGHTS","CITY OF PORT ADELAIDE ENFIELD",2,1,0,0,1,2024,"September","Monday","03:03 pm",70,"Sealed","Dry","Not Raining","Daylight","Rear End",2,,,1333300.24,1679346.95
"2024-59149-19/09/2025","HALLETT COVE","CC MARION.",4,2,0,0,2,2024,"September","Monday","07:20 pm",50,"Sealed","Dry","Not Raining","Night","Rear End",1,"Y",,1319243.74,1655395.28
"2024-59150-19/09/2025","ANGLE VALE","CITY OF PLAYFORD.",4,2,0,2,0,2024,"September","Monday","10:11 pm",110,"Sealed","Dry","Not Raining","Night","Head On",2,"Y","Y",1335605.09,1701613.35
"2024-59151-19/09/2025","MOUNT COMPASS","ALEXANDRINA COUNCIL",2,1,0,0,1,2024,"September","Monday","11:00 pm",100,"Sealed","Dry","Not Raining","Night","Hit Animal",2,,,1325557.29,1626452.99
"2024-59160-19/09/2025","CROYDON","CITY OF CHARLES STURT",3,1,0,0,1,2024,"September","Monday","08:23 am",40,"Sealed","Dry","Not Raining","Daylight","Rear End",2,,,1325734.91,1674313.74
"2024-59162-19/09/2025","KENSINGTON PARK","CITY OF BURNSIDE",3,1,0,0,1,2024,"September","Tuesday","11:41 am",60,"Sealed","Dry","Not Raining","Daylight","Right Turn",1,,,1333879.5,1671121.63
"2024-59163-19/09/2025","WOODVILLE NORTH","CITY OF CHARLES STURT",3,1,0,0,1,2024,"September","Tuesday","12:50 pm",60,"Sealed","Dry","Not Raining","Daylight","Rear End",1,,,1323851.29,1676527.58
"2024-59165-19/09/2025","PORT ELLIOT","ALEXANDRINA COUNCIL",2,1,0,0,1,2024,"September","Tuesday","11:15 am",50,"Sealed","Dry","Not Raining","Daylight","Right Angle",2,,,1333696.24,1603463.91
"2024-59166-19/09/2025","FLINDERS PARK","CITY OF CHARLES STURT",2,1,0,0,1,2024,"September","Tuesday","02:29 pm",60,"Sealed","Dry","Not Raining","Daylight","Right Angle",2,,,1322688.67,1673133.98
"2024-59169-19/09/2025","VERDUN","THE ADELAIDE HILLS COUNCIL",2,1,0,0,1,2024,"September","Tuesday","02:00 pm",80,"Sealed","Dry","Not Raining","Daylight","Right Angle",2,,,1345247.01,1659767.24
"2024-59171-19/09/2025","WOODVILLE PARK","CITY OF CHARLES STURT",3,1,0,0,1,2024,"September","Tuesday","03:30 pm",60,"Sealed","Dry","Not Raining","Daylight","Rear End",1,,,1324016,1675398.34
"2024-59172-19/09/2025","HIGHGATE","CITY OF UNLEY",2,1,0,0,1,2024,"September","Tuesday","03:26 pm",60,"Sealed","Dry","Not Raining","Daylight","Right Angle",1,,,1329959.61,1666271.06
"2024-59174-19/09/2025","WINDSOR GARDENS","CITY OF PORT ADELAIDE ENFIELD",2,1,0,0,1,2024,"September","Tuesday","04:43 pm",60,"Sealed","Dry","Not Raining","Daylight","Right Turn",2,,,1333302.14,1677653.52
"2024-59184-19/09/2025","WEST RICHMOND","CITY OF WEST TORRENS",2,1,0,0,1,2024,"September","Tuesday","05:05 pm",50,"Sealed","Dry","Not Raining","Daylight","Head On",2,,,1324043.65,1669160.19
"2024-59187-19/09/2025","NAILSWORTH","CITY OF PROSPECT",2,1,0,0,1,2024,"September","Tuesday","09:10 pm",60,"Sealed","Dry","Not Raining","Night","Hit Parked Vehicle",1,,,1329149.95,1675426.73
"2024-59189-19/09/2025","BEDFORD PARK","CC MITCHAM.",1,1,0,0,1,2024,"September","Wednesday","07:27 am",50,"Sealed","Dry","Not Raining","Daylight","Roll Over",1,,,1325172.53,1660394.58
"2024-59190-19/09/2025","PETWOOD","DC MT.BARKER.",2,1,0,0,1,2024,"September","Wednesday","06:55 am",100,"Unsealed","Dry","Not Raining","Daylight","Head On",1,,,1359915.7,1651116.45
"2024-59191-19/09/2025","TRINITY GARDENS","CC OF NORWOOD,PAYNEHAM & ST PETERS",2,1,0,0,1,2024,"September","Wednesday","08:35 am",60,"Sealed","Dry","Not Raining","Daylight","Right Turn",1,,,1332414.18,1671766.63
"2024-59196-19/09/2025","FULHAM GARDENS","CITY OF CHARLES STURT",2,1,0,0,1,2024,"September","Wednesday","09:10 am",60,"Sealed","Dry","Not Raining","Daylight","Right Turn",2,,,1320660.26,1672376.02
"2024-59198-19/09/2025","GLENUNGA","CITY OF BURNSIDE",2,1,0,0,1,2024,"September","Wednesday","09:50 am",50,"Sealed","Dry","Not Raining","Daylight","Hit Parked Vehicle",1,,,1331531.6,1668201.88
"2024-59200-19/09/2025","SALISBURY PLAIN","CITY OF SALISBURY",2,1,0,0,1,2024,"September","Wednesday","10:20 am",80,"Sealed","Dry","Not Raining","Daylight","Rear End",2,,,1335434.47,1688134.74
"2024-59209-19/09/2025","SALISBURY EAST","CITY OF SALISBURY",2,1,0,0,1,2024,"September","Wednesday","07:40 am",80,"Sealed","Dry","Not Raining","Daylight","Rear End",1,,,1333298.13,1685374.25
"2024-59211-19/09/2025","PAYNEHAM SOUTH","CC OF NORWOOD,PAYNEHAM & ST PETERS",2,1,0,0,1,2024,"September","Wednesday","03:36 pm",50,"Sealed","Dry","Not Raining","Daylight","Hit Parked Vehicle",2,,,1332286.24,1673205.37
"2024-59212-19/09/2025","PORT LINCOLN","CC PT.LINCOLN.",2,1,0,0,1,2024,"September","Wednesday","03:15 pm",50,"Sealed","Dry","Not Raining","Daylight","Right Angle",1,,,1078745.2,1698399.76
"2024-59216-19/09/2025","BELAIR","CC MITCHAM.",2,1,0,0,1,2024,"September","Wednesday","05:04 pm",60,"Sealed","Dry","Not Raining","Daylight","Right Angle",2,,,1330496.73,1662617.09
"2024-59220-19/09/2025","MALLALA","DC MALLALA.",2,1,0,0,1,2024,"September","Wednesday","06:00 pm",100,"Sealed","Dry","Not Raining","Daylight","Right Angle",1,,,1324305.54,1723542.45
"2024-59221-19/09/2025","EVANSTON PARK","CT GAWLER.",2,1,0,0,1,2024,"September","Wednesday","09:50 am",60,"Sealed","Dry","Not Raining","Daylight","Rear End",2,,,1342354.18,1703853.46
"2024-59223-19/09/2025","TAILEM BEND","COORONG DISTRICT COUNCIL",3,2,0,0,2,2024,"September","Wednesday","06:30 pm",50,"Sealed","Wet","Not Raining","Night","Hit Pedestrian",2,,,1404669.23,1631512.96
"2024-59233-19/09/2025","PORT PIRIE WEST","PT.PIRIE CITY & DIST. COUNCIL",2,1,0,0,1,2024,"September","Thursday","09:20 am",50,"Sealed","Dry","Not Raining","Daylight","Right Angle",2,,,1279491.38,1865421.92
"2024-59234-19/09/2025","FREWVILLE","CITY OF BURNSIDE",2,1,0,0,1,2024,"September","Thursday","09:29 am",50,"Sealed","Dry","Not Raining","Daylight","Hit Parked Vehicle",1,,,1331140.55,1668229.61
"2024-59238-19/09/2025","TRANMERE","CC CAMPBELLTOWN.",2,1,0,0,1,2024,"September","Thursday","06:10 am",50,"Sealed","Dry","Not Raining","Night","Hit Fixed Object",1,,,1333858.11,1673627.78
"2024-59239-19/09/2025","LINDEN PARK","CITY OF BURNSIDE",2,1,0,0,1,2024,"September","Wednesday","04:30 pm",60,"Sealed","Dry","Not Raining","Daylight","Rear End",2,,,1332348.51,1668122.26
"2024-59245-19/09/2025","SALISBURY DOWNS","CITY OF SALISBURY",2,1,0,0,1,2024,"September","Thursday","03:27 pm",60,"Sealed","Dry","Not Raining","Daylight","Right Angle",2,,"Y",1331221.27,1687000.32
"2024-59250-19/09/2025","RENMARK WEST","DC RENMARK PARINGA",2,1,0,0,1,2024,"September","Thursday","04:45 pm",80,"Sealed","Dry","Not Raining","Daylight","Right Angle",1,,,1525412.89,1747218.05
"2024-59254-19/09/2025","WOODVILLE SOUTH","CITY OF CHARLES STURT",2,1,0,1,0,2024,"September","Thursday","12:30 pm",60,"Sealed","Dry","Not Raining","Daylight","Right Angle",2,,,1323024.53,1675577.53
"2024-59256-19/09/2025","SEATON","CITY OF CHARLES STURT",2,1,0,0,1,2024,"September","Wednesday","07:00 pm",60,"Sealed","Dry","Not Raining","Night","Rear End",2,,,1320768.26,1673670.73
"2024-59257-19/09/2025","ROYAL PARK","CITY OF CHARLES STURT",2,1,0,0,1,2024,"September","Thursday","06:22 pm",60,"Sealed","Dry","Not Raining","Night","Hit Fixed Object",1,,,1320701.07,1676158.29
"2024-59265-19/09/2025","FINDON","CITY OF CHARLES STURT",2,1,0,0,1,2024,"September","Thursday","04:10 pm",60,"Sealed","Dry","Not Raining","Daylight","Right Angle",1,,,1323055.76,1673698.71
"2024-59269-19/09/2025","ST AGNES","CITY OF TEA TREE GULLY",4,1,0,1,0,2024,"September","Friday","03:49 am",50,"Sealed","Unknown","Unknown","Night","Hit Fixed Object",1,,,1339248.6,1680222.6
"2024-59273-19/09/2025","NETHERBY","CC MITCHAM.",2,1,1,0,0,2024,"September","Friday","08:00 am",50,"Sealed","Dry","Not Raining","Daylight","Hit Pedestrian",1,,,1331347.28,1665433.13
"2024-59276-19/09/2025","SALISBURY PLAIN","CITY OF SALISBURY",2,1,0,0,1,2024,"September","Friday","10:50 am",80,"Sealed","Dry","Not Raining","Daylight","Right Turn",1,,,1335455.1,1688128.4
"2024-59280-19/09/2025","VIRGINIA","CITY OF PLAYFORD.",2,2,0,0,2,2024,"September","Friday","11:07 am",110,"Sealed","Dry","Not Raining","Daylight","Side Swipe",2,,,1327153.35,1695902.04
"2024-59281-19/09/2025","ALDGATE","THE ADELAIDE HILLS COUNCIL",2,1,0,0,1,2024,"September","Friday","12:15 pm",50,"Sealed","Dry","Not Raining","Daylight","Hit Pedestrian",2,,,1340439.5,1660455.6
"2024-59282-19/09/2025","FREELING","LIGHT REGIONAL COUNCIL",2,1,0,0,1,2024,"September","Friday","01:30 pm",100,"Sealed","Dry","Not Raining","Daylight","Hit Fixed Object",1,,,1351404.45,1722192.25
"2024-59284-19/09/2025","MUNNO PARA WEST","CITY OF PLAYFORD.",2,1,0,1,0,2024,"September","Friday","01:31 pm",60,"Sealed","Dry","Not Raining","Daylight","Right Angle",1,,,1335160.84,1699401.69
"2024-59292-19/09/2025","NEWTON","CC CAMPBELLTOWN.",1,1,0,0,1,2024,"September","Friday","06:16 pm",60,"Sealed","Dry","Not Raining","Night","Roll Over",1,,,1335607.08,1674568.38
"2024-59294-19/09/2025","WINDSOR GARDENS","CITY OF PORT ADELAIDE ENFIELD",3,1,0,1,0,2024,"September","Friday","07:37 pm",60,"Sealed","Dry","Not Raining","Night","Rear End",1,,,1333058.93,1677443.27
"2024-59298-19/09/2025","PARADISE","CC CAMPBELLTOWN.",2,1,0,0,1,2024,"September","Saturday","09:54 am",60,"Sealed","Dry","Not Raining","Daylight","Right Angle",1,,,1336323.37,1676657.04
"2024-59299-19/09/2025","DRY CREEK","CITY OF PORT ADELAIDE ENFIELD",2,1,0,0,1,2024,"September","Saturday","10:43 am",60,"Sealed","Dry","Not Raining","Daylight","Right Angle",1,,,1327321.79,1680197.21
"2024-59300-19/09/2025","WEST BEACH","CITY OF WEST TORRENS",3,1,0,0,1,2024,"September","Saturday","11:05 am",60,"Sealed","Dry","Not Raining","Daylight","Rear End",1,,,1320929.56,1668827.66
"2024-59309-19/09/2025","ELIZABETH NORTH","CITY OF PLAYFORD.",3,1,0,0,1,2024,"September","Saturday","02:40 pm",50,"Sealed","Dry","Not Raining","Daylight","Hit Parked Vehicle",1,,,1336022.41,1695598.23
"2024-59314-19/09/2025","PLYMPTON","CITY OF WEST TORRENS",2,1,0,1,0,2024,"September","Saturday","03:33 pm",50,"Sealed","Dry","Not Raining","Daylight","Hit Pedestrian",1,,,1323735.45,1666878.39
"2024-59317-19/09/2025","HAPPY VALLEY","CITY OF ONKAPARINGA",2,1,0,0,1,2024,"September","Saturday","06:25 pm",80,"Sealed","Dry","Not Raining","Night","Right Angle",1,,,1323446.95,1654232.01
"2024-59320-19/09/2025","DARLINGTON","CITY OF ONKAPARINGA",2,1,0,0,1,2024,"September","Saturday","07:41 pm",70,"Sealed","Dry","Not Raining","Night","Right Turn",2,,,1324432.96,1659694.42
"2024-59326-19/09/2025","SOMERTON PARK","CITY OF HOLDFAST BAY",3,1,0,0,1,2024,"September","Saturday","11:18 pm",50,"Sealed","Dry","Not Raining","Night","Hit Parked Vehicle",1,,,1321333.36,1662717.71
"2024-59328-19/09/2025","SALISBURY EAST","CITY OF SALISBURY",2,2,0,0,2,2024,"September","Sunday","09:48 am",60,"Sealed","Dry","Not Raining","Daylight","Right Angle",1,,,1334868.07,1687076.86
"2024-59329-19/09/2025","EDINBURGH","CITY OF SALISBURY",2,1,0,0,1,2024,"September","Sunday","10:10 am",60,"Sealed","Dry","Not Raining","Daylight","Right Turn",1,,,1332821.12,1692499.59
"2024-59333-19/09/2025","MURRAY BRIDGE","RC MURRAY BRIDGE.",2,1,0,1,0,2024,"September","Saturday","12:30 pm",50,"Sealed","Dry","Not Raining","Daylight","Side Swipe",1,,,1387734.08,1644947.96
"2024-59335-19/09/2025","ALDINGA","CITY OF ONKAPARINGA",2,1,0,0,1,2024,"September","Sunday","12:30 pm",60,"Sealed","Dry","Not Raining","Daylight","Right Angle",2,,,1316038.57,1632046.75
"2024-59337-19/09/2025","CAMDEN PARK","CITY OF WEST TORRENS",2,1,0,1,0,2024,"September","Sunday","01:20 pm",60,"Sealed","Dry","Not Raining","Daylight","Side Swipe",1,,,1322871.59,1665561.23
"2024-59339-19/09/2025","BUCHFELDE","LIGHT REGIONAL COUNCIL",2,1,0,0,1,2024,"September","Sunday","09:30 am",80,"Sealed","Dry","Not Raining","Daylight","Hit Fixed Object",1,,,1337891.45,1705402.16
"2024-59342-19/09/2025","TONSLEY","CC MARION.",2,1,0,1,0,2024,"September","Friday","08:20 pm",50,"Sealed","Dry","Not Raining","Night","Roll Over",1,,,1325732.72,1661532.9
"2024-59343-19/09/2025","URRBRAE","CC MITCHAM.",4,2,0,0,2,2024,"September","Sunday","12:09 pm",60,"Sealed","Dry","Not Raining","Daylight","Rear End",1,,,1332373.16,1666370.92
"2024-59348-19/09/2025","COORABIE",,3,2,0,1,1,2024,"September","Sunday","01:00 pm",110,"Sealed","Dry","Not Raining","Daylight","Side Swipe",1,,,728208.11,2030468.03
"2024-59350-19/09/2025","WAYVILLE","CITY OF UNLEY",2,1,0,0,1,2024,"September","Sunday","11:00 pm",60,"Sealed","Dry","Not Raining","Night","Side Swipe",2,,,1327513.98,1668916.51
"2024-59351-19/09/2025","ADELAIDE","CITY OF ADELAIDE",2,1,0,0,1,2024,"September","Sunday","09:07 pm",50,"Sealed","Dry","Not Raining","Night","Hit Pedestrian",1,,,1327978.27,1670807.29
"2024-59354-19/09/2025","SALISBURY EAST","CITY OF SALISBURY",2,2,0,0,2,2024,"September","Monday","06:10 am",80,"Sealed","Dry","Not Raining","Night","Rear End",2,,,1333286.62,1685382.97
"2024-59359-19/09/2025","TORRENSVILLE","CITY OF WEST TORRENS",2,1,0,0,1,2024,"September","Monday","07:00 am",50,"Sealed","Dry","Not Raining","Daylight","Rear End",1,,,1325154.72,1672039.58
"2024-59361-19/09/2025","STRATHALBYN","ALEXANDRINA COUNCIL",3,1,0,0,1,2024,"September","Saturday","06:30 pm",100,"Sealed","Dry","Not Raining","Night","Hit Fixed Object",1,"Y",,1350284.5,1632176.73
"2024-59366-19/09/2025","CHELTENHAM","CITY OF CHARLES STURT",2,1,0,0,1,2024,"September","Monday","11:02 am",60,"Sealed","Dry","Not Raining","Daylight","Rear End",1,,,1322126.41,1676417.92