"REPORT_ID","Suburb","LGA Name","Total Units","Total Cas","Total Fats","Total SI","Total MI","Year","Month","Day","Time","Area Speed","Road Surface","Moisture Cond","Weather Cond","DayNight","Crash Type","Unit Resp","DUI Involved","Drugs Involved","ACCLOC_X","ACCLOC_Y"
"2024-59374-19/09/2025","NEWTON","CC CAMPBELLTOWN.",2,1,0,0,1,2024,"September","Monday","03:10 pm",50,"Sealed","Dry","Not Raining","Daylight","Hit Pedestrian",2,,,1335535.71,1675344.02
"2024-59386-19/09/2025","WOODVILLE","CITY OF CHARLES STURT",2,1,0,0,1,2024,"September","Monday","08:19 pm",50,"Sealed","Dry","Not Raining","Night","Hit Pedestrian",2,,,1322892.88,1676018.35
"2024-59387-19/09/2025","GLENGOWRIE","CC MARION.",3,1,0,0,1,2024,"September","Monday","08:44 pm",50,"Sealed","Dry","Not Raining","Night","Hit Parked Vehicle",2,,,1322331.34,1664763.15
"2024-59393-19/09/2025","GLENELG","CITY OF HOLDFAST BAY",2,1,0,0,1,2024,"September","Monday","01:30 pm",50,"Sealed","Dry","Not Raining","Daylight","Hit Parked Vehicle",1,,,1320800.57,1664771.2
"2024-59395-19/09/2025","ELIZABETH VALE","CITY OF PLAYFORD.",2,2,0,0,2,2024,"September","Tuesday","08:45 am",60,"Sealed","Dry","Not Raining","Daylight","Rear End",1,,,1335846.89,1690233.88
"2024-59396-19/09/2025","UNDERDALE","CITY OF WEST TORRENS",2,1,0,0,1,2024,"September","Tuesday","06:45 am",60,"Sealed","Dry","Not Raining","Daylight","Rear End",2,,,1323822.88,1670941.2
"2024-59399-19/09/2025","WOODCROFT","CITY OF ONKAPARINGA",2,1,0,0,1,2024,"August","Wednesday","05:00 pm",60,"Sealed","Dry","Not Raining","Daylight","Rear End",2,,,1323600.27,1651098.24
"2024-59402-19/09/2025","POORAKA","CITY OF SALISBURY",2,2,0,0,2,2024,"September","Tuesday","12:15 pm",70,"Sealed","Dry","Not Raining","Daylight","Right Turn",2,,,1331898.14,1681814.67
"2024-59403-19/09/2025","CUMBERLAND PARK","CC MITCHAM.",1,1,0,1,0,2024,"July","Saturday","02:00 pm",50,"Sealed","Dry","Not Raining","Daylight","Roll Over",9,,,1326708.88,1665313.67
"2024-59404-19/09/2025","PENFIELD","CITY OF PLAYFORD.",1,1,0,0,1,2024,"September","Thursday","07:50 pm",80,"Sealed","Dry","Not Raining","Night","Roll Over",9,,,1333124.68,1696535.57
"2024-59407-19/09/2025","HUMBUG SCRUB","CITY OF PLAYFORD.",2,1,0,1,0,2024,"September","Tuesday","01:40 pm",80,"Sealed","Dry","Not Raining","Daylight","Head On",2,,,1350308.71,1693931.76
"2024-59408-19/09/2025","TANUNDA","THE BAROSSA COUNCIL.",2,1,0,0,1,2024,"September","Tuesday","02:06 pm",50,"Sealed","Dry","Not Raining","Daylight","Hit Pedestrian",2,,,1363036.14,1714043.46
"2024-59418-19/09/2025","MORPHETT VALE","CITY OF ONKAPARINGA",2,1,0,0,1,2024,"September","Monday","05:15 pm",60,"Sealed","Dry","Not Raining","Daylight","Right Angle",2,,,1320352.13,1650149.47
"2024-59419-19/09/2025","GLYNDE","CC OF NORWOOD,PAYNEHAM & ST PETERS",2,1,0,0,1,2024,"September","Tuesday","04:10 pm",60,"Sealed","Dry","Not Raining","Daylight","Rear End",2,,,1333290.28,1674305.76
"2024-59420-19/09/2025","HEATHPOOL","CC OF NORWOOD,PAYNEHAM & ST PETERS",2,1,0,0,1,2024,"September","Tuesday","03:05 pm",60,"Sealed","Dry","Not Raining","Daylight","Right Angle",2,,,1332294.97,1669851.84
"2024-59423-19/09/2025","KURRALTA PARK","CITY OF WEST TORRENS",2,1,0,0,1,2024,"September","Tuesday","05:43 pm",60,"Sealed","Dry","Not Raining","Daylight","Hit Pedestrian",2,,,1325813.63,1668281.95
"2024-59424-19/09/2025","PARA HILLS","CITY OF SALISBURY",1,1,0,0,1,2024,"September","Tuesday","06:00 pm",60,"Sealed","Dry","Not Raining","Daylight","Roll Over",1,,,1334431.79,1682965.84
"2024-59426-19/09/2025","ELIZABETH VALE","CITY OF PLAYFORD.",2,1,0,0,1,2024,"September","Tuesday","08:18 pm",60,"Sealed","Dry","Not Raining","Night","Hit Pedestrian",2,,,1335399.92,1690099.8
"2024-59437-19/09/2025","CORTLINYE","DC KIMBA.",2,1,0,0,1,2024,"September","Tuesday","11:30 am",100,"Unsealed","Dry","Not Raining","Daylight","Roll Over",1,,,1119193.19,1880753.09
"2024-59444-19/09/2025","CALLANNA",,1,1,0,1,0,2024,"September","Wednesday","08:40 am",100,"Unsealed","Dry","Not Raining","Daylight","Roll Over",1,,,1276382.65,2257492.34
"2024-59449-19/09/2025","LONSDALE","CITY OF ONKAPARINGA",1,1,0,0,1,2024,"September","Wednesday","10:40 am",80,"Sealed","Dry","Not Raining","Daylight","Other",1,,,1318735.04,1651448.57
"2024-59450-19/09/2025","PASADENA","CC MITCHAM.",2,1,0,0,1,2024,"September","Tuesday","07:38 am",60,"Sealed","Dry","Not Raining","Daylight","Rear End",2,,,1327304.21,1662221.6
"2024-59452-19/09/2025","ADELAIDE","CITY OF ADELAIDE",2,1,0,0,1,2024,"September","Wednesday","01:59 pm",50,"Sealed","Dry","Not Raining","Daylight","Right Turn",1,,,1329604.68,1669909.47
"2024-59458-19/09/2025","ALDINGA","CITY OF ONKAPARINGA",2,1,0,0,1,2024,"September","Wednesday","03:34 pm",60,"Sealed","Dry","Not Raining","Daylight","Right Angle",1,,,1316038.57,1632046.75
"2024-59459-19/09/2025","PARADISE","CC CAMPBELLTOWN.",2,3,0,0,3,2024,"September","Wednesday","04:28 pm",60,"Sealed","Dry","Not Raining","Daylight","Head On",1,,,1335934.13,1676647.3
"2024-59460-19/09/2025","PARILLA","SOUTHERN MALLEE DISTRICT COUNCIL",1,1,0,1,0,2024,"September","Wednesday","04:10 pm",110,"Sealed","Dry","Not Raining","Daylight","Roll Over",1,,,1509443.56,1621248.68
"2024-59461-19/09/2025","HENLEY BEACH","CITY OF CHARLES STURT",2,1,0,0,1,2024,"September","Wednesday","04:00 pm",50,"Sealed","Dry","Not Raining","Daylight","Hit Parked Vehicle",2,,,1319829.26,1672485.92
"2024-59468-19/09/2025","SALISBURY EAST","CITY OF SALISBURY",2,1,0,0,1,2024,"September","Wednesday","04:30 pm",60,"Sealed","Dry","Not Raining","Daylight","Rear End",1,,,1334178.48,1684646
"2024-59469-19/09/2025","GAWLER BELT","LIGHT REGIONAL COUNCIL",2,1,0,0,1,2024,"September","Wednesday","04:28 pm",110,"Sealed","Dry","Not Raining","Daylight","Rear End",2,,,1343193.19,1709546.95
"2024-59472-19/09/2025","HAHNDORF","DC MT.BARKER.",2,1,0,0,1,2024,"September","Wednesday","10:20 pm",110,"Sealed","Dry","Not Raining","Night","Rear End",2,,,1347605.34,1657396.91
"2024-59475-19/09/2025","TORRENS PARK","CC MITCHAM.",2,1,0,0,1,2024,"September","Wednesday","05:16 pm",60,"Sealed","Dry","Not Raining","Daylight","Rear End",2,,,1329168.39,1665113.72
"2024-59478-19/09/2025","MARINO","CC MARION.",2,1,0,0,1,2024,"September","Wednesday","02:07 pm",60,"Sealed","Dry","Not Raining","Daylight","Hit Fixed Object",1,,,1319470.97,1656947.37
"2024-59489-19/09/2025","ADELAIDE","CITY OF ADELAIDE",2,1,0,0,1,2024,"September","Thursday","09:08 am",50,"Sealed","Wet","Not Raining","Daylight","Side Swipe",2,,,1329582.94,1670279.45
"2024-59495-19/09/2025","PARACOMBE","THE ADELAIDE HILLS COUNCIL",2,1,0,0,1,2024,"September","Thursday","12:49 pm",60,"Sealed","Dry","Not Raining","Daylight","Hit Fixed Object",1,,,1345686.79,1679231.27
"2024-59508-19/09/2025","MOUNT BARKER","DC MT.BARKER.",2,2,0,0,2,2024,"September","Thursday","06:50 pm",80,"Sealed","Dry","Not Raining","Night","Head On",2,"Y","Y",1349688.36,1650765.93
"2024-59510-19/09/2025","MOUNT COMPASS","ALEXANDRINA COUNCIL",2,1,0,0,1,2024,"September","Friday","07:39 am",80,"Sealed","Wet","Raining","Daylight","Hit Fixed Object",1,,,1328252.69,1624293.89
"2024-59514-19/09/2025","ONKAPARINGA HILLS","CITY OF ONKAPARINGA",2,2,0,0,2,2024,"September","Friday","09:00 am",60,"Sealed","Dry","Not Raining","Daylight","Right Angle",1,,,1323201.13,1646275.31
"2024-59515-19/09/2025","MORPHETT VALE","CITY OF ONKAPARINGA",2,1,0,0,1,2024,"September","Thursday","01:00 pm",60,"Sealed","Dry","Not Raining","Daylight","Right Angle",1,,,1319615.41,1649824.47
"2024-59523-19/09/2025","ADELAIDE","CITY OF ADELAIDE",2,1,1,0,0,2024,"September","Friday","12:18 pm",50,"Sealed","Wet","Raining","Daylight","Right Angle",1,,,1327951.24,1669556.92
"2024-59528-19/09/2025","NARACOORTE","DC NARACOORTE & LUCINDALE.",2,1,0,0,1,2024,"September","Friday","01:35 pm",60,"Sealed","Wet","Raining","Daylight","Right Angle",1,,,1511991.53,1436389.41
"2024-59530-19/09/2025","ENFIELD","CITY OF PORT ADELAIDE ENFIELD",4,1,0,0,1,2024,"September","Friday","02:10 pm",50,"Sealed","Dry","Not Raining","Daylight","Hit Parked Vehicle",1,,,1328983.49,1677866.41
"2024-59538-19/09/2025","SEAFORD MEADOWS","CITY OF ONKAPARINGA",2,1,0,0,1,2024,"September","Friday","03:04 pm",70,"Sealed","Dry","Not Raining","Daylight","Hit Fixed Object",1,,,1316335.69,1642945.86
"2024-59550-19/09/2025","PINNAROO","SOUTHERN MALLEE DISTRICT COUNCIL",1,1,0,0,1,2024,"September","Wednesday","05:20 pm",100,"Sealed","Dry","Not Raining","Daylight","Roll Over",1,,"Y",1537022.79,1625444.05
"2024-59551-19/09/2025","SEAFORD MEADOWS","CITY OF ONKAPARINGA",2,1,0,0,1,2024,"September","Friday","04:20 pm",60,"Sealed","Dry","Not Raining","Daylight","Rear End",2,,,1318091.98,1642826.26
"2024-59553-19/09/2025","MOONTA","COPPER COAST DISTRICT COUNCIL",2,1,0,1,0,2024,"September","Friday","10:50 pm",50,"Sealed","Dry","Not Raining","Night","Hit Pedestrian",2,,,1238125.25,1768797.04
"2024-59557-19/09/2025","NEWTON","CC CAMPBELLTOWN.",3,2,0,0,2,2024,"September","Saturday","09:09 am",60,"Sealed","Dry","Not Raining","Daylight","Right Angle",1,,,1337018.91,1675313.01
"2024-59564-19/09/2025","FELIXSTOW","CC OF NORWOOD,PAYNEHAM & ST PETERS",2,1,0,0,1,2024,"September","Friday","03:00 pm",60,"Sealed","Dry","Not Raining","Daylight","Rear End",2,,,1333546.21,1674419.27
"2024-59565-19/09/2025","CAMPBELLTOWN","CC CAMPBELLTOWN.",3,1,0,0,1,2024,"September","Saturday","01:40 pm",60,"Sealed","Dry","Not Raining","Daylight","Rear End",2,,,1335386.86,1675479.01
"2024-59568-19/09/2025","GLANVILLE","CITY OF PORT ADELAIDE ENFIELD",1,1,0,0,1,2024,"September","Saturday","02:28 pm",50,"Sealed","Dry","Not Raining","Daylight","Roll Over",1,,,1318541.29,1679911.2
"2024-59573-19/09/2025","WANDEARAH EAST","PT.PIRIE CITY & DIST. COUNCIL",2,2,0,2,0,2024,"September","Saturday","04:18 pm",110,"Sealed","Dry","Not Raining","Daylight","Hit Fixed Object",1,,,1284454.27,1843792.68
"2024-59577-19/09/2025","RENMARK","DC RENMARK PARINGA",1,2,0,0,2,2024,"September","Saturday","07:30 pm",40,"Unsealed","Dry","Not Raining","Night","Left Road - Out of Control",1,,,1529726.04,1746861.99
"2024-59582-19/09/2025","OAKDEN","CITY OF PORT ADELAIDE ENFIELD",2,1,0,0,1,2024,"September","Saturday","08:45 pm",60,"Sealed","Dry","Not Raining","Night","Rear End",2,,,1333388.45,1678564.88
"2024-59586-19/09/2025","PROSPECT","CITY OF PROSPECT",2,1,0,1,0,2024,"September","Sunday","01:05 pm",60,"Sealed","Dry","Not Raining","Daylight","Side Swipe",2,,,1328328.48,1676429.03
"2024-59587-19/09/2025","MOUNT GAMBIER","CC MT.GAMBIER.",4,1,0,0,1,2024,"September","Wednesday","04:55 pm",60,"Sealed","Wet","Not Raining","Daylight","Rear End",1,,,1510345.94,1340747.66
"2024-59588-19/09/2025","MOUNT BARKER","DC MT.BARKER.",2,1,0,0,1,2024,"September","Sunday","11:55 am",60,"Sealed","Wet","Raining","Daylight","Hit Fixed Object",1,,,1349645.47,1651449.1
"2024-59591-19/09/2025","MEDINDIE","WALKERVILLE TOWN COUNCIL",2,1,0,0,1,2024,"September","Monday","02:05 pm",60,"Unsealed","Dry","Not Raining","Daylight","Rear End",2,,,1328335.29,1673670.94
"2024-59592-19/09/2025","MORPHETT VALE","CITY OF ONKAPARINGA",2,1,0,0,1,2024,"September","Sunday","03:30 pm",60,"Sealed","Dry","Not Raining","Daylight","Right Angle",2,,,1319723.28,1648850.13
"2024-59593-19/09/2025","ADELAIDE","CITY OF ADELAIDE",2,1,0,0,1,2024,"September","Thursday","08:45 am",60,"Sealed","Dry","Not Raining","Daylight","Rear End",2,,,1329548.11,1669238.83
"2024-59595-19/09/2025","ONE TREE HILL","CITY OF PLAYFORD.",2,2,0,1,1,2024,"September","Sunday","04:20 pm",80,"Sealed","Dry","Not Raining","Daylight","Head On",1,,,1341312.21,1692254.95
"2024-59600-19/09/2025","HAYBOROUGH","DC VICTOR HARBOR.",2,3,1,1,1,2024,"September","Sunday","04:38 pm",60,"Sealed","Dry","Not Raining","Daylight","Hit Fixed Object",1,,,1330937.18,1603056.18
"2024-59608-19/09/2025","KURRALTA PARK","CITY OF WEST TORRENS",4,1,0,0,1,2024,"September","Monday","07:50 am",60,"Sealed","Dry","Not Raining","Daylight","Other",1,,,1325339.01,1667393.48
"2024-59614-19/09/2025","HALLETT COVE","CC MARION.",2,1,0,0,1,2024,"September","Monday","10:45 am",80,"Sealed","Dry","Not Raining","Daylight","Hit Fixed Object",1,,,1321641.28,1656053.38
"2024-59619-19/09/2025","URRBRAE","CC MITCHAM.",2,1,0,0,1,2024,"September","Monday","08:00 am",60,"Sealed","Dry","Not Raining","Daylight","Rear End",2,,,1332373.16,1666370.92
"2024-59621-19/09/2025","SEAVIEW DOWNS","CC MARION.",2,1,0,1,0,2024,"September","Monday","02:36 pm",60,"Sealed","Dry","Not Raining","Daylight","Hit Fixed Object",1,,,1322833.59,1658772.17
"2024-59624-19/09/2025","KESWICK","CITY OF WEST TORRENS",2,1,0,0,1,2024,"September","Monday","12:10 pm",60,"Sealed","Dry","Not Raining","Daylight","Rear End",2,,,1325805.32,1668947.85
"2024-59627-19/09/2025","PROSPECT","CITY OF PROSPECT",2,1,0,0,1,2024,"September","Monday","01:55 pm",50,"Sealed","Dry","Not Raining","Daylight","Rear End",2,,,1328059.86,1676413.62
"2024-59628-19/09/2025","ST MARYS","CC MITCHAM.",2,1,0,0,1,2024,"September","Monday","05:43 pm",50,"Sealed","Dry","Not Raining","Daylight","Right Angle",1,,,1326726.93,1662316.27
"2024-59633-19/09/2025","SNOWTOWN","WAKEFIELD REGIONAL COUNCIL",2,1,0,0,1,2024,"September","Monday","09:25 pm",110,"Sealed","Dry","Not Raining","Night","Hit Fixed Object",1,,"Y",1296463.26,1797489.63
"2024-59635-19/09/2025","HACKHAM WEST","CITY OF ONKAPARINGA",2,1,0,1,0,2024,"September","Tuesday","07:40 am",50,"Sealed","Dry","Not Raining","Daylight","Right Angle",1,,,1319152.08,1647165.98
"2024-59637-19/09/2025","WALLAROO MINES","COPPER COAST DISTRICT COUNCIL",2,2,0,0,2,2024,"September","Tuesday","08:55 am",60,"Sealed","Dry","Not Raining","Daylight","Rear End",2,,,1248838.5,1780058.24
"2024-59647-19/09/2025","LUCINDALE","DC NARACOORTE & LUCINDALE.",2,1,0,0,1,2024,"September","Monday","12:46 pm",110,"Sealed","Dry","Not Raining","Daylight","Hit Fixed Object",1,,,1470643.05,1426021.16
"2024-59656-19/09/2025","PARALOWIE","CITY OF SALISBURY",2,1,0,0,1,2024,"September","Tuesday","03:20 pm",60,"Sealed","Dry","Not Raining","Daylight","Roll Over",1,,,1328729.28,1689027.97
"2024-59657-19/09/2025","STRATHALBYN","ALEXANDRINA COUNCIL",2,1,0,0,1,2024,"September","Tuesday","02:50 pm",50,"Sealed","Dry","Not Raining","Daylight","Hit Parked Vehicle",1,,,1353616.52,1632765.46
"2024-59658-19/09/2025","NOARLUNGA CENTRE","CITY OF ONKAPARINGA",2,1,0,0,1,2024,"September","Monday","05:05 pm",60,"Sealed","Dry","Not Raining","Daylight","Right Angle",2,,,1319094.8,1647483.87
"2024-59660-19/09/2025","CAVAN","CITY OF SALISBURY",3,1,0,0,1,2024,"September","Tuesday","05:22 pm",70,"Sealed","Wet","Not Raining","Daylight","Right Turn",1,,,1328753.78,1681107.18
"2024-59666-19/09/2025","EDWARDSTOWN","CC MARION.",2,1,0,0,1,2024,"September","Monday","09:30 am",60,"Sealed","Dry","Not Raining","Daylight","Side Swipe",2,,,1325884.89,1665761.93
"2024-59674-19/09/2025","GLENELG EAST","CITY OF HOLDFAST BAY",2,1,0,0,1,2024,"September","Wednesday","09:45 am",60,"Sealed","Dry","Not Raining","Daylight","Right Angle",1,,,1321051.86,1663929.84
"2024-59675-19/09/2025","TANUNDA","THE BAROSSA COUNCIL.",3,1,0,0,1,2024,"September","Wednesday","10:01 am",50,"Sealed","Dry","Not Raining","Daylight","Rear End",1,,,1362967.29,1713981.48
"2024-59679-19/09/2025","THORNGATE","CITY OF PROSPECT",2,1,0,0,1,2024,"September","Wednesday","11:10 am",50,"Sealed","Dry","Not Raining","Daylight","Right Turn",2,,,1328114.71,1673932.99
"2024-59684-19/09/2025","KIDMAN PARK","CITY OF CHARLES STURT",2,1,0,0,1,2024,"September","Tuesday","03:30 pm",60,"Sealed","Dry","Not Raining","Daylight","Right Angle",2,,,1321925.33,1673102.36
"2024-59698-19/09/2025","BALHANNAH","THE ADELAIDE HILLS COUNCIL",2,1,0,0,1,2024,"September","Saturday","03:20 pm",60,"Sealed","Dry","Not Raining","Daylight","Right Angle",2,,,1348446.62,1662370.55
"2024-59701-19/09/2025","MILLICENT","WATTLE RANGE COUNCIL",2,2,0,0,2,2024,"September","Wednesday","09:10 pm",110,"Sealed","Dry","Not Raining","Night","Other",1,,,1474436.24,1370841.55
"2024-59709-19/09/2025","KILBURN","CITY OF PORT ADELAIDE ENFIELD",2,2,0,0,2,2024,"September","Tuesday","04:00 pm",60,"Sealed","Dry","Not Raining","Daylight","Rear End",2,,,1327394.98,1679230.87
"2024-59712-19/09/2025","NORWOOD","CC OF NORWOOD,PAYNEHAM & ST PETERS",2,1,0,0,1,2024,"September","Wednesday","04:35 pm",60,"Sealed","Dry","Not Raining","Daylight","Right Angle",1,,,1331050.68,1670376
"2024-59716-19/09/2025","COLLINSWOOD","CITY OF PROSPECT",2,1,0,0,1,2024,"September","Wednesday","07:55 am",60,"Sealed","Dry","Not Raining","Daylight","Side Swipe",2,,,1330005.82,1674895.48
"2024-59717-19/09/2025","ADELAIDE","CITY OF ADELAIDE",2,2,0,0,2,2024,"September","Thursday","12:45 pm",60,"Sealed","Dry","Not Raining","Daylight","Right Angle",1,,,1329884.53,1670392.01
"2024-59720-19/09/2025","SELLICKS HILL","DC YANKALILLA.",4,1,0,0,1,2024,"September","Thursday","12:50 pm",100,"Sealed","Dry","Not Raining","Daylight","Hit Animal",2,,,1314580.23,1621217.49
"2024-59721-19/09/2025","ADELAIDE","CITY OF ADELAIDE",2,2,0,0,2,2024,"September","Thursday","01:50 pm",50,"Sealed","Dry","Not Raining","Daylight","Side Swipe",2,,,1328964.23,1670843.06
"2024-59723-19/09/2025","SALISBURY NORTH","CITY OF SALISBURY",2,1,0,0,1,2024,"September","Thursday","01:49 pm",50,"Sealed","Dry","Not Raining","Daylight","Right Turn",1,,,1331977.75,1689382.42
"2024-59724-19/09/2025","FREWVILLE","CITY OF BURNSIDE",2,1,0,0,1,2024,"September","Thursday","11:40 am",60,"Sealed","Dry","Not Raining","Daylight","Rear End",2,,,1330892.49,1668176.42
"2024-59726-19/09/2025","SMITHFIELD","CITY OF PLAYFORD.",2,1,0,0,1,2024,"September","Thursday","03:30 pm",80,"Sealed","Dry","Not Raining","Daylight","Rear End",2,,,1337784.8,1696918.02
"2024-59733-19/09/2025","LENSWOOD","THE ADELAIDE HILLS COUNCIL",2,1,0,0,1,2024,"September","Thursday","04:00 pm",80,"Sealed","Dry","Not Raining","Daylight","Hit Fixed Object",1,,,1348356.54,1668247.69
"2024-59734-19/09/2025","SALISBURY HEIGHTS","CITY OF SALISBURY",5,1,0,0,1,2024,"September","Thursday","05:22 pm",80,"Sealed","Dry","Not Raining","Daylight","Rear End",1,,,1335572.39,1688279.49
"2024-59735-19/09/2025","FULHAM GARDENS","CITY OF CHARLES STURT",3,1,0,0,1,2024,"September","Thursday","04:50 pm",60,"Sealed","Dry","Not Raining","Daylight","Rear End",1,,,1321047.34,1673078.18
"2024-59746-19/09/2025","PANDIE PANDIE",,1,1,0,1,0,2024,"September","Thursday","10:45 am",100,"Unsealed","Dry","Not Raining","Daylight","Roll Over",1,,,1448562.38,2621745.74
"2024-59747-19/09/2025","LYNTON","CC MITCHAM.",2,1,0,1,0,2024,"September","Thursday","07:10 pm",60,"Sealed","Dry","Not Raining","Night","Hit Fixed Object",1,,,1328764.19,1662413.06
"2024-59752-19/09/2025","PARAFIELD GARDENS","CITY OF SALISBURY",2,1,0,0,1,2024,"September","Thursday","08:41 pm",50,"Sealed","Dry","Not Raining","Night","Hit Fixed Object",1,"Y",,1331305.6,1686520.37
"2024-59753-19/09/2025","GOULD CREEK","CITY OF PLAYFORD.",2,2,0,2,0,2024,"September","Thursday","09:45 pm",80,"Sealed","Dry","Not Raining","Night","Hit Fixed Object",1,,,1339296.98,1690736.05
"2024-59757-19/09/2025","LOCKLEYS","CITY OF WEST TORRENS",2,1,0,0,1,2024,"September","Friday","08:09 am",60,"Sealed","Dry","Not Raining","Daylight","Rear End",2,,,1322551.39,1670729.91
"2024-59761-19/09/2025","ADELAIDE","CITY OF ADELAIDE",2,1,0,0,1,2024,"September","Tuesday","02:20 pm",50,"Sealed","Dry","Not Raining","Daylight","Rear End",2,,,1329580.07,1670377.62
"2024-59763-19/09/2025","PORT ADELAIDE","CITY OF PORT ADELAIDE ENFIELD",2,1,0,0,1,2024,"September","Thursday","03:30 pm",60,"Sealed","Dry","Not Raining","Daylight","Rear End",1,,,1321025.72,1680317.89
"2024-59764-19/09/2025","CHERRY GARDENS","CITY OF ONKAPARINGA",1,1,0,0,1,2024,"September","Friday","09:45 am",60,"Sealed","Dry","Not Raining","Daylight","Roll Over",1,,,1331399.39,1654451.96
"2024-59766-19/09/2025","DARLINGTON","CITY OF ONKAPARINGA",2,1,0,0,1,2024,"September","Friday","09:50 am",60,"Sealed","Dry","Not Raining","Daylight","Side Swipe",1,,,1324449.05,1659475.79
"2024-59769-19/09/2025","LOBETHAL","THE ADELAIDE HILLS COUNCIL",2,1,0,0,1,2024,"September","Friday","11:53 am",80,"Sealed","Dry","Not Raining","Daylight","Right Angle",2,,,1352972.03,1673673.75
"2024-59774-19/09/2025","TOTNESS","DC MT.BARKER.",2,1,0,0,1,2024,"June","Friday","04:30 pm",80,"Sealed","Wet","Raining","Daylight","Rear End",2,,,1350798.68,1655239.89
"2024-59776-19/09/2025","HAPPY VALLEY","CITY OF ONKAPARINGA",2,2,0,0,2,2024,"September","Friday","03:25 pm",70,"Sealed","Dry","Not Raining","Daylight","Right Angle",1,,,1324604.5,1654272.71
"2024-59778-19/09/2025","NURIOOTPA","THE BAROSSA COUNCIL.",3,1,0,0,1,2024,"September","Friday","04:00 pm",50,"Sealed","Dry","Not Raining","Daylight","Hit Parked Vehicle",2,,,1366400.21,1719416.02
"2024-59784-19/09/2025","MODBURY","CITY OF TEA TREE GULLY",2,1,0,0,1,2024,"September","Friday","06:10 pm",60,"Sealed","Dry","Not Raining","Daylight","Right Turn",1,,,1336876.15,1680848.77
"2024-59787-19/09/2025","MILE END","CITY OF WEST TORRENS",2,2,0,0,2,2024,"September","Friday","07:54 pm",60,"Sealed","Dry","Not Raining","Night","Right Turn",1,,,1326279.99,1670246.25
"2024-59789-19/09/2025","GLYNDE","CC OF NORWOOD,PAYNEHAM & ST PETERS",2,2,0,0,2,2024,"September","Friday","09:33 pm",60,"Sealed","Dry","Not Raining","Night","Right Angle",2,,,1333815.17,1673244.73
"2024-59790-19/09/2025","DERNANCOURT","CITY OF TEA TREE GULLY",1,1,0,0,1,2024,"September","Friday","09:53 pm",50,"Sealed","Dry","Not Raining","Night","Roll Over",1,"Y",,1335536.04,1677873.44
"2024-59794-19/09/2025","MOUNT GAMBIER","CC MT.GAMBIER.",2,1,0,0,1,2024,"September","Monday","11:29 am",50,"Sealed","Wet","Raining","Daylight","Right Turn",1,,,1509945.09,1340357.13
"2024-59799-19/09/2025","ELIZABETH GROVE","CITY OF PLAYFORD.",2,1,0,0,1,2024,"September","Friday","03:00 pm",80,"Sealed","Dry","Not Raining","Daylight","Rear End",1,,,1336080.31,1692236.44
"2024-59800-19/09/2025","FORRESTON","THE ADELAIDE HILLS COUNCIL",1,1,0,1,0,2024,"September","Saturday","09:30 am",100,"Sealed","Dry","Not Raining","Daylight","Roll Over",1,,,1355860.66,1685945.41
"2024-59801-19/09/2025","ADELAIDE","CITY OF ADELAIDE",1,1,0,0,1,2024,"September","Saturday","10:53 am",50,"Sealed","Dry","Not Raining","Daylight","Roll Over",1,,,1328488.67,1670516.95
"2024-59806-19/09/2025","CROYDON PARK","CITY OF PORT ADELAIDE ENFIELD",2,1,0,1,0,2024,"September","Saturday","01:15 pm",50,"Sealed","Dry","Not Raining","Daylight","Hit Pedestrian",1,,,1325609.27,1676257.94
"2024-59810-19/09/2025","MOUNT GAMBIER","CC MT.GAMBIER.",2,1,0,0,1,2024,"September","Saturday","02:15 pm",60,"Sealed","Dry","Not Raining","Daylight","Side Swipe",1,,,1511625.1,1339319.94
"2024-59811-19/09/2025","NOARLUNGA DOWNS","CITY OF ONKAPARINGA",2,1,0,0,1,2024,"September","Saturday","01:10 pm",50,"Sealed","Dry","Not Raining","Daylight","Right Angle",1,,,1318274.93,1645877.71
"2024-59813-19/09/2025","BOOBOROWIE","REGIONAL COUNCIL OF GOYDER",1,1,0,0,1,2024,"September","Saturday","02:50 pm",110,"Sealed","Wet","Not Raining","Daylight","Roll Over",1,,,1353731.43,1818583.77
"2024-59824-19/09/2025","MODBURY NORTH","CITY OF TEA TREE GULLY",2,1,0,0,1,2024,"September","Saturday","08:15 pm",60,"Sealed","Wet","Raining","Night","Hit Fixed Object",1,,,1335670.03,1681568.49
"2024-59833-19/09/2025","ERINDALE","CITY OF BURNSIDE",1,1,0,0,1,2024,"September","Sunday","09:00 am",60,"Sealed","Dry","Not Raining","Daylight","Roll Over",1,,,1333914.95,1669923.57
"2024-59836-19/09/2025","WAYVILLE","CITY OF UNLEY",2,4,1,0,3,2024,"September","Sunday","01:00 pm",40,"Sealed","Dry","Not Raining","Daylight","Rear End",1,,,1327042.89,1668165.82
"2024-59839-19/09/2025","WHYALLA NORRIE","CC WHYALLA.",2,2,0,0,2,2024,"September","Sunday","02:31 pm",60,"Sealed","Dry","Not Raining","Daylight","Right Turn",1,,,1236313.69,1884922.39