"REPORT_ID","Suburb","LGA Name","Total Units","Total Cas","Total Fats","Total SI","Total MI","Year","Month","Day","Time","Area Speed","Road Surface","Moisture Cond","Weather Cond","DayNight","Crash Type","Unit Resp","DUI Involved","Drugs Involved","ACCLOC_X","ACCLOC_Y"
"2024-59842-19/09/2025","BURNSIDE","CITY OF BURNSIDE",4,3,0,0,3,2024,"September","Sunday","04:38 pm",60,"Sealed","Dry","Not Raining","Daylight","Head On",1,,,1334987.27,1668446.13
"2024-59844-19/09/2025","ELIZABETH VALE","CITY OF PLAYFORD.",2,1,0,0,1,2024,"September","Sunday","05:50 pm",60,"Sealed","Dry","Not Raining","Daylight","Right Angle",2,,,1335254.54,1690056.88
"2024-59847-19/09/2025","RENOWN PARK","CITY OF CHARLES STURT",2,1,0,0,1,2024,"September","Sunday","09:18 pm",50,"Sealed","Dry","Not Raining","Night","Hit Parked Vehicle",1,,"Y",1326758.49,1674390.61
"2024-59848-19/09/2025","WYNARKA","DC KAROONDA EAST MURRAY.",2,1,0,0,1,2024,"September","Sunday","02:15 pm",110,"Sealed","Dry","Not Raining","Daylight","Hit Fixed Object",1,,,1427700.15,1644740.47
"2024-59852-19/09/2025","GILLES PLAINS","CITY OF TEA TREE GULLY",2,1,0,0,1,2024,"September","Monday","07:25 am",60,"Sealed","Dry","Not Raining","Daylight","Rear End",1,,"Y",1334243.77,1679365.77
"2024-59853-19/09/2025","OAKDEN","CITY OF PORT ADELAIDE ENFIELD",2,1,0,0,1,2024,"September","Monday","07:35 am",70,"Sealed","Dry","Not Raining","Daylight","Rear End",2,,,1332647.75,1679316.72
"2024-59855-19/09/2025","HACKNEY","CC OF NORWOOD,PAYNEHAM & ST PETERS",1,1,0,0,1,2024,"September","Monday","07:37 am",60,"Sealed","Dry","Not Raining","Daylight","Roll Over",1,,,1329888.83,1671303.98
"2024-59858-19/09/2025","WATERLOO CORNER","CITY OF PLAYFORD.",2,1,0,1,0,2024,"September","Monday","08:03 am",90,"Sealed","Dry","Not Raining","Daylight","Right Angle",2,,,1326345.17,1696674.21
"2024-59866-19/09/2025","EDINBURGH NORTH","CITY OF PLAYFORD.",3,1,0,1,0,2024,"September","Monday","11:35 am",60,"Sealed","Dry","Not Raining","Daylight","Side Swipe",1,,,1335231.45,1695330.11
"2024-59868-19/09/2025","MUNNO PARA WEST","CITY OF PLAYFORD.",1,1,0,0,1,2024,"September","Sunday","11:00 am",60,"Sealed","Dry","Not Raining","Daylight","Left Road - Out of Control",9,,,1335943.85,1700662.84
"2024-59871-19/09/2025","BLACK SPRINGS","CLARE AND GILBERT VALLEYS DISTRICT COUNCIL",2,1,0,0,1,2024,"September","Monday","12:40 pm",100,"Unsealed","Dry","Not Raining","Daylight","Hit Fixed Object",1,,,1360739.32,1783916.11
"2024-59872-19/09/2025","GLOSSOP","THE BERRI BARMERA COUNCIL",1,1,0,0,1,2024,"September","Monday","01:50 pm",100,"Sealed","Dry","Not Raining","Daylight","Roll Over",1,,,1511644.13,1735601.67
"2024-59876-19/09/2025","KENSINGTON","CC OF NORWOOD,PAYNEHAM & ST PETERS",2,1,0,0,1,2024,"September","Monday","04:20 pm",60,"Sealed","Dry","Not Raining","Daylight","Hit Pedestrian",2,,,1332814.23,1671087.12
"2024-59880-19/09/2025","GILLES PLAINS","CITY OF PORT ADELAIDE ENFIELD",2,1,0,0,1,2024,"September","Monday","05:50 pm",50,"Sealed","Dry","Not Raining","Daylight","Hit Fixed Object",1,,,1333775.94,1678503.61
"2024-59886-19/09/2025","BIRDWOOD","THE ADELAIDE HILLS COUNCIL",2,1,0,1,0,2024,"September","Monday","06:59 pm",100,"Sealed","Dry","Not Raining","Night","Hit Fixed Object",1,,"Y",1369038.41,1681596.83
"2024-59891-19/09/2025","DUTTON","MID MURRAY DISTRICT COUNCIL",2,1,0,0,1,2024,"September","Monday","11:45 pm",100,"Sealed","Dry","Not Raining","Night","Roll Over",1,"Y",,1379708.65,1730567.83
"2024-59897-19/09/2025","CROYDON","CITY OF CHARLES STURT",2,1,0,0,1,2024,"September","Monday","05:00 pm",60,"Sealed","Dry","Not Raining","Daylight","Side Swipe",2,,,1325223.55,1673744.78
"2024-59902-19/09/2025","WHYALLA","CC WHYALLA.",2,1,0,1,0,2024,"October","Tuesday","11:55 am",50,"Sealed","Dry","Not Raining","Daylight","Right Turn",1,,,1240963.06,1882244.05
"2024-59904-19/09/2025","YANKALILLA","DC YANKALILLA.",2,1,0,1,0,2024,"October","Tuesday","12:15 pm",100,"Sealed","Dry","Not Raining","Daylight","Hit Fixed Object",1,,,1304988.1,1612746.8
"2024-59921-19/09/2025","PENFIELD","CITY OF PLAYFORD.",1,1,0,0,1,2024,"October","Tuesday","09:45 pm",110,"Sealed","Dry","Not Raining","Night","Roll Over",1,,,1331401.54,1697660.52
"2024-59929-19/09/2025","CUMBERLAND PARK","CC MITCHAM.",2,1,0,0,1,2024,"October","Wednesday","09:59 am",50,"Sealed","Dry","Not Raining","Daylight","Hit Pedestrian",1,,,1326700.42,1665664.27
"2024-59934-19/09/2025","WOODCROFT","CITY OF ONKAPARINGA",2,1,0,0,1,2024,"October","Wednesday","12:09 pm",60,"Sealed","Dry","Not Raining","Daylight","Rear End",2,,,1323065.22,1651082.14
"2024-59937-19/09/2025","PASADENA","CC MITCHAM.",4,2,0,0,2,2024,"October","Wednesday","12:53 pm",60,"Unsealed","Dry","Not Raining","Daylight","Rear End",1,,,1327171.16,1661957.07
"2024-59942-19/09/2025","HILLBANK","CITY OF PLAYFORD.",2,1,0,0,1,2024,"October","Wednesday","04:25 pm",60,"Sealed","Dry","Not Raining","Daylight","Right Angle",2,,,1336463.71,1689735.31
"2024-59948-19/09/2025","STIRLING","THE ADELAIDE HILLS COUNCIL",2,1,0,1,0,2024,"October","Tuesday","07:00 pm",50,"Sealed","Dry","Not Raining","Night","Right Turn",1,,,1338393.73,1661639.86
"2024-59951-19/09/2025","PARKSIDE","CITY OF UNLEY",2,1,0,0,1,2024,"October","Wednesday","01:00 pm",60,"Sealed","Dry","Not Raining","Daylight","Rear End",2,,,1329057.07,1668963.89
"2024-59953-19/09/2025","CURRENCY CREEK","ALEXANDRINA COUNCIL",2,1,0,0,1,2024,"October","Wednesday","06:12 pm",100,"Sealed","Dry","Not Raining","Daylight","Hit Fixed Object",1,,,1337473.74,1613569.49
"2024-59954-19/09/2025","PAYNEHAM","CC OF NORWOOD,PAYNEHAM & ST PETERS",2,1,0,0,1,2024,"October","Wednesday","06:25 pm",60,"Sealed","Wet","Raining","Night","Right Turn",2,,,1332162.99,1673774.81
"2024-59955-19/09/2025","UNDERDALE","CITY OF WEST TORRENS",2,1,0,0,1,2024,"October","Wednesday","06:00 pm",60,"Sealed","Dry","Not Raining","Daylight","Hit Parked Vehicle",1,,,1323827.48,1671651.93
"2024-59959-19/09/2025","PROSPECT","CITY OF PROSPECT",3,1,0,0,1,2024,"October","Wednesday","07:23 pm",50,"Sealed","Dry","Not Raining","Night","Right Turn",1,,"Y",1328099.43,1674616.3
"2024-59965-19/09/2025","GEPPS CROSS","CITY OF PORT ADELAIDE ENFIELD",2,1,0,0,1,2024,"October","Thursday","05:14 am",60,"Sealed","Dry","Not Raining","Night","Right Angle",2,,,1328796.23,1679265.08
"2024-59973-19/09/2025","GLENGOWRIE","CC MARION.",2,1,0,0,1,2024,"October","Thursday","09:10 am",60,"Sealed","Dry","Not Raining","Daylight","Side Swipe",2,,,1322686.59,1663633.59
"2024-59976-19/09/2025","WOOL BAY","YORKE PENINSULA COUNCIL",2,1,0,0,1,2024,"October","Thursday","07:50 am",100,"Sealed","Dry","Not Raining","Daylight","Hit Fixed Object",9,,,1249534.16,1670693
"2024-59981-19/09/2025","NORWOOD","CC OF NORWOOD,PAYNEHAM & ST PETERS",1,1,0,0,1,2024,"October","Thursday","11:24 am",60,"Sealed","Dry","Not Raining","Daylight","Roll Over",1,,,1330625.09,1671139.77
"2024-59983-19/09/2025","LONSDALE","CITY OF ONKAPARINGA",2,1,0,0,1,2024,"October","Thursday","11:20 am",80,"Sealed","Dry","Not Raining","Daylight","Rear End",1,,,1317823.83,1649782.83
"2024-59986-19/09/2025","HOLDEN HILL","CITY OF TEA TREE GULLY",2,1,0,0,1,2024,"October","Thursday","01:02 pm",60,"Sealed","Dry","Not Raining","Daylight","Right Angle",1,,,1335524.78,1679408.93
"2024-59988-19/09/2025","JAMESTOWN","NORTHERN AREAS DISTRICT COUNCIL",2,1,1,0,0,2024,"October","Thursday","10:45 am",110,"Sealed","Dry","Not Raining","Daylight","Roll Over",1,,,1338013.36,1860482.98
"2024-59995-19/09/2025","PORT NOARLUNGA","CITY OF ONKAPARINGA",2,2,0,0,2,2024,"October","Thursday","04:25 pm",60,"Sealed","Dry","Not Raining","Daylight","Right Angle",2,,,1316401.27,1646517.07
"2024-60003-19/09/2025","HINDMARSH","CITY OF CHARLES STURT",3,2,0,0,2,2024,"October","Thursday","06:19 pm",40,"Sealed","Wet","Not Raining","Daylight","Hit Pedestrian",1,,,1326065.66,1672790.92
"2024-60004-19/09/2025","WEST LAKES SHORE","CITY OF CHARLES STURT",2,1,0,0,1,2024,"October","Thursday","06:31 pm",60,"Sealed","Dry","Not Raining","Night","Right Turn",1,,,1317947.1,1677022.93
"2024-60005-19/09/2025","MILE END","CITY OF WEST TORRENS",2,2,0,0,2,2024,"October","Thursday","07:00 pm",60,"Sealed","Dry","Not Raining","Night","Rear End",1,,,1326463.42,1670982.66
"2024-60013-19/09/2025","KILBURN","CITY OF PORT ADELAIDE ENFIELD",2,1,0,0,1,2024,"October","Thursday","04:00 pm",60,"Sealed","Dry","Not Raining","Daylight","Right Turn",2,,,1327228.56,1676909.91
"2024-60015-19/09/2025","WILLAMULKA","COPPER COAST DISTRICT COUNCIL",2,2,0,0,2,2024,"October","Friday","09:15 am",100,"Unsealed","Dry","Not Raining","Daylight","Hit Fixed Object",1,,,1258691.23,1781842.57
"2024-60021-19/09/2025","MOUNT GAMBIER","CC MT.GAMBIER.",2,1,0,0,1,2024,"October","Friday","01:00 pm",50,"Sealed","Dry","Not Raining","Daylight","Right Angle",2,,,1510634.56,1339951.5
"2024-60030-19/09/2025","ONKAPARINGA HILLS","CITY OF ONKAPARINGA",2,1,0,1,0,2024,"October","Friday","03:00 pm",80,"Sealed","Dry","Not Raining","Daylight","Hit Fixed Object",1,"Y","Y",1326544.16,1646979.9
"2024-60032-19/09/2025","CROMER","THE ADELAIDE HILLS COUNCIL",2,1,0,0,1,2024,"October","Friday","03:00 pm",100,"Sealed","Dry","Not Raining","Daylight","Right Angle",1,,,1361394.91,1684498.8
"2024-60036-19/09/2025","WOODVILLE NORTH","CITY OF CHARLES STURT",2,1,0,0,1,2024,"October","Friday","05:00 pm",60,"Sealed","Dry","Not Raining","Daylight","Right Angle",1,,,1323944.67,1677475.07
"2024-60038-19/09/2025","CHRISTIE DOWNS","CITY OF ONKAPARINGA",3,3,0,0,3,2024,"October","Friday","05:25 pm",60,"Sealed","Dry","Not Raining","Daylight","Right Angle",1,"Y",,1318513.27,1647464.88
"2024-60050-19/09/2025","PORT ELLIOT","ALEXANDRINA COUNCIL",12,7,0,4,3,2024,"October","Saturday","01:40 am",50,"Sealed","Dry","Not Raining","Night","Hit Pedestrian",1,"Y",,1333631.49,1603454.2
"2024-60051-19/09/2025","CHRISTIES BEACH","CITY OF ONKAPARINGA",2,2,0,0,2,2024,"October","Saturday","08:42 am",60,"Sealed","Dry","Not Raining","Daylight","Right Angle",1,,,1317341.69,1647836.08
"2024-60067-19/09/2025","NAILSWORTH","CITY OF PROSPECT",2,1,0,0,1,2024,"October","Saturday","06:21 pm",40,"Sealed","Dry","Not Raining","Daylight","Hit Fixed Object",1,,,1329305.19,1674769.81
"2024-60073-19/09/2025","MORGAN","MID MURRAY DISTRICT COUNCIL",4,1,0,0,1,2024,"October","Sunday","03:15 am",50,"Sealed","Dry","Not Raining","Night","Hit Fixed Object",1,"Y",,1429863.69,1765797.98
"2024-60075-19/09/2025","PARAFIELD","CITY OF SALISBURY",2,2,0,0,2,2024,"October","Sunday","09:00 am",80,"Sealed","Dry","Not Raining","Daylight","Right Turn",1,,,1332521.09,1684419.56
"2024-60079-19/09/2025","MUNNO PARA WEST","CITY OF PLAYFORD.",2,2,0,0,2,2024,"October","Sunday","01:30 pm",50,"Sealed","Dry","Not Raining","Daylight","Rear End",1,,,1336294.12,1699066.54
"2024-60080-19/09/2025","HOPE VALLEY","CITY OF TEA TREE GULLY",3,1,1,0,0,2024,"October","Sunday","01:29 pm",60,"Sealed","Dry","Not Raining","Daylight","Rear End",1,"Y",,1337590.6,1679488.92
"2024-60086-19/09/2025","TORRENSVILLE","CITY OF WEST TORRENS",2,3,0,0,3,2024,"October","Sunday","04:45 pm",60,"Sealed","Dry","Not Raining","Daylight","Rear End",2,,,1325416.27,1672003.04
"2024-60088-19/09/2025","ANGASTON","THE BAROSSA COUNCIL.",1,1,0,0,1,2024,"October","Sunday","07:00 pm",100,"Sealed","Dry","Not Raining","Daylight","Roll Over",1,,,1375369.87,1712160.64
"2024-60096-19/09/2025","GOOLWA","ALEXANDRINA COUNCIL",2,1,0,0,1,2024,"October","Sunday","10:28 pm",50,"Sealed","Dry","Not Raining","Night","Hit Fixed Object",1,"Y",,1344227.13,1607129.48
"2024-60100-19/09/2025","DERNANCOURT","CITY OF TEA TREE GULLY",2,1,0,0,1,2024,"October","Monday","10:55 am",60,"Sealed","Dry","Not Raining","Daylight","Right Turn",2,,,1336072.77,1677304.88
"2024-60102-19/09/2025","TAPEROO","CITY OF PORT ADELAIDE ENFIELD",3,2,0,0,2,2024,"October","Monday","11:40 am",60,"Sealed","Dry","Not Raining","Daylight","Hit Fixed Object",1,,,1319931.39,1684414.64
"2024-60103-19/09/2025","PARACOMBE","THE ADELAIDE HILLS COUNCIL",1,1,0,0,1,2024,"October","Sunday","04:00 pm",80,"Sealed","Dry","Not Raining","Daylight","Roll Over",1,,,1345857.26,1677675.41
"2024-60104-19/09/2025","BROOKLYN PARK","CITY OF WEST TORRENS",1,2,0,1,1,2024,"October","Monday","12:35 pm",60,"Sealed","Dry","Not Raining","Daylight","Roll Over",1,,,1323833.06,1670117.05
"2024-60105-19/09/2025","MUNNO PARA","CITY OF PLAYFORD.",2,1,0,0,1,2024,"October","Saturday","07:00 pm",60,"Sealed","Dry","Not Raining","Night","Right Angle",2,,,1337173.84,1698251.31
"2024-60108-19/09/2025","EDEN HILLS","CC MITCHAM.",2,1,0,0,1,2024,"October","Monday","02:57 pm",60,"Sealed","Dry","Not Raining","Daylight","Rear End",2,,,1326094.1,1660543.87
"2024-60110-19/09/2025","BELAIR","CC MITCHAM.",2,1,0,1,0,2024,"October","Monday","02:10 pm",60,"Sealed","Dry","Not Raining","Daylight","Head On",2,,,1330767.52,1663109.85
"2024-60111-19/09/2025","BANGOR","DC MT.REMARKABLE.",1,1,0,0,1,2024,"October","Monday","11:30 am",100,"Unsealed","Unknown","Not Raining","Daylight","Roll Over",1,,,1291707.91,1890726.53
"2024-60115-19/09/2025","PROSPECT","CITY OF PROSPECT",2,1,0,0,1,2024,"October","Monday","08:35 pm",60,"Sealed","Dry","Not Raining","Night","Right Angle",1,,,1327240.58,1676458.37
"2024-60124-19/09/2025","MODBURY NORTH","CITY OF TEA TREE GULLY",2,1,0,1,0,2024,"October","Tuesday","12:25 pm",60,"Sealed","Dry","Not Raining","Daylight","Hit Pedestrian",2,,,1335682.11,1681273.25
"2024-60132-19/09/2025","UNLEY","CITY OF UNLEY",2,1,0,0,1,2024,"October","Tuesday","03:04 pm",60,"Sealed","Dry","Not Raining","Daylight","Right Turn",2,,,1329084.57,1667940.31
"2024-60134-19/09/2025","ELIZABETH NORTH","CITY OF PLAYFORD.",4,1,0,1,0,2024,"October","Tuesday","04:19 pm",50,"Sealed","Dry","Not Raining","Daylight","Hit Fixed Object",1,"Y",,1336643.68,1695620.66
"2024-60144-19/09/2025","BROADVIEW","CITY OF PROSPECT",2,1,0,0,1,2024,"October","Tuesday","05:35 pm",60,"Sealed","Dry","Not Raining","Daylight","Rear End",2,,,1330472.5,1675282.04
"2024-60147-19/09/2025","CROMER","THE ADELAIDE HILLS COUNCIL",3,4,0,0,4,2024,"October","Tuesday","03:25 pm",100,"Sealed","Dry","Not Raining","Daylight","Right Angle",2,,,1361394.91,1684498.8
"2024-60158-19/09/2025","GEPPS CROSS","CITY OF PORT ADELAIDE ENFIELD",3,2,0,0,2,2024,"October","Wednesday","06:51 am",60,"Sealed","Dry","Not Raining","Daylight","Right Angle",1,,,1327776.51,1679250.62
"2024-60165-19/09/2025","KADINA","COPPER COAST DISTRICT COUNCIL",2,1,0,0,1,2024,"October","Wednesday","12:43 pm",50,"Sealed","Dry","Not Raining","Daylight","Right Angle",1,,,1249694.77,1779052.79
"2024-60171-19/09/2025","ALDINGA","CITY OF ONKAPARINGA",2,1,0,0,1,2024,"October","Tuesday","10:15 pm",60,"Sealed","Dry","Not Raining","Night","Rear End",2,,,1317016.88,1633444.66
"2024-60176-19/09/2025","BORDERTOWN","DC TATIARA.",2,1,0,0,1,2024,"October","Wednesday","02:20 pm",50,"Sealed","Dry","Not Raining","Daylight","Hit Fixed Object",1,,,1517202.81,1508339.6
"2024-60177-19/09/2025","ENFIELD","CITY OF PORT ADELAIDE ENFIELD",2,1,0,1,0,2024,"October","Wednesday","03:10 pm",60,"Sealed","Dry","Not Raining","Daylight","Right Angle",1,,,1328840.03,1677862.04
"2024-60178-19/09/2025","GOOLWA BEACH","ALEXANDRINA COUNCIL",2,1,0,0,1,2024,"October","Wednesday","03:05 pm",100,"Sealed","Dry","Not Raining","Daylight","Hit Fixed Object",1,,,1341044.85,1605890.57
"2024-60180-19/09/2025","DOVER GARDENS","CC MARION.",2,1,0,0,1,2024,"October","Wednesday","03:30 pm",50,"Sealed","Dry","Not Raining","Daylight","Right Angle",1,,,1322467.19,1659826.15
"2024-60181-19/09/2025","ADELAIDE","CITY OF ADELAIDE",2,1,0,0,1,2024,"October","Wednesday","07:30 am",50,"Sealed","Dry","Not Raining","Daylight","Right Turn",2,,,1328231.39,1670509.42
"2024-60182-19/09/2025","GLENELG SOUTH","CITY OF HOLDFAST BAY",2,1,0,0,1,2024,"October","Wednesday","12:30 pm",40,"Sealed","Dry","Not Raining","Daylight","Right Angle",2,,,1320012.73,1663855.08
"2024-60183-19/09/2025","MAWSON LAKES","CITY OF SALISBURY",2,1,0,0,1,2024,"October","Wednesday","01:00 pm",70,"Sealed","Dry","Not Raining","Daylight","Right Angle",2,,,1329866.68,1684830.9
"2024-60188-19/09/2025","SALISBURY DOWNS","CITY OF SALISBURY",3,2,0,0,2,2024,"October","Wednesday","05:50 pm",60,"Sealed","Dry","Not Raining","Daylight","Rear End",1,,,1330689.62,1687418.91
"2024-60189-19/09/2025","KENT TOWN","CC OF NORWOOD,PAYNEHAM & ST PETERS",2,1,0,0,1,2024,"October","Wednesday","09:40 am",50,"Sealed","Dry","Not Raining","Daylight","Right Turn",1,,,1330235.81,1671221.86
"2024-60193-19/09/2025","GLENELG","CITY OF HOLDFAST BAY",2,1,0,0,1,2024,"October","Wednesday","05:38 pm",50,"Sealed","Dry","Not Raining","Daylight","Rear End",1,,,1320791.35,1665095.28
"2024-60198-19/09/2025","SALISBURY NORTH","CITY OF SALISBURY",2,1,0,1,0,2024,"October","Saturday","07:06 pm",60,"Sealed","Dry","Not Raining","Night","Right Turn",2,,"Y",1332365.72,1690548.48
"2024-60201-19/09/2025","SALISBURY","CITY OF SALISBURY",2,1,0,0,1,2024,"October","Thursday","01:28 am",60,"Sealed","Dry","Not Raining","Night","Hit Object on Road",1,"Y",,1333697.65,1688005.39
"2024-60203-19/09/2025","GREENACRES","CITY OF PORT ADELAIDE ENFIELD",2,1,0,0,1,2024,"October","Thursday","07:23 am",60,"Sealed","Dry","Not Raining","Daylight","Right Angle",1,,,1330430.11,1677200.82
"2024-60204-19/09/2025","SOLOMON","DC KIMBA.",2,1,0,0,1,2024,"October","Wednesday","12:20 pm",40,"Unsealed","Dry","Not Raining","Daylight","Rear End",1,,,1128671.32,1868923.81
"2024-60208-19/09/2025","PLYMPTON","CITY OF WEST TORRENS",1,1,0,0,1,2024,"October","Thursday","09:25 am",50,"Sealed","Dry","Not Raining","Daylight","Roll Over",1,,,1323756.95,1666427.02
"2024-60212-19/09/2025","MAWSON LAKES","CITY OF SALISBURY",3,2,0,0,2,2024,"October","Thursday","11:53 am",80,"Sealed","Dry","Not Raining","Daylight","Rear End",1,,,1328697.75,1683414.9
"2024-60214-19/09/2025","POORAKA","CITY OF SALISBURY",2,2,0,0,2,2024,"October","Thursday","01:40 pm",70,"Sealed","Dry","Not Raining","Daylight","Rear End",2,,"Y",1331848.84,1683460.77
"2024-60216-19/09/2025","TORRENSVILLE","CITY OF WEST TORRENS",2,1,0,0,1,2024,"October","Thursday","12:15 pm",60,"Sealed","Dry","Not Raining","Daylight","Rear End",1,,,1325416.27,1672003.04
"2024-60223-19/09/2025","OLD NOARLUNGA","CITY OF ONKAPARINGA",3,2,0,0,2,2024,"October","Thursday","03:50 pm",80,"Sealed","Dry","Not Raining","Daylight","Rear End",1,,,1318378.35,1643282.22
"2024-60224-19/09/2025","PORT AUGUSTA","CC PT.AUGUSTA.",4,1,0,0,1,2024,"October","Thursday","03:15 pm",60,"Sealed","Dry","Not Raining","Daylight","Hit Fixed Object",1,,"Y",1260060.32,1943182.03
"2024-60225-19/09/2025","KILBURN","CITY OF PORT ADELAIDE ENFIELD",2,1,0,0,1,2024,"October","Thursday","04:32 pm",50,"Sealed","Dry","Not Raining","Daylight","Hit Pedestrian",1,,,1327998.69,1678973.79
"2024-60229-19/09/2025","DRY CREEK","CITY OF PORT ADELAIDE ENFIELD",2,1,1,0,0,2024,"October","Thursday","04:30 pm",80,"Sealed","Dry","Not Raining","Daylight","Hit Fixed Object",1,,,1325178.87,1681117.19
"2024-60230-19/09/2025","GILBERTON","WALKERVILLE TOWN COUNCIL",2,1,0,0,1,2024,"October","Thursday","06:20 pm",60,"Sealed","Dry","Not Raining","Daylight","Right Turn",1,,,1330187.26,1673480.36
"2024-60232-19/09/2025","WOODVILLE SOUTH","CITY OF CHARLES STURT",2,1,0,0,1,2024,"October","Thursday","05:50 pm",60,"Sealed","Dry","Not Raining","Daylight","Side Swipe",1,,,1322735.23,1675828.1
"2024-60237-19/09/2025","ONE TREE HILL","CITY OF PLAYFORD.",2,3,0,2,1,2024,"October","Thursday","04:24 pm",80,"Sealed","Dry","Not Raining","Daylight","Head On",2,,,1343887.51,1694215.19
"2024-60240-19/09/2025","MIDDLEBACK RANGE",,2,1,0,0,1,2024,"October","Thursday","03:00 pm",100,"Unsealed","Dry","Not Raining","Daylight","Hit Fixed Object",1,,,1187754.68,1867733.46
"2024-60245-19/09/2025","WHYALLA","CC WHYALLA.",2,1,0,0,1,2024,"October","Thursday","10:20 pm",40,"Sealed","Dry","Not Raining","Night","Hit Fixed Object",1,,,1240612.27,1882240.84
"2024-60249-19/09/2025","BOLIVAR","CITY OF SALISBURY",1,1,0,1,0,2024,"October","Friday","06:45 am",110,"Sealed","Dry","Not Raining","Daylight","Roll Over",1,,"Y",1328056.58,1689032.55
"2024-60252-19/09/2025","HAMPSTEAD GARDENS","CITY OF PORT ADELAIDE ENFIELD",2,1,0,0,1,2024,"October","Thursday","03:55 pm",60,"Sealed","Dry","Not Raining","Daylight","Right Angle",2,,,1331523.2,1676587.57
"2024-60261-19/09/2025","ONKAPARINGA HILLS","CITY OF ONKAPARINGA",2,1,0,0,1,2024,"October","Friday","01:20 pm",60,"Sealed","Dry","Not Raining","Daylight","Right Angle",1,,,1322012.08,1647109.16
"2024-60265-19/09/2025","STRATHALBYN","ALEXANDRINA COUNCIL",2,1,0,0,1,2024,"October","Friday","11:30 am",50,"Sealed","Dry","Not Raining","Daylight","Right Turn",1,,,1353434.66,1632938.65
"2024-60273-19/09/2025","REGENCY PARK","CITY OF PORT ADELAIDE ENFIELD",2,1,0,0,1,2024,"October","Friday","04:43 pm",60,"Sealed","Dry","Not Raining","Daylight","Rear End",2,,,1326094.37,1676380.46
"2024-60275-19/09/2025","ADELAIDE","CITY OF ADELAIDE",2,1,0,0,1,2024,"October","Friday","05:00 pm",50,"Sealed","Dry","Not Raining","Daylight","Hit Pedestrian",1,,,1329018.68,1670909.75
"2024-60276-19/09/2025","PARAFIELD GARDENS","CITY OF SALISBURY",2,1,0,0,1,2024,"October","Friday","05:00 pm",60,"Sealed","Dry","Not Raining","Daylight","Right Angle",2,,,1331651.62,1686657.21
"2024-60281-19/09/2025","EVANSTON GARDENS","CT GAWLER.",2,1,1,0,0,2024,"October","Friday","07:57 pm",110,"Sealed","Dry","Not Raining","Night","Hit Pedestrian",2,,,1341341.71,1704291.65
"2024-60284-19/09/2025","WAIKERIE","LOXTON WAIKERIE DISTRICT COUNCIL",3,1,0,0,1,2024,"October","Friday","04:05 pm",60,"Sealed","Dry","Not Raining","Daylight","Hit Parked Vehicle",1,,,1458742.39,1748249.95
"2024-60285-19/09/2025","MUNNO PARA WEST","CITY OF PLAYFORD.",2,1,0,1,0,2024,"October","Friday","11:08 pm",60,"Sealed","Dry","Not Raining","Night","Right Turn",1,,,1335849.85,1700711.46
"2024-60286-19/09/2025","SALISBURY PLAIN","CITY OF SALISBURY",2,1,0,1,0,2024,"October","Friday","04:15 pm",60,"Sealed","Dry","Not Raining","Daylight","Roll Over",1,,,1335434.47,1688134.74
"2024-60289-19/09/2025","WHYALLA","CC WHYALLA.",2,1,0,0,1,2024,"October","Saturday","12:13 am",60,"Sealed","Dry","Not Raining","Night","Hit Parked Vehicle",1,,,1239806.45,1881950.55
"2024-60291-19/09/2025","SMITHFIELD PLAINS","CITY OF PLAYFORD.",2,1,0,0,1,2024,"October","Saturday","09:40 am",60,"Sealed","Dry","Not Raining","Daylight","Side Swipe",2,,,1336418.44,1698062.73
"2024-60294-19/09/2025","PENFIELD GARDENS","CITY OF PLAYFORD.",2,1,0,0,1,2024,"October","Saturday","11:02 am",60,"Sealed","Dry","Not Raining","Daylight","Right Angle",2,,,1333134.46,1700544.36
"2024-60295-19/09/2025","BROOKLYN PARK","CITY OF WEST TORRENS",2,1,0,0,1,2024,"October","Saturday","11:15 am",60,"Sealed","Dry","Not Raining","Daylight","Right Angle",2,,,1324111.77,1670938.51
"2024-60296-19/09/2025","GLENELG EAST","CITY OF HOLDFAST BAY",3,1,0,0,1,2024,"October","Friday","01:45 pm",60,"Sealed","Dry","Not Raining","Daylight","Rear End",2,,,1321017.54,1664799.61
"2024-60299-19/09/2025","CAMPBELLTOWN","CC CAMPBELLTOWN.",2,1,0,0,1,2024,"September","Tuesday","03:00 pm",60,"Sealed","Dry","Not Raining","Daylight","Rear End",1,,,1334799.33,1674546.22
"2024-60304-19/09/2025","WEST BEACH","CITY OF CHARLES STURT",2,1,0,0,1,2024,"October","Saturday","11:15 am",50,"Sealed","Dry","Not Raining","Daylight","Right Angle",2,,,1319449.98,1668711.8
"2024-60305-19/09/2025","EBA ANCHORAGE","DC STREAKY BAY.",2,2,0,0,2,2024,"October","Saturday","01:00 pm",110,"Sealed","Dry","Not Raining","Daylight","Right Angle",1,,,934418.69,1923844.97
"2024-60312-19/09/2025","PARACOMBE","THE ADELAIDE HILLS COUNCIL",3,2,0,1,1,2024,"October","Saturday","05:45 pm",80,"Sealed","Dry","Not Raining","Daylight","Roll Over",1,,,1343882.08,1676976.92