"REPORT_ID","Suburb","LGA Name","Total Units","Total Cas","Total Fats","Total SI","Total MI","Year","Month","Day","Time","Area Speed","Road Surface","Moisture Cond","Weather Cond","DayNight","Crash Type","Unit Resp","DUI Involved","Drugs Involved","ACCLOC_X","ACCLOC_Y"
"2024-60314-19/09/2025","PENNINGTON","CITY OF CHARLES STURT",3,1,0,0,1,2024,"October","Saturday","09:10 pm",60,"Sealed","Dry","Not Raining","Night","Rear End",2,,,1322353.77,1677709.85
"2024-60315-19/09/2025","FINNISS","ALEXANDRINA COUNCIL",1,1,0,1,0,2024,"October","Saturday","11:12 pm",100,"Unsealed","Dry","Not Raining","Night","Roll Over",1,,,1350921.39,1620464.28
"2024-60316-19/09/2025","WATERLOO CORNER","CITY OF PLAYFORD.",3,1,1,0,0,2024,"October","Sunday","03:45 am",90,"Sealed","Dry","Not Raining","Night","Hit Fixed Object",1,,"Y",1326263.81,1696726.46
"2024-60319-19/09/2025","MANOORA","CLARE AND GILBERT VALLEYS DISTRICT COUNCIL",1,1,0,0,1,2024,"October","Friday","11:18 am",100,"Sealed","Unknown","Unknown","Daylight","Roll Over",1,,,1352753.15,1772148.14
"2024-60322-19/09/2025","REGENCY PARK","CITY OF PORT ADELAIDE ENFIELD",2,1,0,0,1,2024,"October","Sunday","11:00 am",60,"Sealed","Dry","Not Raining","Daylight","Right Turn",2,,,1326094.37,1676380.46
"2024-60323-19/09/2025","STURT","CC MARION.",4,4,0,0,4,2024,"October","Sunday","11:05 am",60,"Sealed","Dry","Not Raining","Daylight","Rear End",1,,,1323640.49,1660647.03
"2024-60324-19/09/2025","CHERRY GARDENS","CITY OF ONKAPARINGA",1,1,0,1,0,2024,"October","Sunday","10:30 am",60,"Unsealed","Dry","Not Raining","Daylight","Roll Over",1,,,1335351.6,1652832.73
"2024-60325-19/09/2025","CURRENCY CREEK","ALEXANDRINA COUNCIL",1,1,0,0,1,2024,"October","Saturday","01:30 pm",100,"Sealed","Dry","Not Raining","Daylight","Roll Over",1,,,1343631.71,1611881.94
"2024-60327-19/09/2025","BALHANNAH","THE ADELAIDE HILLS COUNCIL",2,1,1,0,0,2024,"October","Sunday","01:00 pm",100,"Sealed","Dry","Not Raining","Daylight","Hit Fixed Object",1,,,1346065.33,1663041.48
"2024-60330-19/09/2025","OAKLANDS PARK","CC MARION.",2,1,0,0,1,2024,"October","Sunday","03:03 pm",60,"Sealed","Dry","Not Raining","Daylight","Hit Fixed Object",1,,,1322759.23,1661320.47
"2024-60331-19/09/2025","KUITPO","DC MT.BARKER.",2,1,0,0,1,2024,"October","Sunday","03:27 pm",80,"Sealed","Dry","Not Raining","Daylight","Hit Fixed Object",1,,"Y",1337536.06,1639407.32
"2024-60333-19/09/2025","PALMER","MID MURRAY DISTRICT COUNCIL",2,1,0,0,1,2024,"October","Sunday","03:30 pm",100,"Sealed","Dry","Not Raining","Daylight","Roll Over",9,,,1377840.41,1678657.81
"2024-60337-19/09/2025","MCLAREN VALE","CITY OF ONKAPARINGA",2,1,0,0,1,2024,"October","Sunday","09:26 pm",100,"Sealed","Dry","Not Raining","Night","Hit Fixed Object",1,"Y","Y",1319178.92,1641032.45
"2024-60340-19/09/2025","CRAFERS WEST","THE ADELAIDE HILLS COUNCIL",2,1,0,0,1,2024,"October","Monday","07:17 am",90,"Sealed","Dry","Not Raining","Daylight","Hit Fixed Object",1,,,1337544.23,1662364.89
"2024-60341-19/09/2025","MODBURY","CITY OF TEA TREE GULLY",2,1,0,0,1,2024,"October","Monday","07:17 am",60,"Sealed","Dry","Not Raining","Daylight","Rear End",2,,,1337862.13,1680654.78
"2024-60342-19/09/2025","BRIDGEWATER","THE ADELAIDE HILLS COUNCIL",3,3,0,0,3,2024,"October","Monday","08:03 am",110,"Sealed","Dry","Not Raining","Daylight","Rear End",1,,,1342282.13,1661665.54
"2024-60348-19/09/2025","GLENSIDE","CITY OF BURNSIDE",2,1,0,0,1,2024,"October","Tuesday","12:15 pm",50,"Sealed","Dry","Not Raining","Daylight","Right Angle",2,,,1331530.53,1668346.45
"2024-60352-19/09/2025","ROSE PARK","CITY OF BURNSIDE",2,2,0,0,2,2024,"October","Monday","03:00 pm",60,"Sealed","Dry","Not Raining","Daylight","Rear End",1,,,1330645.56,1670128.29
"2024-60353-19/09/2025","WILLIAMSTOWN","THE BAROSSA COUNCIL.",2,1,0,0,1,2024,"October","Sunday","08:00 pm",100,"Sealed","Dry","Not Raining","Night","Hit Fixed Object",1,,,1356536.55,1701304.77
"2024-60354-19/09/2025","PROSPECT","CITY OF PROSPECT",2,1,0,1,0,2024,"October","Monday","03:35 pm",60,"Sealed","Dry","Not Raining","Daylight","Right Turn",1,,,1328205.13,1676416.68
"2024-60356-19/09/2025","SALISBURY","CITY OF SALISBURY",2,1,0,0,1,2024,"October","Monday","03:23 pm",60,"Sealed","Dry","Not Raining","Daylight","Right Angle",1,,,1333607.67,1688729.28
"2024-60365-19/09/2025","MARDEN","CC OF NORWOOD,PAYNEHAM & ST PETERS",2,1,0,0,1,2024,"October","Thursday","06:50 am",60,"Sealed","Dry","Not Raining","Daylight","Rear End",2,,,1332498.51,1673954.55
"2024-60368-19/09/2025","VISTA","CITY OF TEA TREE GULLY",2,1,0,0,1,2024,"October","Monday","12:45 pm",60,"Sealed","Dry","Not Raining","Daylight","Rear End",2,,,1339792.5,1679839.88
"2024-60372-19/09/2025","PARA HILLS","CITY OF SALISBURY",2,2,0,1,1,2024,"October","Tuesday","08:25 am",60,"Sealed","Dry","Not Raining","Daylight","Right Angle",2,,,1333968.94,1684359.8
"2024-60373-19/09/2025","REDWOOD PARK","CITY OF TEA TREE GULLY",2,1,0,0,1,2024,"October","Monday","08:10 am",50,"Sealed","Dry","Not Raining","Daylight","Right Angle",2,,,1339167.27,1683071.31
"2024-60375-19/09/2025","THORNGATE","CITY OF PROSPECT",3,1,0,0,1,2024,"October","Tuesday","01:00 am",60,"Sealed","Dry","Not Raining","Night","Right Angle",2,,,1328116.31,1673675.73
"2024-60379-19/09/2025","GLENSIDE","CITY OF BURNSIDE",2,1,0,0,1,2024,"October","Tuesday","10:19 am",60,"Unsealed","Dry","Not Raining","Daylight","Right Turn",1,,,1331512.1,1669024.3
"2024-60380-19/09/2025","MONARTO SOUTH","RC MURRAY BRIDGE.",2,1,0,1,0,2024,"October","Tuesday","05:00 am",100,"Sealed","Wet","Unknown","Night","Hit Fixed Object",1,,"Y",1380058.59,1644716.97
"2024-60381-19/09/2025","NORTHGATE","CITY OF PORT ADELAIDE ENFIELD",1,1,0,0,1,2024,"October","Tuesday","11:05 am",50,"Sealed","Dry","Not Raining","Daylight","Roll Over",1,,,1331911.1,1678081.1
"2024-60382-19/09/2025","BUCKLAND PARK","CITY OF PLAYFORD.",2,1,1,0,0,2024,"October","Tuesday","12:12 am",110,"Sealed","Dry","Not Raining","Night","Right Angle",1,,,1325235.15,1697599.62
"2024-60384-19/09/2025","RIDLEYTON","CITY OF CHARLES STURT",2,1,0,1,0,2024,"October","Tuesday","01:25 pm",40,"Sealed","Dry","Not Raining","Daylight","Side Swipe",1,,,1326211.27,1674660.7
"2024-60385-19/09/2025","HILLBANK","CITY OF PLAYFORD.",3,1,0,1,0,2024,"October","Tuesday","01:40 pm",60,"Sealed","Dry","Not Raining","Daylight","Hit Fixed Object",1,,,1336367.88,1690556.2
"2024-60386-19/09/2025","MORPHETT VALE","CITY OF ONKAPARINGA",2,1,0,1,0,2024,"October","Tuesday","01:30 pm",60,"Sealed","Dry","Not Raining","Daylight","Right Angle",1,,,1320810.01,1648695.32
"2024-60388-19/09/2025","WHYALLA NORRIE","CC WHYALLA.",3,1,0,0,1,2024,"October","Tuesday","02:17 pm",60,"Sealed","Dry","Not Raining","Daylight","Hit Parked Vehicle",1,,,1237761.9,1883663.48
"2024-60395-19/09/2025","NORTH ADELAIDE","CITY OF ADELAIDE",2,1,0,0,1,2024,"October","Tuesday","04:15 pm",50,"Sealed","Dry","Not Raining","Daylight","Hit Pedestrian",1,,,1328227.4,1672725.75
"2024-60396-19/09/2025","MAWSON LAKES","CITY OF SALISBURY",3,1,0,0,1,2024,"October","Tuesday","04:30 pm",70,"Sealed","Dry","Not Raining","Daylight","Rear End",1,,,1330161.17,1681793.31
"2024-60397-19/09/2025","SALISBURY","CITY OF SALISBURY",2,1,0,0,1,2024,"October","Tuesday","04:34 pm",50,"Sealed","Dry","Not Raining","Daylight","Hit Fixed Object",1,"Y",,1334109.3,1688308.43
"2024-60408-19/09/2025","HACKNEY","CC OF NORWOOD,PAYNEHAM & ST PETERS",3,2,0,0,2,2024,"October","Tuesday","03:15 pm",60,"Sealed","Dry","Not Raining","Daylight","Hit Pedestrian",1,,,1329820.01,1671828.21
"2024-60411-19/09/2025","MITCHELL PARK","CC MARION.",2,1,0,0,1,2024,"October","Tuesday","08:45 pm",60,"Sealed","Dry","Not Raining","Night","Hit Parked Vehicle",1,"Y",,1324935.98,1661631
"2024-60414-19/09/2025","ONE TREE HILL","CITY OF PLAYFORD.",1,3,0,0,3,2024,"October","Tuesday","08:39 pm",80,"Sealed","Dry","Not Raining","Night","Roll Over",1,,,1343538.9,1693282.65
"2024-60421-19/09/2025","TRURO","MID MURRAY DISTRICT COUNCIL",3,1,0,0,1,2024,"October","Wednesday","07:03 am",50,"Sealed","Wet","Raining","Daylight","Hit Parked Vehicle",1,,,1378806.31,1726164.62
"2024-60426-19/09/2025","CUMBERLAND PARK","CC MITCHAM.",2,1,0,0,1,2024,"October","Wednesday","09:00 am",60,"Sealed","Dry","Not Raining","Daylight","Side Swipe",1,,,1326684.05,1666174.93
"2024-60427-19/09/2025","HINDMARSH VALLEY","DC VICTOR HARBOR.",2,2,0,2,0,2024,"October","Wednesday","06:53 am",100,"Sealed","Dry","Not Raining","Daylight","Head On",1,,,1330177.71,1610370.5
"2024-60430-19/09/2025","STURT","CC MARION.",2,1,0,0,1,2024,"October","Tuesday","01:35 pm",60,"Sealed","Dry","Not Raining","Daylight","Rear End",2,,,1323563.31,1660655.55
"2024-60431-19/09/2025","MODBURY","CITY OF TEA TREE GULLY",2,1,0,0,1,2024,"October","Tuesday","06:05 pm",60,"Sealed","Dry","Not Raining","Daylight","Side Swipe",2,,,1335933.13,1680138.5
"2024-60432-19/09/2025","MORPHETT VALE","CITY OF ONKAPARINGA",2,1,0,0,1,2024,"October","Tuesday","04:55 pm",60,"Sealed","Dry","Not Raining","Daylight","Hit Parked Vehicle",2,,,1320836.46,1647745.26
"2024-60436-19/09/2025","WATERLOO CORNER","CITY OF SALISBURY",2,1,0,0,1,2024,"October","Wednesday","11:20 am",60,"Sealed","Dry","Not Raining","Daylight","Side Swipe",2,,,1327422.99,1692117.28
"2024-60439-19/09/2025","MODBURY","CITY OF TEA TREE GULLY",2,1,0,0,1,2024,"October","Wednesday","12:57 pm",60,"Sealed","Dry","Not Raining","Daylight","Hit Pedestrian",2,,,1337607.89,1680644.03
"2024-60442-19/09/2025","FULLARTON","CITY OF UNLEY",2,1,0,0,1,2024,"October","Wednesday","01:48 pm",60,"Sealed","Dry","Not Raining","Daylight","Rear End",2,,,1331657.73,1667500.33
"2024-60443-19/09/2025","STRATHALBYN","ALEXANDRINA COUNCIL",2,1,0,1,0,2024,"October","Wednesday","01:10 pm",50,"Unsealed","Dry","Not Raining","Daylight","Hit Pedestrian",2,,,1345736.88,1632898.22
"2024-60444-19/09/2025","ANGAS PLAINS","ALEXANDRINA COUNCIL",2,1,0,0,1,2024,"October","Wednesday","10:45 am",100,"Sealed","Dry","Not Raining","Daylight","Roll Over",1,,,1361174.51,1624695.71
"2024-60446-19/09/2025","PLYMPTON","CITY OF WEST TORRENS",2,1,0,1,0,2024,"October","Wednesday","02:39 pm",60,"Sealed","Dry","Not Raining","Daylight","Right Angle",2,,,1324233,1666346.69
"2024-60448-19/09/2025","GOOLWA","ALEXANDRINA COUNCIL",2,1,0,0,1,2024,"October","Wednesday","03:55 pm",50,"Sealed","Dry","Not Raining","Daylight","Right Angle",1,,,1342708.33,1606635.12
"2024-60452-19/09/2025","COORONG","COORONG DISTRICT COUNCIL",1,1,0,0,1,2024,"October","Wednesday","11:50 am",100,"Sealed","Dry","Not Raining","Daylight","Roll Over",1,,,1415673.09,1538364.09
"2024-60456-19/09/2025","KURRALTA PARK","CITY OF WEST TORRENS",2,1,0,0,1,2024,"October","Wednesday","03:30 pm",60,"Sealed","Dry","Not Raining","Daylight","Side Swipe",2,,,1325808.51,1668480.07
"2024-60463-19/09/2025","GAWLER","CT GAWLER.",3,2,0,0,2,2024,"October","Wednesday","09:45 pm",50,"Sealed","Dry","Not Raining","Night","Right Turn",1,,,1343360.4,1706845.26
"2024-60478-19/09/2025","MODBURY NORTH","CITY OF TEA TREE GULLY",3,1,0,0,1,2024,"October","Thursday","10:40 am",80,"Sealed","Dry","Not Raining","Daylight","Rear End",1,,,1335966.45,1682345.59
"2024-60479-19/09/2025","URRBRAE","CC MITCHAM.",3,1,0,0,1,2024,"October","Wednesday","05:20 pm",60,"Sealed","Dry","Not Raining","Daylight","Rear End",1,,,1332574.15,1666230.6
"2024-60483-19/09/2025","CEDUNA","DC CEDUNA",1,2,0,0,2,2024,"October","Thursday","01:20 pm",110,"Sealed","Wet","Raining","Daylight","Roll Over",1,,,872113.86,1991853.41
"2024-60485-19/09/2025","PARK HOLME","CC MARION.",2,1,0,0,1,2024,"October","Thursday","04:50 pm",60,"Sealed","Dry","Not Raining","Daylight","Right Angle",1,,,1324314.76,1663588.48
"2024-60490-19/09/2025","GLENELG EAST","CITY OF HOLDFAST BAY",2,1,0,0,1,2024,"October","Thursday","08:09 pm",60,"Sealed","Wet","Raining","Night","Rear End",2,,,1321007.72,1665203.35
"2024-60491-19/09/2025","OTTOWAY","CITY OF PORT ADELAIDE ENFIELD",1,1,0,1,0,2024,"October","Thursday","08:25 pm",50,"Sealed","Wet","Raining","Night","Roll Over",1,,,1322516.45,1679330.75
"2024-60493-19/09/2025","SEAFORD MEADOWS","CITY OF ONKAPARINGA",2,2,0,0,2,2024,"October","Thursday","09:28 pm",50,"Sealed","Wet","Raining","Night","Right Angle",1,,,1316809.64,1643245.68
"2024-60496-19/09/2025","DULWICH","CITY OF BURNSIDE",3,1,0,0,1,2024,"October","Friday","06:30 am",100,"Sealed","Wet","Not Raining","Daylight","Hit Parked Vehicle",1,,,1331143,1669338.22
"2024-60500-19/09/2025","DOVER GARDENS","CC MARION.",3,1,0,1,0,2024,"October","Friday","08:40 am",60,"Sealed","Dry","Not Raining","Daylight","Right Turn",1,,,1322776.93,1660610.37
"2024-60502-19/09/2025","PORT LINCOLN","CC PT.LINCOLN.",2,1,0,0,1,2024,"October","Friday","08:45 am",25,"Sealed","Dry","Not Raining","Daylight","Hit Pedestrian",2,,,1078205.95,1698127.16
"2024-60507-19/09/2025","WEST RICHMOND","CITY OF WEST TORRENS",5,2,0,0,2,2024,"October","Friday","10:28 am",60,"Sealed","Dry","Not Raining","Daylight","Right Angle",2,,,1324155.53,1669672.83
"2024-60509-19/09/2025","ADELAIDE","CITY OF ADELAIDE",1,1,0,0,1,2024,"October","Friday","12:42 pm",50,"Sealed","Wet","Raining","Daylight","Roll Over",1,,,1328565.68,1670673.28
"2024-60511-19/09/2025","COWANDILLA","CITY OF WEST TORRENS",2,1,0,0,1,2024,"October","Thursday","05:20 am",60,"Sealed","Dry","Not Raining","Night","Hit Pedestrian",1,,,1324145.71,1670043.9
"2024-60518-19/09/2025","MURRAY BRIDGE","RC MURRAY BRIDGE.",2,1,0,0,1,2024,"October","Friday","05:10 pm",50,"Sealed","Dry","Not Raining","Daylight","Rear End",2,,,1389028.71,1645357.48
"2024-60519-19/09/2025","HACKNEY","CC OF NORWOOD,PAYNEHAM & ST PETERS",2,1,0,0,1,2024,"October","Friday","04:48 pm",60,"Sealed","Dry","Not Raining","Daylight","Right Angle",2,,,1329812.61,1671803.44
"2024-60524-19/09/2025","MILLSWOOD","CITY OF UNLEY",2,1,0,1,0,2024,"October","Friday","05:50 pm",50,"Sealed","Dry","Not Raining","Daylight","Hit Pedestrian",2,,,1327471.19,1667469.51
"2024-60531-19/09/2025","ANGASTON","THE BAROSSA COUNCIL.",2,2,0,2,0,2024,"October","Friday","06:55 pm",100,"Sealed","Dry","Not Raining","Daylight","Head On",1,,,1374333.59,1710938.16
"2024-60535-19/09/2025","MONASH","THE BERRI BARMERA COUNCIL",2,1,0,1,0,2024,"October","Saturday","04:50 am",110,"Sealed","Dry","Not Raining","Night","Hit Fixed Object",1,"Y",,1511504.79,1739104.58
"2024-60539-19/09/2025","WAYVILLE","CITY OF UNLEY",2,1,0,0,1,2024,"October","Saturday","10:20 am",60,"Sealed","Dry","Not Raining","Daylight","Side Swipe",2,,,1326928.96,1668900.48
"2024-60542-19/09/2025","MULOORINA",,1,1,0,0,1,2024,"July","Tuesday","09:00 am",100,"Unsealed","Wet","Not Raining","Daylight","Roll Over",1,,,1312626.44,2275260.01
"2024-60547-19/09/2025","GLANVILLE","CITY OF PORT ADELAIDE ENFIELD",2,3,0,0,3,2024,"October","Saturday","02:10 pm",50,"Sealed","Dry","Not Raining","Daylight","Right Angle",2,,,1318879.39,1679823.55
"2024-60551-19/09/2025","OAKLANDS PARK","CC MARION.",2,1,0,0,1,2024,"October","Saturday","03:00 pm",60,"Sealed","Dry","Not Raining","Daylight","Right Turn",1,,,1322768.82,1660878.17
"2024-60552-19/09/2025","LINDEN PARK","CITY OF BURNSIDE",2,1,0,0,1,2024,"October","Saturday","03:44 pm",60,"Sealed","Dry","Not Raining","Daylight","Right Turn",2,,"Y",1332318.86,1668831.84
"2024-60554-19/09/2025","PAISLEY","LOXTON WAIKERIE DISTRICT COUNCIL",1,2,0,0,2,2024,"October","Saturday","03:45 pm",110,"Sealed","Dry","Not Raining","Daylight","Roll Over",1,,,1427804.58,1734170.18
"2024-60555-19/09/2025","EUROMINA","NORTHERN AREAS DISTRICT COUNCIL",1,1,0,0,1,2024,"October","Saturday","02:30 pm",100,"Unsealed","Dry","Not Raining","Daylight","Roll Over",1,,,1332684.01,1816464.58
"2024-60556-19/09/2025","WAYVILLE","CITY OF UNLEY",3,2,0,0,2,2024,"October","Saturday","05:43 pm",60,"Sealed","Dry","Not Raining","Daylight","Right Turn",2,,,1327969.17,1668950.29
"2024-60557-19/09/2025","OLD REYNELLA","CITY OF ONKAPARINGA",2,2,0,0,2,2024,"October","Saturday","05:40 pm",60,"Sealed","Dry","Not Raining","Daylight","Right Turn",2,,,1321793.48,1651700.05
"2024-60558-19/09/2025","ST KILDA","CITY OF SALISBURY",2,1,0,1,0,2024,"October","Saturday","04:56 pm",80,"Sealed","Dry","Not Raining","Daylight","Hit Fixed Object",1,,"Y",1324642.67,1692316.18
"2024-60560-19/09/2025","GLENELG","CITY OF HOLDFAST BAY",2,1,0,0,1,2024,"October","Saturday","06:45 pm",50,"Sealed","Dry","Not Raining","Daylight","Rear End",1,,,1320806.36,1664577.19
"2024-60562-19/09/2025","MURRAY BRIDGE","RC MURRAY BRIDGE.",2,1,0,0,1,2024,"October","Saturday","08:00 pm",60,"Sealed","Dry","Not Raining","Night","Right Angle",2,,,1388498.44,1644790.92
"2024-60564-19/09/2025","WOODCROFT","CITY OF ONKAPARINGA",1,1,0,1,0,2024,"October","Saturday","09:20 pm",60,"Sealed","Dry","Not Raining","Night","Roll Over",1,"Y","Y",1323788.7,1651103.02
"2024-60565-19/09/2025","MODBURY NORTH","CITY OF TEA TREE GULLY",2,3,0,0,3,2024,"October","Saturday","09:55 pm",80,"Sealed","Dry","Not Raining","Night","Right Angle",1,,,1336165.68,1681195.41
"2024-60567-19/09/2025","SUNNYSIDE","RC MURRAY BRIDGE.",2,2,0,0,2,2024,"October","Saturday","07:15 pm",100,"Sealed","Dry","Not Raining","Daylight","Roll Over",1,"Y",,1399174.54,1654915.35
"2024-60573-19/09/2025","PENFIELD GARDENS","CITY OF PLAYFORD.",3,2,0,0,2,2024,"October","Sunday","09:25 am",60,"Sealed","Dry","Not Raining","Daylight","Right Angle",2,,,1333134.46,1700544.36
"2024-60574-19/09/2025","SEATON","CITY OF CHARLES STURT",3,1,0,0,1,2024,"October","Sunday","11:33 am",60,"Sealed","Dry","Not Raining","Daylight","Rear End",1,,,1320768.35,1673666.59
"2024-60576-19/09/2025","GOOLWA","ALEXANDRINA COUNCIL",2,1,0,0,1,2024,"October","Sunday","10:04 am",80,"Sealed","Dry","Not Raining","Daylight","Head On",2,,,1342343.66,1607486.28
"2024-60577-19/09/2025","WINDSOR GARDENS","CITY OF PORT ADELAIDE ENFIELD",3,1,0,0,1,2024,"October","Sunday","12:10 pm",50,"Sealed","Dry","Not Raining","Daylight","Hit Fixed Object",1,,,1333729.59,1677010.65
"2024-60579-19/09/2025","FLAGSTAFF HILL","CITY OF ONKAPARINGA",3,1,0,1,0,2024,"October","Sunday","01:23 pm",50,"Sealed","Dry","Not Raining","Daylight","Hit Pedestrian",1,,"Y",1326277.32,1656908.05
"2024-60580-19/09/2025","OLD NOARLUNGA","CITY OF ONKAPARINGA",2,1,0,0,1,2024,"October","Sunday","02:20 pm",80,"Sealed","Dry","Not Raining","Daylight","Rear End",2,,,1318386.84,1643330.03
"2024-60586-19/09/2025","MCCRACKEN","DC VICTOR HARBOR.",3,1,0,0,1,2024,"October","Sunday","05:47 pm",60,"Sealed","Dry","Not Raining","Daylight","Rear End",1,,"Y",1329735.44,1603197.66
"2024-60587-19/09/2025","MUNNO PARA WEST","CITY OF PLAYFORD.",2,3,0,0,3,2024,"October","Sunday","12:00 pm",60,"Sealed","Dry","Not Raining","Daylight","Rear End",1,,,1336164.68,1698824.53
"2024-60588-19/09/2025","PORT NOARLUNGA SOUTH","CITY OF ONKAPARINGA",1,1,0,0,1,2024,"October","Saturday","03:00 pm",50,"Sealed","Dry","Not Raining","Daylight","Roll Over",1,,,1315483.29,1643873.98
"2024-60594-19/09/2025","CAROLINE","DISTRICT COUNCIL OF GRANT",1,1,0,0,1,2024,"October","Monday","06:15 am",100,"Sealed","Dry","Not Raining","Night","Left Road - Out of Control",1,,,1521755.92,1332225.6
"2024-60595-19/09/2025","BEDFORD PARK","CC MARION.",2,2,0,0,2,2024,"October","Monday","07:15 am",70,"Sealed","Dry","Not Raining","Daylight","Right Angle",1,,,1325127,1660448.01
"2024-60597-19/09/2025","ANDREWS FARM","CITY OF PLAYFORD.",2,1,0,0,1,2024,"October","Monday","07:44 am",50,"Sealed","Dry","Not Raining","Daylight","Hit Pedestrian",2,,,1334765.07,1698149.02
"2024-60600-19/09/2025","GLENELG SOUTH","CITY OF HOLDFAST BAY",2,1,0,0,1,2024,"October","Monday","08:45 am",50,"Sealed","Dry","Not Raining","Daylight","Right Angle",1,,,1320822.53,1664014.01
"2024-60601-19/09/2025","GOOLWA","ALEXANDRINA COUNCIL",2,1,0,0,1,2024,"October","Monday","08:05 am",50,"Sealed","Dry","Not Raining","Daylight","Hit Fixed Object",1,,,1343149.28,1606252.22
"2024-60605-19/09/2025","ELIZABETH SOUTH","CITY OF PLAYFORD.",2,1,0,0,1,2024,"October","Monday","08:40 am",60,"Sealed","Dry","Not Raining","Daylight","Hit Fixed Object",1,,,1333286.51,1690045.72
"2024-60607-19/09/2025","STIRLING","THE ADELAIDE HILLS COUNCIL",1,1,0,0,1,2024,"October","Sunday","01:55 pm",60,"Sealed","Dry","Not Raining","Daylight","Roll Over",1,,,1338168.16,1660995.56
"2024-60608-19/09/2025","KENSINGTON PARK","CITY OF BURNSIDE",2,1,0,1,0,2024,"October","Monday","10:28 am",50,"Sealed","Dry","Not Raining","Daylight","Right Angle",1,,,1333059.85,1671442.29
"2024-60611-19/09/2025","HINDMARSH","CITY OF CHARLES STURT",2,1,0,0,1,2024,"October","Monday","12:14 pm",60,"Sealed","Dry","Not Raining","Daylight","Rear End",2,,,1325975.1,1673031.8
"2024-60612-19/09/2025","SEAFORD RISE","CITY OF ONKAPARINGA",2,1,0,0,1,2024,"October","Sunday","08:30 pm",60,"Sealed","Dry","Not Raining","Night","Right Turn",1,,,1316386.82,1641371.18
"2024-60617-19/09/2025","GAWLER","CT GAWLER.",2,1,0,1,0,2024,"October","Monday","04:00 pm",50,"Unsealed","Dry","Not Raining","Daylight","Hit Fixed Object",9,,,1343359.52,1706480.06
"2024-60618-19/09/2025","MAYLANDS","CC OF NORWOOD,PAYNEHAM & ST PETERS",2,1,0,0,1,2024,"October","Monday","03:39 pm",60,"Sealed","Dry","Not Raining","Daylight","Right Turn",1,,,1332238.21,1671761.6
"2024-60621-19/09/2025","HACKHAM WEST","CITY OF ONKAPARINGA",2,1,0,1,0,2024,"October","Monday","04:15 pm",60,"Sealed","Dry","Not Raining","Daylight","Hit Fixed Object",1,,,1320089.11,1647507.67
"2024-60625-19/09/2025","ADELAIDE","CITY OF ADELAIDE",1,1,0,0,1,2024,"October","Monday","05:30 pm",60,"Sealed","Dry","Not Raining","Daylight","Other",9,,,1329579.07,1671176.95
"2024-60628-19/09/2025","WOODCROFT","CITY OF ONKAPARINGA",3,1,0,1,0,2024,"October","Monday","03:30 pm",80,"Sealed","Dry","Not Raining","Daylight","Rear End",1,,,1323060.58,1650830.44
"2024-60629-19/09/2025","KAPUNDA","LIGHT REGIONAL COUNCIL",2,3,0,0,3,2024,"October","Monday","02:35 pm",80,"Sealed","Dry","Not Raining","Daylight","Rear End",2,,,1361185.03,1734696.29
"2024-60633-19/09/2025","LAMEROO","SOUTHERN MALLEE DISTRICT COUNCIL",2,1,0,0,1,2024,"October","Wednesday","07:11 am",110,"Sealed","Dry","Not Raining","Daylight","Hit Fixed Object",1,,,1484996.94,1616269.06
"2024-60636-19/09/2025","ELIZABETH GROVE","CITY OF PLAYFORD.",3,1,0,0,1,2024,"October","Tuesday","08:15 am",80,"Sealed","Dry","Not Raining","Daylight","Rear End",1,,,1336111.39,1691953.22
"2024-60638-19/09/2025","HENLEY BEACH SOUTH","CITY OF CHARLES STURT",3,1,0,0,1,2024,"October","Tuesday","08:00 am",50,"Unsealed","Dry","Not Raining","Daylight","Right Angle",2,,,1319507.6,1671014.85
"2024-60639-19/09/2025","PLYMPTON","CITY OF WEST TORRENS",2,1,0,1,0,2024,"October","Tuesday","08:04 am",50,"Sealed","Dry","Not Raining","Daylight","Right Angle",1,,,1324675.13,1667629.27
"2024-60640-19/09/2025","MAWSON LAKES","CITY OF SALISBURY",2,3,0,0,3,2024,"October","Tuesday","08:20 am",80,"Sealed","Dry","Not Raining","Daylight","Rear End",2,,,1331142.81,1682678.68
"2024-60642-19/09/2025","SEACOMBE GARDENS","CC MARION.",2,1,0,0,1,2024,"October","Tuesday","08:30 am",60,"Sealed","Dry","Not Raining","Daylight","Rear End",2,,,1323592.73,1660212.51
"2024-60643-19/09/2025","MEDINDIE","WALKERVILLE TOWN COUNCIL",2,1,0,0,1,2024,"October","Monday","03:20 pm",60,"Sealed","Dry","Not Raining","Daylight","Rear End",2,,,1328833.47,1674152.19
"2024-60646-19/09/2025","POORAKA","CITY OF SALISBURY",2,1,0,0,1,2024,"October","Sunday","12:50 pm",50,"Sealed","Dry","Not Raining","Daylight","Rear End",2,,,1330028.67,1680927.3
"2024-60648-19/09/2025","PARACOMBE","THE ADELAIDE HILLS COUNCIL",2,1,0,0,1,2024,"October","Tuesday","10:40 am",80,"Sealed","Dry","Not Raining","Daylight","Hit Fixed Object",1,,,1342433.69,1679588.55