"REPORT_ID","Suburb","LGA Name","Total Units","Total Cas","Total Fats","Total SI","Total MI","Year","Month","Day","Time","Area Speed","Road Surface","Moisture Cond","Weather Cond","DayNight","Crash Type","Unit Resp","DUI Involved","Drugs Involved","ACCLOC_X","ACCLOC_Y"
"2024-60649-19/09/2025","SHEA-OAK LOG","LIGHT REGIONAL COUNCIL",2,3,0,0,3,2024,"October","Tuesday","09:51 am",100,"Sealed","Dry","Not Raining","Daylight","Right Angle",2,,,1345589.38,1713688.99
"2024-60652-19/09/2025","BEDFORD PARK","CC MARION.",2,1,0,1,0,2024,"October","Tuesday","11:30 am",60,"Sealed","Dry","Not Raining","Daylight","Other",9,,,1324441.14,1660210.49
"2024-60653-19/09/2025","MOUNT GAMBIER","CC MT.GAMBIER.",2,1,0,0,1,2024,"October","Tuesday","10:30 am",50,"Sealed","Dry","Not Raining","Daylight","Hit Pedestrian",2,,,1510216.88,1340144.79
"2024-60654-19/09/2025","URRBRAE","CC MITCHAM.",2,1,0,0,1,2024,"October","Tuesday","12:30 pm",60,"Sealed","Dry","Not Raining","Daylight","Hit Fixed Object",1,,,1332373.16,1666370.92
"2024-60660-19/09/2025","MOUNT BARKER","DC MT.BARKER.",2,1,0,0,1,2024,"October","Tuesday","03:15 pm",50,"Sealed","Dry","Not Raining","Daylight","Right Turn",2,,"Y",1351557.07,1652404.01
"2024-60662-19/09/2025","WOODVILLE PARK","CITY OF CHARLES STURT",2,2,0,0,2,2024,"October","Tuesday","03:50 pm",60,"Sealed","Dry","Not Raining","Daylight","Right Angle",2,,,1324157.94,1676111.97
"2024-60663-19/09/2025","O'HALLORAN HILL","CC MARION.",2,1,0,0,1,2024,"October","Tuesday","08:15 am",70,"Sealed","Dry","Not Raining","Daylight","Rear End",2,,,1324329.37,1656621.38
"2024-60664-19/09/2025","PARAFIELD GARDENS","CITY OF SALISBURY",2,1,0,0,1,2024,"October","Tuesday","04:00 pm",50,"Sealed","Dry","Not Raining","Daylight","Head On",1,,,1328970.67,1687886.69
"2024-60665-19/09/2025","LOWER MITCHAM","CC MITCHAM.",2,1,0,1,0,2024,"October","Tuesday","04:27 pm",50,"Sealed","Dry","Not Raining","Daylight","Hit Pedestrian",2,,,1329134.22,1665060.81
"2024-60666-19/09/2025","RISDON PARK","PT.PIRIE CITY & DIST. COUNCIL",2,1,0,0,1,2024,"October","Tuesday","05:45 pm",50,"Sealed","Wet","Not Raining","Daylight","Hit Pedestrian",2,,,1278556.15,1863820.72
"2024-60667-19/09/2025","WEST LAKES","CITY OF CHARLES STURT",2,1,0,0,1,2024,"October","Tuesday","02:00 pm",60,"Sealed","Dry","Not Raining","Daylight","Right Angle",2,,,1318546.67,1676799.79
"2024-60668-19/09/2025","CLARENCE GARDENS","CC MITCHAM.",2,1,0,0,1,2024,"October","Tuesday","06:47 pm",60,"Sealed","Dry","Not Raining","Daylight","Right Angle",2,,,1325860.85,1666161.82
"2024-60686-19/09/2025","GILLMAN","CITY OF PORT ADELAIDE ENFIELD",3,2,0,2,0,2024,"October","Wednesday","09:43 am",90,"Sealed","Dry","Not Raining","Daylight","Head On",1,,,1323053.42,1681001.78
"2024-60687-19/09/2025","NORTHFIELD","CITY OF PORT ADELAIDE ENFIELD",2,1,0,0,1,2024,"October","Wednesday","10:05 am",60,"Sealed","Dry","Not Raining","Daylight","Right Angle",2,,,1330402.07,1678326.47
"2024-60689-19/09/2025","RISDON PARK","PT.PIRIE CITY & DIST. COUNCIL",2,1,0,0,1,2024,"October","Wednesday","06:15 am",50,"Sealed","Dry","Not Raining","Night","Hit Fixed Object",1,,,1278693.5,1864105.22
"2024-60695-19/09/2025","ARNO BAY","DC CLEVE.",3,1,0,1,0,2024,"October","Sunday","06:24 pm",110,"Sealed","Dry","Not Raining","Daylight","Hit Fixed Object",1,,,1141160.38,1784918.39
"2024-60697-19/09/2025","WOODCROFT","CITY OF ONKAPARINGA",3,1,0,0,1,2024,"October","Wednesday","02:11 pm",50,"Sealed","Dry","Not Raining","Daylight","Hit Fixed Object",1,,,1324142.72,1652273.68
"2024-60700-19/09/2025","KENSINGTON PARK","CITY OF BURNSIDE",2,1,0,0,1,2024,"October","Wednesday","08:35 am",60,"Sealed","Dry","Not Raining","Daylight","Side Swipe",2,,,1333889.74,1670787.76
"2024-60702-19/09/2025","STEPNEY","CC OF NORWOOD,PAYNEHAM & ST PETERS",2,1,0,0,1,2024,"October","Wednesday","03:19 pm",50,"Sealed","Dry","Not Raining","Daylight","Right Angle",1,,,1331336.65,1672144.55
"2024-60703-19/09/2025","NETLEY","CITY OF WEST TORRENS",2,1,0,0,1,2024,"October","Wednesday","03:00 pm",60,"Sealed","Dry","Not Raining","Daylight","Right Turn",1,,,1324175.25,1668909.78
"2024-60710-19/09/2025","MITCHAM","CC MITCHAM.",2,1,0,0,1,2024,"October","Wednesday","03:45 pm",60,"Sealed","Dry","Not Raining","Daylight","Hit Pedestrian",2,,,1330412.29,1664650.61
"2024-60714-19/09/2025","MEADOWS","DC MT.BARKER.",2,2,1,1,0,2024,"October","Wednesday","03:34 pm",80,"Sealed","Dry","Not Raining","Daylight","Head On",1,,,1340423.32,1641788.71
"2024-60723-19/09/2025","ALAWOONA","LOXTON WAIKERIE DISTRICT COUNCIL",2,1,0,0,1,2024,"October","Thursday","06:00 am",110,"Sealed","Dry","Not Raining","Night","Roll Over",1,,,1505310.38,1686823.69
"2024-60726-19/09/2025","HAPPY VALLEY","CITY OF ONKAPARINGA",3,2,0,0,2,2024,"October","Thursday","08:00 am",60,"Sealed","Dry","Not Raining","Daylight","Right Turn",1,,,1324632.69,1653443.53
"2024-60727-19/09/2025","REGENCY PARK","CITY OF PORT ADELAIDE ENFIELD",2,1,0,0,1,2024,"October","Thursday","08:05 am",60,"Sealed","Dry","Not Raining","Daylight","Rear End",1,,,1326595.57,1676387.11
"2024-60728-19/09/2025","KLEMZIG","CITY OF PORT ADELAIDE ENFIELD",2,1,0,0,1,2024,"October","Thursday","09:15 am",50,"Sealed","Dry","Not Raining","Daylight","Hit Parked Vehicle",1,,,1331409.09,1675624.25
"2024-60731-19/09/2025","SALISBURY","CITY OF SALISBURY",2,1,0,0,1,2024,"October","Thursday","09:45 am",60,"Sealed","Dry","Not Raining","Daylight","Right Angle",1,,,1332728.57,1688571.7
"2024-60734-19/09/2025","SMITHFIELD","CITY OF PLAYFORD.",3,1,0,0,1,2024,"October","Thursday","09:51 am",50,"Sealed","Dry","Not Raining","Daylight","Rear End",1,,,1337276.17,1697532.29
"2024-60735-19/09/2025","WHYALLA BARSON","CC WHYALLA.",2,1,0,0,1,2024,"October","Thursday","05:20 am",100,"Sealed","Unknown","Unknown","Night","Hit Animal",2,,,1239563.24,1885543.43
"2024-60737-19/09/2025","HENLEY BEACH","CITY OF CHARLES STURT",2,1,0,0,1,2024,"October","Thursday","11:00 am",50,"Sealed","Dry","Not Raining","Daylight","Right Angle",1,,,1319343.78,1673042.21
"2024-60741-19/09/2025","MONARTO SOUTH","RC MURRAY BRIDGE.",2,1,0,0,1,2024,"October","Thursday","01:16 pm",100,"Sealed","Dry","Not Raining","Daylight","Right Angle",1,,,1375952.72,1647660.43
"2024-60749-19/09/2025","STURT","CC MARION.",2,1,0,0,1,2024,"October","Thursday","03:27 pm",60,"Sealed","Dry","Not Raining","Daylight","Right Turn",1,,,1324418.54,1660680
"2024-60750-19/09/2025","SALISBURY","CITY OF SALISBURY",2,1,0,0,1,2024,"October","Thursday","04:01 pm",50,"Sealed","Dry","Not Raining","Daylight","Hit Pedestrian",2,,,1333286.26,1688533.47
"2024-60757-19/09/2025","RISDON PARK SOUTH","PT.PIRIE CITY & DIST. COUNCIL",2,1,0,0,1,2024,"October","Thursday","04:00 pm",50,"Sealed","Dry","Not Raining","Daylight","Right Angle",1,,,1278833.64,1862926.74
"2024-60763-19/09/2025","CUMBERLAND PARK","CC MITCHAM.",2,1,0,0,1,2024,"October","Thursday","06:40 pm",50,"Sealed","Dry","Not Raining","Daylight","Hit Fixed Object",1,"Y",,1326711.7,1665214.34
"2024-60776-19/09/2025","MEDINDIE","WALKERVILLE TOWN COUNCIL",2,1,0,0,1,2024,"October","Friday","08:35 am",60,"Sealed","Dry","Not Raining","Daylight","Rear End",2,,,1328359.11,1673680.45
"2024-60779-19/09/2025","HOLDEN HILL","CITY OF TEA TREE GULLY",2,1,0,0,1,2024,"October","Friday","08:45 am",50,"Sealed","Dry","Not Raining","Daylight","Right Angle",2,,,1335298.53,1679000.4
"2024-60785-19/09/2025","WOODCROFT","CITY OF ONKAPARINGA",2,1,0,0,1,2024,"October","Friday","08:10 am",60,"Sealed","Dry","Not Raining","Daylight","Side Swipe",1,,,1323131.01,1651084.05
"2024-60787-19/09/2025","PARAFIELD","CITY OF SALISBURY",4,2,0,0,2,2024,"October","Friday","09:27 am",80,"Sealed","Dry","Not Raining","Daylight","Rear End",1,,,1332537.93,1684407.94
"2024-60791-19/09/2025","WEST HINDMARSH","CITY OF CHARLES STURT",2,2,0,0,2,2024,"October","Friday","11:48 am",60,"Sealed","Dry","Not Raining","Daylight","Right Angle",2,,"Y",1324994.09,1673199.93
"2024-60792-19/09/2025","GEPPS CROSS","CITY OF PORT ADELAIDE ENFIELD",2,1,0,0,1,2024,"October","Friday","12:39 pm",70,"Sealed","Dry","Not Raining","Daylight","Hit Parked Vehicle",1,,,1328546.17,1680412.89
"2024-60793-19/09/2025","VICTOR HARBOR","DC VICTOR HARBOR.",2,1,0,0,1,2024,"October","Friday","12:00 pm",50,"Sealed","Dry","Not Raining","Daylight","Hit Parked Vehicle",1,,,1328418.91,1600848.98
"2024-60794-19/09/2025","ADELAIDE","CITY OF ADELAIDE",2,1,0,1,0,2024,"October","Saturday","03:00 am",50,"Sealed","Dry","Not Raining","Night","Rear End",2,,,1327931.45,1670289.51
"2024-60795-19/09/2025","WEST RICHMOND","CITY OF WEST TORRENS",2,1,0,0,1,2024,"October","Friday","12:45 pm",60,"Sealed","Dry","Not Raining","Daylight","Right Angle",2,,,1324147.61,1669631.84
"2024-60803-19/09/2025","GLYNDE","CC OF NORWOOD,PAYNEHAM & ST PETERS",4,1,0,0,1,2024,"October","Friday","03:40 pm",60,"Sealed","Dry","Not Raining","Daylight","Rear End",1,,,1332807.33,1674091.76
"2024-60809-19/09/2025","AGERY","YORKE PENINSULA COUNCIL",2,1,0,0,1,2024,"October","Friday","03:13 pm",100,"Sealed","Dry","Not Raining","Daylight","Hit Fixed Object",1,,,1252953.11,1763806.95
"2024-60815-19/09/2025","ADELAIDE","CITY OF ADELAIDE",2,2,0,0,2,2024,"October","Friday","05:00 pm",60,"Sealed","Dry","Not Raining","Daylight","Rear End",2,,,1327371.52,1670861.51
"2024-60816-19/09/2025","MONTACUTE","THE ADELAIDE HILLS COUNCIL",1,1,0,0,1,2024,"October","Friday","05:50 pm",80,"Sealed","Dry","Not Raining","Daylight","Left Road - Out of Control",1,,,1340060.16,1674266.75
"2024-60819-19/09/2025","WALKER FLAT","MID MURRAY DISTRICT COUNCIL",2,2,0,2,0,2024,"October","Friday","07:00 pm",80,"Sealed","Dry","Not Raining","Daylight","Hit Fixed Object",1,,"Y",1414859.7,1688569.5
"2024-60821-19/09/2025","MONTACUTE","THE ADELAIDE HILLS COUNCIL",2,1,0,0,1,2024,"October","Friday","09:27 pm",80,"Sealed","Dry","Not Raining","Night","Hit Fixed Object",1,,,1339983.74,1674333.34
"2024-60823-19/09/2025","PROSPECT","CITY OF PROSPECT",3,1,0,0,1,2024,"October","Friday","04:21 pm",60,"Sealed","Dry","Not Raining","Daylight","Rear End",1,,,1328862.6,1676432.75
"2024-60824-19/09/2025","ADELAIDE","CITY OF ADELAIDE",2,1,0,1,0,2024,"October","Saturday","12:06 am",50,"Sealed","Dry","Not Raining","Night","Rear End",1,,,1328466.7,1671134.19
"2024-60826-19/09/2025","BROADVIEW","CITY OF PORT ADELAIDE ENFIELD",2,1,0,1,0,2024,"October","Saturday","01:16 am",60,"Sealed","Dry","Not Raining","Night","Hit Pedestrian",2,,,1329812.11,1676457.31
"2024-60831-19/09/2025","REGENCY PARK","CITY OF PORT ADELAIDE ENFIELD",2,1,0,0,1,2024,"October","Saturday","08:10 am",50,"Sealed","Dry","Not Raining","Daylight","Hit Fixed Object",1,"Y",,1325578.85,1677551.08
"2024-60833-19/09/2025","HECTORVILLE","CC CAMPBELLTOWN.",2,3,0,0,3,2024,"October","Saturday","09:40 am",60,"Sealed","Dry","Not Raining","Daylight","Right Turn",1,,,1334554.18,1674532.6
"2024-60836-19/09/2025","STEPNEY","CC OF NORWOOD,PAYNEHAM & ST PETERS",2,1,0,0,1,2024,"October","Saturday","12:24 pm",60,"Sealed","Dry","Not Raining","Daylight","Right Angle",1,,,1331172.71,1672480.14
"2024-60839-19/09/2025","HUNTFIELD HEIGHTS","CITY OF ONKAPARINGA",2,1,0,1,0,2024,"October","Saturday","01:30 pm",60,"Sealed","Dry","Not Raining","Daylight","Hit Pedestrian",1,"Y",,1320837.17,1646549.24
"2024-60843-19/09/2025","HAPPY VALLEY","CITY OF ONKAPARINGA",2,1,0,0,1,2024,"October","Saturday","02:50 pm",60,"Sealed","Dry","Not Raining","Daylight","Right Turn",1,,,1324569.46,1653439.77
"2024-60852-19/09/2025","TUSMORE","CITY OF BURNSIDE",2,1,0,0,1,2024,"October","Saturday","07:45 pm",60,"Sealed","Dry","Not Raining","Night","Right Turn",1,,,1332311.5,1669056.54
"2024-60854-19/09/2025","SALISBURY NORTH","CITY OF SALISBURY",2,3,0,0,3,2024,"October","Saturday","09:25 pm",60,"Sealed","Dry","Not Raining","Night","Right Turn",2,,,1331483.83,1689771.32
"2024-60862-19/09/2025","MOUNT LIGHT","DC NARACOORTE & LUCINDALE.",2,1,0,0,1,2024,"October","Sunday","04:10 am",100,"Sealed","Dry","Not Raining","Night","Hit Fixed Object",1,,,1518864.88,1430213.2
"2024-60863-19/09/2025","LIGHTSVIEW","CITY OF PORT ADELAIDE ENFIELD",2,1,0,0,1,2024,"October","Sunday","09:48 am",50,"Sealed","Dry","Not Raining","Daylight","Hit Pedestrian",2,,,1331117.32,1677362.85
"2024-60867-19/09/2025","GOOLWA","ALEXANDRINA COUNCIL",3,1,0,0,1,2024,"October","Sunday","10:58 am",50,"Sealed","Dry","Not Raining","Daylight","Hit Fixed Object",1,,,1342577.28,1605957.97
"2024-60868-19/09/2025","HENLEY BEACH","CITY OF CHARLES STURT",2,1,0,0,1,2024,"October","Sunday","12:40 pm",50,"Sealed","Dry","Not Raining","Daylight","Right Angle",2,,,1318761.49,1671991.14
"2024-60871-19/09/2025","FREELING","LIGHT REGIONAL COUNCIL",2,2,0,0,2,2024,"October","Sunday","02:40 pm",100,"Sealed","Dry","Not Raining","Daylight","Right Angle",1,,,1350740.5,1722138.29
"2024-60872-19/09/2025","ROSTREVOR","CC CAMPBELLTOWN.",3,2,0,0,2,2024,"October","Sunday","02:16 pm",50,"Sealed","Dry","Not Raining","Daylight","Hit Fixed Object",1,,,1336453.11,1673895.45
"2024-60875-19/09/2025","ALDINGA BEACH","CITY OF ONKAPARINGA",2,1,0,1,0,2024,"October","Sunday","04:00 pm",90,"Sealed","Dry","Not Raining","Daylight","Side Swipe",1,,,1315505.1,1630586.65
"2024-60876-19/09/2025","TENNYSON","CITY OF CHARLES STURT",3,1,0,0,1,2024,"October","Sunday","05:00 pm",60,"Sealed","Dry","Not Raining","Daylight","Rear End",1,,,1318160.78,1676353.16
"2024-60877-19/09/2025","NANGWARRY","WATTLE RANGE COUNCIL",2,3,2,1,0,2024,"October","Sunday","02:42 pm",110,"Sealed","Dry","Not Raining","Daylight","Rear End",1,,,1513881.58,1367182.07
"2024-60878-19/09/2025","QUORN","THE FLINDERS RANGES COUNCIL.",1,2,0,2,0,2024,"October","Sunday","04:50 pm",100,"Unsealed","Dry","Not Raining","Daylight","Roll Over",1,,,1284196.99,1957920.64
"2024-60879-19/09/2025","PLYMPTON","CITY OF WEST TORRENS",2,1,0,0,1,2024,"October","Sunday","09:22 pm",50,"Sealed","Dry","Not Raining","Night","Hit Pedestrian",2,,,1324111.19,1666337.01
"2024-60881-19/09/2025","PORT AUGUSTA WEST","CC PT.AUGUSTA.",2,1,0,1,0,2024,"October","Sunday","08:40 pm",110,"Sealed","Dry","Not Raining","Night","Head On",2,,,1254981.44,1942802.69
"2024-60883-19/09/2025","DRY CREEK","CITY OF PORT ADELAIDE ENFIELD",2,1,0,0,1,2024,"October","Monday","07:54 am",70,"Sealed","Dry","Not Raining","Daylight","Right Angle",1,,,1327751.83,1679804.64
"2024-60890-19/09/2025","WOODVILLE NORTH","CITY OF CHARLES STURT",2,1,0,0,1,2024,"October","Monday","10:20 am",60,"Sealed","Dry","Not Raining","Daylight","Hit Pedestrian",2,,,1323976.32,1676462.67
"2024-60896-19/09/2025","STRATHALBYN","ALEXANDRINA COUNCIL",2,1,0,1,0,2024,"October","Monday","12:20 pm",100,"Sealed","Dry","Not Raining","Daylight","Side Swipe",1,,,1354150.65,1635762.6
"2024-60899-19/09/2025","BLANCHETOWN","MID MURRAY DISTRICT COUNCIL",2,1,0,0,1,2024,"October","Monday","10:35 am",100,"Sealed","Dry","Not Raining","Daylight","Right Turn",2,,,1422755.95,1730877.03
"2024-60900-19/09/2025","MALVERN","CITY OF UNLEY",3,1,0,0,1,2024,"October","Monday","01:25 pm",60,"Sealed","Dry","Not Raining","Daylight","Hit Parked Vehicle",1,"Y",,1329113.77,1667126.35
"2024-60904-19/09/2025","HILTON","CITY OF WEST TORRENS",2,1,0,0,1,2024,"October","Monday","03:05 pm",60,"Sealed","Dry","Not Raining","Daylight","Right Turn",1,,,1324946.36,1670060.36
"2024-60906-19/09/2025","BLACKWOOD","CC MITCHAM.",2,1,0,0,1,2024,"October","Monday","05:14 pm",50,"Sealed","Dry","Not Raining","Daylight","Right Angle",2,,,1329809.97,1660746.72
"2024-60909-19/09/2025","NORWOOD","CC OF NORWOOD,PAYNEHAM & ST PETERS",2,1,0,0,1,2024,"October","Sunday","11:15 am",60,"Unsealed","Dry","Not Raining","Daylight","Rear End",1,,,1331635.17,1671746.53
"2024-60911-19/09/2025","SEAFORD MEADOWS","CITY OF ONKAPARINGA",2,1,0,0,1,2024,"October","Friday","07:15 am",50,"Sealed","Dry","Not Raining","Daylight","Right Angle",2,,,1316421.07,1643239.05
"2024-60913-19/09/2025","WAIKERIE","LOXTON WAIKERIE DISTRICT COUNCIL",4,1,0,0,1,2024,"October","Monday","08:05 pm",60,"Sealed","Dry","Not Raining","Night","Hit Fixed Object",1,"Y","Y",1458713.46,1748054.02
"2024-60918-19/09/2025","PORT ADELAIDE","CITY OF PORT ADELAIDE ENFIELD",2,1,0,0,1,2024,"October","Tuesday","07:13 am",50,"Sealed","Dry","Not Raining","Daylight","Rear End",2,,,1319913.15,1679917.94
"2024-60919-19/09/2025","SEAFORD RISE","CITY OF ONKAPARINGA",1,1,0,0,1,2024,"October","Tuesday","07:25 am",50,"Sealed","Dry","Not Raining","Daylight","Roll Over",1,,,1317489.89,1640937.23
"2024-60922-19/09/2025","VALLEY VIEW","CITY OF PORT ADELAIDE ENFIELD",3,1,0,0,1,2024,"October","Tuesday","08:30 am",60,"Sealed","Dry","Not Raining","Daylight","Rear End",1,,,1334550.31,1679374.64
"2024-60926-19/09/2025","KESWICK","CITY OF WEST TORRENS",3,1,0,0,1,2024,"October","Tuesday","09:15 am",60,"Sealed","Dry","Not Raining","Daylight","Right Turn",1,,,1326549.19,1668970.9
"2024-60933-19/09/2025","ELIZABETH EAST","CITY OF PLAYFORD.",2,2,0,0,2,2024,"October","Tuesday","09:44 am",60,"Sealed","Dry","Not Raining","Daylight","Right Turn",1,"Y",,1336399.61,1693393.51
"2024-60934-19/09/2025","REGENCY PARK","CITY OF PORT ADELAIDE ENFIELD",2,1,0,0,1,2024,"October","Tuesday","11:59 am",50,"Sealed","Dry","Not Raining","Daylight","Side Swipe",2,,,1326013.76,1678653.74
"2024-60938-19/09/2025","WAITPINGA","DC VICTOR HARBOR.",2,1,0,0,1,2024,"October","Tuesday","12:00 pm",100,"Sealed","Dry","Not Raining","Daylight","Hit Fixed Object",1,,,1323971.6,1597165.77
"2024-60940-19/09/2025","MODBURY NORTH","CITY OF TEA TREE GULLY",2,1,0,0,1,2024,"October","Tuesday","01:30 pm",50,"Sealed","Dry","Not Raining","Daylight","Hit Fixed Object",1,,,1335648.91,1681344.51
"2024-60942-19/09/2025","MODBURY HEIGHTS","CITY OF TEA TREE GULLY",2,1,0,0,1,2024,"October","Tuesday","09:00 am",80,"Sealed","Dry","Not Raining","Daylight","Rear End",1,,,1335846.34,1682791.26
"2024-60944-19/09/2025","HAPPY VALLEY","CITY OF ONKAPARINGA",2,2,0,0,2,2024,"October","Tuesday","03:07 pm",60,"Sealed","Dry","Not Raining","Daylight","Right Angle",2,,,1324569.46,1653439.77
"2024-60945-19/09/2025","CRAIGMORE","CITY OF PLAYFORD.",2,1,0,0,1,2024,"October","Tuesday","02:30 pm",60,"Sealed","Dry","Not Raining","Daylight","Head On",2,,,1339118.49,1694457.38
"2024-60946-19/09/2025","HOVE","CITY OF HOLDFAST BAY",2,1,0,0,1,2024,"October","Tuesday","03:35 pm",60,"Sealed","Dry","Not Raining","Daylight","Right Angle",2,,,1321107.48,1661714.74
"2024-60947-19/09/2025","BRIDGEWATER","THE ADELAIDE HILLS COUNCIL",2,1,0,1,0,2024,"October","Tuesday","03:28 pm",60,"Sealed","Dry","Not Raining","Daylight","Hit Pedestrian",2,,,1342782.03,1661125.62
"2024-60948-19/09/2025","VERDUN","THE ADELAIDE HILLS COUNCIL",1,1,0,0,1,2024,"October","Tuesday","02:35 pm",110,"Sealed","Dry","Not Raining","Daylight","Roll Over",1,,,1344834.13,1660622.18
"2024-60952-19/09/2025","HINDMARSH","CITY OF CHARLES STURT",3,1,0,0,1,2024,"October","Monday","03:36 pm",60,"Sealed","Dry","Not Raining","Daylight","Rear End",1,,,1326125.23,1672575.24
"2024-60957-19/09/2025","MURRAY BRIDGE NORTH","RC MURRAY BRIDGE.",2,1,0,1,0,2024,"October","Wednesday","02:16 am",100,"Sealed","Dry","Not Raining","Night","Right Angle",2,"Y",,1387386.4,1649765.14
"2024-60958-19/09/2025","WATERLOO CORNER","CITY OF PLAYFORD.",3,1,0,0,1,2024,"October","Wednesday","06:30 am",110,"Sealed","Dry","Not Raining","Daylight","Rear End",1,,,1326785.5,1693707.62
"2024-60962-19/09/2025","GEPPS CROSS","CITY OF PORT ADELAIDE ENFIELD",3,1,0,1,0,2024,"October","Wednesday","08:19 am",60,"Sealed","Dry","Not Raining","Daylight","Side Swipe",1,,,1330464.49,1679458.53
"2024-60966-19/09/2025","STURT","CC MARION.",5,1,0,0,1,2024,"October","Wednesday","08:05 am",60,"Sealed","Dry","Not Raining","Daylight","Rear End",1,,,1323569.76,1660644.5
"2024-60972-19/09/2025","EDINBURGH","CITY OF SALISBURY",2,1,0,0,1,2024,"October","Wednesday","08:00 am",50,"Sealed","Dry","Not Raining","Daylight","Side Swipe",2,,,1332998.59,1690066.29
"2024-60973-19/09/2025","SALISBURY NORTH","CITY OF SALISBURY",2,1,0,0,1,2024,"October","Tuesday","07:00 pm",50,"Sealed","Dry","Not Raining","Daylight","Hit Pedestrian",2,,,1332222.25,1689543.79
"2024-60978-19/09/2025","OAKLANDS PARK","CC MARION.",2,1,0,0,1,2024,"October","Wednesday","08:59 am",50,"Sealed","Dry","Not Raining","Daylight","Hit Pedestrian",2,,,1323445.31,1660847.28
"2024-60986-19/09/2025","IRONBANK","THE ADELAIDE HILLS COUNCIL",1,1,0,0,1,2024,"October","Wednesday","03:00 pm",80,"Sealed","Dry","Not Raining","Daylight","Roll Over",1,,,1336206.61,1658241.74
"2024-60987-19/09/2025","SALISBURY","CITY OF SALISBURY",2,1,0,1,0,2024,"October","Wednesday","04:41 pm",60,"Sealed","Dry","Not Raining","Daylight","Rear End",1,,,1333601.36,1689549.53
"2024-60989-19/09/2025","ADELAIDE","CITY OF ADELAIDE",2,1,0,0,1,2024,"October","Wednesday","05:30 am",50,"Sealed","Dry","Not Raining","Night","Right Angle",1,,,1327949.32,1669634.87
"2024-61001-19/09/2025","INGLE FARM","CITY OF SALISBURY",3,1,0,0,1,2024,"October","Thursday","09:02 am",60,"Sealed","Dry","Not Raining","Daylight","Rear End",1,,,1333735.02,1681174.14
"2024-61002-19/09/2025","GLEN OSMOND","CITY OF BURNSIDE",1,1,0,1,0,2024,"October","Thursday","09:57 am",60,"Sealed","Dry","Not Raining","Daylight","Roll Over",1,,,1332380.6,1666663.95
"2024-61013-19/09/2025","ROSEWATER","CITY OF PORT ADELAIDE ENFIELD",2,1,0,0,1,2024,"October","Thursday","03:25 pm",60,"Sealed","Dry","Not Raining","Daylight","Right Angle",2,,,1322284.9,1678891.8
"2024-61014-19/09/2025","FLINDERS RANGES",,2,2,0,0,2,2024,"October","Thursday","11:20 am",110,"Sealed","Dry","Not Raining","Daylight","Rear End",2,,,1345656.18,2040282.54
"2024-61027-19/09/2025","SALISBURY PARK","CITY OF SALISBURY",2,1,0,0,1,2024,"October","Thursday","07:05 pm",80,"Sealed","Dry","Not Raining","Daylight","Side Swipe",1,,,1336098.78,1689002.35
"2024-61032-19/09/2025","MOUNT WEDGE","DC ELLISTON.",1,2,0,1,1,2024,"October","Thursday","05:50 pm",100,"Unsealed","Dry","Not Raining","Daylight","Roll Over",1,,,1003286.96,1863001.54
"2024-61040-19/09/2025","SELLICKS HILL","CITY OF ONKAPARINGA",2,1,0,1,0,2024,"November","Friday","11:05 am",90,"Sealed","Dry","Not Raining","Daylight","Rear End",2,,,1315542.03,1629931.81
"2024-61042-19/09/2025","ARMAGH","CLARE AND GILBERT VALLEYS DISTRICT COUNCIL",1,1,0,0,1,2024,"November","Friday","09:37 am",100,"Sealed","Dry","Not Raining","Daylight","Roll Over",1,,,1329861.05,1791114.98
"2024-61045-19/09/2025","MILE END","CITY OF WEST TORRENS",2,1,0,0,1,2024,"November","Friday","11:40 am",60,"Sealed","Dry","Not Raining","Daylight","Side Swipe",2,,,1326604.96,1671252.72
"2024-61052-19/09/2025","INGLE FARM","CITY OF SALISBURY",3,1,0,1,0,2024,"November","Friday","10:46 am",60,"Sealed","Dry","Not Raining","Daylight","Hit Fixed Object",1,,,1334499.5,1681135.42
"2024-61053-19/09/2025","MANNUM","MID MURRAY DISTRICT COUNCIL",2,1,0,0,1,2024,"November","Friday","01:10 pm",50,"Sealed","Dry","Not Raining","Daylight","Right Turn",1,,,1393175.2,1669479.72
"2024-61054-19/09/2025","ALBERT PARK","CITY OF CHARLES STURT",3,1,0,0,1,2024,"November","Friday","02:17 pm",60,"Sealed","Dry","Not Raining","Daylight","Head On",2,,,1321686.74,1675881.94
"2024-61056-19/09/2025","ADELAIDE","CITY OF ADELAIDE",2,1,0,0,1,2024,"November","Friday","02:51 pm",60,"Sealed","Dry","Not Raining","Daylight","Rear End",2,,,1327090.28,1670879.56
"2024-61057-19/09/2025","ABERFOYLE PARK","CITY OF ONKAPARINGA",2,2,0,0,2,2024,"November","Friday","03:00 pm",60,"Sealed","Dry","Not Raining","Daylight","Rear End",2,,,1327278.66,1655391.42
"2024-61059-19/09/2025","FARRELL FLAT","REGIONAL COUNCIL OF GOYDER",2,1,0,0,1,2024,"October","Tuesday","10:00 pm",110,"Sealed","Dry","Not Raining","Night","Hit Fixed Object",1,,,1345862.59,1793359.43