"REPORT_ID","Suburb","LGA Name","Total Units","Total Cas","Total Fats","Total SI","Total MI","Year","Month","Day","Time","Area Speed","Road Surface","Moisture Cond","Weather Cond","DayNight","Crash Type","Unit Resp","DUI Involved","Drugs Involved","ACCLOC_X","ACCLOC_Y"
"2024-61062-19/09/2025","ELIZABETH","CITY OF PLAYFORD.",2,1,0,0,1,2024,"November","Friday","03:48 pm",50,"Sealed","Dry","Not Raining","Daylight","Right Angle",2,,,1335585.45,1693769.28
"2024-61063-19/09/2025","TRINITY GARDENS","CC OF NORWOOD,PAYNEHAM & ST PETERS",7,1,0,0,1,2024,"November","Friday","03:21 pm",60,"Sealed","Dry","Not Raining","Daylight","Side Swipe",1,,,1332235.31,1671881.19
"2024-61070-19/09/2025","MOUNT BARKER","DC MT.BARKER.",2,1,0,0,1,2024,"October","Saturday","11:55 am",50,"Sealed","Dry","Not Raining","Daylight","Rear End",2,,,1351233.24,1654406.51
"2024-61077-19/09/2025","RIDGEHAVEN","CITY OF TEA TREE GULLY",1,1,0,0,1,2024,"November","Friday","07:49 pm",50,"Sealed","Dry","Not Raining","Night","Roll Over",1,,,1339522.96,1682297.69
"2024-61087-19/09/2025","KURRALTA PARK","CITY OF WEST TORRENS",4,1,0,0,1,2024,"November","Saturday","07:10 am",60,"Sealed","Dry","Not Raining","Daylight","Hit Fixed Object",1,,,1325812.99,1668173.93
"2024-61088-19/09/2025","ADELAIDE","CITY OF ADELAIDE",3,1,0,0,1,2024,"November","Saturday","07:10 am",60,"Sealed","Dry","Not Raining","Daylight","Head On",2,,,1329696.09,1670711.59
"2024-61092-19/09/2025","ROWLAND FLAT","THE BAROSSA COUNCIL.",2,1,0,0,1,2024,"November","Saturday","09:56 am",90,"Sealed","Dry","Not Raining","Daylight","Rear End",2,,,1360891.33,1709367.68
"2024-61095-19/09/2025","ADELAIDE","CITY OF ADELAIDE",3,2,0,0,2,2024,"November","Saturday","08:55 am",50,"Sealed","Dry","Not Raining","Daylight","Rear End",2,,,1327359.49,1670486.3
"2024-61096-19/09/2025","GILLES PLAINS","CITY OF PORT ADELAIDE ENFIELD",3,1,0,0,1,2024,"November","Saturday","12:25 pm",60,"Sealed","Dry","Not Raining","Daylight","Rear End",1,,,1334386.8,1678367.8
"2024-61102-19/09/2025","FULHAM GARDENS","CITY OF CHARLES STURT",2,2,0,0,2,2024,"November","Sunday","12:05 pm",60,"Sealed","Dry","Not Raining","Daylight","Rear End",2,,,1320673.23,1672448.59
"2024-61115-19/09/2025","BOLIVAR","CITY OF SALISBURY",2,1,0,1,0,2024,"November","Saturday","06:18 pm",110,"Sealed","Dry","Not Raining","Daylight","Side Swipe",2,"Y",,1328020.12,1689178.16
"2024-61118-19/09/2025","ELIZABETH PARK","CITY OF PLAYFORD.",2,2,0,0,2,2024,"November","Saturday","08:31 pm",60,"Sealed","Dry","Not Raining","Night","Right Turn",1,,,1337840.15,1694585.32
"2024-61120-19/09/2025","WEST BEACH","CITY OF WEST TORRENS",2,1,0,1,0,2024,"November","Saturday","08:54 pm",50,"Sealed","Dry","Not Raining","Night","Head On",2,,,1320472.49,1667246.08
"2024-61121-19/09/2025","CROYDON PARK","CITY OF PORT ADELAIDE ENFIELD",2,1,0,0,1,2024,"November","Sunday","07:50 pm",80,"Sealed","Dry","Not Raining","Night","Side Swipe",2,"Y",,1326061.98,1675483.08
"2024-61122-19/09/2025","NEW PORT","CITY OF PORT ADELAIDE ENFIELD",2,1,0,0,1,2024,"November","Saturday","10:01 pm",60,"Sealed","Dry","Not Raining","Night","Hit Pedestrian",2,"Y",,1319731.62,1680536.87
"2024-61123-19/09/2025","COONALPYN","COORONG DISTRICT COUNCIL",2,1,0,1,0,2024,"November","Saturday","09:30 pm",100,"Unsealed","Dry","Not Raining","Night","Hit Animal",2,,,1432143.05,1576015.02
"2024-61125-19/09/2025","NORTH ADELAIDE","CITY OF ADELAIDE",2,1,0,0,1,2024,"November","Sunday","02:44 am",50,"Sealed","Dry","Not Raining","Night","Hit Fixed Object",1,,,1328420.82,1672050.87
"2024-61126-19/09/2025","NORTH ADELAIDE","CITY OF ADELAIDE",2,1,0,0,1,2024,"November","Sunday","06:00 am",50,"Sealed","Dry","Not Raining","Night","Side Swipe",1,,,1328150.15,1673023.7
"2024-61130-19/09/2025","MILE END","CITY OF WEST TORRENS",2,1,0,0,1,2024,"November","Sunday","09:20 am",60,"Sealed","Dry","Not Raining","Daylight","Right Angle",1,,,1326627.44,1671015.08
"2024-61131-19/09/2025","MYRTLE BANK","CITY OF UNLEY",2,1,0,0,1,2024,"November","Sunday","01:00 am",60,"Sealed","Dry","Not Raining","Night","Right Angle",1,,,1331999.73,1666959.91
"2024-61138-19/09/2025","BEATTY","MID MURRAY DISTRICT COUNCIL",1,1,0,1,0,2024,"November","Sunday","10:45 am",50,"Unsealed","Dry","Not Raining","Daylight","Roll Over",1,,,1410631.8,1768084.45
"2024-61139-19/09/2025","LOBETHAL","THE ADELAIDE HILLS COUNCIL",2,1,0,0,1,2024,"November","Saturday","12:50 pm",80,"Sealed","Dry","Not Raining","Daylight","Right Angle",1,,,1352271.14,1672368
"2024-61143-19/09/2025","BARNDIOOTA","THE FLINDERS RANGES COUNCIL.",1,1,0,1,0,2024,"November","Sunday","10:00 am",100,"Unsealed","Dry","Not Raining","Daylight","Roll Over",1,,"Y",1298428.78,2003232.73
"2024-61150-19/09/2025","LITTLEHAMPTON","DC MT.BARKER.",2,1,0,0,1,2024,"November","Sunday","10:00 pm",80,"Sealed","Dry","Not Raining","Night","Hit Fixed Object",1,,,1352122.62,1657023.86
"2024-61152-19/09/2025","SEACLIFF","CITY OF HOLDFAST BAY",2,1,0,0,1,2024,"November","Sunday","10:00 pm",60,"Sealed","Dry","Not Raining","Night","Hit Pedestrian",2,,,1321172.12,1659540.18
"2024-61154-19/09/2025","NULLARBOR",,2,2,0,2,0,2024,"November","Sunday","11:00 pm",110,"Sealed","Dry","Not Raining","Night","Head On",1,,,488596.36,2030456.35
"2024-61158-19/09/2025","WILLASTON","CT GAWLER.",2,1,0,1,0,2024,"November","Sunday","05:00 pm",50,"Sealed","Dry","Not Raining","Daylight","Right Angle",2,,,1343214.84,1709176.99
"2024-61162-19/09/2025","RED CREEK","ALEXANDRINA COUNCIL",1,1,0,1,0,2024,"October","Monday","12:45 pm",100,"Unsealed","Dry","Not Raining","Daylight","Roll Over",1,,"Y",1361956.7,1643204.46
"2024-61163-19/09/2025","MARDEN","CC OF NORWOOD,PAYNEHAM & ST PETERS",2,1,0,0,1,2024,"November","Monday","10:45 am",60,"Sealed","Dry","Not Raining","Daylight","Right Angle",2,,,1332027.13,1673952.93
"2024-61169-19/09/2025","WATTLE FLAT","DC YANKALILLA.",4,9,2,2,5,2024,"November","Monday","12:12 pm",100,"Sealed","Dry","Not Raining","Daylight","Head On",1,,"Y",1308075.17,1615672.39
"2024-61176-19/09/2025","ST KITTS","LIGHT REGIONAL COUNCIL",2,2,0,0,2,2024,"November","Friday","10:00 am",60,"Unsealed","Dry","Not Raining","Daylight","Rear End",1,,,1375743.62,1733203.02
"2024-61177-19/09/2025","NORMANVILLE","DC YANKALILLA.",2,1,0,0,1,2024,"November","Sunday","10:15 am",50,"Sealed","Dry","Not Raining","Daylight","Rear End",2,,,1301092.76,1613645.99
"2024-61179-19/09/2025","ELIZABETH EAST","CITY OF PLAYFORD.",2,2,0,0,2,2024,"November","Monday","03:40 pm",80,"Sealed","Dry","Not Raining","Daylight","Rear End",2,,,1336152.25,1690908.32
"2024-61182-19/09/2025","TENNYSON","CITY OF CHARLES STURT",2,1,0,0,1,2024,"November","Friday","11:40 pm",60,"Sealed","Dry","Not Raining","Night","Rear End",1,,,1318262.13,1675567.62
"2024-61186-19/09/2025","ADELAIDE","CITY OF ADELAIDE",1,1,0,0,1,2024,"November","Monday","04:56 pm",60,"Sealed","Dry","Not Raining","Daylight","Roll Over",1,,,1327914.39,1670964.22
"2024-61189-19/09/2025","WINGFIELD","CITY OF PORT ADELAIDE ENFIELD",3,1,0,0,1,2024,"November","Monday","05:15 pm",50,"Sealed","Dry","Not Raining","Daylight","Hit Parked Vehicle",1,,,1324869.81,1680396.25
"2024-61192-19/09/2025","ASHFORD","CITY OF WEST TORRENS",3,3,0,0,3,2024,"November","Monday","05:25 pm",60,"Sealed","Dry","Not Raining","Daylight","Rear End",1,,,1326287.75,1668134.42
"2024-61193-19/09/2025","TORRENSVILLE","CITY OF WEST TORRENS",2,1,0,0,1,2024,"November","Monday","05:00 pm",60,"Sealed","Dry","Not Raining","Daylight","Rear End",1,,"Y",1325747.45,1671118.41
"2024-61197-19/09/2025","NORWOOD","CC OF NORWOOD,PAYNEHAM & ST PETERS",2,1,0,0,1,2024,"October","Friday","08:50 am",60,"Sealed","Dry","Not Raining","Daylight","Right Turn",1,,,1331874.28,1670398.69
"2024-61200-19/09/2025","PARKSIDE","CITY OF UNLEY",2,1,0,0,1,2024,"November","Tuesday","08:09 am",60,"Sealed","Dry","Not Raining","Daylight","Side Swipe",1,,,1329231.48,1668968.56
"2024-61201-19/09/2025","HILTON","CITY OF WEST TORRENS",3,1,0,0,1,2024,"November","Tuesday","08:00 am",60,"Sealed","Dry","Not Raining","Daylight","Rear End",1,,,1325054.69,1670072.98
"2024-61206-19/09/2025","HAZELWOOD PARK","CITY OF BURNSIDE",2,1,0,0,1,2024,"November","Tuesday","09:20 am",60,"Sealed","Dry","Not Raining","Daylight","Rear End",2,,,1333322.91,1669080.9
"2024-61209-19/09/2025","PARADISE","CC CAMPBELLTOWN.",3,1,0,0,1,2024,"November","Tuesday","10:05 am",60,"Sealed","Dry","Not Raining","Daylight","Rear End",1,,,1334986.67,1676234.42
"2024-61212-19/09/2025","SEMAPHORE","CITY OF PORT ADELAIDE ENFIELD",2,1,0,0,1,2024,"November","Tuesday","10:30 am",60,"Sealed","Dry","Not Raining","Daylight","Rear End",2,,,1318224.89,1680633.45
"2024-61215-19/09/2025","ROSEWATER","CITY OF PORT ADELAIDE ENFIELD",2,1,0,0,1,2024,"November","Monday","04:30 pm",60,"Sealed","Dry","Not Raining","Daylight","Right Angle",2,,,1321186.97,1679093.91
"2024-61216-19/09/2025","LONSDALE","CITY OF ONKAPARINGA",1,1,0,0,1,2024,"November","Tuesday","11:50 am",50,"Sealed","Wet","Raining","Daylight","Roll Over",1,,,1317720.19,1649483.03
"2024-61217-19/09/2025","SEATON","CITY OF CHARLES STURT",2,1,0,0,1,2024,"November","Sunday","05:00 pm",60,"Sealed","Dry","Not Raining","Daylight","Rear End",2,,,1320741.51,1674699.24
"2024-61221-19/09/2025","HAHNDORF","DC MT.BARKER.",2,1,0,0,1,2024,"November","Tuesday","04:45 pm",80,"Sealed","Wet","Raining","Daylight","Head On",1,,,1349206.39,1656846.61
"2024-61226-19/09/2025","WOODVILLE NORTH","CITY OF CHARLES STURT",2,2,0,0,2,2024,"November","Tuesday","03:00 pm",60,"Sealed","Dry","Not Raining","Daylight","Right Angle",2,,,1323971.39,1676739.16
"2024-61229-19/09/2025","PENONG",,1,3,0,0,3,2024,"November","Tuesday","12:00 pm",110,"Sealed","Dry","Not Raining","Daylight","Roll Over",1,,,817520.74,2006335.07
"2024-61237-19/09/2025","HAWTHORN","CC MITCHAM.",2,1,0,0,1,2024,"November","Tuesday","04:55 pm",60,"Sealed","Dry","Not Raining","Daylight","Rear End",2,,,1328280.22,1666229.69
"2024-61243-19/09/2025","MALLALA","DC MALLALA.",2,2,0,0,2,2024,"November","Tuesday","05:25 pm",100,"Sealed","Dry","Not Raining","Daylight","Head On",1,,,1320538.62,1729048.96
"2024-61245-19/09/2025","NEW PORT","CITY OF PORT ADELAIDE ENFIELD",2,1,0,0,1,2024,"November","Tuesday","06:15 pm",60,"Sealed","Dry","Not Raining","Daylight","Hit Fixed Object",1,,,1319539.71,1680492.73
"2024-61252-19/09/2025","WHYALLA STUART","CC WHYALLA.",1,1,0,0,1,2024,"November","Wednesday","01:08 am",50,"Sealed","Dry","Not Raining","Night","Roll Over",1,"Y","Y",1235206.74,1881963.03
"2024-61253-19/09/2025","CLELAND","THE ADELAIDE HILLS COUNCIL",3,2,0,0,2,2024,"November","Tuesday","11:15 pm",50,"Unsealed","Dry","Not Raining","Night","Hit Fixed Object",1,,,1338858.56,1665956.47
"2024-61257-19/09/2025","GLENELG SOUTH","CITY OF HOLDFAST BAY",2,1,0,0,1,2024,"November","Wednesday","09:45 am",50,"Sealed","Dry","Not Raining","Daylight","Right Angle",1,,,1320398.15,1664002.19
"2024-61259-19/09/2025","HOLDEN HILL","CITY OF PORT ADELAIDE ENFIELD",3,2,0,1,1,2024,"November","Wednesday","11:19 am",60,"Sealed","Dry","Not Raining","Daylight","Right Angle",2,,,1334299.4,1678328.45
"2024-61260-19/09/2025","PLYMPTON","CITY OF WEST TORRENS",2,1,0,0,1,2024,"November","Monday","06:00 pm",60,"Sealed","Dry","Not Raining","Daylight","Rear End",1,,,1324224.36,1666743.62
"2024-61262-19/09/2025","LEABROOK","CITY OF BURNSIDE",2,1,0,0,1,2024,"November","Wednesday","10:30 am",60,"Sealed","Dry","Not Raining","Daylight","Rear End",1,,,1333903.36,1670320.27
"2024-61266-19/09/2025","PORT LINCOLN","CC PT.LINCOLN.",2,1,0,0,1,2024,"November","Wednesday","12:19 pm",60,"Sealed","Dry","Not Raining","Daylight","Right Angle",1,,,1078366.37,1697574.68
"2024-61268-19/09/2025","PORT NOARLUNGA","CITY OF ONKAPARINGA",2,2,0,0,2,2024,"November","Wednesday","01:35 pm",50,"Sealed","Dry","Not Raining","Daylight","Right Turn",2,,,1316843.04,1646805.26
"2024-61269-19/09/2025","PENFIELD","CITY OF PLAYFORD.",2,2,0,0,2,2024,"October","Tuesday","07:40 am",110,"Sealed","Dry","Not Raining","Daylight","Rear End",2,,,1331401.54,1697660.52
"2024-61270-19/09/2025","PLYMPTON","CITY OF WEST TORRENS",2,1,0,0,1,2024,"November","Wednesday","03:35 pm",60,"Sealed","Dry","Not Raining","Daylight","Rear End",1,,,1324227.1,1667044.99
"2024-61273-19/09/2025","GEPPS CROSS","CITY OF PORT ADELAIDE ENFIELD",3,1,0,0,1,2024,"November","Wednesday","04:15 pm",60,"Sealed","Dry","Not Raining","Daylight","Rear End",1,,,1328805.37,1679280.73
"2024-61274-19/09/2025","BEVERLEY","CITY OF CHARLES STURT",2,1,0,0,1,2024,"November","Wednesday","04:20 pm",60,"Sealed","Dry","Not Raining","Daylight","Right Turn",2,,,1324161.01,1674504.23
"2024-61278-19/09/2025","ELIZABETH GROVE","CITY OF PLAYFORD.",2,1,0,0,1,2024,"November","Wednesday","04:54 pm",80,"Sealed","Dry","Not Raining","Daylight","Rear End",2,,,1336090.85,1692158.53
"2024-61282-19/09/2025","O'HALLORAN HILL","CC MARION.",6,5,0,0,5,2024,"November","Wednesday","05:45 pm",100,"Sealed","Dry","Not Raining","Daylight","Rear End",1,,,1323004.01,1655064.39
"2024-61284-19/09/2025","CURRAMULKA","YORKE PENINSULA COUNCIL",2,1,0,1,0,2024,"November","Wednesday","06:00 pm",100,"Sealed","Dry","Not Raining","Daylight","Right Angle",2,,,1246509.28,1698500.92
"2024-61296-19/09/2025","TWO WELLS","DC MALLALA.",2,1,0,0,1,2024,"November","Thursday","08:50 am",50,"Sealed","Dry","Not Raining","Daylight","Right Angle",1,,,1322838.21,1707782.33
"2024-61298-19/09/2025","WINDSOR GARDENS","CITY OF PORT ADELAIDE ENFIELD",2,1,0,0,1,2024,"November","Thursday","07:30 am",60,"Sealed","Dry","Not Raining","Daylight","Rear End",2,,,1333774.98,1678062.46
"2024-61300-19/09/2025","SEATON","CITY OF CHARLES STURT",2,1,0,0,1,2024,"November","Wednesday","01:45 pm",60,"Sealed","Dry","Not Raining","Daylight","Rear End",2,,,1319955.1,1673122.3
"2024-61306-19/09/2025","TUNGKILLO","MID MURRAY DISTRICT COUNCIL",3,1,0,0,1,2024,"November","Thursday","11:30 am",50,"Sealed","Dry","Not Raining","Daylight","Hit Fixed Object",1,,,1371804.6,1680505.74
"2024-61310-19/09/2025","ADELAIDE","CITY OF ADELAIDE",2,1,0,0,1,2024,"November","Thursday","02:35 pm",50,"Sealed","Dry","Not Raining","Daylight","Rear End",2,,,1328607.04,1671136.61
"2024-61311-19/09/2025","NORMANVILLE","DC YANKALILLA.",2,1,0,0,1,2024,"November","Thursday","09:45 am",50,"Sealed","Dry","Not Raining","Daylight","Right Angle",2,,,1300997.45,1613743.33
"2024-61324-19/09/2025","ELIZABETH EAST","CITY OF PLAYFORD.",4,1,0,0,1,2024,"November","Friday","05:20 am",60,"Sealed","Dry","Not Raining","Night","Hit Parked Vehicle",2,,"Y",1336327.4,1692340.2
"2024-61331-19/09/2025","ST MORRIS","CC OF NORWOOD,PAYNEHAM & ST PETERS",1,1,0,1,0,2024,"November","Monday","09:00 am",60,"Sealed","Dry","Not Raining","Daylight","Other",1,,,1333667.74,1671799.76
"2024-61335-19/09/2025","PENFIELD GARDENS","CITY OF PLAYFORD.",2,1,0,0,1,2024,"November","Friday","12:10 pm",60,"Sealed","Dry","Not Raining","Daylight","Right Angle",2,,,1333134.46,1700544.36
"2024-61346-19/09/2025","RICHMOND","CITY OF WEST TORRENS",4,1,0,0,1,2024,"November","Friday","01:50 pm",60,"Sealed","Dry","Not Raining","Daylight","Side Swipe",1,,,1325786.08,1669294.71
"2024-61349-19/09/2025","GREENWITH","CITY OF TEA TREE GULLY",2,1,0,0,1,2024,"November","Friday","04:15 pm",50,"Sealed","Dry","Not Raining","Daylight","Hit Pedestrian",1,,,1339447.66,1687920.1
"2024-61350-19/09/2025","BRAHMA LODGE","CITY OF SALISBURY",2,1,0,0,1,2024,"September","Monday","05:30 pm",60,"Sealed","Dry","Not Raining","Daylight","Rear End",2,,,1334164.82,1687633.14
"2024-61352-19/09/2025","PAYNEHAM","CC OF NORWOOD,PAYNEHAM & ST PETERS",2,1,0,0,1,2024,"November","Friday","04:18 pm",60,"Sealed","Dry","Not Raining","Daylight","Hit Pedestrian",2,,,1332357.75,1673889.56
"2024-61355-19/09/2025","BORDERTOWN","DC TATIARA.",2,2,0,0,2,2024,"November","Friday","03:30 pm",110,"Sealed","Dry","Not Raining","Daylight","Rear End",2,"Y","Y",1520129.95,1507707.37
"2024-61360-19/09/2025","REYNELLA EAST","CITY OF ONKAPARINGA",2,3,0,0,3,2024,"November","Friday","06:00 pm",50,"Sealed","Dry","Not Raining","Daylight","Rear End",1,,,1323750.05,1652263.23
"2024-61361-19/09/2025","ULEYBURY","CITY OF PLAYFORD.",4,2,0,0,2,2024,"November","Friday","05:20 pm",80,"Sealed","Dry","Not Raining","Daylight","Rear End",1,,,1344716.19,1695836.68
"2024-61363-19/09/2025","ADELAIDE","CITY OF ADELAIDE",2,1,0,1,0,2024,"November","Thursday","09:10 am",50,"Sealed","Dry","Not Raining","Daylight","Hit Parked Vehicle",1,,,1328391.65,1669721.37
"2024-61367-19/09/2025","CHELTENHAM","CITY OF CHARLES STURT",2,1,0,0,1,2024,"November","Friday","11:10 pm",60,"Sealed","Dry","Not Raining","Night","Right Turn",2,,,1322282.82,1677760.1
"2024-61368-19/09/2025","PROSPECT","CITY OF PROSPECT",2,2,0,0,2,2024,"November","Saturday","12:09 am",60,"Sealed","Dry","Not Raining","Night","Right Turn",2,,,1328862.28,1676441.72
"2024-61370-19/09/2025","GREENWITH","CITY OF TEA TREE GULLY",2,1,0,0,1,2024,"November","Saturday","02:15 am",60,"Sealed","Dry","Not Raining","Night","Hit Fixed Object",1,,,1338841.23,1687437.44
"2024-61374-19/09/2025","WEST HINDMARSH","CITY OF CHARLES STURT",2,1,0,1,0,2024,"November","Saturday","05:23 am",60,"Sealed","Dry","Not Raining","Night","Hit Fixed Object",1,"Y",,1325301.1,1672343.28
"2024-61375-19/09/2025","TORRENSVILLE","CITY OF WEST TORRENS",2,3,0,0,3,2024,"November","Friday","06:15 pm",60,"Sealed","Dry","Not Raining","Daylight","Rear End",2,,,1325589.69,1671593
"2024-61381-19/09/2025","FOREST RANGE","THE ADELAIDE HILLS COUNCIL",2,1,0,0,1,2024,"November","Friday","05:50 pm",80,"Sealed","Dry","Not Raining","Daylight","Head On",2,,,1345795.72,1668126.41
"2024-61384-19/09/2025","SEAFORD RISE","CITY OF ONKAPARINGA",2,1,0,0,1,2024,"November","Friday","07:05 pm",70,"Sealed","Dry","Not Raining","Daylight","Right Angle",2,,,1316449.21,1639296.46
"2024-61388-19/09/2025","LOBETHAL","THE ADELAIDE HILLS COUNCIL",2,1,0,0,1,2024,"November","Saturday","02:40 pm",50,"Sealed","Dry","Not Raining","Daylight","Head On",1,,,1353707.73,1671788.29
"2024-61389-19/09/2025","KUDLA","CT GAWLER.",2,1,0,0,1,2024,"November","Saturday","02:35 pm",80,"Sealed","Dry","Not Raining","Daylight","Right Angle",1,,,1337680.92,1701807.18
"2024-61390-19/09/2025","BOLIVAR","CITY OF SALISBURY",2,1,0,0,1,2024,"November","Saturday","02:47 pm",110,"Sealed","Dry","Not Raining","Daylight","Hit Fixed Object",1,,,1328226.13,1688184.17
"2024-61391-19/09/2025","WAITPINGA","DC VICTOR HARBOR.",2,1,0,1,0,2024,"November","Saturday","04:12 pm",100,"Sealed","Dry","Not Raining","Daylight","Hit Fixed Object",1,,,1319027.75,1596501.63
"2024-61395-19/09/2025","GEPPS CROSS","CITY OF PORT ADELAIDE ENFIELD",2,1,0,0,1,2024,"November","Saturday","07:49 pm",70,"Sealed","Dry","Not Raining","Daylight","Rear End",1,,"Y",1329540.02,1680415.9
"2024-61397-19/09/2025","FINDON","CITY OF CHARLES STURT",2,1,0,0,1,2024,"November","Sunday","08:24 am",60,"Sealed","Dry","Not Raining","Daylight","Right Turn",2,,,1322374.99,1674726.87
"2024-61402-19/09/2025","SEMAPHORE","CITY OF PORT ADELAIDE ENFIELD",2,1,0,1,0,2024,"November","Wednesday","08:10 am",60,"Sealed","Dry","Not Raining","Daylight","Rear End",2,,,1318227.43,1680640.39
"2024-61406-19/09/2025","BELAIR","CC MITCHAM.",2,1,0,0,1,2024,"November","Sunday","12:50 pm",60,"Sealed","Dry","Not Raining","Daylight","Roll Over",1,,,1329484.38,1662141.64
"2024-61407-19/09/2025","ROWLAND FLAT","THE BAROSSA COUNCIL.",1,1,1,0,0,2024,"November","Sunday","11:30 am",40,"Unsealed","Dry","Not Raining","Daylight","Roll Over",1,,,1361572.27,1706857.75
"2024-61413-19/09/2025","SALISBURY EAST","CITY OF SALISBURY",2,1,0,0,1,2024,"November","Sunday","03:01 pm",80,"Sealed","Dry","Not Raining","Daylight","Right Turn",1,,,1336487.28,1687416.1
"2024-61417-19/09/2025","EIGHT MILE CREEK","DISTRICT COUNCIL OF GRANT",1,1,0,0,1,2024,"November","Sunday","02:20 pm",100,"Unsealed","Dry","Not Raining","Daylight","Roll Over",1,,,1510162.6,1317786.63
"2024-61419-19/09/2025","MOUNT GAMBIER","CC MT.GAMBIER.",2,1,0,0,1,2024,"November","Sunday","04:22 pm",50,"Sealed","Dry","Not Raining","Daylight","Right Turn",1,,,1511249.15,1339663.82
"2024-61423-19/09/2025","CLEARVIEW","CITY OF PORT ADELAIDE ENFIELD",2,2,0,0,2,2024,"November","Sunday","12:39 pm",50,"Sealed","Dry","Not Raining","Daylight","Side Swipe",2,,,1330373.61,1677332.19
"2024-61426-19/09/2025","MEADOWS","DC MT.BARKER.",2,1,0,0,1,2024,"November","Monday","06:45 am",100,"Sealed","Dry","Not Raining","Daylight","Hit Fixed Object",1,,,1341863.32,1644114.99
"2024-61428-19/09/2025","HOPE VALLEY","CITY OF TEA TREE GULLY",3,1,0,0,1,2024,"November","Monday","08:25 am",60,"Sealed","Dry","Not Raining","Daylight","Right Turn",1,,,1338664.18,1679671.91
"2024-61429-19/09/2025","MORPHETT VALE","CITY OF ONKAPARINGA",2,1,0,0,1,2024,"November","Monday","09:15 am",70,"Sealed","Dry","Not Raining","Daylight","Rear End",2,,,1319574.9,1650969.89
"2024-61435-19/09/2025","ADELAIDE","CITY OF ADELAIDE",2,1,0,0,1,2024,"November","Friday","11:25 pm",50,"Sealed","Dry","Not Raining","Night","Hit Pedestrian",1,,,1327580.89,1669697.39
"2024-61436-19/09/2025","CAROLINE","DISTRICT COUNCIL OF GRANT",2,1,0,0,1,2024,"November","Monday","01:26 pm",100,"Unsealed","Dry","Not Raining","Daylight","Hit Fixed Object",1,,,1520698.69,1327588.44
"2024-61443-19/09/2025","MOUNT BARKER","DC MT.BARKER.",2,1,0,0,1,2024,"November","Monday","03:50 pm",60,"Sealed","Dry","Not Raining","Daylight","Right Angle",2,,,1352238.42,1652734.71
"2024-61451-19/09/2025","HINDMARSH","CITY OF CHARLES STURT",3,1,0,0,1,2024,"November","Monday","05:55 pm",60,"Sealed","Dry","Not Raining","Daylight","Right Angle",1,,,1325751.39,1673287.71
"2024-61454-19/09/2025","ROSTREVOR","CC CAMPBELLTOWN.",2,4,0,0,4,2024,"November","Monday","07:25 pm",50,"Sealed","Dry","Not Raining","Daylight","Right Angle",1,,,1335649.29,1673767.55
"2024-61455-19/09/2025","CRAFERS","THE ADELAIDE HILLS COUNCIL",2,1,0,0,1,2024,"November","Monday","08:30 pm",100,"Sealed","Dry","Not Raining","Night","Hit Fixed Object",1,,,1338222.94,1662253.6
"2024-61457-19/09/2025","HAHNDORF","DC MT.BARKER.",2,1,0,0,1,2024,"November","Tuesday","07:26 am",110,"Sealed","Dry","Not Raining","Daylight","Rear End",2,,,1346562.47,1658582.4
"2024-61458-19/09/2025","LOCKLEYS","CITY OF WEST TORRENS",2,1,0,0,1,2024,"November","Tuesday","07:00 am",60,"Sealed","Dry","Not Raining","Daylight","Hit Parked Vehicle",2,,,1322180.44,1670011.63
"2024-61459-19/09/2025","VERDUN","THE ADELAIDE HILLS COUNCIL",2,2,0,0,2,2024,"November","Tuesday","07:00 am",110,"Sealed","Dry","Not Raining","Daylight","Rear End",2,,,1345040.34,1659302.38
"2024-61462-19/09/2025","ANANGU PITJANTJATJARA YANKUNYTJATJARA",,3,1,0,0,1,2024,"November","Tuesday","06:47 am",110,"Sealed","Wet","Raining","Daylight","Hit Animal",1,,,838868.17,2564078.2
"2024-61466-19/09/2025","RICHMOND","CITY OF WEST TORRENS",2,1,0,0,1,2024,"November","Tuesday","08:49 am",60,"Sealed","Wet","Not Raining","Daylight","Side Swipe",1,,,1325791.45,1669465.91
"2024-61468-19/09/2025","HAMPSTEAD GARDENS","CITY OF PORT ADELAIDE ENFIELD",2,1,0,0,1,2024,"November","Tuesday","09:28 am",60,"Sealed","Dry","Not Raining","Daylight","Right Angle",1,,,1331815.31,1676603.38
"2024-61472-19/09/2025","PROSPECT","CITY OF PROSPECT",2,1,0,0,1,2024,"November","Tuesday","11:29 am",50,"Sealed","Dry","Not Raining","Daylight","Right Angle",2,,,1328052.14,1676612.76
"2024-61475-19/09/2025","BRIMBAGO","DC TATIARA.",2,1,1,0,0,2024,"November","Tuesday","11:48 am",110,"Sealed","Dry","Not Raining","Daylight","Rear End",1,,,1488904.18,1527496.29
"2024-61477-19/09/2025","GEPPS CROSS","CITY OF PORT ADELAIDE ENFIELD",3,1,0,0,1,2024,"November","Tuesday","01:25 pm",40,"Sealed","Dry","Not Raining","Daylight","Hit Fixed Object",1,,,1328760.11,1680819.68