"REPORT_ID","Suburb","LGA Name","Total Units","Total Cas","Total Fats","Total SI","Total MI","Year","Month","Day","Time","Area Speed","Road Surface","Moisture Cond","Weather Cond","DayNight","Crash Type","Unit Resp","DUI Involved","Drugs Involved","ACCLOC_X","ACCLOC_Y"
"2024-61482-19/09/2025","OVINGHAM","CITY OF CHARLES STURT",2,1,0,0,1,2024,"November","Tuesday","02:26 pm",60,"Sealed","Dry","Not Raining","Daylight","Right Turn",1,,,1327131.58,1673269.49
"2024-61485-19/09/2025","PARALOWIE","CITY OF SALISBURY",2,1,1,0,0,2024,"November","Tuesday","02:33 pm",50,"Sealed","Dry","Not Raining","Daylight","Hit Fixed Object",1,,,1331146.73,1689366.87
"2024-61489-19/09/2025","SALISBURY PLAIN","CITY OF SALISBURY",2,2,0,0,2,2024,"November","Tuesday","05:22 pm",60,"Sealed","Dry","Not Raining","Daylight","Rear End",2,,,1335290.76,1688242.58
"2024-61490-19/09/2025","CHRISTIES BEACH","CITY OF ONKAPARINGA",4,1,0,0,1,2024,"November","Tuesday","04:36 pm",80,"Sealed","Dry","Not Raining","Daylight","Hit Fixed Object",1,,"Y",1317340.19,1648568.39
"2024-61491-19/09/2025","CRAFERS WEST","THE ADELAIDE HILLS COUNCIL",2,1,0,0,1,2024,"November","Tuesday","05:35 pm",90,"Sealed","Dry","Not Raining","Daylight","Rear End",1,,,1335497.83,1664816.71
"2024-61493-19/09/2025","PARALOWIE","CITY OF SALISBURY",2,1,0,0,1,2024,"November","Tuesday","02:40 pm",60,"Sealed","Dry","Not Raining","Daylight","Rear End",2,,,1329611.23,1688273.54
"2024-61494-19/09/2025","ADELAIDE","CITY OF ADELAIDE",1,1,0,0,1,2024,"November","Tuesday","05:20 pm",50,"Sealed","Dry","Not Raining","Daylight","Roll Over",9,,,1329226.46,1671155.57
"2024-61496-19/09/2025","WHYALLA BARSON","CC WHYALLA.",1,6,0,0,6,2024,"November","Tuesday","07:04 pm",100,"Unsealed","Wet","Not Raining","Daylight","Roll Over",1,,,1242437.37,1894046.11
"2024-61497-19/09/2025","SALISBURY EAST","CITY OF SALISBURY",2,1,0,0,1,2024,"November","Tuesday","08:55 pm",60,"Sealed","Dry","Not Raining","Night","Hit Fixed Object",1,,,1337008.44,1687472.47
"2024-61501-19/09/2025","HILTON","CITY OF WEST TORRENS",2,1,0,0,1,2024,"November","Wednesday","06:15 am",60,"Sealed","Dry","Not Raining","Daylight","Right Turn",2,,,1325777.85,1670077.07
"2024-61503-19/09/2025","MOUNT BARKER","DC MT.BARKER.",2,1,0,0,1,2024,"November","Wednesday","07:20 am",60,"Unsealed","Dry","Not Raining","Daylight","Rear End",2,,,1352314.29,1652652.68
"2024-61510-19/09/2025","ADELAIDE","CITY OF ADELAIDE",1,1,0,0,1,2024,"November","Tuesday","02:50 pm",50,"Sealed","Dry","Not Raining","Daylight","Roll Over",9,,,1327452.01,1669693.61
"2024-61513-19/09/2025","MONTACUTE","THE ADELAIDE HILLS COUNCIL",3,2,0,0,2,2024,"November","Wednesday","09:09 am",80,"Sealed","Dry","Not Raining","Daylight","Hit Animal",2,,,1340062.63,1674266.48
"2024-61514-19/09/2025","VIRGINIA","CITY OF PLAYFORD.",2,1,0,0,1,2024,"November","Wednesday","09:30 am",50,"Sealed","Dry","Not Raining","Daylight","Right Angle",1,,,1325889.57,1699284.84
"2024-61515-19/09/2025","PORT ADELAIDE","CITY OF PORT ADELAIDE ENFIELD",2,1,0,0,1,2024,"November","Wednesday","06:50 am",60,"Sealed","Dry","Not Raining","Daylight","Rear End",1,,,1321034.94,1680308.84
"2024-61516-19/09/2025","HINDMARSH VALLEY","DC VICTOR HARBOR.",2,3,0,0,3,2024,"November","Wednesday","12:53 pm",100,"Sealed","Dry","Not Raining","Daylight","Roll Over",2,,,1329315.49,1607838.24
"2024-61526-19/09/2025","KENSINGTON","CC OF NORWOOD,PAYNEHAM & ST PETERS",3,1,0,0,1,2024,"November","Wednesday","03:30 pm",60,"Sealed","Dry","Not Raining","Daylight","Right Turn",1,,,1332250,1671075.27
"2024-61532-19/09/2025","MORPHETT VALE","CITY OF ONKAPARINGA",2,1,0,0,1,2024,"November","Wednesday","06:05 pm",50,"Sealed","Dry","Not Raining","Daylight","Rear End",2,,"Y",1319753.04,1647836
"2024-61533-19/09/2025","ELIZABETH PARK","CITY OF PLAYFORD.",2,1,0,0,1,2024,"November","Wednesday","05:45 pm",80,"Sealed","Dry","Not Raining","Daylight","Rear End",2,,,1336500.9,1694621.89
"2024-61534-19/09/2025","ST AGNES","CITY OF TEA TREE GULLY",2,1,0,0,1,2024,"November","Wednesday","03:10 pm",60,"Sealed","Dry","Not Raining","Daylight","Rear End",2,,,1339765.14,1680716.96
"2024-61537-19/09/2025","GLANDORE","CITY OF WEST TORRENS",3,1,0,0,1,2024,"November","Wednesday","07:17 pm",60,"Sealed","Dry","Not Raining","Daylight","Hit Fixed Object",1,,,1325815.07,1667472.58
"2024-61544-19/09/2025","DOVER GARDENS","CC MARION.",3,1,0,1,0,2024,"November","Wednesday","11:35 pm",50,"Sealed","Dry","Not Raining","Night","Hit Parked Vehicle",1,,,1322476.09,1659550.79
"2024-61560-19/09/2025","CRAIGBURN FARM","CC MITCHAM.",1,1,0,1,0,2024,"November","Thursday","12:07 pm",50,"Sealed","Dry","Not Raining","Daylight","Roll Over",1,,,1328986.76,1657884.78
"2024-61563-19/09/2025","PORT NOARLUNGA","CITY OF ONKAPARINGA",1,1,0,0,1,2024,"November","Thursday","12:46 pm",50,"Sealed","Dry","Not Raining","Daylight","Roll Over",1,,"Y",1317386.73,1646266.95
"2024-61574-19/09/2025","PANORAMA","CC MITCHAM.",4,1,0,0,1,2024,"November","Thursday","04:30 pm",60,"Sealed","Dry","Not Raining","Daylight","Rear End",1,,,1327593.65,1663436.21
"2024-61578-19/09/2025","HAZELWOOD PARK","CITY OF BURNSIDE",4,1,0,0,1,2024,"November","Thursday","05:46 pm",60,"Sealed","Dry","Not Raining","Daylight","Rear End",1,,,1333425.98,1669083.77
"2024-61579-19/09/2025","NORWOOD","CC OF NORWOOD,PAYNEHAM & ST PETERS",2,1,0,0,1,2024,"November","Thursday","05:40 pm",60,"Sealed","Dry","Not Raining","Daylight","Rear End",2,,"Y",1330758.22,1671038.8
"2024-61582-19/09/2025","NORTH ADELAIDE","CITY OF ADELAIDE",2,1,0,0,1,2024,"November","Thursday","04:30 pm",50,"Sealed","Dry","Not Raining","Daylight","Rear End",2,,,1328589.79,1672065.68
"2024-61589-19/09/2025","LARGS BAY","CITY OF PORT ADELAIDE ENFIELD",2,1,0,0,1,2024,"November","Friday","08:36 am",60,"Sealed","Dry","Not Raining","Daylight","Right Angle",2,,,1319765.47,1682518.94
"2024-61592-19/09/2025","ST PETERS","CC OF NORWOOD,PAYNEHAM & ST PETERS",2,1,0,0,1,2024,"November","Friday","09:15 am",60,"Sealed","Dry","Not Raining","Daylight","Right Angle",1,,,1330812.08,1672807.59
"2024-61593-19/09/2025","MAYLANDS","CC OF NORWOOD,PAYNEHAM & ST PETERS",2,1,0,0,1,2024,"November","Thursday","01:45 pm",60,"Sealed","Dry","Not Raining","Daylight","Rear End",2,,,1332234.48,1671761.49
"2024-61596-19/09/2025","BROOKLYN PARK","CITY OF WEST TORRENS",2,1,0,1,0,2024,"November","Tuesday","03:00 pm",60,"Sealed","Dry","Not Raining","Daylight","Side Swipe",1,,"Y",1324115.74,1670772.47
"2024-61597-19/09/2025","PARADISE","CC CAMPBELLTOWN.",2,1,0,0,1,2024,"November","Friday","08:51 am",50,"Sealed","Dry","Not Raining","Daylight","Hit Pedestrian",2,,,1334899.91,1676508.1
"2024-61599-19/09/2025","MAGILL","CC CAMPBELLTOWN.",2,1,0,0,1,2024,"November","Friday","10:32 am",60,"Sealed","Dry","Not Raining","Daylight","Right Angle",1,,,1335475.64,1672119.21
"2024-61603-19/09/2025","SOUTH BRIGHTON","CITY OF HOLDFAST BAY",2,2,0,2,0,2024,"November","Friday","12:45 pm",60,"Sealed","Dry","Not Raining","Daylight","Right Angle",1,,,1321162.29,1659884.4
"2024-61605-19/09/2025","MOUNT JAGGED","ALEXANDRINA COUNCIL",2,2,0,1,1,2024,"November","Friday","01:40 pm",80,"Sealed","Dry","Not Raining","Daylight","Hit Fixed Object",1,,,1331786.78,1610626.08
"2024-61606-19/09/2025","DAW PARK","CC MITCHAM.",2,1,0,0,1,2024,"November","Friday","02:00 pm",60,"Sealed","Dry","Not Raining","Daylight","Right Angle",2,,,1327547.13,1664745.26
"2024-61610-19/09/2025","PLYMPTON PARK","CC MARION.",2,1,0,0,1,2024,"November","Friday","03:25 pm",60,"Sealed","Dry","Not Raining","Daylight","Rear End",1,,,1324286.76,1664911.18
"2024-61615-19/09/2025","ELIZABETH VALE","CITY OF PLAYFORD.",2,1,0,1,0,2024,"November","Friday","04:55 pm",80,"Sealed","Dry","Not Raining","Daylight","Rear End",2,,,1336162.73,1690282.12
"2024-61616-19/09/2025","TENNYSON","CITY OF CHARLES STURT",2,1,0,0,1,2024,"November","Friday","02:50 pm",60,"Sealed","Dry","Not Raining","Daylight","Rear End",2,,,1318466.21,1674457.11
"2024-61618-19/09/2025","MILE END","CITY OF WEST TORRENS",2,1,0,0,1,2024,"November","Friday","06:30 pm",50,"Sealed","Dry","Not Raining","Daylight","Hit Pedestrian",2,,,1325956.32,1670183.43
"2024-61624-19/09/2025","DARLINGTON","CITY OF ONKAPARINGA",2,1,0,0,1,2024,"November","Friday","09:15 pm",70,"Sealed","Dry","Not Raining","Night","Right Turn",2,,,1324237.62,1659433.28
"2024-61627-19/09/2025","PENONG",,1,1,0,0,1,2024,"November","Friday","07:58 pm",100,"Unsealed","Dry","Not Raining","Daylight","Roll Over",1,,,799376.88,2004225.09
"2024-61628-19/09/2025","COCKATOO VALLEY","THE BAROSSA COUNCIL.",2,1,0,1,0,2024,"November","Friday","06:15 pm",80,"Sealed","Dry","Not Raining","Daylight","Hit Fixed Object",1,,,1352203.69,1702941.62
"2024-61631-19/09/2025","ROYSTON PARK","CC OF NORWOOD,PAYNEHAM & ST PETERS",2,1,0,0,1,2024,"November","Saturday","03:00 am",60,"Sealed","Dry","Not Raining","Night","Hit Fixed Object",1,,,1331801.6,1673319.6
"2024-61635-19/09/2025","MALLALA","DC MALLALA.",2,1,0,1,0,2024,"November","Saturday","05:29 am",100,"Sealed","Dry","Not Raining","Night","Hit Fixed Object",1,"Y",,1321934.26,1722005.13
"2024-61640-19/09/2025","UPPER STURT","THE ADELAIDE HILLS COUNCIL",1,1,0,1,0,2024,"November","Tuesday","03:30 pm",60,"Sealed","Dry","Not Raining","Daylight","Roll Over",1,,,1336928.25,1659817.99
"2024-61660-19/09/2025","GLENELG EAST","CITY OF HOLDFAST BAY",2,1,0,0,1,2024,"November","Saturday","04:41 pm",60,"Sealed","Dry","Not Raining","Daylight","Rear End",2,,,1321017.08,1665241.99
"2024-61665-19/09/2025","GOLDEN GROVE","CITY OF TEA TREE GULLY",2,4,0,0,4,2024,"November","Saturday","07:12 pm",60,"Sealed","Dry","Not Raining","Daylight","Right Turn",2,,,1337574.11,1685175.27
"2024-61670-19/09/2025","QUEENSTOWN","CITY OF PORT ADELAIDE ENFIELD",2,1,1,0,0,2024,"November","Saturday","09:35 pm",60,"Sealed","Dry","Not Raining","Night","Hit Pedestrian",2,"Y",,1321043.4,1677616.35
"2024-61671-19/09/2025","BUGLE RANGES","DC MT.BARKER.",2,2,0,1,1,2024,"November","Saturday","10:44 pm",100,"Sealed","Dry","Not Raining","Night","Right Angle",2,,"Y",1353869.69,1646399.3
"2024-61676-19/09/2025","MELROSE","DC MT.REMARKABLE.",1,1,0,0,1,2024,"November","Sunday","09:50 am",110,"Sealed","Dry","Not Raining","Daylight","Left Road - Out of Control",1,,,1299839.38,1906912.75
"2024-61696-19/09/2025","EDINBURGH","CITY OF SALISBURY",2,1,1,0,0,2024,"November","Monday","06:23 am",60,"Sealed","Dry","Not Raining","Daylight","Hit Fixed Object",1,,,1333643.74,1690892.81
"2024-61710-19/09/2025","WOODVILLE NORTH","CITY OF CHARLES STURT",2,1,0,0,1,2024,"November","Monday","01:22 pm",60,"Sealed","Dry","Not Raining","Daylight","Rear End",1,,,1323971.39,1676739.16
"2024-61714-19/09/2025","CLARENDON","CITY OF ONKAPARINGA",1,2,0,0,2,2024,"November","Monday","02:57 pm",60,"Sealed","Dry","Not Raining","Daylight","Roll Over",1,,,1329750.44,1650618.04
"2024-61719-19/09/2025","ADELAIDE","CITY OF ADELAIDE",2,1,0,0,1,2024,"November","Monday","03:49 pm",50,"Sealed","Dry","Not Raining","Daylight","Right Angle",1,,,1328848.42,1670681.71
"2024-61720-19/09/2025","CAVAN","CITY OF SALISBURY",2,1,0,0,1,2024,"November","Monday","03:34 pm",70,"Sealed","Dry","Not Raining","Daylight","Hit Pedestrian",2,,,1328739.56,1681509.72
"2024-61723-19/09/2025","GAWLER EAST","CT GAWLER.",2,1,0,0,1,2024,"November","Monday","05:20 pm",80,"Sealed","Dry","Not Raining","Daylight","Rear End",2,,,1345776.04,1706540.78
"2024-61729-19/09/2025","CUMMINS","DC LOWER EYRE PENINSULA",1,1,0,0,1,2024,"November","Tuesday","12:41 am",110,"Sealed","Dry","Not Raining","Night","Left Road - Out of Control",1,"Y","Y",1065727.02,1743259.15
"2024-61734-19/09/2025","PARKSIDE","CITY OF UNLEY",2,1,0,0,1,2024,"November","Tuesday","08:00 am",60,"Sealed","Dry","Not Raining","Daylight","Hit Pedestrian",2,,,1330725.51,1667647.2
"2024-61735-19/09/2025","CROYDON PARK","CITY OF PORT ADELAIDE ENFIELD",2,1,0,1,0,2024,"November","Tuesday","08:03 am",80,"Sealed","Dry","Not Raining","Daylight","Rear End",2,,"Y",1326085.27,1676306.78
"2024-61736-19/09/2025","NORWOOD","CC OF NORWOOD,PAYNEHAM & ST PETERS",2,1,0,0,1,2024,"November","Tuesday","08:36 am",60,"Sealed","Dry","Not Raining","Daylight","Right Turn",1,,,1330829.47,1671041.07
"2024-61740-19/09/2025","PARK HOLME","CC MARION.",3,1,0,0,1,2024,"November","Tuesday","08:48 am",60,"Sealed","Dry","Not Raining","Daylight","Hit Parked Vehicle",1,,,1323754.52,1663123.62
"2024-61743-19/09/2025","ELIZABETH PARK","CITY OF PLAYFORD.",2,1,0,0,1,2024,"November","Monday","09:50 pm",80,"Sealed","Dry","Not Raining","Night","Rear End",2,,,1336482.32,1694632.45
"2024-61745-19/09/2025","BEULAH PARK","CITY OF BURNSIDE",2,1,0,0,1,2024,"November","Tuesday","11:00 am",60,"Sealed","Dry","Not Raining","Daylight","Right Turn",2,,,1332393.94,1671766.08
"2024-61751-19/09/2025","FORDS","LIGHT REGIONAL COUNCIL",3,1,1,0,0,2024,"November","Tuesday","12:55 pm",100,"Sealed","Dry","Not Raining","Daylight","Head On",1,,,1356574.12,1728551.52
"2024-61752-19/09/2025","MAWSON LAKES","CITY OF SALISBURY",2,1,0,0,1,2024,"November","Tuesday","08:30 am",80,"Sealed","Dry","Not Raining","Daylight","Rear End",2,,,1331236.08,1682763.77
"2024-61755-19/09/2025","PORT AUGUSTA","CC PT.AUGUSTA.",2,1,0,0,1,2024,"November","Tuesday","03:00 pm",50,"Unsealed","Dry","Not Raining","Daylight","Right Angle",1,,,1260283.6,1941790.49
"2024-61758-19/09/2025","HAPPY VALLEY","CITY OF ONKAPARINGA",2,1,0,0,1,2024,"November","Tuesday","04:36 pm",60,"Sealed","Dry","Not Raining","Daylight","Right Turn",2,,,1323015.41,1653414.07
"2024-61759-19/09/2025","SMITHFIELD","CITY OF PLAYFORD.",2,1,0,0,1,2024,"November","Tuesday","04:40 pm",80,"Sealed","Dry","Not Raining","Daylight","Rear End",2,,,1337691.24,1696794.32
"2024-61760-19/09/2025","INGLE FARM","CITY OF SALISBURY",3,1,0,0,1,2024,"November","Tuesday","04:40 pm",60,"Sealed","Dry","Not Raining","Daylight","Right Angle",1,,,1332462.18,1682218.53
"2024-61761-19/09/2025","RICHMOND","CITY OF WEST TORRENS",2,1,0,0,1,2024,"November","Tuesday","04:50 pm",50,"Sealed","Dry","Not Raining","Daylight","Rear End",2,,,1324978.51,1669580.31
"2024-61766-19/09/2025","SOUTHEND","WATTLE RANGE COUNCIL",1,1,0,0,1,2024,"November","Tuesday","04:15 pm",110,"Sealed","Dry","Not Raining","Daylight","Roll Over",1,,,1456539.59,1375669.57
"2024-61771-19/09/2025","SALISBURY EAST","CITY OF SALISBURY",3,1,0,0,1,2024,"November","Wednesday","08:10 am",60,"Sealed","Dry","Not Raining","Daylight","Rear End",1,,,1336528.4,1687316.95
"2024-61772-19/09/2025","NORTH HAVEN","CITY OF PORT ADELAIDE ENFIELD",2,1,0,0,1,2024,"November","Wednesday","08:25 am",60,"Sealed","Dry","Not Raining","Daylight","Right Angle",2,,,1319078.95,1685334.56
"2024-61784-19/09/2025","SEMAPHORE","CITY OF PORT ADELAIDE ENFIELD",2,1,0,0,1,2024,"November","Wednesday","12:45 pm",40,"Sealed","Dry","Not Raining","Daylight","Side Swipe",2,,,1317942.81,1680864.57
"2024-61788-19/09/2025","CAMBRAI","MID MURRAY DISTRICT COUNCIL",2,1,0,0,1,2024,"November","Wednesday","02:50 pm",100,"Sealed","Dry","Not Raining","Daylight","Hit Fixed Object",1,"Y",,1391738.45,1693426.35
"2024-61789-19/09/2025","WINGFIELD","CITY OF PORT ADELAIDE ENFIELD",2,1,0,0,1,2024,"November","Tuesday","10:20 am",50,"Sealed","Dry","Not Raining","Daylight","Right Turn",2,,,1323900.67,1679670.46
"2024-61794-19/09/2025","BOSTON","DC LOWER EYRE PENINSULA",2,1,0,1,0,2024,"November","Wednesday","05:03 pm",50,"Sealed","Dry","Not Raining","Daylight","Hit Fixed Object",1,,,1074945.1,1702172.36
"2024-61800-19/09/2025","EVANSTON SOUTH","CT GAWLER.",1,1,0,0,1,2024,"November","Wednesday","07:18 pm",50,"Sealed","Dry","Not Raining","Daylight","Roll Over",1,,,1340104.08,1699710.82
"2024-61804-19/09/2025","MURRAY BRIDGE","RC MURRAY BRIDGE.",2,1,0,1,0,2024,"November","Thursday","12:00 am",80,"Sealed","Dry","Not Raining","Night","Hit Pedestrian",2,"Y",,1385602.08,1645381.46
"2024-61814-19/09/2025","POORAKA","CITY OF SALISBURY",3,1,0,0,1,2024,"November","Thursday","08:52 am",70,"Sealed","Dry","Not Raining","Daylight","Rear End",1,,,1331898.14,1681814.67
"2024-61815-19/09/2025","PARADISE","CC CAMPBELLTOWN.",2,1,0,0,1,2024,"November","Wednesday","06:50 pm",60,"Sealed","Dry","Not Raining","Daylight","Right Turn",2,,,1334972.38,1676235.05
"2024-61816-19/09/2025","MARION","CC MARION.",2,2,0,0,2,2024,"November","Tuesday","08:10 pm",60,"Sealed","Dry","Not Raining","Night","Rear End",2,,,1324366.05,1661874.49
"2024-61817-19/09/2025","MCLAREN VALE","CITY OF ONKAPARINGA",3,1,0,0,1,2024,"November","Thursday","11:10 am",60,"Sealed","Dry","Not Raining","Daylight","Hit Fixed Object",1,,,1322926.84,1637119.16
"2024-61831-19/09/2025","MORPHETT VALE","CITY OF ONKAPARINGA",3,1,0,0,1,2024,"November","Thursday","02:44 pm",60,"Sealed","Dry","Not Raining","Daylight","Rear End",1,,,1320810.01,1648695.32
"2024-61833-19/09/2025","MOONTA BAY","COPPER COAST DISTRICT COUNCIL",2,3,0,1,2,2024,"November","Thursday","02:09 pm",50,"Unsealed","Dry","Not Raining","Daylight","Right Angle",1,,,1237263.22,1769700.33
"2024-61838-19/09/2025","MURRAY BRIDGE","RC MURRAY BRIDGE.",2,1,0,1,0,2024,"November","Thursday","04:18 pm",40,"Sealed","Dry","Not Raining","Daylight","Hit Fixed Object",1,,,1389400.7,1646989.59
"2024-61849-19/09/2025","SEATON","CITY OF CHARLES STURT",2,1,0,0,1,2024,"November","Thursday","04:20 pm",60,"Sealed","Dry","Not Raining","Daylight","Rear End",2,,,1320752.28,1674693.53
"2024-61855-19/09/2025","DUBLIN","DC MALLALA.",2,1,0,1,0,2024,"November","Thursday","09:25 pm",110,"Sealed","Dry","Not Raining","Night","Hit Fixed Object",1,,,1309081.96,1722253.66
"2024-61868-19/09/2025","WHYALLA NORRIE","CC WHYALLA.",2,1,0,0,1,2024,"November","Friday","09:00 am",60,"Sealed","Dry","Not Raining","Daylight","Right Angle",2,,,1237798.54,1883707.74
"2024-61869-19/09/2025","SALISBURY HEIGHTS","CITY OF SALISBURY",4,1,0,0,1,2024,"November","Friday","09:17 am",50,"Sealed","Dry","Not Raining","Daylight","Right Angle",1,,,1335817.76,1688231.07
"2024-61870-19/09/2025","KIDMAN PARK","CITY OF CHARLES STURT",1,1,0,0,1,2024,"November","Thursday","03:00 pm",60,"Sealed","Dry","Not Raining","Daylight","Roll Over",1,,,1322516.45,1672397.29
"2024-61871-19/09/2025","HACKHAM WEST","CITY OF ONKAPARINGA",2,1,0,0,1,2024,"November","Friday","11:00 am",60,"Sealed","Dry","Not Raining","Daylight","Right Angle",1,,,1319210.07,1647487.7
"2024-61873-19/09/2025","ELIZABETH SOUTH","CITY OF PLAYFORD.",2,1,0,0,1,2024,"November","Friday","11:15 am",50,"Sealed","Dry","Not Raining","Daylight","Right Angle",2,,,1334620.11,1691905.12
"2024-61876-19/09/2025","MOUNT WILLOUGHBY",,2,1,0,0,1,2024,"November","Thursday","09:15 pm",110,"Sealed","Dry","Not Raining","Night","Hit Animal",1,,,917807.7,2408883.89
"2024-61878-19/09/2025","SOUTH PLYMPTON","CC MARION.",2,1,0,0,1,2024,"November","Thursday","05:23 pm",60,"Sealed","Dry","Not Raining","Daylight","Side Swipe",2,,,1324450.53,1666112.3
"2024-61883-19/09/2025","MUNNO PARA","CITY OF PLAYFORD.",2,1,0,0,1,2024,"November","Friday","08:15 am",60,"Sealed","Dry","Not Raining","Daylight","Rear End",2,,,1338231.02,1697708.49
"2024-61893-19/09/2025","FINNISS","ALEXANDRINA COUNCIL",3,1,0,0,1,2024,"November","Friday","01:55 pm",100,"Sealed","Dry","Not Raining","Daylight","Other",1,,,1346878.61,1621123.9
"2024-61896-19/09/2025","MIDDLETON","ALEXANDRINA COUNCIL",2,1,0,0,1,2024,"November","Friday","03:18 pm",100,"Unsealed","Dry","Not Raining","Daylight","Right Angle",2,,,1338774.39,1606468.8
"2024-61901-19/09/2025","ALDINGA BEACH","CITY OF ONKAPARINGA",2,1,0,0,1,2024,"November","Friday","05:34 pm",50,"Sealed","Dry","Not Raining","Daylight","Rear End",2,,,1314306.88,1632120.38
"2024-61903-19/09/2025","WALKERVILLE","WALKERVILLE TOWN COUNCIL",2,1,0,0,1,2024,"November","Wednesday","05:15 pm",50,"Sealed","Dry","Not Raining","Daylight","Side Swipe",2,,,1330202.65,1674006.04
"2024-61905-19/09/2025","KLEMZIG","CITY OF PORT ADELAIDE ENFIELD",2,4,0,0,4,2024,"November","Friday","06:57 pm",60,"Sealed","Dry","Not Raining","Daylight","Rear End",2,,,1332068.73,1676591.63
"2024-61906-19/09/2025","FREELING","LIGHT REGIONAL COUNCIL",2,1,0,0,1,2024,"November","Friday","07:48 pm",100,"Sealed","Dry","Not Raining","Daylight","Right Angle",2,"Y",,1351213.79,1722850.9
"2024-61910-19/09/2025","PORT WAKEFIELD","WAKEFIELD REGIONAL COUNCIL",2,1,0,1,0,2024,"November","Friday","10:58 pm",110,"Sealed","Dry","Not Raining","Night","Right Turn",1,,,1292618.83,1759800.54
"2024-61911-19/09/2025","COORONG","DC KINGSTON.",1,1,0,1,0,2024,"November","Friday","08:30 pm",40,"Unsealed","Dry","Not Raining","Night","Roll Over",1,,,1422096.33,1515186.76
"2024-61921-19/09/2025","NORTH ADELAIDE","CITY OF ADELAIDE",2,1,0,0,1,2024,"November","Saturday","10:02 am",40,"Sealed","Dry","Not Raining","Daylight","Side Swipe",2,,,1329221.66,1672895.41
"2024-61924-19/09/2025","CHELTENHAM","CITY OF CHARLES STURT",2,2,0,0,2,2024,"November","Saturday","01:10 pm",60,"Sealed","Dry","Not Raining","Daylight","Right Angle",2,,,1322282.82,1677760.1
"2024-61925-19/09/2025","HILL RIVER","CLARE AND GILBERT VALLEYS DISTRICT COUNCIL",2,1,0,0,1,2024,"November","Saturday","12:30 pm",100,"Sealed","Wet","Raining","Daylight","Hit Fixed Object",1,,,1336992.38,1791595.08
"2024-61927-19/09/2025","EDEN HILLS","CC MITCHAM.",2,4,0,1,3,2024,"November","Saturday","02:44 pm",60,"Sealed","Wet","Raining","Daylight","Head On",2,,,1328422.92,1659504.22
"2024-61928-19/09/2025","ELIZABETH PARK","CITY OF PLAYFORD.",2,1,0,0,1,2024,"November","Saturday","03:08 pm",50,"Sealed","Dry","Not Raining","Daylight","Hit Fixed Object",1,,"Y",1336043.97,1693704.53
"2024-61935-19/09/2025","OAKDEN","CITY OF PORT ADELAIDE ENFIELD",2,1,0,0,1,2024,"November","Saturday","06:40 pm",60,"Sealed","Dry","Not Raining","Daylight","Right Turn",2,,,1333378.55,1678561.06
"2024-61936-19/09/2025","BLACKWOOD","CC MITCHAM.",2,1,0,0,1,2024,"November","Saturday","05:35 pm",50,"Sealed","Dry","Not Raining","Daylight","Side Swipe",2,,,1329690.48,1660048.86
"2024-61939-19/09/2025","TOOPERANG","ALEXANDRINA COUNCIL",2,1,0,0,1,2024,"November","Sunday","01:00 am",100,"Unsealed","Dry","Not Raining","Night","Hit Fixed Object",1,,"Y",1339681.38,1619614.7
"2024-61942-19/09/2025","JOANNA","DC NARACOORTE & LUCINDALE.",2,2,0,1,1,2024,"November","Saturday","12:56 pm",110,"Sealed","Dry","Not Raining","Daylight","Hit Fixed Object",1,,,1517986.96,1415619.79
"2024-61944-19/09/2025","GLENUNGA","CITY OF BURNSIDE",4,1,0,0,1,2024,"November","Sunday","10:45 am",60,"Sealed","Dry","Not Raining","Daylight","Right Turn",1,,,1332347.73,1667705.26
"2024-61946-19/09/2025","WILLUNGA","CITY OF ONKAPARINGA",2,1,0,0,1,2024,"November","Sunday","11:40 am",100,"Sealed","Dry","Not Raining","Daylight","Rear End",2,,,1321230.97,1633444.26
"2024-61950-19/09/2025","WEST LAKES SHORE","CITY OF CHARLES STURT",2,1,0,0,1,2024,"November","Sunday","09:00 am",15,"Sealed","Dry","Not Raining","Daylight","Hit Pedestrian",1,,,1317768.68,1677345.5
"2024-61952-19/09/2025","RICHMOND","CITY OF WEST TORRENS",2,1,0,0,1,2024,"November","Sunday","01:15 pm",60,"Sealed","Dry","Not Raining","Daylight","Rear End",1,,,1325780.33,1669463.64
"2024-61956-19/09/2025","MOUNT GAMBIER","CC MT.GAMBIER.",2,1,0,1,0,2024,"November","Sunday","01:00 pm",60,"Sealed","Dry","Not Raining","Daylight","Right Angle",2,,,1509805.52,1340997.45
"2024-61958-19/09/2025","ROCKY CAMP","WATTLE RANGE COUNCIL",1,1,0,1,0,2024,"November","Sunday","05:30 pm",50,"Unsealed","Dry","Not Raining","Daylight","Roll Over",1,,,1479426.87,1369486.96
"2024-61961-19/09/2025","MUNNO PARA DOWNS","CITY OF PLAYFORD.",2,3,0,0,3,2024,"November","Sunday","08:34 pm",80,"Sealed","Dry","Not Raining","Night","Rear End",2,,"Y",1336779.09,1702595.1
"2024-61964-19/09/2025","KAPUNDA","LIGHT REGIONAL COUNCIL",2,1,0,1,0,2024,"November","Sunday","08:00 am",100,"Sealed","Wet","Raining","Daylight","Hit Fixed Object",1,,"Y",1359106.49,1731861.48