"REPORT_ID","Suburb","LGA Name","Total Units","Total Cas","Total Fats","Total SI","Total MI","Year","Month","Day","Time","Area Speed","Road Surface","Moisture Cond","Weather Cond","DayNight","Crash Type","Unit Resp","DUI Involved","Drugs Involved","ACCLOC_X","ACCLOC_Y"
"2024-61965-19/09/2025","TORRENSVILLE","CITY OF WEST TORRENS",3,1,0,0,1,2024,"November","Monday","06:45 am",60,"Sealed","Dry","Not Raining","Daylight","Right Turn",1,,,1325740.32,1670993.32
"2024-61967-19/09/2025","TORRENSVILLE","CITY OF WEST TORRENS",2,1,0,0,1,2024,"November","Monday","06:30 am",50,"Sealed","Dry","Not Raining","Daylight","Side Swipe",1,,,1325234.99,1672015.48
"2024-61969-19/09/2025","SALISBURY EAST","CITY OF SALISBURY",1,1,0,0,1,2024,"November","Sunday","02:00 pm",60,"Sealed","Dry","Not Raining","Daylight","Roll Over",1,,,1334637.8,1685779.84
"2024-61978-19/09/2025","SOUTH PLYMPTON","CC MARION.",2,1,0,0,1,2024,"November","Monday","12:46 pm",60,"Sealed","Dry","Not Raining","Daylight","Right Turn",1,,,1324247.23,1666113.9
"2024-61979-19/09/2025","ELIZABETH DOWNS","CITY OF PLAYFORD.",2,1,0,1,0,2024,"November","Monday","12:35 pm",50,"Sealed","Dry","Not Raining","Daylight","Right Angle",1,,"Y",1337962.65,1695209.33
"2024-61980-19/09/2025","ELIZABETH SOUTH","CITY OF PLAYFORD.",2,1,0,0,1,2024,"November","Monday","12:15 pm",60,"Sealed","Dry","Not Raining","Daylight","Rear End",1,,,1334424.18,1690426.98
"2024-61981-19/09/2025","FERRYDEN PARK","CITY OF PORT ADELAIDE ENFIELD",2,1,0,0,1,2024,"November","Monday","03:20 pm",50,"Sealed","Dry","Not Raining","Daylight","Right Angle",1,,,1324923.74,1677168.38
"2024-61982-19/09/2025","EDWARDSTOWN","CC MARION.",2,3,0,0,3,2024,"November","Monday","03:30 pm",50,"Sealed","Dry","Not Raining","Daylight","Rear End",2,,,1325160.58,1664768.3
"2024-61985-19/09/2025","SEAFORD","CITY OF ONKAPARINGA",2,1,0,0,1,2024,"November","Monday","04:05 pm",50,"Sealed","Dry","Not Raining","Daylight","Hit Animal",1,,,1317072.85,1642139.76
"2024-61986-19/09/2025","TORRENSVILLE","CITY OF WEST TORRENS",3,1,0,0,1,2024,"November","Monday","05:15 pm",50,"Sealed","Dry","Not Raining","Daylight","Right Angle",1,,,1325393.83,1671409.37
"2024-61992-19/09/2025","STEPNEY","CC OF NORWOOD,PAYNEHAM & ST PETERS",2,3,0,0,3,2024,"November","Monday","08:55 pm",60,"Sealed","Dry","Not Raining","Night","Right Turn",1,,,1331106.72,1672391.46
"2024-61997-19/09/2025","TEMPLERS","LIGHT REGIONAL COUNCIL",2,2,0,2,0,2024,"November","Tuesday","06:25 pm",100,"Sealed","Dry","Not Raining","Daylight","Head On",1,"Y","Y",1343793.87,1719343.43
"2024-61998-19/09/2025","LARGS NORTH","CITY OF PORT ADELAIDE ENFIELD",2,1,0,1,0,2024,"November","Tuesday","09:10 pm",60,"Sealed","Dry","Not Raining","Night","Hit Fixed Object",1,,,1319864.09,1682865.17
"2024-61999-19/09/2025","ADELAIDE","CITY OF ADELAIDE",2,1,0,0,1,2024,"November","Tuesday","09:27 pm",60,"Sealed","Dry","Not Raining","Night","Rear End",1,,,1327373.53,1670801.56
"2024-62004-19/09/2025","MORPHETT VALE","CITY OF ONKAPARINGA",2,1,0,1,0,2024,"November","Monday","09:50 pm",60,"Sealed","Dry","Not Raining","Night","Hit Pedestrian",1,,,1319417.9,1647513.82
"2024-62006-19/09/2025","SOUTHEND","WATTLE RANGE COUNCIL",2,1,0,0,1,2024,"November","Tuesday","04:45 pm",50,"Unsealed","Dry","Not Raining","Daylight","Roll Over",1,,,1453819.61,1372143.19
"2024-62008-19/09/2025","KINGSWOOD","CC MITCHAM.",2,1,0,0,1,2024,"November","Tuesday","07:40 am",60,"Sealed","Dry","Not Raining","Daylight","Rear End",2,,,1329136.35,1666242.69
"2024-62015-19/09/2025","KURRALTA PARK","CITY OF WEST TORRENS",3,1,0,0,1,2024,"November","Tuesday","10:15 am",60,"Sealed","Dry","Not Raining","Daylight","Hit Pedestrian",1,,,1325614.14,1667595.06
"2024-62016-19/09/2025","FLAGSTAFF HILL","CITY OF ONKAPARINGA",2,1,0,0,1,2024,"November","Tuesday","12:30 pm",70,"Sealed","Dry","Not Raining","Daylight","Right Turn",1,,,1325376.7,1657541.73
"2024-62020-19/09/2025","ROYSTON PARK","CC OF NORWOOD,PAYNEHAM & ST PETERS",2,1,0,0,1,2024,"November","Tuesday","07:20 am",50,"Sealed","Dry","Not Raining","Daylight","Right Angle",1,,,1331492.45,1673342.88
"2024-62022-19/09/2025","GRANGE","CITY OF CHARLES STURT",1,1,0,0,1,2024,"November","Wednesday","08:05 am",50,"Sealed","Dry","Not Raining","Daylight","Roll Over",1,,,1318624.37,1673581.67
"2024-62023-19/09/2025","KESWICK","CITY OF WEST TORRENS",2,1,0,1,0,2024,"November","Wednesday","08:00 am",60,"Sealed","Dry","Unknown","Daylight","Side Swipe",1,,,1326559.92,1668496.69
"2024-62027-19/09/2025","GLENELG NORTH","CITY OF WEST TORRENS",2,1,0,1,0,2024,"November","Wednesday","09:00 am",60,"Sealed","Wet","Raining","Daylight","Right Turn",1,,,1321172.62,1666851.19
"2024-62034-19/09/2025","INGLE FARM","CITY OF SALISBURY",2,1,0,0,1,2024,"November","Wednesday","10:15 am",50,"Sealed","Wet","Not Raining","Daylight","Hit Fixed Object",1,,,1333888.44,1681695.87
"2024-62039-19/09/2025","MOUNT OSMOND","CITY OF BURNSIDE",1,1,0,0,1,2024,"November","Wednesday","09:00 am",60,"Sealed","Wet","Raining","Daylight","Roll Over",1,,,1334404.2,1666752.22
"2024-62047-19/09/2025","HALLETT COVE","CC MARION.",2,1,0,0,1,2024,"November","Monday","07:00 pm",50,"Sealed","Dry","Not Raining","Daylight","Hit Pedestrian",2,,,1320459.12,1655129.3
"2024-62048-19/09/2025","MUNNO PARA","CITY OF PLAYFORD.",2,1,0,0,1,2024,"November","Wednesday","01:16 pm",80,"Sealed","Dry","Not Raining","Daylight","Side Swipe",2,,,1338199.84,1697693.14
"2024-62050-19/09/2025","ELIZABETH EAST","CITY OF PLAYFORD.",2,1,0,0,1,2024,"November","Wednesday","02:38 pm",60,"Sealed","Dry","Not Raining","Daylight","Hit Parked Vehicle",1,,"Y",1336399.6,1692418.24
"2024-62052-19/09/2025","MACDONALD PARK","CITY OF PLAYFORD.",2,1,0,0,1,2024,"November","Wednesday","03:00 pm",110,"Sealed","Dry","Not Raining","Daylight","Rear End",2,,,1334344.58,1699719.26
"2024-62054-19/09/2025","PARADISE","CC CAMPBELLTOWN.",2,1,0,0,1,2024,"November","Wednesday","03:36 pm",50,"Sealed","Dry","Not Raining","Daylight","Right Angle",2,,,1335975.18,1676577.82
"2024-62055-19/09/2025","MODBURY NORTH","CITY OF TEA TREE GULLY",2,1,0,0,1,2024,"November","Tuesday","07:24 pm",60,"Sealed","Dry","Not Raining","Daylight","Hit Pedestrian",1,,,1337412.88,1681362.13
"2024-62062-19/09/2025","ELIZABETH PARK","CITY OF PLAYFORD.",2,1,0,0,1,2024,"November","Thursday","03:00 pm",80,"Sealed","Dry","Not Raining","Daylight","Rear End",2,,,1335952.8,1693332.92
"2024-62063-19/09/2025","REGENCY PARK","CITY OF PORT ADELAIDE ENFIELD",2,2,0,0,2,2024,"November","Wednesday","06:30 pm",60,"Sealed","Dry","Not Raining","Daylight","Side Swipe",1,,,1326408.16,1677303.1
"2024-62064-19/09/2025","EDWARDSTOWN","CC MARION.",2,1,0,0,1,2024,"November","Wednesday","06:10 pm",50,"Sealed","Dry","Not Raining","Daylight","Right Angle",2,,,1325234.22,1664579.79
"2024-62067-19/09/2025","KESWICK","CITY OF WEST TORRENS",2,1,0,0,1,2024,"November","Wednesday","04:48 pm",60,"Sealed","Dry","Not Raining","Daylight","Right Turn",1,,,1325794.33,1668947.63
"2024-62069-19/09/2025","WOODVILLE SOUTH","CITY OF CHARLES STURT",2,1,0,0,1,2024,"November","Wednesday","09:19 pm",50,"Sealed","Dry","Not Raining","Night","Right Angle",1,,,1322612.93,1675200.54
"2024-62079-19/09/2025","ECHUNGA","DC MT.BARKER.",2,1,0,0,1,2024,"November","Thursday","06:30 am",60,"Sealed","Wet","Raining","Daylight","Rear End",2,,,1346162.21,1650193.07
"2024-62080-19/09/2025","EDWARDSTOWN","CC MARION.",2,1,0,0,1,2024,"November","Wednesday","03:30 pm",50,"Sealed","Dry","Not Raining","Daylight","Right Angle",1,,,1325689.36,1665269.62
"2024-62081-19/09/2025","PORT NOARLUNGA SOUTH","CITY OF ONKAPARINGA",2,1,0,0,1,2024,"November","Thursday","11:00 am",50,"Sealed","Dry","Not Raining","Daylight","Rear End",2,,,1316147.96,1645210.61
"2024-62082-19/09/2025","THEBARTON","CITY OF WEST TORRENS",2,1,0,0,1,2024,"November","Tuesday","03:53 pm",60,"Sealed","Dry","Not Raining","Daylight","Rear End",2,,,1326557.58,1671656.75
"2024-62088-19/09/2025","PORT ADELAIDE","CITY OF PORT ADELAIDE ENFIELD",3,1,0,0,1,2024,"November","Thursday","09:20 am",60,"Sealed","Dry","Not Raining","Daylight","Rear End",1,,,1320480.87,1679082.5
"2024-62091-19/09/2025","PORT AUGUSTA","CC PT.AUGUSTA.",2,1,0,0,1,2024,"November","Thursday","03:15 pm",60,"Sealed","Dry","Not Raining","Daylight","Hit Pedestrian",2,,,1259502.9,1942326.31
"2024-62094-19/09/2025","RIDLEYTON","CITY OF CHARLES STURT",3,1,0,1,0,2024,"November","Thursday","03:45 pm",60,"Sealed","Dry","Not Raining","Daylight","Right Angle",1,,,1326058.15,1674781.49
"2024-62097-19/09/2025","SALISBURY PLAIN","CITY OF SALISBURY",4,1,0,0,1,2024,"November","Thursday","03:50 pm",80,"Sealed","Dry","Not Raining","Daylight","Rear End",1,,,1335434.47,1688134.74
"2024-62098-19/09/2025","PROSPECT","CITY OF PROSPECT",2,1,0,0,1,2024,"November","Thursday","04:45 pm",60,"Sealed","Dry","Not Raining","Daylight","Rear End",2,,,1328367.16,1676420.45
"2024-62105-19/09/2025","HALLETT COVE","CC MARION.",2,1,0,0,1,2024,"November","Thursday","04:55 pm",50,"Sealed","Dry","Not Raining","Daylight","Right Angle",1,,,1320237.39,1653978.48
"2024-62109-19/09/2025","PLYMPTON","CITY OF WEST TORRENS",2,1,0,0,1,2024,"November","Thursday","08:10 pm",60,"Sealed","Dry","Not Raining","Daylight","Right Turn",1,,,1324812.73,1666989.63
"2024-62111-19/09/2025","HENLEY BEACH SOUTH","CITY OF CHARLES STURT",2,1,0,0,1,2024,"November","Friday","06:50 am",50,"Sealed","Dry","Not Raining","Daylight","Right Angle",2,,,1319227.2,1670398.15
"2024-62114-19/09/2025","HALLETT COVE","CC MARION.",2,1,0,0,1,2024,"November","Friday","08:47 am",50,"Sealed","Dry","Not Raining","Daylight","Right Angle",1,,,1320609.3,1655347.92
"2024-62117-19/09/2025","SOMERTON PARK","CITY OF HOLDFAST BAY",2,1,0,0,1,2024,"November","Friday","10:50 am",50,"Sealed","Dry","Not Raining","Daylight","Hit Parked Vehicle",2,,,1320366.37,1663151.25
"2024-62118-19/09/2025","SALISBURY","CITY OF SALISBURY",2,1,0,1,0,2024,"November","Friday","10:54 am",50,"Sealed","Dry","Not Raining","Daylight","Hit Parked Vehicle",1,,,1334219.14,1689091.53
"2024-62119-19/09/2025","ELIZABETH EAST","CITY OF PLAYFORD.",2,1,0,1,0,2024,"November","Thursday","03:20 pm",50,"Sealed","Dry","Not Raining","Daylight","Right Angle",2,,,1336966.38,1692754.74
"2024-62124-19/09/2025","SAMPSON FLAT","CITY OF PLAYFORD.",3,1,0,0,1,2024,"November","Friday","01:00 pm",80,"Sealed","Dry","Not Raining","Daylight","Hit Fixed Object",1,,,1345556.11,1692708.85
"2024-62128-19/09/2025","SEMAPHORE SOUTH","CITY OF PORT ADELAIDE ENFIELD",2,1,0,1,0,2024,"November","Friday","02:23 pm",60,"Sealed","Dry","Not Raining","Daylight","Right Angle",1,,"Y",1317861.74,1679639
"2024-62130-19/09/2025","CLEVE","DC CLEVE.",1,1,0,0,1,2024,"November","Friday","11:45 am",100,"Unsealed","Dry","Not Raining","Daylight","Other",1,,,1151808.36,1806981.65
"2024-62131-19/09/2025","WEST BEACH","CITY OF WEST TORRENS",3,1,0,0,1,2024,"November","Friday","12:30 pm",60,"Sealed","Dry","Not Raining","Daylight","Rear End",2,,,1320929.56,1668827.66
"2024-62135-19/09/2025","HACKHAM WEST","CITY OF ONKAPARINGA",2,2,0,0,2,2024,"November","Friday","03:36 pm",60,"Sealed","Dry","Not Raining","Daylight","Right Turn",2,,,1320847.03,1647531.84
"2024-62142-19/09/2025","ADELAIDE","CITY OF ADELAIDE",2,2,0,0,2,2024,"November","Friday","10:40 am",60,"Sealed","Dry","Not Raining","Daylight","Right Turn",2,,,1327377.74,1670639.77
"2024-62146-19/09/2025","GREEN FIELDS","CITY OF SALISBURY",2,1,0,1,0,2024,"November","Friday","08:05 pm",70,"Sealed","Dry","Not Raining","Daylight","Right Turn",1,,,1329681.88,1684597.96
"2024-62154-19/09/2025","KEITH","DC TATIARA.",2,2,0,0,2,2024,"November","Saturday","04:30 am",110,"Sealed","Wet","Raining","Night","Hit Fixed Object",1,"Y",,1479547.72,1526945.96
"2024-62156-19/09/2025","BOSTON","DC LOWER EYRE PENINSULA",1,2,0,2,0,2024,"November","Friday","10:00 pm",80,"Sealed","Dry","Not Raining","Night","Roll Over",1,,,1073701.52,1702514.62
"2024-62167-19/09/2025","ST AGNES","CITY OF TEA TREE GULLY",2,1,0,0,1,2024,"November","Saturday","03:42 pm",60,"Sealed","Dry","Not Raining","Daylight","Right Angle",1,,,1338584.03,1681287.55
"2024-62168-19/09/2025","GLENSIDE","CITY OF BURNSIDE",2,1,0,0,1,2024,"November","Friday","06:00 pm",60,"Sealed","Dry","Not Raining","Daylight","Right Angle",2,,,1330687.25,1668997.74
"2024-62170-19/09/2025","CULTANA",,1,1,0,0,1,2024,"November","Saturday","03:43 pm",110,"Sealed","Dry","Not Raining","Daylight","Roll Over",1,,"Y",1235699.3,1921430.62
"2024-62179-19/09/2025","GREENWITH","CITY OF TEA TREE GULLY",2,1,0,1,0,2024,"December","Sunday","06:15 am",60,"Sealed","Dry","Not Raining","Daylight","Hit Fixed Object",1,,"Y",1339716.17,1687774.06
"2024-62192-19/09/2025","GOODWOOD","CITY OF UNLEY",3,1,0,0,1,2024,"December","Sunday","01:55 pm",50,"Sealed","Dry","Not Raining","Daylight","Hit Parked Vehicle",1,,,1327464.16,1667674.6
"2024-62197-19/09/2025","TWO WELLS","DC MALLALA.",2,3,0,2,1,2024,"December","Sunday","01:00 pm",110,"Sealed","Dry","Not Raining","Daylight","Right Angle",1,,,1321989.46,1706605.39
"2024-62198-19/09/2025","ST PETERS","CC OF NORWOOD,PAYNEHAM & ST PETERS",2,1,0,1,0,2024,"December","Sunday","03:35 pm",60,"Sealed","Dry","Not Raining","Daylight","Right Angle",1,,,1330883,1672709.34
"2024-62199-19/09/2025","TINTINARA","COORONG DISTRICT COUNCIL",2,2,0,2,0,2024,"December","Sunday","02:09 pm",80,"Sealed","Dry","Not Raining","Daylight","Hit Fixed Object",1,,,1456920.05,1558611.1
"2024-62200-19/09/2025","MORPHETT VALE","CITY OF ONKAPARINGA",2,1,0,0,1,2024,"December","Sunday","04:46 pm",60,"Sealed","Dry","Not Raining","Daylight","Right Angle",1,,,1319615.41,1649824.47
"2024-62202-19/09/2025","NORTH ADELAIDE","CITY OF ADELAIDE",2,1,0,1,0,2024,"December","Sunday","05:35 pm",50,"Sealed","Dry","Not Raining","Daylight","Right Turn",1,,,1328070.6,1673163.04
"2024-62206-19/09/2025","TORRENSVILLE","CITY OF WEST TORRENS",2,1,0,0,1,2024,"December","Sunday","08:50 pm",50,"Sealed","Dry","Not Raining","Night","Hit Parked Vehicle",1,,,1325363.28,1670973.11
"2024-62208-19/09/2025","WOODVILLE SOUTH","CITY OF CHARLES STURT",2,1,0,0,1,2024,"December","Sunday","10:39 pm",50,"Sealed","Dry","Not Raining","Night","Hit Fixed Object",1,,,1322978.9,1674785.6
"2024-62216-19/09/2025","PARKSIDE","CITY OF UNLEY",2,1,0,0,1,2024,"December","Monday","09:10 am",40,"Sealed","Dry","Not Raining","Daylight","Rear End",1,,,1330069.09,1668264.05
"2024-62222-19/09/2025","MOUNT DRUMMOND","DC LOWER EYRE PENINSULA",1,2,0,0,2,2024,"December","Sunday","06:40 pm",100,"Unsealed","Dry","Not Raining","Daylight","Roll Over",1,,,1033104.12,1754971.82
"2024-62224-19/09/2025","CAPE BORDA","KANGAROO ISLAND COUNCIL",2,2,0,1,1,2024,"December","Monday","11:02 am",100,"Unsealed","Dry","Not Raining","Daylight","Roll Over",1,,,1152140.06,1582181.71
"2024-62225-19/09/2025","MAGAREY","WATTLE RANGE COUNCIL",2,2,0,0,2,2024,"December","Monday","12:00 pm",110,"Sealed","Dry","Not Raining","Daylight","Side Swipe",1,,,1446827.88,1389501.03
"2024-62230-19/09/2025","EDINBURGH","CITY OF SALISBURY",3,2,0,0,2,2024,"December","Monday","01:41 pm",60,"Sealed","Dry","Not Raining","Daylight","Hit Fixed Object",1,,,1333740.95,1694123.23
"2024-62245-19/09/2025","STRATHALBYN","ALEXANDRINA COUNCIL",3,1,0,0,1,2024,"December","Monday","05:45 pm",50,"Sealed","Wet","Raining","Daylight","Hit Fixed Object",1,,,1353544.37,1633398.37
"2024-62251-19/09/2025","TAPEROO","CITY OF PORT ADELAIDE ENFIELD",2,1,0,0,1,2024,"December","Monday","06:15 pm",60,"Sealed","Wet","Raining","Daylight","Right Angle",1,,,1319709.77,1683551.32
"2024-62253-19/09/2025","KERSBROOK","THE ADELAIDE HILLS COUNCIL",2,1,0,0,1,2024,"December","Monday","07:28 pm",100,"Sealed","Wet","Raining","Daylight","Head On",1,,,1349613.49,1687345.52
"2024-62259-19/09/2025","EYRE","CITY OF PLAYFORD.",2,1,0,1,0,2024,"December","Tuesday","05:50 am",60,"Sealed","Dry","Not Raining","Night","Right Angle",1,,,1334448.88,1695783.92
"2024-62261-19/09/2025","ADELAIDE","CITY OF ADELAIDE",2,1,0,0,1,2024,"December","Tuesday","06:42 am",50,"Sealed","Dry","Not Raining","Daylight","Right Turn",1,,,1329056.26,1669586.88
"2024-62266-19/09/2025","PARADISE","CC CAMPBELLTOWN.",2,3,0,0,3,2024,"December","Tuesday","08:15 am",60,"Sealed","Dry","Not Raining","Daylight","Rear End",2,,,1335272.83,1676478.72
"2024-62267-19/09/2025","ELIZABETH","CITY OF PLAYFORD.",2,1,0,0,1,2024,"December","Monday","08:20 pm",60,"Sealed","Dry","Not Raining","Night","Right Angle",2,,,1335676.68,1693191.01
"2024-62270-19/09/2025","GLENSIDE","CITY OF BURNSIDE",3,1,0,0,1,2024,"December","Tuesday","10:15 am",60,"Sealed","Dry","Not Raining","Daylight","Rear End",1,,,1330685.56,1669012.41
"2024-62274-19/09/2025","MOUNT BARKER","DC MT.BARKER.",2,1,0,0,1,2024,"December","Tuesday","11:45 am",60,"Sealed","Dry","Not Raining","Daylight","Right Angle",2,,,1350820.67,1652886.74
"2024-62277-19/09/2025","ROYSTON PARK","CC OF NORWOOD,PAYNEHAM & ST PETERS",2,2,0,0,2,2024,"December","Tuesday","12:52 pm",60,"Sealed","Dry","Not Raining","Daylight","Rear End",2,,,1331893.02,1673441.23
"2024-62279-19/09/2025","BLACK HILL","MID MURRAY DISTRICT COUNCIL",1,1,0,0,1,2024,"December","Tuesday","09:09 am",110,"Sealed","Dry","Not Raining","Daylight","Left Road - Out of Control",1,,,1409800.19,1686370.04
"2024-62281-19/09/2025","WOODVILLE SOUTH","CITY OF CHARLES STURT",2,1,0,0,1,2024,"December","Tuesday","01:36 pm",60,"Sealed","Dry","Not Raining","Daylight","Side Swipe",1,,,1322735.23,1675828.1
"2024-62288-19/09/2025","GEPPS CROSS","CITY OF PORT ADELAIDE ENFIELD",2,1,0,0,1,2024,"December","Tuesday","05:22 pm",60,"Sealed","Dry","Not Raining","Daylight","Right Turn",2,,,1327678.22,1679248.34
"2024-62289-19/09/2025","NARACOORTE","DC NARACOORTE & LUCINDALE.",2,1,0,0,1,2024,"December","Tuesday","05:15 pm",60,"Sealed","Dry","Not Raining","Daylight","Hit Fixed Object",1,,,1511007.56,1436556.71
"2024-62291-19/09/2025","MURRAY BRIDGE","RC MURRAY BRIDGE.",2,1,0,1,0,2024,"December","Tuesday","03:55 pm",50,"Sealed","Dry","Not Raining","Daylight","Right Angle",1,,,1388254.31,1646542.58
"2024-62295-19/09/2025","FLAGSTAFF HILL","CITY OF ONKAPARINGA",2,1,0,0,1,2024,"December","Tuesday","06:09 pm",60,"Sealed","Dry","Not Raining","Daylight","Right Angle",2,,,1327951.96,1656185.29
"2024-62297-19/09/2025","POOGINAGORIC","DC TATIARA.",2,2,0,0,2,2024,"December","Wednesday","03:21 am",100,"Sealed","Dry","Not Raining","Night","Hit Fixed Object",1,,,1523121.79,1494134.53
"2024-62300-19/09/2025","GLENELG","CITY OF HOLDFAST BAY",2,1,0,0,1,2024,"December","Wednesday","07:20 am",50,"Sealed","Dry","Not Raining","Daylight","Right Angle",1,,,1320526.02,1665291.12
"2024-62306-19/09/2025","YALATA",,2,1,0,1,0,2024,"December","Wednesday","09:00 am",50,"Unknown","Dry","Not Raining","Daylight","Hit Fixed Object",1,"Y",,701038.13,2052875.33
"2024-62308-19/09/2025","ADELAIDE","CITY OF ADELAIDE",2,1,0,0,1,2024,"December","Wednesday","10:47 am",50,"Sealed","Dry","Not Raining","Daylight","Right Turn",2,,,1328848.42,1670681.71
"2024-62313-19/09/2025","TORRENSVILLE","CITY OF WEST TORRENS",3,1,0,0,1,2024,"December","Wednesday","07:00 am",60,"Sealed","Dry","Not Raining","Daylight","Side Swipe",1,,,1325416.27,1672003.04
"2024-62323-19/09/2025","HECTORVILLE","CC CAMPBELLTOWN.",2,1,0,0,1,2024,"December","Wednesday","04:30 pm",60,"Sealed","Dry","Not Raining","Daylight","Side Swipe",2,,,1333940.8,1673976.68
"2024-62326-19/09/2025","MCLAREN VALE","CITY OF ONKAPARINGA",2,1,0,0,1,2024,"December","Wednesday","08:45 am",50,"Sealed","Dry","Not Raining","Daylight","Right Angle",2,,,1322080.05,1638532.8
"2024-62329-19/09/2025","ELIZABETH PARK","CITY OF PLAYFORD.",2,1,0,0,1,2024,"December","Wednesday","06:00 pm",60,"Sealed","Dry","Not Raining","Daylight","Side Swipe",9,,,1336148.41,1693308.26
"2024-62330-19/09/2025","MOANA","CITY OF ONKAPARINGA",2,1,0,0,1,2024,"November","Friday","06:30 am",50,"Sealed","Wet","Raining","Daylight","Rear End",2,,,1315986.14,1640948.2
"2024-62331-19/09/2025","NAIRNE","DC MT.BARKER.",4,1,0,0,1,2024,"December","Wednesday","05:30 pm",80,"Sealed","Dry","Not Raining","Daylight","Rear End",2,,,1354812.82,1656251.9
"2024-62333-19/09/2025","GLEN OSMOND","CITY OF BURNSIDE",2,1,0,0,1,2024,"December","Wednesday","06:26 pm",50,"Sealed","Dry","Not Raining","Daylight","Hit Pedestrian",2,,,1332819.05,1667032.09
"2024-62334-19/09/2025","BUGLE RANGES","DC MT.BARKER.",2,1,0,0,1,2024,"December","Wednesday","03:15 pm",80,"Unsealed","Dry","Not Raining","Daylight","Hit Animal",2,,,1351234.09,1647296.44
"2024-62343-19/09/2025","LEABROOK","CITY OF BURNSIDE",2,1,0,0,1,2024,"December","Wednesday","09:45 pm",60,"Sealed","Dry","Not Raining","Night","Right Turn",2,,,1333899.19,1670462.72
"2024-62345-19/09/2025","TATACHILLA","CITY OF ONKAPARINGA",2,2,0,2,0,2024,"December","Thursday","06:22 am",100,"Sealed","Dry","Not Raining","Daylight","Right Angle",2,,,1320565.19,1637093.66
"2024-62355-19/09/2025","DEVON PARK","CITY OF PORT ADELAIDE ENFIELD",2,1,0,0,1,2024,"December","Thursday","08:12 am",50,"Sealed","Dry","Not Raining","Daylight","Right Angle",2,,,1327107.37,1675116.03
"2024-62357-19/09/2025","PORT ADELAIDE","CITY OF PORT ADELAIDE ENFIELD",3,1,0,0,1,2024,"December","Thursday","11:35 am",50,"Sealed","Dry","Not Raining","Daylight","Side Swipe",2,,,1319817.88,1679899.81
"2024-62359-19/09/2025","ENFIELD","CITY OF PORT ADELAIDE ENFIELD",2,1,0,0,1,2024,"December","Thursday","01:05 pm",60,"Sealed","Dry","Not Raining","Daylight","Rear End",2,,,1328811.36,1678629.28
"2024-62361-19/09/2025","UNDERDALE","CITY OF WEST TORRENS",3,1,0,0,1,2024,"December","Thursday","01:46 pm",60,"Sealed","Dry","Not Raining","Daylight","Side Swipe",2,,,1324030.18,1670936.58
"2024-62367-19/09/2025","WARRADALE","CC MARION.",2,1,0,0,1,2024,"December","Wednesday","05:08 pm",60,"Sealed","Dry","Not Raining","Daylight","Rear End",2,,,1322704.55,1663058.82
"2024-62370-19/09/2025","GLENSIDE","CITY OF BURNSIDE",2,1,0,0,1,2024,"December","Wednesday","08:50 am",50,"Sealed","Dry","Not Raining","Daylight","Right Angle",2,,,1331852.31,1668356.58
"2024-62371-19/09/2025","COBDOGLA","THE BERRI BARMERA COUNCIL",2,1,0,0,1,2024,"December","Thursday","03:19 pm",110,"Sealed","Dry","Not Raining","Daylight","Hit Fixed Object",1,,,1499132.07,1741176.55
"2024-62372-19/09/2025","ROYSTON PARK","CC OF NORWOOD,PAYNEHAM & ST PETERS",3,1,0,0,1,2024,"December","Thursday","04:00 pm",60,"Sealed","Dry","Not Raining","Daylight","Rear End",1,,,1332039.28,1673635.81
"2024-62375-19/09/2025","TWO WELLS","DC MALLALA.",2,1,0,0,1,2024,"December","Thursday","05:05 pm",110,"Sealed","Dry","Not Raining","Daylight","Right Turn",2,,,1321397.01,1707669.72
"2024-62381-19/09/2025","ELIZABETH NORTH","CITY OF PLAYFORD.",2,1,0,0,1,2024,"December","Thursday","08:51 pm",80,"Sealed","Dry","Not Raining","Night","Rear End",2,,,1336972.07,1695458.34
"2024-62383-19/09/2025","MOUNT BARKER","DC MT.BARKER.",2,1,0,0,1,2024,"December","Thursday","09:27 pm",50,"Sealed","Dry","Not Raining","Night","Hit Fixed Object",1,,,1353443.72,1653037.66
"2024-62384-19/09/2025","CLARENDON","CITY OF ONKAPARINGA",4,1,0,0,1,2024,"December","Thursday","09:30 pm",80,"Sealed","Dry","Not Raining","Night","Hit Fixed Object",1,"Y",,1328836.98,1651061.19
"2024-62386-19/09/2025","MAWSON LAKES","CITY OF SALISBURY",2,1,0,0,1,2024,"December","Thursday","09:34 pm",50,"Sealed","Dry","Not Raining","Night","Hit Pedestrian",2,,,1330472.81,1683473.42
"2024-62391-19/09/2025","PORT LINCOLN","CC PT.LINCOLN.",2,1,0,0,1,2024,"December","Friday","10:40 am",50,"Sealed","Dry","Not Raining","Daylight","Rear End",2,,,1078453.97,1697795.07
"2024-62393-19/09/2025","CAMDEN PARK","CITY OF WEST TORRENS",2,1,0,0,1,2024,"December","Friday","11:40 am",50,"Sealed","Dry","Not Raining","Daylight","Right Angle",2,,,1322956.94,1666114.4