"REPORT_ID","Suburb","LGA Name","Total Units","Total Cas","Total Fats","Total SI","Total MI","Year","Month","Day","Time","Area Speed","Road Surface","Moisture Cond","Weather Cond","DayNight","Crash Type","Unit Resp","DUI Involved","Drugs Involved","ACCLOC_X","ACCLOC_Y"
"2024-62395-19/09/2025","TARLEE","CLARE AND GILBERT VALLEYS DISTRICT COUNCIL",2,2,0,2,0,2024,"December","Friday","09:33 am",100,"Unsealed","Dry","Not Raining","Daylight","Right Angle",2,,,1344811.55,1744937.42
"2024-62396-19/09/2025","ADELAIDE","CITY OF ADELAIDE",2,1,0,0,1,2024,"December","Friday","12:25 pm",60,"Sealed","Dry","Not Raining","Daylight","Side Swipe",1,,,1327401.34,1669797.16
"2024-62398-19/09/2025","SOMERTON PARK","CITY OF HOLDFAST BAY",2,1,0,0,1,2024,"December","Friday","12:55 pm",50,"Sealed","Dry","Not Raining","Daylight","Right Angle",2,,,1321797.3,1662909.68
"2024-62407-19/09/2025","WOODVILLE NORTH","CITY OF CHARLES STURT",2,1,0,0,1,2024,"December","Friday","08:10 am",60,"Sealed","Dry","Not Raining","Daylight","Hit Pedestrian",2,,,1323971.39,1676739.16
"2024-62416-19/09/2025","WATERLOO CORNER","CITY OF PLAYFORD.",2,1,0,0,1,2024,"December","Friday","04:50 pm",110,"Sealed","Dry","Not Raining","Daylight","Hit Fixed Object",1,,,1327059.09,1695566.66
"2024-62420-19/09/2025","CHRISTIES BEACH","CITY OF ONKAPARINGA",2,1,0,0,1,2024,"December","Friday","06:00 pm",40,"Sealed","Dry","Not Raining","Daylight","Right Angle",2,,,1315930.97,1647382.85
"2024-62421-19/09/2025","BIRKENHEAD","CITY OF PORT ADELAIDE ENFIELD",2,1,0,0,1,2024,"December","Thursday","08:10 am",60,"Sealed","Dry","Not Raining","Daylight","Hit Fixed Object",9,,,1319857.72,1680958.75
"2024-62422-19/09/2025","LINCOLN GAP","CC PT.AUGUSTA.",1,1,0,1,0,2024,"December","Friday","10:26 pm",110,"Sealed","Dry","Not Raining","Night","Roll Over",1,,,1255169.22,1946680.42
"2024-62425-19/09/2025","HILLBANK","CITY OF PLAYFORD.",3,1,0,0,1,2024,"December","Saturday","04:40 am",60,"Sealed","Dry","Not Raining","Night","Hit Parked Vehicle",1,,,1336927.96,1690332.17
"2024-62435-19/09/2025","BRAY","DC ROBE.",2,2,0,2,0,2024,"December","Saturday","10:10 am",110,"Sealed","Dry","Not Raining","Daylight","Head On",1,,,1436922.06,1407079.24
"2024-62436-19/09/2025","WOODVILLE WEST","CITY OF CHARLES STURT",2,1,0,0,1,2024,"December","Saturday","10:45 am",60,"Sealed","Dry","Not Raining","Daylight","Side Swipe",2,,,1322268.7,1674724.06
"2024-62439-19/09/2025","BELAIR","CC MITCHAM.",2,1,0,0,1,2024,"December","Thursday","08:15 am",60,"Sealed","Dry","Not Raining","Daylight","Side Swipe",2,,,1330863.69,1662959.36
"2024-62440-19/09/2025","CAMPBELLTOWN","CC CAMPBELLTOWN.",2,1,0,0,1,2024,"December","Saturday","01:33 pm",50,"Sealed","Dry","Not Raining","Daylight","Hit Parked Vehicle",1,,,1333748.25,1675855.63
"2024-62442-19/09/2025","ADELAIDE","CITY OF ADELAIDE",2,2,0,0,2,2024,"December","Saturday","02:06 pm",60,"Sealed","Dry","Not Raining","Daylight","Right Turn",1,,,1327391.56,1670156.91
"2024-62443-19/09/2025","BORDERTOWN","DC TATIARA.",3,1,0,0,1,2024,"December","Saturday","09:06 am",50,"Sealed","Dry","Not Raining","Daylight","Hit Fixed Object",1,,,1518449.31,1508518.59
"2024-62447-19/09/2025","WOODCROFT","CITY OF ONKAPARINGA",3,1,0,0,1,2024,"December","Saturday","02:35 pm",50,"Sealed","Dry","Not Raining","Daylight","Hit Parked Vehicle",1,,,1323523.59,1651672.22
"2024-62448-19/09/2025","DOVER GARDENS","CC MARION.",3,1,0,0,1,2024,"December","Saturday","02:48 pm",60,"Sealed","Dry","Not Raining","Daylight","Right Turn",1,,,1322776.93,1660610.37
"2024-62451-19/09/2025","YORKETOWN","YORKE PENINSULA COUNCIL",2,1,0,1,0,2024,"December","Saturday","02:00 pm",100,"Unsealed","Dry","Not Raining","Daylight","Hit Fixed Object",1,,,1241974.2,1671272.48
"2024-62454-19/09/2025","CLARENCE GARDENS","CC MITCHAM.",2,1,0,1,0,2024,"December","Saturday","04:27 pm",60,"Sealed","Dry","Not Raining","Daylight","Right Angle",1,,,1325894.2,1665747.27
"2024-62455-19/09/2025","THEBARTON","CITY OF WEST TORRENS",3,1,0,0,1,2024,"December","Friday","05:50 pm",60,"Sealed","Dry","Not Raining","Daylight","Rear End",1,,,1326585.27,1671527.51
"2024-62462-19/09/2025","YANKALILLA","DC YANKALILLA.",1,1,0,1,0,2024,"December","Saturday","09:30 pm",100,"Sealed","Dry","Not Raining","Night","Roll Over",1,,,1304140.16,1612504.67
"2024-62463-19/09/2025","WHYALLA NORRIE","CC WHYALLA.",2,1,0,0,1,2024,"December","Sunday","01:01 am",80,"Sealed","Dry","Not Raining","Night","Hit Animal",2,,,1236389.17,1885501.55
"2024-62467-19/09/2025","ARDROSSAN","YORKE PENINSULA COUNCIL",2,2,0,2,0,2024,"December","Sunday","05:30 am",80,"Sealed","Dry","Not Raining","Night","Hit Fixed Object",1,,,1267662.31,1729776.14
"2024-62471-19/09/2025","COLLINSWOOD","CITY OF PROSPECT",2,1,0,0,1,2024,"December","Sunday","10:15 am",60,"Sealed","Dry","Not Raining","Daylight","Hit Pedestrian",2,,,1329941.19,1674752.02
"2024-62473-19/09/2025","MOUNT BARKER","DC MT.BARKER.",2,1,0,0,1,2024,"December","Sunday","11:10 am",50,"Sealed","Dry","Not Raining","Daylight","Right Angle",2,,,1351883.43,1653420.13
"2024-62474-19/09/2025","SEPPELTSFIELD","LIGHT REGIONAL COUNCIL",1,1,0,0,1,2024,"December","Sunday","11:20 am",80,"Sealed","Dry","Not Raining","Daylight","Roll Over",1,,,1358469.63,1718363.08
"2024-62475-19/09/2025","CUDLEE CREEK","THE ADELAIDE HILLS COUNCIL",3,1,0,0,1,2024,"December","Sunday","08:30 am",80,"Sealed","Dry","Not Raining","Daylight","Rear End",1,,,1346126.97,1677709.87
"2024-62482-19/09/2025","ST MARYS","CC MITCHAM.",2,1,0,0,1,2024,"December","Sunday","02:52 pm",50,"Sealed","Dry","Not Raining","Daylight","Hit Fixed Object",1,,,1326608.41,1662234.14
"2024-62484-19/09/2025","MONTACUTE","THE ADELAIDE HILLS COUNCIL",2,1,0,0,1,2024,"December","Sunday","03:08 pm",80,"Sealed","Dry","Not Raining","Daylight","Hit Fixed Object",1,,,1343390.02,1672143.39
"2024-62486-19/09/2025","KILKENNY","CITY OF CHARLES STURT",2,1,0,0,1,2024,"December","Sunday","03:35 pm",50,"Sealed","Dry","Not Raining","Daylight","Right Angle",1,,,1324543.51,1676753.7
"2024-62495-19/09/2025","PARIS CREEK","ALEXANDRINA COUNCIL",2,1,0,0,1,2024,"December","Sunday","09:30 pm",80,"Sealed","Dry","Not Raining","Night","Hit Animal",2,,,1348620.03,1637701.72
"2024-62507-19/09/2025","BRAHMA LODGE","CITY OF SALISBURY",2,1,0,0,1,2024,"December","Monday","08:10 am",60,"Sealed","Dry","Not Raining","Daylight","Hit Pedestrian",2,,,1334452.37,1687405.05
"2024-62509-19/09/2025","ELIZABETH NORTH","CITY OF PLAYFORD.",2,2,0,0,2,2024,"December","Monday","02:33 pm",80,"Sealed","Dry","Not Raining","Daylight","Rear End",2,,,1336904.82,1695407.85
"2024-62523-19/09/2025","MOUNT COMPASS","ALEXANDRINA COUNCIL",2,1,0,0,1,2024,"December","Monday","05:00 pm",60,"Sealed","Dry","Not Raining","Daylight","Right Angle",1,,,1328799.65,1623860.84
"2024-62526-19/09/2025","WALLAROO PLAIN","COPPER COAST DISTRICT COUNCIL",1,1,0,1,0,2024,"December","Monday","07:53 pm",100,"Sealed","Dry","Not Raining","Daylight","Left Road - Out of Control",1,,,1247349.5,1792153.57
"2024-62527-19/09/2025","PENNINGTON","CITY OF CHARLES STURT",2,1,0,0,1,2024,"December","Monday","03:25 pm",60,"Sealed","Dry","Not Raining","Daylight","Rear End",1,,,1322283.52,1678172.43
"2024-62530-19/09/2025","BELAIR","CC MITCHAM.",4,1,0,0,1,2024,"December","Tuesday","06:30 am",60,"Sealed","Dry","Not Raining","Daylight","Head On",2,,,1330952.06,1662898.4
"2024-62531-19/09/2025","EDWARDSTOWN","CC MARION.",2,1,0,0,1,2024,"December","Tuesday","07:10 am",60,"Sealed","Dry","Not Raining","Daylight","Hit Parked Vehicle",1,,,1325484.56,1666150.81
"2024-62542-19/09/2025","ALLENBY GARDENS","CITY OF CHARLES STURT",2,1,0,0,1,2024,"December","Monday","05:00 pm",50,"Sealed","Wet","Raining","Daylight","Right Angle",2,,,1324568.28,1673516.31
"2024-62544-19/09/2025","WIRRINA COVE","DC YANKALILLA.",2,1,0,1,0,2024,"December","Tuesday","02:15 pm",100,"Sealed","Dry","Not Raining","Daylight","Hit Fixed Object",1,,"Y",1297038.67,1609979.34
"2024-62553-19/09/2025","ST MORRIS","CC OF NORWOOD,PAYNEHAM & ST PETERS",2,1,0,0,1,2024,"December","Tuesday","06:32 pm",50,"Sealed","Dry","Not Raining","Daylight","Right Angle",2,,,1333215.46,1672440.73
"2024-62558-19/09/2025","CROYDON","CITY OF CHARLES STURT",3,1,0,0,1,2024,"December","Tuesday","07:32 pm",60,"Sealed","Dry","Not Raining","Daylight","Right Turn",2,,,1325501.63,1673454.26
"2024-62561-19/09/2025","URRBRAE","CC MITCHAM.",2,1,0,0,1,2024,"December","Wednesday","06:36 am",60,"Sealed","Dry","Not Raining","Daylight","Hit Fixed Object",1,,"Y",1331559.14,1666314.47
"2024-62562-19/09/2025","HAZELWOOD PARK","CITY OF BURNSIDE",2,1,0,0,1,2024,"December","Wednesday","07:10 am",60,"Sealed","Dry","Not Raining","Daylight","Right Angle",1,,,1333136.92,1669072.77
"2024-62563-19/09/2025","COROMANDEL VALLEY","CITY OF ONKAPARINGA",2,1,0,0,1,2024,"December","Wednesday","08:00 am",60,"Sealed","Dry","Not Raining","Daylight","Right Turn",1,,,1329738.74,1655823.17
"2024-62569-19/09/2025","PROSPECT","CITY OF PROSPECT",1,1,0,1,0,2024,"December","Wednesday","09:00 am",50,"Sealed","Dry","Not Raining","Daylight","Roll Over",1,,,1328081.36,1675415.56
"2024-62573-19/09/2025","ADELAIDE","CITY OF ADELAIDE",2,1,0,0,1,2024,"December","Wednesday","10:09 am",50,"Sealed","Dry","Not Raining","Daylight","Right Angle",2,,,1328456.71,1671432.67
"2024-62574-19/09/2025","DOVER GARDENS","CC MARION.",3,2,0,0,2,2024,"December","Wednesday","10:10 am",60,"Sealed","Dry","Not Raining","Daylight","Right Turn",1,,,1322777.22,1660601.37
"2024-62578-19/09/2025","PINNAROO","SOUTHERN MALLEE DISTRICT COUNCIL",1,1,0,0,1,2024,"December","Wednesday","10:31 am",110,"Sealed","Dry","Not Raining","Daylight","Roll Over",1,,,1527227.89,1608758.13
"2024-62580-19/09/2025","KUDLA","CT GAWLER.",2,2,0,0,2,2024,"December","Wednesday","11:37 am",80,"Unsealed","Dry","Not Raining","Daylight","Right Angle",1,,,1337680.92,1701807.18
"2024-62581-19/09/2025","SEACLIFF PARK","CITY OF HOLDFAST BAY",2,1,0,0,1,2024,"December","Wednesday","12:35 pm",60,"Sealed","Dry","Not Raining","Daylight","Rear End",1,,,1321212.73,1658556.65
"2024-62584-19/09/2025","REGENCY PARK","CITY OF PORT ADELAIDE ENFIELD",2,1,0,1,0,2024,"December","Wednesday","07:30 am",60,"Sealed","Dry","Not Raining","Daylight","Right Angle",1,,,1326045.66,1677340.93
"2024-62590-19/09/2025","ADELAIDE","CITY OF ADELAIDE",3,1,0,0,1,2024,"December","Wednesday","04:03 pm",50,"Sealed","Dry","Not Raining","Daylight","Rear End",1,,,1327581.53,1669545.16
"2024-62594-19/09/2025","ST PETERS","CC OF NORWOOD,PAYNEHAM & ST PETERS",2,1,0,0,1,2024,"December","Wednesday","10:55 am",60,"Sealed","Dry","Not Raining","Daylight","Side Swipe",2,,,1330879.11,1672704.15
"2024-62597-19/09/2025","STEPNEY","CC OF NORWOOD,PAYNEHAM & ST PETERS",2,1,0,0,1,2024,"December","Wednesday","08:55 am",60,"Sealed","Dry","Not Raining","Daylight","Side Swipe",1,,,1331203.53,1672522.23
"2024-62604-19/09/2025","GULFVIEW HEIGHTS","CITY OF SALISBURY",2,1,0,0,1,2024,"December","Thursday","06:55 am",80,"Sealed","Dry","Not Raining","Daylight","Side Swipe",1,,,1334691.35,1684053.53
"2024-62608-19/09/2025","DAW PARK","CC MITCHAM.",2,1,0,0,1,2024,"December","Thursday","08:15 am",50,"Sealed","Dry","Not Raining","Daylight","Hit Fixed Object",1,,,1327471.32,1663414.33
"2024-62612-19/09/2025","WALKLEY HEIGHTS","CITY OF PORT ADELAIDE ENFIELD",3,1,0,0,1,2024,"December","Thursday","07:30 am",60,"Sealed","Dry","Not Raining","Daylight","Rear End",2,,,1333311.5,1679336.87
"2024-62616-19/09/2025","NOARLUNGA CENTRE","CITY OF ONKAPARINGA",3,1,0,0,1,2024,"December","Thursday","10:14 am",60,"Sealed","Dry","Not Raining","Daylight","Rear End",1,,,1319094.8,1647483.87
"2024-62619-19/09/2025","NORTH PLYMPTON","CITY OF WEST TORRENS",3,1,0,0,1,2024,"December","Thursday","12:18 pm",60,"Sealed","Dry","Not Raining","Daylight","Right Angle",1,,,1324207.23,1667394.43
"2024-62620-19/09/2025","MOUNT BARKER","DC MT.BARKER.",1,1,0,1,0,2024,"December","Sunday","02:00 am",50,"Sealed","Dry","Not Raining","Night","Other",1,,,1351439.07,1652927.4
"2024-62626-19/09/2025","RENMARK SOUTH","DC RENMARK PARINGA",1,1,0,0,1,2024,"December","Thursday","06:30 am",110,"Sealed","Dry","Not Raining","Daylight","Left Road - Out of Control",9,,,1524269.26,1741811.91
"2024-62628-19/09/2025","KENT TOWN","CC OF NORWOOD,PAYNEHAM & ST PETERS",2,1,0,0,1,2024,"December","Thursday","03:20 pm",60,"Sealed","Dry","Not Raining","Daylight","Right Angle",2,,,1330382.66,1670577.26
"2024-62629-19/09/2025","WINDSOR GARDENS","CITY OF PORT ADELAIDE ENFIELD",2,1,0,0,1,2024,"December","Thursday","04:10 pm",60,"Sealed","Dry","Not Raining","Daylight","Hit Pedestrian",1,,,1332799.02,1677219.47
"2024-62634-19/09/2025","KUDLA","CT GAWLER.",2,1,0,0,1,2024,"December","Thursday","04:45 pm",80,"Sealed","Dry","Not Raining","Daylight","Rear End",2,,,1339123.71,1700443.09
"2024-62635-19/09/2025","ADELAIDE","CITY OF ADELAIDE",2,1,0,1,0,2024,"December","Thursday","05:30 pm",50,"Sealed","Dry","Not Raining","Daylight","Hit Pedestrian",1,,,1328492.63,1669698.58
"2024-62640-19/09/2025","MONARTO","RC MURRAY BRIDGE.",2,1,0,0,1,2024,"December","Thursday","03:58 pm",100,"Sealed","Dry","Not Raining","Daylight","Hit Fixed Object",1,,,1378673.51,1653741.51
"2024-62642-19/09/2025","NEWTON","CC CAMPBELLTOWN.",2,4,0,0,4,2024,"December","Thursday","06:03 pm",60,"Sealed","Dry","Not Raining","Daylight","Head On",2,,,1336041.78,1674570.62
"2024-62647-19/09/2025","EDEN HILLS","CC MITCHAM.",2,1,0,0,1,2024,"December","Thursday","07:00 pm",60,"Sealed","Dry","Not Raining","Daylight","Hit Fixed Object",1,,,1327414.7,1659319.61
"2024-62652-19/09/2025","PLYMPTON","CITY OF WEST TORRENS",2,1,0,0,1,2024,"December","Friday","01:05 am",50,"Sealed","Dry","Not Raining","Night","Hit Fixed Object",1,,,1324023.64,1666770.83
"2024-62654-19/09/2025","KINGSWOOD","CC MITCHAM.",2,2,0,0,2,2024,"December","Friday","08:39 am",60,"Sealed","Dry","Not Raining","Daylight","Right Turn",1,,,1329157.96,1665444.79
"2024-62660-19/09/2025","BURTON","CITY OF SALISBURY",2,1,0,0,1,2024,"December","Friday","11:45 am",60,"Sealed","Dry","Not Raining","Daylight","Right Angle",1,,,1330151.76,1690822.54
"2024-62664-19/09/2025","KESWICK TERMINAL","CITY OF WEST TORRENS",2,1,0,0,1,2024,"December","Friday","08:00 am",60,"Sealed","Dry","Not Raining","Daylight","Hit Pedestrian",2,,,1326497.51,1668969.74
"2024-62667-19/09/2025","REYNELLA","CITY OF ONKAPARINGA",4,1,0,0,1,2024,"December","Friday","01:30 pm",100,"Sealed","Dry","Not Raining","Daylight","Rear End",2,"Y",,1320155.25,1651619.93
"2024-62671-19/09/2025","SALISBURY","CITY OF SALISBURY",2,3,0,0,3,2024,"December","Friday","03:00 pm",60,"Sealed","Dry","Not Raining","Daylight","Rear End",2,,,1333434.41,1688214.58
"2024-62674-19/09/2025","ADELAIDE","CITY OF ADELAIDE",3,1,0,0,1,2024,"December","Friday","03:40 pm",50,"Sealed","Dry","Not Raining","Daylight","Rear End",1,,,1329226.46,1671155.57
"2024-62678-19/09/2025","COCKATOO VALLEY","THE BAROSSA COUNCIL.",2,1,0,0,1,2024,"December","Friday","03:50 pm",100,"Sealed","Dry","Not Raining","Daylight","Side Swipe",2,,,1352480.44,1702685.68
"2024-62680-19/09/2025","KENT TOWN","CC OF NORWOOD,PAYNEHAM & ST PETERS",2,1,0,0,1,2024,"December","Friday","05:30 pm",60,"Sealed","Dry","Not Raining","Daylight","Right Turn",1,,,1330254.31,1670696.13
"2024-62686-19/09/2025","JUPITER CREEK","DC MT.BARKER.",3,1,0,0,1,2024,"December","Friday","03:45 pm",100,"Sealed","Dry","Not Raining","Daylight","Head On",1,,,1343443.15,1646686.05
"2024-62687-19/09/2025","TORRENSVILLE","CITY OF WEST TORRENS",2,1,0,1,0,2024,"December","Friday","07:10 pm",50,"Sealed","Dry","Not Raining","Daylight","Side Swipe",1,,,1325235.1,1670969.8
"2024-62692-19/09/2025","ADELAIDE","CITY OF ADELAIDE",2,1,0,0,1,2024,"December","Friday","09:15 am",60,"Sealed","Dry","Not Raining","Daylight","Rear End",2,,,1329619.12,1669197.85
"2024-62695-19/09/2025","FLINDERS PARK","CITY OF CHARLES STURT",3,1,0,1,0,2024,"December","Saturday","09:32 am",60,"Sealed","Dry","Not Raining","Daylight","Side Swipe",1,,,1323556.52,1673158.94
"2024-62699-19/09/2025","GLENELG","CITY OF HOLDFAST BAY",2,1,0,0,1,2024,"December","Saturday","11:02 am",40,"Sealed","Dry","Not Raining","Daylight","Hit Parked Vehicle",1,,,1320741.39,1664892.39
"2024-62704-19/09/2025","GEPPS CROSS","CITY OF PORT ADELAIDE ENFIELD",2,1,0,0,1,2024,"December","Saturday","02:18 pm",60,"Sealed","Dry","Not Raining","Daylight","Rear End",2,,,1327182.14,1679208.39
"2024-62706-19/09/2025","MILANG","ALEXANDRINA COUNCIL",2,1,0,0,1,2024,"December","Saturday","02:50 pm",50,"Sealed","Dry","Not Raining","Daylight","Hit Fixed Object",1,,,1360349.03,1615988.9
"2024-62708-19/09/2025","ST KILDA","CITY OF SALISBURY",2,1,0,1,0,2024,"December","Saturday","05:50 pm",80,"Sealed","Dry","Not Raining","Daylight","Hit Fixed Object",1,,,1324631.85,1692313.77
"2024-62709-19/09/2025","POORAKA","CITY OF SALISBURY",2,3,0,0,3,2024,"December","Saturday","06:02 pm",70,"Sealed","Dry","Not Raining","Daylight","Right Angle",2,,,1330489.22,1681819.14
"2024-62710-19/09/2025","SNOWTOWN","WAKEFIELD REGIONAL COUNCIL",2,2,0,2,0,2024,"December","Saturday","05:05 pm",100,"Sealed","Dry","Not Raining","Daylight","Hit Fixed Object",1,,,1292336.78,1794350.55
"2024-62711-19/09/2025","CRESCENT","DC RENMARK PARINGA",2,1,0,1,0,2024,"December","Saturday","06:35 pm",60,"Unsealed","Dry","Not Raining","Daylight","Hit Fixed Object",1,"Y",,1529344.61,1741279.34
"2024-62715-19/09/2025","ELIZABETH VALE","CITY OF PLAYFORD.",2,1,0,1,0,2024,"December","Saturday","07:25 pm",50,"Sealed","Dry","Not Raining","Daylight","Hit Fixed Object",1,,"Y",1334729.84,1689980.22
"2024-62717-19/09/2025","WUNKAR","LOXTON WAIKERIE DISTRICT COUNCIL",1,2,0,0,2,2024,"December","Saturday","08:30 pm",110,"Sealed","Dry","Not Raining","Night","Roll Over",1,"Y","Y",1476604.08,1712386.61
"2024-62721-19/09/2025","PARAFIELD","CITY OF SALISBURY",2,3,0,0,3,2024,"December","Sunday","04:06 am",80,"Sealed","Dry","Not Raining","Night","Side Swipe",2,,,1332521.09,1684419.56
"2024-62722-19/09/2025","NORTH ADELAIDE","CITY OF ADELAIDE",3,1,0,0,1,2024,"December","Sunday","07:00 am",50,"Sealed","Dry","Not Raining","Daylight","Rear End",1,,,1328238.86,1672728.63
"2024-62723-19/09/2025","SEMAPHORE SOUTH","CITY OF PORT ADELAIDE ENFIELD",2,1,0,0,1,2024,"December","Sunday","08:06 am",50,"Sealed","Dry","Not Raining","Daylight","Right Angle",1,,,1317570.43,1679534.52
"2024-62724-19/09/2025","KINGSWOOD","CC MITCHAM.",1,1,0,0,1,2024,"December","Sunday","09:20 am",60,"Sealed","Dry","Not Raining","Daylight","Roll Over",1,,,1329332.14,1666249.11
"2024-62725-19/09/2025","SOUTH PLYMPTON","CC MARION.",2,1,0,0,1,2024,"December","Sunday","09:33 am",60,"Sealed","Dry","Not Raining","Daylight","Hit Pedestrian",1,,,1324280.33,1664780.91
"2024-62728-19/09/2025","ANDREWS FARM","CITY OF PLAYFORD.",2,2,0,0,2,2024,"December","Sunday","10:17 am",50,"Sealed","Dry","Not Raining","Daylight","Right Angle",2,,,1335449.77,1698438.92
"2024-62731-19/09/2025","BRAHMA LODGE","CITY OF SALISBURY",2,1,0,0,1,2024,"December","Sunday","12:07 pm",50,"Sealed","Dry","Not Raining","Daylight","Rear End",2,,,1333433.7,1686733.61
"2024-62738-19/09/2025","CHRISTIES BEACH","CITY OF ONKAPARINGA",2,1,0,0,1,2024,"December","Saturday","11:20 pm",50,"Sealed","Dry","Not Raining","Night","Hit Pedestrian",2,,,1316189.71,1648161.09
"2024-62740-19/09/2025","HACKHAM WEST","CITY OF ONKAPARINGA",2,1,0,0,1,2024,"December","Friday","01:30 pm",60,"Sealed","Dry","Not Raining","Daylight","Right Turn",1,,,1320847.03,1647531.84
"2024-62748-19/09/2025","MYRTLE BANK","CITY OF UNLEY",4,3,0,0,3,2024,"December","Thursday","02:15 pm",60,"Sealed","Dry","Not Raining","Daylight","Hit Fixed Object",1,,,1331868.98,1667165.8
"2024-62749-19/09/2025","NOARLUNGA DOWNS","CITY OF ONKAPARINGA",3,1,0,0,1,2024,"December","Monday","07:00 am",80,"Sealed","Dry","Not Raining","Daylight","Roll Over",1,,,1319267.72,1644317.67
"2024-62751-19/09/2025","MILLICENT","WATTLE RANGE COUNCIL",1,1,1,0,0,2024,"December","Monday","01:00 am",100,"Sealed","Dry","Not Raining","Night","Roll Over",1,"Y",,1473090.12,1361447.91
"2024-62756-19/09/2025","PORT WILLUNGA","CITY OF ONKAPARINGA",2,1,0,0,1,2024,"December","Monday","10:29 am",50,"Sealed","Dry","Not Raining","Daylight","Hit Fixed Object",1,,,1314720.36,1634047.04
"2024-62757-19/09/2025","SUTTONTOWN","DISTRICT COUNCIL OF GRANT",2,2,0,0,2,2024,"December","Monday","08:57 am",110,"Sealed","Dry","Not Raining","Daylight","Right Turn",1,,,1505176.97,1344218.18
"2024-62760-19/09/2025","PENFIELD","CITY OF PLAYFORD.",3,1,0,0,1,2024,"December","Monday","12:24 pm",80,"Sealed","Dry","Not Raining","Daylight","Right Angle",2,,,1333441.32,1696359.08
"2024-62763-19/09/2025","MORPHETT VALE","CITY OF ONKAPARINGA",2,1,0,0,1,2024,"December","Monday","01:45 pm",100,"Sealed","Dry","Not Raining","Daylight","Rear End",1,,,1319141.9,1647613.62
"2024-62768-19/09/2025","ADELAIDE","CITY OF ADELAIDE",2,1,0,1,0,2024,"December","Wednesday","10:00 am",10,"Sealed","Dry","Not Raining","Daylight","Hit Pedestrian",2,,,1330102.49,1669680.04
"2024-62773-19/09/2025","SEAFORD MEADOWS","CITY OF ONKAPARINGA",2,1,0,1,0,2024,"December","Monday","04:20 pm",60,"Sealed","Dry","Not Raining","Daylight","Right Angle",1,,,1316820.42,1642789.32
"2024-62779-19/09/2025","MOUNT BARKER","DC MT.BARKER.",2,1,0,0,1,2024,"December","Monday","06:15 pm",110,"Sealed","Dry","Not Raining","Daylight","Roll Over",1,,,1354805.7,1655473.77
"2024-62781-19/09/2025","HACKHAM","CITY OF ONKAPARINGA",2,1,0,0,1,2024,"December","Monday","06:35 pm",60,"Sealed","Dry","Not Raining","Daylight","Rear End",1,,,1321163.69,1646380.17
"2024-62788-19/09/2025","MILE END SOUTH","CITY OF WEST TORRENS",2,2,0,0,2,2024,"December","Tuesday","07:00 am",60,"Sealed","Dry","Not Raining","Daylight","Right Turn",1,,,1326178.39,1670106.63
"2024-62794-19/09/2025","LOCKLEYS","CITY OF WEST TORRENS",2,1,0,0,1,2024,"December","Monday","02:00 pm",60,"Sealed","Dry","Not Raining","Daylight","Rear End",2,,,1322551.39,1670729.91
"2024-62795-19/09/2025","MANNINGHAM","CITY OF PORT ADELAIDE ENFIELD",2,1,0,0,1,2024,"December","Monday","10:30 am",60,"Sealed","Dry","Not Raining","Daylight","Rear End",2,,,1330439.44,1676495.16
"2024-62796-19/09/2025","WEST LAKES","CITY OF CHARLES STURT",2,3,0,3,0,2024,"December","Tuesday","11:58 am",60,"Sealed","Dry","Not Raining","Daylight","Right Angle",1,,,1319894.09,1678291.82
"2024-62797-19/09/2025","COPLEY",,1,1,0,1,0,2024,"December","Tuesday","02:00 am",100,"Unsealed","Dry","Not Raining","Night","Roll Over",1,,"Y",1328675.13,2154379.73
"2024-62800-19/09/2025","MILE END","CITY OF WEST TORRENS",3,1,0,0,1,2024,"December","Tuesday","12:35 pm",60,"Sealed","Dry","Not Raining","Daylight","Rear End",1,,,1326632.25,1671060.71
"2024-62802-19/09/2025","RIDLEYTON","CITY OF CHARLES STURT",2,1,0,0,1,2024,"December","Tuesday","06:45 am",60,"Sealed","Dry","Not Raining","Daylight","Rear End",2,,,1325915.28,1674895.89
"2024-62804-19/09/2025","SHEA-OAK LOG","LIGHT REGIONAL COUNCIL",2,1,0,0,1,2024,"December","Tuesday","01:30 pm",110,"Sealed","Dry","Not Raining","Daylight","Right Angle",1,,,1351710.25,1717274.4
"2024-62805-19/09/2025","BOOLEROO CENTRE","DC MT.REMARKABLE.",1,2,0,0,2,2024,"December","Tuesday","01:06 pm",100,"Unsealed","Dry","Not Raining","Daylight","Roll Over",1,,,1307952.78,1885986.2
"2024-62811-19/09/2025","HINDMARSH","CITY OF CHARLES STURT",2,1,0,0,1,2024,"December","Saturday","07:20 pm",60,"Sealed","Dry","Not Raining","Daylight","Rear End",2,,,1325695.4,1672489.98
"2024-62814-19/09/2025","GREENACRES","CITY OF PORT ADELAIDE ENFIELD",3,1,0,0,1,2024,"December","Tuesday","05:40 pm",60,"Sealed","Dry","Not Raining","Daylight","Rear End",1,,,1331615.94,1676598.75