"REPORT_ID","Suburb","LGA Name","Total Units","Total Cas","Total Fats","Total SI","Total MI","Year","Month","Day","Time","Area Speed","Road Surface","Moisture Cond","Weather Cond","DayNight","Crash Type","Unit Resp","DUI Involved","Drugs Involved","ACCLOC_X","ACCLOC_Y"
"2024-62819-19/09/2025","TUNGKILLO","MID MURRAY DISTRICT COUNCIL",2,1,0,0,1,2024,"December","Tuesday","05:10 pm",100,"Sealed","Dry","Not Raining","Daylight","Hit Fixed Object",1,,,1373662.98,1680164.62
"2024-62821-19/09/2025","ADELAIDE","CITY OF ADELAIDE",2,1,0,0,1,2024,"December","Tuesday","07:30 pm",30,"Sealed","Dry","Not Raining","Daylight","Rear End",1,,,1327737.68,1670959.44
"2024-62826-19/09/2025","MITCHELL PARK","CC MARION.",3,1,0,0,1,2024,"December","Wednesday","07:45 am",60,"Sealed","Dry","Not Raining","Daylight","Right Turn",1,,,1324907.98,1660692.23
"2024-62827-19/09/2025","BROADVIEW","CITY OF PROSPECT",2,1,0,1,0,2024,"December","Wednesday","08:37 am",60,"Sealed","Dry","Not Raining","Daylight","Side Swipe",2,,,1330470.38,1675372.51
"2024-62830-19/09/2025","WINDSOR GARDENS","CITY OF PORT ADELAIDE ENFIELD",2,1,0,0,1,2024,"December","Wednesday","11:00 am",60,"Sealed","Dry","Not Raining","Daylight","Rear End",2,,,1332715.98,1677135.68
"2024-62836-19/09/2025","PAYNEHAM SOUTH","CC OF NORWOOD,PAYNEHAM & ST PETERS",2,1,0,0,1,2024,"December","Wednesday","12:50 pm",50,"Sealed","Dry","Not Raining","Daylight","Right Angle",1,,,1332539.89,1672444.91
"2024-62838-19/09/2025","ADELAIDE","CITY OF ADELAIDE",2,1,0,0,1,2024,"December","Wednesday","01:15 pm",50,"Sealed","Dry","Not Raining","Daylight","Hit Pedestrian",1,,,1329607.71,1669605.79
"2024-62842-19/09/2025","SALISBURY","CITY OF SALISBURY",2,1,0,1,0,2024,"December","Wednesday","02:54 pm",60,"Sealed","Dry","Not Raining","Daylight","Right Angle",2,,,1332712.19,1688595.95
"2024-62848-19/09/2025","WEST HINDMARSH","CITY OF CHARLES STURT",2,1,0,0,1,2024,"December","Wednesday","04:40 pm",60,"Sealed","Dry","Not Raining","Daylight","Right Angle",2,,,1324994.32,1673190.34
"2024-62850-19/09/2025","OAKDEN","CITY OF PORT ADELAIDE ENFIELD",2,1,0,0,1,2024,"December","Wednesday","06:00 pm",60,"Sealed","Dry","Not Raining","Daylight","Side Swipe",1,,,1333688.44,1678216.86
"2024-62851-19/09/2025","EDEN HILLS","CC MITCHAM.",1,1,0,0,1,2024,"November","Friday","06:30 pm",50,"Sealed","Dry","Not Raining","Daylight","Roll Over",1,,,1328795.28,1660192.78
"2024-62854-19/09/2025","SALISBURY PLAIN","CITY OF SALISBURY",2,1,0,0,1,2024,"December","Wednesday","06:00 pm",50,"Sealed","Dry","Not Raining","Daylight","Hit Fixed Object",1,,,1334682.16,1687593.48
"2024-62856-19/09/2025","LEAWOOD GARDENS","CITY OF BURNSIDE",2,1,0,0,1,2024,"December","Wednesday","06:43 pm",100,"Sealed","Dry","Not Raining","Daylight","Hit Fixed Object",9,,,1335250.35,1665376.01
"2024-62859-19/09/2025","WILLIAMSTOWN","THE BAROSSA COUNCIL.",2,1,0,1,0,2024,"December","Wednesday","04:47 pm",80,"Sealed","Dry","Not Raining","Daylight","Hit Fixed Object",1,,,1352026.01,1697069.53
"2024-62861-19/09/2025","BEAUMONT","CITY OF BURNSIDE",2,1,0,0,1,2024,"December","Wednesday","07:53 pm",50,"Sealed","Dry","Not Raining","Daylight","Hit Pedestrian",2,,,1334021.44,1667407.84
"2024-62875-19/09/2025","ROXBY DOWNS","MC ROXBY DOWNS",2,1,0,0,1,2024,"December","Thursday","12:08 pm",80,"Sealed","Dry","Not Raining","Daylight","Right Angle",2,,,1181032.05,2156736.61
"2024-62876-19/09/2025","NEW PORT","CITY OF PORT ADELAIDE ENFIELD",4,2,0,0,2,2024,"December","Thursday","12:29 pm",60,"Sealed","Dry","Not Raining","Daylight","Hit Fixed Object",1,,,1319183.3,1679164.13
"2024-62878-19/09/2025","MOUNT GAMBIER","CC MT.GAMBIER.",2,1,0,0,1,2024,"December","Tuesday","07:00 pm",50,"Sealed","Dry","Not Raining","Daylight","Right Angle",1,,,1510293.37,1342042.91
"2024-62884-19/09/2025","TUMBY BAY","DC TUMBY BAY.",2,1,0,0,1,2024,"December","Thursday","02:00 pm",110,"Sealed","Dry","Not Raining","Daylight","Hit Fixed Object",1,,,1091413.93,1730578.49
"2024-62885-19/09/2025","COONALPYN","COORONG DISTRICT COUNCIL",2,1,0,0,1,2024,"December","Wednesday","02:00 pm",100,"Sealed","Dry","Not Raining","Daylight","Hit Fixed Object",1,,,1432440.6,1580939.03
"2024-62886-19/09/2025","PARACOMBE","THE ADELAIDE HILLS COUNCIL",4,2,0,2,0,2024,"December","Tuesday","11:46 pm",80,"Sealed","Dry","Not Raining","Night","Hit Fixed Object",1,,,1343562.99,1676998.3
"2024-62888-19/09/2025","FITZROY","CITY OF PROSPECT",2,1,0,0,1,2024,"December","Thursday","08:20 pm",60,"Sealed","Dry","Not Raining","Daylight","Rear End",1,,,1327616.25,1673651.09
"2024-62889-19/09/2025","NOARLUNGA CENTRE","CITY OF ONKAPARINGA",2,1,0,0,1,2024,"December","Thursday","08:00 pm",60,"Sealed","Dry","Not Raining","Daylight","Right Angle",1,,,1318333.84,1646734.06
"2024-62891-19/09/2025","SEDAN","MID MURRAY DISTRICT COUNCIL",2,1,0,0,1,2024,"December","Thursday","06:15 pm",80,"Unsealed","Dry","Not Raining","Daylight","Right Angle",1,,,1389455.05,1707559.41
"2024-62893-19/09/2025","WEST CROYDON","CITY OF CHARLES STURT",1,1,0,1,0,2024,"December","Thursday","11:17 pm",60,"Sealed","Dry","Not Raining","Night","Other",1,,,1325213.73,1675453.19
"2024-62908-19/09/2025","BOLIVAR","CITY OF SALISBURY",2,2,0,0,2,2024,"December","Friday","02:00 pm",110,"Sealed","Dry","Not Raining","Daylight","Rear End",2,,,1327839.87,1687124.89
"2024-62909-19/09/2025","MORPHETT VALE","CITY OF ONKAPARINGA",2,1,0,0,1,2024,"December","Friday","02:11 pm",70,"Sealed","Dry","Not Raining","Daylight","Rear End",1,,,1319744.55,1650980.02
"2024-62910-19/09/2025","MULGUNDAWA","RC MURRAY BRIDGE.",2,1,0,0,1,2024,"December","Friday","01:45 pm",100,"Sealed","Dry","Not Raining","Daylight","Side Swipe",2,,,1384681.22,1625606.06
"2024-62913-19/09/2025","WIRRABARA","DC MT.REMARKABLE.",2,1,0,0,1,2024,"December","Thursday","08:30 am",50,"Sealed","Dry","Not Raining","Daylight","Right Angle",1,,,1304757.98,1880771.11
"2024-62916-19/09/2025","BARNA","DC KIMBA.",3,3,0,3,0,2024,"December","Friday","12:50 pm",100,"Unsealed","Dry","Not Raining","Daylight","Right Angle",1,,,1156263.07,1867679.17
"2024-62922-19/09/2025","NANGWARRY","WATTLE RANGE COUNCIL",1,1,0,0,1,2024,"December","Friday","06:40 pm",110,"Sealed","Dry","Not Raining","Daylight","Roll Over",1,,,1515547.55,1376423.06
"2024-62928-19/09/2025","ELIZABETH GROVE","CITY OF PLAYFORD.",2,3,0,1,2,2024,"December","Friday","08:34 pm",80,"Sealed","Dry","Not Raining","Night","Right Turn",2,,,1336118.68,1691385.65
"2024-62930-19/09/2025","WOODVILLE","CITY OF CHARLES STURT",2,1,0,0,1,2024,"December","Friday","07:40 pm",50,"Sealed","Dry","Not Raining","Daylight","Side Swipe",2,,,1322939.46,1676083.21
"2024-62932-19/09/2025","GEPPS CROSS","CITY OF PORT ADELAIDE ENFIELD",4,3,0,0,3,2024,"December","Friday","09:00 pm",60,"Sealed","Dry","Not Raining","Night","Rear End",1,,,1329505.53,1679299.13
"2024-62933-19/09/2025","SEFTON PARK","CITY OF PROSPECT",2,3,0,0,3,2024,"December","Friday","11:13 pm",40,"Sealed","Dry","Not Raining","Night","Right Angle",1,,,1329136.02,1675972.98
"2024-62935-19/09/2025","SWAN REACH","MID MURRAY DISTRICT COUNCIL",2,1,1,0,0,2024,"December","Friday","10:42 pm",100,"Sealed","Dry","Not Raining","Night","Hit Fixed Object",1,"Y",,1421181.05,1706819.47
"2024-62938-19/09/2025","KEILIRA","DC KINGSTON.",1,1,0,1,0,2024,"December","Saturday","01:28 am",110,"Sealed","Dry","Not Raining","Night","Roll Over",1,,"Y",1465482.45,1473328.54
"2024-62939-19/09/2025","KALTJITI",,1,2,0,2,0,2024,"December","Friday","11:00 pm",100,"Unsealed","Dry","Not Raining","Night","Roll Over",1,,,705206.71,2576064.31
"2024-62943-19/09/2025","PANORAMA","CC MITCHAM.",2,1,0,0,1,2024,"December","Friday","08:20 am",60,"Sealed","Dry","Not Raining","Daylight","Rear End",2,,,1327593.65,1663436.21
"2024-62944-19/09/2025","COPLEY",,1,1,0,0,1,2024,"December","Friday","11:00 pm",50,"Sealed","Unknown","Not Raining","Night","Other",1,,,1328163.6,2154593.48
"2024-62945-19/09/2025","MOUNT CRAWFORD","THE BAROSSA COUNCIL.",2,4,1,0,3,2024,"December","Saturday","10:25 am",100,"Sealed","Dry","Not Raining","Daylight","Right Angle",1,,,1361055.82,1688181.32
"2024-62948-19/09/2025","SOMERTON PARK","CITY OF HOLDFAST BAY",1,1,0,0,1,2024,"December","Saturday","11:20 am",50,"Sealed","Dry","Not Raining","Daylight","Roll Over",1,,,1320114.24,1662871.61
"2024-62952-19/09/2025","TRANMERE","CC CAMPBELLTOWN.",2,1,0,0,1,2024,"December","Saturday","02:46 pm",50,"Sealed","Dry","Not Raining","Daylight","Hit Parked Vehicle",1,,,1334143.26,1673319.07
"2024-62955-19/09/2025","KUDLA","CT GAWLER.",2,1,0,0,1,2024,"December","Saturday","06:05 pm",80,"Sealed","Dry","Not Raining","Daylight","Right Angle",1,,,1337680.92,1701807.18
"2024-62957-19/09/2025","BELAIR","CC MITCHAM.",2,1,0,1,0,2024,"December","Saturday","06:10 pm",60,"Sealed","Dry","Not Raining","Daylight","Head On",2,,,1330942.28,1662905.08
"2024-62966-19/09/2025","CAROLINE","DISTRICT COUNCIL OF GRANT",1,3,0,3,0,2024,"December","Sunday","06:37 am",100,"Unsealed","Dry","Not Raining","Daylight","Roll Over",1,,,1522547.06,1332905.68
"2024-62967-19/09/2025","WILLALOOKA","DC TATIARA.",1,2,0,1,1,2024,"December","Saturday","07:10 am",110,"Sealed","Dry","Not Raining","Daylight","Roll Over",1,,,1480559.92,1509408.07
"2024-62971-19/09/2025","RIDGEHAVEN","CITY OF TEA TREE GULLY",2,1,0,0,1,2024,"December","Saturday","02:00 pm",60,"Sealed","Dry","Not Raining","Daylight","Right Angle",1,,,1337743.14,1682405.94
"2024-62972-19/09/2025","MONTACUTE","THE ADELAIDE HILLS COUNCIL",2,1,0,0,1,2024,"December","Sunday","10:09 am",80,"Sealed","Dry","Not Raining","Daylight","Hit Fixed Object",1,,,1342008.66,1674414.42
"2024-62976-19/09/2025","ELIZABETH SOUTH","CITY OF PLAYFORD.",2,1,0,0,1,2024,"December","Sunday","12:33 pm",60,"Sealed","Dry","Not Raining","Daylight","Rear End",2,,,1333959.16,1691280.63
"2024-62977-19/09/2025","PEWSEY VALE","THE BAROSSA COUNCIL.",3,1,1,0,0,2024,"December","Sunday","12:35 pm",100,"Sealed","Dry","Not Raining","Daylight","Hit Fixed Object",1,,,1364461.83,1695700.34
"2024-62978-19/09/2025","COPLEY",,2,1,1,0,0,2024,"December","Sunday","06:34 am",50,"Sealed","Dry","Not Raining","Daylight","Hit Pedestrian",1,,,1328164.62,2154614.73
"2024-62983-19/09/2025","SANDY CREEK","THE BAROSSA COUNCIL.",1,1,0,0,1,2024,"December","Sunday","05:47 pm",90,"Sealed","Dry","Not Raining","Daylight","Roll Over",1,,,1351308.81,1706030.64
"2024-62986-19/09/2025","NORMANVILLE","DC YANKALILLA.",2,3,0,0,3,2024,"December","Sunday","05:11 pm",80,"Sealed","Dry","Not Raining","Daylight","Side Swipe",2,,,1300138.59,1612539.45
"2024-62988-19/09/2025","WARD BELT","LIGHT REGIONAL COUNCIL",3,2,0,0,2,2024,"December","Sunday","09:57 pm",110,"Sealed","Dry","Not Raining","Night","Hit Fixed Object",1,,,1341270.09,1706506.58
"2024-62994-19/09/2025","STURT","CC MARION.",3,1,0,0,1,2024,"December","Monday","10:30 am",60,"Sealed","Dry","Not Raining","Daylight","Rear End",1,,,1324079.92,1660660.22
"2024-63000-19/09/2025","GAWLER","CT GAWLER.",2,1,0,0,1,2024,"December","Monday","12:25 pm",50,"Sealed","Dry","Not Raining","Daylight","Right Turn",1,,,1343300.82,1706190.98
"2024-63001-19/09/2025","DAVOREN PARK","CITY OF PLAYFORD.",2,1,0,0,1,2024,"December","Monday","01:00 pm",60,"Sealed","Dry","Not Raining","Daylight","Right Angle",1,,,1335599.18,1696373.36
"2024-63008-19/09/2025","KYANCUTTA","DC WUDINNA. (DC LE HUNTE.)",3,5,0,0,5,2024,"December","Monday","01:30 pm",110,"Sealed","Dry","Not Raining","Daylight","Head On",2,,,1058946.34,1873975.37
"2024-63014-19/09/2025","SALISBURY DOWNS","CITY OF SALISBURY",2,2,0,0,2,2024,"December","Tuesday","06:55 am",60,"Sealed","Dry","Not Raining","Daylight","Right Angle",1,,,1332167.06,1687734.92
"2024-63021-19/09/2025","SALISBURY PLAIN","CITY OF SALISBURY",3,1,0,0,1,2024,"December","Tuesday","09:08 am",80,"Sealed","Dry","Not Raining","Daylight","Rear End",1,,,1335455.1,1688128.4
"2024-63024-19/09/2025","ADELAIDE","CITY OF ADELAIDE",2,1,0,0,1,2024,"December","Monday","09:30 pm",50,"Sealed","Dry","Not Raining","Night","Right Angle",1,,,1327669.99,1671111.74
"2024-63025-19/09/2025","PARA HILLS WEST","CITY OF SALISBURY",2,1,0,0,1,2024,"December","Tuesday","10:11 am",50,"Sealed","Dry","Not Raining","Daylight","Right Angle",2,,"Y",1332790.48,1683880.93
"2024-63028-19/09/2025","ADELAIDE AIRPORT","CITY OF WEST TORRENS",2,1,0,0,1,2024,"December","Friday","03:00 pm",50,"Sealed","Dry","Not Raining","Daylight","Hit Pedestrian",1,,,1322459.48,1669366.27
"2024-63037-19/09/2025","PETERHEAD","CITY OF PORT ADELAIDE ENFIELD",2,1,0,0,1,2024,"December","Tuesday","10:30 am",50,"Sealed","Dry","Not Raining","Daylight","Right Angle",1,,,1318975.85,1681568.03
"2024-63040-19/09/2025","CLARENCE GARDENS","CC MITCHAM.",2,4,0,1,3,2024,"December","Tuesday","02:55 pm",60,"Sealed","Dry","Not Raining","Daylight","Hit Fixed Object",1,,,1326611.48,1666172.39
"2024-63045-19/09/2025","LOCKLEYS","CITY OF WEST TORRENS",2,2,0,0,2,2024,"December","Tuesday","05:50 pm",60,"Sealed","Dry","Not Raining","Daylight","Rear End",2,,,1321886.56,1670003.32
"2024-63047-19/09/2025","TAPEROO","CITY OF PORT ADELAIDE ENFIELD",2,1,0,1,0,2024,"December","Tuesday","10:08 pm",60,"Sealed","Dry","Not Raining","Night","Hit Fixed Object",1,,,1319912.31,1683932.83
"2024-63048-19/09/2025","HAWTHORN","CC MITCHAM.",2,1,0,0,1,2024,"December","Tuesday","10:50 pm",60,"Sealed","Dry","Not Raining","Night","Right Turn",1,,,1328311.32,1666218.49
"2024-63051-19/09/2025","GILLES PLAINS","CITY OF TEA TREE GULLY",2,1,0,1,0,2024,"December","Wednesday","12:47 am",60,"Sealed","Dry","Not Raining","Night","Hit Pedestrian",2,,,1334737.49,1679393.43
"2024-63053-19/09/2025","FULHAM GARDENS","CITY OF CHARLES STURT",2,1,0,0,1,2024,"December","Wednesday","08:00 am",60,"Sealed","Dry","Not Raining","Daylight","Rear End",2,,,1320779.67,1673079.59
"2024-63057-19/09/2025","IRONBANK","THE ADELAIDE HILLS COUNCIL",2,1,0,0,1,2024,"December","Wednesday","02:10 pm",60,"Sealed","Dry","Not Raining","Daylight","Head On",1,,,1336308.71,1658524.15
"2024-63063-19/09/2025","PARAFIELD GARDENS","CITY OF SALISBURY",2,1,0,1,0,2024,"December","Wednesday","08:55 pm",60,"Sealed","Dry","Not Raining","Night","Hit Pedestrian",2,"Y",,1330203.33,1685237.43
"2024-63073-19/09/2025","PENFIELD GARDENS","CITY OF PLAYFORD.",4,2,0,0,2,2024,"December","Thursday","12:29 pm",60,"Sealed","Dry","Not Raining","Daylight","Right Angle",1,,,1333134.46,1700544.36
"2024-63090-19/09/2025","HOVE","CITY OF HOLDFAST BAY",2,1,0,1,0,2024,"December","Friday","01:38 pm",40,"Sealed","Dry","Not Raining","Daylight","Hit Parked Vehicle",1,,,1321826.89,1661041.09
"2024-63091-19/09/2025","MARKARANKA","LOXTON WAIKERIE DISTRICT COUNCIL",1,1,0,0,1,2024,"December","Friday","12:00 pm",110,"Sealed","Dry","Not Raining","Daylight","Roll Over",1,,,1460933.78,1755325.42
"2024-63097-19/09/2025","BLYTH","WAKEFIELD REGIONAL COUNCIL",2,1,1,0,0,2024,"December","Friday","01:39 pm",100,"Sealed","Dry","Not Raining","Daylight","Hit Fixed Object",1,,"Y",1326124.68,1791060.6
"2024-63100-19/09/2025","CRYSTAL BROOK","PT.PIRIE CITY & DIST. COUNCIL",2,2,0,1,1,2024,"December","Friday","02:23 pm",80,"Sealed","Dry","Not Raining","Daylight","Right Angle",2,,,1298306.9,1845137.21
"2024-63102-19/09/2025","REGENCY PARK","CITY OF PORT ADELAIDE ENFIELD",2,1,0,0,1,2024,"December","Friday","03:35 pm",60,"Sealed","Dry","Not Raining","Daylight","Right Turn",2,,,1326449.2,1676384.02
"2024-63107-19/09/2025","PARIS CREEK","ALEXANDRINA COUNCIL",2,1,0,1,0,2024,"December","Friday","05:15 pm",80,"Sealed","Dry","Not Raining","Daylight","Hit Fixed Object",1,,,1348598.59,1637702.3
"2024-63108-19/09/2025","KILBURN","CITY OF PORT ADELAIDE ENFIELD",2,1,0,0,1,2024,"December","Friday","07:55 pm",60,"Sealed","Dry","Not Raining","Daylight","Right Turn",2,,,1327206.14,1677437.48
"2024-63113-19/09/2025","ADELAIDE","CITY OF ADELAIDE",2,1,0,0,1,2024,"December","Saturday","09:45 am",15,"Sealed","Wet","Raining","Daylight","Hit Pedestrian",2,,,1328461.8,1671695.77
"2024-63117-19/09/2025","ENCOUNTER BAY","DC VICTOR HARBOR.",1,1,0,0,1,2024,"December","Saturday","10:45 am",50,"Sealed","Dry","Not Raining","Daylight","Roll Over",1,,,1325788.24,1597799.31
"2024-63120-19/09/2025","NANGWARRY","WATTLE RANGE COUNCIL",2,2,2,0,0,2024,"December","Saturday","10:36 am",110,"Sealed","Wet","Not Raining","Daylight","Side Swipe",1,,,1516066.7,1377962.89
"2024-63123-19/09/2025","TUMBY BAY","DC TUMBY BAY.",2,1,0,0,1,2024,"December","Saturday","03:44 pm",50,"Sealed","Dry","Not Raining","Daylight","Hit Fixed Object",1,,,1101219.9,1735181.95
"2024-63126-19/09/2025","WATTLE FLAT","DC YANKALILLA.",3,1,1,0,0,2024,"December","Saturday","02:50 pm",100,"Sealed","Dry","Not Raining","Daylight","Head On",1,,,1309689.93,1616151.26
"2024-63130-19/09/2025","ST KILDA","CITY OF SALISBURY",2,5,0,2,3,2024,"December","Saturday","05:23 pm",80,"Sealed","Dry","Not Raining","Daylight","Hit Fixed Object",1,"Y","Y",1324683.16,1692326.12
"2024-63134-19/09/2025","ADELAIDE","CITY OF ADELAIDE",2,1,0,1,0,2024,"December","Saturday","10:01 pm",50,"Sealed","Dry","Not Raining","Night","Right Turn",1,"Y",,1329020.91,1670834.63
"2024-63139-19/09/2025","COOBER PEDY","DC COOBER PEDY",2,2,0,0,2,2024,"December","Sunday","08:00 am",110,"Sealed","Dry","Not Raining","Daylight","Hit Fixed Object",1,,,972427.83,2330516.49
"2024-63141-19/09/2025","SALISBURY HEIGHTS","CITY OF SALISBURY",2,1,0,1,0,2024,"December","Sunday","11:56 am",80,"Sealed","Dry","Not Raining","Daylight","Hit Fixed Object",1,,"Y",1335864.56,1688658.52
"2024-63143-19/09/2025","GRANGE","CITY OF CHARLES STURT",2,1,0,0,1,2024,"December","Sunday","12:55 pm",50,"Sealed","Dry","Not Raining","Daylight","Hit Parked Vehicle",2,,,1318607.89,1673722.99
"2024-63146-19/09/2025","VIRGINIA","CITY OF PLAYFORD.",2,2,0,0,2,2024,"December","Sunday","01:45 pm",80,"Sealed","Dry","Not Raining","Daylight","Right Angle",1,,,1327795.16,1698211.19
"2024-63149-19/09/2025","WOODCROFT","CITY OF ONKAPARINGA",2,1,0,0,1,2024,"December","Sunday","03:26 pm",60,"Sealed","Dry","Not Raining","Daylight","Side Swipe",2,,"Y",1323829.47,1649937.02
"2024-63153-19/09/2025","BRIDGEWATER","THE ADELAIDE HILLS COUNCIL",2,1,0,0,1,2024,"December","Sunday","02:15 pm",60,"Sealed","Dry","Not Raining","Daylight","Hit Fixed Object",1,,"Y",1341909.49,1660837.82
"2024-63156-19/09/2025","WANGARY","DC LOWER EYRE PENINSULA",1,2,0,0,2,2024,"December","Sunday","07:40 pm",110,"Sealed","Dry","Not Raining","Daylight","Roll Over",1,,,1043893.1,1719817.66
"2024-63163-19/09/2025","SMITHFIELD PLAINS","CITY OF PLAYFORD.",2,1,0,0,1,2024,"December","Monday","12:35 pm",60,"Sealed","Dry","Not Raining","Daylight","Hit Fixed Object",1,,,1336954.48,1697849.81
"2024-63165-19/09/2025","GLANDORE","CC MARION.",1,1,0,1,0,2024,"December","Thursday","11:20 am",60,"Sealed","Dry","Not Raining","Daylight","Roll Over",1,,,1325871.96,1666582.16
"2024-63166-19/09/2025","PORT AUGUSTA","CC PT.AUGUSTA.",1,1,0,0,1,2024,"December","Monday","01:20 pm",50,"Sealed","Dry","Not Raining","Daylight","Roll Over",1,,,1259517.8,1941951.38
"2024-63175-19/09/2025","MONTEITH","RC MURRAY BRIDGE.",2,2,0,0,2,2024,"December","Monday","02:24 pm",110,"Sealed","Dry","Not Raining","Daylight","Hit Object on Road",1,,,1392696.72,1643854.59
"2024-63182-19/09/2025","ELIZABETH VALE","CITY OF PLAYFORD.",2,1,0,0,1,2024,"December","Monday","09:27 pm",80,"Sealed","Dry","Not Raining","Night","Rear End",2,,,1336162.73,1690282.12
"2024-63186-19/09/2025","KERSBROOK","THE ADELAIDE HILLS COUNCIL",1,1,0,0,1,2024,"December","Tuesday","06:30 am",80,"Sealed","Dry","Not Raining","Daylight","Left Road - Out of Control",1,,,1353680.3,1686708.75
"2024-63189-19/09/2025","BROOKLYN PARK","CITY OF WEST TORRENS",2,1,0,0,1,2024,"December","Tuesday","11:00 am",60,"Sealed","Dry","Not Raining","Daylight","Right Turn",1,,,1324123.03,1670938.82
"2024-63192-19/09/2025","TORRENSVILLE","CITY OF WEST TORRENS",3,1,0,0,1,2024,"December","Tuesday","12:15 pm",50,"Sealed","Dry","Not Raining","Daylight","Hit Parked Vehicle",1,,,1324947.97,1671822.93
"2024-63194-19/09/2025","SHEA-OAK LOG","LIGHT REGIONAL COUNCIL",3,1,0,0,1,2024,"December","Tuesday","01:06 pm",110,"Sealed","Dry","Not Raining","Daylight","Other",1,,,1351206.18,1716864.31
"2024-63196-19/09/2025","FARM BEACH","DC LOWER EYRE PENINSULA",1,3,0,0,3,2024,"December","Tuesday","02:00 pm",40,"Unsealed","Dry","Not Raining","Daylight","Roll Over",1,,,1036563.12,1723678.09
"2024-63197-19/09/2025","ADELAIDE","CITY OF ADELAIDE",2,1,0,0,1,2024,"December","Tuesday","02:45 pm",50,"Sealed","Dry","Not Raining","Daylight","Hit Pedestrian",1,,,1328466.7,1671134.19
"2024-63200-19/09/2025","TENNYSON","CITY OF CHARLES STURT",1,1,0,0,1,2024,"December","Tuesday","03:46 pm",60,"Sealed","Dry","Not Raining","Daylight","Roll Over",1,,,1318312.64,1675283
"2024-63205-19/09/2025","MOUNT GAMBIER","CC MT.GAMBIER.",2,1,0,1,0,2024,"December","Tuesday","03:30 pm",50,"Sealed","Dry","Not Raining","Daylight","Rear End",2,,,1509863.75,1342244.07
"2024-63221-19/09/2025","TEPKO","MID MURRAY DISTRICT COUNCIL",1,1,0,1,0,2024,"December","Saturday","12:50 pm",50,"Unsealed","Dry","Not Raining","Daylight","Roll Over",1,,,1381788.87,1663820.93
"2024-63222-19/09/2025","LIPSON","DC TUMBY BAY.",2,1,1,0,0,2024,"December","Tuesday","06:30 pm",100,"Sealed","Dry","Not Raining","Daylight","Hit Fixed Object",1,"Y","Y",1102373.77,1746540.84
"2024-63225-19/09/2025","MOUNT GAMBIER","CC MT.GAMBIER.",1,1,0,0,1,2024,"October","Friday","01:00 pm",50,"Sealed","Dry","Not Raining","Daylight","Roll Over",1,,,1507979.61,1341963.19
"2024-63226-19/09/2025","ADELAIDE","CITY OF ADELAIDE",2,1,0,0,1,2024,"October","Wednesday","05:00 pm",50,"Sealed","Dry","Not Raining","Daylight","Hit Pedestrian",2,,,1328476.8,1670821.45
"2024-63228-19/09/2025","KESWICK TERMINAL","CITY OF WEST TORRENS",2,1,0,0,1,2024,"December","Tuesday","12:40 pm",60,"Sealed","Dry","Not Raining","Daylight","Right Angle",2,,,1326357.19,1669658.91
"2024-63229-19/09/2025","PINKS BEACH","DC KINGSTON.",2,1,0,1,0,2024,"December","Sunday","01:30 pm",25,"Unsealed","Wet","Not Raining","Daylight","Hit Pedestrian",2,,,1429517.34,1450613.26
"2024-63230-19/09/2025","TRANMERE","CC CAMPBELLTOWN.",2,1,0,0,1,2024,"November","Wednesday","02:00 pm",60,"Sealed","Dry","Not Raining","Daylight","Rear End",2,,,1333817.43,1673151.71
"2024-63232-19/09/2025","PROSPECT","CITY OF PROSPECT",2,1,0,0,1,2024,"October","Friday","01:24 pm",60,"Sealed","Dry","Not Raining","Daylight","Rear End",2,,,1327236.23,1676392.98
"2024-63233-19/09/2025","FLINDERS PARK","CITY OF CHARLES STURT",2,1,0,0,1,2024,"December","Wednesday","08:30 am",60,"Sealed","Dry","Not Raining","Daylight","Side Swipe",2,,,1324002.22,1673172.53
"2024-63234-19/09/2025","SOMERTON PARK","CITY OF HOLDFAST BAY",2,1,0,0,1,2024,"December","Wednesday","10:05 am",50,"Sealed","Dry","Not Raining","Daylight","Right Angle",1,,,1320671.35,1662981.55
"2024-63235-19/09/2025","NORTH ADELAIDE","CITY OF ADELAIDE",2,1,0,0,1,2024,"December","Thursday","07:20 am",50,"Sealed","Dry","Not Raining","Daylight","Rear End",2,,,1327899.7,1671597.52
"2024-63236-19/09/2025","PLYMPTON","CITY OF WEST TORRENS",2,1,0,0,1,2024,"April","Tuesday","02:20 pm",60,"Sealed","Dry","Not Raining","Daylight","Rear End",2,,,1323607.6,1666121.69
"2024-63237-19/09/2025","INNAMINCKA",,1,1,0,0,1,2024,"September","Saturday","11:30 am",100,"Unsealed","Dry","Not Raining","Daylight","Roll Over",1,,,1543595.73,2417122.9
"2024-63238-19/09/2025","MORPHETT VALE","CITY OF ONKAPARINGA",2,1,0,0,1,2024,"November","Monday","02:00 pm",60,"Sealed","Dry","Not Raining","Daylight","Side Swipe",1,,,1319641.98,1648656.7
"2024-63239-19/09/2025","BRIDGEWATER","THE ADELAIDE HILLS COUNCIL",2,1,0,0,1,2024,"December","Wednesday","08:20 am",110,"Sealed","Dry","Not Raining","Daylight","Rear End",2,,,1342790.54,1661465.9